id	annee	mois	heure	commune	lum	agg	int	adresse	lat	lon	pieton	velo	edp	victimes	tues	hospit	gravite	adverse
201900000240	2019	5	10	64496	1	1	6	Giratoire Atturi Ondo	43.48005	-1.4417	0	1	0	1	0	1	blessé hospitalisé	voiture
201900000320	2019	8	20	64445	1	2	1	JEAN DE LA FONTAINE	43.29653	-0.37307	1	1	0	1	0	0	blessé léger	aucun autre véhicule
201900001171	2019	2	17	64445	1	2	1	PIERRE MASSE	43.31599	-0.35673	1	0	0	1	0	0	blessé léger	voiture
201900001173	2019	2	09	64102	1	2	1	QUATORZE AVRIL (AVENUE DU)	43.50213	-1.46153	1	0	0	1	0	1	blessé hospitalisé	utilitaire
201900001174	2019	2	15	64024	1	2	1	BIARRITZ (AVENUE DE)	43.48037	-1.52226	0	1	0	1	0	1	blessé hospitalisé	aucun autre véhicule
201900001175	2019	2	09	64024	1	2	1	JUZAN (CHEMIN DE)	43.4724	-1.50959	1	0	0	1	0	1	blessé hospitalisé	voiture
201900001907	2019	10	16	64371	1	2	1	36 rue Victor Hugo	43.22089	-0.88788	1	1	0	1	0	1	blessé hospitalisé	aucun autre véhicule
201900002318	2019	9	11	64122	1	2	1	MADRID (RUE DE)	43.47037	-1.56886	0	1	0	1	0	0	blessé léger	voiture
201900002566	2019	2	16	64230	1	1	1	RD 217 ROUTE DE LAS HIES	43.23911	-0.42224	0	1	0	1	0	0	blessé léger	poids lourd
201900002662	2019	7	12	64125	1	2	1	CHABADENIA (AVENUE)	43.43825	-1.58921	1	0	0	1	0	1	blessé hospitalisé	deux-roues motorisé
201900003946	2019	9	15	64024	1	2	3	CADRAN (ALLEE)	43.48258	-1.5052	1	0	0	1	0	0	blessé léger	voiture
201900004060	2019	9	07	64371	2	2	1	34 Rue de la Navarre	43.21528	-0.89624	0	1	0	1	0	0	blessé léger	voiture
201900004312	2019	2	08	64445	1	2	3	PHILIPPON	43.32339	-0.36027	0	1	0	1	0	0	blessé léger	voiture
201900004313	2019	2	09	64140	1	2	1	SEMARD (PLACE PIERRE)	43.52381	-1.49069	1	0	0	1	0	1	blessé hospitalisé	voiture
201900004722	2019	3	07	64189	2	2	1	EVADES (CARREFOUR DES)	43.38453	-1.66645	0	1	0	1	0	0	blessé léger	voiture
201900004728	2019	3	09	64122	1	2	1	BRAOU (AVENUE DU)	43.47992	-1.53554	0	1	0	1	0	1	blessé hospitalisé	aucun autre véhicule
201900004729	2019	3	10	64122	1	2	1	""KENNEDY (AVENUE DU PRESIDENT J,F)""	43.46846	-1.55477	0	1	0	1	0	0	blessé léger	voiture
201900004812	2019	10	08	64348	1	2	9	DIDIER DAURAT	43.32568	-0.37959	1	0	0	1	0	1	blessé hospitalisé	voiture
201900005221	2019	8	18	64102	1	2	1	REDUIT (PLACE DU)	43.49295	-1.4731	1	0	0	1	0	0	blessé léger	utilitaire
201900005959	2019	9	14	64445	1	2	3	ALLEES DE MORLAAS DES	43.3038	-0.3509	0	1	0	1	0	0	blessé léger	voiture
201900006524	2019	4	10	64445	1	2	9	FRANCOIS MITTERAND	43.3304	-0.35559	0	1	0	1	0	0	blessé léger	voiture
201900006526	2019	4	16	64445	1	2	1	GAMBETTA	43.29703	-0.36641	1	0	0	1	0	0	blessé léger	voiture
201900006532	2019	4	13	64024	1	2	1	MAIGNON (ROUTE DE)	43.47837	-1.50473	1	0	0	1	0	1	blessé hospitalisé	voiture
201900007344	2019	7	14	64410	1	2	9	Avenue Henri IV	43.37162	-0.63092	1	0	0	1	0	0	blessé léger	voiture
201900007514	2019	12	19	64445	5	2	9	NAPOLEON BONAPARTE	43.29272	-0.3692	1	0	0	1	0	0	blessé léger	voiture
201900007745	2019	9	16	64102	1	2	1	SOULT (AVENUE MARECHAL)	43.48581	-1.4909	1	0	0	1	0	1	blessé hospitalisé	voiture
201900008357	2019	10	09	64445	1	2	1	EUROPE DE L'	43.32944	-0.35357	1	0	0	1	0	0	blessé léger	deux-roues motorisé
201900008359	2019	10	18	64348	1	2	6	EUROPE DE L'	43.32102	-0.39184	0	1	0	1	0	0	blessé léger	voiture
201900008792	2019	8	11	64445	1	2	1	ALSACE LORRAINE D'	43.30566	-0.37591	0	1	0	1	0	1	blessé hospitalisé	voiture
201900008795	2019	8	10	64024	1	2	1	BAYONNE (AVENUE DE)	43.48152	-1.51069	1	0	0	1	0	0	blessé léger	voiture
201900009084	2019	11	18	64348	4	2	1	EUROPE DE L'	43.31683	-0.39493	1	0	0	1	0	1	blessé hospitalisé	voiture
201900009085	2019	11	11	64445	1	2	1	PASTEUR	43.30196	-0.37156	1	0	0	1	0	0	blessé léger	voiture
201900009157	2019	7	08	64102	1	2	1	RESPLANDY (AVENUE DU CAPITAINE)	43.4892	-1.46643	1	0	0	2	0	0	blessé léger	voiture
201900009373	2019	12	20	64445	5	2	2	ALSACE LORRAINE D'	43.30449	-0.36819	1	0	0	1	0	1	blessé hospitalisé	voiture
201900009538	2019	9	15	64445	1	2	1	MONTARDON DE	43.32628	-0.36843	0	1	0	1	0	0	blessé léger	voiture
201900009539	2019	9	08	64348	1	2	6	EUROPE DE L'	43.32101	-0.39176	0	1	0	1	0	1	blessé hospitalisé	voiture
201900009621	2019	9	12	64495	1	2	1	Rue Karrika	43.35386	-1.5501	1	0	0	1	0	0	blessé léger	voiture
201900009942	2019	2	08	64126	1	2	1	rue des Lilas	43.17002	-0.60799	1	0	0	1	0	1	blessé hospitalisé	voiture
201900009943	2019	2	10	64422	1	2	6	BEAUVALLON	43.1969	-0.60275	1	0	0	1	0	1	blessé hospitalisé	voiture
201900011249	2019	12	08	64102	1	2	1	GAUDEUL (RUE DU DOCTEUR BERNARD)	43.47961	-1.50207	1	0	0	1	0	1	blessé hospitalisé	voiture
201900011726	2019	3	07	64445	1	2	2	PAIX	43.31233	-0.32676	0	1	0	1	0	0	blessé léger	voiture
201900011907	2019	10	09	64348	1	2	1	ANDRE MARIE AMPERE	43.31173	-0.4258	1	0	0	1	0	0	blessé léger	utilitaire
201900011908	2019	10	07	64445	5	2	1	ALFRED NOBEL	43.31462	-0.31649	0	1	0	1	0	0	blessé léger	voiture
201900011912	2019	10	08	64024	1	2	6	CESTAC (ROND POINT ELISE)	43.49468	-1.52798	0	1	0	1	0	0	blessé léger	voiture
201900012301	2019	8	09	64160	1	2	1	Avenue de l'Ursuya	43.36045	-1.38268	0	1	0	1	0	1	blessé hospitalisé	voiture
201900012406	2019	8	09	64067	1	2	2	5 Route de Pau	43.25435	-0.29734	0	1	0	1	0	0	blessé léger	voiture
201900013553	2019	2	19	64101	1	2	1	rue de l'estibette	43.20424	-0.25896	1	0	0	2	0	0	blessé léger	utilitaire
201900013554	2019	2	10	64445	1	2	1	JEAN REVEIL	43.30158	-0.36704	1	0	0	1	0	0	blessé léger	utilitaire
201900014140	2019	8	17	64445	1	2	3	RECTEUR JEAN SARRAILH	43.30813	-0.37648	0	1	0	1	0	0	blessé léger	voiture
201900014141	2019	8	06	64129	5	2	1	FARADAY	43.30136	-0.40529	1	0	0	1	0	1	blessé hospitalisé	voiture
201900014143	2019	8	18	64024	1	2	1	GUYNEMER (AVENUE)	43.49786	-1.53862	1	0	0	2	0	1	blessé hospitalisé	voiture
201900014644	2019	11	18	64445	5	2	1	JEAN MERMOZ	43.30654	-0.37632	1	0	0	1	0	0	blessé léger	voiture
201900014645	2019	11	10	64122	1	2	1	PRINGLE (RUE)	43.47885	-1.55279	0	1	0	1	0	0	blessé léger	voiture
201900015293	2019	9	11	64132	1	2	1	GEORGES CLEMENCEAU	43.29139	-0.35785	0	1	0	1	0	0	blessé léger	voiture
201900015589	2019	10	12	64024	1	2	1	BAYONNE (AVENUE DE)	43.48239	-1.50655	1	0	0	1	0	0	blessé léger	bus ou car
201900016228	2019	7	17	64483	1	2	1	CHANTACO (AVENUE DE )	43.38254	-1.64835	0	1	0	1	0	0	blessé léger	voiture
201900016279	2019	5	10	64445	1	2	6	ALLEES DE MORLAAS DES	43.30774	-0.33915	0	1	0	1	0	0	blessé léger	voiture
201900016432	2019	11	12	64445	1	2	1	ALSACE LORRAINE D'	43.3055	-0.37481	1	0	0	1	0	0	blessé léger	voiture
201900016928	2019	3	15	64445	1	2	1	LAUSSAT DE	43.30233	-0.37106	1	0	0	1	0	0	blessé léger	voiture
201900017272	2019	9	18	64445	1	2	2	LIVRON DE	43.3024	-0.37934	0	1	0	1	0	0	blessé léger	voiture
201900017479	2019	4	15	64148	1	2	1	place de la mairie	43.12664	-0.30415	0	1	0	1	0	0	blessé léger	voiture
201900017796	2019	8	08	64348	1	1	1	ERCKMAN CHATRIAN	43.32598	-0.38714	0	1	0	2	0	0	blessé léger	voiture
201900017799	2019	7	17	64024	1	2	1	RAYON VERT (AVENUE DU)	43.50136	-1.53906	1	0	0	1	0	1	blessé hospitalisé	utilitaire
201900018243	2019	11	16	64445	1	2	1	MARECHAL LECLERC DU	43.30513	-0.34016	1	0	0	1	0	0	blessé léger	utilitaire
201900018642	2019	12	11	64445	1	2	2	JEAN MERMOZ	43.30809	-0.37651	0	1	0	1	0	0	blessé léger	voiture
201900018643	2019	12	05	64122	5	2	1	MARCEL DASSAULT (BD)	43.47117	-1.53606	0	1	0	1	0	0	blessé léger	aucun autre véhicule
201900019118	2019	9	14	64132	1	2	9	VICTOR HUGO	43.29213	-0.34789	1	0	0	1	0	0	blessé léger	voiture
201900019119	2019	9	13	64125	1	2	1	PLATEAU (AVENUE DU)	43.4455	-1.58345	1	0	0	1	0	1	blessé hospitalisé	voiture
201900020191	2019	11	07	64519	1	2	1	Rue de la Vallée d'Ossau	43.37768	-0.38118	1	0	0	1	0	1	blessé hospitalisé	voiture
201900020423	2019	12	16	64483	2	2	1	AXULAR (RUE)	43.38693	-1.65652	1	0	0	1	0	1	blessé hospitalisé	utilitaire
201900020769	2019	1	08	64483	2	2	1	VERDUN (AVENUE DE)	43.38618	-1.66167	1	0	0	1	0	0	blessé léger	voiture
201900021349	2019	6	18	64445	1	2	6	MORLAAS DE	43.3079	-0.33848	0	1	0	1	0	0	blessé léger	voiture
201900022015	2019	3	10	64445	1	2	2	ALLEES DE MORLAAS DES	43.30623	-0.34414	1	0	0	1	0	0	blessé léger	voiture
201900022080	2019	11	13	64445	1	2	1	JEAN MERMOZ	43.31	-0.3773	0	1	0	1	0	0	blessé léger	voiture
201900022081	2019	11	16	64102	1	2	1	LOEB (AVENUE DE L'INTERNE JACQUES)	43.47734	-1.48403	1	0	0	1	0	0	blessé léger	deux-roues motorisé
201900022273	2019	12	12	64445	1	2	1	LAMOTHE	43.29633	-0.36575	1	0	0	1	0	0	blessé léger	voiture
201900022274	2019	12	17	64445	1	2	1	LEON BERARD	43.31739	-0.37694	1	0	0	1	0	0	blessé léger	deux-roues motorisé
201900022659	2019	10	17	64445	1	2	2	AUTEUIL D'	43.32841	-0.37641	0	0	1	1	0	0	blessé léger	voiture
201900022660	2019	10	17	64445	1	2	3	PIERRE BONNARD	43.31042	-0.36299	1	0	0	1	0	1	blessé hospitalisé	voiture
201900023231	2019	6	18	64445	1	2	2	LOUP DU	43.31957	-0.34848	1	0	0	1	0	0	blessé léger	voiture
201900023233	2019	6	09	64445	1	2	9	GASTON PHOEBUS	43.3024	-0.37938	0	1	0	1	0	0	blessé léger	voiture
201900023234	2019	6	09	64445	1	2	1	AMEDEE ROUSSILLE	43.2934	-0.38265	0	1	0	1	0	0	blessé léger	voiture
201900023723	2019	3	07	64445	2	2	6	ALSACE LORRAINE D'	43.30447	-0.36751	0	1	0	1	0	0	blessé léger	voiture
201900024147	2019	10	17	64417	1	2	6	Cours Pasteur	43.17952	-0.25883	0	1	0	1	0	0	blessé léger	utilitaire
201900024249	2019	10	09	64102	1	2	1	HAURANNNE (AVENUE DUVERGIER DE)	43.48091	-1.46351	0	1	0	1	0	0	blessé léger	voiture
201900024627	2019	9	21	64445	5	2	6	BACHAGA BOUALAN	43.31311	-0.36852	0	1	0	1	0	0	blessé léger	voiture
201900025042	2019	7	12	64260	1	2	1	COMMERCE (RUE DU)	43.35254	-1.78146	1	0	0	1	0	0	blessé léger	voiture
201900025451	2019	5	11	64483	1	2	1	ITHURRALDE ANDRE (AVENUE)	43.39696	-1.64505	0	1	0	1	0	0	blessé léger	voiture
201900025452	2019	4	12	64260	1	2	1	GAULLE CHARLES (RUE DE)	43.35871	-1.77602	0	1	0	1	0	1	blessé hospitalisé	voiture
201900025454	2019	5	17	64445	1	2	1	RESISTANCE	43.3048	-0.376	1	0	0	1	0	0	blessé léger	deux-roues motorisé
201900025456	2019	5	06	64129	2	2	1	FARADAY	43.2998	-0.4046	1	0	0	1	0	0	blessé léger	voiture
201900025458	2019	5	16	64445	1	2	6	RON POINT FRANZ TOUSSAINT	43.32026	-0.32789	1	0	0	1	0	0	blessé léger	voiture
201900025464	2019	5	17	64445	1	2	9	LOUP DU	43.3012	-0.37103	0	1	0	1	0	0	blessé léger	utilitaire
201900025476	2019	5	17	64129	1	2	1	VANDENBERGHE	43.30616	-0.39425	1	0	0	2	0	0	blessé léger	voiture
201900025485	2019	5	10	64122	1	2	9	VICTOR HUGO (AVENUE)	43.48123	-1.56243	0	1	0	1	0	1	blessé hospitalisé	aucun autre véhicule
201900025488	2019	5	17	64102	1	2	1	HENRI DE NAVARRE (AVENUE)	43.49694	-1.45032	1	0	0	1	0	0	blessé léger	deux-roues motorisé
201900025490	2019	5	16	64102	1	2	1	MARHUM (AVENUE DE)	43.49067	-1.48657	1	0	0	2	0	2	blessé hospitalisé	voiture
201900025494	2019	5	11	64024	1	2	1	MOULIN BARBOT (RUE DU)	43.50051	-1.53459	1	0	0	1	0	0	blessé léger	voiture
201900025500	2019	5	15	64024	1	2	1	EUGENE BERNAIN (AVENUE)	43.48359	-1.51113	1	0	0	1	0	1	blessé hospitalisé	utilitaire
201900025501	2019	5	18	64102	1	2	1	SOULT (AVENUE MARECHAL)	43.48686	-1.48671	1	0	0	1	0	1	blessé hospitalisé	deux-roues motorisé
201900025502	2019	5	14	64102	1	2	1	ALLEES MARINES (AVENUE DES)	43.49627	-1.48157	1	0	0	1	0	1	blessé hospitalisé	voiture
201900026044	2019	10	12	64483	1	1	1	ITHURRALDE ANDRE (AVENUE)	43.39618	-1.6464	1	0	0	1	0	1	blessé hospitalisé	deux-roues motorisé
201900026045	2019	10	08	64129	1	2	1	BAYONNE DE	43.29951	-0.39144	0	1	0	1	0	0	blessé léger	voiture
201900026114	2019	1	12	64445	1	2	6	FRANCOIS MITTERAND	43.33031	-0.35591	0	1	0	1	0	0	blessé léger	voiture
201900026901	2019	7	11	64493	1	2	1	Rue Jean Urruty	43.32829	-1.03565	1	0	0	1	0	0	blessé léger	voiture
201900027158	2019	3	09	64260	1	2	1	PASSICOT (RUE DU COMMANDANT)	43.35902	-1.77167	1	0	0	1	0	1	blessé hospitalisé	voiture
201900027159	2019	3	16	64260	1	2	9	BIGARENA (RUE)	43.35113	-1.77565	1	0	0	1	0	0	blessé léger	deux-roues motorisé
201900027160	2019	3	14	64269	1	2	1	TARBES DE	43.29878	-0.30527	1	0	0	1	0	0	blessé léger	deux-roues motorisé
201900027164	2019	3	17	64445	1	2	1	MONSEIGNEUR CAMPO	43.32235	-0.34559	1	0	0	1	0	0	blessé léger	voiture
201900027571	2019	12	15	64125	1	2	1	BAYONNE (AVENUE DE)	43.44788	-1.57305	1	0	0	1	0	1	blessé hospitalisé	voiture
201900027576	2019	12	16	64102	1	2	1	MAI 1945 (AVENUE DU 8)	43.4653	-1.4956	1	0	0	1	0	0	blessé léger	voiture
201900027915	2019	1	19	64102	5	2	7	REPUBLIQUE (PLACE DE LA)	43.49529	-1.4702	1	0	0	1	0	0	blessé léger	voiture
201900027916	2019	1	08	64102	5	2	1	IRANDATZ ( RUE D')	43.35366	-1.77235	1	0	0	3	0	0	blessé léger	voiture
201900027917	2019	1	13	64284	1	2	2	CORPS FRANC POMMIES	43.29241	-0.40149	1	0	0	1	0	0	blessé léger	voiture
201900027918	2019	1	20	64445	1	2	6	FRANCOIS MITTERAND	43.30437	-0.36757	0	1	0	1	0	0	blessé léger	voiture
201900027919	2019	1	16	64024	1	2	1	QUINTAOU (ALLEE)	43.484	-1.51224	1	0	0	1	0	0	blessé léger	voiture
201900028204	2019	9	11	64320	1	1	4	D934	42.97891	-0.41889	0	1	0	1	0	1	blessé hospitalisé	voiture
201900028439	2019	6	08	64445	1	2	3	BERLIOZ	43.31705	-0.3442	0	1	0	1	0	0	blessé léger	voiture
201900028498	2019	4	13	64348	1	2	3	SALIE	43.33612	-0.38635	0	1	0	1	0	0	blessé léger	voiture
201900028499	2019	4	14	64122	1	2	6	ROND POINT LUIS MARIANO	43.4586	-1.54739	0	1	0	1	0	0	blessé léger	voiture
201900028501	2019	4	18	64102	1	2	1	ALLEES BOUFFLERS	43.4919	-1.4701	1	0	0	1	0	0	blessé léger	voiture
201900028707	2019	7	12	64545	1	2	1	PAUL GELOS (RUE)	43.37833	-1.67106	1	0	0	1	0	0	blessé léger	voiture
201900028713	2019	8	11	64122	1	2	1	KLEBER (AVENUE)	43.4761	-1.54723	0	0	1	1	0	0	blessé léger	aucun autre véhicule
201900030017	2019	9	18	64125	1	2	1	BASSILOUR (RUE)	43.43759	-1.56324	1	0	0	1	0	0	blessé léger	deux-roues motorisé
201900030172	2019	6	13	64511	1	1	9	17 Route de Bordeaux	43.39983	-0.37089	1	0	0	1	0	0	blessé léger	utilitaire
201900030819	2019	7	19	64386	1	2	2	1 route de PAU	43.18924	-0.25037	0	1	0	1	0	1	blessé hospitalisé	voiture
201900031108	2019	11	05	64102	5	2	1	RUE DU ROYAL (BASTION)	43.487	-1.474	1	0	0	1	0	0	blessé léger	voiture
201900032403	2019	4	21	64102	5	2	1	AVENUE DE L' AQUITAINE	43.48578	-1.47347	0	1	0	1	0	0	blessé léger	voiture
201900032636	2019	7	15	64445	1	2	3	CORISANDE	43.2965	-0.37524	0	1	0	1	0	0	blessé léger	aucun autre véhicule
201900032934	2019	11	20	64445	5	2	1	RESISTANCE	43.3025	-0.37528	0	1	0	1	0	0	blessé léger	voiture
201900033763	2019	9	14	64230	1	2	1	Chemin de Lacau	43.23691	-0.3912	0	1	0	1	0	0	blessé léger	aucun autre véhicule
201900033815	2019	8	11	64024	1	2	1	BIARRITZ (AVENUE DE)	43.4804	-1.5281	0	1	0	1	0	1	blessé hospitalisé	aucun autre véhicule
201900033906	2019	3	12	64445	1	2	1	Avenue Jean Mermoz	43.32105	-0.37902	1	0	0	1	0	1	blessé hospitalisé	voiture
201900034196	2019	4	17	64102	1	2	6	GIRATOIRE LES PONTOTS	43.48819	-1.49167	0	1	0	1	0	1	blessé hospitalisé	voiture
201900034398	2019	7	08	64483	1	2	1	MARANON GREGORIO (AVENUE DU PROFESSEUR)	43.38492	-1.66132	1	0	0	1	0	1	blessé hospitalisé	voiture
201900034772	2019	12	17	64445	5	2	3	LOUIS SALLENAVE	43.31742	-0.36018	0	1	0	1	0	0	blessé léger	voiture
201900034773	2019	12	16	64445	2	2	3	LEON BLUM	43.32451	-0.32558	0	1	0	1	0	0	blessé léger	voiture
201900034775	2019	12	12	64122	1	2	1	BEAURIVAGE (AVENUE- PLACE)	43.47348	-1.56684	1	0	0	1	0	1	blessé hospitalisé	voiture
201900034908	2019	11	18	64102	5	2	1	BOUFFLERS (ALLEES)	43.49279	-1.47207	1	0	0	1	0	0	blessé léger	voiture
201900035278	2019	10	07	64102	2	2	1	BRIGADIER MUSCAR (RUE DU)	43.49286	-1.46244	1	0	0	1	0	0	blessé léger	autre
201900035430	2019	1	10	64102	1	2	2	JULES LABAT (RUE)	43.49324	-1.47803	1	0	0	1	0	1	blessé hospitalisé	voiture
201900035798	2019	3	13	64445	1	2	1	HAUTERIVE	43.32315	-0.34891	0	1	0	1	0	0	blessé léger	voiture
201900036153	2019	7	11	64445	1	2	1	ALSACE LORRAINE D'	43.30556	-0.37519	1	0	0	1	0	0	blessé léger	voiture
201900036795	2019	6	22	64445	5	2	6	ALSACE LORRAINE D'	43.30413	-0.36681	0	1	0	1	0	0	blessé léger	voiture
201900036796	2019	6	18	64445	1	2	6	ALSACE LORRAINE D'	43.30423	-0.36742	0	1	0	1	0	0	blessé léger	voiture
201900037381	2019	8	12	64483	1	2	9	LARRAMENDY PIERRE (AVENUE)	43.38359	-1.65989	0	1	0	1	0	0	blessé léger	voiture
201900037383	2019	8	17	64445	1	2	1	FEDERICO GARCIA LORCA	43.30872	-0.35482	0	1	0	1	0	0	blessé léger	voiture
201900038035	2019	12	07	64445	5	2	1	LOUP DU	43.31633	-0.35319	1	0	0	1	0	0	blessé léger	voiture
201900038571	2019	10	15	64483	1	2	1	ITHURRALDE ANDRE (AVENUE)	43.39315	-1.65176	1	0	0	1	0	1	blessé hospitalisé	voiture
201900038573	2019	10	19	64445	5	2	1	14 JUILLET DU	43.29214	-0.37826	1	0	0	1	0	1	blessé hospitalisé	voiture
201900038574	2019	10	18	64284	5	1	1	18 JUIN 1940 DU	43.28488	-0.39696	1	0	0	2	0	2	blessé hospitalisé	voiture
201900038576	2019	10	18	64445	5	2	1	UNIVERSITE DE L'	43.31129	-0.36397	0	1	0	1	0	0	blessé léger	voiture
201900038579	2019	10	14	64024	1	2	3	BIARRITZ (AVENUE DE)	43.48024	-1.52564	0	0	1	1	0	0	blessé léger	voiture
201900038878	2019	9	12	64122	1	2	1	ESPAGNE (RUE D')	43.47694	-1.56516	0	1	0	1	0	1	blessé hospitalisé	aucun autre véhicule
201900039510	2019	4	01	64445	5	2	1	PLACE GRAMONT	43.29645	-0.37427	0	1	0	2	0	0	blessé léger	voiture
201900039511	2019	4	23	64129	5	2	6	BAYONNE DE	43.30502	-0.40188	0	1	0	1	0	0	blessé léger	voiture
201900039768	2019	7	17	64122	1	2	1	MADRID (RUE DE)	43.46874	-1.57011	0	1	0	1	0	1	blessé hospitalisé	aucun autre véhicule
201900039769	2019	7	23	64125	5	2	1	CUMBA (AVENUE)	43.44702	-1.57727	1	0	0	1	0	1	blessé hospitalisé	voiture
201900039916	2019	12	15	64260	1	2	1	LECLERC (BOULEVARD DU GENERAL)	43.36985	-1.77187	1	0	0	1	1	0	tué	poids lourd
201900039918	2019	12	23	64024	5	2	1	BELIN (RUE DU BOIS)	43.49267	-1.52028	1	0	0	1	0	1	blessé hospitalisé	voiture
201900040596	2019	1	14	64139	1	1	1	D24	43.21554	-0.33652	0	1	0	1	0	0	blessé léger	voiture
201900041814	2019	12	17	64445	5	2	1	RENE CASSAGNE	43.30543	-0.3524	1	0	0	1	0	0	blessé léger	voiture
201900042096	2019	6	21	64335	1	2	1	EUROPE DE L'	43.3177	-0.4329	1	0	0	1	0	0	blessé léger	voiture
201900042097	2019	6	16	64445	1	2	1	MONTPENSIER	43.30053	-0.37259	1	0	0	1	0	0	blessé léger	voiture
201900042319	2019	11	14	64445	1	2	1	ALSACE LORRAINE D'	43.30292	-0.36256	1	0	0	1	0	1	blessé hospitalisé	voiture
201900042469	2019	2	17	64493	1	2	1	Avenue de NAVARRE	43.31582	-1.01995	0	1	0	1	0	0	blessé léger	voiture
201900042617	2019	1	17	64303	1	1	1	D26	43.09875	-0.86264	1	0	0	1	0	1	blessé hospitalisé	voiture
201900042776	2019	10	09	64230	1	1	6	rond-point Baragat, N134	43.23705	-0.38995	0	1	0	1	0	0	blessé léger	voiture
201900044292	2019	2	09	64545	1	1	1	RD810	43.34608	-1.75223	0	1	0	1	0	0	blessé léger	utilitaire
201900044760	2019	9	11	64559	1	1	1	Route de Saint-Palais	43.25786	-0.87919	0	1	0	1	0	0	blessé léger	aucun autre véhicule
201900046264	2019	1	18	64445	5	2	2	LOUP DU	43.30348	-0.35707	1	0	0	1	0	0	blessé léger	voiture
201900046267	2019	1	20	64102	5	2	1	DUVERGIER DE HAURANNE (AVENUE)	43.48827	-1.46754	1	0	0	1	0	0	blessé léger	voiture
201900046268	2019	1	20	64102	5	2	1	DUVERGIER DE HAURANNE (AVENUE)	43.48827	-1.46754	1	0	0	1	0	0	blessé léger	deux-roues motorisé
201900046873	2019	3	23	64102	5	2	1	SOULT (AVENUE MARECHAL)	43.48686	-1.48691	1	0	0	1	0	1	blessé hospitalisé	voiture
201900046958	2019	6	10	64348	1	2	1	CHARLES DE GAULLE	43.31379	-0.41722	1	0	0	1	1	0	tué	voiture
201900047200	2019	12	07	64024	2	2	1	ADOUR (AVENUE DE L')	43.51575	-1.50132	1	0	0	1	0	0	blessé léger	voiture
201900047583	2019	6	08	64132	1	2	1	COMMANDANT RENE MOUCHOTTE DU	43.30345	-0.3222	0	1	0	1	0	0	blessé léger	voiture
201900047584	2019	6	08	64445	1	2	1	14 JUILLET DU	43.29095	-0.37885	0	1	0	0	0	0	indemne	deux-roues motorisé
201900047586	2019	6	07	64284	1	2	2	HENRI IV	43.2835	-0.3864	0	1	0	1	0	0	blessé léger	voiture
201900047588	2019	6	10	64445	1	2	9	CATHERINE DE BOURBON	43.31911	-0.36014	1	0	0	1	0	0	blessé léger	voiture
201900047589	2019	6	15	64445	1	2	6	COMMANDANT RENE MOUCHOTTE DU	43.30533	-0.32851	0	1	0	1	0	1	blessé hospitalisé	voiture
201900047591	2019	6	15	64348	1	2	6	SANTONA DE	43.32096	-0.39206	0	1	0	1	0	0	blessé léger	voiture
201900047606	2019	6	11	64102	1	2	1	BARTHES (CHEMIN DES)	43.49544	-1.49421	1	0	0	1	0	0	blessé léger	voiture
201900047607	2019	6	18	64024	1	2	1	LAROCHEFOUCAULD (AVENUE DE)	43.48757	-1.53518	0	1	0	1	0	1	blessé hospitalisé	aucun autre véhicule
201900048228	2019	9	17	64492	1	1	1	chemin napoleon RD 428	43.12421	-1.245	0	1	0	1	1	0	tué	aucun autre véhicule
201900048299	2019	9	17	64445	1	2	1	TOURASSE	43.30821	-0.33958	1	0	0	1	1	0	tué	poids lourd
201900048300	2019	9	16	64445	1	2	3	PAUL RAMADIER	43.31798	-0.31837	0	1	0	1	0	0	blessé léger	voiture
201900048439	2019	8	09	64129	1	2	9	BAYONNE DE	43.30102	-0.39428	0	1	0	1	0	0	blessé léger	deux-roues motorisé
201900049126	2019	12	18	64445	5	2	1	VIARD	43.30542	-0.37448	1	0	0	1	0	0	blessé léger	voiture
201900049204	2019	12	18	64284	5	2	1	GASTON CAMBOT	43.29219	-0.39636	0	1	0	1	0	0	blessé léger	utilitaire
201900049206	2019	12	17	64445	1	2	1	ALFRED NOBEL	43.31002	-0.326	0	1	0	1	0	0	blessé léger	voiture
201900049207	2019	12	14	64445	1	2	1	BORDEU DE	43.30396	-0.37082	1	0	0	1	0	1	blessé hospitalisé	voiture
201900049740	2019	10	12	64445	1	2	1	NORMAN PRINCE	43.30327	-0.35126	1	0	0	1	0	0	blessé léger	voiture
201900049741	2019	10	05	64122	3	2	1	PRINCE DE GALLES (BD DU)	43.47803	-1.56663	0	1	0	1	1	0	tué	aucun autre véhicule
201900050721	2019	3	06	64445	2	2	1	CHANOINE LABORDE DU	43.30354	-0.36041	0	1	0	1	0	0	blessé léger	voiture
201900051085	2019	12	20	64335	5	2	1	AVENUE DE L'EUROPE	43.32886	-0.34755	1	0	0	1	0	0	blessé léger	voiture
201900051087	2019	12	18	64348	5	2	1	NORD SUD VOIE	43.30126	-0.40967	0	1	0	1	0	1	blessé hospitalisé	voiture
201900051339	2019	2	14	64189	1	2	1	OLASCUAGA GEORGES  (RUE)	43.38317	-1.66566	1	0	0	1	0	1	blessé hospitalisé	voiture
201900051785	2019	1	16	64125	1	2	1	BURRUNTZ (RUE)	43.43648	-1.5651	0	1	0	1	0	0	blessé léger	aucun autre véhicule
201900051786	2019	1	15	64102	1	2	1	LACHEPAILLET (RUE DES REMPARTS)	43.49025	-1.47906	1	0	0	1	0	0	blessé léger	voiture
201900052879	2019	5	11	64495	1	2	3	Quartier Ibarron	43.35618	-1.56688	0	1	0	1	0	0	blessé léger	voiture
201900052880	2019	5	14	64495	1	2	7	Parking de la poste	43.356	-1.55175	1	0	0	1	0	1	blessé hospitalisé	voiture
201900053528	2019	1	15	64483	1	2	1	HUGO VICTOR (BOULEVARD)	43.38881	-1.65826	1	0	0	1	0	1	blessé hospitalisé	voiture
201900053705	2019	9	15	64445	1	2	1	JEAN MERMOZ	43.30986	-0.37704	0	1	0	1	0	0	blessé léger	voiture
201900053768	2019	10	12	64445	1	2	1	MANESCAU	43.30197	-0.37415	0	1	0	1	0	0	blessé léger	voiture
201900054700	2019	12	16	64430	1	2	1	Rue Jeanne d'Albret	43.48754	-0.77302	1	0	0	2	2	0	tué	voiture
201900055448	2019	10	13	64445	1	2	1	MARECHAL LECLERC DU	43.30587	-0.33618	1	0	0	1	0	0	blessé léger	voiture
201900055465	2019	10	10	64024	1	2	1	BARRE (PROMENADE DE LA)	43.52127	-1.52183	0	0	1	1	0	1	blessé hospitalisé	aucun autre véhicule
201900055487	2019	10	02	64102	5	2	1	MAUBEC (RUE)	43.50079	-1.46697	1	0	0	1	1	0	tué	utilitaire
201900055945	2019	3	13	64445	1	2	1	ALSACE LORRAINE D'	43.30362	-0.36499	1	0	0	1	0	0	blessé léger	voiture
201900055946	2019	3	17	64445	1	2	3	BUROS DE	43.32314	-0.34589	0	1	0	1	0	0	blessé léger	voiture
201900056058	2019	8	14	64445	1	2	1	ESPALUNGUE D'	43.296	-0.3757	0	0	1	1	0	0	blessé léger	utilitaire
201900056059	2019	8	17	64122	1	2	1	LAC MARION (AVENUE DU)	43.47069	-1.54991	1	0	0	1	0	0	blessé léger	voiture
201900056213	2019	8	11	64189	1	2	1	JAURES JEAN  (AVENUE)	43.38339	-1.66749	0	1	0	1	0	0	blessé léger	voiture
201900056345	2019	2	13	64483	1	2	1	chemin d'Aguérria	43.41125	-1.62305	1	0	0	1	0	1	blessé hospitalisé	voiture
201900056353	2019	2	08	64284	1	2	6	BEAUVALLON	43.28573	-0.39958	0	1	0	1	0	0	blessé léger	voiture
201900056355	2019	2	10	64102	1	2	1	4 BOULEVARD ALSACE LORRAINE	43.49496	-1.46925	1	0	0	1	0	1	blessé hospitalisé	voiture
201900057957	2019	3	17	64445	1	2	1	DOYEN ROBERT POPLAWSKI DU	43.31566	-0.3685	1	0	0	1	0	0	blessé léger	voiture
202000000067	2020	3	12	64108	1	2	6	RD 430	43.5198	-0.91546	0	1	0	1	0	0	blessé léger	voiture
202000000189	2020	9	11	64483	1	2	1	CHANTACO (AVENUE DE )	43.3737	-1.63786	0	1	0	5	0	0	blessé léger	aucun autre véhicule
202000000435	2020	6	18	64130	1	2	1	HERRI ALDE (ROUTE D258)	43.3336	-1.74485	1	0	0	1	0	0	blessé léger	voiture
202000000438	2020	6	14	64122	1	2	3	14 Avenue du President Kennedy	43.4736	-1.55621	1	0	0	1	0	0	blessé léger	utilitaire
202000001773	2020	6	12	64102	1	2	1	RESPLANDY (AVENUE DU CAPITAINE)	43.4898	-1.4672	0	1	0	1	0	0	blessé léger	aucun autre véhicule
202000001895	2020	10	10	64445	1	2	1	JEAN JACQUES DE MONAIX	43.3029	-0.3589	0	1	0	1	0	0	blessé léger	voiture
202000002264	2020	2	16	64024	1	2	1	SOURCES (PROMENADE DES)	43.49714	-1.54312	0	1	0	1	0	0	blessé léger	voiture
202000002354	2020	7	15	64445	1	2	1	124 Boulevard Tourasse	43.31131	-0.36527	0	1	0	1	0	0	blessé léger	voiture
202000002355	2020	7	17	64102	1	2	1	Boulevard du Bab	43.4971	-1.48776	0	1	0	1	0	0	blessé léger	voiture
202000002541	2020	7	12	64422	5	1	1	1748 Route de Bayonne	43.20977	-0.64073	1	0	0	2	0	2	blessé hospitalisé	poids lourd
202000002567	2020	10	17	64445	1	2	1	MARGUERITE LABORDE	43.30005	-0.36806	1	0	0	1	0	0	blessé léger	voiture
202000002663	2020	11	16	64102	1	2	6	6 CHEMIN DES BARTHES	43.4983	-1.49356	0	1	0	1	0	0	blessé léger	voiture
202000002672	2020	12	11	64284	1	2	1	CHARLES DE GAULLE	43.28736	-0.39055	1	0	0	1	0	0	blessé léger	voiture
202000002978	2020	5	12	64102	1	2	6	LEGION TCHEQUE (AVENUE DE LA)	43.4936	-1.4916	0	1	0	1	0	0	blessé léger	voiture
202000003267	2020	9	20	64445	5	2	1	JEAN MERMOZ	43.30612	-0.37625	0	1	0	1	0	0	blessé léger	voiture
202000003732	2020	2	13	64445	1	2	1	GUILHEM	43.31691	-0.33691	1	0	0	1	0	0	blessé léger	voiture
202000003875	2020	7	14	64445	1	2	1	Route de Bayonne	43.29712	-0.38775	0	1	0	1	0	0	blessé léger	voiture
202000003876	2020	7	08	64445	1	2	2	GASTON PHOEBUS	43.30244	-0.37936	0	1	0	1	0	0	blessé léger	voiture
202000004065	2020	10	17	64102	1	2	3	DELVAILLE (AVENUE DU DOCTEUR CAMILLE)	43.50197	-1.48111	0	1	0	1	0	1	blessé hospitalisé	aucun autre véhicule
202000004329	2020	8	09	64373	1	2	1	GENERAL DE GAULLE DU	43.27999	-0.36133	1	0	0	1	1	0	tué	voiture
202000004542	2020	11	08	64445	2	2	2	LILAS DES	43.30924	-0.3442	1	0	0	1	0	0	blessé léger	voiture
202000004616	2020	11	17	64445	1	2	5	EDOUARD HERRIOT	43.30429	-0.3799	0	1	0	1	0	0	blessé léger	voiture
202000004617	2020	11	07	64445	5	2	3	TRESPOEY DE	43.29907	-0.35514	0	1	0	1	0	0	blessé léger	voiture
202000005150	2020	2	19	64335	5	2	1	ANDRE MARIE AMPERE	43.31757	-0.4319	1	0	0	1	0	0	blessé léger	voiture
202000005548	2020	1	11	64445	1	2	2	BORDEU DE	43.3032	-0.37089	0	1	0	1	0	0	blessé léger	voiture
202000005558	2020	6	09	64259	1	1	1	D22	43.29339	-1.24173	0	1	0	1	0	0	blessé léger	autre
202000005792	2020	7	09	64024	1	2	7	GENERAL LECLERC (PLACE DU)	43.49497	-1.52953	1	0	0	1	0	0	blessé léger	deux-roues motorisé
202000005954	2020	7	12	64445	1	2	1	ALLEES DE MORLAAS DES	43.3045	-0.34903	0	1	0	1	0	0	blessé léger	voiture
202000006000	2020	10	09	64445	1	2	6	DROITS DE L' HOMME DES	43.31306	-0.36896	0	1	0	1	0	0	blessé léger	voiture
202000006001	2020	10	15	64102	1	2	6	9 chemin des barthes	43.49792	-1.4937	0	1	0	1	0	0	blessé léger	voiture
202000006002	2020	10	08	64024	2	2	3	BARTHES (RUE DES)	43.4835	-1.51088	1	0	0	1	0	0	blessé léger	voiture
202000006355	2020	7	18	64102	1	2	3	AMOU (BOULEVARD JEAN D')	43.49562	-1.46607	0	1	0	1	0	0	blessé léger	voiture
202000006357	2020	7	17	64024	1	2	6	COMPAGNET (GIRATOIRE DE)	43.46055	-1.4962	0	1	0	1	0	0	blessé léger	voiture
202000006412	2020	12	15	64445	1	2	1	LATAPIE	43.2954	-0.3681	1	0	0	1	0	0	blessé léger	voiture
202000007097	2020	2	14	64335	1	1	6	D817	43.34475	-0.43072	0	1	0	1	0	0	blessé léger	voiture
202000007100	2020	2	15	64445	1	2	1	JEAN BIRAY	43.29329	-0.37546	1	0	0	1	0	1	blessé hospitalisé	utilitaire
202000007104	2020	2	12	64102	1	2	1	BEYRIS (GIRATOIRE)	43.47807	-1.49208	0	1	0	1	0	0	blessé léger	voiture
202000007157	2020	9	09	64122	1	2	1	LARREPUNTE (RUE)	43.47179	-1.55726	1	0	0	1	0	0	blessé léger	deux-roues motorisé
202000007159	2020	9	15	64102	1	2	1	ALBERT THOMAS (RUE)	43.49542	-1.4605	1	0	0	1	0	0	blessé léger	utilitaire
202000007327	2020	1	16	64445	1	2	1	EMILE GARET	43.30189	-0.36086	1	0	0	1	0	0	blessé léger	voiture
202000007328	2020	1	16	64284	1	2	1	RAUSKI	43.27728	-0.38809	1	0	0	1	0	1	blessé hospitalisé	voiture
202000007329	2020	1	18	64122	2	2	1	JAURES JEAN (RUE)	43.47765	-1.55714	1	0	0	1	0	0	blessé léger	utilitaire
202000007520	2020	6	16	64445	1	2	1	BUROS DE	43.32068	-0.34643	1	0	0	1	0	0	blessé léger	voiture
202000007521	2020	6	16	64445	1	2	6	CAZAUBON NORBERT	43.30407	-0.36696	1	0	0	1	0	1	blessé hospitalisé	voiture
202000007852	2020	6	09	64445	1	2	1	POUGUET	43.32122	-0.3521	1	0	0	1	0	0	blessé léger	voiture
202000008130	2020	8	10	64483	1	2	6	PASSICOT JEAN MARTIN (BD DU COMMANDANT)	43.3863	-1.6618	0	1	0	1	0	0	blessé léger	voiture
202000008131	2020	8	08	64483	1	2	6	ITHURRALDE ANDRE (AVENUE)	43.39718	-1.64466	0	1	0	1	0	0	blessé léger	voiture
202000008312	2020	12	13	64335	1	2	6	NOVELLA	43.32321	-0.42043	0	1	0	1	0	0	blessé léger	utilitaire
202000008313	2020	12	13	64024	1	2	1	MONTBRUN (AVENUE DE)	43.50391	-1.5028	1	0	0	1	0	0	blessé léger	voiture
202000008401	2020	12	10	64445	1	2	6	YITZHAK RABIN	43.30654	-0.33304	0	0	1	1	0	0	blessé léger	voiture
202000008480	2020	11	07	64445	2	2	1	ETIGNY D'	43.29619	-0.38298	1	0	0	1	0	0	blessé léger	voiture
202000009528	2020	7	19	64445	1	2	3	ALSACE LORRAINE D'	43.30544	-0.3745	0	1	0	1	0	0	blessé léger	voiture
202000009852	2020	10	16	64545	1	2	6	RD810	43.37236	-1.68153	0	1	0	1	0	0	blessé léger	voiture
202000009853	2020	10	08	64445	1	2	1	GRAMONT	43.29625	-0.37506	0	1	0	1	0	0	blessé léger	voiture
202000010084	2020	8	10	64445	1	2	6	BACHAGA BOUALAN	43.31635	-0.37483	0	1	0	1	0	0	blessé léger	voiture
202000010087	2020	8	11	64102	1	2	6	RENE CUZACQ (RUE)	43.49357	-1.4606	1	0	0	1	0	1	blessé hospitalisé	voiture
202000010364	2020	12	16	64483	1	2	1	SALLAGOITY GARRA (RUE)	43.38757	-1.65884	1	0	0	1	0	1	blessé hospitalisé	utilitaire
202000010606	2020	5	16	64335	1	2	1	SANTOS-DUMONT	43.32159	-0.42356	1	0	0	1	0	0	blessé léger	voiture
202000011662	2020	6	19	64122	1	2	9	23 avenue du Golf	43.48817	-1.54881	0	1	0	1	0	0	blessé léger	voiture
202000011663	2020	6	17	64122	1	2	1	GENERAL MAC CROSKEY (AV DU)	43.49258	-1.54743	0	1	0	1	0	0	blessé léger	voiture
202000011664	2020	6	11	64102	1	2	1	LASSEGUETTE (CHEMIN DE)	43.48092	-1.48056	0	1	0	1	0	0	blessé léger	voiture
202000012194	2020	12	19	64102	5	2	3	LACHEPAILLET (RUE DES REMPARTS)	43.49047	-1.479	1	0	0	1	0	0	blessé léger	deux-roues motorisé
202000012262	2020	12	16	64445	1	2	1	CONDOM DE	43.3221	-0.34437	0	1	0	1	0	0	blessé léger	voiture
202000012381	2020	11	09	64445	1	2	6	ALSACE LORRAINE D'	43.30431	-0.36701	0	1	0	1	0	0	blessé léger	voiture
202000012518	2020	11	07	64445	2	2	3	MARCA	43.29408	-0.37718	0	1	0	1	0	0	blessé léger	bus ou car
202000012585	2020	5	17	64498	1	1	1	Route de Lamarque	43.16202	-0.15565	0	1	0	1	0	0	blessé léger	aucun autre véhicule
202000013532	2020	6	11	64483	1	2	1	LARRAMENDY PIERRE (AVENUE)	43.38483	-1.66156	0	1	0	1	0	0	blessé léger	utilitaire
202000013677	2020	8	17	64024	1	2	2	BELIN (RUE DU BOIS)	43.49277	-1.52384	1	0	0	1	0	0	blessé léger	voiture
202000014378	2020	11	07	64348	2	2	1	FREDERIC ET IRENE JOLIOT CURIE	43.30454	-0.41936	0	1	0	1	0	0	blessé léger	voiture
202000014571	2020	5	08	64024	1	2	1	BAYONNE (AVENUE DE)	43.48219	-1.50619	0	1	0	1	0	0	blessé léger	aucun autre véhicule
202000015072	2020	7	20	64102	1	2	1	REPUBLIQUE (PLACE DE LA)	43.4965	-1.4702	1	0	0	1	0	0	blessé léger	voiture
202000015782	2020	8	16	64445	1	2	6	CAZAUBON NORBERT	43.30408	-0.36696	0	0	1	1	0	0	blessé léger	voiture
202000015843	2020	10	20	64483	3	2	3	ITHURRALDE ANDRE (AVENUE)	43.39315	-1.65173	0	1	0	1	0	0	blessé léger	deux-roues motorisé
202000016016	2020	12	18	64102	5	2	1	LORRAINE (BOULEVARD D'ALSACE)	43.49178	-1.46432	1	0	0	2	0	1	blessé hospitalisé	voiture
202000016272	2020	11	07	64419	2	2	1	D817	43.27353	-0.2137	1	0	0	1	0	1	blessé hospitalisé	voiture
202000016588	2020	1	20	64405	5	2	1	25 Rue du Bourg Neuf	43.34868	-0.25973	1	0	0	1	0	0	blessé léger	voiture
202000016970	2020	2	11	64348	1	2	9	BLERIOT	43.33463	-0.39326	1	0	0	1	0	1	blessé hospitalisé	voiture
202000017091	2020	2	16	64445	1	2	3	AUGUSTE RENOIR	43.3102	-0.3598	0	1	0	1	0	0	blessé léger	utilitaire
202000017092	2020	2	03	64445	5	2	1	CAMI SALIE DU	43.33272	-0.35918	1	0	0	1	0	0	blessé léger	voiture
202000017371	2020	6	10	64445	1	2	1	Avenue du Président Kennedy	43.31011	-0.36599	0	0	1	1	0	0	blessé léger	voiture
202000017465	2020	6	12	64040	1	1	1	D132	43.03637	-0.74686	0	1	0	2	0	1	blessé hospitalisé	voiture
202000017692	2020	8	10	64125	1	2	1	ESPAGNE (AVENUE D')	43.42983	-1.5999	0	1	0	1	0	1	blessé hospitalisé	aucun autre véhicule
202000018196	2020	11	12	64430	1	2	1	Chemin de Pourtaou	43.47214	-0.80919	0	1	0	1	0	1	blessé hospitalisé	utilitaire
202000018794	2020	7	11	64504	1	1	1	Route du Col de Saint Ignace	43.32462	-1.60083	1	1	0	1	0	1	blessé hospitalisé	aucun autre véhicule
202000018795	2020	7	12	64519	1	2	1	Route d’Uzein	43.35888	-0.38179	1	0	0	1	0	1	blessé hospitalisé	voiture
202000019040	2020	2	18	64348	5	2	1	JEAN MERMOZ	43.32283	-0.37945	1	0	0	1	0	0	blessé léger	voiture
202000019041	2020	2	16	64129	1	2	1	BAYONNE DE	43.30484	-0.4011	1	0	0	1	0	0	blessé léger	voiture
202000019201	2020	9	11	64436	1	2	1	Route Departementale 918	43.23301	-1.29877	0	1	0	1	0	1	blessé hospitalisé	voiture
202000019495	2020	10	07	64445	5	2	1	PAIX	43.31419	-0.33323	0	1	0	1	0	0	blessé léger	deux-roues motorisé
202000019499	2020	10	08	64102	1	2	1	LACHEPAILLET (RUE DES REMPARTS)	43.49244	-1.47867	0	1	0	1	0	0	blessé léger	aucun autre véhicule
202000019912	2020	12	18	64102	5	2	6	PONT GRENET	43.49887	-1.4817	1	0	0	1	0	0	blessé léger	voiture
202000020025	2020	11	15	64024	1	2	1	AVENUE DE LA CHAMBRE D'AMOUR	43.49431	-1.5282	1	0	0	1	0	1	blessé hospitalisé	voiture
202000020162	2020	11	12	64129	1	2	1	MUSES DES	43.3	-0.39	0	1	0	1	0	0	blessé léger	aucun autre véhicule
202000020267	2020	4	18	64122	1	2	1	BRAOU (AVENUE DU)	43.48012	-1.5555	1	0	0	1	0	1	blessé hospitalisé	voiture
202000020343	2020	4	15	64445	1	2	1	Bd du Commandant Rene Mouchotte	43.30531	-0.32852	0	1	0	1	0	0	blessé léger	voiture
202000020598	2020	7	00	64122	5	2	1	IMPERATRICE (AVENUE DE L')	43.48672	-1.55495	0	1	0	1	0	0	blessé léger	aucun autre véhicule
202000020974	2020	2	14	64445	1	2	1	ALFRED DE MUSSET	43.29649	-0.36166	1	0	0	1	0	0	blessé léger	voiture
202000020976	2020	2	17	64024	1	2	9	PLAGES (BOULEVARD DES)	43.52125	-1.52179	0	1	0	1	0	0	blessé léger	voiture
202000021028	2020	9	10	64445	1	2	1	CARNOT	43.30093	-0.3695	0	1	0	1	0	0	blessé léger	voiture
202000021140	2020	9	14	64410	1	2	6	Avenue Charles Moureu	43.38319	-0.61116	0	1	0	1	0	1	blessé hospitalisé	voiture
202000021261	2020	6	14	64445	1	2	1	TOURASSE	43.30916	-0.344	0	1	0	1	0	0	blessé léger	voiture
202000021413	2020	8	20	64260	1	2	1	LAURIERS (RUE DES)	43.37	-1.78	0	1	0	1	0	0	blessé léger	deux-roues motorisé
202000021737	2020	10	07	64445	2	2	9	CONDORCET	43.31459	-0.36341	0	1	0	1	0	0	blessé léger	voiture
202000021871	2020	11	19	64445	5	2	1	JEAN MERMOZ	43.31746	-0.37843	0	1	0	1	0	0	blessé léger	utilitaire
202000022037	2020	12	15	64445	1	2	2	TOURASSE	43.30934	-0.3442	0	1	0	1	0	0	blessé léger	voiture
202000022982	2020	9	08	64102	1	2	1	MARHUM (AVENUE DE)	43.4904	-1.485	1	0	0	1	0	0	blessé léger	voiture
202000023272	2020	5	19	64445	1	2	1	NOLIVOS DE	43.30408	-0.37659	0	1	0	1	1	0	tué	aucun autre véhicule
202000023951	2020	12	11	64445	1	2	6	RONSARD	43.31805	-0.35638	0	1	0	1	0	0	blessé léger	voiture
202000023952	2020	11	11	64237	1	2	3	LOUIS BARTHOU	43.28319	-0.37235	1	0	0	1	0	0	blessé léger	voiture
202000024148	2020	4	12	64496	1	2	1	Avenue de la Basse Navarre	43.47352	-1.45182	1	0	0	1	0	1	blessé hospitalisé	voiture
202000024524	2020	7	11	64279	1	2	9	D932	43.35049	-1.41579	1	0	0	1	1	0	tué	voiture
202000024776	2020	2	17	64129	1	2	1	BAYONNE DE	43.30043	-0.39317	0	1	0	1	0	0	blessé léger	voiture
202000025208	2020	6	07	64448	1	1	6	D817 - PR 40	43.34642	-0.47759	1	0	0	1	0	0	blessé léger	voiture
202000025366	2020	11	07	64445	2	2	1	JEAN MERMOZ	43.31239	-0.37741	1	0	0	1	0	0	blessé léger	utilitaire
202000025367	2020	10	10	64348	1	2	1	NORD SUD VOIE	43.30081	-0.41028	1	0	0	1	0	0	blessé léger	voiture
202000025944	2020	4	15	64122	1	2	1	16 Avenue Henri Haget	43.48112	-1.53763	0	1	0	1	0	0	blessé léger	aucun autre véhicule
202000026036	2020	12	17	64445	5	2	1	EMILE GARET	43.299	-0.36367	0	1	0	1	0	0	blessé léger	voiture
202000026037	2020	12	10	64024	1	2	9	BAYONNE (AVENUE DE)	43.4815	-1.51041	0	0	1	1	0	0	blessé léger	deux-roues motorisé
202000026160	2020	1	16	64284	1	2	3	GENERAL LECLERC DU	43.28793	-0.38987	0	1	0	1	0	0	blessé léger	voiture
202000026161	2020	1	08	64024	1	2	3	BIARRITZ (AVENUE DE)	43.4811	-1.53337	0	1	0	1	0	0	blessé léger	voiture
202000027325	2020	4	18	64198	1	2	1	14 Chemin d'Aussevielle	43.36149	-0.49463	1	0	0	1	0	1	blessé hospitalisé	deux-roues motorisé
202000027526	2020	6	14	64445	1	2	6	ALSACE LORRAINE D'	43.3038	-0.36756	0	1	0	1	0	0	blessé léger	utilitaire
202000027533	2020	6	09	64102	1	2	1	ALLEES MARINES (AVENUE DES)	43.49865	-1.48777	1	0	0	1	0	0	blessé léger	voiture
202000027794	2020	6	10	64499	1	2	7	9 Place Jeanne d'Albret	43.47189	-0.92415	0	1	0	1	0	1	blessé hospitalisé	voiture
202000027864	2020	6	17	64024	1	2	1	ADOUR (AVENUE DE L')	43.52606	-1.5146	0	1	0	1	0	0	blessé léger	voiture
202000028061	2020	12	17	64122	1	1	1	A63	43.44908	-1.55533	1	0	0	1	1	0	tué	poids lourd
202000028088	2020	1	14	64024	1	2	1	GUYNEMER (AVENUE)	43.49917	-1.54009	1	0	0	1	0	1	blessé hospitalisé	deux-roues motorisé
202000028248	2020	1	12	64445	1	2	1	PAIX	43.32251	-0.36807	0	1	0	1	0	0	blessé léger	voiture
202000028701	2020	9	17	64445	1	2	4	ALSACE LORRAINE D'	43.30164	-0.35775	1	0	0	1	0	0	blessé léger	voiture
202000028871	2020	1	18	64284	5	2	6	GASTON PHOEBUS	43.28639	-0.38958	1	0	0	1	0	1	blessé hospitalisé	voiture
202000028872	2020	1	14	64445	5	2	1	GEORGES CLEMENCEAU	43.29545	-0.36807	1	0	0	1	0	0	blessé léger	voiture
202000029417	2020	10	09	64417	1	2	3	23 Rue Clémenceau	43.17967	-0.26161	1	0	0	1	0	0	blessé léger	voiture
202000029511	2020	10	17	64445	1	2	6	Rond Point des Allees de Morlaas	43.308	-0.33932	0	1	0	1	0	0	blessé léger	voiture
202000029655	2020	6	13	64348	1	2	6	EUROPE DE L'	43.3259	-0.3867	0	0	1	1	0	0	blessé léger	utilitaire
202000030337	2020	7	09	64348	1	1	6	boulevard de l'Europe	43.31703	-0.39519	0	1	0	1	0	0	blessé léger	voiture
202000030505	2020	2	18	64445	5	2	1	POUGUET	43.32161	-0.35117	1	0	0	1	0	0	blessé léger	voiture
202000030702	2020	3	21	64445	5	2	3	2 AVENUE GASTON LACOSTE	43.29331	-0.36109	0	1	0	1	0	0	blessé léger	voiture
202000031111	2020	10	08	64125	2	2	6	RUE LORE LANDA	43.4455	-1.54515	0	1	0	1	0	0	blessé léger	voiture
202000031541	2020	6	11	64495	1	1	1	D918	43.36568	-1.59804	0	1	0	1	0	1	blessé hospitalisé	voiture
202000031579	2020	9	19	64260	1	2	1	GARE (RUE DE LA)	43.35696	-1.77541	1	0	0	1	0	0	blessé léger	voiture
202000031838	2020	12	13	64445	1	2	1	LOUIS SALLENAVE	43.31725	-0.35982	0	1	0	1	0	0	blessé léger	voiture
202000032092	2020	1	07	64445	5	2	3	PAIX	43.32221	-0.36688	0	1	0	1	0	0	blessé léger	voiture
202000032183	2020	7	16	64422	1	2	1	Rue Labarraque	43.18877	-0.60986	0	1	0	1	0	1	blessé hospitalisé	aucun autre véhicule
202000032588	2020	2	18	64129	5	2	1	JEAN MERMOZ	43.31764	-0.37858	1	0	0	1	0	0	blessé léger	voiture
202000032754	2020	9	15	64445	1	2	1	3 Rue Marca	43.29435	-0.37725	0	1	0	1	0	0	blessé léger	voiture
202000032757	2020	9	12	64024	1	2	3	MOULINAOU (ALLEE DU)	43.47658	-1.50997	1	0	0	0	0	0	indemne	deux-roues motorisé
202000032992	2020	10	09	64024	1	2	6	AVIATION (ROUTE DE L')	43.4644	-1.53323	0	1	0	1	0	0	blessé léger	utilitaire
202000032993	2020	10	13	64102	1	2	1	LOUIS DE FOIX (AVENUE)	43.5057	-1.4672	1	0	0	1	0	1	blessé hospitalisé	deux-roues motorisé
202000033076	2020	8	08	64129	1	2	1	CHATEAU D'ESTE DU	43.30677	-0.3855	0	1	0	1	1	0	tué	voiture
202000033189	2020	7	11	64300	1	1	1	RD 817	43.40994	-0.60845	1	0	0	2	0	1	blessé hospitalisé	poids lourd
202000033416	2020	5	15	64445	1	2	3	BERLIOZ	43.31178	-0.34589	1	0	0	1	0	0	blessé léger	voiture
202000033590	2020	12	09	64445	1	2	1	BALAITOUS DU	43.31266	-0.37099	0	1	0	1	0	0	blessé léger	voiture
202000033591	2020	6	01	64024	5	2	1	MONTBRUN (AVENUE DE)	43.5041	-1.50055	0	1	0	1	0	0	blessé léger	aucun autre véhicule
202000034004	2020	1	10	64445	1	2	6	DROITS DE L' HOMME DES	43.31304	-0.36896	0	1	0	1	0	0	blessé léger	voiture
202000034006	2020	1	08	64445	2	2	3	MARGUERITE LABORDE	43.30013	-0.3672	1	0	0	1	0	0	blessé léger	voiture
202000034398	2020	3	09	64445	1	2	1	PRESIDENT KENNEDY DU	43.31009	-0.36602	1	0	0	1	0	0	blessé léger	voiture
202000034665	2020	9	09	64422	1	2	1	Rue Alfred de Vigny	43.19178	-0.61277	1	0	0	1	0	1	blessé hospitalisé	voiture
202000034698	2020	2	12	64445	1	2	1	PAUL ET HENRI COURTEAULT	43.3102	-0.35994	1	0	0	1	0	0	blessé léger	voiture
202000034808	2020	2	17	64331	1	2	1	place du marcadieu	43.44968	-0.11199	1	0	0	1	0	0	blessé léger	voiture
202000035015	2020	4	11	64445	1	2	2	LILAS DES	43.3162	-0.33974	1	0	0	1	0	0	blessé léger	voiture
202000035577	2020	5	14	64024	1	2	1	UNION (RUE DE L')	43.48559	-1.5043	0	1	0	1	0	0	blessé léger	voiture
202000035614	2020	10	08	64145	1	2	9	route de pau	43.19407	-0.27177	0	1	0	1	0	0	blessé léger	poids lourd
202000036066	2020	6	20	64102	1	2	6	ALSACE LORRAINE (BOULEVARD)	43.4916	-1.4641	0	1	0	1	0	0	blessé léger	voiture
202000036156	2020	7	11	64037	1	1	1	Route de Parbayse - PR 001.225	43.33781	-0.51885	0	1	0	1	1	0	tué	aucun autre véhicule
202000036385	2020	8	10	64445	1	2	9	PAIX	43.3188	-0.34688	1	0	0	1	0	0	blessé léger	utilitaire
202000036729	2020	2	08	64445	1	2	1	GRAMONT	43.29642	-0.37428	0	1	0	1	0	0	blessé léger	voiture
202000037474	2020	12	15	64348	1	2	6	EUROPE DE L'	43.3262	-0.38691	0	0	1	1	0	0	blessé léger	voiture
202000037631	2020	7	21	64102	1	1	1	JOUANDIN (AVENUE)	43.50192	-1.45388	1	0	0	1	0	0	blessé léger	voiture
202000037651	2020	7	13	64140	1	2	2	POLITZER (RUE GEORGES)	43.5159	-1.4853	0	0	1	1	0	0	blessé léger	voiture
202000037671	2020	6	16	64129	1	2	6	PLAINE	43.29978	-0.39891	0	1	0	1	0	0	blessé léger	voiture
202000037903	2020	10	16	64430	1	2	6	1 Impasse Bel Air	43.48989	-0.76978	1	0	0	1	0	1	blessé hospitalisé	voiture
202000038098	2020	6	19	64483	1	2	1	ERROMARDIE (CHEMIN D')	43.39742	-1.6443	0	1	0	1	0	0	blessé léger	voiture
202000038125	2020	3	16	64067	1	1	1	54, Quartier Lous Mats	43.26342	-0.2938	0	1	0	1	0	1	blessé hospitalisé	aucun autre véhicule
202000038181	2020	3	00	64122	5	2	1	PETITES SOEURS DES PAUVRES (RUE DES	43.481	-1.54888	0	1	0	1	0	0	blessé léger	utilitaire
202000038182	2020	3	17	64024	1	2	1	ALBERT LE BARRILLIER (RUE)	43.48473	-1.51357	0	1	0	1	0	0	blessé léger	aucun autre véhicule
202000038420	2020	8	10	64024	1	2	1	LAPORTE (AVENUE JEAN LEON)	43.48786	-1.50051	0	1	0	1	0	0	blessé léger	voiture
202000038666	2020	2	18	64445	2	2	1	BUROS DE	43.31164	-0.35123	0	1	0	1	0	0	blessé léger	voiture
202000038754	2020	1	10	64483	1	2	1	LARRAMENDY PIERRE (AVENUE)	43.38572	-1.66286	1	0	0	1	0	0	blessé léger	utilitaire
202000038762	2020	1	09	64024	1	2	6	DOUANE (ROND POINT DE LA)	43.5012	-1.5274	0	1	0	1	1	0	tué	voiture
202000038866	2020	1	08	64493	1	2	1	Avenue Frederic de Saint Jaymes	43.32713	-1.0324	1	0	0	1	0	1	blessé hospitalisé	voiture
202000038910	2020	5	08	64445	1	2	3	HONORE BARADAT	43.30501	-0.36444	0	1	0	1	0	0	blessé léger	voiture
202000039073	2020	5	19	64445	1	2	2	GASTON PHOEBUS	43.29732	-0.38734	0	1	0	1	0	1	blessé hospitalisé	voiture
202000039169	2020	11	19	64445	5	2	9	YITZHAK RABIN	43.30794	-0.33938	0	1	0	1	0	0	blessé léger	voiture
202000039394	2020	6	10	64445	1	2	3	CAMOU	43.2998	-0.37924	1	0	0	1	0	0	blessé léger	voiture
202000039501	2020	9	11	64483	1	2	1	HUGO VICTOR (BOULEVARD)	43.38748	-1.66156	1	0	0	1	0	0	blessé léger	voiture
202000039505	2020	9	20	64445	1	2	1	LEON BERARD	43.3132	-0.36906	1	0	0	1	0	0	blessé léger	voiture
202000040089	2020	3	17	64024	1	2	1	Rue de Mirambeau	43.4751	-1.5098	1	0	0	1	0	0	blessé léger	voiture
202000040705	2020	12	09	64102	1	2	6	EIFFEL (GUSTAVE) RUE	43.48733	-1.4674	1	0	0	1	0	1	blessé hospitalisé	voiture
202000041325	2020	7	09	64445	1	2	1	Allee de Morlaas	43.3045	-0.34903	1	0	0	1	0	0	blessé léger	utilitaire
202000041326	2020	7	16	64445	1	2	2	DESPOURRINS	43.29993	-0.36703	1	0	0	1	0	1	blessé hospitalisé	bus ou car
202000041489	2020	5	09	64496	1	2	1	Avenue du Labourd	43.47615	-1.45661	1	1	0	1	0	1	blessé hospitalisé	aucun autre véhicule
202000041531	2020	5	10	64260	1	2	1	ALLEES (RUE DES)	43.35657	-1.77437	0	1	0	1	0	0	blessé léger	voiture
202000042320	2020	3	16	64102	1	2	1	Avenue Louis de Foix	43.5065	-1.4673	1	0	0	1	0	0	blessé léger	bus ou car
202000043102	2020	2	17	64371	1	2	1	Rue Jeanne d'Arc	43.22824	-0.88609	0	1	0	1	0	1	blessé hospitalisé	utilitaire
202000043508	2020	5	13	64421	1	2	3	7 Rue du Pont de Salles	43.14869	-0.50608	0	1	0	1	0	0	blessé léger	voiture
202000043607	2020	10	16	64445	1	2	1	LYAUTEY	43.3044	-0.3674	0	1	0	1	0	0	blessé léger	voiture
202000044041	2020	9	12	64059	1	2	1	ROUTE D'ASSAT	43.27415	-0.25041	1	0	0	1	0	1	blessé hospitalisé	voiture
202000044235	2020	3	17	64122	1	2	1	MARIANO LUIS (RUE- ROND-POINT)	43.45947	-1.54126	1	0	0	1	0	1	blessé hospitalisé	voiture
202000044263	2020	6	20	64445	5	2	2	ALSACE LORRAINE D'	43.3024	-0.36044	0	1	0	1	0	0	blessé léger	voiture
202000045320	2020	10	08	64102	2	2	1	LOEB (AVENUE DE L'INTERNE JACQUES)	43.48603	-1.48269	1	0	0	1	0	0	blessé léger	voiture
202000045394	2020	11	17	64445	1	2	1	EUROPE DE L'	43.32937	-0.35326	1	0	0	1	0	0	blessé léger	voiture
202000045883	2020	8	13	64483	1	2	9	LARRAMENDY PIERRE (AVENUE)	43.38256	-1.65794	1	1	0	2	0	1	blessé hospitalisé	aucun autre véhicule
202000045885	2020	9	12	64284	1	2	1	MASSENET	43.29111	-0.38662	0	1	0	1	0	0	blessé léger	aucun autre véhicule
202000046385	2020	6	15	64122	1	2	3	HENRI HAGET (AVENUE)	43.48103	-1.53993	0	1	0	1	0	1	blessé hospitalisé	aucun autre véhicule
202000046843	2020	8	09	64483	1	2	3	ITHURRALDE ANDRE (AVENUE)	43.39629	-1.64611	1	0	0	1	0	1	blessé hospitalisé	deux-roues motorisé
202000046854	2020	8	17	64445	1	2	2	LESPY	43.29928	-0.36334	0	1	0	1	0	0	blessé léger	voiture
202000046855	2020	7	16	64102	1	2	1	BAB (Boulevard)	43.4971	-1.48776	1	0	0	1	0	0	blessé léger	voiture
202000047345	2020	5	19	64024	1	2	1	BAB (BOULEVARD DU)	43.4976	-1.50449	0	1	0	1	0	0	blessé léger	voiture
202100000114	2021	9	17	64122	1	2	1	Avenue Charles Floquet	43.47951	-1.55571	1	0	0	1	0	1	blessé hospitalisé	voiture
202100000651	2021	12	12	64545	1	2	1	Allee de Camieta	43.37607	-1.67079	1	0	0	1	0	0	blessé léger	voiture
202100000833	2021	12	17	64445	1	2	1	Avenue Robert Schuman	43.30969	-0.36605	0	0	1	1	0	0	blessé léger	voiture
202100000994	2021	12	10	64445	1	2	1	Boulevard d’Alsace Lorraine	43.30488	-0.37063	1	0	0	1	1	0	tué	deux-roues motorisé
202100001591	2021	12	07	64140	2	2	1	Rue du 11 Novembre	43.52868	-1.47939	0	1	0	1	0	0	blessé léger	voiture
202100001704	2021	12	15	64483	1	2	1	Avenue Lohobiague	43.39578	-1.65811	1	0	0	1	0	0	blessé léger	voiture
202100001706	2021	12	14	64129	1	2	1	Route de Bayonne	43.29888	-0.39037	0	1	0	1	0	0	blessé léger	voiture
202100001707	2021	12	18	64445	5	2	1	LILAS DES	43.32005	-0.33961	1	0	0	1	0	0	blessé léger	voiture
202100002010	2021	12	14	64102	1	2	1	Giratoire des Pontots	43.4883	-1.49076	0	1	0	1	0	0	blessé léger	voiture
202100002080	2021	12	08	64448	2	2	1	RD 817	43.34318	-0.47166	1	0	0	1	0	1	blessé hospitalisé	utilitaire
202100002192	2021	12	07	64213	2	2	2	D918	43.34078	-1.44336	0	1	0	1	0	1	blessé hospitalisé	utilitaire
202100002237	2021	12	09	64445	1	2	9	Allée Catherine de Bourbon	43.31898	-0.35997	0	1	0	1	1	0	tué	voiture
202100002395	2021	12	07	64445	5	2	1	RICHELIEU	43.30225	-0.35648	1	0	0	1	1	0	tué	voiture
202100002397	2021	12	09	64102	1	2	1	Avenue Capitaine Resplandy	43.48499	-1.45926	0	1	0	1	0	0	blessé léger	aucun autre véhicule
202100002908	2021	12	14	64348	1	2	1	ERCKMAN CHATRIAN	43.32673	-0.38985	0	1	0	1	0	0	blessé léger	voiture
202100003355	2021	12	10	64213	1	2	2	RD918	43.33939	-1.45299	0	1	0	1	0	1	blessé hospitalisé	voiture
202100003407	2021	12	18	64445	5	2	1	Boulevard d’Alsace Lorraine	43.30485	-0.37053	1	0	0	1	0	0	blessé léger	voiture
202100003615	2021	12	08	64024	5	2	1	ADOUR (AVENUE DE L')	43.52579	-1.51032	1	0	0	1	0	1	blessé hospitalisé	voiture
202100003954	2021	7	15	64122	1	2	1	MARNE (AVENUE DE LA)	43.48429	-1.55548	1	1	0	1	0	1	blessé hospitalisé	aucun autre véhicule
202100004866	2021	12	10	64495	1	1	1	1352 Vieille Route de Saint-Pée	43.37164	-1.58795	1	0	0	1	0	1	blessé hospitalisé	voiture
202100005911	2021	11	20	64269	5	2	1	BEARN DU	43.30103	-0.30665	0	1	0	1	0	0	blessé léger	voiture
202100005912	2021	11	19	64445	5	2	2	ETIGNY D'	43.29599	-0.37858	1	0	0	1	0	0	blessé léger	voiture
202100005914	2021	11	15	64102	1	2	1	JUIN (AVENUE DU MARECHAL)	43.49043	-1.46146	0	1	0	1	0	0	blessé léger	voiture
202100006233	2021	11	16	64260	2	2	1	65 Route de Behobie	43.34934	-1.77123	0	0	1	1	0	0	blessé léger	voiture
202100006403	2021	11	09	64122	1	2	1	JARDIN PUBLIC (AVENUE DU)	43.48005	-1.56044	1	0	0	1	0	0	blessé léger	utilitaire
202100006627	2021	11	13	64445	1	2	3	FRERES CAMORS DES	43.31137	-0.36893	0	1	0	1	0	0	blessé léger	voiture
202100006915	2021	11	14	64269	1	2	1	PIERRE DE BELSUNCE	43.29257	-0.30839	0	1	0	1	0	1	blessé hospitalisé	aucun autre véhicule
202100007013	2021	11	19	64445	3	2	3	PIERRE BONNARD	43.31012	-0.36085	0	1	0	1	0	0	blessé léger	voiture
202100007201	2021	11	20	64445	5	2	6	Rond-Point des Allées de Morlaàs	43.30776	-0.33918	0	1	0	1	0	0	blessé léger	voiture
202100007205	2021	11	11	64122	1	2	1	GRAMMONT (AVENUE - IMPASSE)	43.47596	-1.55272	1	0	0	1	0	0	blessé léger	voiture
202100007793	2021	11	18	64122	5	2	1	Rue Guy Petit	43.47839	-1.55539	0	1	0	1	0	1	blessé hospitalisé	voiture
202100007923	2021	11	18	64067	2	1	1	départementale	43.25982	-0.28988	1	0	0	2	1	1	tué	voiture
202100009192	2021	11	17	64122	1	2	1	""KENNEDY (AVENUE DU PRESIDENT J,F)""	43.4719	-1.55549	1	0	0	1	0	1	blessé hospitalisé	deux-roues motorisé
202100009234	2021	11	14	64445	1	2	1	MARECHAL LECLERC DU	43.30569	-0.33701	1	0	0	1	0	1	blessé hospitalisé	voiture
202100009502	2021	11	15	64410	1	2	2	9 Avenue de Monein	43.36531	-0.62612	1	0	0	1	1	0	tué	voiture
202100010014	2021	10	17	64132	1	2	1	COMMANDANT RENE MOUCHOTTE DU	43.30274	-0.31961	0	1	0	1	0	0	blessé léger	voiture
202100010143	2021	10	07	64102	5	2	1	SOULT (AVENUE MARECHAL)	43.48535	-1.49375	1	0	0	1	0	0	blessé léger	voiture
202100010507	2021	10	16	64129	1	2	6	65 Route de Bayonne	43.30489	-0.40188	0	1	0	1	0	0	blessé léger	voiture
202100010876	2021	10	11	64445	1	2	6	ALLEES DE MORLAAS DES	43.30773	-0.33913	0	1	0	1	0	0	blessé léger	voiture
202100010877	2021	10	10	64102	1	2	1	ALSACE LORRAINE (BOULEVARD)	43.4952	-1.46984	1	0	0	1	0	0	blessé léger	voiture
202100011342	2021	10	14	64445	1	2	1	CHAMPETIER DE RIBES	43.30407	-0.37766	1	0	0	1	0	0	blessé léger	voiture
202100011372	2021	10	10	64024	1	2	1	PONT FRANÇOIS DOMMAIN	43.49436	-1.52821	1	0	0	1	0	1	blessé hospitalisé	utilitaire
202100012003	2021	10	14	64335	1	2	6	SALIE	43.33617	-0.4343	0	1	0	1	0	0	blessé léger	voiture
202100012086	2021	10	18	64410	1	2	1	Avenue Henri IV	43.37213	-0.63009	1	0	0	1	0	0	blessé léger	voiture
202100012194	2021	10	13	64445	1	2	1	PAIX	43.31857	-0.34555	0	1	0	1	0	0	blessé léger	voiture
202100012427	2021	10	16	64249	1	2	1	RD810	43.42556	-1.60412	0	1	0	1	0	1	blessé hospitalisé	voiture
202100012428	2021	10	12	64483	1	2	6	PASSICOT JEAN MARTIN (BD DU COMMANDANT)	43.38598	-1.66213	0	1	0	1	1	0	tué	bus ou car
202100012429	2021	10	18	64269	1	2	6	BEARN DU	43.30123	-0.30711	0	1	0	1	0	0	blessé léger	voiture
202100013242	2021	10	07	64269	5	1	1	Route de Tarbes	43.2993	-0.30698	0	1	0	1	0	1	blessé hospitalisé	voiture
202100013505	2021	10	17	64335	1	2	6	Avenue Santos Dumont	43.32062	-0.42327	0	0	1	1	0	0	blessé léger	voiture
202100013511	2021	10	07	64024	5	2	1	Avenue de Maignon	43.48022	-1.50893	1	0	0	1	0	0	blessé léger	voiture
202100013513	2021	10	07	64102	1	2	1	JACQUES LOEB (AVENUE DE L'INTERNE)	43.48076	-1.48304	1	0	0	1	0	0	blessé léger	deux-roues motorisé
202100013626	2021	10	07	64445	2	2	6	ROND POINT DES DROITS DE L'HOMME	43.31276	-0.36841	0	1	0	1	0	0	blessé léger	voiture
202100013806	2021	10	18	64545	1	1	1	CAMIETA (ALLEE DE)	43.37637	-1.66932	1	0	0	1	0	0	blessé léger	voiture
202100014308	2021	10	17	64445	1	2	3	RECTEUR JEAN SARRAILH	43.30976	-0.36987	1	0	0	1	1	0	tué	voiture
202100014350	2021	10	08	64260	1	2	1	IRANDATZ ( RUE D')	43.35355	-1.7734	1	0	0	1	0	0	blessé léger	voiture
202100014351	2021	10	12	64122	1	1	1	DASSAULT MARCEL (BD)	43.45004	-1.55979	1	0	0	1	0	1	blessé hospitalisé	deux-roues motorisé
202100014352	2021	10	15	64122	1	2	1	""KENNEDY (AVENUE DU PRESIDENT J,F)""	43.46642	-1.55391	1	0	0	2	0	1	blessé hospitalisé	voiture
202100014888	2021	10	10	64371	1	2	2	34 boulevard gambetta	43.22288	-0.89128	1	0	0	1	0	1	blessé hospitalisé	voiture
202100015836	2021	10	09	64126	1	2	3	RUE LOUIS BARTHOU	43.17575	-0.60672	1	0	0	1	0	1	blessé hospitalisé	voiture
202100015894	2021	9	13	64237	1	1	6	D 802	43.27887	-0.37522	0	1	0	1	0	0	blessé léger	voiture
202100016135	2021	9	07	64445	1	2	2	SERGENT BERNES CAMBOT DU	43.30494	-0.37052	1	0	0	1	0	0	blessé léger	voiture
202100016877	2021	9	09	64260	1	2	1	HAPETENIA (RUE DE)	43.35205	-1.7703	1	0	0	1	0	0	blessé léger	voiture
202100016878	2021	9	11	64445	1	2	1	ALSACE LORRAINE D'	43.30457	-0.36794	0	1	0	1	0	0	blessé léger	voiture
202100017439	2021	9	17	64284	1	2	1	BERNADOTTE	43.2854	-0.38072	0	1	0	1	0	0	blessé léger	voiture
202100017629	2021	9	07	64102	1	2	1	BASTIAT (RUE FREDERIC)	43.49214	-1.47155	1	0	0	1	0	0	blessé léger	deux-roues motorisé
202100017824	2021	9	10	64445	1	2	6	ERIC TABARLY	43.31856	-0.36007	0	1	0	1	0	0	blessé léger	voiture
202100018131	2021	9	04	64024	5	2	1	BAYONNE (AVENUE DE)	43.48178	-1.50871	0	1	0	1	0	1	blessé hospitalisé	voiture
202100018467	2021	9	17	64218	1	1	1	RD428	43.07438	-1.18893	1	0	0	1	0	0	blessé léger	voiture
202100018552	2021	9	12	64445	1	2	1	CONDORCET	43.31581	-0.36211	0	1	0	1	0	0	blessé léger	voiture
202100018655	2021	9	09	64094	1	2	1	RD 936 Route de Bayonne	43.47854	-1.18882	0	1	0	1	0	1	blessé hospitalisé	aucun autre véhicule
202100018752	2021	9	09	64348	1	2	3	CHANOINE DUBARAT DU	43.32295	-0.37937	0	0	1	1	0	0	blessé léger	voiture
202100018934	2021	9	19	64102	1	2	1	GRENET (AVENUE HENRI)	43.49927	-1.48118	1	0	0	1	0	0	blessé léger	voiture
202100018935	2021	9	12	64102	1	2	1	HAMBOUM (CHEMIN DE)	43.49932	-1.45903	1	0	0	1	0	0	blessé léger	voiture
202100019269	2021	9	10	64493	1	2	1	Avenue de Navarre	43.31844	-1.02514	1	0	0	1	1	0	tué	voiture
202100020506	2021	9	12	64129	1	2	1	JEAN MERMOZ	43.31743	-0.37834	1	0	0	1	0	0	blessé léger	voiture
202100020509	2021	9	10	64024	1	2	3	115 Avenue de l’Adour	43.5142	-1.50067	0	1	0	1	0	0	blessé léger	voiture
202100021026	2021	9	14	64132	1	1	1	COMMANDANT RENE MOUCHOTTE DU	43.303	-0.32294	0	1	0	1	0	0	blessé léger	voiture
202100021438	2021	9	16	64445	1	2	1	PAIX	43.32284	-0.37073	0	1	0	1	0	1	blessé hospitalisé	voiture
202100021439	2021	8	17	64102	1	2	3	ALSACE LORRAINE (BOULEVARD)	43.49424	-1.46764	1	0	0	1	0	1	blessé hospitalisé	voiture
202100021440	2021	8	06	64024	5	2	1	ADOUR (AVENUE DE L')	43.50233	-1.49363	0	1	0	1	0	0	blessé léger	deux-roues motorisé
202100022425	2021	8	17	64102	1	2	1	PAULMY (AVENUE DES ALLEES)	43.49462	-1.47883	0	0	1	1	0	0	blessé léger	voiture
202100022706	2021	8	17	64445	1	2	1	BUROS DE	43.32331	-0.3465	0	1	0	1	0	0	blessé léger	voiture
202100022851	2021	8	12	64256	1	2	1	2 Route de Cambo	43.38212	-1.31334	0	1	0	1	0	1	blessé hospitalisé	voiture
202100023049	2021	8	15	64260	1	2	1	CORNICHE (ROUTE DE LA)	43.3751	-1.76093	0	1	0	1	0	0	blessé léger	voiture
202100023270	2021	8	20	64445	2	2	1	MOHEDAN DU	43.3112	-0.37093	0	1	0	1	0	0	blessé léger	aucun autre véhicule
202100023418	2021	8	11	64140	1	2	1	62 avenue Charles de Gaulle	43.52691	-1.46404	1	0	0	1	0	1	blessé hospitalisé	voiture
202100023792	2021	8	12	64065	1	2	9	Route Departementale 918	43.35986	-1.63433	0	1	0	1	0	1	blessé hospitalisé	bus ou car
202100023877	2021	8	12	64024	1	2	1	ADOUR (AVENUE DE L')	43.51322	-1.5002	0	1	0	1	0	0	blessé léger	utilitaire
202100024260	2021	8	20	64483	2	1	1	SENIX (CHEMIN DE)	43.42063	-1.62167	1	0	0	1	0	1	blessé hospitalisé	voiture
202100026284	2021	7	02	64122	5	2	1	""FOCH (AV, DU MARECHAL)""	43.47786	-1.55729	0	1	0	1	0	0	blessé léger	aucun autre véhicule
202100026447	2021	7	15	64102	1	2	9	SOULT (AVENUE MARECHAL)	43.48662	-1.48749	1	0	0	1	0	0	blessé léger	deux-roues motorisé
202100027439	2021	7	20	64490	1	2	1	Le Hameau d Exave	43.23736	-1.31082	0	1	0	1	0	0	blessé léger	voiture
202100027525	2021	7	16	64024	1	2	2	Boulevard du B.a.b.	43.48735	-1.53647	1	0	0	1	0	0	blessé léger	voiture
202100027720	2021	7	15	64260	1	2	6	RUE DES CLEMATITES	43.3716	-1.77271	1	0	0	1	0	0	blessé léger	voiture
202100027905	2021	7	17	64483	1	2	6	RD810	43.41232	-1.61793	0	1	0	0	0	0	indemne	deux-roues motorisé
202100028115	2021	7	09	64348	1	2	1	CHARLES DE GAULLE	43.3069	-0.4051	0	1	0	1	0	1	blessé hospitalisé	deux-roues motorisé
202100028599	2021	7	12	64237	1	1	1	D 802	43.27902	-0.37576	1	0	0	1	0	0	blessé léger	voiture
202100028623	2021	7	16	64132	1	1	1	IDRON D'	43.29105	-0.33165	0	1	0	1	0	0	blessé léger	voiture
202100028626	2021	7	11	64024	1	2	6	BOIS BELIN (RUE DU)	43.4932	-1.52785	0	1	0	1	0	0	blessé léger	voiture
202100028816	2021	7	08	64445	1	2	1	CARNOT	43.30085	-0.36945	0	1	0	1	0	0	blessé léger	voiture
202100028817	2021	7	18	64102	1	2	1	MARINES (AVENUE DES ALLEES)	43.4959	-1.48031	0	0	1	1	0	0	blessé léger	voiture
202100029288	2021	7	02	64024	3	2	1	Promenade des Sources	43.49432	-1.54555	0	1	0	1	0	1	blessé hospitalisé	aucun autre véhicule
202100030546	2021	7	20	64445	1	2	1	FOUCHET	43.31367	-0.37189	0	0	1	1	0	1	blessé hospitalisé	voiture
202100030790	2021	7	18	64445	1	2	1	Rue d’Étigny	43.29603	-0.38228	1	0	0	1	0	1	blessé hospitalisé	voiture
202100031027	2021	7	10	64445	1	2	2	CARNOT	43.29976	-0.36999	0	1	0	1	0	0	blessé léger	voiture
202100031028	2021	6	12	64445	1	2	1	EMILE GARET	43.30004	-0.36242	0	1	0	1	0	0	blessé léger	voiture
202100031036	2021	6	12	64102	1	2	1	SOULT (AVENUE MARECHAL)	43.48368	-1.50096	1	0	0	1	0	0	blessé léger	deux-roues motorisé
202100032260	2021	6	09	64269	1	2	2	BEARN DU	43.3	-0.299	0	1	0	1	0	0	blessé léger	utilitaire
202100032261	2021	6	08	64445	1	2	6	DROITS DE L' HOMME DES	43.313	-0.36898	0	1	0	1	0	0	blessé léger	voiture
202100032418	2021	6	12	64422	1	1	6	D6	43.19537	-0.60041	1	0	0	1	0	1	blessé hospitalisé	voiture
202100032791	2021	6	16	64430	1	2	6	rond point du portugal	43.47745	-0.76192	0	1	0	1	0	1	blessé hospitalisé	voiture
202100032855	2021	6	08	64445	1	2	1	TRESPOEY DE	43.29901	-0.35521	0	1	0	1	0	0	blessé léger	voiture
202100033561	2021	6	15	64545	1	2	3	RUE MUNHOA	43.34598	-1.69325	0	1	0	1	0	0	blessé léger	utilitaire
202100033562	2021	6	13	64445	1	2	1	HAUTERIVE	43.32433	-0.34887	1	0	0	1	0	0	blessé léger	voiture
202100033564	2021	6	18	64024	1	2	2	BAHINOS (ROUTE DE)	43.51355	-1.50039	0	1	0	1	0	0	blessé léger	voiture
202100034248	2021	6	09	64129	1	2	6	RUE DES ENTREPRENEURSS	43.30072	-0.40964	0	0	1	1	0	0	blessé léger	poids lourd
202100034498	2021	6	08	64317	1	1	1	D932	43.38401	-1.44442	0	1	0	2	0	1	blessé hospitalisé	aucun autre véhicule
202100034572	2021	6	11	64129	1	2	6	BAYONNE DE	43.30489	-0.40138	0	1	0	1	0	0	blessé léger	voiture
202100034748	2021	6	09	64545	1	2	3	11 Rue Paul Gélos	43.37846	-1.67082	0	1	0	1	1	0	tué	utilitaire
202100034975	2021	6	08	64024	1	2	3	BARRE (PROMENADE DE LA)	43.49892	-1.52763	0	1	0	1	0	0	blessé léger	voiture
202100035137	2021	6	13	64279	1	1	1	D349 PAS DE ROLLAND	43.31425	-1.40061	1	0	0	2	0	1	blessé hospitalisé	voiture
202100035445	2021	6	18	64373	1	2	1	GENERAL DE GAULLE DU	43.28037	-0.36044	1	0	0	1	0	0	blessé léger	utilitaire
202100035698	2021	6	13	64483	1	2	1	ITHURRICO ETCHEA (RUE)	43.38828	-1.6489	1	0	0	1	0	0	blessé léger	voiture
202100035699	2021	6	19	64445	1	2	6	PIERRE MASSE	43.3147	-0.35739	0	0	1	1	0	0	blessé léger	voiture
202100035700	2021	6	09	64129	1	2	6	BAYONNE DE	43.30511	-0.40122	0	0	1	1	0	0	blessé léger	voiture
202100036029	2021	6	18	64422	1	2	1	Rue Léon Jouhaux	43.19897	-0.61207	0	1	0	1	0	1	blessé hospitalisé	voiture
202100036400	2021	6	08	64445	1	2	1	TOURASSE	43.30899	-0.34303	1	0	0	1	0	1	blessé hospitalisé	voiture
202100036783	2021	6	08	64024	1	2	6	BUTTE AUX CAILLES (ROND POINT DE LA)	43.49694	-1.50975	0	1	0	1	0	0	blessé léger	voiture
202100036984	2021	6	16	64335	1	2	3	IMPASSE DU GALOP	43.32225	-0.41602	0	0	1	1	0	1	blessé hospitalisé	voiture
202100037158	2021	5	18	64445	1	2	9	PAIX	43.31946	-0.3489	1	0	0	1	0	0	blessé léger	voiture
202100037214	2021	5	17	64335	1	2	2	MAURICE COUSTEAU	43.33414	-0.41995	0	1	0	1	0	0	blessé léger	voiture
202100037552	2021	5	15	64445	1	2	1	JEAN MERMOZ	43.3226	-0.37957	1	0	0	1	0	0	blessé léger	voiture
202100037992	2021	5	10	64348	1	2	1	avenue des Martyrs du Pont Long	43.3479	-0.38004	0	1	0	1	0	0	blessé léger	voiture
202100038343	2021	5	20	64125	1	2	1	Impasse Hego Alde	43.44146	-1.57284	0	0	1	1	0	1	blessé hospitalisé	aucun autre véhicule
202100039056	2021	2	09	64260	1	2	6	ALLEES (RUE DES)	43.35517	-1.77454	1	0	0	1	0	0	blessé léger	voiture
202100039090	2021	5	19	64445	1	2	1	TOURASSE	43.311	-0.3621	0	1	0	1	0	0	blessé léger	voiture
202100039274	2021	5	17	64129	1	2	3	BAYONNE DE	43.30425	-0.4003	0	1	0	1	0	0	blessé léger	voiture
202100040162	2021	5	17	64445	1	2	3	CARNOT	43.29916	-0.37026	0	1	0	1	0	0	blessé léger	voiture
202100040163	2021	5	14	64445	1	2	1	FAGET DE BAURE	43.29822	-0.37225	1	0	0	1	0	0	blessé léger	voiture
202100040813	2021	5	17	64316	1	1	1	RD 19 PK 4+500	43.02093	-0.99347	0	1	0	1	0	0	blessé léger	aucun autre véhicule
202100040895	2021	5	16	64445	1	2	3	ARSENE D'ARSONVAL	43.30852	-0.3634	0	1	0	1	0	0	blessé léger	voiture
202100040896	2021	5	07	64445	1	2	3	LYAUTEY	43.3044	-0.3673	0	1	0	1	0	0	blessé léger	utilitaire
202100041085	2021	5	15	64140	1	2	1	R.N. 10	43.52411	-1.46456	1	0	0	0	0	0	indemne	voiture
202100042300	2021	4	18	64102	1	2	1	GENERAL EUGENE BOUET (RUE DU)	43.5012	-1.46746	1	0	0	1	0	0	blessé léger	voiture
202100042584	2021	4	16	64024	1	2	1	MAIGNON (ROUTE DE)	43.4753	-1.50142	1	0	1	1	0	0	blessé léger	aucun autre véhicule
202100042640	2021	4	10	64495	1	2	6	D918	43.3513	-1.54948	0	1	0	1	0	1	blessé hospitalisé	voiture
202100042849	2021	4	09	64545	1	2	1	RD810	43.3747	-1.67917	0	1	0	1	0	0	blessé léger	voiture
202100042850	2021	4	18	64348	1	2	6	SANTONA DE	43.32281	-0.39954	0	1	0	1	0	1	blessé hospitalisé	voiture
202100042851	2021	4	16	64445	1	2	3	TOURASSE	43.30844	-0.34024	0	1	0	1	0	1	blessé hospitalisé	voiture
202100042853	2021	4	12	64122	1	2	6	LA NEGRESSE (CARREFOUR DE LA)	43.46028	-1.54792	0	1	0	1	0	1	blessé hospitalisé	voiture
202100042986	2021	4	15	64230	1	2	1	Chemin de Berdoulou	43.20907	-0.39542	0	1	0	1	0	0	blessé léger	aucun autre véhicule
202100043147	2021	4	17	64102	1	2	1	BASQUE (AVENUE DU GRAND)	43.49169	-1.45399	0	1	0	1	0	0	blessé léger	deux-roues motorisé
202100043148	2021	4	17	64024	1	2	6	RAYON VERT (ROND POINT DU)	43.501	-1.53842	0	1	0	1	0	1	blessé hospitalisé	voiture
202100043762	2021	4	09	64102	1	2	2	MARENGO (RUE)	43.49101	-1.47395	1	0	0	1	0	1	blessé hospitalisé	utilitaire
202100043869	2021	4	19	64024	1	2	3	MAIGNON (ROUTE DE)	43.47896	-1.50491	0	1	0	1	0	0	blessé léger	voiture
202100044640	2021	4	14	64478	1	1	3	D217	43.28831	-0.43817	0	1	0	1	0	0	blessé léger	voiture
202100044808	2021	4	12	64445	1	2	6	CONDORCET	43.3116	-0.36281	0	1	0	1	0	0	blessé léger	bus ou car
202100044809	2021	4	10	64445	1	2	1	CARNOT	43.30101	-0.36945	0	1	0	1	0	0	blessé léger	voiture
202100044810	2021	2	10	64445	1	2	6	COMMANDANT RENE MOUCHOTTE DU	43.3055	-0.3296	1	0	0	1	0	0	blessé léger	voiture
202100044903	2021	2	08	64483	2	2	1	ITHURRALDE ANDRE (AVENUE)	43.39437	-1.64957	1	0	0	1	0	0	blessé léger	voiture
202100044904	2021	1	10	64483	1	2	2	VEYRIN PHILIPPE (RUE)	43.38553	-1.6565	1	0	0	1	0	0	blessé léger	voiture
202100044933	2021	2	13	64545	1	2	1	SOUHARA (ROUTE DE)	43.37382	-1.67871	1	0	0	1	0	0	blessé léger	voiture
202100045372	2021	4	15	64445	1	2	9	LOUIS SALLENAVE	43.3169	-0.36029	0	1	0	1	0	0	blessé léger	voiture
202100045572	2021	3	13	64102	1	2	9	PAUL PRAS (AVENUE)	43.48311	-1.47674	1	0	0	1	0	1	blessé hospitalisé	voiture
202100045573	2021	3	11	64102	1	2	9	BARTHES (CHEMIN DES)	43.4954	-1.49415	1	0	0	1	0	0	blessé léger	utilitaire
202100045687	2021	4	16	64198	1	1	1	chemin de labastide	43.36715	-0.52148	1	1	0	1	0	0	blessé léger	aucun autre véhicule
202100046077	2021	3	15	64237	1	2	3	GABIZOS DU	43.27894	-0.3753	0	1	0	1	0	0	blessé léger	voiture
202100046178	2021	2	20	64160	5	2	2	Allée Anne de Neubourg	43.35778	-1.39604	1	0	0	1	0	0	blessé léger	voiture
202100046509	2021	3	06	64102	5	2	3	SOULT (AVENUE MARECHAL)	43.48519	-1.49401	0	1	0	1	0	0	blessé léger	deux-roues motorisé
202100046591	2021	3	17	64445	1	2	2	EMILE GARET	43.30091	-0.36174	0	0	1	1	0	0	blessé léger	voiture
202100046901	2021	3	17	64445	1	2	6	LAURIERS DES	43.30176	-0.34464	0	1	0	1	0	0	blessé léger	voiture
202100046903	2021	3	08	64024	1	2	1	CHAMBRE D'AMOUR (AVENUE DE LA)	43.49508	-1.53327	1	0	0	1	0	1	blessé hospitalisé	voiture
202100047035	2021	3	18	64237	1	2	1	PASTEUR	43.2811	-0.37948	1	0	0	1	0	0	blessé léger	voiture
202100047090	2021	3	14	64417	1	2	1	Chemin de la Montjoie	43.17854	-0.2573	1	0	0	1	0	1	blessé hospitalisé	voiture
202100047619	2021	3	07	64249	1	2	1	GETARIA(AVENUE)	43.425	-1.60438	1	0	0	1	0	0	blessé léger	deux-roues motorisé
202100047918	2021	3	13	64545	1	2	6	11 rue de poutillenea	43.38304	-1.69282	1	0	0	1	0	0	blessé léger	voiture
202100048398	2021	3	08	64024	1	2	6	MONTAURY (ROND POINT DU PARC)	43.48031	-1.50915	0	1	0	1	0	0	blessé léger	voiture
202100048529	2021	3	11	64445	1	2	2	MARGUERITE LABORDE	43.30014	-0.36702	0	1	0	1	0	0	blessé léger	voiture
202100048530	2021	3	17	64284	1	2	3	CHEMIN SOUBACQ	43.27785	-0.38718	0	1	0	1	0	0	blessé léger	utilitaire
202100048533	2021	3	18	64024	1	2	6	MONTAURY (ROND POINT DU PARC)	43.48037	-1.50912	0	1	0	1	0	0	blessé léger	voiture
202100048847	2021	3	10	64445	1	2	6	ETIGNY D'	43.29628	-0.37589	1	1	0	2	0	0	blessé léger	aucun autre véhicule
202100049079	2021	3	14	64125	1	2	1	BAYONNE (AVENUE DE)	43.44796	-1.57429	1	0	0	1	0	1	blessé hospitalisé	voiture
202100049316	2021	3	11	64275	1	2	1	Avenue Colonel Beltrame	43.16869	-1.2293	1	0	0	1	0	1	blessé hospitalisé	voiture
202100049381	2021	3	16	64445	1	2	1	AVENUE DE GENERAL LECLERC	43.30376	-0.34631	0	1	0	1	0	0	blessé léger	voiture
202100049630	2021	3	16	64122	1	2	1	CHIQUITO DE CAMBO (RUE)	43.45763	-1.55307	0	1	0	1	0	1	blessé hospitalisé	aucun autre véhicule
202100050011	2021	2	10	64102	1	2	1	LOUISE DARRACQ (AVENUE)	43.49417	-1.48168	0	1	0	1	0	1	blessé hospitalisé	voiture
202100050322	2021	2	17	64348	1	1	3	MARTYRS DU PONT LONG DES	43.34831	-0.37998	0	1	0	1	0	0	blessé léger	voiture
202100051040	2021	2	08	64445	1	2	2	BEZIOU	43.30457	-0.37993	1	0	0	1	0	0	blessé léger	voiture
202100051276	2021	2	11	64445	1	2	2	ETIGNY D'	43.29599	-0.37861	1	0	0	1	0	0	blessé léger	voiture
202100051279	2021	2	13	64140	1	2	3	DOUANE (QUAI DE LA)	43.52246	-1.48988	0	1	0	1	0	0	blessé léger	voiture
202100051422	2021	2	13	64445	1	2	3	COLONEL GLOXIN DU	43.29043	-0.38298	0	1	0	1	0	0	blessé léger	voiture
202100051424	2021	2	12	64024	1	2	3	ADOUR (AVENUE DE L')	43.51351	-1.5004	1	0	0	1	0	1	blessé hospitalisé	voiture
202100051668	2021	2	16	64102	1	2	1	HARGOUS (CHEMIN DE)	43.50421	-1.46343	1	0	0	1	0	0	blessé léger	voiture
202100052416	2021	2	08	64445	1	2	2	BOSQUET	43.29712	-0.36652	0	0	1	1	0	0	blessé léger	voiture
202100052417	2021	2	17	64445	1	2	1	BENGHOZI AUDREY	43.319	-0.3663	1	1	0	2	0	0	blessé léger	aucun autre véhicule
202100052418	2021	2	08	64335	1	2	1	SAINTE-CATHERINE	43.32638	-0.44043	1	0	0	1	0	0	blessé léger	voiture
202100052664	2021	2	18	64024	5	2	3	BAYONNE (AVENUE DE)	43.48102	-1.51201	0	1	0	1	0	0	blessé léger	aucun autre véhicule
202100052763	2021	2	17	64445	1	1	1	BEARN DE	43.30134	-0.35599	0	1	0	1	0	0	blessé léger	voiture
202100052765	2021	2	08	64102	1	2	1	DARRIGRAND (AVENUE JEAN)	43.4793	-1.49001	1	0	0	1	0	0	blessé léger	voiture
202100052877	2021	2	19	64445	5	2	2	MIRABELLE	43.30693	-0.37705	0	1	0	1	0	0	blessé léger	voiture
202100053190	2021	1	08	64335	1	2	1	CARREROT	43.3303	-0.42306	1	0	0	1	0	1	blessé hospitalisé	voiture
202100053524	2021	1	15	64526	1	2	7	allée des platanes	43.26578	-0.18792	1	0	0	1	0	1	blessé hospitalisé	voiture
202100054051	2021	1	08	64445	2	2	1	LILAS DES	43.30596	-0.34945	0	1	0	1	0	0	blessé léger	voiture
202100054052	2021	1	17	64445	1	2	3	HENRI FAISANS	43.30037	-0.36047	1	0	0	1	0	0	blessé léger	voiture
202100054053	2021	1	15	64102	1	2	1	LIBERTE (PLACE DE LA)	43.49284	-1.47493	1	0	0	1	0	0	blessé léger	voiture
202100054425	2021	1	09	64445	1	2	3	JEAN MERMOZ	43.31658	-0.37817	1	0	0	1	0	1	blessé hospitalisé	voiture
202100054882	2021	1	09	64260	1	2	3	LARROUN (RUE DE)	43.36536	-1.76933	0	1	0	1	0	0	blessé léger	voiture
202100054887	2021	1	19	64024	5	2	3	BARTHES (RUE DES)	43.48349	-1.50814	1	0	0	1	1	0	tué	utilitaire
202100055470	2021	1	23	64445	5	2	1	JEAN MERMOZ	43.31254	-0.37743	1	0	0	1	0	0	blessé léger	voiture
202100055776	2021	1	14	64102	1	2	1	AQUITAINE (AVENUE DE L')	43.48685	-1.47	0	1	0	1	0	0	blessé léger	voiture
202100055777	2021	1	09	64102	1	2	1	29 Avenue Maréchal Juin	43.49319	-1.45851	1	0	0	1	0	1	blessé hospitalisé	voiture
202100056088	2021	1	16	64410	1	2	3	avenue Henry IV	43.37262	-0.62871	0	1	0	1	0	0	blessé léger	voiture
202100056248	2021	1	07	64445	5	2	6	JEAN JACQUES DE MONAIX	43.30373	-0.35611	0	1	0	1	0	0	blessé léger	voiture
202100056362	2021	1	08	64138	1	2	3	Impasse Cap-sus	43.23095	-0.27658	0	1	0	1	0	0	blessé léger	voiture
202100056399	2021	1	08	64122	1	2	1	9 Rue du Reptou	43.47189	-1.55624	1	0	0	1	0	1	blessé hospitalisé	voiture
202100056508	2021	1	12	64400	1	1	1	chemin d'Arribe	43.14657	-0.19554	0	1	0	1	0	1	blessé hospitalisé	aucun autre véhicule
202200000362	2022	5	17	64445	1	2	4	HENRI FAISANS	43.30091	-0.35968	0	1	0	1	0	0	blessé léger	voiture
202200000363	2022	5	14	64445	1	2	1	Boulevard d’Alsace Lorraine	43.30236	-0.36039	0	1	0	1	0	0	blessé léger	voiture
202200000491	2022	5	17	64477	1	2	1	D15	43.18146	-1.32453	1	0	0	1	0	0	blessé léger	utilitaire
202200000714	2022	3	07	64335	1	2	1	TARBES DE	43.33146	-0.4126	1	0	0	1	0	0	blessé léger	voiture
202200000716	2022	3	12	64122	1	2	1	MADRID (RUE DE)	43.46762	-1.57117	0	1	0	1	0	0	blessé léger	aucun autre véhicule
202200000717	2022	3	15	64102	1	2	1	Avenue Interne Jacques Loeb	43.48276	-1.48257	1	0	0	1	0	1	blessé hospitalisé	voiture
202200000833	2022	10	17	64129	1	2	1	Avenue de la Republique	43.30331	-0.39534	0	1	0	1	0	0	blessé léger	voiture
202200001069	2022	9	12	64445	1	2	3	avenue Dufau	43.30464	-0.36819	0	1	0	1	0	0	blessé léger	voiture
202200001385	2022	8	11	64483	1	1	1	Chemin d’Iratchabal	43.3934	-1.6277	0	1	0	1	0	0	blessé léger	voiture
202200001518	2022	5	10	64122	1	2	6	Rue Peyroloubilh	43.47881	-1.56474	0	1	0	1	0	0	blessé léger	voiture
202200001799	2022	11	11	64393	1	1	4	Route De Cuqueron	43.3218	-0.55315	0	1	0	1	0	1	blessé hospitalisé	voiture
202200002466	2022	10	17	64445	1	2	1	RECTEUR JEAN SARRAILH	43.30999	-0.36961	0	1	0	1	0	0	blessé léger	voiture
202200002469	2022	10	18	64102	1	2	1	Boulevard Alsace-Lorraine	43.49529	-1.46972	0	1	0	1	0	0	blessé léger	voiture
202200002636	2022	9	10	64284	1	1	1	avenue du 8 mai 1945	43.28026	-0.38274	0	1	0	1	0	0	blessé léger	poids lourd
202200003489	2022	3	09	64445	1	1	1	Avenue du Loup	43.31914	-0.34919	0	1	0	1	0	0	blessé léger	utilitaire
202200003528	2022	6	08	64445	1	2	6	LEON BLUM	43.32033	-0.32744	0	1	0	1	0	0	blessé léger	voiture
202200003534	2022	6	19	64102	1	2	1	Avenue de la Légion Tchèque	43.49357	-1.49231	1	0	0	1	0	0	blessé léger	voiture
202200004139	2022	9	15	64419	1	2	1	2 D817	43.26955	-0.19912	0	1	0	1	0	1	blessé hospitalisé	voiture
202200004595	2022	7	12	64147	1	2	1	LE BOURG	43.45963	-1.32996	0	1	0	1	1	0	tué	aucun autre véhicule
202200004654	2022	8	19	64445	1	2	1	chemin Larribau	43.30327	-0.32963	1	0	0	1	0	1	blessé hospitalisé	voiture
202200004655	2022	8	07	64284	1	2	1	rue de l'artisanat	43.2927	-0.40412	0	1	0	1	0	0	blessé léger	utilitaire
202200004657	2022	8	09	64024	1	2	6	Rue des Cinq Cantons	43.49348	-1.528	1	0	0	1	0	0	blessé léger	voiture
202200004739	2022	11	16	64445	1	2	2	rue Jean-Jacques de Monaix	43.30341	-0.35713	1	0	0	1	0	1	blessé hospitalisé	voiture
202200005911	2022	12	16	64065	1	1	1	départementale 4 PK 010.300, col St Ignace	43.33792	-1.61576	0	1	0	1	0	1	blessé hospitalisé	voiture
202200005971	2022	9	16	64227	1	2	2	15 Route de Vic	43.36399	-0.21207	0	1	0	1	0	1	blessé hospitalisé	utilitaire
202200006360	2022	7	13	64545	1	1	1	D404	43.32412	-1.68636	0	1	0	1	0	0	blessé léger	voiture
202200006459	2022	7	22	64559	5	2	4	7 route principale	43.24105	-0.88054	0	1	0	1	0	1	blessé hospitalisé	aucun autre véhicule
202200006855	2022	11	17	64129	2	2	1	JEAN MERMOZ	43.31521	-0.37798	1	0	0	1	0	0	blessé léger	voiture
202200007917	2022	10	23	64129	5	2	1	Avenue Jean Mermoz	43.314	-0.37796	0	0	1	1	0	0	blessé léger	aucun autre véhicule
202200007919	2022	10	12	64445	1	2	2	avenue Bié Moulié	43.30424	-0.34421	0	1	0	1	0	0	blessé léger	voiture
202200007921	2022	10	10	64102	1	2	1	Boulevard d'Aritxague	43.48872	-1.49174	1	0	0	1	0	1	blessé hospitalisé	voiture
202200008557	2022	2	11	64132	1	2	2	RENE CHAR	43.30687	-0.32773	0	1	0	1	0	0	blessé léger	voiture
202200008558	2022	2	08	64348	1	1	6	MARTYRS DU PONT LONG DES	43.3393	-0.38	0	1	0	1	0	0	blessé léger	voiture
202200008740	2022	8	17	64445	1	2	6	rond-point des allées de Morlaàs	43.30826	-0.33853	0	1	0	1	0	0	blessé léger	voiture
202200008742	2022	8	16	64024	1	2	1	Rue de Quesnel	43.48002	-1.52255	0	0	1	1	0	0	blessé léger	voiture
202200008888	2022	6	21	64024	1	2	3	CAVALIERS (PLAGE DES)	43.51996	-1.5232	0	1	0	1	0	0	blessé léger	voiture
202200009194	2022	11	06	64122	3	2	1	Boulevard Marcel Dassault	43.46924	-1.53841	1	0	0	1	0	0	blessé léger	voiture
202200009511	2022	4	17	64496	1	2	1	Avenue du Labourd	43.47719	-1.45748	1	0	0	1	0	1	blessé hospitalisé	voiture
202200010874	2022	5	17	64237	1	2	9	GELOS DE	43.28492	-0.37806	1	0	0	1	0	0	blessé léger	voiture
202200010945	2022	11	08	64102	1	2	1	Rue Denis Etcheverry	43.49469	-1.46717	1	0	0	1	0	0	blessé léger	voiture
202200011668	2022	9	17	64284	1	2	1	OLLE LAPRUNE	43.28481	-0.38775	0	1	0	1	0	0	blessé léger	voiture
202200011670	2022	9	12	64348	1	2	6	EUROPE DE L'	43.32099	-0.39194	0	1	0	1	0	0	blessé léger	deux-roues motorisé
202200011672	2022	9	09	64237	1	2	6	D 802	43.27904	-0.37558	0	1	0	1	0	0	blessé léger	voiture
202200011673	2022	9	04	64024	5	2	1	Avenue de Bayonne	43.48099	-1.5122	1	0	0	1	0	1	blessé hospitalisé	voiture
202200012457	2022	10	18	64147	1	2	1	ROUTE DE BARDOS	43.46126	-1.32957	1	0	0	3	0	1	blessé hospitalisé	utilitaire
202200012705	2022	11	16	64132	1	2	9	COMMANDANT RENE MOUCHOTTE DU	43.30425	-0.32077	1	0	0	1	0	0	blessé léger	voiture
202200013082	2022	12	17	64445	2	2	1	HONORE BARADAT	43.30456	-0.3663	1	0	0	1	0	0	blessé léger	voiture
202200013094	2022	12	09	64102	1	2	3	Boulevard Jean Jaurès	43.49339	-1.4615	1	0	0	1	0	0	blessé léger	voiture
202200013399	2022	9	11	64445	1	1	6	rond point PIERRE BOURDIEU	43.32315	-0.32558	0	1	0	1	0	0	blessé léger	voiture
202200014070	2022	6	13	64445	1	1	1	CATHERINE DE BOURBON	43.31897	-0.35996	1	0	0	1	0	0	blessé léger	voiture
202200014523	2022	7	17	64122	1	1	1	GABRIELLE DORZIAT (ALLEE)	43.45927	-1.55594	0	1	0	1	0	1	blessé hospitalisé	voiture
202200014835	2022	11	12	64445	1	2	1	avenue de Montardon	43.31506	-0.37575	1	0	0	1	0	0	blessé léger	voiture
202200014838	2022	11	19	64348	5	1	6	Avenue du Tonkin	43.31718	-0.39494	0	1	0	1	0	1	blessé hospitalisé	voiture
202200014841	2022	11	18	64445	4	2	1	rue Henri IV	43.2946	-0.37231	1	0	0	2	0	0	blessé léger	voiture
202200016301	2022	10	08	64407	2	1	1	1849 Chemin de Cigaro	43.48193	-1.42221	0	1	0	1	0	0	blessé léger	aucun autre véhicule
202200016397	2022	7	11	64436	1	2	3	D918	43.23474	-1.29689	0	1	0	1	0	1	blessé hospitalisé	utilitaire
202200016603	2022	11	19	64129	5	2	3	Rue Jeanne Lassansaa	43.30195	-0.39232	0	0	1	1	0	0	blessé léger	voiture
202200016605	2022	11	18	64445	5	2	3	TOURASSE	43.31126	-0.35644	0	0	1	1	0	0	blessé léger	voiture
202200016761	2022	2	07	64445	2	2	1	PAIX	43.3217	-0.36316	1	0	0	1	0	0	blessé léger	voiture
202200017193	2022	9	14	64125	1	2	9	Rue de Bassilour	43.43005	-1.57302	0	0	1	1	0	1	blessé hospitalisé	voiture
202200017251	2022	5	17	64260	1	2	1	Avenue des Allées	43.35507	-1.77459	1	0	0	1	0	0	blessé léger	deux-roues motorisé
202200017263	2022	12	22	64102	5	2	1	Avenue Maréchal Soult	43.48476	-1.49633	0	1	0	1	0	1	blessé hospitalisé	voiture
202200017265	2022	5	17	64445	1	2	1	boulevard corps franc Pommiès 49 RI	43.30685	-0.33469	0	1	0	1	1	0	tué	voiture
202200018053	2022	10	18	64445	1	2	1	avenue du général de Gaulle	43.30145	-0.35807	1	0	0	1	0	0	blessé léger	voiture
202200018355	2022	11	14	64445	1	1	1	BARINCOU DE	43.32108	-0.36392	0	1	0	1	0	0	blessé léger	voiture
202200018897	2022	1	13	64445	1	2	1	LEON BERARD	43.31219	-0.36742	1	0	0	1	0	0	blessé léger	voiture
202200019796	2022	6	19	64445	1	2	1	rue Ronsard	43.31876	-0.35987	0	1	0	1	0	0	blessé léger	voiture
202200020820	2022	7	08	64445	2	2	6	avenue de l'Europe	43.31865	-0.30796	0	1	0	1	0	1	blessé hospitalisé	poids lourd
202200020848	2022	5	18	64445	1	2	3	avenue des lilas	43.32148	-0.33996	0	0	1	1	0	0	blessé léger	voiture
202200020849	2022	5	17	64132	1	2	1	boulevard corps franc Pommiès	43.30659	-0.32716	1	0	0	1	0	0	blessé léger	voiture
202200021506	2022	4	12	64348	1	2	3	Rue de Rebèque	43.31697	-0.42368	0	1	0	1	0	0	blessé léger	voiture
202200021570	2022	6	23	64138	3	2	1	Avenue de la Bigorre	43.24332	-0.26547	1	0	0	2	0	0	blessé léger	voiture
202200022037	2022	10	13	64284	1	2	6	avenue du corps franc pommies	43.29294	-0.3866	0	1	0	1	0	0	blessé léger	utilitaire
202200022038	2022	10	20	64445	5	2	1	rue de Liège	43.30048	-0.37514	1	0	0	1	0	0	blessé léger	voiture
202200022280	2022	11	15	64433	1	2	1	Route de Bedous	42.99537	-0.61405	0	1	0	1	0	1	blessé hospitalisé	voiture
202200022287	2022	1	10	64445	1	2	1	Cours Léon Bérard	43.31219	-0.36741	0	1	0	1	0	1	blessé hospitalisé	voiture
202200022488	2022	11	11	64445	1	2	3	rue de l'abbé Brémond	43.30683	-0.36643	0	1	0	1	0	0	blessé léger	voiture
202200022718	2022	7	06	64445	1	2	1	avenue du général de Gaulle	43.30248	-0.35266	0	0	1	1	0	0	blessé léger	voiture
202200023949	2022	1	17	64024	1	2	3	Rue du Moulin Barbot	43.49971	-1.53658	0	1	0	1	0	0	blessé léger	voiture
202200024083	2022	11	19	64122	5	2	1	Avenue Edith Cavell	43.49092	-1.54474	0	1	0	1	0	0	blessé léger	deux-roues motorisé
202200024126	2022	10	08	64445	1	2	1	avenue Louis Sallenave	43.31619	-0.36112	1	0	0	1	0	0	blessé léger	voiture
202200024128	2022	10	18	64445	1	2	1	boulevard Lucien Favre	43.3189	-0.36053	0	1	0	1	0	0	blessé léger	voiture
202200024195	2022	1	17	64371	1	2	1	Boulevard gambetta	43.22332	-0.89077	0	1	0	1	0	1	blessé hospitalisé	voiture
202200024503	2022	7	18	64125	1	2	1	Avenue du Plateau	43.44502	-1.58387	1	0	0	1	0	0	blessé léger	deux-roues motorisé
202200024771	2022	5	17	64445	1	2	2	avenue Trespoey	43.29882	-0.35194	0	1	0	1	0	0	blessé léger	voiture
202200025039	2022	3	10	64445	1	2	2	Avenue du Général Leclerc	43.30267	-0.35201	1	0	0	1	0	1	blessé hospitalisé	voiture
202200025329	2022	6	09	64066	1	2	1	D15	43.16775	-1.25254	1	0	0	1	1	0	tué	voiture
202200025415	2022	6	08	64304	1	1	1	Route de l Adour	43.49551	-1.41181	0	1	0	1	0	1	blessé hospitalisé	utilitaire
202200025525	2022	6	17	64102	1	2	1	Avenue de la Légion Tchèque	43.49231	-1.4865	0	1	0	2	0	0	blessé léger	voiture
202200025718	2022	1	18	64445	5	2	1	Place de la Monnaie	43.29418	-0.37612	0	1	0	1	0	0	blessé léger	voiture
202200025720	2022	1	10	64129	1	2	6	voie nord sud	43.30475	-0.40183	0	1	0	1	0	0	blessé léger	voiture
202200025884	2022	1	21	64445	5	2	2	Boulevard Tourasse	43.31133	-0.35639	0	1	0	1	0	1	blessé hospitalisé	voiture
202200026011	2022	11	17	64445	2	2	2	rue d'Orléans	43.29902	-0.37276	1	0	0	1	0	0	blessé léger	voiture
202200026320	2022	11	16	64131	1	1	6	avenue marcel paul	43.46647	-0.7504	0	1	0	1	0	1	blessé hospitalisé	voiture
202200026767	2022	12	16	64132	1	2	1	rue Georges Clemenceau	43.29026	-0.3564	1	0	0	1	0	0	blessé léger	voiture
202200027019	2022	3	23	64129	5	2	2	BAYONNE DE	43.30217	-0.3964	0	0	1	1	0	0	blessé léger	deux-roues motorisé
202200027560	2022	4	18	64123	1	1	1	Route du Bois de Mixe	43.45953	-1.14397	0	1	0	1	0	1	blessé hospitalisé	voiture
202200027697	2022	1	12	64260	1	2	1	Avenue des Allées	43.35508	-1.77457	1	0	0	1	0	1	blessé hospitalisé	voiture
202200027699	2022	1	14	64129	1	2	1	5 Route de Bayonne	43.29965	-0.39183	0	0	1	1	0	0	blessé léger	voiture
202200027701	2022	1	12	64102	1	2	1	Allées Paulmy	43.48917	-1.48226	1	0	0	1	0	0	blessé léger	deux-roues motorisé
202200027702	2022	1	10	64024	1	2	1	Avenue d’Espagne	43.47491	-1.53025	0	1	0	1	0	0	blessé léger	voiture
202200027773	2022	1	16	64445	1	2	1	Rue Maréchal Foch	43.29665	-0.36744	0	1	1	1	0	0	blessé léger	aucun autre véhicule
202200027910	2022	9	07	64260	5	2	1	LECLERC (BOULEVARD DU GENERAL)	43.37033	-1.77219	1	0	0	2	0	0	blessé léger	voiture
202200028054	2022	11	17	64335	2	2	1	Rue Lacaussade	43.333	-0.43033	0	1	1	2	0	0	blessé léger	aucun autre véhicule
202200028649	2022	7	11	64430	1	2	1	10 Rue Jeanne d Albret	43.48751	-0.77308	1	0	0	1	0	0	blessé léger	utilitaire
202200028966	2022	8	15	64545	1	2	1	BERNARD DE CORAL (RUE)	43.36285	-1.69548	0	0	1	1	0	0	blessé léger	voiture
202200029194	2022	4	12	64445	1	2	3	Boulevard d’Alsace Lorraine	43.30464	-0.36819	0	1	0	1	0	0	blessé léger	voiture
202200029195	2022	4	17	64024	1	2	6	Place de la Chapelle	43.49659	-1.53809	0	1	0	1	0	0	blessé léger	voiture
202200029780	2022	11	08	64445	1	2	1	boulevard de la Paix	43.3166	-0.34016	0	1	0	1	0	0	blessé léger	utilitaire
202200030276	2022	10	16	64067	1	1	1	D215	43.2552	-0.29037	0	1	0	1	0	1	blessé hospitalisé	aucun autre véhicule
202200030588	2022	12	10	64189	1	2	1	Rue Pierre Bouvet de Thèze	43.37764	-1.6697	1	0	0	1	0	0	blessé léger	voiture
202200030743	2022	3	21	64230	3	1	1	Chemin de Larousse	43.20683	-0.40342	0	1	0	1	0	1	blessé hospitalisé	voiture
202200031383	2022	1	12	64024	1	2	2	Avenue Henri Haget	43.48102	-1.5352	0	1	0	1	0	0	blessé léger	voiture
202200031736	2022	11	16	64102	1	2	1	Rue Maréchal Koenig	43.4849	-1.49063	1	0	0	1	0	0	blessé léger	voiture
202200031853	2022	11	14	64348	1	2	1	JEAN MERMOZ	43.32345	-0.37948	1	0	0	1	0	0	blessé léger	voiture
202200031944	2022	10	18	64445	1	2	1	Allée Condorcet	43.32089	-0.35897	1	0	0	1	0	0	blessé léger	voiture
202200032110	2022	5	11	64445	1	2	1	COURS LYAUTEY	43.31092	-0.36281	0	1	0	1	0	0	blessé léger	utilitaire
202200032112	2022	5	20	64445	1	2	6	DROITS DE L' HOMME DES	43.31273	-0.36857	0	0	1	1	0	0	blessé léger	voiture
202200032239	2022	10	18	64024	1	2	2	BOIS BELIN (RUE DU)	43.4926	-1.51929	0	1	0	2	0	0	blessé léger	voiture
202200032503	2022	7	17	64335	1	1	1	Route de l'Aviation	43.34475	-0.43079	0	1	0	1	0	0	blessé léger	voiture
202200032575	2022	3	20	64483	5	2	1	Avenue de Chantaco	43.39125	-1.6544	1	0	0	1	0	1	blessé hospitalisé	voiture
202200032953	2022	8	13	64189	1	2	1	Boulevard d’Abbadie d’Arrast	43.38965	-1.68395	1	0	0	1	0	0	blessé léger	voiture
202200032973	2022	1	16	64024	1	2	1	Rue du Bois Belin	43.4928	-1.51851	1	0	0	1	0	1	blessé hospitalisé	voiture
202200033029	2022	8	13	64445	1	2	6	rond-point des allées de Morlaàs	43.30804	-0.33938	0	1	0	1	0	0	blessé léger	voiture
202200033401	2022	1	18	64102	5	2	3	Rue Vainsot	43.49394	-1.45403	0	1	0	1	0	0	blessé léger	utilitaire
202200033476	2022	4	18	64029	1	1	1	Chemin Col de Bas	43.13308	-0.74813	0	1	0	1	1	0	tué	aucun autre véhicule
202200033734	2022	11	06	64445	5	2	5	ALSACE LORRAINE D'	43.30429	-0.36761	0	1	0	1	0	0	blessé léger	voiture
202200033735	2022	11	22	64348	5	2	6	Rond Point Combattants d'Afrique du Nord	43.33841	-0.38018	0	1	0	1	0	0	blessé léger	voiture
202200033992	2022	5	07	64445	1	2	1	RONSARD	43.31818	-0.35637	0	0	1	1	0	0	blessé léger	voiture
202200034074	2022	10	20	64059	3	1	1	RD817	43.27764	-0.22837	1	0	0	1	0	1	blessé hospitalisé	voiture
202200034890	2022	2	07	64041	1	2	1	MATACHOT	43.27957	-0.3262	1	0	0	1	0	0	blessé léger	voiture
202200035152	2022	6	08	64445	1	2	6	RP des Droits de l'Homme	43.31302	-0.369	0	1	0	1	0	0	blessé léger	utilitaire
202200035968	2022	9	09	64102	1	2	1	Quai des Corsaires	43.49157	-1.47384	1	0	0	1	0	1	blessé hospitalisé	utilitaire
202200036278	2022	1	17	64445	5	2	3	Avenue Pierre Massé	43.31596	-0.35677	1	0	0	1	0	0	blessé léger	voiture
202200036281	2022	1	20	64102	5	2	1	Allées Marines	43.49749	-1.48541	1	0	0	1	0	0	blessé léger	voiture
202200036709	2022	8	13	64483	1	1	1	SAINT PEE (VIEILLE ROUTE DE)	43.38923	-1.62674	1	0	0	1	0	1	blessé hospitalisé	voiture
202200037130	2022	6	17	64445	1	2	2	cours Léon Bérard	43.31736	-0.37719	0	1	0	1	0	0	blessé léger	voiture
202200037451	2022	11	10	64499	1	2	1	Boulevard Laclabote	43.46866	-0.92689	0	1	0	1	0	1	blessé hospitalisé	voiture
202200037927	2022	9	09	64445	1	2	9	place de la Libération	43.29748	-0.3718	0	1	1	2	0	0	blessé léger	aucun autre véhicule
202200037928	2022	9	07	64140	2	2	1	Quai Saint-Gobain	43.51651	-1.48874	1	0	0	1	0	0	blessé léger	utilitaire
202200038136	2022	12	10	64483	1	2	3	Rue Axular	43.38615	-1.65549	1	0	0	1	0	1	blessé hospitalisé	voiture
202200038406	2022	1	06	64445	5	2	1	Allée Alfred de Musset	43.296	-0.359	1	0	0	1	0	0	blessé léger	voiture
202200038457	2022	9	08	64024	1	2	1	BELIN (RUE DU BOIS)	43.4932	-1.52506	0	1	0	1	0	0	blessé léger	voiture
202200038475	2022	7	11	64269	1	1	3	STADE DU	43.29927	-0.30683	0	1	0	1	0	0	blessé léger	voiture
202200039192	2022	4	11	64189	1	2	3	Avenue de Sopitenia	43.38108	-1.68911	0	1	0	1	0	0	blessé léger	voiture
202200039454	2022	10	19	64122	5	2	1	Avenue de Verdun	43.48184	-1.55387	0	1	0	1	0	0	blessé léger	voiture
202200039473	2022	4	17	64335	1	1	1	D817	43.34338	-0.41467	0	1	0	1	0	0	blessé léger	utilitaire
202200039656	2022	4	09	64188	1	2	1	1 E Avenue du Général-de-Gaulle	43.22951	-0.87443	1	0	0	0	0	0	indemne	voiture
202200040005	2022	1	16	64024	1	2	1	Rue de Chassin	43.49346	-1.52845	0	1	0	1	0	0	blessé léger	voiture
202200040140	2022	12	17	64024	5	2	1	parking BAB 2	43.48498	-1.50328	1	0	0	1	0	0	blessé léger	voiture
202200040644	2022	8	16	64132	1	2	1	boulevard de l'aviation	43.30779	-0.327	1	0	0	1	0	0	blessé léger	voiture
202200041034	2022	2	17	64445	1	2	3	Avenue des Lauriers	43.29899	-0.33544	0	1	0	1	0	0	blessé léger	voiture
202200041114	2022	8	14	64483	1	2	1	Avenue de Chantaco	43.3812	-1.6419	0	1	0	1	0	0	blessé léger	voiture
202200041120	2022	8	11	64348	1	2	6	voie nord sud	43.30071	-0.41008	0	1	0	1	0	0	blessé léger	voiture
202200041251	2022	10	05	64102	5	2	1	Allées Marines	43.49605	-1.48158	1	0	0	1	0	1	blessé hospitalisé	deux-roues motorisé
202200041523	2022	5	14	64256	1	2	6	D622	43.3856	-1.31348	0	1	0	1	0	0	blessé léger	voiture
202200041551	2022	5	13	64496	1	2	6	AVENUE DU PORTOU	43.48179	-1.44379	0	0	1	1	0	0	blessé léger	voiture
202200041602	2022	5	17	64483	1	2	2	PELLOT ETIENNE (AVENUE)	43.3951	-1.6591	0	1	0	1	0	0	blessé léger	voiture
202200041605	2022	5	07	64445	1	2	1	avenue de l'université	43.31127	-0.36334	0	0	1	1	0	0	blessé léger	voiture
202200041736	2022	1	18	64122	5	2	1	MARNE (AVENUE DE LA)	43.4815	-1.5424	1	0	0	1	0	0	blessé léger	voiture
202200041767	2022	1	08	64122	5	2	2	Rue Pellot	43.48506	-1.55423	1	0	0	1	0	0	blessé léger	voiture
202200041858	2022	9	09	64445	1	2	1	place Georges Clemenceau	43.2962	-0.36875	1	0	0	1	0	0	blessé léger	voiture
202200041860	2022	9	07	64129	1	2	6	Avenue Montilleul	43.30873	-0.38496	0	1	0	1	0	0	blessé léger	voiture
202200042191	2022	7	07	64445	1	2	2	PAIX	43.31957	-0.34862	0	1	0	1	0	0	blessé léger	voiture
202200042213	2022	12	10	64102	1	2	1	Avenue de Marhum	43.49065	-1.48656	1	0	0	1	1	0	tué	voiture
202200042242	2022	8	11	64445	1	2	1	avenue Trespoey	43.29879	-0.35221	0	1	0	1	0	0	blessé léger	voiture
202200042511	2022	2	09	64422	1	2	1	11 rue alfred de vigny	43.19093	-0.61093	1	0	0	1	0	0	blessé léger	voiture
202200042549	2022	2	14	64445	1	2	1	Avenue Edouard VII	43.29824	-0.35838	1	0	0	1	0	0	blessé léger	voiture
202200042558	2022	2	17	64445	1	2	1	Avenue du Général de Gaulle	43.30142	-0.35808	1	0	0	2	0	0	blessé léger	voiture
202200042644	2022	8	02	64445	5	2	3	rue Carnot	43.30146	-0.36937	0	1	0	1	0	0	blessé léger	voiture
202200043462	2022	5	17	64315	1	2	1	Rue principale	43.30495	-0.44357	0	1	0	1	0	1	blessé hospitalisé	voiture
202200043515	2022	5	14	64122	1	2	1	Avenue du Maréchal Foch	43.47532	-1.5576	0	1	0	1	0	0	blessé léger	voiture
202200043516	2022	5	17	64125	1	2	1	Avenue Atherbéa	43.43829	-1.58924	0	1	0	1	1	0	tué	aucun autre véhicule
202200043767	2022	1	09	64260	1	2	2	Rue des Néfliers	43.37259	-1.77109	0	1	0	1	0	0	blessé léger	voiture
202200044440	2022	2	16	64335	1	2	3	8 Chemin de Benéharnum	43.33058	-0.4352	0	0	1	1	0	0	blessé léger	voiture
202200044444	2022	2	23	64348	5	2	1	Rue du Hameau du Luy	43.32971	-0.39963	1	0	0	1	0	0	blessé léger	autre
202200045301	2022	3	13	64024	1	2	1	MINERVA (AVENUE DE)	43.4805	-1.50966	1	0	0	1	1	0	tué	utilitaire
202200045468	2022	5	08	64024	1	2	2	Avenue Eugène Bernain	43.48404	-1.5114	0	1	0	1	0	0	blessé léger	voiture
202200046012	2022	9	18	64445	1	2	2	EDOUARD VII	43.29824	-0.35836	0	1	0	1	0	0	blessé léger	voiture
202200046015	2022	9	08	64445	1	2	1	BENGHOZI AUDREY	43.31904	-0.36553	1	0	0	1	0	0	blessé léger	voiture
202200046018	2022	9	10	64125	1	2	1	Rue Familistere	43.44793	-1.57435	1	0	1	1	0	1	blessé hospitalisé	aucun autre véhicule
202200046436	2022	12	19	64060	5	1	1	RD802	43.31817	-0.46321	1	0	0	1	1	0	tué	voiture
202200046450	2022	7	09	64260	1	2	6	Boulevard du Général Leclerc	43.37153	-1.77353	1	0	0	1	0	0	blessé léger	voiture
202200046459	2022	7	09	64445	1	2	1	CORPS FRANC POMMIES DU	43.30682	-0.33467	1	0	0	1	0	0	blessé léger	voiture
202200047039	2022	10	17	64348	1	2	1	Avenue Jean Mermoz	43.3213	-0.37913	0	1	0	1	0	0	blessé léger	utilitaire
202200047074	2022	4	11	64422	1	2	9	Avenue Sadi Carnot	43.19257	-0.61001	1	0	0	1	0	1	blessé hospitalisé	voiture
202200047272	2022	10	11	64371	1	2	1	avenue d'alsace lorraine	43.22371	-0.8863	1	0	0	1	0	1	blessé hospitalisé	voiture
202200047899	2022	2	20	64024	5	2	1	ADOUR (AVENUE DE L')	43.50248	-1.49314	1	0	0	1	0	0	blessé léger	voiture
202200048257	2022	9	18	64445	1	2	2	avenue Edourd VII	43.29829	-0.35837	0	1	0	1	0	0	blessé léger	voiture
202200048274	2022	9	12	64445	1	2	1	GRAMONT	43.29668	-0.3736	0	1	0	1	0	0	blessé léger	voiture
202200048417	2022	11	13	64102	1	2	6	Avenue de Pampelune	43.48839	-1.48161	1	0	0	1	0	0	blessé léger	voiture
202200048629	2022	10	10	64348	1	2	6	PASSEE	43.32207	-0.40135	0	1	0	1	0	0	blessé léger	voiture
202200049432	2022	1	10	64122	1	2	2	Avenue de Verdun	43.4819	-1.55803	1	0	0	1	0	1	blessé hospitalisé	voiture
202200049957	2022	10	08	64445	1	2	1	ALSACE LORRAINE D'	43.30391	-0.36681	1	0	0	1	0	0	blessé léger	voiture
202200050064	2022	11	16	64445	1	2	1	avenue de Saragosse	43.30781	-0.36096	1	0	0	2	0	0	blessé léger	voiture
202200050581	2022	10	19	64147	3	1	9	D 936	43.46666	-1.28922	0	1	0	1	0	1	blessé hospitalisé	voiture
202200050711	2022	8	11	64249	1	2	1	Avenue du Général de Gaulle	43.42138	-1.60744	0	1	0	1	0	0	blessé léger	voiture
202200050719	2022	8	16	64125	1	2	1	Avenue de la Milady	43.45961	-1.57185	0	1	0	1	0	0	blessé léger	aucun autre véhicule
202200050844	2022	9	08	64445	1	2	6	rond point YITZHAK RABIN	43.30632	-0.33384	0	0	1	1	0	0	blessé léger	voiture
202200050862	2022	9	11	64102	1	2	6	Rond Point de la Faiencerie	43.49375	-1.49155	0	1	0	1	0	0	blessé léger	voiture
202200050877	2022	9	12	64024	1	2	3	LABERTRANNE (RUE DE)	43.4892	-1.53564	0	1	0	1	0	0	blessé léger	voiture
202200051527	2022	2	17	64102	1	2	3	JEAN JAURES (BOULEVARD)	43.49331	-1.46167	0	1	0	1	0	0	blessé léger	voiture
202200052608	2022	11	16	64037	1	1	1	D2	43.34556	-0.51767	0	1	0	1	1	0	tué	voiture
202200052707	2022	2	09	64445	1	2	1	Rue du Pasteur Alphonse Cadier	43.30654	-0.36095	1	0	0	1	0	0	blessé léger	voiture
202200052978	2022	9	13	64445	1	2	6	avenue Dufau	43.311	-0.363	0	1	0	0	0	0	indemne	bus ou car
202200053433	2022	6	11	64529	1	1	3	D936 / D2	43.30985	-0.76664	1	0	0	1	1	0	tué	voiture
202200053721	2022	11	07	64445	5	2	1	rue Pasteur	43.30208	-0.37164	1	0	0	1	0	0	blessé léger	poids lourd
202200053770	2022	2	20	64546	3	1	1	Autoroute A64	43.47525	-1.27932	1	0	0	1	0	1	blessé hospitalisé	voiture
202200054045	2022	6	17	64445	1	2	3	ALSACE LORRAINE D'	43.30237	-0.36052	1	0	0	1	0	0	blessé léger	voiture
202200054117	2022	11	18	64445	5	2	1	boulevard d'Alsace Lorraine	43.3039	-0.36593	0	0	1	1	0	0	blessé léger	voiture
202200054133	2022	2	19	64445	5	2	1	pont du 14 JUILLET	43.29342	-0.37767	0	1	0	1	0	1	blessé hospitalisé	voiture
202200054135	2022	11	10	64445	1	2	1	rue Bayard	43.29738	-0.37478	1	0	0	1	0	0	blessé léger	voiture
202200054146	2022	11	07	64102	5	2	1	Avenue de Plantoun	43.49442	-1.45792	0	1	0	1	0	0	blessé léger	voiture
202200054305	2022	1	11	64445	1	2	2	Place Gramont	43.29633	-0.37513	0	1	0	1	0	0	blessé léger	voiture
202200054436	2022	3	11	64422	1	2	9	rue carrerot	43.18986	-0.61185	1	0	0	1	0	1	blessé hospitalisé	voiture
202200054643	2022	3	10	64129	1	2	1	MARNIERES DES	43.30427	-0.37999	1	0	0	1	0	0	blessé léger	utilitaire
202200054938	2022	2	11	64483	1	2	1	SAINT PEE (VIEILLE ROUTE DE)	43.39073	-1.63787	1	0	0	1	0	0	blessé léger	voiture
202200055123	2022	2	14	64125	1	2	1	Rue Erretegia	43.44064	-1.58909	0	1	0	1	0	0	blessé léger	aucun autre véhicule
202300000294	2023	11	10	64122	1	2	4	""KENNEDY (AVENUE DU PRESIDENT J,F)""	43.46101	-1.54889	0	1	0	1	0	0	blessé léger	voiture
202300000400	2023	7	20	64102	3	2	8	14 Rue Docteur André Voulgre	43.47355	-1.48346	1	0	0	1	1	0	tué	tramway ou train
202300000691	2023	5	10	64102	1	2	6	LORRAINE (BOULEVARD D'ALSACE)	43.49156	-1.46398	0	1	0	1	0	0	blessé léger	voiture
202300001109	2023	11	16	64102	1	2	1	PAULMY (AVENUE DES ALLEES)	43.48861	-1.48254	1	0	0	1	0	0	blessé léger	utilitaire
202300003218	2023	8	20	64140	1	2	2	GLIZE (RUE RAYMOND ET MARCEL)	43.52795	-1.47439	0	1	0	1	0	1	blessé hospitalisé	voiture
202300003286	2023	2	06	64348	5	2	3	JEAN MERMOZ	43.32084	-0.37897	0	1	0	1	0	0	blessé léger	voiture
202300003442	2023	10	16	64445	1	2	1	ALSACE LORRAINE D'	43.30273	-0.36185	0	1	0	1	0	0	blessé léger	voiture
202300004151	2023	5	12	64445	1	2	1	ALSACE LORRAINE D'	43.3055	-0.3752	1	0	0	1	0	1	blessé hospitalisé	voiture
202300004242	2023	2	20	64445	5	2	2	JEAN MERMOZ	43.3081	-0.37654	0	1	0	1	0	0	blessé léger	voiture
202300004393	2023	3	12	64102	1	1	1	SAINT BERNARD (CHEMIN DE)	43.50123	-1.48187	0	1	0	1	0	1	blessé hospitalisé	deux-roues motorisé
202300004401	2023	3	13	64102	1	2	6	DE MARTRES (AVENUE RAYMOND)	43.48692	-1.48304	0	1	0	1	0	0	blessé léger	voiture
202300004529	2023	6	17	64445	1	2	1	PARC EN CIEL	43.32108	-0.34372	1	0	0	1	0	0	blessé léger	voiture
202300004532	2023	6	07	64125	1	2	1	BAYONNE (AVENUE DE)	43.4486	-1.57145	0	1	0	1	0	1	blessé hospitalisé	voiture
202300004881	2023	7	11	64335	1	2	1	FLANDRES DUNKERQUE	43.32093	-0.43524	1	0	0	1	0	0	blessé léger	voiture
202300004936	2023	6	18	64499	1	2	1	28 Avenue des Docteurs Foix	43.47348	-0.92027	1	0	0	1	0	0	blessé léger	voiture
202300005348	2023	8	09	64545	1	2	1	CORNICHE (ROUTE DE LA)	43.3901	-1.68569	0	1	0	1	0	0	blessé léger	voiture
202300005349	2023	8	11	64445	1	2	3	GRAMONT	43.29654	-0.3743	0	1	0	1	0	0	blessé léger	voiture
202300005350	2023	8	16	64445	1	2	2	MARECHAL JOFFRE	43.29516	-0.37366	1	0	0	1	0	0	blessé léger	utilitaire
202300005353	2023	8	03	64102	5	2	1	HAURANNNE (AVENUE DUVERGIER DE)	43.49001	-1.46778	0	1	0	1	0	0	blessé léger	aucun autre véhicule
202300005377	2023	9	10	64102	1	2	1	RESPLANDY (AVENUE DU CAPITAINE)	43.48913	-1.46622	0	1	0	1	0	0	blessé léger	voiture
202300005383	2023	9	18	64102	1	2	1	VITAL BIRABEN (AVENUE)	43.47901	-1.48145	1	0	0	1	0	1	blessé hospitalisé	deux-roues motorisé
202300005642	2023	9	18	64445	1	2	9	CHAMPETIER DE RIBES	43.30458	-0.37714	1	0	0	1	0	0	blessé léger	voiture
202300005645	2023	9	17	64102	1	2	1	MAUBEC (RUE)	43.49794	-1.46761	1	0	0	1	0	0	blessé léger	utilitaire
202300005772	2023	10	09	64335	1	1	6	NOVELLA	43.32302	-0.42073	0	1	0	1	0	0	blessé léger	voiture
202300005926	2023	5	16	64430	1	2	1	1 Avenue de la Moutète	43.48883	-0.77555	1	0	0	1	0	0	blessé léger	voiture
202300006190	2023	5	18	64133	1	1	6	D938	43.22571	-0.25045	0	1	0	1	0	1	blessé hospitalisé	voiture
202300006365	2023	7	20	64102	1	2	1	SALA (QUAI AMIRAL ANTOINE)	43.49559	-1.47149	1	0	0	1	0	0	blessé léger	utilitaire
202300006473	2023	6	12	64102	1	2	1	PLANTOUN (AVENUE)	43.49563	-1.4566	0	0	1	1	0	0	blessé léger	voiture
202300006782	2023	3	14	64445	1	2	1	PAIX	43.3212	-0.35851	0	0	1	0	0	0	indemne	bus ou car
202300006789	2023	3	15	64102	1	2	1	BAB (Boulevard)	43.49803	-1.49048	1	0	0	1	0	1	blessé hospitalisé	deux-roues motorisé
202300007505	2023	9	17	64445	1	2	1	ORLEANS D'	43.29899	-0.37286	1	0	1	1	0	0	blessé léger	aucun autre véhicule
202300007507	2023	9	10	64284	1	1	1	18 JUIN 1940 DU	43.29335	-0.41141	0	1	0	1	0	0	blessé léger	poids lourd
202300007508	2023	9	08	64445	1	2	1	UNIVERSITE DE L'	43.31125	-0.3634	0	1	0	1	0	0	blessé léger	voiture
202300008061	2023	4	11	64445	1	2	3	MOUROT	43.2991	-0.37183	1	0	0	1	0	0	blessé léger	voiture
202300008298	2023	7	14	64373	1	2	3	LOUIS BARTHOU	43.2768	-0.35693	0	1	0	1	0	0	blessé léger	voiture
202300008497	2023	11	14	64430	1	2	1	Rue du Moulin	43.48664	-0.77034	1	0	0	1	0	1	blessé hospitalisé	voiture
202300008793	2023	7	14	64188	1	2	1	route de Barragary	43.23336	-0.8735	1	0	0	1	0	1	blessé hospitalisé	deux-roues motorisé
202300008797	2023	8	10	64371	1	2	1	Avenue de Belzunce	43.22576	-0.87861	0	1	0	1	0	1	blessé hospitalisé	voiture
202300008810	2023	8	09	64516	1	1	1	Route de Montaner	43.32915	-0.17367	0	1	0	2	1	1	tué	voiture
202300009280	2023	3	17	64445	1	2	6	LEON BERARD	43.31322	-0.36887	0	1	0	1	0	0	blessé léger	voiture
202300009369	2023	9	17	64422	1	2	6	Boulevard Francois Mitterrand	43.18454	-0.62213	0	1	0	1	0	0	blessé léger	voiture
202300009412	2023	9	12	64445	1	2	3	TOURASSE	43.3113	-0.35418	0	1	0	1	0	0	blessé léger	voiture
202300009413	2023	9	10	64122	1	2	6	ROND POINT DE L EUROPE	43.48073	-1.54088	0	1	0	1	0	0	blessé léger	voiture
202300009522	2023	10	18	64129	2	2	1	GASTON PHOEBUS	43.29841	-0.38672	0	1	0	1	0	0	blessé léger	voiture
202300009523	2023	10	08	64445	1	2	2	PAIX	43.31644	-0.33955	0	1	0	1	0	0	blessé léger	voiture
202300009602	2023	2	09	64483	1	2	1	CHANTACO (AVENUE DE )	43.38907	-1.65367	1	0	0	1	0	0	blessé léger	voiture
202300009605	2023	2	14	64445	1	2	1	PIERRE MASSE	43.315	-0.35715	0	0	1	1	0	0	blessé léger	voiture
202300009755	2023	2	09	64102	1	2	1	Pont Henri Grenet	43.49718	-1.48312	1	0	0	1	0	0	blessé léger	voiture
202300010653	2023	7	11	64321	1	2	2	Chemin de Passabet	43.43906	-0.298	0	0	1	2	0	2	blessé hospitalisé	voiture
202300010721	2023	8	08	64445	1	2	2	DIDIER DAURAT	43.33113	-0.3796	0	1	0	1	0	0	blessé léger	voiture
202300010725	2023	8	09	64445	1	2	1	BOSQUET	43.2972	-0.36643	0	0	1	1	0	0	blessé léger	voiture
202300011076	2023	7	10	64445	1	2	2	LILAS DES	43.30401	-0.35101	1	0	0	1	0	0	blessé léger	voiture
202300011704	2023	2	12	64445	1	2	9	20 rue monseigneur Campo	43.32076	-0.345	1	0	0	1	0	0	blessé léger	voiture
202300011866	2023	4	21	64445	5	2	1	JEAN MERMOZ	43.306	-0.376	1	0	0	1	0	0	blessé léger	voiture
202300011867	2023	4	10	64335	1	1	2	SAULT DE NAVAILLES DE	43.34702	-0.43595	0	1	0	1	0	0	blessé léger	voiture
202300012400	2023	11	06	64445	5	2	6	COMBATTANTS D' INDOCHINE DES	43.31827	-0.37838	0	1	0	1	0	0	blessé léger	voiture
202300012600	2023	6	07	64445	1	2	1	ROYALE	43.2945	-0.37091	1	0	0	1	0	0	blessé léger	voiture
202300012761	2023	8	17	64445	1	2	1	CHAMPETIER DE RIBES	43.30447	-0.37724	1	0	0	1	1	0	tué	voiture
202300013147	2023	3	15	64024	1	2	3	BAYONNE (AVENUE DE)	43.4824	-1.50517	1	0	0	1	0	0	blessé léger	voiture
202300013533	2023	2	07	64122	2	2	1	22 Avenue de Verdun	43.48177	-1.55636	0	1	0	1	0	0	blessé léger	aucun autre véhicule
202300013694	2023	10	16	64410	1	2	3	Avenue du lac	43.37846	-0.60269	0	1	0	3	0	1	blessé hospitalisé	utilitaire
202300013842	2023	4	07	64122	1	2	1	GOLF (AVENUE - IMPASSE)	43.4901	-1.54662	0	1	0	1	0	1	blessé hospitalisé	aucun autre véhicule
202300014413	2023	8	15	64102	1	2	1	PLANTOUN (AVENUE)	43.49502	-1.45746	0	1	0	1	0	0	blessé léger	deux-roues motorisé
202300014792	2023	12	11	64059	1	1	1	RD 817	43.28139	-0.24185	0	1	0	1	0	0	blessé léger	utilitaire
202300014896	2023	9	20	64122	2	2	2	BOUSSINGORY (RUE)	43.4802	-1.54654	0	1	0	1	0	0	blessé léger	voiture
202300015518	2023	10	13	64335	1	2	6	SANTOS-DUMONT	43.32305	-0.42058	0	1	0	1	0	1	blessé hospitalisé	voiture
202300015520	2023	10	11	64102	1	2	6	LEGION TCHEQUE (AVENUE DE LA)	43.49367	-1.49162	0	1	0	1	0	0	blessé léger	voiture
202300015523	2023	10	17	64024	1	2	3	BIARRITZ (AVENUE DE)	43.48031	-1.52622	0	1	0	1	0	0	blessé léger	voiture
202300015743	2023	4	09	64445	1	2	1	LILAS DES	43.30601	-0.34948	1	0	0	1	0	0	blessé léger	voiture
202300015860	2023	11	10	64422	1	2	1	Rue Justice	43.19222	-0.60741	1	0	0	1	0	1	blessé hospitalisé	voiture
202300016805	2023	9	08	64445	1	2	6	EUROPE DE L'	43.31918	-0.30746	0	1	0	1	1	0	tué	poids lourd
202300017976	2023	5	15	64269	1	2	1	COMMANDANT RENE MOUCHOTTE DU	43.30175	-0.31632	0	1	0	1	0	0	blessé léger	utilitaire
202300018105	2023	7	14	64445	1	1	9	LOUIS SALLENAVE	43.31726	-0.36028	0	1	0	1	0	0	blessé léger	voiture
202300018288	2023	8	18	64102	1	1	9	PHILIPPE VEYRIN (RUE)	43.49611	-1.48613	1	0	0	1	0	0	blessé léger	voiture
202300018404	2023	11	18	64129	5	2	3	BAYONNE DE	43.30425	-0.40021	0	1	0	1	0	0	blessé léger	voiture
202300018407	2023	11	13	64129	1	2	9	JEAN MERMOZ	43.31678	-0.37828	1	0	0	1	0	0	blessé léger	deux-roues motorisé
202300018414	2023	11	08	64445	1	1	1	MARTYRS DU PONT LONG DES	43.34558	-0.37969	0	1	0	1	0	0	blessé léger	deux-roues motorisé
202300018417	2023	11	19	64125	5	2	1	BAYONNE (AVENUE DE)	43.44779	-1.5737	1	0	0	1	0	1	blessé hospitalisé	voiture
202300018420	2023	11	01	64024	5	2	1	BAYONNE (AVENUE DE)	43.48275	-1.50473	0	0	1	1	0	0	blessé léger	voiture
202300018519	2023	5	20	64129	1	2	6	BAYONNE DE	43.30489	-0.40116	0	1	0	1	0	0	blessé léger	voiture
202300018681	2023	3	17	64230	1	1	1	D934	43.20605	-0.38499	0	1	0	1	0	1	blessé hospitalisé	aucun autre véhicule
202300018704	2023	9	17	64102	1	2	4	AQUITAINE (AVENUE DE L')	43.48585	-1.4718	0	1	0	1	0	0	blessé léger	voiture
202300019476	2023	10	10	64483	1	2	1	SALLAGOITY GARRA (RUE)	43.38757	-1.65889	1	0	0	1	0	0	blessé léger	voiture
202300019627	2023	4	11	64348	1	1	1	SANTONA DE	43.31967	-0.38542	1	0	0	1	0	0	blessé léger	voiture
202300020160	2023	11	18	64386	5	2	2	Route de Pau	43.18927	-0.25038	0	1	0	1	0	0	blessé léger	voiture
202300020430	2023	11	19	64260	3	2	1	NOUVELLE (RUE)	43.35433	-1.77434	1	0	0	1	0	0	blessé léger	autre
202300020492	2023	9	16	64445	1	2	6	ALFRED NOBEL	43.31875	-0.30739	0	1	0	1	0	0	blessé léger	voiture
202300020495	2023	9	08	64102	1	2	1	BAB (Boulevard)	43.49621	-1.48534	1	0	0	1	0	0	blessé léger	voiture
202300020554	2023	3	16	64189	1	1	1	ASCAIN (ROUTE D')	43.37331	-1.64632	0	1	0	1	0	0	blessé léger	deux-roues motorisé
202300020883	2023	12	13	64122	1	2	1	N/A	43.48239	-1.56692	0	1	0	1	0	0	blessé léger	voiture
202300021545	2023	7	17	64122	1	2	1	EDOUARD VII (AVENUE)	43.48358	-1.55869	1	0	0	1	0	0	blessé léger	voiture
202300021771	2023	8	16	64405	1	2	6	RD 943	43.32289	-0.299	0	1	0	1	0	0	blessé léger	voiture
202300021908	2023	8	16	64189	1	2	1	BENOIT PIERRE (BOULEVARD)	43.38772	-1.67049	1	0	0	1	0	0	blessé léger	voiture
202300021911	2023	8	15	64445	1	2	1	HENRI FAISANS	43.29972	-0.36181	1	0	0	1	0	0	blessé léger	utilitaire
202300021913	2023	8	17	64102	1	1	1	SOULT (AVENUE MARECHAL)	43.48707	-1.48546	1	0	0	1	0	0	blessé léger	voiture
202300021947	2023	5	09	64495	1	2	6	D918	43.3555	-1.55399	0	1	0	1	1	0	tué	voiture
202300022098	2023	3	05	64102	5	2	3	BOUFFLERS (ALLEES)	43.49301	-1.47268	0	1	0	1	0	1	blessé hospitalisé	utilitaire
202300022487	2023	1	14	64445	1	2	2	rue Carnot	43.29999	-0.36979	0	1	0	1	0	0	blessé léger	voiture
202300022490	2023	1	13	64102	1	2	1	PANNECAU (RUE)	43.48976	-1.472	1	0	0	1	0	1	blessé hospitalisé	utilitaire
202300022708	2023	11	14	64348	1	1	1	CHARLES DE GAULLE	43.31312	-0.41622	1	0	0	1	0	0	blessé léger	voiture
202300022711	2023	11	14	64445	1	2	1	SARAGOSSE DE	43.30834	-0.36133	0	0	1	1	0	0	blessé léger	voiture
202300022794	2023	9	13	64024	1	2	1	GENERAL LECLERC (PLACE DU)	43.49474	-1.52899	0	1	0	1	0	0	blessé léger	voiture
202300023426	2023	6	20	64102	2	2	6	MARAIS (ROND POINT DES)	43.49091	-1.49537	0	1	0	1	0	0	blessé léger	deux-roues motorisé
202300023481	2023	10	16	64102	1	2	1	MAUBEC (RUE)	43.50117	-1.46733	0	1	0	1	0	0	blessé léger	aucun autre véhicule
202300023908	2023	5	11	64024	1	2	1	LAPORTE (AVENUE JEAN LEON)	43.49082	-1.49841	1	0	0	1	0	0	blessé léger	voiture
202300023931	2023	3	13	64445	1	2	1	ALFRED NOBEL	43.32069	-0.30377	1	0	0	1	0	1	blessé hospitalisé	poids lourd
202300023937	2023	3	12	64102	1	2	1	PAULMY (AVENUE DES ALLEES)	43.4944	-1.47877	1	0	0	1	0	0	blessé léger	voiture
202300024093	2023	1	17	64445	2	2	1	rue Nogué	43.29934	-0.3712	0	1	0	1	0	0	blessé léger	voiture
202300024337	2023	1	07	64545	3	1	1	A63	43.35828	-1.71103	1	0	0	1	0	1	blessé hospitalisé	utilitaire
202300024647	2023	12	16	64483	1	2	1	LARRAMENDY PIERRE (AVENUE)	43.38377	-1.65385	1	0	0	1	0	0	blessé léger	voiture
202300025020	2023	12	08	64445	1	2	2	BAREGES DE	43.29424	-0.35901	0	1	0	1	0	0	blessé léger	voiture
202300025355	2023	10	10	64539	1	1	1	950 Route de Saint-Jean-Pied-de-Port	43.27318	-1.02976	0	1	0	1	0	1	blessé hospitalisé	voiture
202300025813	2023	5	09	64445	1	2	6	BACHAGA BOUALAN	43.3164	-0.37487	0	1	0	1	0	0	blessé léger	voiture
202300026262	2023	1	14	64139	1	1	1	630 Chemin de Bruges	43.17963	-0.34705	0	1	0	1	0	1	blessé hospitalisé	aucun autre véhicule
202300026276	2023	5	11	64436	1	2	1	D 918, P.R. 50+900	43.23111	-1.30024	1	0	0	1	0	1	blessé hospitalisé	voiture
202300026546	2023	5	09	64024	1	2	1	RANSAN (RUE PIERRE)	43.50286	-1.50493	0	1	0	1	0	0	blessé léger	utilitaire
202300026565	2023	11	15	64445	1	2	2	ALSACE LORRAINE D'	43.30486	-0.37057	0	1	0	1	0	0	blessé léger	voiture
202300027333	2023	10	17	64445	1	2	1	CARNOT	43.30118	-0.3694	0	1	0	1	0	0	blessé léger	voiture
202300027379	2023	8	14	64122	1	2	1	REINE VICTORIA (AVENUE DE LA)	43.48529	-1.5528	0	1	0	1	0	0	blessé léger	voiture
202300027417	2023	4	18	64102	1	2	6	JORLIS (ROND POINT DE)	43.49837	-1.49371	0	1	0	1	0	0	blessé léger	voiture
202300027646	2023	4	18	64535	1	1	1	D2	43.34988	-0.52329	0	1	0	1	1	0	tué	voiture
202300027681	2023	8	14	64445	1	2	1	CORPS FRANC POMMIES DU	43.30685	-0.33454	1	0	0	0	0	0	indemne	voiture
202300027716	2023	1	08	64284	3	2	3	CORPS FRANC POMMIES	43.29213	-0.39054	0	0	1	1	0	0	blessé léger	voiture
202300027719	2023	1	16	64024	1	2	1	ADOUR (AVENUE DE L')	43.51128	-1.50022	1	0	0	1	0	0	blessé léger	voiture
202300027787	2023	1	17	64445	5	2	2	LOUIS LACAZE	43.30147	-0.36926	0	1	0	1	0	0	blessé léger	voiture
202300028422	2023	5	17	64348	1	2	1	SANTONA DE	43.31969	-0.38548	1	0	0	1	0	1	blessé hospitalisé	voiture
202300028432	2023	3	14	64472	1	2	1	route de pau	43.37108	-0.31093	0	1	0	1	0	1	blessé hospitalisé	voiture
202300028457	2023	11	17	64445	5	2	1	LEON BERARD	43.31208	-0.36719	1	0	0	1	0	0	blessé léger	voiture
202300028646	2023	12	11	64445	1	2	1	MONTPENSIER	43.29935	-0.37108	1	0	0	1	0	0	blessé léger	voiture
202300028654	2023	12	04	64102	5	2	1	SAINT ESPRIT (PONT)	43.49471	-1.47129	1	0	0	1	0	1	blessé hospitalisé	voiture
202300028773	2023	9	11	64024	1	2	1	BIARRITZ (AVENUE DE)	43.48024	-1.51623	1	0	0	1	0	1	blessé hospitalisé	voiture
202300030873	2023	6	16	64058	1	2	4	52 Route du Soulor	43.0855	-0.25316	0	1	0	1	0	1	blessé hospitalisé	voiture
202300030907	2023	9	15	64445	1	2	9	LAURIERS DES	43.30156	-0.34363	0	1	0	1	0	0	blessé léger	voiture
202300030989	2023	12	08	64483	2	2	1	THIERS ADOLPHE (BOULEVARD)	43.3906	-1.6591	1	0	0	1	0	0	blessé léger	voiture
202300030992	2023	12	16	64122	1	2	1	REINE VICTORIA (AVENUE DE LA)	43.48512	-1.5483	0	1	0	1	0	0	blessé léger	voiture
202300031557	2023	7	22	64122	5	2	1	""KENNEDY (AVENUE DU PRESIDENT J,F)""	43.46247	-1.55125	0	1	0	1	0	1	blessé hospitalisé	voiture
202300031738	2023	3	09	64445	1	2	1	ALSACE LORRAINE D'	43.3039	-0.36596	1	0	1	2	0	0	blessé léger	aucun autre véhicule
202300031862	2023	11	20	64520	3	1	1	A64	43.31581	-0.27826	1	0	0	1	1	0	tué	voiture
202300032765	2023	6	19	64189	1	2	9	MITTERRAND FRANCOIS  (AVENUE)	43.38267	-1.66655	0	1	0	1	0	0	blessé léger	voiture
202300032874	2023	9	12	64445	1	2	1	BUROS DE	43.31326	-0.34993	1	0	0	1	1	0	tué	voiture
202300032921	2023	12	09	64445	1	2	1	CARNOT	43.30385	-0.3684	0	0	1	1	0	0	blessé léger	utilitaire
202300032923	2023	12	08	64102	5	2	1	MARINES (AVENUE DES ALLEES)	43.49638	-1.48168	1	0	0	1	0	1	blessé hospitalisé	deux-roues motorisé
202300033201	2023	1	13	64445	1	2	1	JEAN MERMOZ	43.31532	-0.37792	0	0	1	1	0	0	blessé léger	voiture
202300033281	2023	1	08	64445	1	2	1	boulevard BARBANEGRE	43.29744	-0.35898	1	0	0	1	0	0	blessé léger	voiture
202300033370	2023	7	00	64024	4	2	1	PINANE (RUE DE)	43.48881	-1.51955	0	1	0	2	0	0	blessé léger	aucun autre véhicule
202300034070	2023	4	08	64269	1	2	1	INDUSTRIE DE L'	43.28997	-0.31087	0	1	0	1	0	0	blessé léger	voiture
202300034319	2023	5	14	64445	1	2	6	CAZAUBON NORBERT	43.30409	-0.36694	1	0	0	1	0	0	blessé léger	voiture
202300034727	2023	9	10	64125	1	2	3	BIARRITZ (AVENUE DE)	43.45415	-1.57363	0	0	1	1	0	0	blessé léger	voiture
202300034818	2023	12	17	64445	5	1	6	COPERNIC	43.32349	-0.32587	0	1	0	1	0	0	blessé léger	voiture
202300034822	2023	10	11	64024	1	1	9	BARRE (Parking de la)	43.52754	-1.5184	0	1	0	1	0	1	blessé hospitalisé	aucun autre véhicule
202300034975	2023	10	17	64483	1	2	1	AICE ERROTA (RUE)	43.39443	-1.65297	1	0	0	1	0	1	blessé hospitalisé	voiture
202300034976	2023	10	07	64445	1	2	6	GENERAL DE GAULLE DU	43.30265	-0.35206	0	1	0	1	0	0	blessé léger	voiture
202300034982	2023	10	09	64102	1	2	1	LASSEGUETTE (CHEMIN DE)	43.48127	-1.48199	1	0	0	1	1	0	tué	voiture
202300035334	2023	7	10	64102	1	2	1	BOURGNEUF (RUE)	43.49127	-1.4727	1	0	0	1	0	0	blessé léger	voiture
202300035494	2023	6	16	64102	1	2	1	TILLOLE (RUE DE LA)	43.4879	-1.45656	1	0	0	1	0	1	blessé hospitalisé	voiture
202300036160	2023	6	10	64139	1	1	1	D24	43.22341	-0.35882	0	1	0	1	0	1	blessé hospitalisé	voiture
202300036303	2023	4	11	64410	1	2	1	Avenue Henri IV	43.37187	-0.63051	1	0	0	1	0	0	blessé léger	voiture
202300036346	2023	4	22	64466	3	1	1	D23	43.3431	-0.8747	0	1	1	3	1	0	tué	voiture
202300036697	2023	10	16	64445	1	2	1	avenue de Saragosse	43.30759	-0.35668	1	1	0	1	0	0	blessé léger	aucun autre véhicule
202300036915	2023	10	17	64102	1	2	1	PAULMY (AVENUE DES ALLEES)	43.49304	-1.48018	1	0	0	1	0	1	blessé hospitalisé	voiture
202300037260	2023	7	12	64260	1	2	1	ALLEES (RUE DES)	43.35518	-1.77451	1	0	0	1	0	0	blessé léger	voiture
202300037495	2023	11	11	64102	1	2	1	URSULE (PLACE SAINTE)	43.4959	-1.47192	0	1	0	1	0	0	blessé léger	voiture
202300037638	2023	6	17	64106	1	2	1	399 Route de Mauléon	43.32747	-1.01813	0	0	1	1	0	1	blessé hospitalisé	utilitaire
202300038149	2023	2	19	64269	3	1	1	ROUTE DE TARBES RD 817	43.29127	-0.27789	0	1	0	1	0	0	blessé léger	deux-roues motorisé
202300038261	2023	4	18	64024	1	2	9	COLLINE (IMPASSE DE LA)	43.51172	-1.52747	0	1	0	1	0	0	blessé léger	voiture
202300038391	2023	9	18	64320	1	1	2	D934	43.00066	-0.42036	0	1	0	1	0	0	blessé léger	utilitaire
202300038826	2023	1	15	64139	1	1	1	7085 Route des Pindats	43.17506	-0.357	0	1	0	1	1	0	tué	aucun autre véhicule
202300038963	2023	10	07	64445	3	2	3	EUROPE DE L'	43.32937	-0.35326	0	0	1	1	0	0	blessé léger	deux-roues motorisé
202300039873	2023	5	19	64260	1	2	3	CORNICHE (ROUTE DE LA)	43.37355	-1.75561	0	1	0	1	0	0	blessé léger	voiture
202300040029	2023	2	09	64129	1	2	6	VIGNES DES	43.30705	-0.39892	0	0	1	1	0	0	blessé léger	voiture
202300040031	2023	2	17	64122	1	2	1	GENERAL DE GAULLE (BD DU)	43.48445	-1.55827	1	0	1	1	0	1	blessé hospitalisé	aucun autre véhicule
202300040032	2023	2	07	64102	5	2	1	ALSACE LORRAINE (BOULEVARD)	43.49058	-1.46249	1	0	0	1	0	1	blessé hospitalisé	voiture
202300040260	2023	4	08	64483	1	1	1	ITHURRALDE ANDRE (AVENUE)	43.39392	-1.65009	1	0	0	1	0	0	blessé léger	voiture
202300040264	2023	4	14	64102	1	2	1	NAVARRE (AVENUE HENRI DE)	43.49874	-1.44769	1	0	0	1	0	0	blessé léger	deux-roues motorisé
202300040506	2023	8	19	64102	2	2	1	SOULT (AVENUE MARECHAL)	43.48368	-1.501	1	0	0	2	0	1	blessé hospitalisé	voiture
202300040733	2023	10	11	64348	1	2	1	ERCKMAN CHATRIAN	43.3247	-0.38072	0	1	0	1	0	0	blessé léger	voiture
202300040736	2023	9	15	64122	1	2	1	PORT DES PECHEURS	43.48322	-1.5656	1	0	0	1	0	0	blessé léger	voiture
202300040872	2023	1	08	64189	3	2	1	Avenue Jean Jaures	43.38431	-1.6668	1	0	0	1	0	1	blessé hospitalisé	voiture
202300040874	2023	1	07	64445	5	2	2	ALSACE LORRAINE D'	43.30458	-0.36821	0	1	0	1	0	0	blessé léger	voiture
202300041016	2023	1	12	64129	1	2	9	Rue du Sabotier	43.30468	-0.39822	1	0	0	1	0	0	blessé léger	voiture
202300041122	2023	7	05	64125	2	2	1	BASSILOUR (RUE)	43.44426	-1.55991	0	1	0	1	0	0	blessé léger	aucun autre véhicule
202300041123	2023	7	01	64102	3	1	1	MAI (AVENUE DU 8)	43.45148	-1.49338	1	0	0	1	1	0	tué	voiture
202300041969	2023	4	17	64483	1	2	1	ITHURRALDE ANDRE (AVENUE)	43.39529	-1.64788	1	0	0	1	0	0	blessé léger	deux-roues motorisé
202300041971	2023	4	07	64335	1	2	3	EUROPE DE L'	43.33519	-0.45695	0	1	0	1	0	0	blessé léger	voiture
202300042739	2023	10	17	64348	1	2	1	MARCEL DASSAULT	43.30142	-0.41259	0	1	0	1	0	0	blessé léger	voiture
202300043098	2023	1	10	64102	1	2	1	Avenue Duvergier de Hauranne	43.48672	-1.46675	0	1	0	1	0	0	blessé léger	utilitaire
202300044160	2023	6	10	64348	1	2	6	EUROPE DE L'	43.33573	-0.38505	0	1	0	1	1	0	tué	voiture
202300044995	2023	7	18	64445	1	2	1	DUFAU	43.30943	-0.36394	0	1	0	1	0	0	blessé léger	voiture
202300045239	2023	11	11	64445	1	2	1	DIDIER DAURAT	43.32827	-0.3795	1	0	0	1	0	0	blessé léger	voiture
202300045240	2023	11	19	64445	5	2	1	ALSACE LORRAINE D'	43.30473	-0.36962	1	0	0	1	0	0	blessé léger	voiture
202300045490	2023	5	09	64102	1	2	1	ARITXAGUE (BD D')	43.4886	-1.49147	1	0	0	1	0	0	blessé léger	utilitaire
202300045859	2023	4	10	64102	1	2	1	BASQUES (PLACE DES)	43.49318	-1.47936	1	0	0	1	0	0	blessé léger	voiture
202300046238	2023	2	09	64024	1	2	1	Rue de Hardoy	43.49334	-1.50878	1	0	0	1	0	0	blessé léger	voiture
202300046289	2023	12	18	64445	5	2	1	DUFAU	43.31101	-0.36322	0	1	0	1	1	0	tué	voiture
202300046292	2023	12	15	64445	1	2	6	EUROPE DE L'	43.33005	-0.35525	0	1	0	1	0	0	blessé léger	voiture
202300046568	2023	1	17	64122	4	2	1	Esplanade du Port-Vieux	43.48209	-1.56605	1	0	0	1	0	1	blessé hospitalisé	voiture
202300046699	2023	1	11	64106	1	1	1	d933	43.31569	-1.01412	1	0	0	1	1	0	tué	poids lourd
202300046823	2023	1	10	64024	1	2	2	Rue des Pontots	43.49396	-1.49659	0	1	0	1	0	0	blessé léger	voiture
202300046849	2023	9	20	64081	4	2	3	Départementale 147	43.14909	-0.93036	0	1	0	1	0	1	blessé hospitalisé	utilitaire
202300047100	2023	6	09	64417	1	2	1	Pont de Claracq	43.17972	-0.26039	1	0	0	1	0	0	blessé léger	voiture
202300047413	2023	5	12	64102	1	2	1	BREUER MARCEL (AVENUE)	43.50247	-1.45437	1	0	0	1	0	0	blessé léger	voiture
202300048322	2023	9	19	64024	1	2	1	PONTRITS (RUE DES)	43.49205	-1.53153	1	0	0	1	0	0	blessé léger	voiture
202300048326	2023	9	18	64102	1	2	1	DE GAULLE (PLACE DU GENERAL)	43.49346	-1.47588	1	0	0	1	0	0	blessé léger	voiture
202300048509	2023	7	19	64122	1	2	1	MARNE (AVENUE DE LA)	43.4846	-1.55448	1	0	0	1	0	0	blessé léger	deux-roues motorisé
202300048979	2023	6	12	64016	1	1	1	D 58, P.R. 2+900, sens décroissant	43.07682	-1.44444	0	1	0	1	0	1	blessé hospitalisé	aucun autre véhicule
202300049430	2023	12	18	64496	3	2	1	D 936 avenue de la soule	43.46911	-1.44472	1	0	0	1	0	1	blessé hospitalisé	voiture
202300049971	2023	3	07	64445	1	2	4	GERARD DE NERVAL	43.29468	-0.36415	0	0	1	1	0	1	blessé hospitalisé	voiture
202300049975	2023	5	17	64024	1	2	9	BAYONNE (AVENUE DE)	43.4808	-1.51327	1	0	0	1	0	0	blessé léger	deux-roues motorisé
202300050385	2023	9	10	64284	1	2	6	CHARLES DE GAULLE	43.28656	-0.38942	0	1	0	1	0	1	blessé hospitalisé	voiture
202300050554	2023	1	11	64102	1	2	1	Rond-point Prof. Jean Delay	43.4814	-1.48233	0	1	0	1	0	0	blessé léger	voiture
202300050626	2023	7	15	64125	1	2	1	BERRUA	43.43832	-1.58854	1	0	0	1	0	0	blessé léger	voiture
202300051449	2023	7	16	64529	1	1	1	D936	43.30398	-0.76271	0	1	0	1	0	1	blessé hospitalisé	poids lourd
202300051888	2023	6	15	64314	1	1	1	CD 918, pk 65.100	43.21947	-1.08619	0	1	0	1	0	0	blessé léger	voiture
202300052060	2023	5	09	64001	1	1	4	D 311	43.28809	-0.07498	0	1	0	1	0	1	blessé hospitalisé	voiture
202300052079	2023	8	11	64122	1	2	9	REPTOU (RUE DU)	43.47243	-1.55587	1	0	0	1	0	1	blessé hospitalisé	utilitaire
202300052100	2023	8	11	64122	1	2	1	VIERGE (ESPLANADE DE LA)	43.48336	-1.56825	1	0	1	1	0	0	blessé léger	aucun autre véhicule
202300052191	2023	3	12	64140	1	2	3	MOULIN D'HUREOUS (RUE DU)	43.53239	-1.47226	0	1	0	1	0	0	blessé léger	voiture
202300052347	2023	7	16	64102	1	2	1	GENIE (PONT DU)	43.48788	-1.47479	1	0	0	1	0	0	blessé léger	voiture
202300053696	2023	2	15	64284	1	2	9	VALLEES DES	43.29295	-0.38666	0	1	0	1	0	0	blessé léger	voiture
202300053697	2023	7	12	64122	1	2	1	MARECHAL LECLERC(BD DU)	43.48281	-1.56584	1	1	0	1	0	0	blessé léger	aucun autre véhicule
202300054179	2023	8	13	64260	1	2	6	EMPEREUR (BOULEVARD DE L')	43.36234	-1.76199	0	0	1	1	0	0	blessé léger	voiture
202400000265	2024	3	13	64024	1	2	1	LAPORTE (AVENUE JEAN LEON)	43.48914	-1.49956	1	0	0	1	0	1	blessé hospitalisé	voiture
202400000892	2024	8	20	64483	1	2	1	SAINT PEE (VIEILLE ROUTE DE)	43.38849	-1.64824	1	0	0	1	0	0	blessé léger	voiture
202400001069	2024	6	17	64445	1	2	1	PRESIDENT KENNEDY DU	43.31125	-0.3634	0	0	1	1	0	0	blessé léger	voiture
202400002190	2024	11	16	64335	1	1	1	avenue de santona	43.32567	-0.40706	0	1	0	1	0	0	blessé léger	voiture
202400002192	2024	11	11	64445	1	2	1	PEBOUE	43.30835	-0.33772	1	0	0	1	0	0	blessé léger	utilitaire
202400003140	2024	6	16	64269	1	2	6	TARBES DE	43.29925	-0.30719	0	1	0	1	0	0	blessé léger	voiture
202400003142	2024	6	16	64348	1	2	1	SALIE	43.33698	-0.39109	0	0	1	1	0	0	blessé léger	voiture
202400003144	2024	6	08	64284	1	2	3	GUINDALOS DE	43.2805	-0.38305	0	1	0	1	0	0	blessé léger	voiture
202400003158	2024	6	18	64102	1	2	3	NAVARRE (AVENUE HENRI DE)	43.50156	-1.44585	0	1	0	1	0	1	blessé hospitalisé	voiture
202400003163	2024	6	09	64102	1	2	6	RESPLANDY (AVENUE DU CAPITAINE)	43.49129	-1.46885	0	1	0	1	0	0	blessé léger	voiture
202400003679	2024	3	08	64122	1	2	1	DOMREMY(RD-PT)	43.4837	-1.5439	1	1	0	2	0	0	blessé léger	aucun autre véhicule
202400003857	2024	7	11	64547	1	1	4	Chemin de Halage	43.42615	-1.46018	0	1	0	2	0	1	blessé hospitalisé	aucun autre véhicule
202400004045	2024	9	21	64445	5	2	2	JEAN MERMOZ	43.31373	-0.3776	0	0	1	1	0	0	blessé léger	voiture
202400004114	2024	4	10	64125	1	2	9	GRANDE PLAGE (AVENUE DE LA)	43.43932	-1.59023	1	0	0	1	0	0	blessé léger	voiture
202400004549	2024	8	11	64483	1	2	6	RD810	43.39717	-1.64472	0	1	0	1	0	1	blessé hospitalisé	voiture
202400004710	2024	8	10	64257	1	1	1	Route des Labasseres	43.15051	-0.32764	0	1	0	1	0	1	blessé hospitalisé	utilitaire
202400004988	2024	1	23	64102	5	2	1	N/A	43.48497	-1.49491	1	0	0	1	0	1	blessé hospitalisé	voiture
202400005047	2024	1	13	64102	1	2	8	Quai Resplandy	43.48341	-1.45383	1	0	0	1	1	0	tué	tramway ou train
202400005161	2024	10	11	64024	1	2	1	BOIS BELIN (RUE DU)	43.49277	-1.51851	1	0	0	1	0	0	blessé léger	voiture
202400005163	2024	10	07	64102	5	2	1	ROND POINT DU GRAND BASQUE	43.49107	-1.45308	1	0	0	1	0	1	blessé hospitalisé	voiture
202400005563	2024	3	11	64122	1	2	1	N/A	43.4807	-1.5587	1	0	0	1	0	0	blessé léger	voiture
202400005565	2024	3	07	64122	2	2	2	FRANCIS JAMMES (RUE)	43.4624	-1.5512	0	1	0	1	0	1	blessé hospitalisé	voiture
202400005890	2024	9	10	64102	1	2	1	LESPES (QUAI AMIRAL)	43.49242	-1.47371	1	0	0	1	0	1	blessé hospitalisé	voiture
202400006453	2024	8	20	64102	1	2	2	BOUFFLERS (ALLEES)	43.49141	-1.46936	0	1	0	1	0	0	blessé léger	voiture
202400006471	2024	2	07	64519	4	2	6	D716	43.36167	-0.3854	1	0	0	1	0	1	blessé hospitalisé	voiture
202400007291	2024	10	01	64445	5	2	6	avenue Jean Mermoz	43.30575	-0.37636	1	0	0	1	0	0	blessé léger	utilitaire
202400007703	2024	7	18	64129	1	2	1	TONKIN DU	43.31491	-0.38451	1	0	0	1	0	0	blessé léger	voiture
202400007704	2024	7	18	64129	1	2	6	PIEDMONT DU	43.30523	-0.40124	0	1	0	1	0	0	blessé léger	voiture
202400007705	2024	7	13	64445	1	2	4	LEON SAY	43.29411	-0.36345	0	1	0	1	0	1	blessé hospitalisé	voiture
202400007707	2024	7	15	64122	1	2	1	IMPERATRICE (AVENUE DE L')	43.48912	-1.55283	0	1	0	1	0	0	blessé léger	aucun autre véhicule
202400007778	2024	9	13	64348	1	2	1	EUROPE DE L'	43.32285	-0.3897	0	0	1	1	0	0	blessé léger	aucun autre véhicule
202400007781	2024	9	18	64102	1	2	1	SAINTE CROIX (AVENUE DE)	43.49995	-1.4545	0	1	0	1	0	0	blessé léger	voiture
202400007972	2024	4	02	64189	5	2	1	RAVEL MAURICE (QUA)I	43.38452	-1.6664	0	1	0	2	0	0	blessé léger	aucun autre véhicule
202400008295	2024	8	17	64122	1	2	3	LAHOUZE (AVENUE)	43.48039	-1.54549	0	1	0	1	0	0	blessé léger	utilitaire
202400008300	2024	8	12	64125	1	2	1	PARLEMENTIA (RUE)	43.42986	-1.60194	0	1	0	1	0	1	blessé hospitalisé	voiture
202400008334	2024	9	12	64483	1	1	1	route d'Ahetze	43.4047	-1.6025	0	1	0	1	0	0	blessé léger	voiture
202400008337	2024	9	20	64445	5	2	9	CONDORCET	43.31654	-0.36092	1	0	0	1	0	1	blessé hospitalisé	autre
202400008345	2024	9	08	64284	2	2	9	18 JUIN 1940 DU	43.27935	-0.38927	1	0	0	1	0	1	blessé hospitalisé	voiture
202400008612	2024	8	16	64405	1	2	1	31 Rue du Bourg Mayou	43.34683	-0.26195	1	0	0	1	0	1	blessé hospitalisé	voiture
202400008807	2024	2	09	64102	1	2	1	CHALIBARDON (RUE)	43.49018	-1.45311	1	0	0	1	0	0	blessé léger	utilitaire
202400008927	2024	6	08	64445	1	2	1	MARGUERITE LABORDE	43.30021	-0.36763	1	0	0	1	0	0	blessé léger	voiture
202400008928	2024	6	11	64445	1	2	1	PAIX	43.31849	-0.34581	1	0	0	1	0	0	blessé léger	voiture
202400008929	2024	5	00	64122	5	2	1	CHAPELET (RUE)	43.46431	-1.54263	0	0	1	1	0	0	blessé léger	aucun autre véhicule
202400009112	2024	6	16	64445	1	2	1	ESPALUNGUE D'	43.29601	-0.37595	0	0	1	1	0	0	blessé léger	voiture
202400009121	2024	10	15	64102	1	2	6	JUPITER (GIRATOIRE)	43.47873	-1.4557	0	1	0	1	0	1	blessé hospitalisé	poids lourd
202400009528	2024	3	16	64373	1	2	1	YSER DE L'	43.28661	-0.35971	0	1	0	1	0	0	blessé léger	aucun autre véhicule
202400009657	2024	7	16	64545	1	2	3	BERNARD DE CORAL (RUE)	43.36252	-1.69804	1	0	0	1	1	0	tué	utilitaire
202400010211	2024	11	16	64189	1	2	1	BENOIT PIERRE (BOULEVARD)	43.38826	-1.67316	0	1	0	1	0	0	blessé léger	voiture
202400010213	2024	11	19	64445	5	2	2	CARREROT	43.29826	-0.36246	1	0	0	1	0	0	blessé léger	deux-roues motorisé
202400010929	2024	10	12	64260	1	2	3	PELLOT (RUE)	43.35904	-1.77169	1	0	0	1	0	0	blessé léger	utilitaire
202400011302	2024	3	14	64284	1	2	1	ROMAIN TRESARIEU	43.28776	-0.38611	1	0	0	1	0	0	blessé léger	voiture
202400011594	2024	7	15	64445	1	2	1	PASTEUR ALPHONSE CADIER DU	43.30798	-0.36052	1	0	0	1	0	0	blessé léger	bus ou car
202400011595	2024	7	08	64348	1	2	6	MARCEL DASSAULT	43.30096	-0.41031	0	1	0	1	0	0	blessé léger	poids lourd
202400011816	2024	11	15	64129	1	2	2	CLAVERIE	43.30198	-0.39238	0	1	0	1	0	0	blessé léger	aucun autre véhicule
202400012247	2024	12	12	64445	1	2	1	EMILE GUICHENNE	43.29869	-0.36892	1	0	0	1	0	0	blessé léger	voiture
202400012284	2024	2	15	64051	1	1	1	pk 37 D11	43.42335	-1.10241	0	1	0	1	0	1	blessé hospitalisé	voiture
202400012642	2024	8	10	64326	1	1	1	ROUTE DE LA PLAINE	43.29379	-0.7278	0	1	0	1	0	1	blessé hospitalisé	voiture
202400012735	2024	12	09	64102	2	2	1	LORRAINE (BOULEVARD D'ALSACE)	43.49069	-1.46252	1	0	0	1	0	0	blessé léger	voiture
202400012796	2024	5	19	64445	1	2	2	LUCIEN FAVRE	43.31901	-0.36412	0	1	0	1	0	0	blessé léger	voiture
202400012985	2024	5	11	64445	1	2	1	RONSARD	43.31866	-0.35981	1	0	0	1	0	0	blessé léger	voiture
202400013146	2024	3	08	64132	1	2	1	ALBERT 1ER	43.28272	-0.34072	0	1	0	1	0	0	blessé léger	utilitaire
202400013424	2024	3	18	64102	2	2	1	SOULT (AVENUE MARECHAL)	43.48583	-1.49106	1	0	0	2	0	2	blessé hospitalisé	voiture
202400013427	2024	3	17	64024	1	2	1	BARTHES (CHEMIN DES)	43.49142	-1.49606	0	1	0	1	0	0	blessé léger	voiture
202400013429	2024	3	07	64140	1	2	3	DOUANE (QUAI DE LA)	43.52248	-1.48994	0	1	0	1	0	0	blessé léger	bus ou car
202400013579	2024	11	09	64483	1	2	1	SALLAGOITY GARRA (RUE)	43.38846	-1.65873	1	0	0	1	0	0	blessé léger	voiture
202400013583	2024	11	14	64445	1	2	3	MARCELIN BERTHELOT	43.30628	-0.36421	0	1	0	1	0	0	blessé léger	aucun autre véhicule
202400014088	2024	9	21	64483	5	1	1	RD810	43.41311	-1.61577	0	1	0	1	0	0	blessé léger	voiture
202400014224	2024	12	08	64445	1	1	6	BACHAGA BOUALAN	43.31642	-0.37474	0	0	1	1	0	0	blessé léger	voiture
202400014351	2024	2	18	64445	2	2	6	TOURASSE	43.30801	-0.33935	0	1	0	1	0	0	blessé léger	voiture
202400014354	2024	2	13	64445	1	2	2	PAIX	43.31633	-0.33966	0	0	1	1	0	0	blessé léger	voiture
202400014362	2024	2	20	64125	3	2	9	FAMILISTERE (RUE)	43.44758	-1.57474	0	1	0	1	0	0	blessé léger	voiture
202400014895	2024	5	19	64102	1	2	9	RESPLANDY (AVENUE DU CAPITAINE)	43.49032	-1.46744	1	0	0	1	0	0	blessé léger	voiture
202400014900	2024	5	18	64024	1	2	1	BAB (Boulevard)	43.49382	-1.52373	0	1	0	1	0	0	blessé léger	voiture
202400015387	2024	3	14	64445	1	2	2	JEAN JAURES	43.3049	-0.35817	0	1	0	1	0	0	blessé léger	voiture
202400015389	2024	3	08	64445	1	2	1	ORLEANS D'	43.29903	-0.37294	1	0	0	1	0	0	blessé léger	voiture
202400016015	2024	2	15	64472	1	1	1	20 Route de Montardon	43.37144	-0.31612	0	1	0	1	0	0	blessé léger	voiture
202400016154	2024	9	22	64102	5	2	1	CEINTURE CENTRE COMMERCIAL BAB2	43.48766	-1.49654	1	0	0	1	0	0	blessé léger	voiture
202400016219	2024	1	16	64445	1	2	6	ALSACE LORRAINE D'	43.30465	-0.36822	0	1	0	1	0	0	blessé léger	voiture
202400016222	2024	1	05	64445	5	1	3	LARRIBAU	43.31712	-0.32003	0	1	0	1	0	0	blessé léger	voiture
202400016727	2024	5	14	64291	1	1	3	chemin d arancou	43.45044	-1.02969	0	1	0	2	1	0	tué	utilitaire
202400016813	2024	5	22	64445	5	2	1	EUROPE DE L'	43.32917	-0.35272	1	0	0	1	0	1	blessé hospitalisé	voiture
202400017192	2024	3	18	64102	1	2	1	SOULT (AVENUE MARECHAL)	43.48584	-1.49153	0	1	0	1	0	0	blessé léger	voiture
202400017725	2024	12	18	64445	3	2	1	GENERAL LECLERC DU	43.3038	-0.34614	0	1	0	1	0	0	blessé léger	voiture
202400018676	2024	5	18	64122	1	2	1	EDOUARD VII (AVENUE)	43.48376	-1.55842	1	0	0	1	0	0	blessé léger	voiture
202400018960	2024	10	20	64132	5	2	2	GEORGES CLEMENCEAU	43.28738	-0.35132	1	0	0	0	0	0	indemne	voiture
202400019124	2024	3	14	64483	1	2	1	LABROUCHE JOSEPH JOACHIM (AVENUE)	43.38738	-1.66127	1	0	0	1	0	0	blessé léger	deux-roues motorisé
202400019125	2024	3	08	64445	1	2	1	rue Marca	43.29436	-0.37736	0	1	0	1	0	0	blessé léger	aucun autre véhicule
202400019385	2024	11	11	64445	1	2	1	BOSQUET	43.29808	-0.3655	0	1	0	1	0	0	blessé léger	voiture
202400019388	2024	11	09	64129	1	2	1	JEAN MERMOZ	43.31741	-0.37838	1	0	0	1	0	0	blessé léger	voiture
202400019564	2024	4	22	64335	5	2	6	CHARLES DE GAULLE	43.31823	-0.42459	0	1	0	1	0	0	blessé léger	voiture
202400019565	2024	4	08	64269	1	2	9	BUTTE DE LA	43.28874	-0.31209	0	1	0	1	0	0	blessé léger	voiture
202400019911	2024	4	16	64102	1	2	1	LAURIERS (AVENUE DES)	43.4962	-1.4896	0	1	0	1	0	0	blessé léger	voiture
202400019921	2024	4	15	64024	1	2	1	EUGENE BERNAIN (AVENUE)	43.48193	-1.5098	0	1	0	1	0	0	blessé léger	voiture
202400020493	2024	7	00	64445	5	2	3	CARREROT	43.29836	-0.36255	0	0	1	1	0	0	blessé léger	voiture
202400020644	2024	10	11	64102	1	2	1	SAINT ETIENNE (CHEMIN DE )	43.49678	-1.46317	0	0	1	1	0	0	blessé léger	voiture
202400020677	2024	5	13	64348	1	2	6	SANTONA DE	43.32048	-0.39192	0	1	0	1	0	0	blessé léger	voiture
202400020929	2024	6	22	64102	5	2	1	ALSACE LORRAINE (BOULEVARD)	43.49472	-1.46852	1	0	0	1	0	0	blessé léger	voiture
202400021403	2024	11	08	64445	1	2	2	CATHERINE DE BOURBON	43.32466	-0.3576	0	1	0	1	0	0	blessé léger	voiture
202400021405	2024	11	15	64445	1	2	1	ALFRED DE MUSSET	43.29645	-0.36169	1	0	0	1	0	1	blessé hospitalisé	voiture
202400021769	2024	12	14	64024	1	2	3	MOULIN BARBOT (RUE DU)	43.50072	-1.53241	0	1	0	1	0	0	blessé léger	aucun autre véhicule
202400022151	2024	1	17	64102	1	2	1	BERNEDE (RUE)	43.4928	-1.47495	1	0	0	1	0	0	blessé léger	deux-roues motorisé
202400022194	2024	9	14	64445	1	2	6	POUGUET	43.32038	-0.35258	0	0	1	1	0	0	blessé léger	voiture
202400022195	2024	9	07	64445	1	2	1	CHAMPETIER DE RIBES	43.30357	-0.37824	1	0	0	1	0	0	blessé léger	voiture
202400022374	2024	7	12	64260	1	2	1	Boulevard du général de gaulle	43.35824	-1.77625	1	0	0	1	0	0	blessé léger	utilitaire
202400022545	2024	5	05	64445	5	2	9	BAYARD	43.297	-0.37745	0	0	1	1	0	0	blessé léger	voiture
202400022546	2024	5	18	64445	1	2	1	NOGUE	43.29993	-0.37002	1	0	0	1	0	0	blessé léger	voiture
202400022804	2024	10	13	64445	1	2	6	PEYROULET	43.30388	-0.35605	0	1	0	1	0	0	blessé léger	utilitaire
202400023046	2024	11	15	64348	1	2	3	HIPPODROME DE L'	43.33819	-0.38002	0	1	0	1	0	1	blessé hospitalisé	voiture
202400023049	2024	11	13	64445	1	2	1	MARECHAL FOCH	43.2968	-0.367	0	1	0	1	0	0	blessé léger	voiture
202400023054	2024	11	12	64284	1	2	1	GENERAL LECLERC DU	43.28872	-0.38876	1	0	0	1	0	0	blessé léger	voiture
202400023596	2024	4	17	64335	1	1	3	VERT GALANT DU	43.3259	-0.44103	0	1	0	1	0	0	blessé léger	voiture
202400023932	2024	9	11	64445	1	2	1	MICHELET	43.3005	-0.37722	1	0	0	1	0	0	blessé léger	voiture
202400023937	2024	9	13	64445	1	2	1	ALSACE LORRAINE D'	43.30444	-0.36739	0	1	0	1	0	0	blessé léger	voiture
202400024013	2024	7	13	64160	1	1	9	ZI ERROBI	43.35188	-1.41745	1	0	0	1	0	0	blessé léger	voiture
202400024379	2024	7	21	64133	2	1	6	D938	43.22577	-0.25007	0	1	0	1	0	0	blessé léger	voiture
202400024940	2024	11	18	64445	5	2	2	CATHERINE DE BOURBON	43.3247	-0.35756	1	0	0	1	0	0	blessé léger	voiture
202400024945	2024	11	16	64125	1	2	3	UHABIA (RUE)	43.4364	-1.5942	0	1	0	1	0	1	blessé hospitalisé	voiture
202400025486	2024	4	21	64445	5	2	3	CASTETNAU	43.30043	-0.36486	0	0	1	1	0	1	blessé hospitalisé	aucun autre véhicule
202400025767	2024	1	11	64335	1	2	3	SULLY	43.31871	-0.42571	1	0	0	1	0	1	blessé hospitalisé	voiture
202400025799	2024	4	16	64100	1	2	1	1356 Route Départementale 3	43.4416	-1.51771	0	1	0	1	0	1	blessé hospitalisé	voiture
202400025824	2024	9	13	64445	1	2	1	LOUIS SALLENAVE	43.31647	-0.36089	1	0	0	1	0	0	blessé léger	voiture
202400026009	2024	7	00	64483	5	2	3	HUGO VICTOR (BOULEVARD)	43.38853	-1.6587	0	0	1	1	0	1	blessé hospitalisé	voiture
202400026466	2024	5	19	64024	1	2	1	HAUSQUETTE (RUE DE)	43.49665	-1.50915	0	1	0	1	0	0	blessé léger	voiture
202400026709	2024	6	01	64445	5	2	1	MONTPENSIER	43.30159	-0.37334	0	1	0	1	0	1	blessé hospitalisé	aucun autre véhicule
202400026712	2024	6	16	64102	1	2	1	HENRI DE NAVARRE (AVENUE)	43.50404	-1.44542	1	0	0	1	0	0	blessé léger	voiture
202400026902	2024	6	08	64160	1	2	6	Roind point D410 / Avenue du Professeur grancher	43.36145	-1.39362	0	1	0	1	0	1	blessé hospitalisé	voiture
202400027059	2024	11	19	64445	3	2	9	CHATIEU	43.317	-0.37718	0	0	1	1	0	0	blessé léger	utilitaire
202400027061	2024	11	11	64132	1	2	1	ALBERT 1ER	43.28577	-0.34854	0	1	0	1	0	0	blessé léger	aucun autre véhicule
202400027258	2024	12	11	64348	1	1	1	FRERES FARMAN DES	43.32833	-0.39336	1	0	0	1	0	1	blessé hospitalisé	voiture
202400027260	2024	12	10	64445	1	2	1	BUROS DE	43.32052	-0.34591	1	0	0	1	0	0	blessé léger	voiture
202400027262	2024	12	11	64445	1	2	1	SARAGOSSE DE	43.30783	-0.35967	1	0	0	1	0	1	blessé hospitalisé	utilitaire
202400027263	2024	12	15	64445	1	2	1	ALFRED DE MUSSET	43.2958	-0.36172	1	0	0	1	0	0	blessé léger	voiture
202400027267	2024	12	18	64102	5	2	1	PONT GRENET	43.49884	-1.48166	1	0	0	1	0	0	blessé léger	voiture
202400027361	2024	3	07	64024	2	2	1	BARTHES (RUE DES)	43.48346	-1.51089	1	0	0	1	0	0	blessé léger	voiture
202400027383	2024	1	17	64445	1	2	1	UNIVERSITE DE L'	43.31133	-0.36448	0	1	0	1	0	0	blessé léger	voiture
202400027890	2024	9	16	64024	1	2	1	MARCEL DASSAULT (AVENUE)	43.50165	-1.49551	0	1	0	1	0	1	blessé hospitalisé	utilitaire
202400028388	2024	7	14	64445	1	2	1	LATAPIE	43.29544	-0.36788	1	0	0	1	0	0	blessé léger	voiture
202400029008	2024	12	16	64499	1	2	7	Place du Bayaa	43.47086	-0.92524	1	0	0	1	0	1	blessé hospitalisé	voiture
202400029154	2024	12	17	64445	1	2	1	TOURASSE	43.31103	-0.3502	1	0	0	1	0	0	blessé léger	voiture
202400029159	2024	12	09	64445	1	2	6	DROITS DE L' HOMME DES	43.31305	-0.36899	0	1	0	1	0	0	blessé léger	voiture
202400029161	2024	12	06	64445	5	2	1	RONSARD	43.31863	-0.35922	0	0	1	1	0	0	blessé léger	voiture
202400030739	2024	11	11	64269	1	2	3	PIERRE DE BELSUNCE	43.28966	-0.31188	0	1	0	1	0	0	blessé léger	utilitaire
202400030960	2024	11	18	64445	4	2	1	LOUIS SALLENAVE	43.31788	-0.35806	1	0	0	1	0	1	blessé hospitalisé	voiture
202400031078	2024	12	16	64445	2	2	1	ALSACE LORRAINE D'	43.30199	-0.3595	1	0	0	1	0	1	blessé hospitalisé	voiture
202400031079	2024	12	13	64102	1	2	6	BEYRIS (GIRATOIRE)	43.47857	-1.49264	0	1	0	1	0	0	blessé léger	voiture
202400031130	2024	3	09	64230	1	2	1	Pc	43.23167	-0.38806	1	0	0	1	0	1	blessé hospitalisé	voiture
202400031481	2024	4	15	64061	1	2	1	Rue de la Bie Cabe	43.40094	-0.56991	0	0	1	1	0	0	blessé léger	aucun autre véhicule
202400031760	2024	4	20	64445	2	2	1	CAMI SALIE DU	43.33155	-0.36312	1	0	0	1	0	0	blessé léger	voiture
202400031835	2024	5	11	64125	1	2	1	BIARRITZ (AVENUE DE)	43.45975	-1.57178	0	1	0	1	0	0	blessé léger	aucun autre véhicule
202400032089	2024	8	14	64125	1	2	1	GARE (RUE DE LA)	43.4303	-1.5925	0	1	0	1	0	0	blessé léger	aucun autre véhicule
202400032357	2024	10	11	64445	1	2	1	ALSACE LORRAINE D'	43.30243	-0.35851	1	0	0	1	0	1	blessé hospitalisé	voiture
202400032360	2024	10	15	64445	1	2	1	JEAN BIRAY	43.29324	-0.37545	0	1	0	1	0	0	blessé léger	aucun autre véhicule
202400032508	2024	6	16	64313	1	1	3	RD8	43.27627	-1.10747	0	1	0	1	0	0	blessé léger	voiture
202400032779	2024	12	23	64130	3	1	1	A63, PK 204.6, sens France /Espagne	43.34106	-1.73523	1	0	0	1	1	0	tué	utilitaire
202400032914	2024	12	17	64445	2	2	1	HENRI FAISANS	43.30097	-0.35966	0	0	1	1	0	0	blessé léger	voiture
202400033788	2024	1	19	64445	5	2	1	DIDIER DAURAT	43.33204	-0.37946	0	1	0	1	0	0	blessé léger	voiture
202400033935	2024	7	15	64122	1	2	1	COTE DES BASQUES (PERSPECTIVE DE LA	43.48108	-1.56668	0	1	0	1	0	0	blessé léger	aucun autre véhicule
202400034009	2024	8	10	64445	1	2	6	ALSACE LORRAINE D'	43.30427	-0.36683	0	1	0	1	0	1	blessé hospitalisé	voiture
202400034011	2024	8	18	64445	1	2	6	BERLIOZ	43.31285	-0.34554	1	0	0	1	0	1	blessé hospitalisé	deux-roues motorisé
202400034129	2024	1	08	64483	5	2	3	N/A	43.38746	-1.65991	1	0	0	1	0	1	blessé hospitalisé	voiture
202400034198	2024	8	15	64493	1	2	1	Boulevard de la Madeleine	43.32714	-1.03596	1	0	0	1	0	1	blessé hospitalisé	voiture
202400034753	2024	11	08	64445	1	2	2	MONSEIGNEUR CAMPO	43.32037	-0.34377	0	0	1	1	0	0	blessé léger	voiture
202400034757	2024	11	17	64335	1	2	3	DENIS TOUZANNE	43.33787	-0.43843	1	0	0	1	0	0	blessé léger	autre
202400034762	2024	11	07	64102	2	2	1	DUVERGIER DE HAURANNE (AVENUE)	43.48942	-1.46807	1	0	0	1	0	0	blessé léger	deux-roues motorisé
202400034823	2024	12	09	64445	1	2	1	ARSENE D'ARSONVAL	43.30739	-0.36362	0	0	1	1	0	0	blessé léger	aucun autre véhicule
202400034827	2024	12	14	64024	1	2	9	ADOUR (AVENUE DE L')	43.51422	-1.5006	0	1	0	1	0	0	blessé léger	utilitaire
202400035172	2024	5	08	64422	1	2	6	rond point joseph de monic	43.18168	-0.61542	0	1	0	1	0	0	blessé léger	voiture
202400035449	2024	1	18	64445	5	2	3	DUFAU	43.30538	-0.36797	0	1	0	1	0	0	blessé léger	voiture
202400035450	2024	1	14	64445	1	2	2	RAYMOND DE CARBONNIERES	43.303	-0.35207	0	1	0	1	0	0	blessé léger	voiture
202400035452	2024	1	13	64269	1	1	6	BEARN DU	43.30176	-0.30814	0	1	0	1	0	0	blessé léger	voiture
202400035881	2024	8	17	64445	1	2	1	PAIX	43.31285	-0.34554	1	0	0	1	0	0	blessé léger	utilitaire
202400035883	2024	8	18	64122	1	2	1	CASCAIS (BD DE)	43.47669	-1.54935	0	1	0	1	0	0	blessé léger	aucun autre véhicule
202400036054	2024	7	00	64125	5	2	1	BIARRITZ (AVENUE DE)	43.454	-1.57361	1	0	0	1	0	0	blessé léger	deux-roues motorisé
202400036174	2024	8	18	64102	1	2	6	JORLIS (ROND POINT DE)	43.49834	-1.49362	0	1	0	1	0	0	blessé léger	voiture
202400036320	2024	6	18	64545	1	1	1	CORNICHE (ROUTE DE LA)	43.39231	-1.69582	0	1	0	1	0	0	blessé léger	voiture
202400036322	2024	6	08	64445	1	2	1	GENERAL DE GAULLE DU	43.3021	-0.35531	0	1	0	1	0	0	blessé léger	deux-roues motorisé
202400036482	2024	10	08	64260	1	2	2	GAULLE CHARLES (RUE DE)	43.35871	-1.77601	0	1	0	1	0	0	blessé léger	voiture
202400036552	2024	6	18	64138	1	1	6	D938	43.24356	-0.26805	0	1	0	1	0	1	blessé hospitalisé	utilitaire
202400036612	2024	11	13	64445	1	2	1	14 JUILLET DU	43.29371	-0.37755	0	1	0	1	0	0	blessé léger	aucun autre véhicule
202400037168	2024	1	11	64483	1	2	1	N/A	43.38754	-1.66147	1	0	0	1	0	0	blessé léger	voiture
202400037502	2024	2	07	64445	2	2	1	LOUP DU	43.30919	-0.35587	1	0	0	1	0	0	blessé léger	bus ou car
202400037590	2024	5	18	64122	1	2	1	MARECHAL JOFFRE (RUE DU)	43.47817	-1.56233	0	0	1	1	0	0	blessé léger	voiture
202400037592	2024	5	17	64122	1	2	1	MADRID (RUE DE)	43.47041	-1.56883	0	1	0	1	0	0	blessé léger	aucun autre véhicule
202400037740	2024	7	14	64256	1	2	1	Chemin URRUTIA	43.39525	-1.31446	1	0	0	1	0	1	blessé hospitalisé	voiture
202400038358	2024	11	19	64445	2	2	3	boulevard du recteur Jean Sarrailh	43.31075	-0.36738	0	1	0	1	0	0	blessé léger	voiture
202400038360	2024	11	18	64445	5	2	1	MARCA	43.29507	-0.37696	1	0	0	1	0	0	blessé léger	voiture
202400038364	2024	11	17	64122	1	2	1	LA NEGRESSE (CARREFOUR DE LA)	43.45956	-1.54766	0	1	0	1	0	0	blessé léger	aucun autre véhicule
202400038810	2024	12	17	64260	4	2	1	SAINT JACQUES (ACCES AU PONT)	43.35031	-1.78348	0	0	1	1	0	0	blessé léger	voiture
202400038816	2024	12	07	64445	5	2	6	YITZHAK RABIN	43.30637	-0.33304	0	1	0	1	0	0	blessé léger	voiture
202400039078	2024	4	18	64445	1	2	9	DOYEN ROBERT POPLAWSKI DU	43.31316	-0.36868	0	1	0	1	0	0	blessé léger	deux-roues motorisé
202400039847	2024	8	18	64348	1	2	3	DIDIER DAURAT	43.33279	-0.37977	0	1	0	1	0	0	blessé léger	voiture
202400040584	2024	9	11	64445	1	2	6	GENERAL DE GAULLE DU	43.30175	-0.35622	0	1	0	1	0	0	blessé léger	voiture
202400041130	2024	5	09	64373	1	2	1	GENERAL DE GAULLE DU	43.28137	-0.35959	1	0	0	1	0	0	blessé léger	voiture
202400041771	2024	7	20	64260	1	2	6	BAIE DE CHINGUDY (AVENUE DE LA)	43.36514	-1.76978	0	1	0	1	0	1	blessé hospitalisé	voiture
202400041967	2024	6	12	64260	1	2	1	MER (BOULEVARD DE LA)	43.37315	-1.77384	1	1	0	2	0	0	blessé léger	aucun autre véhicule
202400042368	2024	11	11	64483	1	2	1	ITHURRALDE ANDRE (AVENUE)	43.39394	-1.65026	0	1	0	1	0	1	blessé hospitalisé	voiture
202400042383	2024	12	13	64132	1	2	1	COMMANDANT RENE MOUCHOTTE DU	43.30537	-0.32925	1	0	0	1	0	0	blessé léger	voiture
202400043030	2024	1	12	64306	1	1	1	Chemin de Vergez	43.35834	-0.63576	1	0	0	1	1	0	tué	voiture
202400043574	2024	7	07	64445	1	2	2	RESISTANCE	43.3024	-0.37555	0	1	0	1	0	0	blessé léger	aucun autre véhicule
202400043595	2024	7	06	64122	1	2	2	N/A	43.48029	-1.5466	0	1	0	1	0	0	blessé léger	voiture
202400043800	2024	6	11	64122	1	2	1	LAHOUZE (AVENUE)	43.48043	-1.54552	0	1	0	1	0	1	blessé hospitalisé	aucun autre véhicule
202400043853	2024	8	21	64348	5	2	1	PERLIC DU	43.32986	-0.39207	0	0	1	1	0	0	blessé léger	voiture
202400044112	2024	12	21	64260	5	2	9	BEHOBIE (RUE DE)	43.34908	-1.76852	1	0	0	1	0	0	blessé léger	voiture
202400044383	2024	10	11	64445	1	2	3	LOUIS BLERIOT	43.30962	-0.33915	0	1	0	1	0	0	blessé léger	voiture
202400044386	2024	10	12	64445	1	2	2	STANISLAS LAVIGNE	43.31227	-0.37316	0	0	1	1	0	0	blessé léger	utilitaire
202400044610	2024	12	08	64024	2	2	1	HARDOY (RUE DE)	43.49363	-1.50996	1	0	0	1	0	0	blessé léger	voiture
202400044709	2024	1	16	64129	1	2	1	CHARLES DE GAULLE	43.30584	-0.40302	0	1	0	1	0	0	blessé léger	aucun autre véhicule
202400044710	2024	1	19	64102	5	2	1	BARTHES (CHEMIN DES)	43.49286	-1.49525	1	0	0	1	0	0	blessé léger	voiture
202400045031	2024	5	15	64445	1	2	1	LYAUTEY	43.31093	-0.36279	0	1	0	1	0	0	blessé léger	voiture
202400045090	2024	7	12	64110	1	1	1	Rue Cap Debat	42.99354	-0.4178	0	1	0	1	1	0	tué	aucun autre véhicule
202400045470	2024	3	11	64445	1	2	1	CORPS FRANC POMMIES DU	43.3073	-0.33586	1	0	0	1	0	0	blessé léger	voiture
202400045751	2024	7	16	64371	1	2	3	Départementale 611- Rue rené Coty	43.22236	-0.89419	0	1	0	1	0	0	blessé léger	aucun autre véhicule
202400046147	2024	10	15	64348	1	2	1	SANTONA DE	43.31967	-0.3855	1	0	0	1	1	0	tué	voiture
202400046247	2024	8	18	64269	1	2	4	BEAUMONT DE	43.28969	-0.31171	0	1	0	1	0	1	blessé hospitalisé	voiture
202400047305	2024	6	16	64445	1	2	6	MARECHAL LECLERC DU	43.30628	-0.33386	0	1	0	1	0	0	blessé léger	voiture
202400047313	2024	6	08	64122	1	2	2	VERDUN (AVENUE DE)	43.4808	-1.5453	0	1	0	1	0	0	blessé léger	voiture
202400047378	2024	5	18	64024	1	2	2	JOUANICOT (RUE DE)	43.4925	-1.5208	0	1	0	1	0	0	blessé léger	voiture
202400048354	2024	8	14	64422	1	2	6	6bis Rue de Sègues	43.19752	-0.60417	0	1	0	1	0	1	blessé hospitalisé	voiture
202400048430	2024	12	13	64102	1	2	2	NAVARRE (AVENUE HENRI DE)	43.50482	-1.44673	1	0	0	1	0	0	blessé léger	voiture
202400048811	2024	3	16	64445	1	2	1	HENRI FAISANS	43.29993	-0.36109	1	0	0	1	0	0	blessé léger	voiture
202400048814	2024	3	09	64445	1	2	1	GENERAL DE GAULLE DU	43.30168	-0.35732	0	1	0	1	0	0	blessé léger	voiture
202400049360	2024	3	11	64230	1	1	1	RN 134	43.2537	-0.38956	1	0	0	1	0	1	blessé hospitalisé	utilitaire
202400049748	2024	2	11	64546	1	2	1	506 Avenue du Port	43.4979	-1.29858	0	1	0	1	0	1	blessé hospitalisé	voiture
202400050099	2024	9	12	64445	1	2	3	TRESPOEY DE	43.299	-0.35521	0	0	1	1	0	0	blessé léger	voiture
202400050124	2024	6	15	64129	1	2	1	COURREAUX DES	43.29909	-0.40768	0	0	1	1	0	0	blessé léger	aucun autre véhicule
202400050140	2024	6	18	64024	1	2	1	BAHINOS (ROUTE DE)	43.4928	-1.51771	0	1	0	1	0	0	blessé léger	voiture
202400050691	2024	2	15	64445	1	2	1	LOUIS SALLENAVE	43.3173	-0.36032	0	0	1	1	0	0	blessé léger	voiture
202400050699	2024	2	07	64129	2	2	1	PIEDMONT DU	43.30528	-0.40124	1	0	0	1	0	0	blessé léger	voiture
202400051077	2024	1	10	64335	1	2	1	Parking CC carrefour Lescar	43.31691	-0.42725	1	0	0	1	0	1	blessé hospitalisé	voiture
202400051311	2024	12	11	64445	1	2	2	CARNOT	43.30149	-0.36921	0	1	0	1	0	0	blessé léger	voiture
202400051440	2024	9	08	64122	1	2	1	MOURA (ALLEE DU)	43.46	-1.54179	0	1	0	1	0	0	blessé léger	aucun autre véhicule
202400051544	2024	5	12	64269	1	2	1	PIERRE DE BELSUNCE	43.29218	-0.3093	0	1	0	1	0	0	blessé léger	aucun autre véhicule
202400051553	2024	5	14	64445	1	2	1	CHAMPETIER DE RIBES	43.30357	-0.37814	1	0	0	1	0	0	blessé léger	utilitaire
202400051565	2024	5	07	64445	1	2	3	HENRI FAISANS	43.30052	-0.36032	0	1	0	1	0	0	blessé léger	voiture
202400052134	2024	10	09	64445	1	2	1	MARECHAL LECLERC DU	43.30606	-0.33503	1	0	0	2	0	0	blessé léger	voiture
202400052140	2024	10	17	64024	1	2	1	Place du Général Leclerc	43.4942	-1.5285	1	0	0	1	0	1	blessé hospitalisé	voiture
202400052219	2024	7	09	64445	1	2	6	ALSACE LORRAINE D'	43.30429	-0.36671	0	1	0	1	0	0	blessé léger	voiture
202400052231	2024	7	18	64125	1	2	1	CHABADENIA (AVENUE)	43.43971	-1.58713	0	1	0	1	0	1	blessé hospitalisé	voiture
202400052485	2024	9	15	64102	1	2	1	MAI 1945 (AVENUE DU 8)	43.47354	-1.48578	0	0	1	1	0	0	blessé léger	voiture
202400053103	2024	2	19	64445	5	2	3	ATTIGNY D'	43.31875	-0.37496	0	1	0	1	0	0	blessé léger	voiture
202400053120	2024	2	19	64102	1	2	1	N/A	43.48081	-1.46201	1	0	0	1	0	0	blessé léger	voiture
202400053382	2024	8	18	64129	1	2	6	MARNIERES DES	43.30245	-0.39106	0	1	0	1	0	0	blessé léger	aucun autre véhicule
202400053688	2024	10	19	64445	5	2	1	ALFRED DE MUSSET	43.29632	-0.35935	1	0	0	1	0	0	blessé léger	voiture
202400053984	2024	11	17	64445	5	2	1	NAVARRE DE	43.29981	-0.35611	1	0	0	1	0	0	blessé léger	voiture
202400054001	2024	11	13	64024	1	2	2	QUATRE CANTONS (RUE DES)	43.48837	-1.52844	0	1	0	1	0	0	blessé léger	voiture
202400054295	2024	9	10	64122	1	2	1	CARNOT (AV)	43.47938	-1.56303	1	0	0	1	0	0	blessé léger	voiture
