id	annee	mois	heure	commune	lum	agg	int	adresse	lat	lon	pieton	velo	edp	victimes	tues	hospit	gravite	adverse
201900000135	2019	9	10	76217	1	2	9	DE GAULLE (BOUVEVARD GENERAL)	49.92348	1.0756	1	0	0	1	0	1	blessé hospitalisé	voiture
201900000136	2019	9	09	76217	1	2	2	LIBERATION (AVENUE DE LA)	49.9246	1.10933	1	0	0	1	0	0	blessé léger	voiture
201900000192	2019	2	19	76660	2	1	1	N 1029	49.44253	0.27265	0	1	0	1	0	0	blessé léger	deux-roues motorisé
201900001040	2019	2	11	76758	1	2	1	IMPASSE LÉON JACQUES	49.61724	0.74491	1	0	0	1	1	0	tué	voiture
201900001041	2019	2	12	76024	1	1	1	route de dieppe	49.7503	1.2846	0	1	0	1	0	1	blessé hospitalisé	voiture
201900001928	2019	11	11	76647	1	2	1	Rue Félix Faure	49.52983	0.35789	1	0	0	1	0	1	blessé hospitalisé	poids lourd
201900001967	2019	11	16	76498	1	2	1	KENNEDY. RUE DU PRESIDENT	49.43174	1.0702	0	1	0	1	0	0	blessé léger	voiture
201900001968	2019	11	11	76484	1	2	1	CARNOT. RUE SADI	49.3422	1.09127	1	0	0	1	0	1	blessé hospitalisé	utilitaire
201900001969	2019	11	17	76351	5	2	6	IRENE JOLIOT CURIE (RUE)	49.53184	0.10316	0	1	0	1	0	0	blessé léger	voiture
201900002147	2019	12	18	76341	5	2	1	RESISTANCE (AVENUE DE LA)	49.49846	0.22915	1	0	0	1	0	0	blessé léger	utilitaire
201900002149	2019	12	10	76447	1	2	2	COMMUNE 1871 (DE LA)	49.54554	0.1882	1	0	0	1	0	1	blessé hospitalisé	voiture
201900002150	2019	12	18	76384	3	2	1	HUGO VICTOR (RUE)	49.51798	0.53671	1	0	0	1	0	0	blessé léger	voiture
201900002151	2019	12	13	76575	1	2	6	OREE DU ROUVRAY. RUE DE L'	49.39208	1.08704	0	1	0	1	0	0	blessé léger	voiture
201900002154	2019	12	16	76447	1	2	1	PRESIDENT WILSON	49.54495	0.18532	1	0	0	2	0	0	blessé léger	voiture
201900002155	2019	12	11	76351	1	2	3	PAUL MARION	49.48477	0.13347	1	0	0	1	0	1	blessé hospitalisé	voiture
201900002156	2019	11	16	76351	1	2	1	AMIRAL MOUCHEZ (BD)	49.48608	0.13963	1	0	0	1	0	1	blessé hospitalisé	utilitaire
201900002306	2019	9	19	76351	1	2	1	JULES DURAND (BD)	49.4893	0.154	1	0	0	2	0	0	blessé léger	voiture
201900003069	2019	6	11	76167	1	2	3	Rue d'Ecqueville	49.5857	0.1207	0	1	0	1	0	0	blessé léger	voiture
201900003390	2019	6	20	76655	2	2	1	Rue des remparts	49.86937	0.71616	1	0	0	1	0	1	blessé hospitalisé	voiture
201900003393	2019	6	22	76263	3	1	1	PK 29+200, R.N. 31	49.4635	1.4734	1	0	0	1	1	0	tué	voiture
201900003614	2019	11	13	76351	1	2	1	EDOUARD VAILLANT	49.51606	0.17585	1	0	0	1	0	0	blessé léger	voiture
201900003834	2019	12	11	76351	1	2	1	GRAVILLE (BD DE)	49.50034	0.14587	1	0	0	1	0	1	blessé hospitalisé	voiture
201900003864	2019	12	18	76351	5	2	1	PONTS (DES)	49.52054	0.12612	1	0	0	1	0	1	blessé hospitalisé	voiture
201900004231	2019	7	12	76540	1	2	3	VERTE. RUE	49.45286	1.0935	0	1	0	1	0	1	blessé hospitalisé	voiture
201900004235	2019	7	13	76305	1	2	3	ORCHER	49.50349	0.21402	0	1	0	2	0	0	blessé léger	aucun autre véhicule
201900004283	2019	2	12	76351	1	2	1	JEAN JAURES (AVENUE)	49.49913	0.15321	1	0	0	1	0	0	blessé léger	deux-roues motorisé
201900004284	2019	2	10	76351	1	2	1	MULHOUSE (DE)	49.48776	0.14153	1	0	0	1	0	1	blessé hospitalisé	utilitaire
201900004686	2019	3	17	76351	1	2	2	BOIS AU COQ (AVENUE)	49.51851	0.11696	0	1	0	1	0	0	blessé léger	voiture
201900004688	2019	3	17	76351	1	2	2	VERDUN (RUE DE)	49.5014	0.15009	0	1	0	1	0	1	blessé hospitalisé	voiture
201900004689	2019	3	15	76351	1	2	2	ERNEST RENAN	49.49719	0.1133	0	1	0	1	0	1	blessé hospitalisé	voiture
201900004691	2019	3	16	76545	1	1	9	RD 154E	49.90702	1.10589	1	0	0	1	0	0	blessé léger	voiture
201900004802	2019	10	06	76305	5	1	4	INDUSTRIELLE (ROUTE)	49.48735	0.21582	0	0	1	1	0	1	blessé hospitalisé	voiture
201900004803	2019	10	10	76552	1	2	1	EDITH CAVELL	49.50818	0.0838	1	0	0	1	0	0	blessé léger	voiture
201900004805	2019	10	10	76217	1	2	1	BRIAND (ARISTIDE) - CHAMPION	49.92897	1.10022	1	0	0	1	0	1	blessé hospitalisé	voiture
201900005360	2019	11	09	76295	1	2	9	44 Route de Neufchâtel	49.65354	1.61483	1	0	0	1	0	1	blessé hospitalisé	poids lourd
201900005407	2019	11	20	76540	5	2	1	CLEMENCEAU. COURS	49.43477	1.08773	1	0	0	1	0	0	blessé léger	voiture
201900005409	2019	11	18	76351	5	2	2	ARTOIS (DE L')	49.51279	0.12528	0	0	1	1	0	0	blessé léger	voiture
201900006457	2019	4	16	76474	1	2	1	RD 927 (ROUTE DE DIEPPE)	49.49388	1.04861	1	0	0	1	0	1	blessé hospitalisé	deux-roues motorisé
201900006468	2019	4	13	76305	1	2	1	JACQUES DUCLOS	49.50697	0.22811	0	1	0	1	0	0	blessé léger	voiture
201900006470	2019	4	15	76217	1	2	1	SAINT-JEAN	49.92643	1.07962	1	0	0	1	0	0	blessé léger	voiture
201900006471	2019	4	18	76545	1	2	1	BOURBON (COURS)	49.91489	1.09395	0	1	0	1	0	0	blessé léger	voiture
201900007601	2019	12	16	76429	1	2	1	DARNETAL. ROUTE DE	49.4177	1.14644	0	1	0	1	0	0	blessé léger	voiture
201900007731	2019	9	12	76540	1	2	1	BELGES. BOULEVARD DES	49.44522	1.08597	1	0	0	1	0	0	blessé léger	voiture
201900007732	2019	9	14	76157	1	2	1	CD 51 (RUE DU CANAL)	49.45683	1.04408	0	1	0	1	0	0	blessé léger	voiture
201900007735	2019	9	18	76341	1	2	3	RESISTANCE (AVENUE DE LA)	49.50476	0.19748	1	0	0	1	0	0	blessé léger	deux-roues motorisé
201900007904	2019	2	10	76719	1	2	1	rue André FIQUET	49.74388	0.51143	1	0	0	1	0	1	blessé hospitalisé	voiture
201900009135	2019	7	11	76351	1	2	1	AUGUSTE BLANQUI (PONT)	49.4998	0.1624	1	0	0	1	0	0	blessé léger	deux-roues motorisé
201900009137	2019	7	13	76447	1	2	1	4 SAISONS (RUE DES )	49.53522	0.18551	1	0	0	1	0	1	blessé hospitalisé	voiture
201900009138	2019	7	15	76217	1	2	1	GAMBETTA (AVENUE)	49.91518	1.07477	1	0	0	1	0	0	blessé léger	voiture
201900009452	2019	12	15	76351	1	2	3	ARISTIDE BRIAND	49.50023	0.1348	1	0	0	1	0	1	blessé hospitalisé	deux-roues motorisé
201900009593	2019	9	16	76536	1	1	1	229 Route de Darnétal	49.45858	1.16563	0	1	0	1	1	0	tué	aucun autre véhicule
201900009737	2019	3	14	76179	1	2	1	Avenue du parc	49.592	1.099	1	0	0	1	0	1	blessé hospitalisé	voiture
201900010212	2019	10	15	76402	1	2	2	(ROUTE DE DIEPPE)	49.52836	1.04168	1	1	0	1	0	1	blessé hospitalisé	aucun autre véhicule
201900011236	2019	12	07	76366	5	2	1	11 NOVEMBRE. RUE DU	49.52155	1.03334	1	0	0	1	0	0	blessé léger	voiture
201900011604	2019	3	10	76057	1	2	9	Rue Saint-Hélier	49.54497	0.95724	1	0	0	1	0	1	blessé hospitalisé	voiture
201900011712	2019	3	09	76481	1	1	1	GOLF (CHEMIN DU)	49.5664	0.1372	0	1	0	1	0	0	blessé léger	voiture
201900011714	2019	3	16	76447	1	2	1	PIERRE MENDES FRANCE	49.52789	0.18377	1	0	0	1	0	0	blessé léger	voiture
201900012843	2019	11	19	76540	2	2	1	RAFFETOT. RUE	49.45099	1.0835	1	0	0	1	0	0	blessé léger	voiture
201900012986	2019	11	07	76475	2	2	2	Route de Paris	49.4013	1.16515	1	0	0	1	0	1	blessé hospitalisé	voiture
201900013515	2019	3	22	76351	3	2	9	GRAND HAMEAU (Avenue du )	49.52306	0.10975	0	1	0	1	0	0	blessé léger	voiture
201900014126	2019	8	16	76351	1	2	3	BAYARD	49.50685	0.0946	1	0	0	1	0	1	blessé hospitalisé	voiture
201900014529	2019	6	13	76498	1	2	1	CANADIENS. AVENUE DES	49.41273	1.07286	1	0	0	2	0	0	blessé léger	voiture
201900014531	2019	7	08	76451	1	2	1	MONT AUX MALADES. AVENUE DU	49.46415	1.07395	1	0	0	1	0	0	blessé léger	deux-roues motorisé
201900014635	2019	11	17	76259	5	2	1	DE LATTRE DE TASSIGNY	49.75421	0.37817	1	0	0	1	0	1	blessé hospitalisé	voiture
201900014856	2019	12	08	76231	4	2	1	SOLFERINO. RUE DE	49.28979	1.01108	1	0	0	1	0	0	blessé léger	voiture
201900014857	2019	12	12	76575	1	2	2	LENINE. BOULEVARD	49.38116	1.10966	1	0	0	1	0	0	blessé léger	voiture
201900014935	2019	12	11	76483	1	1	1	Route du Manoir	49.72099	0.68349	1	0	0	1	0	1	blessé hospitalisé	voiture
201900015144	2019	3	07	76648	1	2	7	place maintenon	49.67282	1.28327	1	0	0	1	0	1	blessé hospitalisé	bus ou car
201900015237	2019	9	11	76610	1	2	1	1307 Rue du Mont Asselin	49.61849	0.7877	0	1	0	1	0	0	blessé léger	voiture
201900015252	2019	9	09	76351	1	2	1	BOIS AU COQ (AVENUE)	49.51155	0.12768	0	0	1	1	0	0	blessé léger	aucun autre véhicule
201900015547	2019	10	17	76351	1	2	2	MARC BLOCH	49.51908	0.11982	0	0	1	2	0	0	blessé léger	voiture
201900015717	2019	4	18	76452	2	2	4	N/A	49.5476	1.07429	1	0	0	1	0	0	blessé léger	voiture
201900015719	2019	4	10	76177	1	1	1	route de cailly	49.59615	1.19824	0	1	0	1	1	0	tué	voiture
201900015988	2019	8	09	76752	1	2	1	Rue Jacques Ferny	49.66839	0.89762	1	0	0	1	0	1	blessé hospitalisé	voiture
201900016215	2019	7	18	76351	1	2	2	DEMIDOFF (RUE)	49.49753	0.13409	0	0	1	1	0	1	blessé hospitalisé	voiture
201900016709	2019	12	18	76429	5	2	1	DUPRE. RUE MARCEL	49.4047	1.14868	1	0	0	1	0	1	blessé hospitalisé	voiture
201900016913	2019	3	08	76681	1	2	1	GARIBALDI. RUE	49.4186	1.0911	1	0	0	1	0	1	blessé hospitalisé	voiture
201900016914	2019	3	07	76451	2	2	1	MONT AUX MALADES. AVENUE DU	49.45752	1.08271	1	0	0	1	0	1	blessé hospitalisé	voiture
201900016915	2019	3	14	76498	1	2	3	PREVERT. AVENUE JACQUES	49.42792	1.0629	1	0	0	1	1	0	tué	voiture
201900016916	2019	3	15	76681	1	2	1	CITE THUILLIER. RUE	49.40735	1.09984	1	0	0	1	0	1	blessé hospitalisé	voiture
201900016917	2019	3	10	76351	1	2	2	BERNARDIN DE SAINT PIERRE	49.49	0.1053	1	0	0	1	0	1	blessé hospitalisé	poids lourd
201900016955	2019	1	21	76540	5	2	1	LA FAYETTE. RUE	49.43272	1.08972	1	0	0	1	0	0	blessé léger	voiture
201900016956	2019	1	20	76351	5	2	3	FORTINS (DES)	49.51419	0.15767	1	0	0	2	0	1	blessé hospitalisé	voiture
201900016958	2019	2	18	76217	5	2	1	GRANDE RUE DU POLLET	49.9274	1.08717	1	0	0	1	0	1	blessé hospitalisé	deux-roues motorisé
201900017263	2019	9	10	76351	1	2	2	FREDERIC BELLANGER	49.4956	0.09668	1	0	0	1	0	1	blessé hospitalisé	voiture
201900017778	2019	7	15	76351	1	2	1	ARISTIDE BRIAND	49.50033	0.1354	1	1	0	1	0	0	blessé léger	aucun autre véhicule
201900017779	2019	8	14	76217	1	2	1	DUQUESNE (QUAI)	49.92553	1.08034	1	0	0	0	0	0	indemne	voiture
201900017927	2019	7	10	76593	1	1	1	Route du Petit Bec	49.58026	0.44164	1	0	0	1	0	0	blessé léger	voiture
201900018234	2019	11	15	76447	1	2	3	PRESIDENT WILSON	49.543	0.1819	1	0	0	1	0	0	blessé léger	voiture
201900018338	2019	11	17	76255	5	2	3	Boulevard Faidherbe	50.05089	1.42296	1	0	0	1	0	0	blessé léger	voiture
201900018637	2019	12	20	76231	5	2	1	GARE. RUE DE LA	49.28142	1.00726	1	0	0	1	0	1	blessé hospitalisé	voiture
201900019512	2019	6	20	76351	1	2	1	GEORGES BRAQUE (RUE)	49.49521	0.10389	1	0	0	1	0	1	blessé hospitalisé	voiture
201900020759	2019	1	16	76178	2	2	1	TOURVILLE. ROUTE DE (CD 7)	49.30642	1.02677	1	0	0	1	0	1	blessé hospitalisé	voiture
201900020761	2019	1	08	76540	5	2	1	DUPUIS. RUE ALBERT	49.45424	1.12751	1	0	0	1	0	1	blessé hospitalisé	voiture
201900020763	2019	1	11	76447	1	2	3	BONVOISIN	49.54556	0.19217	1	0	0	1	0	0	blessé léger	voiture
201900020764	2019	1	09	76351	1	2	2	CAVEE VERTE (RUE DE LA)	49.50211	0.10349	0	1	0	1	0	0	blessé léger	voiture
201900021639	2019	8	09	76057	1	2	2	54 rue Louis LESEIGNEUR	49.54401	0.95507	1	0	0	1	0	1	blessé hospitalisé	voiture
201900021671	2019	6	18	76575	1	2	1	DULLIN. RUE CHARLES	49.39781	1.06837	0	1	0	1	0	0	blessé léger	voiture
201900021672	2019	6	10	76575	1	2	1	CANADIENS. AVENUE DES	49.40511	1.06763	0	1	0	1	0	0	blessé léger	poids lourd
201900022009	2019	3	08	76351	1	2	3	LESUEUR (RUE)	49.4947	0.12269	1	0	0	1	1	0	tué	voiture
201900022065	2019	11	07	76681	2	2	1	ELUARD. RUE PAUL	49.40328	1.09891	0	1	0	1	0	0	blessé léger	voiture
201900022066	2019	11	16	76351	1	2	2	GEORGES POMPIDOU (CHAUSSEE)	49.4906	0.11662	1	0	0	1	0	1	blessé hospitalisé	voiture
201900022265	2019	12	18	76705	5	2	1	PICARD. AVENUE GUSTAVE	49.33098	1.09761	1	0	0	1	0	1	blessé hospitalisé	voiture
201900022653	2019	10	16	76486	1	2	1	CD 132	49.30874	0.99499	1	0	0	1	0	0	blessé léger	voiture
201900023283	2019	7	13	76259	1	2	1	DE GAULLE ( PLACE CHARLES)	49.7575	0.37633	1	0	0	1	0	0	blessé léger	voiture
201900023477	2019	5	02	76231	5	2	1	MOULIN SAINT ETIENNE. RUE DU	49.29207	0.99965	1	0	0	1	0	0	blessé léger	voiture
201900023478	2019	5	18	76575	1	2	1	VAL L'ABBE. RUE DU	49.38072	1.10049	1	0	0	1	0	0	blessé léger	voiture
201900023479	2019	4	17	76575	1	2	1	RUE JULIAN GRIMAU	49.38934	1.09212	1	0	0	1	0	0	blessé léger	voiture
201900023483	2019	3	13	76561	1	2	1	VILLERS. AVENUE LOUIS	49.30821	1.03857	0	1	0	1	0	1	blessé hospitalisé	voiture
201900023495	2019	5	13	76351	1	2	2	RENE COTY	49.49717	0.11178	1	0	0	1	0	1	blessé hospitalisé	voiture
201900023496	2019	5	18	76351	1	2	9	CHARLES LAFFITTE	49.49292	0.1283	1	0	0	1	0	1	blessé hospitalisé	bus ou car
201900023497	2019	5	22	76351	5	2	3	RAFFINERIES (DES)	49.49168	0.14211	1	0	0	1	0	0	blessé léger	voiture
201900023500	2019	5	11	76351	1	2	3	CLEMENCEAU (BD)	49.48969	0.09773	0	1	0	1	0	0	blessé léger	aucun autre véhicule
201900023502	2019	4	16	76351	1	2	1	AMIRAL MOUCHEZ (BD)	49.4861	0.14009	1	0	0	1	0	1	blessé hospitalisé	voiture
201900023853	2019	11	18	76474	2	2	1	RN 27 (ROUTE DE DIEPPE)	49.48891	1.0491	1	0	0	2	0	0	blessé léger	voiture
201900024750	2019	4	10	76540	1	2	1	ECUYERE. RUE	49.44392	1.09084	1	0	0	1	0	0	blessé léger	voiture
201900025031	2019	7	11	76114	1	2	1	JACQUES FAUQUET (RUE)	49.57221	0.46959	1	0	0	1	1	0	tué	voiture
201900026260	2019	1	08	76498	2	2	1	BARBUSSE. PLACE HENRI	49.43003	1.05281	1	0	0	1	0	1	blessé hospitalisé	utilitaire
201900026264	2019	1	08	76341	5	2	3	RESISTANCE (AVENUE DE LA)	49.50463	0.20053	1	0	0	1	0	1	blessé hospitalisé	voiture
201900026265	2019	1	18	76217	5	2	1	BERIGNY (BOULEVARD)	49.92357	1.08132	1	0	0	1	0	0	blessé léger	bus ou car
201900026525	2019	6	11	76490	1	2	6	CD 50	49.72814	0.60732	1	0	0	1	0	0	blessé léger	voiture
201900026526	2019	6	07	76621	1	1	1	D 928	49.65029	1.30783	1	0	0	1	0	0	blessé léger	utilitaire
201900027126	2019	3	17	76351	1	2	1	CAVEE VERTE (RUE DE LA)	49.50376	0.1081	1	0	0	1	0	0	blessé léger	voiture
201900027366	2019	11	17	76711	5	2	1	52 Quai Francois 1er	50.06227	1.37018	1	0	0	2	1	0	tué	voiture
201900027448	2019	11	14	76498	1	2	1	VALLEE. RUE LUCIEN	49.42226	1.05689	0	1	0	1	0	0	blessé léger	voiture
201900027449	2019	11	09	76351	1	2	1	rue théophile gautier	49.51788	0.09577	1	0	0	1	0	1	blessé hospitalisé	voiture
201900027450	2019	11	20	76351	5	2	1	ALBERT 1ER	49.50078	0.08855	1	0	0	1	0	1	blessé hospitalisé	deux-roues motorisé
201900027876	2019	10	19	76351	2	2	1	HUIT MAI 1945 (AVENUE DU)	49.51589	0.171	1	0	0	1	0	0	blessé léger	voiture
201900029368	2019	12	17	76446	3	1	1	D982	49.4451	1.00961	1	0	0	1	0	1	blessé hospitalisé	voiture
201900029607	2019	10	15	76408	1	1	1	route des mésanges - CD10	49.61682	0.3507	0	1	0	1	0	0	blessé léger	poids lourd
201900030011	2019	9	08	76540	1	2	1	Jean Mullot, rue	49.42686	1.07792	1	0	0	1	0	0	blessé léger	utilitaire
201900031219	2019	12	07	76238	3	1	1	Rue de Coupeauville	49.55886	0.23411	0	1	0	1	0	1	blessé hospitalisé	poids lourd
201900031392	2019	10	06	76737	3	1	1	CD 142	49.69754	0.88985	1	0	0	1	1	0	tué	voiture
201900031569	2019	1	08	76753	2	1	1	d6015	49.34224	1.14976	1	0	0	1	0	1	blessé hospitalisé	voiture
201900031866	2019	6	15	76238	1	2	3	53 Rue Roger Cuvelier	49.56307	0.23396	0	1	0	1	0	0	blessé léger	voiture
201900031886	2019	9	06	76391	2	1	1	A13	49.33976	0.9449	1	0	0	1	0	1	blessé hospitalisé	poids lourd
201900032396	2019	4	10	76540	1	2	3	HENRY II PLANTAGENET. RUE	49.42622	1.09693	1	0	0	1	0	0	blessé léger	voiture
201900032571	2019	7	19	76130	1	1	1	1090 route de Neufchatel	49.70711	1.49187	0	1	0	1	0	0	blessé léger	aucun autre véhicule
201900032898	2019	11	15	76498	1	2	1	JACQUARD. RUE	49.43	1.0611	1	0	0	1	0	0	blessé léger	voiture
201900032901	2019	11	07	76540	2	2	2	NEUFCHATEL. ROUTE DE	49.44877	1.09952	0	1	0	1	0	0	blessé léger	voiture
201900032909	2019	11	18	76351	5	2	2	LENINGRAD (BD DE)	49.496	0.14703	0	0	1	1	0	0	blessé léger	voiture
201900033805	2019	8	14	76351	1	1	6	JEAN JACQUES ROUSSEAU (PONT)	49.49199	0.13268	0	1	0	1	0	0	blessé léger	voiture
201900033807	2019	8	17	76351	1	2	2	MARYSE BASTIE	49.52428	0.09686	0	1	0	1	0	0	blessé léger	voiture
201900033903	2019	3	08	76565	1	2	1	BRUYERES (CHEMIN DES)	49.90748	1.06836	1	0	0	1	0	0	blessé léger	voiture
201900034392	2019	7	22	76231	2	2	1	PUCHOT. RUE DU	49.29127	1.00265	1	0	0	1	0	1	blessé hospitalisé	voiture
201900034808	2019	11	17	76655	2	2	9	Zone Activites de Clermont	49.85792	0.6924	1	0	0	2	0	2	blessé hospitalisé	voiture
201900035270	2019	9	13	76231	1	2	1	POUSSIN. RUE NICOLAS	49.28604	1.00332	1	0	0	1	0	0	blessé léger	voiture
201900035272	2019	10	10	76498	1	2	1	JAURES. AVENUE JEAN	49.42727	1.06531	1	0	0	1	0	0	blessé léger	voiture
201900035406	2019	1	07	76447	2	2	1	FAUBOURG ASSIQUET	49.54785	0.197	0	0	1	1	0	1	blessé hospitalisé	voiture
201900035763	2019	2	16	76351	1	2	2	RENE COTY	49.49717	0.11194	1	0	0	1	0	0	blessé léger	utilitaire
201900035765	2019	2	15	76351	1	2	3	BERNARDIN DE SAINT PIERRE	49.49105	0.10524	1	0	0	1	0	1	blessé hospitalisé	voiture
201900036142	2019	7	01	76351	5	2	3	REPUBLIQUE (COURS DE LA)	49.49335	0.12466	1	0	0	1	0	1	blessé hospitalisé	deux-roues motorisé
201900036732	2019	10	16	76351	1	2	3	VERDUN (RUE DE)	49.50228	0.16085	1	0	0	1	0	1	blessé hospitalisé	voiture
201900036733	2019	10	18	76351	5	2	1	IRENE JOLIOT CURIE (RUE)	49.5161	0.10585	1	0	0	1	0	0	blessé léger	voiture
201900036777	2019	6	14	76351	1	2	2	STRASBOURG (BD)	49.49291	0.11428	1	0	0	1	0	0	blessé léger	tramway ou train
201900036778	2019	6	21	76351	2	2	1	ARISTIDE BRIAND	49.5002	0.13461	1	0	0	1	0	0	blessé léger	voiture
201900037061	2019	10	12	76351	1	2	3	LEO LAGRANGE (AVENUE)	49.50184	0.1652	1	0	0	1	0	0	blessé léger	utilitaire
201900037062	2019	10	11	76351	1	2	1	HUIT MAI 1945 (AVENUE DU)	49.51571	0.17092	1	0	0	1	0	0	blessé léger	voiture
201900037348	2019	8	18	76575	1	2	1	MADRILLET. RUE DU	49.39244	1.07308	1	0	0	1	0	0	blessé léger	voiture
201900037350	2019	8	17	76231	1	2	2	RN 840 (RUE DU NEUBOURG)	49.2848	1.00854	1	0	0	1	0	1	blessé hospitalisé	voiture
201900037351	2019	8	13	76270	1	2	6	JEAN JAURES	49.53009	0.14316	0	1	0	1	0	1	blessé hospitalisé	voiture
201900037690	2019	4	15	76396	1	1	1	Route départementale 206	49.55113	1.28428	0	1	0	2	0	1	blessé hospitalisé	voiture
201900039755	2019	7	09	76540	1	2	2	BELGES. BOULEVARD DES	49.44169	1.08348	0	1	0	1	0	1	blessé hospitalisé	voiture
201900039756	2019	7	20	76103	1	2	1	REQUIER. RUE ARMAND	49.42519	1.12657	1	0	0	1	0	0	blessé léger	voiture
201900040657	2019	1	12	76351	1	2	3	PALFRAY	49.49123	0.12473	0	1	0	1	0	0	blessé léger	voiture
201900041795	2019	12	09	76540	1	2	1	BELGES. BOULEVARD DES	49.44518	1.08595	1	0	0	1	0	0	blessé léger	utilitaire
201900042856	2019	9	08	76194	1	2	1	BOUT DE LA VILLE ( RUE DU)	49.7374	0.3378	1	0	0	2	0	0	blessé léger	voiture
201900043337	2019	7	18	76605	1	2	3	Chemin Sous les Bruyères	49.90983	0.95792	0	1	0	1	0	0	blessé léger	voiture
201900043657	2019	12	18	76540	5	2	1	CORNEILLE. PONT PIERRE	49.43584	1.0956	1	0	0	1	0	0	blessé léger	bus ou car
201900044284	2019	2	16	76540	1	2	1	DESSEAUX. RUE	49.43099	1.09302	0	1	0	1	0	1	blessé hospitalisé	voiture
201900044353	2019	11	19	76575	5	2	1	CROIZAT. AVENUE AMBROISE	49.37051	1.10499	1	0	0	1	0	0	blessé léger	voiture
201900044591	2019	9	13	76709	1	2	1	172 Rue Aristide Briand	49.48074	0.80943	1	0	0	1	0	1	blessé hospitalisé	voiture
201900044917	2019	8	11	76758	1	2	2	le mail	49.61675	0.7528	1	0	0	1	0	0	blessé léger	voiture
201900045088	2019	4	16	76540	1	2	1	SAINT JULIEN. RUE	49.4262	1.07504	1	0	0	1	0	1	blessé hospitalisé	voiture
201900045301	2019	7	15	76618	1	1	1	RD925 - Pk 106.950	49.952	1.2211	0	1	0	1	0	0	blessé léger	voiture
201900045798	2019	6	18	76540	1	2	1	CAEN. AVENUE DE	49.43016	1.07696	1	0	0	1	0	1	blessé hospitalisé	voiture
201900045799	2019	6	09	76498	1	1	1	SUD III (RN 338)	49.41969	1.05001	1	0	0	1	0	1	blessé hospitalisé	voiture
201900045802	2019	6	14	76540	1	2	2	LECANUET. RUE JEAN	49.44467	1.09213	1	0	0	2	0	0	blessé léger	voiture
201900045808	2019	6	10	76351	1	2	2	DEMIDOFF (RUE)	49.49752	0.1341	1	0	0	1	0	1	blessé hospitalisé	voiture
201900045811	2019	6	13	76341	1	2	6	BREQUE	49.5045	0.1962	0	1	0	1	0	0	blessé léger	voiture
201900046243	2019	1	18	76351	1	2	1	CLEMENT MARICAL	49.50109	0.09605	1	0	0	1	0	0	blessé léger	voiture
201900046448	2019	9	16	76402	1	2	1	MARTYRS DE LA RESISTANCE. RUE DES	49.52677	1.04046	1	0	0	1	0	0	blessé léger	voiture
201900046662	2019	8	19	76317	1	1	2	Route du Fond de Grainville	49.65111	0.40177	0	1	0	1	0	0	blessé léger	voiture
201900046860	2019	3	19	76351	1	2	1	HUIT MAI 1945 (AVENUE DU)	49.51604	0.16984	1	0	0	1	0	0	blessé léger	voiture
201900046861	2019	3	06	76349	3	1	1	FALAISES (ROUTE DES)	49.9171	1.03855	1	0	0	2	1	1	tué	voiture
201900047127	2019	12	13	76255	1	2	1	120 Chaussee de Picardie	50.05414	1.42264	1	0	0	1	0	1	blessé hospitalisé	utilitaire
201900048634	2019	7	16	76351	1	2	3	HOTEL DE VILLE (PLACE DE)	49.49237	0.10695	1	0	0	1	0	0	blessé léger	voiture
201900049013	2019	5	09	76015	1	2	9	Rue d'Iclon	49.83046	0.79413	0	1	0	1	0	1	blessé hospitalisé	aucun autre véhicule
201900049192	2019	12	12	76540	1	2	1	BELGES. BOULEVARD DES	49.44573	1.08638	1	0	0	1	0	0	blessé léger	voiture
201900050670	2019	3	20	76217	5	2	1	CANADIENS (AVENUE DES)  RN27	49.90838	1.07605	0	1	0	1	0	1	blessé hospitalisé	voiture
201900051080	2019	12	08	76165	1	2	3	MAZAGRAN. RUE	49.2839	1.01237	0	1	0	1	0	0	blessé léger	voiture
201900051620	2019	1	17	76057	4	2	1	Rue des martyrs de la résistance	49.54286	0.94727	1	0	0	1	0	1	blessé hospitalisé	voiture
201900051782	2019	1	11	76351	1	2	1	THEOPHILE GAUTIER	49.51691	0.09351	1	0	0	1	0	1	blessé hospitalisé	voiture
201900052363	2019	7	13	76540	1	2	2	MALOUET. RUE	49.43227	1.09139	0	0	1	1	0	0	blessé léger	voiture
201900052714	2019	12	07	76351	2	2	2	MARECHAL JOFFRE (RUE)	49.50011	0.12992	0	0	1	1	0	0	blessé léger	voiture
201900053498	2019	1	13	76351	1	2	1	PAUL VERLAINE (AVENUE)	49.50951	0.15226	0	1	0	1	0	0	blessé léger	voiture
201900053500	2019	1	17	76351	5	2	6	MARCEAU (RUE)	49.49149	0.13297	1	0	0	1	0	0	blessé léger	voiture
201900054776	2019	2	09	76669	1	1	2	route des loges	49.68491	0.31727	0	1	0	1	0	0	blessé léger	voiture
201900055941	2019	3	08	76212	1	2	1	CARNOT. RUE SADI	49.44071	1.14543	1	0	0	1	0	0	blessé léger	voiture
201900056053	2019	8	11	76351	1	2	2	CASIMIR PERIER	49.49647	0.11034	1	0	0	1	0	1	blessé hospitalisé	poids lourd
201900057655	2019	9	18	76540	1	2	1	SAINT JULIEN. RUE	49.42797	1.08029	1	0	0	1	0	0	blessé léger	voiture
201900058108	2019	2	17	76334	1	2	1	rue des canadiens	49.8429	0.9665	1	0	0	1	0	1	blessé hospitalisé	voiture
201900058450	2019	8	14	76351	1	2	1	COCHET	49.50103	0.09179	1	0	0	1	0	0	blessé léger	voiture
201900058736	2019	11	15	76157	1	2	2	ALLENDE. AVENUE DU PRESIDENT	49.44884	1.0356	1	0	0	1	0	0	blessé léger	voiture
202000000472	2020	10	02	76351	5	2	1	FRISSARD (QUAI)	49.49081	0.12919	0	1	0	1	0	0	blessé léger	voiture
202000000655	2020	8	15	76351	1	2	3	GALIONS (DES)	49.4862	0.1103	1	0	0	1	0	0	blessé léger	voiture
202000000657	2020	8	16	76351	1	2	2	VOLTAIRE	49.48996	0.10504	1	0	0	1	0	1	blessé hospitalisé	voiture
202000000658	2020	8	15	76217	1	2	9	GAMBETTA (AVENUE)	49.91941	1.07389	1	0	0	1	0	0	blessé léger	voiture
202000000908	2020	12	14	76351	1	2	1	HUIT MAI 1945 (AVENUE DU)	49.51567	0.17092	1	0	0	1	0	0	blessé léger	voiture
202000000909	2020	12	17	76351	5	2	1	AUGUSTE RISPAL	49.4931	0.1419	1	0	0	1	0	0	blessé léger	autre
202000001246	2020	1	18	76351	5	2	2	FELIX FAURE	49.49935	0.09857	1	0	0	1	0	0	blessé léger	voiture
202000001261	2020	3	21	76212	5	2	1	LONGPAON. RUE DE	49.44239	1.14673	1	0	0	1	0	0	blessé léger	voiture
202000001339	2020	5	15	76540	1	2	1	CAVELIER DE LA SALLE. QUAI (HAUT)	49.43807	1.08316	1	0	0	1	0	0	blessé léger	utilitaire
202000001340	2020	5	18	76681	1	2	2	SALVA. RUE LEON	49.41402	1.08421	1	0	0	1	0	1	blessé hospitalisé	deux-roues motorisé
202000001431	2020	9	00	76540	5	2	1	RENARD. RUE DU	49.45167	1.06954	0	1	0	1	0	1	blessé hospitalisé	voiture
202000001607	2020	9	17	76498	1	2	1	JAURES. AVENUE JEAN	49.42747	1.06676	0	0	1	1	0	0	blessé léger	utilitaire
202000001609	2020	9	19	76366	2	2	3	SAINT JEAN. ROUTE DE	49.51011	1.03158	1	0	0	1	0	0	blessé léger	voiture
202000001765	2020	6	10	76217	1	2	1	AVENUE JEAN JAURES	49.91011	1.0669	1	0	0	1	0	0	blessé léger	deux-roues motorisé
202000001892	2020	10	08	76575	1	2	6	MARE AUX DAIMS. AVENUE DE LA	49.38976	1.07145	0	0	1	1	0	0	blessé léger	voiture
202000002547	2020	8	09	76498	1	2	2	JAURES. AVENUE JEAN	49.42517	1.05697	1	0	0	2	0	2	blessé hospitalisé	voiture
202000002654	2020	7	12	76157	1	1	1	VAUPALIERE. ROUTE DE LA	49.46355	1.02011	0	1	0	1	0	0	blessé léger	deux-roues motorisé
202000002655	2020	5	09	76540	1	2	7	CAUCHOISE. PLACE	49.44566	1.0867	1	0	0	1	0	0	blessé léger	voiture
202000002973	2020	5	00	76575	5	2	1	VELAY. RUE DU	49.37447	1.09751	0	1	0	1	0	0	blessé léger	voiture
202000003215	2020	3	14	76108	1	2	3	POUCHET. RUE MAX	49.47041	1.11497	1	0	0	1	0	0	blessé léger	voiture
202000004426	2020	12	13	76351	1	2	1	ETRETAT (D')	49.4979	0.09626	1	0	0	1	0	0	blessé léger	bus ou car
202000004448	2020	12	18	76351	5	2	1	RENE COTY	49.4981	0.11636	1	0	0	1	0	0	blessé léger	voiture
202000004501	2020	11	10	76351	1	1	1	BOIS AU COQ (AVENUE)	49.5165	0.1194	1	0	0	1	0	0	blessé léger	voiture
202000005135	2020	1	09	76351	1	2	2	LESUEUR (RUE)	49.49288	0.12319	1	0	0	1	0	0	blessé léger	voiture
202000005529	2020	1	17	76540	1	2	3	CARREL. RUE ARMAND	49.44006	1.10203	1	0	0	1	0	0	blessé léger	voiture
202000005783	2020	7	23	76351	5	2	3	JEAN JAURES (AVENUE)	49.5005	0.16692	1	0	0	1	1	0	tué	voiture
202000005993	2020	10	18	76575	1	2	1	UNIVERSITE. AVENUE DE L'	49.38684	1.06603	1	0	0	1	0	0	blessé léger	aucun autre véhicule
202000006222	2020	8	15	76540	1	2	1	HAVRE. QUAI (HAUT) DU	49.43956	1.08609	1	0	0	1	0	0	blessé léger	voiture
202000006407	2020	11	15	76351	1	1	1	DAUBREE	49.51299	0.1129	1	0	0	1	0	0	blessé léger	voiture
202000007071	2020	2	18	76540	2	2	1	REPUBLIQUE. RUE DE LA	49.43803	1.09643	0	1	0	1	0	0	blessé léger	voiture
202000007149	2020	9	17	76351	1	2	2	DEMIDOFF (RUE)	49.4976	0.1361	0	0	1	1	0	0	blessé léger	voiture
202000007684	2020	6	10	76191	1	1	2	Terres de la Corbiere	49.72263	1.14536	0	1	0	1	0	1	blessé hospitalisé	voiture
202000007927	2020	10	17	76351	1	2	1	VLADIMIR KOMAROV (AVE)	49.50527	0.18181	1	0	0	1	0	0	blessé léger	voiture
202000008475	2020	11	18	76497	5	2	1	CD 3 (RUE ARISTIDE BRIAND)	49.39357	1.02368	1	0	0	1	0	0	blessé léger	voiture
202000009094	2020	9	01	76351	5	2	1	ALBERT 1ER	49.49609	0.09348	0	1	0	1	0	0	blessé léger	aucun autre véhicule
202000009382	2020	1	08	76540	5	2	1	SAINT JULIEN. RUE	49.42567	1.07377	1	0	0	1	0	0	blessé léger	voiture
202000010527	2020	11	08	76212	1	2	3	RN 31 (BOULEVARD DE LA PAIX)	49.43798	1.1474	1	0	0	1	0	0	blessé léger	voiture
202000010703	2020	5	10	76351	1	2	1	BOIS AU COQ (AVENUE)	49.5213	0.1132	1	0	0	1	0	1	blessé hospitalisé	voiture
202000011099	2020	1	18	76351	1	2	3	GUSTAVE BRINDEAU (RUE)	49.49064	0.14137	1	0	0	1	0	0	blessé léger	voiture
202000011655	2020	5	11	76575	1	2	3	PARIS. RUE DE	49.39729	1.10317	1	0	0	1	0	1	blessé hospitalisé	voiture
202000012066	2020	8	11	76188	1	1	9	Route de la Dreule	49.65119	1.24084	0	1	0	1	0	1	blessé hospitalisé	aucun autre véhicule
202000012617	2020	5	10	76217	1	2	1	CANADIENS (AVENUE DES)  RN27	49.9097	1.0761	1	0	0	1	0	0	blessé léger	voiture
202000012789	2020	1	10	76700	1	1	1	N27	49.67016	1.04031	1	0	0	1	0	1	blessé hospitalisé	utilitaire
202000012966	2020	1	18	76255	5	2	1	Route d'Eu	50.05387	1.39502	0	1	0	1	0	1	blessé hospitalisé	voiture
202000013087	2020	1	15	76212	1	2	1	CARNOT. RUE SADI	49.44078	1.14662	1	0	0	1	0	1	blessé hospitalisé	voiture
202000013088	2020	1	08	76114	1	2	1	DAMBOISE ALCIDE (RUE)	49.561	0.4739	1	0	0	1	0	1	blessé hospitalisé	voiture
202000013110	2020	7	09	76217	1	2	7	NATIONALE (PLACE)	49.92	1.07963	1	0	0	1	1	0	tué	poids lourd
202000013240	2020	9	17	76647	1	2	1	15 Rue Saint Michel	49.5279	0.35952	1	0	0	1	0	1	blessé hospitalisé	voiture
202000013522	2020	6	13	76351	1	2	1	REPUBLIQUE (COURS DE LA)	49.49304	0.12433	0	1	0	1	0	0	blessé léger	voiture
202000013732	2020	8	10	76351	1	2	1	PIERRE GUILLAUME PETIT	49.51842	0.09688	1	0	0	1	0	1	blessé hospitalisé	voiture
202000014139	2020	12	16	76351	1	2	1	HOTEL DE VILLE (PLACE DE)	49.49418	0.1096	1	0	0	2	0	0	blessé léger	voiture
202000014568	2020	5	07	76351	1	2	1	CHANTIERS (DES)	49.4867	0.163	1	0	0	1	0	1	blessé hospitalisé	voiture
202000015305	2020	9	16	76224	1	2	9	Route de Fongueusemare	49.65108	0.32505	1	0	0	0	0	0	indemne	voiture
202000015410	2020	6	10	76217	1	2	1	MORINIERE (RUE DE LA)	49.92555	1.07556	1	0	0	1	0	0	blessé léger	utilitaire
202000015947	2020	10	14	76482	1	2	6	rond point du collège offranville	49.86924	1.03848	0	0	1	1	0	1	blessé hospitalisé	voiture
202000016205	2020	11	18	76351	5	2	1	HUIT MAI 1945 (AVENUE DU)	49.51608	0.17007	1	0	0	1	0	0	blessé léger	voiture
202000016314	2020	11	08	76351	1	2	3	APLEMONT (AVENUE D')	49.50212	0.18482	0	1	0	1	0	1	blessé hospitalisé	voiture
202000016315	2020	11	16	76447	1	2	1	MEDERIC DESCHAMPS	49.5454	0.1868	1	0	0	1	0	0	blessé léger	utilitaire
202000016906	2020	7	11	76655	1	2	1	Rue Max Leclerc	49.87028	0.70848	0	1	0	1	0	0	blessé léger	aucun autre véhicule
202000017086	2020	2	07	76259	5	2	1	REPUBLIQUE ( BOULEVARD DE LA)	49.75765	0.38135	1	0	0	1	0	0	blessé léger	voiture
202000017361	2020	6	10	76600	1	2	2	HUIT MAI 1945	49.7418	0.368	0	1	0	1	0	0	blessé léger	voiture
202000017657	2020	10	08	76231	1	2	3	NEUBOURG. RUE DU (RN 840)	49.28005	1.00751	1	0	0	1	0	0	blessé léger	utilitaire
202000017946	2020	12	17	76726	3	1	1	route des Loges	49.70896	0.28177	1	0	0	1	1	0	tué	voiture
202000018521	2020	1	09	76322	1	2	1	DUMONT D'URVILLE. BOULEVARD	49.39992	1.04258	1	0	0	1	0	0	blessé léger	voiture
202000019033	2020	2	13	76319	1	1	1	RN 138	49.3485	1.02073	1	0	0	1	0	1	blessé hospitalisé	voiture
202000019382	2020	6	07	76231	1	2	1	RD 840 (RUE DU NEUBOURG)	49.28321	1.00824	0	1	0	1	0	0	blessé léger	voiture
202000019384	2020	6	16	76351	1	2	2	RAYMOND GUENOT	49.4942	0.1037	1	0	0	1	0	1	blessé hospitalisé	voiture
202000019447	2020	8	08	76618	1	2	1	24 rue du chateau	49.94036	1.14234	0	1	0	1	0	0	blessé léger	voiture
202000019757	2020	7	13	76351	1	2	6	AMIRAL MOUCHEZ (BD)	49.48546	0.13683	1	0	0	5	0	0	blessé léger	voiture
202000019839	2020	12	07	76752	4	2	1	22 Rue Jacques Ferny	49.66818	0.89714	1	0	0	1	0	0	blessé léger	voiture
202000019905	2020	12	15	76540	1	2	1	GAMBETTA. BOULEVARD	49.44143	1.11267	0	1	0	1	0	0	blessé léger	voiture
202000020260	2020	4	13	76540	1	2	1	BIHOREL. RUE DE	49.44844	1.10241	1	0	0	1	1	0	tué	voiture
202000020262	2020	4	19	76540	1	2	1	JAURES. BOULEVARD JEAN	49.45034	1.06235	0	1	0	1	0	1	blessé hospitalisé	voiture
202000020263	2020	4	16	76481	1	2	1	TOT (CHEMIN DU)	49.55414	0.11091	1	1	0	1	0	0	blessé léger	aucun autre véhicule
202000020578	2020	1	19	76575	5	2	1	rue de l'universite,MADRILLET. PARC TECHNOLOGIQUE DU	49.38522	1.07483	1	0	0	1	0	0	blessé léger	deux-roues motorisé
202000021020	2020	9	15	76484	1	2	1	SAVOIE. RUE DE	49.3553	1.09527	1	0	0	1	0	0	blessé léger	voiture
202000022029	2020	12	10	76540	1	2	1	BOURSE. QUAI (HAUT) DE LA	49.43858	1.09063	1	0	0	1	0	0	blessé léger	voiture
202000022206	2020	2	11	76351	1	2	2	AUGUSTIN NORMAND	49.4859	0.1034	1	0	0	1	0	1	blessé hospitalisé	voiture
202000022256	2020	2	11	76447	1	2	1	PRESIDENT WILSON	49.5373	0.178	1	0	0	1	0	1	blessé hospitalisé	voiture
202000022257	2020	1	08	76305	2	2	3	OUDALLE (ROUTE)	49.50334	0.2074	1	0	0	1	0	0	blessé léger	voiture
202000022299	2020	2	17	76351	2	2	2	ANDRE CARRETTE	49.48952	0.11671	1	0	0	2	0	0	blessé léger	deux-roues motorisé
202000022565	2020	7	11	76152	1	1	1	D6	49.5909	1.21082	0	1	0	1	0	0	blessé léger	voiture
202000022966	2020	9	14	76410	1	1	4	DUCLAIR. ROUTE DE (CD 86)	49.47308	1.02879	0	1	0	1	0	0	blessé léger	voiture
202000023559	2020	11	12	76498	1	2	2	11 NOVEMBRE. BOULEVARD DU	49.41668	1.07031	1	0	0	1	0	1	blessé hospitalisé	voiture
202000023581	2020	10	08	76238	1	2	9	Rue Aristide Briand	49.55819	0.21337	1	0	0	1	0	0	blessé léger	voiture
202000023807	2020	9	14	76562	1	1	1	Rue Edmond Manoury	49.86832	1.19805	0	1	0	1	0	1	blessé hospitalisé	aucun autre véhicule
202000023943	2020	12	19	76351	5	2	5	GUSTAVE NICOLLE	49.4925	0.14843	0	1	0	1	0	0	blessé léger	aucun autre véhicule
202000024037	2020	12	17	76752	5	2	1	Place du General Leclerc	49.66847	0.89733	1	0	0	1	0	1	blessé hospitalisé	voiture
202000024193	2020	4	16	76575	1	2	3	VAL L'ABBE. RUE DU	49.38122	1.10014	0	1	0	1	0	0	blessé léger	voiture
202000024195	2020	4	16	76351	1	2	1	CAMILLE DESMOULINS	49.47802	0.14121	0	1	0	1	0	0	blessé léger	poids lourd
202000024229	2020	1	15	76351	1	2	1	BOIS AU COQ (AVENUE)	49.51568	0.12118	1	0	0	1	0	0	blessé léger	tramway ou train
202000024556	2020	7	19	76276	1	2	2	15 Rue de Neufchatel	49.61287	1.54569	1	0	0	1	0	0	blessé léger	voiture
202000024603	2020	7	12	76351	1	2	1	VALLEE (RUE DE LA)	49.49513	0.15525	1	0	0	1	0	0	blessé léger	voiture
202000024755	2020	2	07	76540	5	2	3	NEUFCHATEL. ROUTE DE	49.4518	1.09817	0	1	0	1	0	0	blessé léger	voiture
202000024757	2020	2	19	76540	5	2	2	GAMBETTA. BOULEVARD LEON	49.43678	1.10233	1	0	0	1	0	0	blessé léger	voiture
202000024758	2020	2	11	76216	1	2	3	PETIT AULNAY. RUE DU	49.46336	1.04616	1	0	0	1	0	0	blessé léger	voiture
202000024759	2020	2	07	76351	2	2	1	GENERAL FERRIE (AVENUE)	49.50898	0.17463	1	0	0	1	0	1	blessé hospitalisé	voiture
202000024760	2020	1	13	76351	1	2	1	FELIX FAURE	49.50168	0.114	1	0	0	1	0	1	blessé hospitalisé	voiture
202000025345	2020	11	07	76540	1	2	1	NEUFCHATEL. ROUTE DE	49.45303	1.09866	0	1	0	1	0	0	blessé léger	voiture
202000025663	2020	6	15	76217	1	2	1	BOURSE (ARCADES DE LA)	49.92676	1.07947	1	0	0	1	0	1	blessé hospitalisé	voiture
202000026153	2020	1	19	76165	4	2	1	CHENNEVIERE. RUE	49.28991	1.02625	0	1	0	1	0	1	blessé hospitalisé	voiture
202000026154	2020	1	18	76351	5	2	1	FRISSARD (QUAI)	49.49038	0.12756	1	0	0	1	0	0	blessé léger	voiture
202000026338	2020	1	08	76540	5	2	1	MONT RIBOUDET. AVENUE DU	49.44637	1.07089	1	0	0	1	0	0	blessé léger	voiture
202000026339	2020	1	09	76351	1	2	1	PIERRE FARCIS	49.51681	0.1011	1	0	0	1	0	0	blessé léger	voiture
202000026340	2020	1	12	76351	1	2	2	LOUIS BRINDEAU	49.49122	0.10336	0	1	0	1	0	0	blessé léger	voiture
202000027073	2020	11	09	76351	1	2	3	ALBERT SAMAIN	49.51673	0.09296	1	0	0	1	0	0	blessé léger	voiture
202000027302	2020	4	17	76226	1	2	1	2 Rue des Hetres	49.79045	0.4849	1	0	0	1	0	0	blessé léger	deux-roues motorisé
202000027305	2020	4	18	76452	1	2	6	Rue de Bois Isambert	49.54358	1.1042	0	1	0	1	0	1	blessé hospitalisé	aucun autre véhicule
202000028237	2020	1	16	76217	2	2	9	DUQUESNE (QUAI)	49.9251	1.08047	0	1	0	1	0	1	blessé hospitalisé	voiture
202000028238	2020	1	11	76414	1	2	1	SAINT MARTIN (RUE)	49.89957	1.15057	1	0	0	1	0	0	blessé léger	voiture
202000028665	2020	9	22	76223	3	1	1	D89	49.61773	0.831	1	0	0	1	1	0	tué	voiture
202000029638	2020	5	15	76486	1	1	1	RD 932 (AVENUE DU CIRCUIT)	49.32441	0.99906	0	1	0	1	0	1	blessé hospitalisé	aucun autre véhicule
202000029836	2020	12	17	76486	5	2	1	CORNEILLE. RUE PIERRE ET THOMAS	49.30448	0.99267	1	0	0	1	0	0	blessé léger	voiture
202000031105	2020	10	18	76540	3	2	1	GAMBETTA. BOULEVARD	49.43787	1.10546	1	0	0	1	0	0	blessé léger	voiture
202000031106	2020	10	18	76305	1	2	1	CAMP PHILIP MORIS (RUE)	49.50931	0.22884	1	0	0	1	0	1	blessé hospitalisé	voiture
202000031361	2020	5	15	76165	1	2	3	REPUBLIQUE. RUE DE LA	49.28379	1.01643	0	1	0	1	0	1	blessé hospitalisé	voiture
202000031768	2020	12	09	76302	1	2	1	18 rue Emile Benard	49.64557	0.36836	1	0	0	1	0	1	blessé hospitalisé	utilitaire
202000032337	2020	1	15	76351	1	2	1	CAPUCHET (DU)	49.52345	0.10409	1	0	0	1	0	0	blessé léger	voiture
202000032395	2020	1	19	76540	5	2	2	COUPERIN. RUE FRANCOIS	49.44985	1.13846	1	0	0	1	0	0	blessé léger	voiture
202000032745	2020	9	12	76216	1	2	1	FONTENELLE. RUE DE	49.47622	1.05356	1	0	0	1	0	0	blessé léger	voiture
202000032746	2020	9	20	76451	5	2	1	MONT AUX MALADES. AVENUE DU	49.46066	1.08245	1	0	0	1	1	0	tué	voiture
202000032748	2020	9	16	76382	1	1	1	D6015	49.57771	0.51528	0	1	0	1	1	0	tué	utilitaire
202000033571	2020	12	17	76322	5	2	1	REPUBLIQUE. RUE DE LA	49.41731	1.03786	1	0	0	1	0	1	blessé hospitalisé	voiture
202000033993	2020	1	08	76540	5	2	1	CONSTANTINE. RUE DE	49.44806	1.07194	0	0	1	1	0	0	blessé léger	voiture
202000034125	2020	7	16	76575	1	2	1	HOTEL FORMULE 1 (AV. DES CANADIENS)	49.40011	1.06391	0	1	0	1	0	0	blessé léger	voiture
202000034325	2020	2	11	76351	1	2	3	MARECHAL JOFFRE (RUE)	49.4989	0.11973	1	0	0	1	0	0	blessé léger	deux-roues motorisé
202000035063	2020	7	12	76351	1	2	1	JULES DURAND (BD)	49.48947	0.15479	1	0	0	1	0	0	blessé léger	voiture
202000035919	2020	12	07	76575	3	2	3	LORRAINE. RUE DE	49.37428	1.10271	1	0	0	1	0	0	blessé léger	voiture
202000036054	2020	7	22	76231	5	2	6	JAURES. RUE JEAN	49.287	1.0088	0	0	1	1	0	0	blessé léger	voiture
202000036300	2020	3	18	76540	1	2	1	RONDEAUX. AVENUE JEAN	49.43715	1.07858	1	0	0	1	0	1	blessé hospitalisé	voiture
202000036380	2020	8	19	76540	1	2	1	JUIFS. RUE AUX	49.44203	1.09233	1	1	0	2	0	0	blessé léger	aucun autre véhicule
202000036382	2020	8	17	76351	1	2	2	LOUIS BRINDEAU	49.49115	0.10533	1	0	0	1	0	1	blessé hospitalisé	voiture
202000036383	2020	7	10	76384	1	2	1	RD 173 (RUES DU BECQUET/DESGENETAIS)	49.521	0.533	1	0	0	1	0	1	blessé hospitalisé	voiture
202000036579	2020	8	18	76540	1	2	2	LYONS LA FORET. RUE DE	49.43644	1.13384	1	0	0	1	0	0	blessé léger	voiture
202000036583	2020	8	00	76351	5	2	1	GEORGES LAFAURIE (RUE)	49.5013	0.1141	1	0	0	1	0	1	blessé hospitalisé	voiture
202000036964	2020	5	09	76216	1	2	1	DIEPPE. ROUTE DE (RN 27)	49.47095	1.04987	0	1	0	1	0	1	blessé hospitalisé	aucun autre véhicule
202000037413	2020	12	16	76540	1	2	2	BELGES. BOULEVARD DES	49.44271	1.08459	0	0	1	1	0	0	blessé léger	bus ou car
202000037416	2020	12	08	76540	2	2	2	ELBEUF. RUE D'	49.42576	1.08263	1	0	0	1	0	1	blessé hospitalisé	voiture
202000037609	2020	7	14	76540	1	2	2	NEUFCHATEL. ROUTE DE (RN 28)	49.45055	1.09869	0	0	1	1	0	0	blessé léger	voiture
202000037647	2020	6	14	76552	1	2	1	OCTEVILLE	49.5158	0.0856	0	1	0	1	0	0	blessé léger	aucun autre véhicule
202000038054	2020	7	07	76532	2	1	1	D41	49.61286	1.32609	1	0	0	1	0	1	blessé hospitalisé	poids lourd
202000038173	2020	3	07	76217	1	2	2	CORMORANS (DES)	49.93022	1.09735	0	1	0	1	0	1	blessé hospitalisé	voiture
202000038400	2020	8	20	76758	1	2	2	Rue Saint-françois	49.61634	0.75973	1	0	0	1	0	1	blessé hospitalisé	voiture
202000039155	2020	12	08	76681	5	2	2	JAURES. AVENUE JEAN	49.41456	1.09158	1	0	0	2	0	0	blessé léger	utilitaire
202000039476	2020	9	16	76351	1	2	2	JULES TELLIER	49.49845	0.12694	1	0	0	1	0	1	blessé hospitalisé	utilitaire
202000040082	2020	1	09	76351	1	2	3	SAULES (DES)	49.50976	0.15305	1	0	0	1	0	0	blessé léger	voiture
202000040498	2020	2	23	76540	5	2	1	GAMBETTA. BOULEVARD LEON	49.44145	1.11265	1	0	0	1	0	0	blessé léger	voiture
202000040627	2020	12	07	76678	3	1	1	D915	49.63627	1.44761	0	1	0	1	0	0	blessé léger	voiture
202000041077	2020	9	17	76397	1	2	1	65 Route de Newton Longville	49.79691	1.10545	1	0	0	1	0	0	blessé léger	voiture
202000041310	2020	7	10	76351	1	2	1	GUILLOT ET DEHELLY	49.51327	0.16796	1	0	0	1	0	0	blessé léger	voiture
202000041312	2020	7	08	76351	1	2	1	WINSTON CHURCHILL	49.49298	0.13238	1	0	0	1	0	1	blessé hospitalisé	voiture
202000041524	2020	5	20	76540	1	2	1	LA FAYETTE. RUE	49.43092	1.08642	1	0	0	1	0	0	blessé léger	deux-roues motorisé
202000041525	2020	5	09	76351	1	2	1	BOIS AU COQ (AVENUE)	49.5197	0.1153	0	0	1	1	0	1	blessé hospitalisé	voiture
202000041918	2020	10	18	76351	1	2	1	HALLATES (DES)	49.5062	0.14426	0	1	0	1	0	0	blessé léger	voiture
202000042089	2020	8	08	76244	1	2	6	RD 928 RD915	49.69432	1.36523	1	0	0	1	0	0	blessé léger	voiture
202000042170	2020	3	19	76410	5	1	1	D86	49.47381	1.02904	1	0	0	1	0	0	blessé léger	voiture
202000042378	2020	7	13	76351	1	2	3	SAINTE ADRESSE (DE)	49.49953	0.09347	1	0	0	1	0	1	blessé hospitalisé	voiture
202000042403	2020	1	10	76351	1	2	3	VERDUN (RUE DE)	49.50177	0.15427	1	0	0	1	1	0	tué	voiture
202000043153	2020	6	16	76647	1	2	1	Route de la Cerlangue	49.52359	0.36732	0	1	0	1	1	0	tué	aucun autre véhicule
202000043375	2020	5	11	76319	1	2	1	CLEMENCEAU. RUE GEORGES	49.3566	1.00751	1	0	0	1	0	0	blessé léger	voiture
202000043698	2020	12	18	76540	5	2	3	ECUREUIL. RUE DE L'	49.44414	1.09465	1	0	0	1	0	0	blessé léger	voiture
202000043811	2020	12	15	76550	2	1	1	route de la foret	49.38403	0.9698	0	1	0	1	0	1	blessé hospitalisé	voiture
202000043907	2020	9	17	76540	1	2	2	LYONS LA FORET. RUE DE	49.43636	1.12702	1	0	0	1	0	0	blessé léger	voiture
202000043908	2020	9	18	76540	1	2	2	SCHUMAN. RUE ROBERT	49.43789	1.10209	0	1	0	1	0	0	blessé léger	voiture
202000043909	2020	9	17	76157	1	2	1	MONTIGNY. RUE DE	49.45033	1.03413	1	0	0	1	0	0	blessé léger	voiture
202000044230	2020	3	14	76540	1	2	2	BELGES. BOULEVARD DES	49.44347	1.08492	1	0	0	1	0	1	blessé hospitalisé	voiture
202000045364	2020	12	08	76497	1	2	6	JAURES. RUE JEAN	49.39314	1.02903	1	0	0	1	0	0	blessé léger	voiture
202000045371	2020	11	15	76259	1	2	1	DEGENETAIS ( RUE LEON)	49.7531	0.3701	1	0	0	1	0	1	blessé hospitalisé	voiture
202000045872	2020	9	16	76540	1	2	1	SAINT SEVER. QUAI (BAS)	49.43642	1.09016	1	0	0	1	0	1	blessé hospitalisé	deux-roues motorisé
202000046462	2020	5	13	76575	1	2	1	VAL L'ABBE. RUE DU	49.38524	1.09957	1	0	0	1	0	0	blessé léger	voiture
202000046720	2020	7	15	76322	1	2	1	LECLERC. AVENUE DU MARECHAL (CD 3)	49.41259	1.04277	1	0	0	1	0	0	blessé léger	deux-roues motorisé
202000046724	2020	7	09	76540	1	2	2	QUAI JACQUES ANQUETIL	49.43481	1.09378	1	0	0	1	0	0	blessé léger	voiture
202000047219	2020	2	06	76540	5	2	2	GAMBETTA. BOULEVARD LEON	49.43784	1.10525	0	1	0	1	0	0	blessé léger	voiture
202000047224	2020	1	12	76561	1	2	1	LECLERC. RUE DU MARECHAL (CD 144)	49.30335	1.01593	1	0	0	1	0	0	blessé léger	voiture
202100000494	2021	10	21	76351	4	2	2	VERDUN (RUE DE)	49.50139	0.15003	0	1	0	1	0	0	blessé léger	deux-roues motorisé
202100000495	2021	10	19	76351	5	2	1	LAFAYETTE ( COURS)	49.49176	0.1252	0	1	0	1	0	1	blessé hospitalisé	voiture
202100000536	2021	11	15	76351	1	2	2	VOLTAIRE	49.4899	0.1041	1	0	0	1	0	1	blessé hospitalisé	utilitaire
202100000726	2021	12	19	76540	5	2	2	BELGES. BOULEVARD DES	49.44584	1.08635	1	0	0	1	0	0	blessé léger	voiture
202100000739	2021	12	12	76351	1	2	2	ANATOLE FRANCE	49.49484	0.11115	1	0	0	1	0	0	blessé léger	voiture
202100000754	2021	12	17	76351	3	2	2	LENINGRAD (BD DE)	49.49979	0.17141	0	0	1	1	0	0	blessé léger	voiture
202100000828	2021	12	16	76540	5	2	1	LECLERC. RUE DU GENERAL	49.4397	1.09129	1	0	0	1	0	0	blessé léger	voiture
202100000986	2021	12	10	76351	1	2	1	VAL AUX CORNEILLES (AVENUE DU)°	49.50935	0.1501	1	0	0	1	0	0	blessé léger	tramway ou train
202100002001	2021	12	10	76259	1	2	1	COUTURIER ( RUE GUSTAVE)	49.75252	0.39317	1	0	0	1	1	0	tué	deux-roues motorisé
202100002175	2021	12	15	76452	1	2	1	Rue André Martin	49.54421	1.07376	1	0	0	1	0	1	blessé hospitalisé	voiture
202100002712	2021	12	10	76475	1	2	2	Route de Paris	49.39788	1.17759	1	0	0	1	0	0	blessé léger	voiture
202100002747	2021	12	19	76351	5	2	2	ARISTIDE BRIAND	49.5	0.1393	1	0	0	1	0	0	blessé léger	voiture
202100002903	2021	12	17	76114	2	2	1	DESGENETAIS LEON (PLACE)	49.57184	0.47084	1	0	0	1	0	0	blessé léger	voiture
202100003509	2021	12	08	76351	1	2	1	CRONSTADT (DE)	49.50292	0.11791	1	0	0	1	0	1	blessé hospitalisé	voiture
202100003597	2021	12	12	76552	1	2	1	EDITH CAVELL	49.50807	0.08375	1	0	0	1	1	0	tué	voiture
202100004231	2021	12	07	76540	5	2	2	MARNE. BOULEVARD DE LA	49.44592	1.08661	1	0	0	1	0	0	blessé léger	voiture
202100004232	2021	12	19	76486	5	2	1	CORNEILLE. RUE PIERRE ET THOMAS	49.30437	0.99261	1	0	0	1	0	0	blessé léger	voiture
202100004234	2021	12	19	76341	5	2	1	GENERAL LECLERC (AVENUE)	49.5059	0.19637	1	0	0	1	0	0	blessé léger	voiture
202100004720	2021	12	18	76540	5	2	1	CAUCHOISE. PLACE	49.4459	1.0865	1	0	0	1	0	0	blessé léger	voiture
202100004721	2021	12	18	76429	5	2	2	PARIS. ROUTE DE	49.40599	1.14312	1	0	0	2	0	0	blessé léger	voiture
202100005047	2021	11	17	76540	2	2	1	JOFFRE. PLACE	49.43493	1.08627	1	0	0	1	0	0	blessé léger	voiture
202100005903	2021	11	10	76351	1	2	2	BOIS AU COQ (AVENUE)	49.51255	0.12568	1	0	0	1	0	0	blessé léger	tramway ou train
202100006399	2021	11	12	76540	1	2	2	CONSTANTINE. RUE DE	49.44803	1.07181	1	0	0	1	0	0	blessé léger	voiture
202100006529	2021	11	12	76566	1	2	1	Rue Andre Marie	49.59809	0.97469	1	0	0	1	1	0	tué	poids lourd
202100006608	2021	11	17	76498	5	2	1	SEMARD. RUE PIERRE	49.41751	1.07317	0	1	0	1	0	0	blessé léger	voiture
202100006844	2021	11	19	76238	5	2	2	rue aristide briand	49.56328	0.22372	0	1	0	1	0	1	blessé hospitalisé	voiture
202100007012	2021	11	13	76231	1	2	1	VERDUN. RUE DE	49.28933	1.00588	1	0	0	1	0	0	blessé léger	voiture
202100007120	2021	11	17	76447	2	2	1	MARECHAL FOCH	49.54041	0.18748	1	0	0	1	0	1	blessé hospitalisé	voiture
202100007181	2021	11	11	76540	1	2	1	EUROPE. BOULEVARD DE L'	49.42616	1.08709	1	0	0	1	0	0	blessé léger	voiture
202100007184	2021	11	10	76351	1	2	2	LENINGRAD (BD DE)	49.49426	0.13841	1	0	0	1	0	1	blessé hospitalisé	voiture
202100007185	2021	11	22	76351	5	2	1	FERRER (RUE)	49.4892	0.13923	0	1	0	1	0	0	blessé léger	aucun autre véhicule
202100007585	2021	11	15	76351	1	2	1	REPUBLIQUE (COURS DE LA)	49.49236	0.12386	0	1	0	1	0	0	blessé léger	voiture
202100007779	2021	11	21	76540	5	2	2	MARNE. BOULEVARD DE LA	49.44717	1.09357	0	1	0	1	0	1	blessé hospitalisé	voiture
202100007992	2021	11	18	76351	5	2	3	FRANCOIS 1ER (BD)	49.4924	0.0988	1	0	0	1	0	1	blessé hospitalisé	voiture
202100008173	2021	11	12	76595	1	1	4	départementale 139	49.63567	0.19051	0	1	0	1	0	1	blessé hospitalisé	voiture
202100009079	2021	11	18	76322	5	2	1	SATIE. RUE ERIK	49.40703	1.04593	1	0	0	1	0	0	blessé léger	voiture
202100010138	2021	10	21	76540	5	2	2	LA FAYETTE. RUE	49.43251	1.0895	0	1	0	1	0	0	blessé léger	voiture
202100010261	2021	10	21	76540	3	2	2	CHAMPLAIN. AVENUE	49.4347	1.09347	1	0	0	1	0	0	blessé léger	bus ou car
202100010694	2021	10	09	76540	1	2	2	GAMBETTA. BOULEVARD	49.43868	1.10793	0	1	0	1	0	0	blessé léger	voiture
202100010865	2021	10	16	76351	1	2	3	GUINEE (QUAI DE LA)	49.48856	0.12123	0	0	1	1	0	0	blessé léger	utilitaire
202100011063	2021	10	13	76540	1	2	3	PORET DE BLOSSEVILLE. RUE	49.43804	1.08293	1	0	0	1	0	0	blessé léger	voiture
202100011065	2021	10	18	76351	1	2	1	CHARLES ROMME	49.51517	0.17191	1	0	0	1	0	0	blessé léger	voiture
202100011197	2021	10	11	76108	1	2	1	NEUFCHATEL. ROUTE DE (RN 28)	49.45869	1.10868	1	0	0	1	0	1	blessé hospitalisé	voiture
202100011271	2021	10	10	76655	1	2	9	Place du Marché	49.86865	0.71338	1	0	0	1	0	1	blessé hospitalisé	voiture
202100011553	2021	10	15	76540	1	2	1	BOISGUILBERT. QUAI DE	49.44207	1.07762	1	0	1	1	0	0	blessé léger	aucun autre véhicule
202100011554	2021	10	07	76575	5	2	2	RENAN. RUE ERNEST	49.39853	1.07414	1	0	0	1	0	1	blessé hospitalisé	voiture
202100011754	2021	10	17	76351	1	2	1	FELIX FAURE	49.50006	0.10067	1	0	0	1	0	0	blessé léger	voiture
202100011786	2021	10	11	76351	1	2	3	EDITH PIAF (RUE)	49.5232	0.11382	0	0	1	1	0	0	blessé léger	voiture
202100011788	2021	10	16	76217	1	2	1	DUMAS (ALEXANDRE)	49.92585	1.0706	1	1	0	1	0	1	blessé hospitalisé	aucun autre véhicule
202100012156	2021	10	07	76351	2	2	1	PABLO NERUDA (RUE)	49.50434	0.15432	1	0	0	1	0	0	blessé léger	voiture
202100012407	2021	10	10	76540	1	2	1	pont jeanne d arc	49.43826	1.08837	1	0	0	1	0	0	blessé léger	tramway ou train
202100012522	2021	10	12	76752	1	2	3	Place du General Leclerc	49.66834	0.89741	1	0	0	1	0	1	blessé hospitalisé	voiture
202100013231	2021	10	16	76575	1	2	1	ANEMONES. RUE DES	49.3919	1.09146	1	0	0	1	0	0	blessé léger	voiture
202100013232	2021	10	08	76382	1	1	1	D6015	49.58792	0.53618	0	1	0	1	0	0	blessé léger	poids lourd
202100013607	2021	10	16	76322	1	2	3	RAVEL. BOULEVARD MAURICE	49.40716	1.04518	1	0	0	1	0	0	blessé léger	voiture
202100013832	2021	10	19	76540	3	2	1	TOUR DE BEURRE. RUE DE LA	49.43911	1.09334	1	0	0	1	0	0	blessé léger	voiture
202100013833	2021	10	18	76540	1	2	3	SERRES. AVENUE OLIVIER DE	49.44901	1.12	0	1	0	1	0	0	blessé léger	utilitaire
202100013834	2021	10	22	76540	5	2	1	BELGES. BOULEVARD DES	49.4432	1.08471	1	0	0	1	1	0	tué	voiture
202100013992	2021	10	20	76259	5	2	9	BERIGNY (QUAI)	49.76008	0.36949	1	0	0	1	0	0	blessé léger	voiture
202100014305	2021	10	14	76391	1	1	1	138 RN	49.32701	0.90956	1	0	0	1	1	0	tué	voiture
202100014306	2021	10	10	76351	1	2	2	GEORGES LAFAURIE (RUE)	49.50176	0.11602	1	0	0	2	0	0	blessé léger	voiture
202100014574	2021	10	09	76351	1	2	4	FELIX FAURE	49.5017	0.11644	1	0	0	1	0	1	blessé hospitalisé	voiture
202100014995	2021	9	15	76178	1	2	1	EGLISE. RUE DE L'	49.31432	1.033	1	0	0	1	0	0	blessé léger	utilitaire
202100014996	2021	10	08	76481	3	2	6	RD 6382	49.5315	0.10342	1	0	0	1	0	1	blessé hospitalisé	voiture
202100016437	2021	9	12	76351	1	2	2	REPUBLIQUE (COURS DE LA)	49.49608	0.12684	1	0	0	1	0	0	blessé léger	voiture
202100017424	2021	9	20	76575	5	2	3	GROUPE SCOLAIRE HENRI WALLON	49.39502	1.0692	1	0	0	1	1	0	tué	voiture
202100017815	2021	9	17	76575	1	2	1	UNIVERSITE. AVENUE DE L'	49.38765	1.06313	1	0	0	1	0	0	blessé léger	voiture
202100017818	2021	9	18	76552	1	2	1	PRESIDENT FELIX FAURE (BD)	49.50686	0.0754	0	0	1	1	0	0	blessé léger	aucun autre véhicule
202100017977	2021	9	13	76540	1	2	1	CAUCHOISE. PLACE	49.44551	1.08618	1	0	0	1	0	1	blessé hospitalisé	voiture
202100018050	2021	9	17	76482	1	2	4	Rue Jean Jaurès	49.86911	1.04904	1	0	0	1	0	1	blessé hospitalisé	voiture
202100018102	2021	9	15	76540	1	2	1	MARNE. BOULEVARD DE LA	49.44625	1.08917	1	0	0	1	0	1	blessé hospitalisé	voiture
202100018538	2021	9	08	76640	1	2	1	HALINE. RUE DE LA	49.27392	1.05028	1	0	0	1	0	0	blessé léger	voiture
202100018742	2021	9	23	76351	5	2	1	REPUBLIQUE (COURS DE LA)	49.49593	0.12625	1	0	1	1	0	0	blessé léger	aucun autre véhicule
202100018900	2021	9	13	76540	1	2	2	TANGER. RUE DE	49.44656	1.07651	1	0	0	1	0	0	blessé léger	voiture
202100019609	2021	9	06	76575	5	1	2	LENINE. BOULEVARD	49.38126	1.10995	1	0	0	1	0	1	blessé hospitalisé	voiture
202100019650	2021	9	16	76447	1	2	1	BELLE ETOILE	49.53776	0.17537	0	1	0	1	0	1	blessé hospitalisé	aucun autre véhicule
202100020250	2021	9	21	76157	5	2	3	CANAL. RUE DU (CD 51)	49.4602	1.04319	0	1	0	2	0	0	blessé léger	voiture
202100020611	2021	9	17	76304	1	2	3	Route de Goderville	49.65148	0.43582	0	1	0	1	0	1	blessé hospitalisé	utilitaire
202100020620	2021	9	16	76192	1	2	3	Rue du Huit Mai 1945	50.01663	1.31874	1	0	0	1	0	1	blessé hospitalisé	voiture
202100020683	2021	9	11	76026	1	1	9	PRAIRIES (CHEMIN DES)	49.87653	1.1384	0	1	0	1	0	1	blessé hospitalisé	voiture
202100021017	2021	9	16	76498	1	2	3	Rue Jacquard	49.43031	1.0538	1	0	0	1	0	1	blessé hospitalisé	voiture
202100021018	2021	8	08	76351	1	2	1	ETRETAT (D')	49.49781	0.09647	0	1	0	1	0	0	blessé léger	voiture
202100021230	2021	9	15	76322	1	2	1	INDUSTRIE. RUE DE L'	49.42012	1.03301	1	0	0	1	0	0	blessé léger	poids lourd
202100021595	2021	8	15	76540	1	2	1	CORNEILLE. PONT PIERRE	49.43584	1.0955	0	1	0	1	0	0	blessé léger	voiture
202100022701	2021	8	16	76351	1	2	2	RICHELIEU	49.48937	0.10296	0	1	0	1	0	0	blessé léger	voiture
202100023040	2021	7	05	76351	2	1	2	LAMBLARDIE (QUAI)	49.48955	0.11652	0	0	1	1	0	0	blessé léger	utilitaire
202100023041	2021	7	22	76351	3	1	1	RD 6382G	49.52453	0.17891	1	0	0	1	0	1	blessé hospitalisé	voiture
202100023103	2021	8	19	76319	1	2	1	BRAQUE. RUE GEORGES	49.34789	0.99722	1	0	0	1	0	0	blessé léger	voiture
202100023261	2021	8	12	76217	1	2	1	REPUBLIQUE (AVENUE DE LA)	49.92493	1.10237	0	1	0	1	0	0	blessé léger	voiture
202100023864	2021	8	17	76217	1	2	9	Boulevard du General de Gaulle	49.9238	1.08124	1	0	0	1	0	0	blessé léger	voiture
202100024001	2021	8	16	76476	1	1	8	KENNEDY (AVENUE)	49.48236	0.55462	1	0	0	1	0	0	blessé léger	voiture
202100024226	2021	8	19	76351	1	2	1	MONT LE COMTE (AVENUE DU)	49.51039	0.17926	1	0	0	2	0	0	blessé léger	voiture
202100024249	2021	8	19	76231	1	2	1	Rue Henry	49.29093	1.0073	1	0	0	1	0	0	blessé léger	voiture
202100024506	2021	8	11	76351	1	2	2	JEAN BAPTISTE EYRIES	49.49753	0.11555	0	1	0	1	0	0	blessé léger	voiture
202100024595	2021	8	20	76540	1	2	9	GAMBETTA. BOULEVARD	49.43866	1.10797	0	0	1	1	0	0	blessé léger	voiture
202100025034	2021	8	16	76515	1	2	1	front de mer	49.90498	0.92505	1	0	0	1	0	0	blessé léger	voiture
202100025430	2021	8	07	76540	1	2	1	LYONS LA FORET. RUE DE	49.43791	1.11857	1	0	0	1	0	0	blessé léger	voiture
202100025571	2021	8	14	76540	1	2	1	BEAUVOISINE. PLACE	49.44856	1.09988	1	0	0	1	0	0	blessé léger	voiture
202100025959	2021	8	16	76282	1	2	1	BEAU SITE. RUE DU	49.30324	1.0498	0	1	0	1	0	1	blessé hospitalisé	deux-roues motorisé
202100026414	2021	7	15	76681	1	2	2	BLUM. RUE LEON	49.42153	1.08918	0	1	0	1	0	0	blessé léger	tramway ou train
202100026416	2021	5	18	76351	1	1	1	PAULINE KERGOMARD	49.5246	0.11214	1	0	0	1	0	1	blessé hospitalisé	voiture
202100026628	2021	7	17	76457	1	1	3	GOSSELIN RUE	49.3397	0.9617	0	1	0	1	0	0	blessé léger	voiture
202100027421	2021	7	11	76711	1	2	1	Rue de la Poissonnerie	50.06276	1.37016	1	0	0	3	0	2	blessé hospitalisé	voiture
202100027514	2021	7	09	76681	1	2	1	Rue Pierre Mendes-France	49.41293	1.09233	1	0	0	1	0	0	blessé léger	voiture
202100028003	2021	7	21	76189	2	2	1	Route des Calvaires	49.80715	0.72242	0	1	0	1	0	1	blessé hospitalisé	utilitaire
202100028108	2021	7	02	76540	5	2	2	CORNEILLE. PONT PIERRE	49.43498	1.09405	1	0	0	1	1	0	tué	voiture
202100029096	2021	7	15	76429	1	2	1	PARIS. ROUTE DE	49.4161	1.13381	1	0	0	2	0	0	blessé léger	voiture
202100029097	2021	7	10	76351	1	1	2	Boulevard de Léningrad	49.50024	0.17102	1	0	0	1	0	1	blessé hospitalisé	voiture
202100029581	2021	7	16	76540	1	2	7	SAINT PAUL. PLACE	49.43416	1.10593	0	0	1	1	0	0	blessé léger	voiture
202100029691	2021	7	08	76660	1	1	1	pont de normandie	49.45262	0.27136	0	1	0	1	0	0	blessé léger	voiture
202100030160	2021	7	15	76681	1	2	1	GARIBALDI. RUE	49.4155	1.09134	1	0	0	2	0	0	blessé léger	voiture
202100030318	2021	7	16	76351	1	2	2	VALLEE (RUE DE LA)	49.49524	0.15542	1	0	0	1	0	1	blessé hospitalisé	voiture
202100030497	2021	7	14	76647	1	1	1	Route de Lillebonne	49.52581	0.38288	0	1	0	1	0	1	blessé hospitalisé	voiture
202100030827	2021	7	13	76259	1	2	7	RICHARD ( PLACE DES DUCS)	49.75528	0.38	0	0	1	1	0	1	blessé hospitalisé	voiture
202100030832	2021	7	12	76351	1	2	3	ETRETAT (D')	49.49801	0.09596	1	0	0	1	0	1	blessé hospitalisé	voiture
202100031841	2021	6	18	76351	1	1	1	Rue Gustave Brindeau	49.48966	0.14219	1	0	0	1	0	1	blessé hospitalisé	voiture
202100032252	2021	6	13	76540	1	2	1	JEANNE D'ARC. RUE	49.44236	1.0907	1	1	0	1	0	0	blessé léger	aucun autre véhicule
202100032253	2021	6	04	76540	5	2	2	RONDEAUX. AVENUE JEAN	49.43438	1.0762	0	1	0	1	0	0	blessé léger	voiture
202100033152	2021	6	14	76758	1	2	4	Rue Edmond Labbé	49.61683	0.75206	1	0	0	1	0	1	blessé hospitalisé	voiture
202100033322	2021	6	06	76351	1	2	1	JENNER (TUNNEL)	49.50549	0.13419	0	1	0	1	0	1	blessé hospitalisé	aucun autre véhicule
202100033386	2021	6	17	76322	1	2	1	RAVEL. BOULEVARD MAURICE	49.40592	1.04418	0	0	1	1	0	0	blessé léger	voiture
202100034005	2021	6	19	76561	1	2	3	MONNET. RUE JEAN	49.30151	1.03683	0	0	1	1	0	0	blessé léger	voiture
202100034031	2021	6	17	76681	1	2	7	MARTYRS DE LA RESISTANCE. PLACE DES	49.4194	1.07816	1	0	0	1	1	0	tué	poids lourd
202100034032	2021	6	12	76540	1	2	1	CARREL. RUE ARMAND	49.43984	1.10185	1	0	0	1	0	1	blessé hospitalisé	utilitaire
202100034034	2021	6	20	76351	1	2	1	ESTIENNE D'ORVES (D')	49.5154	0.0968	0	1	0	1	0	0	blessé léger	voiture
202100034237	2021	6	15	76351	1	2	1	VERDUN (RUE DE)	49.50128	0.1493	0	1	0	1	0	0	blessé léger	aucun autre véhicule
202100034474	2021	6	19	76035	1	2	5	Rue de Normandie	49.76753	1.75273	0	1	0	1	0	1	blessé hospitalisé	voiture
202100034954	2021	6	08	76231	1	2	1	CARNOT. COURS	49.28706	1.01327	0	0	1	1	0	1	blessé hospitalisé	autre
202100035207	2021	6	01	76259	5	2	1	COUTURIER ( RUE GUSTAVE)	49.75426	0.38836	1	0	0	1	0	1	blessé hospitalisé	autre
202100035690	2021	6	06	76157	1	2	1	CANAL. RUE DU (CD 51)	49.45924	1.0439	0	0	1	1	0	0	blessé léger	voiture
202100035885	2021	6	20	76351	2	2	1	ALBERT 1ER	49.49706	0.09258	1	1	0	1	0	0	blessé léger	aucun autre véhicule
202100035987	2021	6	16	76195	1	1	1	D479	49.79257	0.55675	0	1	0	1	0	1	blessé hospitalisé	aucun autre véhicule
202100036392	2021	6	09	76540	1	2	1	GAULLE. PLACE CHARLES DE	49.44337	1.09828	1	0	0	1	0	0	blessé léger	voiture
202100036945	2021	6	08	76231	1	2	1	NEUBOURG. RUE DU (RN 840)	49.28002	1.00747	1	0	0	1	0	0	blessé léger	deux-roues motorisé
202100036972	2021	6	13	76498	1	2	6	NERUDA. RUE PABLO	49.4259	1.05901	0	1	0	1	0	0	blessé léger	voiture
202100036973	2021	6	09	76351	1	2	5	Rue de la Cavée Verte	49.50552	0.1149	0	0	1	1	0	1	blessé hospitalisé	aucun autre véhicule
202100037574	2021	5	09	76565	1	1	3	RD 915	49.88892	1.08401	1	0	0	1	0	0	blessé léger	voiture
202100037760	2021	5	16	76351	1	2	3	HALLES CENTRALES (PLACE DES)	49.4908	0.1051	1	0	0	1	0	0	blessé léger	voiture
202100037979	2021	5	15	76217	1	2	1	AVE CHARLES NICOLLE	49.92834	1.10377	1	0	0	1	0	0	blessé léger	voiture
202100039408	2021	1	00	76351	5	2	1	REPUBLIQUE (COURS DE LA)	49.49469	0.12558	1	0	0	1	0	0	blessé léger	voiture
202100040602	2021	5	16	76498	1	2	3	HUGO. RUE VICTOR	49.42355	1.06405	0	0	1	1	0	1	blessé hospitalisé	voiture
202100040890	2021	3	12	76681	1	2	1	Rue Francois Raspail	49.41552	1.09408	1	0	0	1	0	0	blessé léger	voiture
202100041078	2021	5	20	76681	1	2	3	RASPAIL. RUE FRANCOIS	49.41578	1.09475	0	1	0	1	1	0	tué	voiture
202100041263	2021	5	12	76217	1	2	1	THIERS (RUE)	49.91836	1.07712	1	0	0	1	0	1	blessé hospitalisé	voiture
202100041635	2021	2	18	76108	1	2	1	NEUFCHATEL. ROUTE DE (RN 28)	49.4697	1.1198	1	0	0	1	0	0	blessé léger	voiture
202100041643	2021	4	14	76351	1	2	2	FOCH (AVENUE)	49.49315	0.10078	1	0	0	2	0	0	blessé léger	voiture
202100041647	2021	4	18	76351	1	2	2	FLORIMOND LAURENT (RUE)	49.51862	0.11698	1	0	0	1	0	0	blessé léger	voiture
202100041649	2021	4	17	76351	1	2	1	MAXIMILLIEN ROBESPIERRE	49.5151	0.17025	1	0	0	1	0	0	blessé léger	utilitaire
202100042088	2021	4	15	76254	1	2	7	Place Maurice Guillard	49.70747	0.20597	1	0	0	1	0	1	blessé hospitalisé	voiture
202100042166	2021	4	08	76351	1	2	2	WINSTON CHURCHILL	49.4941	0.1389	1	0	0	1	0	0	blessé léger	voiture
202100042448	2021	4	14	76351	1	2	1	GUSTAVE FLAUBERT	49.49674	0.10685	0	1	0	1	0	1	blessé hospitalisé	aucun autre véhicule
202100042561	2021	4	15	76164	1	2	1	Avenue Winston Churchill	49.5246	0.7224	1	0	0	1	0	0	blessé léger	autre
202100042582	2021	4	15	76540	1	2	2	RENARD. RUE DU	49.45195	1.06902	0	0	1	1	0	1	blessé hospitalisé	poids lourd
202100043428	2021	4	12	76305	1	2	3	SAINT LAURENT (ROUTE DE)	49.52367	0.22521	0	1	0	1	0	1	blessé hospitalisé	aucun autre véhicule
202100043716	2021	4	17	76522	1	1	1	54 Rue des Chataîgniers	49.52795	0.40859	0	1	0	1	0	1	blessé hospitalisé	voiture
202100044215	2021	4	16	76164	1	2	1	Place du Général de Gaulle	49.52478	0.72937	1	0	0	1	0	1	blessé hospitalisé	voiture
202100044785	2021	2	23	76497	3	2	1	VOIE RAPIDE SUD 3 (RN 338)	49.38901	1.04479	1	0	0	1	1	0	tué	poids lourd
202100044864	2021	4	13	76222	1	2	1	137 Rue Gustave Flaubert	49.48662	0.88042	1	0	0	1	0	0	blessé léger	voiture
202100045529	2021	1	07	76351	2	2	2	REPUBLIQUE (COURS DE LA)	49.496	0.12689	1	0	0	1	0	1	blessé hospitalisé	bus ou car
202100046342	2021	3	22	76540	5	2	1	CHASTELLAIN. AVENUE JACQUES	49.43574	1.09561	0	0	1	1	0	1	blessé hospitalisé	aucun autre véhicule
202100046741	2021	3	19	76540	1	2	1	RONDEAUX. AVENUE JEAN	49.4296	1.0717	1	0	0	1	0	0	blessé léger	voiture
202100046742	2021	3	09	76108	1	2	1	HAIE. RUE DE LA	49.46523	1.11271	1	0	0	1	0	1	blessé hospitalisé	voiture
202100046887	2021	3	11	76540	1	2	1	HAVRE. QUAI (BAS) DU	49.43925	1.08598	1	0	0	1	0	1	blessé hospitalisé	utilitaire
202100046890	2021	3	17	76351	1	2	2	VALLEE (RUE DE LA)	49.49487	0.15445	1	0	0	1	0	0	blessé léger	voiture
202100046891	2021	2	15	76351	1	2	3	Quai George V	49.491	0.10984	1	0	0	1	0	1	blessé hospitalisé	voiture
202100047032	2021	3	12	76540	1	2	1	LIBERATION. AVENUE DE LA	49.42582	1.06863	0	1	0	1	0	1	blessé hospitalisé	bus ou car
202100047481	2021	3	08	76540	1	2	1	Place Saint Marc	49.43989	1.1019	1	0	0	1	0	0	blessé léger	utilitaire
202100047616	2021	3	14	76447	1	1	6	PRESIDENT WILSON	49.53487	0.17861	1	0	0	2	0	0	blessé léger	voiture
202100047770	2021	3	16	76351	1	2	2	MOGADOR	49.4972	0.09836	0	1	0	1	0	1	blessé hospitalisé	aucun autre véhicule
202100048242	2021	3	08	76540	1	2	9	SENARD. RUE	49.4509	1.09142	1	0	0	1	0	0	blessé léger	voiture
202100048389	2021	3	11	76575	1	2	3	Rue Charles Nicolle	49.39845	1.07823	1	0	0	1	0	0	blessé léger	utilitaire
202100048756	2021	3	08	76758	1	2	4	12 Avenue du Marechal Foch	49.61834	0.74691	1	0	0	1	0	1	blessé hospitalisé	voiture
202100049373	2021	3	18	76351	1	2	2	THEOPHILE GAUTIER	49.51721	0.09441	1	0	0	1	0	0	blessé léger	voiture
202100049434	2021	3	13	76238	1	2	2	Rue Henri Ternon	49.56529	0.22189	0	1	0	1	0	0	blessé léger	voiture
202100049616	2021	2	17	76322	1	2	1	VAILLANT COUTURIER. RUE PAUL	49.41898	1.04294	1	0	0	1	0	0	blessé léger	voiture
202100049617	2021	2	16	76552	1	2	1	PRESIDENT FELIX FAURE (BD)	49.50734	0.07388	0	1	0	1	0	0	blessé léger	aucun autre véhicule
202100050001	2021	2	15	76305	1	2	9	CAMP DOLENT (AVENUE)	49.50655	0.22305	1	0	0	1	0	1	blessé hospitalisé	voiture
202100050127	2021	2	15	76743	1	2	1	Rue Gadeau de Kerville	49.53316	0.92094	1	0	0	1	0	1	blessé hospitalisé	deux-roues motorisé
202100050252	2021	2	15	76254	1	2	1	Avenue George V	49.70701	0.20556	1	0	0	1	0	1	blessé hospitalisé	voiture
202100050569	2021	2	17	76351	1	2	1	MALHERBE	49.49932	0.13956	0	1	0	1	0	0	blessé léger	voiture
202100051156	2021	2	23	76212	5	2	2	PAIX. BOULEVARD DE LA (RN 31)	49.43773	1.1439	1	0	0	1	0	0	blessé léger	voiture
202100051410	2021	2	09	76540	1	2	1	LYONS. ROUTE DE (BRETELLE C)	49.43799	1.11021	1	1	0	2	0	0	blessé léger	aucun autre véhicule
202100051664	2021	2	16	76451	1	2	1	Avenue du Mont aux Malades	49.46354	1.07496	1	0	0	2	0	0	blessé léger	voiture
202100052402	2021	1	18	76540	2	2	3	Rue Saint-Julien	49.42553	1.07353	1	0	0	1	0	0	blessé léger	voiture
202100052634	2021	2	10	76055	1	1	2	D131	49.63616	0.73549	0	1	0	1	0	1	blessé hospitalisé	utilitaire
202100052758	2021	1	15	76447	1	1	1	D489	49.53107	0.1859	1	0	0	1	0	1	blessé hospitalisé	utilitaire
202100053180	2021	1	16	76540	1	2	1	RENAUD. RUE DE L'ENSEIGNE	49.43486	1.12544	1	0	0	2	0	2	blessé hospitalisé	voiture
202100053182	2021	1	18	76540	5	2	1	MARNE. BOULEVARD DE LA	49.44713	1.09401	1	0	0	1	0	1	blessé hospitalisé	voiture
202100053576	2021	1	08	76319	5	2	1	Avenue du General Leclerc	49.36518	1.01392	1	0	0	1	0	0	blessé léger	voiture
202100054045	2021	1	08	76322	1	2	1	Rue Albert Thomas	49.41155	1.04657	1	0	0	1	0	0	blessé léger	voiture
202100054192	2021	1	19	76157	5	2	1	Avenue Georges Bizet	49.45759	1.03231	1	0	0	1	0	1	blessé hospitalisé	voiture
202100054569	2021	1	05	76351	3	1	1	D6382	49.52466	0.18005	1	0	0	1	1	0	tué	voiture
202100054711	2021	1	11	76689	1	1	1	Route de Valmont	49.71927	0.50663	1	0	0	1	0	0	blessé léger	voiture
202100054712	2021	1	14	76752	1	2	1	47 Rue Jacques Ferny	49.66952	0.90083	1	0	0	1	0	1	blessé hospitalisé	utilitaire
202100054872	2021	1	17	76561	5	2	1	Rue Marechal Leclerc	49.30083	1.01196	1	0	0	1	0	0	blessé léger	voiture
202100055286	2021	1	10	76231	1	2	1	Rue Bourgtheroulde	49.28865	0.99598	1	0	0	1	0	0	blessé léger	voiture
202100055287	2021	1	18	76322	3	2	1	Rue Louis Joseph Gay Lussac	49.41677	1.04616	1	0	0	1	0	1	blessé hospitalisé	voiture
202100055765	2021	1	13	76351	1	2	3	Rue Marcel Paul	49.49304	0.143	1	0	0	1	0	0	blessé léger	voiture
202100055978	2021	1	12	76711	1	2	1	Rue de la Commune de Paris	50.06044	1.3727	0	1	0	1	0	0	blessé léger	voiture
202200000070	2022	10	14	76417	1	1	1	A28, PK 66.800	49.68884	1.35203	1	0	0	1	1	0	tué	poids lourd
202200000297	2022	8	08	76540	1	2	2	Rue de Bapeaume	49.45265	1.05658	1	0	0	1	0	1	blessé hospitalisé	poids lourd
202200000301	2022	8	06	76351	2	2	1	Rue de Mulhouse	49.48745	0.1421	0	0	1	2	0	0	blessé léger	aucun autre véhicule
202200000811	2022	10	19	76481	3	1	6	MONTIVILLIERS (ROUTE DE)	49.56195	0.11641	0	1	0	1	0	0	blessé léger	voiture
202200000962	2022	10	09	76540	1	2	3	Boulevard de l'Yser	49.44764	1.09758	0	0	1	1	0	0	blessé léger	utilitaire
202200000965	2022	10	10	76217	1	2	9	BOURSE (ARCADES DE LA)	49.92681	1.07964	1	0	0	1	0	0	blessé léger	voiture
202200001313	2022	8	20	76224	2	1	2	D925	49.63444	0.33787	0	1	0	1	0	1	blessé hospitalisé	voiture
202200001510	2022	4	08	76540	1	2	3	Rue Martainville	49.43922	1.1013	1	0	0	1	0	1	blessé hospitalisé	voiture
202200001829	2022	3	07	76351	1	2	1	JOSEPH MADEC	49.50665	0.14118	0	1	0	1	0	0	blessé léger	voiture
202200001832	2022	3	13	76351	1	2	1	SAINTE ADRESSE (DE)	49.50062	0.0915	0	1	0	1	0	0	blessé léger	voiture
202200002055	2022	11	07	76322	1	2	6	Avenue Gal Leclerc	49.42095	1.05131	0	1	0	1	0	0	blessé léger	voiture
202200002311	2022	10	09	76647	1	1	1	D81	49.52485	0.37285	0	1	0	1	0	1	blessé hospitalisé	voiture
202200002624	2022	9	17	76231	1	2	4	Rue du Neubourg	49.28188	1.00771	1	0	0	1	0	0	blessé léger	voiture
202200002820	2022	7	15	76540	1	2	2	Boulevard de l'Yser	49.44661	1.10569	1	0	0	3	0	0	blessé léger	voiture
202200002821	2022	7	14	76108	1	2	1	Route de Neufchâtel	49.45403	1.10498	0	1	0	1	0	0	blessé léger	utilitaire
202200002935	2022	8	18	76057	1	2	1	Rue Pierre et Marie Curie	49.53637	0.96051	1	0	0	1	0	0	blessé léger	voiture
202200003146	2022	4	13	76681	1	2	1	Rue Francois Raspail	49.41601	1.09573	1	0	0	1	0	1	blessé hospitalisé	utilitaire
202200003399	2022	3	11	76351	1	2	1	HUIT MAI 1945 (AVENUE DU)	49.51598	0.1701	1	0	0	1	0	0	blessé léger	voiture
202200003413	2022	6	18	76231	1	2	1	Rue du Général de Gaulle	49.28575	1.01111	0	1	0	1	0	0	blessé léger	voiture
202200003417	2022	6	12	76351	1	2	2	PARIS (DE)	49.48991	0.10757	1	0	0	1	0	1	blessé hospitalisé	voiture
202200004262	2022	9	16	76351	1	2	3	DIEPPEDALLE (PASSAGE)	49.50002	0.1289	0	0	1	1	0	0	blessé léger	voiture
202200004287	2022	10	11	76341	1	2	1	FRIEDRICH ENGELS	49.51256	0.19192	0	1	0	1	0	1	blessé hospitalisé	aucun autre véhicule
202200005239	2022	3	09	76351	1	2	6	SUEDE (QUAI DE)	49.49177	0.13256	0	0	1	1	0	1	blessé hospitalisé	voiture
202200006072	2022	9	13	76351	1	2	1	FRISSARD (QUAI)	49.48925	0.1231	1	0	0	1	0	1	blessé hospitalisé	voiture
202200006074	2022	9	13	76447	1	2	1	PIERRE ROUSSEAU	49.54354	0.18924	1	0	0	1	0	0	blessé léger	voiture
202200006223	2022	9	04	76574	3	1	1	Route départementale 22	49.71056	1.09632	1	0	0	2	0	0	blessé léger	voiture
202200006353	2022	7	01	76351	5	2	2	PAUL VERLAINE (AVENUE)	49.50913	0.15913	0	0	1	1	1	0	tué	voiture
202200006443	2022	7	14	76711	1	2	1	2 Avenue Jean Moulin	50.05548	1.36592	1	0	0	1	0	0	blessé léger	voiture
202200006714	2022	2	18	76681	5	2	2	Rue Marcel Lechevallier	49.40949	1.08379	1	0	0	1	0	0	blessé léger	voiture
202200006771	2022	9	10	76255	1	2	2	Chaussée de Picardie	50.05416	1.4226	1	0	0	1	0	0	blessé léger	poids lourd
202200007274	2022	5	07	76351	1	2	1	IENA (D')	49.49155	0.13575	1	0	0	1	0	0	blessé léger	voiture
202200007587	2022	6	15	76517	1	1	2	Intersection route de crèvecoeur - route d'Houppeville	49.52218	1.13623	0	1	0	1	1	0	tué	voiture
202200007745	2022	5	14	76223	1	1	1	D6015	49.62668	0.80372	0	1	0	1	0	1	blessé hospitalisé	voiture
202200007881	2022	9	16	76429	1	2	1	Rue Thiers	49.40694	1.14315	1	0	0	1	0	1	blessé hospitalisé	voiture
202200008224	2022	5	01	76351	5	2	2	FREDERIC BELLANGER	49.49546	0.09952	0	0	1	1	0	0	blessé léger	voiture
202200008550	2022	2	13	76540	1	2	3	Boulevard des Belges	49.44523	1.08591	0	0	1	1	0	0	blessé léger	voiture
202200008733	2022	8	19	76217	1	2	1	AVENUE JEAN JAURES	49.90962	1.06623	1	0	0	1	0	0	blessé léger	voiture
202200008734	2022	7	23	76217	5	2	1	BELVEDERE	49.90971	1.07772	1	0	0	1	1	0	tué	voiture
202200009084	2022	12	11	76391	1	2	1	Rue des Canadiens	49.30178	0.95205	1	0	0	1	0	1	blessé hospitalisé	voiture
202200009088	2022	12	06	76322	3	1	1	N338 - Sud 3	49.41639	1.04614	1	0	0	1	1	0	tué	voiture
202200009603	2022	12	22	76498	5	2	2	Rue Ursin Scheid	49.4223	1.06451	1	0	0	1	0	0	blessé léger	voiture
202200009610	2022	12	03	76447	4	2	1	PRESIDENT WILSON	49.5437	0.18261	0	0	1	1	0	1	blessé hospitalisé	autre
202200009612	2022	12	18	76351	5	2	2	BERNARDIN DE SAINT PIERRE	49.49088	0.10516	1	0	0	1	0	1	blessé hospitalisé	voiture
202200009641	2022	4	15	76351	1	2	2	AUGUSTIN NORMAND	49.49047	0.09959	1	0	0	1	0	0	blessé léger	voiture
202200011008	2022	3	02	76351	5	2	2	JEAN JACQUES ROUSSEAU	49.49838	0.1312	0	0	1	1	0	0	blessé léger	voiture
202200011011	2022	3	02	76351	5	2	6	MARCEAU (RUE)	49.49157	0.13287	1	0	0	1	0	0	blessé léger	voiture
202200011903	2022	2	01	76322	5	2	1	Avenue des Canadiens	49.39201	1.05802	0	1	0	1	1	0	tué	voiture
202200011904	2022	2	21	76351	5	2	2	WINSTON CHURCHILL	49.4942	0.1384	1	0	0	1	1	0	tué	voiture
202200012440	2022	10	17	76705	1	2	1	410 Avenue Gustave Picard	49.32796	1.09551	1	0	0	1	0	1	blessé hospitalisé	voiture
202200012443	2022	10	11	76095	1	2	6	Avenue des Hauts Grigneux	49.46684	1.13468	0	1	0	3	1	1	tué	poids lourd
202200012447	2022	10	08	76540	1	2	4	Route de Neufchâtel	49.45302	1.09889	0	1	0	1	0	0	blessé léger	utilitaire
202200012449	2022	10	17	76351	1	2	3	GEORGES POMPIDOU (CHAUSSEE)	49.49069	0.11662	1	0	0	2	0	1	blessé hospitalisé	voiture
202200012450	2022	10	11	76114	1	2	2	COTY RENE (RUE)	49.57255	0.4712	1	1	0	2	0	0	blessé léger	aucun autre véhicule
202200012590	2022	11	05	76557	3	1	1	172 Route du Havre	49.52839	0.68366	1	0	0	1	0	1	blessé hospitalisé	voiture
202200012829	2022	5	11	76351	1	2	2	VALLEE (RUE DE LA)	49.49482	0.15449	0	0	1	1	0	0	blessé léger	voiture
202200013388	2022	3	09	76481	1	2	1	MALANDAIN (RUE DU LIEUTENANT)	49.55495	0.11733	0	0	1	1	0	1	blessé hospitalisé	aucun autre véhicule
202200013663	2022	4	16	76322	1	2	1	Avenue des Canadiens	49.39806	1.06246	1	0	0	1	0	0	blessé léger	voiture
202200013669	2022	4	15	76351	1	2	3	PIERRE COURTADE (AVENUE)	49.51006	0.18372	1	0	0	1	0	0	blessé léger	voiture
202200013908	2022	4	07	76390	1	2	1	Route de Fecamp	49.69928	0.28277	1	0	0	1	0	1	blessé hospitalisé	voiture
202200013969	2022	4	17	76305	1	2	1	CAMP DOLENT (AVENUE)	49.50928	0.21381	0	0	1	1	0	0	blessé léger	deux-roues motorisé
202200014176	2022	9	16	76580	1	2	1	509 Rue du Mont Blanc	49.54232	1.1659	1	0	0	1	0	1	blessé hospitalisé	poids lourd
202200014249	2022	6	10	76224	1	2	9	130 le village	49.64972	0.32523	1	0	0	1	0	1	blessé hospitalisé	voiture
202200014299	2022	10	08	76351	1	2	2	RICHELIEU	49.48934	0.10295	0	1	0	1	0	1	blessé hospitalisé	voiture
202200014713	2022	11	00	76681	5	2	3	14 JUILLET. AVENUE DU	49.40554	1.1003	1	0	0	1	1	0	tué	voiture
202200014799	2022	11	13	76351	1	2	2	GENERAL LECLERC	49.49462	0.10921	0	1	0	1	0	0	blessé léger	voiture
202200015174	2022	2	19	76231	5	2	1	Cours Carnot	49.2871	1.01592	1	0	0	1	0	0	blessé léger	voiture
202200016473	2022	7	13	76475	5	2	6	Rue du Marechal Leclerc	49.40287	1.16656	0	0	1	1	0	0	blessé léger	voiture
202200016583	2022	11	18	76486	5	2	6	Rue Pierre et Thomas Corneille	49.30958	0.99549	1	0	0	1	1	0	tué	bus ou car
202200017121	2022	12	16	76540	1	2	2	Rue d'Amiens	49.4403	1.1022	1	0	0	1	0	0	blessé léger	bus ou car
202200017125	2022	12	16	76351	1	2	3	Rue Fourier	49.51371	0.17485	1	0	0	1	0	1	blessé hospitalisé	utilitaire
202200017132	2022	12	17	76351	3	2	1	JOSEPH MADEC	49.50633	0.14175	1	0	0	1	0	1	blessé hospitalisé	utilitaire
202200017139	2022	12	11	76217	1	2	9	ACADIENS (RUE DES)	49.91	1.078	1	0	0	1	0	0	blessé léger	voiture
202200017143	2022	12	16	76414	1	1	9	ARQUES (GIRATOIRE DE L')	49.90717	1.10596	0	1	0	1	0	0	blessé léger	voiture
202200017758	2022	4	22	76210	3	1	1	Route de Saint Nicolas	49.86305	1.19888	0	1	0	1	0	1	blessé hospitalisé	deux-roues motorisé
202200018050	2022	10	17	76565	1	2	1	AVENUE DE LA LIBERATION	49.89428	1.07684	1	0	0	1	0	1	blessé hospitalisé	utilitaire
202200018170	2022	10	08	76410	1	2	1	Rue Paul Painleve	49.48405	1.04205	0	1	1	2	0	0	blessé léger	aucun autre véhicule
202200018250	2022	11	16	76259	1	2	9	LEBORGNE ( RUE CHARLES)	49.75314	0.37185	1	0	0	2	0	2	blessé hospitalisé	deux-roues motorisé
202200018294	2022	11	05	76351	5	2	1	GEORGE V (QUAI)	49.49114	0.11405	0	0	1	1	0	0	blessé léger	aucun autre véhicule
202200018295	2022	11	17	76351	1	2	3	CLEMENCEAU (BD)	49.49171	0.09685	1	0	0	1	0	1	blessé hospitalisé	voiture
202200018296	2022	11	15	76351	1	2	3	REPUBLIQUE (COURS DE LA)	49.49765	0.12791	0	1	0	1	0	0	blessé léger	voiture
202200018807	2022	1	19	76351	5	2	1	GUSTAVE BRINDEAU (RUE)	49.49263	0.13961	1	0	0	1	0	0	blessé léger	voiture
202200020047	2022	9	09	76351	1	2	2	HILAIRE COLOMBEL	49.4967	0.13434	1	0	0	1	0	0	blessé léger	voiture
202200020049	2022	9	10	76351	1	2	1	VERDUN (RUE DE)	49.50247	0.1662	1	0	0	1	0	1	blessé hospitalisé	voiture
202200020810	2022	7	16	76351	1	2	2	LOUIS EUDIER	49.48521	0.13038	0	0	1	1	0	0	blessé léger	voiture
202200020829	2022	5	02	76540	3	2	1	Rampe Saint Hilaire	49.44515	1.11094	0	0	1	2	0	0	blessé léger	aucun autre véhicule
202200020831	2022	5	09	76165	1	2	1	Rue Félix Faure	49.28726	1.02407	1	0	0	1	0	0	blessé léger	voiture
202200020834	2022	5	06	76351	1	2	2	VERDUN (RUE DE)	49.50139	0.15001	0	1	0	1	0	0	blessé léger	voiture
202200021165	2022	12	17	76392	3	2	1	Rue du Maréchal Leclerc	49.83439	1.40047	1	0	0	1	0	1	blessé hospitalisé	utilitaire
202200021279	2022	3	07	76377	1	2	1	2199 Route de Neufchatel	49.50236	1.15669	1	0	0	1	0	1	blessé hospitalisé	voiture
202200021448	2022	9	16	76647	1	1	1	Route de la Gare	49.54071	0.34326	1	0	0	1	0	0	blessé léger	voiture
202200021500	2022	4	18	76481	1	2	4	SAINT ANDRIEUX (CHEMIN DE)	49.5448	0.10075	1	0	0	1	0	0	blessé léger	voiture
202200022029	2022	10	17	76351	1	2	1	MARCEAU (RUE)	49.48899	0.13471	0	0	1	1	0	0	blessé léger	aucun autre véhicule
202200022268	2022	1	19	76540	5	2	2	Boulevard de l’Europe	49.43222	1.07881	1	0	0	1	0	0	blessé léger	voiture
202200022884	2022	12	14	76540	1	2	2	Boulevard de l'Europe	49.42853	1.09447	1	0	0	1	0	0	blessé léger	voiture
202200022885	2022	12	21	76498	5	2	1	Rue Albert Einstein	49.41815	1.06282	1	0	0	1	0	1	blessé hospitalisé	voiture
202200022887	2022	12	08	76484	2	2	1	Avenue du Général de Gaulle	49.34328	1.09082	1	0	0	1	0	0	blessé léger	voiture
202200023191	2022	9	15	76082	1	2	6	Rue de l'Eglise	49.61618	0.47572	1	0	0	1	0	1	blessé hospitalisé	voiture
202200023224	2022	9	13	76050	1	2	2	2087 Rue des Tisserands	49.84883	0.9525	0	1	0	1	0	1	blessé hospitalisé	voiture
202200023234	2022	3	07	76351	2	1	2	ERABLES (DES)	49.50914	0.14533	0	0	1	1	0	0	blessé léger	voiture
202200023237	2022	3	21	76351	5	2	2	PAUL VERONESE	49.51703	0.11627	0	0	1	1	0	0	blessé léger	voiture
202200023312	2022	9	16	76212	1	2	7	Place du Marechal Foch	49.4404	1.14558	1	0	0	1	0	0	blessé léger	voiture
202200023339	2022	9	13	76212	1	2	3	Rue Gustave Flaubert	49.44002	1.14568	1	0	0	1	1	0	tué	voiture
202200023441	2022	4	08	76259	1	2	1	MARCHAND ( RUE EUGENE)	49.75783	0.37984	1	0	0	1	1	0	tué	voiture
202200023533	2022	4	22	76312	3	1	1	Route de Formerie	49.49274	1.71912	1	0	0	1	0	1	blessé hospitalisé	voiture
202200023647	2022	6	17	76322	1	2	3	Rue Antoine Laurent de Lavoisier	49.4183	1.04477	1	0	0	1	0	0	blessé léger	voiture
202200023649	2022	5	09	76351	1	2	3	Rue Georges Braque	49.49529	0.10185	0	1	0	1	0	0	blessé léger	voiture
202200023930	2022	1	20	76216	5	2	1	Rue des Grosses Pierres	49.469	1.038	0	1	0	1	0	0	blessé léger	voiture
202200023931	2022	1	08	76351	1	2	3	Boulevard Jules Durand	49.4911	0.16212	0	0	1	1	0	1	blessé hospitalisé	aucun autre véhicule
202200023943	2022	9	15	76540	1	2	9	Rue Robert Schuman	49.43813	1.10505	0	1	0	1	0	0	blessé léger	voiture
202200024316	2022	1	12	76108	1	2	1	Route de Darnetal	49.46951	1.12561	1	0	0	1	0	1	blessé hospitalisé	utilitaire
202200024342	2022	11	06	76557	3	1	1	Route du Havre	49.52509	0.71182	1	0	0	2	0	0	blessé léger	voiture
202200025149	2022	9	15	76711	1	2	1	9 Rue du Docteur Pépin	50.05986	1.37721	0	1	0	1	0	1	blessé hospitalisé	voiture
202200025226	2022	8	19	76351	1	2	2	Rue Frédéric Bellanger	49.49532	0.10103	0	1	0	1	0	0	blessé léger	voiture
202200025227	2022	8	15	76351	1	2	3	SOUTHAMPTON (QUAI DE)	49.48629	0.11036	1	0	0	1	0	0	blessé léger	deux-roues motorisé
202200025879	2022	1	15	76681	1	2	4	Rue Andre Poirier	49.4035	1.1005	0	0	1	1	0	0	blessé léger	voiture
202200026106	2022	10	09	76540	1	2	9	Place Jacques Lelieur	49.43997	1.09162	1	0	0	1	0	0	blessé léger	utilitaire
202200026108	2022	10	10	76231	1	2	3	Rue du Neubourg	49.27997	1.00728	0	1	0	1	0	0	blessé léger	voiture
202200026352	2022	7	16	76498	1	2	2	Rue Pierre Corneille	49.42702	1.05249	1	0	0	1	0	0	blessé léger	voiture
202200026622	2022	7	10	76179	1	2	1	Rue Pierre Mauger	49.5987	1.1107	1	0	0	1	0	0	blessé léger	voiture
202200027017	2022	3	00	76540	5	2	1	Avenue du mont Riboudet	49.4443	1.0752	1	0	0	1	0	0	blessé léger	voiture
202200027112	2022	8	21	76447	3	2	4	MANOIR (DU)	49.5555	0.16798	0	1	0	1	0	0	blessé léger	voiture
202200027331	2022	4	17	76351	1	2	1	FREDERIC BELLANGER	49.49543	0.09942	1	0	1	1	0	0	blessé léger	aucun autre véhicule
202200027686	2022	1	08	76217	2	2	3	REPUBLIQUE (DE LA)	49.92178	1.07376	1	0	0	1	0	0	blessé léger	voiture
202200027858	2022	11	11	76624	1	2	3	Rue du Docteur Vitet	49.87703	1.22096	0	1	0	1	0	0	blessé léger	voiture
202200027890	2022	9	13	76231	1	2	3	Rue Camille Randoing	49.28751	1.00614	1	0	0	1	0	0	blessé léger	voiture
202200027892	2022	9	21	76540	5	2	4	Avenue Jean Rondeaux	49.43367	1.07549	1	0	0	1	0	1	blessé hospitalisé	voiture
202200028686	2022	7	17	76575	1	2	1	Avenue de Felling	49.39323	1.06645	1	0	0	1	0	0	blessé léger	voiture
202200029112	2022	8	12	76351	1	2	2	Rue Guillemard	49.499	0.09458	1	0	0	3	0	0	blessé léger	voiture
202200029606	2022	4	09	76476	1	2	1	HIRONDELLES (RUE DES)	49.49047	0.57714	1	0	0	1	0	0	blessé léger	voiture
202200030509	2022	6	14	76351	1	2	2	WINSTON CHURCHILL	49.49407	0.13843	0	0	1	1	0	0	blessé léger	voiture
202200030759	2022	3	06	76540	5	2	2	Quai Jean Moulin	49.43675	1.08752	1	0	0	1	0	0	blessé léger	deux-roues motorisé
202200030977	2022	8	22	76231	5	2	1	Rue du Général de Gaulle	49.28654	1.00965	1	0	0	1	0	0	blessé léger	voiture
202200031042	2022	8	18	76312	1	2	1	Boulevard Montmorency	49.48146	1.72147	1	0	0	1	0	1	blessé hospitalisé	voiture
202200031372	2022	1	14	76540	1	2	2	Allée Aimé Césaire	49.44292	1.07787	0	0	1	1	0	0	blessé léger	voiture
202200031784	2022	11	16	76408	2	2	1	Route des Hêtres	49.60748	0.33919	1	0	0	1	0	1	blessé hospitalisé	voiture
202200032845	2022	3	21	76575	5	2	6	Avenue du Val l'Abbé	49.38034	1.10081	0	1	0	1	0	1	blessé hospitalisé	voiture
202200032951	2022	1	11	76540	1	2	1	Rue Saint Nicaise	49.44481	1.10328	1	0	0	1	0	0	blessé léger	utilitaire
202200033006	2022	8	10	76296	1	2	2	1 Route de Rogerville	49.51833	0.26401	1	0	0	1	0	1	blessé hospitalisé	voiture
202200033104	2022	6	19	76540	2	2	3	Rue de la Republique	49.43807	1.09663	0	1	0	1	0	0	blessé léger	voiture
202200033969	2022	5	20	76351	1	2	1	ARISTIDE BRIAND	49.50006	0.13139	0	1	0	1	0	0	blessé léger	aucun autre véhicule
202200034365	2022	12	08	76351	1	2	2	INGOUVILLE (RUE)	49.49748	0.10938	1	0	0	1	0	0	blessé léger	voiture
202200034505	2022	7	16	76540	1	2	3	Rue des Carmes	49.44141	1.09438	1	0	0	1	0	1	blessé hospitalisé	voiture
202200034830	2022	2	17	76351	1	2	2	TOURNEVILLE (DE)	49.50038	0.12261	1	0	0	1	0	0	blessé léger	voiture
202200035164	2022	8	15	76315	1	1	2	Route de Fauville	49.75839	0.61704	0	1	0	1	0	1	blessé hospitalisé	voiture
202200035580	2022	11	10	76540	1	2	1	Place du Boulingrin	49.44715	1.10643	1	0	0	1	1	0	tué	voiture
202200035807	2022	5	14	76641	1	1	1	Rue d Orimont	49.85251	0.90436	0	1	0	1	0	1	blessé hospitalisé	aucun autre véhicule
202200035896	2022	5	18	76351	1	2	1	ALBERT 1ER	49.49963	0.0898	1	0	1	1	0	0	blessé léger	aucun autre véhicule
202200036220	2022	7	21	76591	1	2	1	Rue des Jonquets	49.44802	1.22321	0	1	0	1	0	0	blessé léger	voiture
202200036413	2022	12	12	76434	1	2	2	Rue de la Lande	49.39227	1.26205	1	0	0	1	0	1	blessé hospitalisé	bus ou car
202200036463	2022	7	17	76540	1	2	3	Rue de Fontenay	49.43641	1.10298	1	0	0	1	0	0	blessé léger	voiture
202200036467	2022	7	16	76351	1	2	3	LEO DELIBES	49.50606	0.16745	0	0	1	1	0	0	blessé léger	voiture
202200036596	2022	2	15	76474	1	2	1	Route de Dieppe	49.49664	1.04854	1	0	0	1	0	0	blessé léger	deux-roues motorisé
202200036672	2022	1	15	76216	1	2	1	Rue du Petit Aulnay	49.46176	1.04382	0	0	1	1	1	0	tué	bus ou car
202200036685	2022	8	10	76540	1	2	3	Rue du Mont Gargan	49.43657	1.11047	0	1	0	1	0	0	blessé léger	utilitaire
202200037051	2022	6	19	76259	1	2	2	LEBORGNE ( RUE CHARLES)	49.75259	0.37118	0	0	1	1	0	1	blessé hospitalisé	voiture
202200037107	2022	6	19	76351	1	2	1	CIRCULAIRE (AVENUE)	49.52144	0.13538	1	1	0	1	0	1	blessé hospitalisé	aucun autre véhicule
202200037864	2022	9	17	76351	1	2	3	FELIX FAURE	49.50001	0.10429	1	0	0	1	0	0	blessé léger	voiture
202200038081	2022	1	14	76146	1	2	1	Parc d Activite des Cateliers	49.58973	1.34732	1	0	0	1	0	0	blessé léger	voiture
202200038994	2022	8	15	76351	1	2	4	LOUIS BLANC	49.50882	0.1351	0	0	1	2	0	0	blessé léger	poids lourd
202200039090	2022	6	07	76576	2	1	6	D6015	49.55408	0.44264	1	0	0	1	0	0	blessé léger	voiture
202200039136	2022	4	21	76497	5	2	1	Rue Aristide Briand	49.38955	1.02306	1	0	0	1	0	0	blessé léger	voiture
202200039185	2022	4	17	76351	1	2	1	VERDUN (RUE DE)	49.50226	0.18485	0	1	0	1	0	1	blessé hospitalisé	voiture
202200039444	2022	10	05	76351	5	2	4	RENE PERROCHON	49.50596	0.12174	1	0	0	1	0	1	blessé hospitalisé	voiture
202200040239	2022	12	18	76540	5	2	3	Pont Jeanne d'Arc	49.43877	1.08853	0	1	0	1	0	0	blessé léger	voiture
202200040240	2022	12	20	76259	5	2	1	BERIGNY (QUAI)	49.75998	0.36916	1	0	0	1	0	1	blessé hospitalisé	voiture
202200040556	2022	2	13	76540	1	2	1	Boulevard de l'Europe	49.42782	1.08235	1	0	0	1	0	0	blessé léger	poids lourd
202200040761	2022	7	11	76351	1	2	2	PIERRE GUILLAUME PETIT	49.51844	0.09675	0	1	0	1	0	0	blessé léger	voiture
202200040769	2022	7	16	76414	1	1	1	D1	49.89627	1.14015	0	1	0	1	0	0	blessé léger	utilitaire
202200041018	2022	2	07	76681	2	2	2	Avenue du 14 Juillet	49.4095	1.08354	1	0	0	1	0	0	blessé léger	tramway ou train
202200041274	2022	4	13	76270	1	1	1	rue louis lumiere	49.52898	0.13419	0	1	0	1	0	0	blessé léger	voiture
202200041471	2022	10	19	76540	5	2	1	CORNEILLE. PONT PIERRE	49.44178	1.11617	1	0	0	2	0	0	blessé léger	voiture
202200041585	2022	5	19	76231	1	2	1	Place du Champ de Foire	49.29024	1.01284	1	0	0	2	0	0	blessé léger	voiture
202200041587	2022	5	16	76165	1	2	1	Rue de la République	49.28089	1.02624	1	0	0	1	0	0	blessé léger	voiture
202200041589	2022	5	13	76681	1	2	3	Rue Gaston Contremoulins	49.42065	1.09668	1	0	0	1	0	0	blessé léger	voiture
202200041735	2022	1	07	76351	5	2	3	Rue Jules Verne	49.50844	0.12784	1	0	0	1	0	1	blessé hospitalisé	voiture
202200041906	2022	1	16	76250	2	1	1	384 Route du Ponant	49.56412	0.30638	1	0	0	1	0	0	blessé léger	voiture
202200042376	2022	12	17	76351	1	2	1	LESUEUR (RUE)	49.49485	0.12264	0	0	1	1	0	0	blessé léger	voiture
202200042384	2022	8	14	76748	1	2	1	Rue de Janville	49.8217	0.64007	0	1	0	1	1	0	tué	aucun autre véhicule
202200042553	2022	2	08	76341	1	1	1	RD 982	49.50395	0.19393	1	0	0	1	0	1	blessé hospitalisé	utilitaire
202200042560	2022	2	20	76351	5	2	1	VAL AUX CORNEILLES (AVENUE DU)°	49.50916	0.14906	1	0	0	1	0	1	blessé hospitalisé	voiture
202200043301	2022	4	19	76711	2	2	1	1 Rue du Docteur Pépin	50.05911	1.37889	1	0	0	1	1	0	tué	voiture
202200043370	2022	10	15	76231	1	2	1	Rue du Port	49.29218	1.02094	0	1	0	1	0	0	blessé léger	deux-roues motorisé
202200043786	2022	1	07	76351	5	2	1	Rue de la Cavée Verte	49.5072	0.12225	1	0	0	1	0	0	blessé léger	voiture
202200043789	2022	1	13	76217	1	2	2	AVENUE JEAN JAURES	49.91364	1.07249	1	0	0	3	0	0	blessé léger	voiture
202200043833	2022	9	15	76540	1	2	1	Route de Darnetal	49.44105	1.12357	1	0	0	1	0	1	blessé hospitalisé	bus ou car
202200043919	2022	9	21	76709	5	2	1	Rue Raymond Brétéché	49.48516	0.80608	0	0	1	1	0	1	blessé hospitalisé	aucun autre véhicule
202200044367	2022	8	11	76540	1	2	1	Rampe Saint Hilaire	49.44612	1.10817	1	1	0	2	0	0	blessé léger	aucun autre véhicule
202200045044	2022	8	19	76114	1	2	9	MICHEL LOUISE (RUE)	49.56832	0.48541	0	0	1	1	0	0	blessé léger	voiture
202200045151	2022	10	08	76217	2	2	6	POISSONNERIE (ARCADES DE LA )	49.92642	1.08005	0	1	0	1	0	1	blessé hospitalisé	voiture
202200045283	2022	3	17	76540	1	2	2	Avenue du Mont Riboudet	49.44641	1.07079	1	0	0	1	0	0	blessé léger	bus ou car
202200045652	2022	1	21	76540	3	2	1	Boulevard Gambetta	49.43729	1.10359	1	0	0	1	0	0	blessé léger	voiture
202200045984	2022	9	10	76351	1	2	6	GEORGES BRAQUE (RUE)	49.49521	0.10535	0	0	1	1	0	0	blessé léger	aucun autre véhicule
202200046216	2022	6	13	76484	1	2	2	Avenue du Général de Gaulle	49.34283	1.09036	0	1	0	1	0	0	blessé léger	voiture
202200046259	2022	7	18	76351	1	2	1	VERDUN (RUE DE)	49.5024	0.17667	0	0	1	1	0	1	blessé hospitalisé	deux-roues motorisé
202200046264	2022	6	17	76351	1	2	6	VAUBAN	49.48894	0.11987	0	0	1	1	0	0	blessé léger	voiture
202200046377	2022	8	11	76322	1	2	1	Avenue des Provinces	49.40834	1.05073	1	0	0	1	0	0	blessé léger	voiture
202200046382	2022	8	13	76351	1	2	1	CLEMENCEAU (BD)	49.49041	0.09738	1	0	0	1	0	1	blessé hospitalisé	utilitaire
202200046664	2022	10	09	76243	1	1	1	Rue des Prairies	49.53217	1.36138	0	1	0	1	0	1	blessé hospitalisé	voiture
202200046892	2022	3	12	76217	1	2	1	REPUBLIQUE (AVENUE DE LA)	49.9267	1.0954	1	0	0	1	0	1	blessé hospitalisé	voiture
202200047009	2022	10	10	76540	1	2	7	Place du General de Gaulle	49.44373	1.09533	1	0	0	1	0	1	blessé hospitalisé	voiture
202200047374	2022	5	12	76540	1	2	1	Rue Jean Lecanuet	49.4439	1.09625	1	0	0	1	0	0	blessé léger	utilitaire
202200047376	2022	5	17	76217	1	2	1	VICTOIRE (DE LA)	49.92621	1.09866	1	0	0	1	0	1	blessé hospitalisé	voiture
202200047486	2022	1	15	76259	1	2	1	Rue Gustave Couturier	49.7527	0.39175	1	0	0	1	0	0	blessé léger	voiture
202200047513	2022	1	13	76624	1	2	9	rue robert le franc	49.87594	1.23829	1	0	0	1	0	0	blessé léger	voiture
202200047762	2022	9	10	76709	1	2	1	280 Rue Raymond Brétéché	49.48295	0.8079	1	0	0	1	0	1	blessé hospitalisé	voiture
202200047765	2022	9	17	76312	1	2	1	Boulevard des Capucins	49.48457	1.71726	1	0	0	1	0	1	blessé hospitalisé	voiture
202200047973	2022	6	17	76540	1	2	1	Rue d'Emendreville	49.42904	1.09518	1	0	0	1	0	1	blessé hospitalisé	voiture
202200048230	2022	2	10	76258	1	2	2	Rue Charles de Gaulle	49.65212	0.59207	1	0	0	1	0	1	blessé hospitalisé	voiture
202200048309	2022	8	14	76647	1	1	3	D6015	49.53785	0.37193	0	1	0	1	0	1	blessé hospitalisé	poids lourd
202200048360	2022	8	23	76165	4	2	3	Rue de la République	49.28372	1.01685	0	0	1	1	0	0	blessé léger	voiture
202200048737	2022	2	19	76351	5	2	2	WINSTON CHURCHILL	49.49408	0.13846	1	0	0	1	0	0	blessé léger	voiture
202200049014	2022	3	20	76231	5	2	1	Rue des Martyrs	49.28799	1.0071	0	0	1	1	0	0	blessé léger	voiture
202200049016	2022	3	09	76575	2	1	6	Boulevard Lénine	49.36788	1.10675	0	0	1	1	0	0	blessé léger	voiture
202200049019	2022	3	19	76552	1	2	3	ALBERT DUBOSC	49.50508	0.08625	0	1	0	1	0	0	blessé léger	deux-roues motorisé
202200049194	2022	5	07	76159	1	2	1	Route d Ocqueville	49.78876	0.64242	1	0	0	1	0	0	blessé léger	voiture
202200049779	2022	11	14	76400	1	2	1	Rue du General de Gaulle	49.82848	0.91245	1	0	0	1	0	1	blessé hospitalisé	voiture
202200049928	2022	10	17	76540	1	2	2	Boulevard des Belges	49.44411	1.08547	0	1	0	1	0	0	blessé léger	voiture
202200050058	2022	11	08	76259	2	2	9	VALMONT ( ROUTE DE)	49.75417	0.40592	1	0	0	1	0	1	blessé hospitalisé	voiture
202200050122	2022	2	17	76540	1	2	1	Avenue Jean Rondeaux	49.43711	1.07864	0	0	1	1	0	0	blessé léger	poids lourd
202200050151	2022	6	15	76351	1	2	3	VALLEE (RUE DE LA)	49.49367	0.15256	1	0	0	1	0	0	blessé léger	voiture
202200050155	2022	6	15	76329	1	1	1	BEAUCHENE (RUE DE)	49.55623	0.50135	0	1	0	1	0	1	blessé hospitalisé	aucun autre véhicule
202200050264	2022	11	11	76447	1	2	1	ECARTS (CHEM DES )	49.56492	0.19947	0	1	0	1	0	1	blessé hospitalisé	aucun autre véhicule
202200050269	2022	11	09	76447	1	2	1	René Coty	49.54381	0.19134	1	0	0	1	0	0	blessé léger	voiture
202200050455	2022	10	08	76452	1	2	9	Place de l Abbe Kerebel	49.5476	1.0736	1	0	0	1	0	1	blessé hospitalisé	voiture
202200050468	2022	3	19	76351	1	2	1	ALBERT 1ER	49.49744	0.09233	1	0	0	1	0	0	blessé léger	voiture
202200050647	2022	8	14	76351	1	2	2	MARECHAL JOFFRE (RUE)	49.5	0.12983	0	0	1	1	0	0	blessé léger	voiture
202200050658	2022	3	07	76552	1	2	1	PRESIDENT FELIX FAURE (BD)	49.50488	0.08035	0	0	1	1	0	1	blessé hospitalisé	aucun autre véhicule
202200050666	2022	3	22	76447	5	2	1	D6382	49.52545	0.18308	0	1	0	1	0	1	blessé hospitalisé	deux-roues motorisé
202200050766	2022	9	16	76322	1	2	1	Avenue Léon Blum	49.40723	1.04849	1	0	0	1	0	1	blessé hospitalisé	voiture
202200050791	2022	9	08	76351	1	2	1	Boulevard Jules Durand	49.48974	0.15492	0	1	0	1	0	1	blessé hospitalisé	voiture
202200051044	2022	1	18	76402	5	2	1	Rue Georges Pellerin	49.52607	1.0362	1	0	0	1	0	1	blessé hospitalisé	voiture
202200051093	2022	8	12	76456	1	1	1	Rue du Bois Saint-Jacques	49.64335	0.84292	0	1	0	1	1	0	tué	voiture
202200051425	2022	1	08	76447	5	2	1	CLAUDE DEBUSSY	49.54547	0.1674	1	0	0	1	0	1	blessé hospitalisé	voiture
202200051513	2022	2	10	76351	1	2	6	SOUVENIR FRANCAIS (ROND POINT)	49.52006	0.08839	0	1	0	1	0	1	blessé hospitalisé	voiture
202200051972	2022	11	20	76540	5	2	2	Rue Grieu	49.44035	1.1285	1	0	0	1	0	0	blessé léger	voiture
202200052697	2022	11	20	76684	3	1	1	RN 182	49.47981	0.45164	1	0	0	0	0	0	indemne	voiture
202200052875	2022	9	18	76410	1	2	3	Rue du Moulin à Poudre	49.48378	1.04565	1	0	0	1	0	1	blessé hospitalisé	voiture
202200052886	2022	1	15	76429	1	2	1	Rue de Normandie	49.4111	1.1478	1	0	0	1	0	1	blessé hospitalisé	voiture
202200053693	2022	8	01	76552	5	2	1	FOCH (BD)	49.506	0.07135	0	1	0	1	0	1	blessé hospitalisé	aucun autre véhicule
202200053995	2022	11	09	76322	1	2	1	Boulevard de Verdun	49.41417	1.04986	0	1	0	1	0	0	blessé léger	voiture
202200054481	2022	10	17	76640	1	2	2	Avenue de Bonport	49.28891	1.0414	1	0	0	1	0	1	blessé hospitalisé	voiture
202200054635	2022	3	08	76351	1	2	9	BIGNE A FOSSE	49.52607	0.11221	1	0	0	1	0	1	blessé hospitalisé	voiture
202200054972	2022	1	07	76410	5	2	1	Route de Dieppe	49.47893	1.04701	0	1	0	1	0	1	blessé hospitalisé	voiture
202300000110	2023	3	16	76231	1	2	2	Rue Théodore Chennevière	49.28606	1.00347	1	0	0	1	0	0	blessé léger	voiture
202300000269	2023	11	13	76351	1	2	2	RENE COTY	49.49754	0.11561	1	0	0	1	0	0	blessé léger	voiture
202300000271	2023	11	23	76351	5	2	1	Rue Commandant Abadie	49.50123	0.17188	1	0	0	1	0	0	blessé léger	voiture
202300000420	2023	6	07	76351	1	2	3	FERNAND CHATEL	49.5196	0.11003	1	0	0	1	0	0	blessé léger	voiture
202300000519	2023	10	02	76351	5	2	6	MICHEL FERE (QUAI)	49.48925	0.11118	0	0	1	1	0	0	blessé léger	aucun autre véhicule
202300000539	2023	9	07	76341	1	2	9	RESISTANCE (AVENUE DE LA)	49.50484	0.19988	1	0	0	1	0	0	blessé léger	utilitaire
202300000899	2023	3	10	76517	1	1	2	Route d?Houppeville - Route de Crève coeur	49.52218	1.13623	0	1	0	1	0	0	blessé léger	voiture
202300000953	2023	11	12	76164	1	1	1	Avenue du Latham-47	49.52436	0.73578	0	1	0	1	0	1	blessé hospitalisé	voiture
202300000990	2023	5	08	76351	1	2	1	STRASBOURG (BD)	49.49271	0.11769	0	0	1	1	0	0	blessé léger	aucun autre véhicule
202300001064	2023	11	08	76540	1	2	2	Avenue de la Porte des Champs	49.44299	1.10445	1	0	0	1	0	1	blessé hospitalisé	voiture
202300001069	2023	11	13	76351	1	2	2	MARECHAL JOFFRE (RUE)	49.49999	0.12961	0	0	1	1	0	0	blessé léger	voiture
202300001073	2023	11	17	76351	2	2	1	CLEMENCEAU (BD)	49.49017	0.09751	1	0	0	1	0	0	blessé léger	voiture
202300001534	2023	12	18	76681	5	2	3	RASPAIL. RUE FRANCOIS	49.41564	1.09438	0	0	1	0	0	0	indemne	voiture
202300001617	2023	6	15	76351	1	2	1	RENE CANCE	49.50373	0.14793	1	0	0	1	0	0	blessé léger	voiture
202300002169	2023	11	09	76014	2	1	1	D125	49.59268	0.26948	1	0	0	1	0	0	blessé léger	poids lourd
202300002323	2023	11	04	76351	5	2	1	FRISSARD (QUAI)	49.49011	0.12642	0	0	1	1	0	0	blessé léger	aucun autre véhicule
202300002325	2023	11	20	76351	5	2	1	GEORGES LAFAURIE (RUE)	49.50095	0.11269	0	1	0	1	0	0	blessé léger	aucun autre véhicule
202300002327	2023	11	16	76447	1	2	1	4 SAISONS (RUE DES )	49.53626	0.18567	1	0	0	1	0	0	blessé léger	voiture
202300002329	2023	11	10	76351	1	2	1	BORIS VIAN	49.51522	0.16069	0	0	1	1	0	1	blessé hospitalisé	voiture
202300002331	2023	11	08	76026	5	2	9	ARCHELLES	49.882	1.14049	0	1	0	1	0	0	blessé léger	voiture
202300002555	2023	11	18	76101	5	2	1	Grande Rue Francois Mitterrand	49.93211	1.62829	1	0	0	1	0	0	blessé léger	voiture
202300003430	2023	10	12	76351	1	2	3	HALLES CENTRALES (PLACE DES)	49.49118	0.10399	1	0	0	1	0	1	blessé hospitalisé	voiture
202300003502	2023	9	22	76540	4	2	2	Rue de la Republique	49.44003	1.09732	1	0	0	1	0	0	blessé léger	voiture
202300003820	2023	9	08	76341	1	2	2	JEHAN DE GROUCHY	49.50485	0.1999	1	0	0	1	0	0	blessé léger	voiture
202300004099	2023	5	15	76540	1	2	2	Rue Victor Hugo	49.44029	1.10084	1	0	0	1	0	0	blessé léger	voiture
202300004188	2023	2	10	76540	1	2	1	Boulevard de la Marne	49.4465	1.08994	1	0	1	1	0	1	blessé hospitalisé	aucun autre véhicule
202300004248	2023	11	18	76540	5	2	2	Rue du Renard	49.45193	1.06902	0	1	0	1	0	0	blessé léger	voiture
202300004830	2023	7	17	76322	1	2	1	Rue Edwin Aldrin	49.41312	1.04868	0	0	1	1	0	0	blessé léger	voiture
202300004838	2023	7	11	76498	1	2	6	Place des bruyères	49.4122	1.0717	0	1	0	1	0	0	blessé léger	voiture
202300005333	2023	8	00	76351	5	2	1	REPUBLIQUE (COURS DE LA)	49.49278	0.12428	1	0	1	1	0	0	blessé léger	aucun autre véhicule
202300005334	2023	8	13	76545	1	2	6	BOURBON (COURS)	49.91525	1.09436	0	1	0	1	0	0	blessé léger	voiture
202300005582	2023	10	15	76540	1	2	2	Rue François Arago	49.43455	1.08776	1	0	0	1	0	0	blessé léger	voiture
202300005589	2023	10	18	76351	1	2	3	ACACIAS (DES)	49.5081	0.1384	0	1	0	2	0	1	blessé hospitalisé	voiture
202300005592	2023	10	12	76217	1	2	2	BLD DU MARECHAL JOFFRE	49.92201	1.07685	1	0	0	1	0	1	blessé hospitalisé	voiture
202300005815	2023	2	19	76498	5	2	1	Avenue Jean Jaurès	49.42716	1.06461	1	0	0	1	0	0	blessé léger	voiture
202300005848	2023	5	15	76075	1	2	1	Route de Criquetot	49.76921	1.05284	0	1	0	1	0	1	blessé hospitalisé	voiture
202300006325	2023	7	19	76484	1	2	3	Rue Emile Zola	49.34661	1.096	1	0	0	1	0	0	blessé léger	autre
202300006362	2023	6	18	76351	1	2	3	PIERRE FARCIS	49.51712	0.09783	0	1	0	1	0	0	blessé léger	autre
202300006370	2023	6	15	76351	1	2	1	JULES LECESNE (RUE)	49.49265	0.11739	0	0	1	1	0	0	blessé léger	aucun autre véhicule
202300006991	2023	11	17	76366	5	2	2	Rue du Général de Gaulle	49.50857	1.03934	1	0	0	1	0	0	blessé léger	voiture
202300007293	2023	8	22	76146	3	1	1	D919	49.58807	1.38769	1	0	0	1	1	0	tué	poids lourd
202300007637	2023	10	06	76565	3	1	1	ROUEN (ROUTE DE)	49.8823	1.06783	1	0	0	1	0	1	blessé hospitalisé	voiture
202300007775	2023	2	09	76108	1	2	6	Chemin de la Breteque	49.47877	1.11294	1	0	0	2	0	0	blessé léger	voiture
202300007776	2023	2	13	76351	1	2	1	VERDUN (RUE DE)	49.50254	0.17239	1	0	0	1	0	1	blessé hospitalisé	voiture
202300008011	2023	4	17	76001	1	2	1	9 Rue du Docteur Patenotre	49.59631	0.67634	1	0	0	1	0	0	blessé léger	voiture
202300008620	2023	12	17	76351	5	2	6	MICHEL FERE (QUAI)	49.48928	0.11114	0	0	1	1	0	0	blessé léger	aucun autre véhicule
202300008626	2023	12	06	76341	5	2	6	BELLEVUE	49.51192	0.19938	0	1	0	1	0	0	blessé léger	aucun autre véhicule
202300008634	2023	12	08	76447	2	2	6	RD 31	49.54715	0.18896	0	1	0	1	0	0	blessé léger	voiture
202300008641	2023	12	17	76351	5	2	3	VOLTAIRE	49.48999	0.10355	1	0	0	1	0	0	blessé léger	voiture
202300009232	2023	3	07	76351	2	2	1	HUIT MAI 1945 (AVENUE DU)	49.51576	0.17093	1	0	0	1	0	0	blessé léger	voiture
202300009511	2023	10	14	76351	1	2	2	INGOUVILLE (RUE)	49.49742	0.10949	1	0	0	2	0	0	blessé léger	voiture
202300009589	2023	2	05	76540	5	2	2	Route de Neufchâtel	49.4511	1.09846	0	0	1	1	0	1	blessé hospitalisé	voiture
202300009744	2023	2	11	76114	1	2	1	GAMBETTA LEON (RUE)	49.57081	0.47046	0	1	0	1	0	0	blessé léger	utilitaire
202300009853	2023	4	18	76540	1	2	1	Rue des Faulx	49.44173	1.10095	0	1	0	1	0	0	blessé léger	voiture
202300010242	2023	6	16	76367	1	1	1	D90	49.50846	1.04617	1	0	0	2	0	0	blessé léger	voiture
202300010328	2023	8	21	76057	5	2	2	4 Rue Jules Ferry	49.5506	0.95776	0	1	0	1	0	1	blessé hospitalisé	voiture
202300011014	2023	3	21	76366	5	2	3	Rue du Général de Gaulle	49.505	1.04105	1	0	0	1	0	0	blessé léger	voiture
202300011030	2023	7	20	76498	1	2	6	Rue Pablo Neruda	49.4259	1.059	1	0	0	1	0	0	blessé léger	utilitaire
202300011347	2023	9	17	76447	1	2	1	ANCIENNE HUILERIE (PLACE)	49.54451	0.18786	1	0	0	1	0	0	blessé léger	voiture
202300011560	2023	10	14	76351	1	2	3	FRERE CONSTANCE	49.49022	0.10064	1	0	0	1	0	0	blessé léger	voiture
202300011853	2023	4	23	76351	5	2	1	CLAUDE MONET	49.5014	0.08878	0	0	1	1	0	0	blessé léger	aucun autre véhicule
202300011985	2023	11	19	76655	5	2	7	Place de l'Hotel de Ville	49.86888	0.71317	0	0	1	1	0	0	blessé léger	voiture
202300012214	2023	8	18	76114	1	2	1	MARTYRS DE LA RESISTANCE (RUE DES)	49.57349	0.47737	1	0	0	1	0	0	blessé léger	voiture
202300012321	2023	11	12	76351	1	2	6	LOUIS BLANC	49.5071	0.12848	1	0	0	1	0	0	blessé léger	voiture
202300012327	2023	11	08	76217	4	2	9	BERIGNY (BOULEVARD)	49.92	1.08	1	0	0	1	0	1	blessé hospitalisé	voiture
202300012408	2023	7	11	76540	1	2	2	Rue de la Roche	49.44514	1.10337	1	0	0	1	0	1	blessé hospitalisé	voiture
202300012548	2023	7	03	76540	5	2	2	Boulevard de l'Europe	49.43456	1.07647	0	1	0	1	1	0	tué	poids lourd
202300012729	2023	8	01	76540	5	2	1	Avenue de Bretagne	49.43383	1.08548	1	0	0	1	0	0	blessé léger	voiture
202300012819	2023	3	17	76540	1	2	3	Quai Cavelier de la Salle	49.43804	1.08293	0	0	1	1	0	0	blessé léger	voiture
202300012978	2023	3	16	76302	1	2	1	Rue de la Voie Romaine	49.6444	0.37391	0	1	0	1	0	1	blessé hospitalisé	voiture
202300012984	2023	12	12	76351	1	2	3	CAVEE VERTE (RUE DE LA)	49.50588	0.1168	0	0	1	1	0	0	blessé léger	voiture
202300012987	2023	12	02	76351	5	2	1	GOBELINS (DES)	49.49783	0.10456	0	0	1	1	0	0	blessé léger	aucun autre véhicule
202300012993	2023	12	20	76305	5	2	6	Jacques EBERHARD (Avenue)	49.51098	0.22932	0	0	1	1	0	0	blessé léger	voiture
202300013131	2023	3	16	76351	1	2	2	GABRIEL PERI	49.4939	0.11834	0	0	1	1	0	0	blessé léger	voiture
202300013267	2023	9	14	76272	1	2	9	Rue Edouard Loisel	49.81309	0.85029	1	0	0	1	0	0	blessé léger	voiture
202300013590	2023	10	09	76351	1	2	2	JEAN CHARCOT	49.49853	0.10079	0	1	0	2	0	0	blessé léger	aucun autre véhicule
202300013834	2023	4	17	76351	1	2	2	GUSTAVE FLAUBERT	49.49792	0.11159	1	0	0	1	0	0	blessé léger	voiture
202300014368	2023	8	17	76351	1	2	2	LOUIS BRINDEAU	49.49134	0.10528	1	0	0	1	0	1	blessé hospitalisé	voiture
202300014374	2023	11	12	76575	1	2	1	Avenue des Canadiens	49.40138	1.06472	1	0	0	1	0	0	blessé léger	voiture
202300014743	2023	3	07	76351	1	2	2	FLEURUS (DE)	49.49262	0.1375	0	1	0	1	0	0	blessé léger	voiture
202300014826	2023	5	17	76341	1	2	1	FRIEDRICH ENGELS	49.51235	0.19128	1	0	0	1	0	0	blessé léger	deux-roues motorisé
202300014887	2023	9	06	76540	5	2	1	Avenue de la Libération	49.42747	1.07007	0	1	0	1	0	0	blessé léger	voiture
202300015344	2023	2	10	76351	1	2	1	HUIT MAI 1945 (AVENUE DU)	49.51362	0.1637	1	0	0	1	0	1	blessé hospitalisé	voiture
202300015502	2023	10	11	76540	1	2	2	Boulevard de l'Yser	49.44837	1.1005	1	0	0	1	0	0	blessé léger	voiture
202300015505	2023	10	16	76351	1	2	2	GUSTAVE NICOLLE	49.49252	0.14846	0	1	0	1	0	0	blessé léger	voiture
202300015711	2023	4	11	76057	1	2	1	Rue Jean-baptiste Lamarck	49.53907	0.95724	1	0	0	1	0	1	blessé hospitalisé	utilitaire
202300015737	2023	4	09	76540	1	2	2	Rue du Renard	49.45194	1.06896	0	0	1	1	0	1	blessé hospitalisé	voiture
202300016172	2023	8	17	76351	1	2	5	RENE COTY	49.49644	0.11013	0	1	0	1	0	0	blessé léger	aucun autre véhicule
202300016178	2023	8	12	76351	1	2	3	GUSTAVE NICOLLE	49.49167	0.14635	0	0	1	1	1	0	tué	utilitaire
202300016336	2023	11	10	76489	1	1	1	RN 1029	49.47415	0.26947	1	0	0	1	1	0	tué	voiture
202300016910	2023	12	18	76231	5	2	6	Rue Jean Jaurès	49.28724	1.00907	1	0	0	1	0	0	blessé léger	voiture
202300017267	2023	2	14	76540	1	2	1	Rue Louis Ricard	49.44488	1.09959	0	0	1	1	0	0	blessé léger	deux-roues motorisé
202300017268	2023	2	14	76322	1	2	2	Avenue Léon Blum	49.40663	1.04984	1	0	0	1	0	0	blessé léger	voiture
202300017269	2023	1	18	76540	5	2	3	Rue Edouard Fortier	49.45399	1.09386	1	0	0	1	0	1	blessé hospitalisé	voiture
202300017419	2023	10	02	76351	5	2	3	JULES SIEGFRIED	49.49226	0.11026	0	0	1	1	0	0	blessé léger	aucun autre véhicule
202300017420	2023	10	18	76351	1	2	1	JULES LECESNE (RUE)	49.4928	0.12329	1	0	0	1	0	0	blessé léger	voiture
202300017422	2023	10	19	76351	5	2	1	MONT GAILLARD (AVENUE DU)	49.52509	0.11461	1	0	0	1	0	0	blessé léger	voiture
202300018061	2023	7	11	76351	1	2	3	ACACIAS (DES)	49.50899	0.14046	1	0	0	1	0	1	blessé hospitalisé	voiture
202300018351	2023	3	06	76351	5	2	6	MARCEAU (RUE)	49.49181	0.13264	0	0	1	1	0	0	blessé léger	bus ou car
202300018355	2023	3	17	76217	1	2	1	VERDUN (BOULEVARD DE)	49.92556	1.07127	1	0	0	1	0	0	blessé léger	voiture
202300018364	2023	11	07	76681	2	2	1	Pont de 4 Mares	49.40482	1.10745	0	0	1	1	0	1	blessé hospitalisé	utilitaire
202300018500	2023	5	03	76351	5	2	2	LENINGRAD (BD DE)	49.49875	0.15911	0	0	1	0	0	0	indemne	voiture
202300018590	2023	12	08	76322	2	2	1	Avenue des Canadiens	49.40263	1.06549	0	1	0	1	0	1	blessé hospitalisé	aucun autre véhicule
202300018600	2023	12	01	76351	5	2	1	JULES LECESNE (RUE)	49.4938	0.11321	0	1	0	1	0	0	blessé léger	voiture
202300018605	2023	12	13	76351	1	2	2	GRAVILLE (BD DE)	49.49231	0.14839	0	0	1	1	0	1	blessé hospitalisé	bus ou car
202300018686	2023	9	15	76212	1	2	2	Rue Sadi Carnot	49.4411	1.14906	1	0	0	1	0	1	blessé hospitalisé	voiture
202300018757	2023	3	01	76351	5	2	1	PARIS (DE)	49.49203	0.10777	0	0	1	1	0	0	blessé léger	aucun autre véhicule
202300019078	2023	1	19	76351	5	2	3	IRENE JOLIOT CURIE (RUE)	49.5135	0.10452	1	0	0	1	0	1	blessé hospitalisé	voiture
202300019257	2023	1	16	76103	1	2	3	Route de Paris	49.42411	1.12303	1	0	0	1	0	0	blessé léger	voiture
202300019605	2023	4	02	76351	5	2	6	MARCEAU (RUE)	49.49181	0.13285	0	0	1	1	0	0	blessé léger	voiture
202300019806	2023	7	19	76157	1	2	3	Rue Camille Pissarro	49.4521	1.03418	1	0	0	1	0	0	blessé léger	autre
202300019962	2023	8	09	76255	1	2	1	Rue Jean Duhornay	50.04847	1.41344	1	0	0	1	0	1	blessé hospitalisé	voiture
202300020390	2023	5	08	76342	1	1	1	365 Chemin de la Cayenne	49.65687	0.5452	0	1	0	1	0	1	blessé hospitalisé	voiture
202300020392	2023	11	23	76540	5	2	1	Rue de Lillebonne	49.44704	1.06493	1	0	0	1	0	0	blessé léger	voiture
202300020395	2023	11	19	76681	5	2	2	Rue Pierre Corneille	49.42123	1.09268	0	0	1	1	0	0	blessé léger	voiture
202300020832	2023	12	20	76540	5	2	3	Rue Abbe Lemire	49.43226	1.08436	0	0	1	1	0	0	blessé léger	voiture
202300020842	2023	12	14	76351	1	2	6	MARCEAU (RUE)	49.48537	0.13673	0	1	0	1	0	0	blessé léger	voiture
202300021701	2023	4	19	76529	1	2	1	5a Rue des Tisserands	49.72743	0.56224	0	1	0	1	0	1	blessé hospitalisé	voiture
202300021888	2023	8	10	76451	1	2	6	Avenue du Mont aux Malades	49.46241	1.07696	1	0	0	1	0	1	blessé hospitalisé	voiture
202300021889	2023	8	09	76217	1	2	1	GROULARD (CLAUDE)	49.92316	1.07316	0	1	0	1	0	0	blessé léger	voiture
202300021892	2023	8	08	76114	1	2	1	GAMBETTA LEON (RUE)	49.56961	0.47134	1	0	0	1	0	0	blessé léger	deux-roues motorisé
202300022076	2023	3	18	76540	5	2	2	Rue Robert Schuman	49.43791	1.1021	0	1	0	1	0	0	blessé léger	voiture
202300022312	2023	11	15	76377	1	2	3	2892 Route de Neufchatel	49.50727	1.16259	1	0	0	1	1	0	tué	voiture
202300022473	2023	1	15	76540	1	2	1	Boulevard de Verdun	49.44553	1.10879	1	1	0	1	0	0	blessé léger	aucun autre véhicule
202300022479	2023	1	16	76351	1	2	1	Rue des Martyrs	49.51404	0.10939	1	0	0	1	0	0	blessé léger	voiture
202300022742	2023	9	09	76351	1	2	2	MARECHAL JOFFRE (RUE)	49.4999	0.13018	1	0	0	1	0	1	blessé hospitalisé	voiture
202300023123	2023	12	19	76108	5	2	1	Chemin de Clères	49.46387	1.09887	1	0	0	1	0	0	blessé léger	voiture
202300023127	2023	12	02	76351	5	2	1	VICTOR HUGO	49.49167	0.10901	0	0	1	1	0	0	blessé léger	aucun autre véhicule
202300023868	2023	5	00	76322	5	2	1	Avenue des Canadiens	49.40138	1.0647	0	0	1	2	0	0	blessé léger	voiture
202300023877	2023	3	09	76451	1	2	1	Avenue du Mont aux Malades	49.46538	1.0721	1	0	0	1	0	0	blessé léger	voiture
202300024482	2023	3	19	76540	5	2	4	Avenue Jean Rondeaux	49.4284	1.07086	1	0	0	1	0	0	blessé léger	voiture
202300024599	2023	5	16	76540	1	2	2	Rue Saint Eloi	49.44043	1.08658	1	0	0	1	0	0	blessé léger	voiture
202300024601	2023	5	15	76351	1	2	6	FRISSARD (QUAI)	49.49157	0.13257	0	0	1	1	0	0	blessé léger	aucun autre véhicule
202300025330	2023	10	10	76330	1	2	1	332 Rue du Coudray	49.82775	0.90414	1	0	0	1	0	0	blessé léger	voiture
202300025466	2023	4	10	76351	1	2	3	RENE COTY	49.4952	0.10983	1	0	0	1	0	0	blessé léger	voiture
202300025673	2023	1	15	76351	1	2	3	BELLOT	49.48534	0.1271	0	0	1	1	0	1	blessé hospitalisé	voiture
202300026380	2023	3	16	76165	1	2	3	Rue de la République	49.28376	1.01678	0	1	0	1	0	1	blessé hospitalisé	voiture
202300026510	2023	5	08	76114	2	2	2	MARTYRS DE LA RESISTANCE (RUE DES)	49.57357	0.47711	0	0	1	1	0	0	blessé léger	voiture
202300026532	2023	11	11	76681	1	2	7	Place Voltaire	49.42334	1.08948	1	0	0	1	0	0	blessé léger	voiture
202300027313	2023	10	18	76447	1	2	6	avenue nordhon	49.54729	0.1888	0	0	1	1	0	0	blessé léger	voiture
202300027314	2023	10	08	76351	1	2	3	HOTEL DE VILLE (PLACE DE)	49.49425	0.10643	0	1	0	1	0	0	blessé léger	voiture
202300027376	2023	8	21	76351	2	2	1	HENRY GENESTAL	49.49581	0.10578	0	0	1	1	0	0	blessé léger	aucun autre véhicule
202300027409	2023	4	16	76540	1	2	1	Rue d'Elbeuf	49.42643	1.08308	0	0	1	1	0	1	blessé hospitalisé	voiture
202300027544	2023	1	16	76302	1	2	1	Rue Jean Prévost	49.64903	0.36462	1	0	0	1	0	0	blessé léger	voiture
202300027700	2023	1	15	76351	1	2	3	PHILIPPE LEBON	49.496	0.12673	1	0	0	1	0	1	blessé hospitalisé	voiture
202300028446	2023	11	19	76429	5	2	2	Rue d'Alsace	49.41121	1.15247	0	1	0	1	0	1	blessé hospitalisé	voiture
202300028728	2023	9	11	76498	1	2	1	Boulevard Charles de Gaulle	49.42195	1.0653	0	1	0	1	0	1	blessé hospitalisé	voiture
202300028732	2023	9	07	76351	1	2	1	VERDUN (RUE DE)	49.50122	0.14799	0	1	0	1	0	0	blessé léger	voiture
202300028890	2023	6	19	76114	1	2	6	Boulevard Jules Passas	49.56987	0.47858	1	0	0	1	0	0	blessé léger	voiture
202300028911	2023	6	20	76575	2	2	3	Rue Moliere	49.40367	1.07542	1	0	0	1	0	0	blessé léger	voiture
202300028912	2023	6	21	76351	1	2	3	FRANCOIS 1ER (BD)	49.49027	0.10076	0	0	1	1	0	1	blessé hospitalisé	voiture
202300029155	2023	10	13	76392	1	2	2	Rue du Maréchal Leclerc	49.8338	1.40134	1	0	0	1	0	1	blessé hospitalisé	voiture
202300029319	2023	1	20	76319	5	2	9	Avenue de Caen	49.34778	0.99179	0	1	0	1	0	0	blessé léger	voiture
202300029905	2023	5	15	76281	1	1	1	D110	49.50981	0.57562	0	1	0	1	0	1	blessé hospitalisé	utilitaire
202300029985	2023	3	07	76351	1	2	6	FRISSARD (QUAI)	49.49145	0.13253	0	0	1	1	0	1	blessé hospitalisé	voiture
202300030187	2023	11	22	76540	5	2	2	Rue Jeanne d'Arc	49.44006	1.08932	1	0	0	1	0	0	blessé léger	voiture
202300030204	2023	5	13	76351	1	2	3	BOIS AU COQ (RUE)	49.5092	0.13485	0	0	1	1	0	0	blessé léger	voiture
202300030357	2023	12	19	76351	5	2	1	JEAN MAUREL (RUE)	49.48889	0.12498	1	0	0	1	0	0	blessé léger	voiture
202300030360	2023	12	17	76351	5	2	1	PIERRE FARCIS	49.51702	0.09958	1	0	0	1	0	0	blessé léger	voiture
202300030947	2023	12	19	76540	5	2	2	Boulevard des Belges	49.44426	1.08555	1	0	0	1	0	1	blessé hospitalisé	utilitaire
202300031703	2023	3	09	76681	1	2	3	Rue de Trianon	49.41577	1.08265	1	0	0	1	0	1	blessé hospitalisé	voiture
202300031919	2023	11	16	76462	1	2	2	Rue de Drincourt	49.73407	1.437	1	0	0	1	0	1	blessé hospitalisé	voiture
202300031973	2023	5	16	76351	1	2	1	IRENE JOLIOT CURIE (RUE)	49.50974	0.10166	1	0	0	1	0	0	blessé léger	voiture
202300032408	2023	3	07	76540	2	2	6	Boulevard Gambetta	49.43696	1.10237	1	0	0	1	0	1	blessé hospitalisé	voiture
202300032694	2023	6	18	76498	1	2	2	Rue Ampere	49.42862	1.06258	1	0	0	1	0	0	blessé léger	voiture
202300032860	2023	9	19	76319	1	2	1	Rue de Seelze	49.35238	1.0034	0	0	1	1	0	0	blessé léger	aucun autre véhicule
202300032903	2023	12	20	76540	5	2	2	Rue Saint Filleul	49.447	1.0698	0	1	0	1	0	1	blessé hospitalisé	voiture
202300032905	2023	12	12	76540	1	2	5	Quai du havre (Haut)	49.4409	1.0825	1	0	0	1	0	0	blessé léger	utilitaire
202300032907	2023	12	08	76351	1	2	3	JEAN BAPTISTE EYRIES	49.49488	0.1163	0	0	1	1	0	0	blessé léger	voiture
202300033302	2023	1	08	76165	4	2	2	Cours Carnot	49.28712	1.0199	1	0	0	1	0	0	blessé léger	voiture
202300034259	2023	5	10	76351	1	2	1	ROGER MEUNIER	49.48199	0.1148	0	1	0	1	0	1	blessé hospitalisé	aucun autre véhicule
202300034497	2023	6	11	76540	1	2	1	Rue Jeanne d'Arc	49.44645	1.09318	1	0	0	1	0	0	blessé léger	voiture
202300034501	2023	6	05	76351	2	2	1	GABRIEL PERI	49.49373	0.11837	0	0	1	1	0	0	blessé léger	aucun autre véhicule
202300034801	2023	12	14	76540	1	2	2	Rue Ledru Rollin	49.42596	1.09331	1	0	0	1	0	0	blessé léger	voiture
202300034965	2023	10	01	76351	5	2	1	BELLOT	49.48602	0.12686	0	0	1	1	0	0	blessé léger	aucun autre véhicule
202300035319	2023	7	18	76540	1	2	6	Rue de Sotteville	49.42576	1.08755	0	0	1	1	0	0	blessé léger	voiture
202300035513	2023	11	14	76351	1	2	2	PAUL VERONESE	49.51702	0.11625	1	0	0	1	0	1	blessé hospitalisé	voiture
202300035811	2023	2	08	76540	1	2	3	Rue du Contrat Social	49.44576	1.07928	1	0	0	1	0	0	blessé léger	voiture
202300035821	2023	2	14	76351	1	2	1	REPUBLIQUE (COURS DE LA)	49.49672	0.12732	1	0	0	1	0	1	blessé hospitalisé	voiture
202300035836	2023	4	00	76351	5	2	1	ORMEAUX (DES)	49.50023	0.11797	0	0	1	1	0	1	blessé hospitalisé	aucun autre véhicule
202300036522	2023	9	11	76322	1	2	1	Avenue des Provinces	49.41031	1.05243	1	0	0	1	0	0	blessé léger	voiture
202300036523	2023	9	09	76410	1	2	2	Rue Pasteur	49.47738	1.04059	1	0	0	2	0	0	blessé léger	voiture
202300036525	2023	9	13	76447	1	2	1	LA LEZARDE (CENTRE COMMERCIAL)	49.5271	0.19074	1	0	0	1	1	0	tué	voiture
202300036727	2023	12	18	76351	5	2	2	GENERAL ARCHINARD (AVENUE)	49.49197	0.11676	1	0	0	1	0	0	blessé léger	voiture
202300036728	2023	12	11	76351	1	2	3	FLORIMOND LAURENT (RUE)	49.51587	0.11267	0	0	1	1	0	0	blessé léger	utilitaire
202300036730	2023	12	13	76351	1	2	3	JULES FERRY (PLACE)	49.49181	0.11114	1	0	0	1	0	0	blessé léger	voiture
202300036864	2023	10	07	76231	2	2	4	Place du Champ de Foire	49.29034	1.0125	1	0	1	1	0	1	blessé hospitalisé	aucun autre véhicule
202300036867	2023	10	00	76351	5	2	1	JEAN MAUREL (RUE)	49.48901	0.12481	0	0	1	1	0	0	blessé léger	aucun autre véhicule
202300037108	2023	1	18	76429	5	2	2	Route de Paris	49.41058	1.1414	1	0	0	1	0	0	blessé léger	voiture
202300037112	2023	1	18	76217	5	2	1	GRANDE RUE	49.92565	1.07656	1	0	0	1	0	1	blessé hospitalisé	voiture
202300037362	2023	6	22	76540	5	2	1	Rue de Lessard	49.42763	1.09582	1	0	0	1	0	0	blessé léger	bus ou car
202300037380	2023	6	19	76351	1	1	1	VINGT QUATRIEME TERRITORIAL (CHAUSSEE DU	49.49064	0.1216	0	0	1	1	0	1	blessé hospitalisé	aucun autre véhicule
202300037586	2023	6	10	76709	1	2	1	742 Rue du Maréchal Foch	49.47342	0.8146	1	0	0	1	0	0	blessé léger	utilitaire
202300037792	2023	5	10	76312	1	2	1	2 Rue Charles de Gaulle	49.48173	1.72425	1	0	0	1	0	0	blessé léger	voiture
202300038045	2023	5	10	76351	1	2	2	HOTEL DE VILLE (PLACE DE)	49.49475	0.10641	1	0	0	1	0	0	blessé léger	voiture
202300038243	2023	4	12	76217	1	2	1	REPUBLIQUE (AVENUE DE LA)	49.92562	1.09957	1	0	0	1	0	0	blessé léger	voiture
202300038834	2023	1	16	76540	1	2	2	Rue d'Elbeuf	49.42586	1.08272	1	1	0	1	0	0	blessé léger	aucun autre véhicule
202300038870	2023	1	21	76575	5	2	1	Rue des Cateliers	49.38931	1.07864	0	0	1	1	0	0	blessé léger	utilitaire
202300038943	2023	10	11	76322	1	2	2	Boulevard Pierre Brossolette	49.41861	1.03175	0	1	0	1	0	0	blessé léger	deux-roues motorisé
202300039332	2023	6	07	76108	1	2	1	Avenue du Maréchal Juin	49.46338	1.13299	1	0	0	1	0	0	blessé léger	voiture
202300039346	2023	6	02	76351	5	2	1	PIERRE MENDES FRANCE	49.51532	0.15416	0	0	1	1	0	0	blessé léger	aucun autre véhicule
202300039457	2023	11	12	76498	1	2	1	Boulevard Stanislas Girardin	49.41371	1.06574	1	0	0	1	0	0	blessé léger	voiture
202300039462	2023	11	15	76351	1	2	3	VERDUN (RUE DE)	49.50226	0.1606	1	0	0	1	0	0	blessé léger	utilitaire
202300039683	2023	2	12	76351	1	2	3	EUGENE SUE	49.51737	0.12308	1	0	0	1	0	0	blessé léger	voiture
202300039859	2023	5	08	76351	1	2	3	TRIGAUVILLE (DE)	49.50244	0.13303	0	0	1	1	0	0	blessé léger	voiture
202300040022	2023	2	15	76114	1	2	1	DEBRAY  LOUIS (AVENUE)	49.59046	0.48505	0	1	0	1	0	0	blessé léger	voiture
202300040489	2023	12	15	76020	1	1	2	D64	49.45661	0.91173	0	1	0	1	0	1	blessé hospitalisé	voiture
202300040604	2023	12	17	76351	5	2	1	GRAVILLE (BD DE)	49.48699	0.14952	1	0	0	1	1	0	tué	voiture
202300040606	2023	12	18	76351	5	2	2	WINSTON CHURCHILL	49.49418	0.13826	1	0	0	1	1	0	tué	bus ou car
202300040721	2023	9	18	76351	1	2	1	FOURRIER	49.51374	0.17479	1	0	0	1	0	0	blessé léger	voiture
202300040855	2023	1	08	76498	1	2	1	Rue Martial Spinneweber	49.42008	1.05947	1	0	0	1	0	1	blessé hospitalisé	voiture
202300040858	2023	1	17	76447	2	2	3	JACQUES PREVERT	49.54726	0.17732	0	1	0	1	0	1	blessé hospitalisé	voiture
202300041281	2023	6	09	76351	1	2	6	GRAND HAMEAU (Avenue du )	49.52632	0.09108	0	1	0	1	0	0	blessé léger	voiture
202300041537	2023	11	18	76540	2	2	4	Rue Repainville	49.43444	1.13187	0	1	0	1	0	1	blessé hospitalisé	voiture
202300042070	2023	2	11	76192	1	1	1	D925	50.02382	1.34253	0	1	0	1	0	1	blessé hospitalisé	aucun autre véhicule
202300042437	2023	8	15	76217	1	2	6	REPUBLIQUE (AVENUE DE LA)	49.92526	1.10106	0	0	1	1	0	0	blessé léger	voiture
202300042712	2023	10	22	76231	5	2	1	Rue des Martyrs	49.289	1.00576	0	0	1	1	0	1	blessé hospitalisé	bus ou car
202300043089	2023	1	07	76540	2	2	2	Boulevard des Belges	49.44423	1.08531	0	0	1	1	0	0	blessé léger	voiture
202300043232	2023	6	06	76351	2	2	1	IENA (D')	49.49147	0.13572	1	0	0	1	0	1	blessé hospitalisé	voiture
202300043235	2023	6	21	76305	1	2	1	ELSA TRIOLET	49.50434	0.23527	0	0	1	1	0	0	blessé léger	voiture
202300043664	2023	5	14	76540	1	2	1	Place Saint Sever	49.43048	1.085	1	0	1	1	0	0	blessé léger	aucun autre véhicule
202300044127	2023	2	09	76351	1	1	1	SPORTS	49.51746	0.13001	1	0	0	1	0	0	blessé léger	voiture
202300044155	2023	4	13	76351	1	2	2	FRANCOIS 1ER (BD)	49.49191	0.09917	0	0	1	1	0	0	blessé léger	voiture
202300044459	2023	12	08	76351	2	2	1	COLBERT (QUAI)	49.49249	0.13097	0	1	0	1	0	0	blessé léger	aucun autre véhicule
202300044607	2023	1	06	76351	3	1	1	SEIZIEME PORT (AVENUE DU)	49.4826	0.16175	1	0	0	1	1	0	tué	voiture
202300045072	2023	6	09	76035	1	2	1	Rue Nationale	49.7676	1.75338	1	0	0	1	0	0	blessé léger	voiture
202300045073	2023	6	16	76400	1	2	1	rue de la République	49.82426	0.91179	1	0	0	1	0	0	blessé léger	utilitaire
202300045332	2023	11	15	76624	1	2	1	124 Rue du Thil	49.8799	1.20857	0	1	0	1	0	1	blessé hospitalisé	voiture
202300045877	2023	2	23	76349	5	2	2	GRIMALDI (RUE)	49.89782	1.02997	1	0	0	3	0	0	blessé léger	voiture
202300046682	2023	1	07	76456	3	1	1	RD 929	49.64678	0.84738	0	0	1	1	1	0	tué	poids lourd
202300046727	2023	7	08	76540	1	2	2	Place Cauchoise	49.44579	1.08668	1	0	0	1	0	0	blessé léger	utilitaire
202300046764	2023	9	07	76380	2	1	1	D152	49.78728	0.98748	1	0	0	1	0	1	blessé hospitalisé	voiture
202300046793	2023	7	15	76351	1	2	1	EDOUARD VAILLANT	49.51498	0.17677	1	0	0	1	0	1	blessé hospitalisé	autre
202300047201	2023	10	21	76540	5	2	3	Av du Cdt Bernard Bicheray	49.44915	1.04783	0	0	1	1	0	1	blessé hospitalisé	voiture
202300047324	2023	3	18	76351	5	2	1	SOCRATE	49.51303	0.16233	1	0	0	1	0	0	blessé léger	deux-roues motorisé
202300047459	2023	3	13	76351	1	2	3	MICHELET	49.49238	0.12158	0	0	1	1	0	1	blessé hospitalisé	voiture
202300047562	2023	8	09	76575	1	2	1	Rue du Madrillet	49.40395	1.07527	1	0	0	1	0	0	blessé léger	voiture
202300047567	2023	8	22	76351	5	2	1	DOCTEUR VIGNE	49.4976	0.11168	0	1	0	1	0	0	blessé léger	voiture
202300047803	2023	4	15	76540	1	2	1	Rue François Couperin	49.45055	1.13844	1	0	0	1	0	0	blessé léger	voiture
202300047986	2023	8	17	76475	1	2	1	Route de Paris	49.39624	1.182	0	1	0	1	0	1	blessé hospitalisé	voiture
202300048189	2023	8	15	76146	1	2	1	415 Rue Andre Auguste	49.5881	1.35561	0	1	0	1	0	0	blessé léger	voiture
202300048449	2023	6	16	76351	1	2	4	VERDUN (RUE DE)	49.50244	0.16816	0	1	0	1	0	0	blessé léger	voiture
202300049389	2023	5	07	76575	1	1	2	Boulevard Lénine	49.38161	1.10983	1	0	0	1	0	1	blessé hospitalisé	voiture
202300049407	2023	5	19	76351	1	2	3	IRENE JOLIOT CURIE (RUE)	49.52136	0.10511	1	0	0	1	0	0	blessé léger	voiture
202300049602	2023	8	15	76599	1	2	1	route de Lyons la Forêt	49.43189	1.15846	1	0	1	1	0	1	blessé hospitalisé	aucun autre véhicule
202300049776	2023	5	07	76351	1	2	6	PIERRE NAZE (PLACE)	49.49618	0.10783	0	1	0	1	0	0	blessé léger	voiture
202300049943	2023	6	11	76384	1	2	1	GOUBERMOULINS (RUE)	49.52947	0.54623	1	0	0	1	0	0	blessé léger	voiture
202300050549	2023	6	15	76156	1	1	1	Route de Butôt	49.80792	0.59697	0	0	1	1	0	1	blessé hospitalisé	aucun autre véhicule
202300050929	2023	1	07	76758	5	2	1	Rue Pierre de Coubertin	49.61377	0.76111	0	1	0	1	1	0	tué	voiture
202300051840	2023	5	15	76055	1	1	1	A29	49.64129	0.73213	1	0	0	1	0	0	blessé léger	poids lourd
202300051843	2023	12	17	76464	3	1	1	D491	49.39862	1.23712	1	0	0	1	0	1	blessé hospitalisé	voiture
202300052220	2023	11	18	76540	5	2	6	Boulevard Gambetta	49.44187	1.11266	1	0	0	1	0	0	blessé léger	voiture
202300052739	2023	9	16	76222	1	2	1	Avenue du Président Coty	49.47916	0.87082	1	0	0	1	0	1	blessé hospitalisé	voiture
202300053185	2023	1	15	76743	1	1	1	Route des Campeaux	49.52586	0.93723	1	0	0	1	0	1	blessé hospitalisé	voiture
202300053190	2023	9	07	76114	2	2	1	JACQUES FAUQUET (RUE)	49.56979	0.47059	1	0	0	1	0	0	blessé léger	utilitaire
202300053227	2023	1	07	76159	5	2	3	Route de Veulettes	49.78896	0.63905	0	0	1	1	0	1	blessé hospitalisé	voiture
202300053233	2023	1	19	76452	5	2	1	170 Rue André Martin	49.53609	1.06161	1	0	0	1	1	0	tué	voiture
202300053751	2023	11	17	76540	2	2	1	Rue Dufay	49.42473	1.07508	1	0	0	1	0	1	blessé hospitalisé	voiture
202300053760	2023	11	18	76351	5	2	2	COLBERT (QUAI)	49.49096	0.12318	1	0	0	1	0	0	blessé léger	voiture
202300054039	2023	8	17	76351	1	2	3	LOUIS LUMIERE	49.52702	0.12994	0	1	0	1	0	0	blessé léger	voiture
202300054042	2023	8	03	76351	5	2	1	PASTEUR	49.50384	0.13057	0	0	1	1	0	1	blessé hospitalisé	aucun autre véhicule
202300054351	2023	3	13	76377	1	2	3	23 Route de Dieppe	49.49988	1.15393	1	0	0	1	0	0	blessé léger	voiture
202300054763	2023	7	08	76540	1	2	1	Avenue du Mont Riboudet	49.44768	1.06798	1	0	0	1	0	1	blessé hospitalisé	voiture
202400000470	2024	5	15	76131	1	2	1	Cote de la Maison Brulee	49.34611	0.93631	0	1	0	1	0	1	blessé hospitalisé	aucun autre véhicule
202400000706	2024	4	07	76351	1	2	1	COLBERT (QUAI)	49.4912	0.126	0	0	1	1	0	0	blessé léger	voiture
202400000773	2024	8	11	76377	1	2	3	Route de Neufchatel	49.48855	1.14029	1	0	0	2	0	2	blessé hospitalisé	voiture
202400000886	2024	8	13	76322	1	2	1	Rue Antoine Laurent de Lavoisier (Parking)	49.41938	1.04434	1	0	0	1	1	0	tué	voiture
202400000887	2024	7	09	76351	1	2	2	Rue des Peupliers	49.50655	0.14829	1	0	0	1	0	1	blessé hospitalisé	utilitaire
202400001039	2024	6	21	76540	1	2	1	Rue Lafayette	49.43242	1.08922	0	0	1	1	0	1	blessé hospitalisé	aucun autre véhicule
202400001041	2024	6	15	76540	1	2	2	Quai du Havre (Quai haut)	49.44097	1.0828	1	0	0	1	0	0	blessé léger	voiture
202400001366	2024	10	10	76351	1	2	2	FREDERIC BELLANGER	49.49563	0.09433	1	0	0	1	0	0	blessé léger	voiture
202400001369	2024	10	07	76351	5	2	3	NICOLAS VALLARD (RUE)	49.49875	0.15921	0	1	0	1	0	0	blessé léger	voiture
202400002157	2024	11	12	76351	1	2	1	Avenue Jean Jaurès	49.50014	0.16394	0	0	1	1	0	1	blessé hospitalisé	aucun autre véhicule
202400002367	2024	4	16	76351	1	2	3	GEORGES BRAQUE (RUE)	49.49526	0.10341	0	1	0	1	0	1	blessé hospitalisé	voiture
202400002629	2024	8	15	76212	1	2	3	Rue de la Table de Pierre	49.44195	1.16497	0	1	0	1	0	0	blessé léger	aucun autre véhicule
202400003540	2024	3	12	76711	1	2	3	Avenue Jules Massenet	50.05653	1.3842	0	0	1	2	0	0	blessé léger	voiture
202400003721	2024	7	08	76351	1	2	2	EMILE RENOUF	49.48938	0.10299	0	0	1	1	0	1	blessé hospitalisé	voiture
202400003723	2024	7	19	76351	1	2	1	WINSTON CHURCHILL	49.49396	0.13634	1	0	0	1	0	1	blessé hospitalisé	voiture
202400003908	2024	9	16	76452	1	1	1	D44	49.55504	1.09224	0	1	0	1	0	1	blessé hospitalisé	aucun autre véhicule
202400003943	2024	9	12	76495	1	2	1	Rue Pihet	49.57086	0.9483	0	1	0	1	0	0	blessé léger	autre
202400004037	2024	9	19	76351	1	2	2	DENIS CORDONNIER (RUE)	49.5224	0.10471	0	0	1	1	0	0	blessé léger	voiture
202400004104	2024	11	18	76351	5	2	2	LENINGRAD (BD DE)	49.49861	0.15933	0	0	1	1	0	0	blessé léger	voiture
202400004106	2024	11	18	76351	4	2	1	FOURRIER	49.51379	0.17504	1	0	0	2	0	0	blessé léger	voiture
202400004109	2024	11	16	76217	1	2	1	BASTILLE (DE LA)	49.93052	1.09137	1	0	0	1	0	1	blessé hospitalisé	voiture
202400004112	2024	11	16	76217	1	2	1	NATIONALE (PLACE)	49.9263	1.0787	1	0	0	1	0	0	blessé léger	utilitaire
202400005155	2024	10	07	76575	2	2	6	Avenue de l'Université	49.38537	1.07071	1	0	0	1	0	0	blessé léger	utilitaire
202400005157	2024	10	07	76351	5	2	2	WINSTON CHURCHILL	49.49413	0.13873	1	0	0	1	0	0	blessé léger	utilitaire
202400005829	2024	7	03	76165	5	2	6	Rue Emile Zola	49.27991	1.02396	0	0	1	1	0	0	blessé léger	voiture
202400006021	2024	11	15	76351	1	2	3	LOUIS BLANC	49.50717	0.13063	0	1	0	1	0	1	blessé hospitalisé	utilitaire
202400006586	2024	2	18	76540	5	2	2	Rue de Constantine	49.44897	1.06697	0	1	0	1	0	0	blessé léger	voiture
202400006979	2024	6	12	76540	1	2	2	Rue Alsace Lorraine	49.4385	1.09997	0	0	1	1	0	0	blessé léger	utilitaire
202400007432	2024	3	18	76540	5	2	2	Boulevard de l'Europe	49.42828	1.08099	1	0	0	1	0	0	blessé léger	voiture
202400007433	2024	3	09	76540	1	2	4	Rue Saint Maur	49.45348	1.08529	0	1	0	1	0	0	blessé léger	voiture
202400007698	2024	7	20	76216	1	2	1	Route de Dieppe	49.46965	1.05032	1	0	0	1	0	1	blessé hospitalisé	voiture
202400007980	2024	9	17	76554	1	1	1	D93	49.48551	1.34767	0	1	0	1	1	0	tué	aucun autre véhicule
202400008122	2024	9	15	76055	1	1	1	D131	49.63997	0.73455	0	1	0	1	0	0	blessé léger	voiture
202400008258	2024	8	18	76351	1	2	3	BOIS AU COQ (AVENUE)	49.51805	0.11771	0	0	1	1	0	0	blessé léger	voiture
202400008307	2024	9	16	76351	1	2	3	FERDINAND DE LESSEPS	49.51465	0.1051	1	0	0	1	0	0	blessé léger	voiture
202400008919	2024	6	21	76351	2	2	2	LIEUTENANT CLERIVET	49.50713	0.175	0	0	1	1	0	0	blessé léger	aucun autre véhicule
202400009648	2024	7	03	76540	5	2	2	Rue Jeanne d'Arc	49.43995	1.0892	1	0	0	1	0	0	blessé léger	voiture
202400009791	2024	11	05	76351	5	2	3	FLEURUS (DE)	49.49154	0.1383	0	0	1	1	0	1	blessé hospitalisé	voiture
202400010239	2024	4	09	76681	1	2	2	Rue Francisco Ferrer	49.41753	1.09545	0	1	0	1	0	0	blessé léger	voiture
202400010242	2024	4	02	76351	5	2	1	LAMBLARDIE (QUAI)	49.48964	0.11393	0	0	1	1	0	0	blessé léger	aucun autre véhicule
202400010278	2024	9	14	76447	1	2	2	PRESIDENT WILSON	49.53972	0.17848	0	1	0	1	0	0	blessé léger	aucun autre véhicule
202400010280	2024	9	16	76414	1	2	1	LOUIS BLERIOT (RUE )	49.92374	1.11959	1	0	0	1	0	0	blessé léger	utilitaire
202400010468	2024	2	11	76451	1	2	1	Rue Francois Perroux	49.472	1.09397	1	0	0	1	0	1	blessé hospitalisé	voiture
202400010616	2024	8	15	76036	1	2	2	Impasse des Mottes	49.83225	1.03857	0	1	0	1	0	1	blessé hospitalisé	aucun autre véhicule
202400010897	2024	10	08	76451	2	2	2	Place des Coquets	49.4626	1.08175	1	0	0	1	0	0	blessé léger	voiture
202400010902	2024	10	14	76351	1	2	3	GLYCINES (DES)	49.50656	0.15721	1	0	0	1	0	1	blessé hospitalisé	voiture
202400011165	2024	10	15	76057	1	2	2	Rue du Général Giraud	49.54532	0.95268	1	0	0	1	0	1	blessé hospitalisé	voiture
202400011589	2024	7	17	76351	1	2	1	MULHOUSE (DE)	49.48875	0.14008	1	0	0	1	0	1	blessé hospitalisé	voiture
202400011947	2024	11	18	76755	3	2	1	Route du Hameau Joyeux	49.691	0.53435	1	0	0	1	0	1	blessé hospitalisé	deux-roues motorisé
202400012267	2024	8	19	76351	1	2	1	AMBROISE CROIZAT	49.51983	0.07264	0	0	1	1	0	1	blessé hospitalisé	aucun autre véhicule
202400012272	2024	8	15	76351	1	2	3	STRASBOURG (BD)	49.492	0.118	0	0	1	1	0	0	blessé léger	aucun autre véhicule
202400012465	2024	2	20	76486	4	2	1	Rue de Rouen	49.3023	0.99227	1	0	0	1	0	1	blessé hospitalisé	voiture
202400012475	2024	2	08	76351	2	2	1	FRISSARD (QUAI)	49.49001	0.12614	1	0	0	1	0	0	blessé léger	voiture
202400012570	2024	8	19	76336	1	1	4	rue bricoté	49.82727	0.7649	0	1	0	1	0	1	blessé hospitalisé	aucun autre véhicule
202400012936	2024	10	11	76575	1	1	2	Boulevard Lénine	49.3812	1.10988	1	0	0	1	0	1	blessé hospitalisé	utilitaire
202400013405	2024	3	13	76351	1	2	3	ESTIENNE D'ORVES (D')	49.51601	0.09718	1	0	0	1	0	0	blessé léger	voiture
202400013490	2024	7	19	76351	1	2	3	LESUEUR (RUE)	49.49227	0.12329	1	0	0	1	0	0	blessé léger	poids lourd
202400013945	2024	4	18	76681	1	2	7	Place Charles de Gaulle	49.41111	1.09312	0	0	1	1	0	1	blessé hospitalisé	voiture
202400014324	2024	2	09	76429	1	2	4	Rue Leon Gambetta	49.41607	1.14038	1	0	0	1	0	1	blessé hospitalisé	voiture
202400014834	2024	5	07	76222	1	2	3	Avenue du Président Coty	49.47866	0.86975	1	0	0	1	0	1	blessé hospitalisé	deux-roues motorisé
202400015023	2024	10	19	76540	5	2	6	Boulevard de l'Europe	49.42616	1.0871	1	0	0	1	0	0	blessé léger	voiture
202400015024	2024	10	08	76351	1	2	2	JULES LECESNE (RUE)	49.4935	0.11667	0	0	1	1	0	0	blessé léger	voiture
202400015395	2024	6	18	76351	1	2	1	MONT GAILLARD (ALLEE DU)	49.52374	0.11454	1	0	0	1	0	0	blessé léger	voiture
202400015398	2024	6	15	76351	1	2	3	Rue Aristide Briand	49.5001	0.13196	1	0	0	1	0	0	blessé léger	deux-roues motorisé
202400015502	2024	11	11	76305	1	2	3	CAMP DOLENT (AVENUE)	49.50709	0.2199	0	1	0	1	0	1	blessé hospitalisé	voiture
202400015813	2024	12	15	76351	1	2	2	GEORGE V (QUAI)	49.49078	0.11653	1	0	0	1	0	0	blessé léger	voiture
202400016122	2024	9	10	76351	1	2	1	RENE COTY	49.49784	0.1149	1	0	0	1	0	1	blessé hospitalisé	voiture
202400016801	2024	5	13	76351	1	2	2	INGOUVILLE (RUE)	49.49746	0.10942	1	0	0	1	0	1	blessé hospitalisé	utilitaire
202400016912	2024	9	10	76114	1	2	1	DESGENETAIS LEON (PLACE)	49.5689	0.47183	1	0	0	1	0	1	blessé hospitalisé	voiture
202400017179	2024	3	21	76296	3	2	1	LIBERATION (RUE DE LA )	49.51834	0.2621	0	0	1	1	0	0	blessé léger	aucun autre véhicule
202400017570	2024	11	08	76451	2	2	2	Avenue du Mont aux Malades	49.46596	1.07117	1	0	0	1	0	0	blessé léger	voiture
202400017571	2024	11	14	76351	1	2	1	IRENE JOLIOT CURIE (RUE)	49.50794	0.10018	1	0	0	1	0	0	blessé léger	voiture
202400017572	2024	11	16	76341	5	2	6	JEHAN DE GROUCHY	49.50469	0.19589	0	0	1	1	0	1	blessé hospitalisé	voiture
202400017573	2024	11	11	76351	1	2	3	HOTEL DE VILLE (PLACE DE)	49.49318	0.1092	1	0	0	1	0	0	blessé léger	bus ou car
202400017708	2024	12	18	76447	5	2	1	MARECHAL FOCH	49.52337	0.19302	1	0	0	1	0	1	blessé hospitalisé	voiture
202400017757	2024	1	00	76351	5	2	1	REPUBLIQUE (COURS DE LA)	49.50013	0.12999	0	0	1	2	0	0	blessé léger	aucun autre véhicule
202400018119	2024	1	08	76758	2	2	1	3 Rue des Victoires	49.61695	0.75267	1	0	0	1	0	1	blessé hospitalisé	voiture
202400018139	2024	12	12	76217	1	2	1	Rue Louis de Bures	49.91722	1.08759	1	0	0	1	0	1	blessé hospitalisé	voiture
202400018519	2024	8	09	76312	1	2	1	16 Boulevard de Verdun	49.48512	1.7295	0	1	0	1	0	0	blessé léger	aucun autre véhicule
202400018647	2024	5	09	76276	1	2	2	rue de la république	49.61281	1.54562	1	0	0	1	0	1	blessé hospitalisé	utilitaire
202400018673	2024	5	16	76351	1	2	3	SEIZIEME PORT (AVENUE DU)	49.48271	0.16213	0	0	1	1	0	0	blessé léger	voiture
202400018705	2024	7	08	76351	1	1	1	RD 6382	49.52505	0.18132	0	1	0	2	0	1	blessé hospitalisé	aucun autre véhicule
202400018951	2024	10	09	76351	1	2	2	GENERAL ARCHINARD (AVENUE)	49.4914	0.11671	1	0	0	1	0	0	blessé léger	voiture
202400019071	2024	6	10	76540	1	2	2	Rue Jeanne d'Arc	49.44006	1.08933	1	0	0	1	0	1	blessé hospitalisé	voiture
202400019310	2024	6	17	76400	1	2	1	Rue du General de Gaulle	49.82871	0.91251	1	0	0	1	0	1	blessé hospitalisé	voiture
202400019364	2024	11	18	76351	5	2	1	REPUBLIQUE (COURS DE LA)	49.49961	0.12949	1	0	0	1	0	0	blessé léger	deux-roues motorisé
202400019500	2024	3	16	76212	1	2	6	Place du Marechal Foch	49.44055	1.14552	1	0	0	1	0	0	blessé léger	voiture
202400019681	2024	4	13	76163	1	1	9	1475 Route de la Forge	49.5172	1.32626	0	1	0	1	1	0	tué	voiture
202400020270	2024	1	17	76259	2	2	1	HUET ( RUE JACQUES)	49.75585	0.37962	1	0	1	3	0	0	blessé léger	aucun autre véhicule
202400020273	2024	1	15	76217	1	2	1	BLD DU MARECHAL JOFFRE	49.92286	1.07611	1	0	0	1	0	0	blessé léger	voiture
202400020474	2024	7	19	76681	1	2	2	Rue de Paris	49.41754	1.09541	0	1	0	1	0	0	blessé léger	voiture
202400020667	2024	5	19	76114	1	2	1	Avenue Louis Debray	49.57961	0.47497	1	0	0	1	0	0	blessé léger	voiture
202400020872	2024	10	10	76351	1	2	3	PIERRE FARCIS	49.51715	0.09755	1	0	0	1	0	1	blessé hospitalisé	voiture
202400020919	2024	6	15	76351	1	2	2	ANATOLE FRANCE	49.4948	0.11128	1	0	0	1	0	1	blessé hospitalisé	voiture
202400021795	2024	4	00	76305	5	1	3	CAMP DOLENT (AVENUE)	49.50713	0.21981	1	0	0	1	0	1	blessé hospitalisé	voiture
202400021798	2024	4	17	76351	1	2	1	CHRISTOPHE COLOMB (AVENUE)	49.47932	0.1473	0	1	0	1	0	0	blessé léger	aucun autre véhicule
202400022024	2024	9	15	76261	1	1	1	D21	49.56797	1.54495	0	1	0	1	0	1	blessé hospitalisé	voiture
202400022117	2024	1	07	76575	5	2	2	Rue Georges Guynemer	49.39842	1.07455	1	0	0	1	0	0	blessé léger	voiture
202400022128	2024	1	08	76351	2	2	6	MARCEAU (RUE)	49.49153	0.13303	0	0	1	1	0	1	blessé hospitalisé	aucun autre véhicule
202400022171	2024	9	20	76351	5	2	2	EUGENE MOPIN (RUE)	49.52219	0.16091	0	1	0	1	0	1	blessé hospitalisé	deux-roues motorisé
202400022353	2024	7	07	76640	1	1	1	Rue de Louviers	49.26232	1.05742	0	1	0	1	0	0	blessé léger	autre
202400022365	2024	7	18	76351	1	2	2	PAUL VERLAINE (AVENUE)	49.50968	0.15137	0	0	1	1	0	1	blessé hospitalisé	aucun autre véhicule
202400023451	2024	12	18	76377	5	2	6	Rue du Mont Perreux	49.49158	1.14456	1	0	0	1	0	0	blessé léger	voiture
202400023906	2024	1	18	76351	2	2	3	FRANCOIS 1ER (BD)	49.49237	0.09861	1	0	0	1	0	0	blessé léger	voiture
202400024025	2024	4	16	76727	1	1	3	Route d'Aizier	49.47203	0.67602	0	1	0	1	0	1	blessé hospitalisé	voiture
202400024409	2024	5	08	76351	1	2	3	GEORGE V (QUAI)	49.4908	0.11671	0	0	1	1	0	0	blessé léger	voiture
202400024980	2024	3	06	76498	5	2	3	Allée Raoul Dufy	49.4267	1.06213	1	0	0	1	0	0	blessé léger	voiture
202400025063	2024	6	17	76057	1	2	9	Rue Jean Jaurès	49.54567	0.95428	0	0	1	1	0	0	blessé léger	voiture
202400025425	2024	3	12	76351	1	2	1	VAL AUX CORNEILLES (AVENUE DU)°	49.50909	0.1482	1	0	0	1	0	0	blessé léger	voiture
202400025639	2024	9	03	76451	4	2	1	Allée du Fond du Val	49.45609	1.07671	1	0	0	1	0	0	blessé léger	voiture
202400025642	2024	3	19	76540	2	2	3	Quai de Paris	49.43642	1.0996	1	0	0	1	0	0	blessé léger	deux-roues motorisé
202400025732	2024	4	11	76577	1	1	1	D149	49.79364	1.12601	0	1	0	1	0	1	blessé hospitalisé	voiture
202400026452	2024	5	05	76351	2	1	1	RD 6382	49.52472	0.17996	1	0	0	1	0	1	blessé hospitalisé	voiture
202400026455	2024	5	20	76447	1	2	1	JACQUES PREVERT	49.54754	0.17654	1	0	0	1	0	0	blessé léger	voiture
202400026456	2024	5	06	76351	2	2	2	COLBERT (QUAI)	49.4926	0.13202	0	0	1	1	0	0	blessé léger	aucun autre véhicule
202400026463	2024	7	19	76351	1	2	3	Rue Aristide Briand	49.50011	0.13196	1	0	0	1	0	1	blessé hospitalisé	voiture
202400026697	2024	6	11	76351	1	2	2	LENINGRAD (BD DE)	49.4987	0.15927	0	0	1	1	0	1	blessé hospitalisé	voiture
202400026698	2024	6	17	76351	1	2	2	LOUIS BLANC	49.50786	0.13351	0	1	0	1	0	1	blessé hospitalisé	voiture
202400026761	2024	11	11	76103	1	2	3	Rue des Hautes Haies	49.41895	1.13505	1	0	0	1	0	1	blessé hospitalisé	voiture
202400026766	2024	11	14	76447	1	1	1	PAUL DOUMER	49.52352	0.19556	0	0	1	1	0	1	blessé hospitalisé	aucun autre véhicule
202400027047	2024	11	14	76540	1	2	1	Promenade de la France Libre	49.43869	1.08837	1	0	0	1	1	0	tué	poids lourd
202400027097	2024	7	16	76575	1	2	2	Rue Hubert Latham	49.39614	1.0774	0	0	1	1	0	0	blessé léger	voiture
202400027227	2024	12	18	76341	5	2	1	PAUL DOUMER	49.5131	0.19835	1	0	0	1	0	1	blessé hospitalisé	voiture
202400027362	2024	1	17	76231	2	2	6	Rue du Neubourg	49.28676	1.00898	1	0	0	1	0	0	blessé léger	voiture
202400027366	2024	1	08	76486	1	2	1	Rue d'Elbeuf	49.30234	0.99213	1	0	0	1	0	0	blessé léger	utilitaire
202400027395	2024	4	17	76216	1	2	1	Rue Fontenelle	49.47528	1.05567	1	0	0	1	0	0	blessé léger	voiture
202400027723	2024	4	08	76711	1	2	1	Route d?Eu	50.05582	1.38873	0	1	0	1	0	1	blessé hospitalisé	voiture
202400027842	2024	8	13	76351	1	2	3	Rue d'Etretat	49.4972	0.09816	0	1	0	1	0	1	blessé hospitalisé	aucun autre véhicule
202400027846	2024	1	19	76351	5	2	4	LEON HALLAURE	49.51832	0.09577	0	1	0	1	0	0	blessé léger	voiture
202400027855	2024	1	09	76351	1	2	3	JEAN JAURES (AVENUE)	49.49824	0.14804	1	0	0	1	0	0	blessé léger	voiture
202400028639	2024	6	19	76552	1	2	3	ALBERT DUBOSC	49.50742	0.08358	0	1	0	1	0	0	blessé léger	voiture
202400029067	2024	9	23	76540	5	2	1	Quai du Havre	49.44136	1.08175	1	0	0	1	0	1	blessé hospitalisé	voiture
202400029068	2024	9	17	76540	1	2	1	Rue des Charrettes	49.44013	1.08853	1	0	0	1	0	0	blessé léger	bus ou car
202400029071	2024	8	01	76540	5	2	7	Place du General de Gaulle	49.44352	1.09887	0	0	1	1	0	1	blessé hospitalisé	aucun autre véhicule
202400029073	2024	8	11	76540	1	2	3	Rue du Docteur Rambert	49.4399	1.09027	1	0	0	1	1	0	tué	poids lourd
202400029075	2024	8	22	76540	5	2	3	Boulevard Gambetta	49.43629	1.1012	0	0	1	1	1	0	tué	voiture
202400029141	2024	12	12	76165	1	2	3	Passage Chatel	49.28222	1.01893	1	0	0	1	0	0	blessé léger	utilitaire
202400029627	2024	5	16	76476	1	2	3	DUFY  RAOUL (RUE)	49.4863	0.58686	0	0	1	1	0	0	blessé léger	voiture
202400029907	2024	4	14	76351	1	2	1	STRASBOURG (BD)	49.49346	0.11359	0	0	1	1	0	1	blessé hospitalisé	aucun autre véhicule
202400030713	2024	6	16	76108	1	2	3	Rue de la Republique	49.47058	1.11646	0	1	0	1	0	0	blessé léger	voiture
202400031222	2024	4	16	76351	1	2	6	MARCEAU (RUE)	49.48547	0.13639	0	1	1	1	0	0	blessé léger	aucun autre véhicule
202400031606	2024	1	22	76705	4	2	6	D7	49.33211	1.09986	1	0	0	1	0	0	blessé léger	voiture
202400031796	2024	5	14	76552	1	2	1	REINE ELISABETH	49.50383	0.08665	0	1	0	1	0	0	blessé léger	voiture
202400031925	2024	7	10	76053	1	2	1	Route du Beau Soleil	49.79907	1.44727	0	1	0	1	0	1	blessé hospitalisé	aucun autre véhicule
202400032307	2024	10	06	76541	3	1	1	D67	49.52173	0.96852	1	0	0	1	0	1	blessé hospitalisé	voiture
202400032350	2024	10	18	76231	1	2	3	Rue aux Boeufs	49.2897	0.99918	0	0	1	1	0	0	blessé léger	voiture
202400032582	2024	6	14	76351	1	2	1	HOTEL DE VILLE (PLACE DE)	49.49426	0.10935	1	0	0	1	0	0	blessé léger	voiture
202400032583	2024	6	15	76351	1	2	1	DEMIDOFF (RUE)	49.4973	0.12992	0	0	1	1	0	0	blessé léger	voiture
202400032827	2024	12	18	76464	5	2	3	201 Rue de la Chaussée du Roi	49.36385	1.25163	1	0	0	1	0	0	blessé léger	voiture
202400033258	2024	1	12	76217	1	2	3	BLD DU MARECHAL JOFFRE	49.92286	1.07611	1	0	0	1	0	0	blessé léger	voiture
202400033259	2024	3	04	76351	5	2	1	COLBERT (QUAI)	49.49118	0.12584	0	0	1	1	0	0	blessé léger	voiture
202400033486	2024	1	09	76746	1	1	1	4 La Grande Rue	49.80622	0.55534	1	0	0	1	1	0	tué	utilitaire
202400033489	2024	1	13	76101	1	2	3	Grande Rue Francois Mitterrand	49.93179	1.62791	1	0	0	1	1	0	tué	utilitaire
202400033596	2024	4	19	76351	1	2	3	MASSILLON	49.49901	0.14327	0	0	1	1	0	0	blessé léger	voiture
202400033598	2024	4	13	76552	1	2	1	FRANCOIS LEBEL (PROMENADE)	49.50362	0.07932	0	0	1	1	0	0	blessé léger	aucun autre véhicule
202400033613	2024	5	18	76305	1	2	1	VERRERIE	49.50019	0.20545	1	0	1	1	0	0	blessé léger	aucun autre véhicule
202400033745	2024	1	18	76540	5	2	3	Route de Darnetal	49.44032	1.12772	1	0	0	1	0	0	blessé léger	voiture
202400033861	2024	3	10	76681	1	2	7	Place des Bruyères	49.41205	1.07338	1	0	0	1	0	0	blessé léger	voiture
202400033867	2024	3	16	76540	1	2	1	Rue Victor Hugo	49.43994	1.10069	0	1	0	1	0	1	blessé hospitalisé	voiture
202400034170	2024	7	18	76165	1	2	1	Rue Guillaume Apollinaire	49.28311	1.02422	1	0	0	1	0	1	blessé hospitalisé	voiture
202400034352	2024	10	15	76263	1	1	1	Route du Tronquay	49.45008	1.50446	0	1	0	1	0	1	blessé hospitalisé	poids lourd
202400034483	2024	10	18	76410	1	2	1	Rue des Belges	49.47605	1.04098	1	0	0	2	0	0	blessé léger	voiture
202400034510	2024	6	10	76351	1	2	1	GEORGES LAFAURIE (RUE)	49.50046	0.11153	0	1	0	1	0	0	blessé léger	poids lourd
202400034727	2024	6	23	76484	3	1	1	A13	49.33651	1.07491	1	0	0	1	1	0	tué	voiture
202400035348	2024	5	13	76351	1	2	1	AMIRAL MOUCHEZ (BD)	49.48428	0.13158	1	0	0	1	0	1	blessé hospitalisé	voiture
202400035416	2024	1	09	76351	1	2	4	SOCRATE	49.51302	0.16226	1	0	0	1	0	0	blessé léger	voiture
202400036003	2024	8	10	76755	1	2	1	Route de Fecamp	49.69417	0.5335	1	0	0	1	0	1	blessé hospitalisé	voiture
202400036162	2024	8	17	76351	1	1	6	RD 940	49.53205	0.09621	0	1	0	1	0	1	blessé hospitalisé	voiture
202400036442	2024	9	16	76351	1	2	3	FLORIMOND LAURENT (RUE)	49.51494	0.11221	0	1	0	1	0	0	blessé léger	bus ou car
202400036447	2024	9	16	76351	1	2	1	STRASBOURG (BD)	49.49325	0.1098	1	0	0	1	0	1	blessé hospitalisé	voiture
202400036489	2024	6	07	76235	1	2	2	11 Rue de la Halle	49.8961	1.26415	1	0	0	1	0	0	blessé léger	utilitaire
202400036626	2024	12	13	76540	1	2	2	Rue Jeanne d'Arc	49.44026	1.08948	1	0	0	2	0	0	blessé léger	voiture
202400037142	2024	1	14	76351	1	2	3	MARECHAL JOFFRE (RUE)	49.49996	0.12835	1	0	0	1	0	0	blessé léger	voiture
202400037313	2024	2	18	76561	1	2	1	Rue Denfert Rochereau	49.30021	1.01768	0	0	1	1	0	0	blessé léger	voiture
202400037325	2024	2	17	76351	1	2	1	PIERRE MENDES FRANCE	49.50896	0.13818	1	0	1	1	1	0	tué	aucun autre véhicule
202400037329	2024	2	07	76341	3	2	1	OUDALLE (ROUTE)	49.50387	0.20275	1	0	0	1	0	0	blessé léger	voiture
202400037339	2024	2	01	76351	5	2	6	MARCEAU (RUE)	49.4913	0.13286	0	0	1	1	0	0	blessé léger	aucun autre véhicule
202400037347	2024	2	17	76341	1	2	1	CANTIPOU (Avenue)	49.51175	0.21093	0	0	1	1	0	1	blessé hospitalisé	utilitaire
202400037352	2024	2	14	76351	1	2	3	DOCTEUR DE BOISSIERE	49.50216	0.10346	0	1	0	1	0	0	blessé léger	utilitaire
202400037355	2024	2	08	76341	1	2	1	EURE	49.50526	0.1957	0	1	0	1	0	0	blessé léger	voiture
202400037366	2024	2	12	76351	1	2	1	FELIX FAURE	49.49999	0.10324	0	1	0	2	0	0	blessé léger	aucun autre véhicule
202400037508	2024	4	13	76258	1	2	1	919 Rue Bernard Thélu	49.65095	0.59188	1	0	0	1	0	1	blessé hospitalisé	voiture
202400037574	2024	5	22	76351	5	2	1	BOULARD	49.51567	0.12436	0	0	1	1	0	0	blessé léger	voiture
202400037903	2024	7	02	76231	5	2	1	Cours Carnot	49.28714	1.0178	0	0	1	1	0	0	blessé léger	voiture
202400038126	2024	6	11	76351	1	2	3	VALLEE (RUE DE LA)	49.49775	0.15969	0	1	0	1	0	0	blessé léger	poids lourd
202400038365	2024	9	21	76540	5	2	1	Route du Havre	49.45032	1.06033	0	0	1	1	0	0	blessé léger	aucun autre véhicule
202400038535	2024	6	02	76351	5	2	1	GUILLEMARD	49.49814	0.09424	0	0	1	1	0	0	blessé léger	aucun autre véhicule
202400038793	2024	12	21	76484	5	2	1	Avenue d'Anderten	49.35098	1.09176	1	0	0	1	1	0	tué	voiture
202400038795	2024	12	11	76351	1	2	3	AUGUSTIN NORMAND	49.49227	0.09777	1	0	0	1	0	1	blessé hospitalisé	voiture
202400039028	2024	4	21	76540	5	2	1	Quai Jean Moulin	49.43558	1.0918	1	0	0	1	0	1	blessé hospitalisé	voiture
202400039031	2024	4	16	76351	1	2	3	FONTAINE LA MALLET (DE).	49.51914	0.12374	0	1	0	1	0	0	blessé léger	voiture
202400039386	2024	1	18	76681	3	2	4	Rue du Madrillet	49.40623	1.0758	1	0	0	1	0	0	blessé léger	voiture
202400039741	2024	4	08	76540	1	2	2	Quai Jean Moulin	49.43587	1.09047	1	0	0	1	0	1	blessé hospitalisé	utilitaire
202400039744	2024	4	19	76351	1	2	1	ALBERT LE CLAINCHE  (RUE)	49.51866	0.11573	1	0	0	1	0	0	blessé léger	deux-roues motorisé
202400040569	2024	12	08	76429	2	2	1	Route de Paris	49.41255	1.13885	1	0	0	1	0	0	blessé léger	poids lourd
202400040729	2024	12	18	76367	3	1	1	Route des longs Vallons	49.49821	1.07159	1	0	0	1	0	0	blessé léger	utilitaire
202400041131	2024	1	09	76681	1	2	2	Rue Leon Salva	49.42048	1.09195	1	0	0	1	0	1	blessé hospitalisé	voiture
202400041134	2024	1	08	76216	1	2	3	Rue du Président Roosevelt	49.46946	1.04535	1	0	0	1	0	0	blessé léger	voiture
202400041137	2024	1	10	76351	1	2	3	STRASBOURG (BD)	49.49248	0.11791	0	1	1	2	0	0	blessé léger	aucun autre véhicule
202400041763	2024	7	16	76351	1	2	2	MARC BLOCH	49.51602	0.1209	0	0	1	1	0	1	blessé hospitalisé	voiture
202400042171	2024	12	17	76758	5	2	1	2 Avenue du Marechal Foch	49.61852	0.74957	1	0	0	1	0	0	blessé léger	voiture
202400042362	2024	12	18	76498	5	2	2	Avenue des Allies	49.42475	1.05583	1	0	0	1	0	1	blessé hospitalisé	voiture
202400042842	2024	1	05	76351	5	2	1	BELLOT	49.48485	0.12671	0	0	1	1	0	0	blessé léger	aucun autre véhicule
202400042906	2024	5	03	76351	5	2	1	LAFAYETTE ( COURS)	49.49203	0.12436	0	0	1	1	0	0	blessé léger	aucun autre véhicule
202400042907	2024	5	18	76552	1	2	3	VACQUERIE	49.5052	0.08541	0	1	0	1	0	0	blessé léger	aucun autre véhicule
202400043261	2024	5	15	76576	1	1	1	GRANDE RUE (LA)	49.54525	0.44957	0	1	0	1	1	0	tué	aucun autre véhicule
202400043275	2024	3	20	76351	5	2	2	CASIMIR DELAVIGNE	49.49422	0.11971	0	0	1	2	0	1	blessé hospitalisé	voiture
202400043279	2024	3	03	76351	5	2	1	FRISSARD (QUAI)	49.49116	0.13076	0	0	1	1	0	0	blessé léger	aucun autre véhicule
202400043284	2024	3	20	76351	5	2	3	BOIS AU COQ (AVENUE)	49.51799	0.1177	0	0	1	1	0	0	blessé léger	voiture
202400043743	2024	6	01	76351	4	2	1	FRISSARD (QUAI)	49.49017	0.12704	0	0	1	1	0	0	blessé léger	aucun autre véhicule
202400043747	2024	6	00	76351	5	2	6	CASIMIR DELAVIGNE (QUAI)	49.48727	0.11427	0	0	1	1	0	0	blessé léger	aucun autre véhicule
202400043840	2024	8	14	76351	1	2	1	STRASBOURG (BD)	49.49306	0.11301	1	0	0	1	0	0	blessé léger	tramway ou train
202400044349	2024	9	08	76681	1	2	3	Rue Hyacinthe Ménage	49.40771	1.09589	1	0	0	2	0	0	blessé léger	voiture
202400044354	2024	10	21	76351	5	2	3	TURGOT	49.49449	0.12599	0	0	1	1	0	1	blessé hospitalisé	voiture
202400044575	2024	12	00	76681	5	2	1	Rue Commandant l’Herminier	49.4244	1.08751	1	0	0	1	0	1	blessé hospitalisé	voiture
202400045007	2024	5	18	76108	1	1	1	Rue de la Haie	49.4871	1.129	0	1	0	1	1	0	tué	aucun autre véhicule
202400045089	2024	1	18	76351	3	1	1	HUIT MAI 1945 (AVENUE DU)	49.51071	0.17536	0	0	1	1	0	0	blessé léger	voiture
202400045243	2024	5	11	76254	1	1	1	Route de Bénouville	49.70967	0.21725	0	1	0	1	0	1	blessé hospitalisé	voiture
202400045405	2024	5	14	76451	1	2	1	Avenue du Mont aux Malades	49.46525	1.07215	1	0	0	1	0	1	blessé hospitalisé	bus ou car
202400045413	2024	5	11	76540	1	2	6	Place Saint Clement	49.42678	1.07701	0	1	0	1	0	0	blessé léger	voiture
202400045434	2024	5	21	76540	1	2	4	Rue Giuseppe Verdi	49.44957	1.13655	1	0	0	1	0	0	blessé léger	voiture
202400045525	2024	7	00	76351	3	2	3	JULES SIEGFRIED	49.49221	0.11204	1	0	0	1	0	0	blessé léger	voiture
202400045638	2024	6	07	76322	1	2	6	Avenue du Gal Leclerc	49.41415	1.04465	0	1	0	1	0	0	blessé léger	utilitaire
202400046157	2024	9	09	76351	1	2	3	FOCH (AVENUE)	49.49329	0.09939	0	1	0	1	0	1	blessé hospitalisé	voiture
202400046162	2024	9	20	76351	5	2	3	ANATOLE FRANCE	49.49624	0.12251	0	1	0	1	0	0	blessé léger	voiture
202400046222	2024	7	17	76212	1	2	1	Rue Pierre Lefebvre	49.44302	1.14728	1	0	0	1	0	0	blessé léger	voiture
202400046481	2024	12	13	76351	1	2	1	AUGUSTE BLANQUI (PONT)	49.49975	0.16257	0	0	1	1	0	1	blessé hospitalisé	aucun autre véhicule
202400046485	2024	12	09	76351	1	2	2	MARECHAL JOFFRE (RUE)	49.49991	0.1241	1	0	0	1	0	0	blessé léger	voiture
202400046606	2024	10	11	76561	1	2	6	Rue du Maréchal Leclerc	49.30188	1.01257	1	0	0	1	0	1	blessé hospitalisé	voiture
202400046793	2024	1	20	76157	5	2	4	Rue du Canal	49.45754	1.04421	1	0	0	1	0	0	blessé léger	voiture
202400047097	2024	1	13	76640	1	2	1	Route de Pont de l'Arche	49.29033	1.03941	1	0	0	1	0	1	blessé hospitalisé	voiture
202400047248	2024	6	13	76540	1	2	2	Boulevard Gambetta	49.43649	1.10083	1	0	1	1	0	0	blessé léger	voiture
202400047256	2024	8	10	76281	1	1	1	D484	49.52753	0.58483	0	1	0	1	0	1	blessé hospitalisé	voiture
202400047736	2024	5	18	76575	1	2	6	Rue des Coquelicots	49.39109	1.09938	0	1	0	1	0	0	blessé léger	voiture
202400048027	2024	5	11	76423	1	1	1	route de Haussez	49.57111	1.66368	0	1	0	1	1	0	tué	aucun autre véhicule
202400048204	2024	6	18	76451	1	2	3	Route de Maromme	49.47052	1.08262	0	1	0	1	0	1	blessé hospitalisé	voiture
202400048216	2024	6	16	76351	1	2	2	STRASBOURG (BD)	49.49254	0.11666	0	0	1	1	0	0	blessé léger	voiture
202400048412	2024	12	17	76351	1	2	1	BOIS AU COQ (RUE)	49.51096	0.12925	0	0	1	1	0	1	blessé hospitalisé	voiture
202400048783	2024	3	16	76351	1	2	2	SAINTE ADRESSE (DE)	49.49898	0.09465	0	0	1	0	0	0	indemne	deux-roues motorisé
202400049180	2024	1	20	76540	5	2	3	Avenue Jean Rondeaux	49.42906	1.07164	1	0	0	1	0	0	blessé léger	voiture
202400049197	2024	1	09	76351	1	2	1	RAYMOND GUENOT	49.49402	0.10378	0	1	0	1	0	1	blessé hospitalisé	voiture
202400049735	2024	10	19	76561	5	2	3	Rue de la République	49.29877	1.01149	0	1	0	1	0	0	blessé léger	voiture
202400050073	2024	9	16	76026	1	2	1	VOISIN ANDRE	49.8815	1.1039	0	1	0	1	0	0	blessé léger	voiture
202400050082	2024	6	02	76351	5	2	3	FOCH (AVENUE)	49.49362	0.09783	0	0	1	1	0	0	blessé léger	aucun autre véhicule
202400051768	2024	1	17	76116	4	2	1	Route de Paris	49.38913	1.20077	1	0	0	1	0	1	blessé hospitalisé	voiture
202400051992	2024	2	09	76231	1	2	3	Rue Jean de la Fontaine	49.29097	1.01435	1	0	0	1	0	0	blessé léger	bus ou car
202400052050	2024	10	17	76351	1	2	2	BOIS AU COQ (AVENUE)	49.51113	0.12864	0	1	0	1	0	0	blessé léger	deux-roues motorisé
202400052277	2024	8	11	76457	1	1	4	Rue du Lt Jacques Hergault	49.34074	0.95649	0	1	0	1	0	1	blessé hospitalisé	voiture
202400052338	2024	12	19	76216	2	2	6	Rue Lyautey	49.4655	1.05518	0	1	0	1	0	0	blessé léger	voiture
202400052342	2024	12	12	76108	1	2	6	Rue d'Uelzen	49.47707	1.10572	0	1	0	1	0	1	blessé hospitalisé	voiture
202400052552	2024	1	08	76540	2	2	4	Rue de la Mare aux Planches	49.43504	1.07876	1	0	0	1	0	0	blessé léger	voiture
202400053029	2024	2	13	76351	1	2	2	GENERAL ARCHINARD (AVENUE)	49.49201	0.11672	1	0	0	1	0	0	blessé léger	voiture
202400053039	2024	2	07	76351	2	2	4	PABLO PICASSO (AVENUE)	49.50154	0.15001	0	1	0	1	0	0	blessé léger	voiture
202400053253	2024	4	14	76351	1	2	6	FLORIMOND LAURENT (RUE)	49.51328	0.11102	0	1	0	1	0	0	blessé léger	voiture
202400053536	2024	3	00	76177	3	1	1	Route de Cleres	49.5997	1.17229	1	0	0	1	0	1	blessé hospitalisé	utilitaire
202400053657	2024	10	17	76351	1	2	1	JEAN JAURES (AVENUE)	49.50223	0.18565	0	1	0	2	0	0	blessé léger	aucun autre véhicule
