n,e,ind
12799,19159,4
12799,19160,2
12799,19161,4
12799,19177,5
12799,19180,1
12800,19139,1
12800,19159,8
12800,19163,1
12800,19195,2
12800,19197,2
12801,19159,8
12801,19160,9
12801,19161,2
12801,19162,1
12802,19160,3
12802,19161,4
12802,19162,2
12802,19173,2
12802,19174,1
12802,19181,2
12803,19156,4
12803,19164,2
12803,19167,5
12803,19168,5
12803,19170,5
12803,19173,6
12803,19174,5
12803,19182,7
12803,19190,2
12804,19138,1
12804,19157,1
12804,19159,1
12804,19163,4
12804,19169,3
12804,19174,1
12805,19145,6
12805,19147,1
12805,19151,3
12805,19156,3
12805,19162,4
12805,19163,8
12806,19146,4
12806,19153,2
12806,19154,2
12806,19162,6
12806,19163,19.5
12806,19166,2
12806,19167,4
12806,19169,1
12807,19140,3
12807,19145,2
12807,19155,3
12807,19167,1
12807,19180,5
12807,19190,2
12807,19191,3
12808,19140,1
12808,19150,3
12808,19155,3
12808,19180,3
12808,19181,2
12808,19186,2
12808,19189,2
12808,19190,4
12809,19138,1
12809,19140,2
12809,19155,2
12809,19171,2
12809,19173,1
12809,19180,49
12809,19181,33
12809,19182,11
12809,19190,5
12810,19137,1
12810,19140,8
12810,19141,4
12810,19154,1
12810,19168,4
12810,19174,1
12810,19179,4
12810,19180,4
12810,19182,2
12810,19195,2
12811,19138,10
12811,19140,11
12811,19141,6
12811,19162,5
12811,19166,5
12811,19168,3
12811,19179,18
12811,19180,3
12811,19194,3
12812,19147,5
12812,19161,4
12812,19177,3
12812,19179,2
12812,19180,4
12813,19138,2
12813,19145,3
12813,19186,2
12813,19188,10
12814,19137,1
12814,19160,8
12814,19183,3
12814,19186,2
12815,19137,1
12815,19145,1
12815,19158,1
12815,19159,6
12815,19176,4
12815,19177,1
12816,19144,1
12816,19145,2
12816,19159,6
12816,19174,5
12816,19178,4
12816,19180,4
12816,19181,3
12817,19159,1
12817,19181,5
12818,19134,3
12818,19135,2
12818,19144,2
12818,19149,4
12819,19152,2
12819,19204,5
12820,19138,6
12820,19141,7.5
12820,19144,2
12820,19171,2
12820,19173,2
12820,19174,5
12820,19175,1
12820,19186,3
12820,19194,5
12820,19195,2
12821,19151,4
12821,19191,3
12821,19192,1
12822,19143,2
12822,19144,10
12822,19145,2
12822,19151,3
12822,19157,6
12822,19171,1
12822,19187,4
12822,19189,2
12822,19191,2
12822,19192,1
12823,19137,5
12823,19143,1
12823,19170,2
12824,19151,4
12824,19169,2
12824,19173,3
12824,19179,1
12825,19134,2
12825,19152,2
12825,19153,7
12825,19179,1
12825,19195,2
12826,19128,1
12826,19133,1
12826,19143,5
12826,19162,1
12826,19191,5
12826,19192,1
12827,19138,3
12827,19141,4
12827,19149,2
12827,19154,3
12827,19155,2
12827,19159,2
12827,19192,2
12827,19195,1
12827,19198,1
12828,19136,2
12828,19138,2
12828,19143,3
12828,19145,1
12828,19172,1
12828,19173,6
12828,19186,20
12828,19187,2
12828,19188,6
12828,19200,1
12829,19171,2
12829,19176,4
12829,19182,7
12829,19186,3
12829,19187,1
12829,19190,2
12829,19192,1
12830,19163,2
12830,19172,2
12830,19182,4
12831,19076,4
12831,19106,3
12831,19126,5
12831,19138,1
12831,19139,1
12831,19148,1
12832,19088,14
12832,19089,18
12832,19116,3
12832,19127,1
12832,19130,5
12832,19145,8
12832,19148,2
12832,19169,2
12832,19185,4
12833,19084,21
12833,19088,2
12833,19089,30
12833,19090,38.5
12833,19095,5
12833,19117,2
12833,19129,3
12833,19130,1
12833,19145,25
12833,19146,22.5
12833,19147,1
12833,19148,17
12833,19152,4
12833,19174,2
12833,19176,4
12833,19180,1
12833,19181,2
12833,19188,3
12833,19194,8
12834,19084,43
12834,19085,7
12834,19086,22
12834,19087,17
12834,19088,4
12834,19089,2
12834,19090,2
12834,19143,4
12834,19144,20
12834,19145,24
12834,19146,33
12834,19147,18
12834,19148,13
12834,19149,8
12834,19174,2
12834,19177,1
12834,19194,7
12835,19080,2
12835,19084,5
12835,19085,31
12835,19086,21
12835,19087,30
12835,19088,25
12835,19089,28
12835,19090,4
12835,19133,6
12835,19134,2
12835,19136,1
12835,19147,1
12835,19148,6
12835,19149,1
12835,19154,6
12835,19168,7
12835,19169,4
12835,19172,2
12835,19180,3
12835,19181,1
12835,19194,2
12836,19082,4
12836,19084,14
12836,19085,7
12836,19086,48
12836,19087,51
12836,19088,65
12836,19089,39
12836,19090,5
12836,19094,1
12836,19105,4
12836,19106,3
12836,19118,2
12836,19129,5
12836,19132,5
12836,19133,1
12836,19134,6
12836,19135,2
12836,19168,3
12836,19169,1
12836,19173,1
12836,19188,3.5
12836,19194,3
12837,19083,4
12837,19084,14.5
12837,19085,13
12837,19086,39
12837,19087,13
12837,19088,16
12837,19092,2
12837,19100,5
12837,19105,5
12837,19118,8
12837,19119,4
12837,19130,2
12837,19132,2
12837,19133,4
12837,19134,12
12837,19135,4
12837,19144,1
12837,19145,3
12837,19146,3
12837,19151,2
12837,19169,4
12837,19170,5
12837,19171,3
12837,19174,7
12837,19177,1
12837,19179,2
12837,19187,1
12837,19188,9
12837,19189,2
12838,19083,2
12838,19084,19
12838,19085,10
12838,19086,24
12838,19099,4
12838,19100,5
12838,19113,2
12838,19114,2
12838,19117,2
12838,19118,4
12838,19119,3
12838,19170,2
12838,19171,1
12838,19177,1
12838,19183,1
12838,19188,1
12839,19084,7
12839,19085,2
12839,19086,8
12839,19090,1
12839,19091,4
12839,19113,5
12839,19118,4
12839,19137,8
12839,19169,2
12839,19171,9
12839,19196,3
12840,19079,2
12840,19087,3
12840,19088,2
12840,19112,6
12840,19123,6
12840,19171,1
12841,19079,3
12841,19080,2
12841,19081,1
12841,19082,3
12841,19127,3
12841,19130,4
12841,19146,3
12841,19147,1
12841,19150,4
12841,19171,1
12841,19190,1
12842,19088,7
12842,19131,3
12842,19168,1.5
12842,19171,2
12842,19172,2
12843,19082,6
12843,19083,2
12843,19087,3
12843,19088,4.5
12843,19097,2
12843,19129,2
12843,19131,4
12843,19140,7
12843,19148,2
12843,19149,9.5
12843,19155,5
12843,19156,7
12843,19178,1
12843,19179,1
12843,19194,3
12843,19208,2
12844,19083,2
12844,19087,11
12844,19096,4
12844,19100,3
12844,19115,7
12844,19144,4
12844,19145,6
12844,19146,3
12844,19148,4
12844,19155,1
12844,19156,4
12844,19166,1
12844,19167,1
12844,19191,2
12844,19207,1
12844,19208,9.5
12845,19087,5
12845,19137,3.5
12845,19138,4
12845,19160,2
12845,19194,1
12845,19197,4
12845,19198,3
12845,19199,5
12845,19205,6
12845,19207,1
12846,19090,4
12846,19104,4
12846,19121,14
12846,19122,6
12846,19156,2
12846,19158,2
12846,19160,5
12846,19163,2
12846,19168,1
12846,19175,2
12846,19183,4
12846,19188,1
12846,19192,3
12846,19193,3
12846,19197,2
12846,19198,5
12846,19200,2
12846,19201,3
12846,19207,13
12846,19208,5
12847,19079,3
12847,19087,4
12847,19088,2
12847,19147,2
12847,19157,2
12847,19160,10
12847,19164,1
12847,19168,4
12847,19170,2
12847,19198,5
12847,19200,2
12847,19207,3
12848,19079,8
12848,19088,1
12848,19112,3
12848,19113,6
12848,19123,1
12848,19141,2
12848,19159,3
12848,19160,5
12848,19163,3
12848,19168,2
12848,19181,1
12848,19184,1
12848,19199,6
12848,19200,8.5
12849,19079,7
12849,19080,2
12849,19087,4
12849,19096,4
12849,19104,1
12849,19105,3
12849,19112,4
12849,19119,4
12849,19131,1
12849,19141,1
12849,19142,2
12849,19146,8
12849,19147,2
12849,19148,6
12849,19157,4
12849,19159,22
12849,19161,3
12849,19163,11
12849,19199,15
12849,19200,8
12850,19092,1
12850,19095,3
12850,19104,3
12850,19112,1
12850,19118,2
12850,19119,7
12850,19121,5
12850,19122,3
12850,19134,6
12850,19146,2
12850,19153,6
12850,19154,13
12850,19155,3
12850,19161,3
12850,19162,3
12850,19163,2
12850,19165,5
12850,19167,6
12850,19169,5
12850,19179,2
12850,19184,2
12850,19200,1
12851,19121,8
12851,19134,2
12851,19150,4
12851,19154,1
12851,19157,4
12851,19158,2
12851,19159,4
12851,19160,4
12851,19161,14
12851,19162,2
12851,19165,2
12851,19168,10
12851,19170,10
12851,19172,2
12851,19173,2
12851,19174,3
12851,19178,4
12852,19075,5
12852,19081,5
12852,19095,6.5
12852,19096,5
12852,19099,5
12852,19100,13
12852,19101,6
12852,19135,8
12852,19151,7
12852,19152,3
12852,19167,14
12852,19168,6
12852,19169,27
12852,19170,17
12852,19174,2
12853,19081,4
12853,19094,1
12853,19095,12
12853,19096,3
12853,19099,9
12853,19103,3
12853,19115,4
12853,19126,2
12853,19127,7
12853,19130,3
12853,19138,5
12853,19144,4
12853,19149,6
12853,19151,9
12853,19152,4
12853,19158,2
12853,19164,2
12853,19167,2
12853,19169,7
12853,19170,6
12853,19183,2
12854,19078,1
12854,19094,1
12854,19096,10
12854,19098,3
12854,19115,4
12854,19117,2
12854,19119,2
12854,19125,3
12854,19126,7.5
12854,19127,27.5
12854,19128,11
12854,19133,6
12854,19136,5
12854,19138,5
12854,19141,2
12854,19142,5
12854,19154,2
12854,19156,2
12854,19157,2
12854,19169,3
12854,19184,3
12854,19203,1
12855,19024,2
12855,19025,2
12855,19078,23.5
12855,19084,4
12855,19087,1
12855,19093,4
12855,19094,8
12855,19095,4
12855,19099,12
12855,19101,5
12855,19102,8
12855,19108,5
12855,19109,6
12855,19116,14.5
12855,19117,26
12855,19136,2
12855,19138,2
12855,19146,1
12855,19147,4
12855,19150,2
12855,19153,3
12855,19155,1
12855,19156,4
12855,19160,1
12855,19161,8
12855,19171,7
12855,19189,1
12856,19025,6
12856,19026,5.5
12856,19027,5
12856,19077,4
12856,19078,50.5
12856,19086,4
12856,19093,1
12856,19094,13
12856,19095,2
12856,19096,16
12856,19100,1
12856,19103,4
12856,19108,3
12856,19109,2
12856,19116,4
12856,19117,3
12856,19142,3
12856,19143,4
12856,19144,2
12856,19150,2
12856,19151,18
12856,19152,14
12856,19153,26
12856,19154,8
12856,19155,5
12856,19156,1
12856,19171,2
12857,19028,4
12857,19076,3
12857,19077,86.5
12857,19078,46
12857,19085,3
12857,19094,35
12857,19095,24
12857,19096,29.5
12857,19097,2
12857,19099,2
12857,19116,1
12857,19117,1
12857,19121,4
12857,19122,6
12857,19127,4
12857,19132,4
12857,19150,10
12857,19151,23.5
12857,19152,14
12857,19153,20
12857,19154,41
12857,19155,21
12857,19156,2
12857,19157,4
12857,19159,3
12857,19169,5
12857,19170,2
12857,19181,3
12858,19076,9
12858,19077,1
12858,19078,15
12858,19092,4
12858,19093,2
12858,19094,10
12858,19095,35
12858,19096,25
12858,19097,4
12858,19102,12
12858,19112,5
12858,19114,1
12858,19132,1
12858,19141,3
12858,19145,6
12858,19152,35
12858,19153,31
12858,19154,40
12858,19155,79.5
12858,19156,22
12858,19157,2
12858,19164,5
12858,19170,2
12859,19034,6
12859,19035,12
12859,19075,1
12859,19076,28
12859,19077,10
12859,19078,83.5
12859,19080,2
12859,19092,6
12859,19094,5
12859,19095,33.5
12859,19096,15
12859,19097,7
12859,19100,2
12859,19101,28
12859,19102,9
12859,19112,9
12859,19114,6
12859,19115,3
12859,19116,1
12859,19133,2
12859,19151,8
12859,19152,59
12859,19153,25
12859,19154,28
12859,19155,106.5
12859,19156,46
12859,19157,2
12859,19158,2
12859,19167,1
12860,19030,3
12860,19031,2
12860,19034,10.5
12860,19035,21
12860,19065,16.5
12860,19074,2
12860,19075,33
12860,19076,77.5
12860,19077,13
12860,19078,92.5
12860,19079,20.5
12860,19080,17
12860,19081,12.5
12860,19082,40
12860,19091,1
12860,19094,18
12860,19101,4
12860,19102,4
12860,19115,17
12860,19135,3
12860,19142,12
12860,19144,2
12860,19149,3
12860,19152,14
12860,19153,16
12860,19154,20
12860,19155,18
12860,19156,27.5
12860,19157,22
12860,19158,9
12860,19169,3
12860,19195,2
12861,19031,2
12861,19033,2
12861,19034,18
12861,19035,9
12861,19064,13
12861,19065,26.5
12861,19066,7
12861,19071,1
12861,19074,20
12861,19075,80
12861,19076,68
12861,19077,47
12861,19078,50
12861,19079,53.5
12861,19080,27
12861,19081,2
12861,19084,2
12861,19091,2
12861,19109,9
12861,19110,8
12861,19115,5
12861,19124,3
12861,19125,2
12861,19135,4
12861,19144,3
12861,19149,4
12861,19152,3
12861,19153,6
12861,19154,4
12861,19155,13
12861,19156,9
12861,19157,29
12861,19158,5
12861,19161,2
12861,19166,3
12861,19169,7
12861,19190,3
12861,19195,2
12861,19196,7
12862,19035,1
12862,19064,4
12862,19065,8
12862,19066,34
12862,19067,1
12862,19073,12
12862,19074,40.5
12862,19075,93
12862,19076,79.5
12862,19077,102
12862,19078,33
12862,19079,37
12862,19080,8
12862,19081,2
12862,19082,3
12862,19083,24
12862,19084,21
12862,19085,5
12862,19094,2
12862,19113,3
12862,19116,2
12862,19118,2
12862,19124,2
12862,19131,5
12862,19152,2
12862,19154,3
12862,19155,4
12862,19157,1
12862,19163,15
12862,19177,3
12862,19201,11
12863,19063,1
12863,19066,17
12863,19067,16
12863,19073,4
12863,19074,2
12863,19075,36.5
12863,19076,76.5
12863,19077,95
12863,19078,60
12863,19079,35
12863,19080,54
12863,19081,3
12863,19082,1
12863,19101,12
12863,19111,10
12863,19118,1
12863,19142,3
12863,19150,2
12863,19151,18
12863,19167,1
12863,19185,4
12863,19206,1
12864,19029,5
12864,19030,10
12864,19031,3
12864,19062,1
12864,19066,1
12864,19067,5
12864,19073,1
12864,19076,23
12864,19077,100.5
12864,19078,46
12864,19079,26
12864,19080,20.5
12864,19081,31
12864,19082,2
12864,19100,15
12864,19101,16
12864,19109,7.5
12864,19110,1
12864,19111,5
12864,19119,7
12864,19145,2
12864,19167,1
12865,19028,4
12865,19029,9
12865,19030,21
12865,19050,1.5
12865,19064,4
12865,19067,3
12865,19068,2
12865,19075,1
12865,19076,2
12865,19077,73.5
12865,19078,40
12865,19079,6
12865,19080,2
12865,19081,10
12865,19082,13
12865,19083,6
12865,19087,1
12865,19100,17.5
12865,19101,12
12865,19107,3
12865,19112,2
12865,19119,2
12865,19120,1
12865,19121,4
12865,19127,1
12865,19141,5
12865,19144,4
12865,19150,2
12865,19164,1
12865,19173,1
12865,19181,1
12866,19029,7
12866,19030,11
12866,19031,1
12866,19050,1
12866,19051,10
12866,19052,8
12866,19053,6
12866,19054,3
12866,19068,10
12866,19069,1
12866,19074,3
12866,19076,12
12866,19077,59
12866,19078,45
12866,19100,22
12866,19101,15
12866,19105,2
12866,19106,3
12866,19107,1
12866,19113,4
12866,19114,9
12866,19115,3
12866,19119,11
12866,19120,2
12866,19122,5
12866,19138,2
12866,19148,5.5
12866,19149,2
12866,19159,1
12866,19163,3
12866,19172,1
12866,19177,2
12866,19181,1
12866,19196,2
12866,19197,1
12867,19010,2
12867,19032,2
12867,19034,9
12867,19035,19
12867,19036,13
12867,19037,4
12867,19051,10
12867,19052,9
12867,19053,19
12867,19054,2
12867,19064,1
12867,19068,29
12867,19069,1
12867,19076,13.5
12867,19077,21
12867,19078,2
12867,19079,13
12867,19100,4
12867,19101,4
12867,19102,3
12867,19107,3
12867,19108,6
12867,19112,2
12867,19117,3
12867,19118,6
12867,19120,3
12867,19121,4
12867,19125,7
12867,19126,2
12867,19138,9
12867,19139,6
12867,19142,6
12867,19153,3
12867,19162,2
12867,19167,3
12867,19196,5
12868,19010,6
12868,19031,10
12868,19032,23
12868,19033,14
12868,19034,24
12868,19035,31
12868,19036,21
12868,19037,17
12868,19056,6
12868,19064,1
12868,19068,7
12868,19069,9
12868,19077,34
12868,19078,5
12868,19079,21
12868,19080,17
12868,19083,2
12868,19084,13
12868,19085,15
12868,19091,2
12868,19099,7
12868,19107,4
12868,19111,7
12868,19125,3
12868,19126,1
12868,19133,3
12868,19134,4
12868,19135,6
12868,19152,15
12868,19153,3
12868,19156,2
12868,19174,2
12868,19181,2
12868,19182,4
12868,19196,5
12868,19200,3
12869,18987,3
12869,18988,2
12869,19034,2
12869,19035,7
12869,19038,10
12869,19057,4
12869,19058,16
12869,19059,11
12869,19060,2
12869,19061,12
12869,19062,8
12869,19063,7
12869,19069,13
12869,19077,25.5
12869,19078,21
12869,19079,43
12869,19080,13.5
12869,19082,7
12869,19083,16
12869,19084,21
12869,19085,1
12869,19099,3
12869,19106,1.5
12869,19107,3
12869,19111,6
12869,19113,5
12869,19114,6
12869,19135,6
12869,19136,2
12869,19152,6
12869,19156,7
12869,19157,5
12869,19163,1
12869,19164,2
12869,19174,3
12869,19197,5
12869,19199,2
12869,19200,6
12869,19212,2
12870,19013,2
12870,19015,2
12870,19016,1
12870,19017,6
12870,19039,2
12870,19058,9
12870,19059,10
12870,19061,7
12870,19062,2
12870,19068,3
12870,19069,11
12870,19079,4
12870,19080,39
12870,19081,12.5
12870,19082,7
12870,19083,10
12870,19084,5
12870,19091,2
12870,19112,2
12870,19118,4
12870,19135,7
12870,19136,13
12870,19139,2
12870,19140,1
12870,19145,4
12870,19146,6
12870,19151,2
12870,19152,1
12870,19156,3
12870,19157,2
12870,19162,5
12870,19172,1
12870,19173,4
12870,19177,2
12870,19180,4
12870,19182,2
12870,19188,4
12870,19194,1
12870,19199,2
12870,19210,2
12871,19016,4
12871,19017,5
12871,19018,2
12871,19033,6
12871,19035,1
12871,19040,20
12871,19058,2
12871,19059,10
12871,19061,6
12871,19067,1
12871,19068,12
12871,19069,39
12871,19070,12
12871,19077,15
12871,19078,6
12871,19080,13
12871,19081,17
12871,19082,1
12871,19083,5
12871,19105,1
12871,19106,4
12871,19114,3
12871,19115,4
12871,19117,1
12871,19122,2
12871,19131,3
12871,19132,9
12871,19133,3
12871,19134,23
12871,19151,3
12871,19170,4
12871,19171,2
12871,19179,2
12871,19180,3
12871,19181,3
12871,19191,3
12871,19192,1
12872,19001,4
12872,19004,4
12872,19005,19
12872,19006,3
12872,19020,1
12872,19021,9
12872,19033,9
12872,19034,17
12872,19035,12
12872,19036,2
12872,19039,29
12872,19040,33
12872,19041,4
12872,19046,8
12872,19047,5
12872,19048,2
12872,19057,1
12872,19058,14
12872,19059,1
12872,19060,3
12872,19061,3
12872,19064,16
12872,19065,19
12872,19068,12
12872,19069,18
12872,19070,12
12872,19071,2
12872,19077,16
12872,19078,13
12872,19079,12
12872,19080,10
12872,19081,11
12872,19084,1
12872,19085,11.5
12872,19086,10
12872,19106,2
12872,19112,10
12872,19113,8
12872,19114,1
12872,19116,4
12872,19117,8
12872,19120,1
12872,19132,1
12872,19133,2
12872,19134,2
12872,19151,1
12872,19170,3
12872,19172,2
12872,19173,2
12872,19182,3
12872,19183,1
12872,19192,3
12873,18958,1
12873,18959,2
12873,18960,2
12873,18961,12
12873,18994,3
12873,18995,4
12873,19002,24.5
12873,19003,11
12873,19004,7
12873,19005,4
12873,19006,4
12873,19008,4
12873,19019,2
12873,19020,14
12873,19021,5
12873,19036,3
12873,19039,2
12873,19040,3
12873,19045,5
12873,19051,2
12873,19059,9
12873,19060,17
12873,19061,3
12873,19064,7
12873,19065,4
12873,19068,5
12873,19069,24
12873,19070,72
12873,19072,11
12873,19073,16.5
12873,19074,1
12873,19076,7
12873,19077,9
12873,19078,21.5
12873,19079,16
12873,19080,4
12873,19085,1
12873,19086,8
12873,19087,2
12873,19108,4
12873,19109,1
12873,19112,1
12873,19117,2
12873,19118,1
12873,19119,11
12873,19120,10
12873,19141,1
12873,19151,2
12873,19169,3
12873,19173,4
12873,19174,8
12873,19175,10
12873,19176,4
12873,19182,1
12873,19200,3
12874,18992,1
12874,18993,11
12874,18995,22
12874,18996,4
12874,18997,2
12874,19001,4
12874,19002,33
12874,19003,30
12874,19004,23
12874,19005,10
12874,19017,4
12874,19018,2
12874,19020,10.5
12874,19041,7
12874,19046,5
12874,19048,1
12874,19060,26.5
12874,19065,7
12874,19066,32
12874,19067,2
12874,19069,20
12874,19070,80.5
12874,19071,16
12874,19072,35.5
12874,19073,3
12874,19075,14
12874,19076,28
12874,19077,35
12874,19078,45
12874,19079,8
12874,19080,4
12874,19081,6
12874,19085,3
12874,19086,23
12874,19088,6
12874,19089,2
12874,19108,3
12874,19133,3
12874,19138,6
12874,19145,32
12874,19146,8
12874,19150,7
12874,19151,4
12874,19152,4
12874,19164,1
12874,19168,5
12874,19169,5
12874,19174,24
12874,19175,7
12874,19187,2
12874,19203,2
12875,18960,4
12875,18961,11
12875,18962,6
12875,18963,4
12875,18992,21
12875,18993,45.5
12875,18994,30.5
12875,18995,16
12875,18996,32
12875,18997,6
12875,18998,2
12875,19002,31
12875,19003,42
12875,19004,9
12875,19005,3
12875,19006,2
12875,19017,3
12875,19019,20
12875,19020,27
12875,19021,10
12875,19041,1
12875,19057,2
12875,19064,4
12875,19065,23
12875,19066,33
12875,19067,4
12875,19068,4
12875,19069,22
12875,19070,11.5
12875,19071,91
12875,19072,31.5
12875,19074,2
12875,19075,31
12875,19076,72
12875,19077,12
12875,19078,9
12875,19079,14
12875,19080,9
12875,19081,4
12875,19089,1
12875,19134,1
12875,19136,6
12875,19145,4
12875,19146,13
12875,19157,2
12875,19167,3
12875,19168,4
12875,19169,1
12875,19175,1
12875,19177,2
12875,19191,13
12875,19194,1
12875,19195,1
12875,19196,6
12875,19201,1
12875,19208,2
12876,18960,4
12876,18961,16
12876,18962,2
12876,18963,24
12876,18964,15
12876,18965,6
12876,18982,2
12876,18985,5
12876,18993,12
12876,18994,2
12876,18995,3
12876,18996,27
12876,19002,4
12876,19003,21
12876,19004,3
12876,19020,10
12876,19021,22
12876,19022,11
12876,19031,3
12876,19043,3
12876,19044,5
12876,19048,8
12876,19051,4
12876,19052,5
12876,19058,1
12876,19059,2
12876,19063,5
12876,19064,11
12876,19065,15
12876,19067,4
12876,19068,10
12876,19069,19
12876,19070,76.5
12876,19071,59
12876,19072,3
12876,19082,2
12876,19083,2
12876,19097,4
12876,19101,3
12876,19108,6
12876,19114,3
12876,19135,2
12876,19145,3
12876,19152,8
12876,19158,6.5
12876,19184,1
12876,19190,6
12876,19194,1
12877,18961,3
12877,18965,4
12877,18983,2
12877,18984,26
12877,18985,23.5
12877,18986,25
12877,18987,1
12877,19001,7
12877,19002,38
12877,19003,19
12877,19005,1
12877,19017,2
12877,19021,1
12877,19022,17
12877,19023,6
12877,19046,8
12877,19047,22
12877,19048,69
12877,19049,21
12877,19051,1
12877,19058,1
12877,19062,1
12877,19063,2
12877,19064,43
12877,19065,10
12877,19067,2
12877,19068,28.5
12877,19069,8
12877,19070,13
12877,19073,12
12877,19074,26
12877,19075,2
12877,19085,6
12877,19101,2
12877,19108,2
12877,19116,1
12877,19117,1
12877,19120,3
12877,19124,2
12877,19130,3
12877,19145,3
12877,19148,3
12877,19172,3
12877,19173,3
12877,19190,4
12878,18967,10
12878,18981,3
12878,18982,11.5
12878,18983,3
12878,18984,18
12878,18987,5
12878,19001,8
12878,19002,38
12878,19003,37
12878,19004,13.5
12878,19023,2
12878,19025,3
12878,19027,6
12878,19028,10
12878,19037,4
12878,19038,2
12878,19046,1
12878,19047,40
12878,19048,47
12878,19049,15.5
12878,19050,19
12878,19051,16
12878,19052,8
12878,19061,9
12878,19062,16.5
12878,19064,8
12878,19068,25
12878,19069,5
12878,19073,35
12878,19074,43.5
12878,19075,81.5
12878,19076,15
12878,19077,9
12878,19079,5
12878,19083,2
12878,19084,9
12878,19087,2
12878,19121,2
12878,19122,1
12878,19123,6
12878,19124,1
12878,19142,1
12878,19146,1
12878,19147,4
12878,19148,1
12878,19173,3
12878,19184,1
12878,19190,1
12878,19195,2
12879,18947,3
12879,18948,2
12879,18954,2
12879,18967,20
12879,18968,3
12879,18975,5
12879,18976,2
12879,18982,30.5
12879,18983,3
12879,18984,20
12879,18988,1
12879,18989,2
12879,18995,1
12879,19001,41.5
12879,19002,22
12879,19003,14
12879,19004,13
12879,19023,1
12879,19025,13
12879,19026,17
12879,19027,45
12879,19028,24
12879,19046,2
12879,19047,1
12879,19048,50
12879,19049,44
12879,19050,23.5
12879,19051,29
12879,19052,37
12879,19054,1
12879,19056,4
12879,19057,1
12879,19062,21
12879,19063,36
12879,19064,20.5
12879,19066,5
12879,19067,15
12879,19068,2
12879,19071,4
12879,19072,43
12879,19073,21
12879,19074,10
12879,19075,3
12879,19076,14
12879,19077,2
12879,19078,11
12879,19079,14
12879,19080,11
12879,19081,2
12879,19084,4
12879,19086,1
12879,19102,1
12879,19119,2
12879,19129,1
12879,19135,2
12879,19142,5
12879,19143,2
12879,19144,3
12879,19148,1
12879,19164,1
12879,19193,5
12879,19206,3
12879,19207,12
12880,18948,13
12880,18953,2
12880,18954,1
12880,18955,1
12880,18975,7
12880,18988,2
12880,18996,8
12880,19000,2
12880,19001,2
12880,19015,2
12880,19024,4
12880,19025,11
12880,19026,26
12880,19027,10
12880,19028,11.5
12880,19043,1
12880,19048,6
12880,19049,5
12880,19050,44
12880,19051,57
12880,19052,34.5
12880,19053,23
12880,19054,21
12880,19062,10
12880,19063,35.5
12880,19064,14
12880,19066,19
12880,19070,10
12880,19071,92.5
12880,19072,58
12880,19073,51
12880,19074,20
12880,19075,1
12880,19077,6
12880,19078,7
12880,19079,4
12880,19080,7
12880,19081,4
12880,19082,4
12880,19083,4
12880,19084,4
12880,19107,3
12880,19140,2
12880,19142,3
12880,19143,5
12880,19147,2
12880,19148,12
12880,19151,4
12880,19152,1
12880,19163,2
12880,19164,2
12880,19189,1
12880,19206,1
12880,19207,4
12881,18947,1
12881,18948,3
12881,18959,2
12881,18984,1
12881,18990,5
12881,18991,2
12881,18995,13
12881,18996,3
12881,19021,2
12881,19024,1
12881,19025,8
12881,19026,22
12881,19027,2
12881,19037,9
12881,19038,3
12881,19039,13
12881,19040,3
12881,19042,5
12881,19047,11
12881,19048,8
12881,19051,58.5
12881,19052,31
12881,19053,32
12881,19054,33
12881,19064,14
12881,19065,8
12881,19066,6
12881,19070,76
12881,19071,76.5
12881,19072,55
12881,19073,37
12881,19074,76
12881,19075,6
12881,19079,9
12881,19080,4
12881,19082,2
12881,19083,22
12881,19101,4
12881,19103,11
12881,19107,5
12881,19109,3
12881,19115,2
12881,19116,5
12881,19122,5
12881,19126,1
12881,19147,3
12881,19148,5
12881,19149,9
12881,19162,6
12881,19163,26
12881,19164,9
12881,19173,1
12881,19182,3
12881,19185,2
12882,18975,29.5
12882,18984,4
12882,18991,1
12882,18992,2
12882,18993,1
12882,18995,11
12882,19005,6
12882,19025,2
12882,19026,18.5
12882,19039,3
12882,19040,2
12882,19044,2
12882,19048,8
12882,19051,14
12882,19052,6
12882,19053,29
12882,19054,22
12882,19055,22
12882,19056,2
12882,19064,1
12882,19065,9
12882,19066,3
12882,19070,7
12882,19071,29.5
12882,19072,47.5
12882,19073,61
12882,19074,6
12882,19077,12
12882,19078,6
12882,19079,4
12882,19080,6
12882,19106,2
12882,19109,3
12882,19114,10
12882,19115,36
12882,19124,4
12882,19125,3
12882,19126,16
12882,19128,2
12882,19136,4
12882,19149,5
12882,19157,1
12882,19161,2
12882,19162,1
12882,19163,16
12882,19169,2
12882,19184,1
12883,18943,4
12883,18947,4
12883,18974,40
12883,18975,69
12883,18976,47
12883,18977,132.5
12883,18978,22
12883,18992,2
12883,18993,2
12883,18994,4
12883,18995,5
12883,18996,4
12883,19004,18
12883,19005,13
12883,19006,3
12883,19023,1
12883,19024,4
12883,19026,24
12883,19037,2
12883,19038,4
12883,19039,13
12883,19043,12
12883,19044,22
12883,19045,9
12883,19046,2
12883,19051,16
12883,19054,11
12883,19055,35
12883,19064,7
12883,19065,5
12883,19069,5
12883,19070,47.5
12883,19071,50
12883,19072,55.5
12883,19073,9
12883,19076,4
12883,19077,27.5
12883,19078,27.5
12883,19079,21
12883,19083,1
12883,19095,4
12883,19109,2
12883,19115,32
12883,19116,12
12883,19117,5
12883,19118,1
12883,19119,2
12883,19120,11
12883,19121,4
12883,19122,7
12883,19123,2
12883,19126,11
12883,19132,5
12883,19133,3
12883,19146,3
12883,19150,5
12883,19156,4
12883,19157,3
12883,19160,1
12883,19161,3
12883,19163,4
12883,19175,2
12883,19184,3
12883,19191,1
12883,19192,2
12883,19193,1
12884,18948,4
12884,18974,21
12884,18975,44.5
12884,18976,113
12884,18977,119.5
12884,18978,6
12884,18993,3
12884,18994,1
12884,18995,19.5
12884,19003,8.5
12884,19004,5
12884,19005,13
12884,19006,5
12884,19007,4
12884,19008,2
12884,19021,1
12884,19023,7
12884,19026,6
12884,19027,14
12884,19028,4
12884,19035,7
12884,19037,18
12884,19038,10
12884,19039,9
12884,19040,22
12884,19041,6
12884,19042,10
12884,19043,6
12884,19044,19
12884,19045,6
12884,19046,3
12884,19048,11
12884,19051,4
12884,19052,1
12884,19054,4
12884,19055,28
12884,19056,11
12884,19057,2
12884,19058,26.5
12884,19059,9
12884,19063,10
12884,19064,9
12884,19065,4
12884,19069,35
12884,19070,46.5
12884,19071,66.5
12884,19072,2
12884,19074,3
12884,19075,16
12884,19076,23
12884,19077,31
12884,19078,12
12884,19079,71
12884,19080,3
12884,19081,7
12884,19082,15.5
12884,19095,4
12884,19114,3
12884,19115,33.5
12884,19116,13
12884,19117,7
12884,19118,3
12884,19119,14
12884,19120,7
12884,19121,2
12884,19126,2
12884,19127,1
12884,19128,2
12884,19133,6
12884,19142,1
12884,19146,3
12884,19157,2
12884,19160,2
12884,19168,1
12884,19169,2
12884,19180,2
12884,19190,2
12884,19192,1
12885,18947,3
12885,18948,12
12885,18973,1
12885,18974,13
12885,18975,40
12885,18976,61
12885,18977,31
12885,18978,2
12885,18979,12
12885,18994,6
12885,18995,2
12885,19004,12
12885,19005,21
12885,19006,1
12885,19007,4
12885,19019,5
12885,19023,3
12885,19026,1
12885,19028,4
12885,19029,1
12885,19037,2
12885,19038,15
12885,19039,15
12885,19040,14
12885,19041,30
12885,19042,6
12885,19043,13
12885,19044,9
12885,19045,8
12885,19046,7
12885,19048,6
12885,19051,1
12885,19052,4
12885,19054,6
12885,19055,20
12885,19056,47
12885,19057,19
12885,19058,36
12885,19059,42
12885,19060,40
12885,19063,13
12885,19064,1
12885,19069,26
12885,19070,18.5
12885,19071,65
12885,19072,4
12885,19073,3
12885,19074,5
12885,19075,32
12885,19076,18
12885,19077,38
12885,19078,89.5
12885,19079,55
12885,19088,7
12885,19095,2
12885,19102,3
12885,19104,2
12885,19105,2
12885,19108,3
12885,19110,12
12885,19111,4
12885,19112,10
12885,19113,2
12885,19114,12
12885,19115,13
12885,19116,1
12885,19123,2
12885,19126,1
12885,19139,13
12885,19143,3
12885,19148,2
12885,19168,3
12885,19185,3
12885,19188,1
12885,19189,1
12886,18948,4
12886,18968,3
12886,18974,7
12886,18975,77
12886,18976,30.5
12886,18977,4
12886,18978,16
12886,18979,2
12886,18981,11
12886,18988,4
12886,18990,2
12886,18995,15
12886,19004,8
12886,19019,2
12886,19021,1
12886,19039,4
12886,19043,19.5
12886,19049,2
12886,19050,12
12886,19051,3
12886,19053,9
12886,19055,5
12886,19056,24
12886,19057,56
12886,19058,97
12886,19059,85
12886,19060,34.5
12886,19061,2
12886,19062,5
12886,19063,28
12886,19068,2
12886,19069,38
12886,19070,15
12886,19071,57
12886,19072,7
12886,19073,17.5
12886,19074,26
12886,19075,7
12886,19076,13.5
12886,19077,62.5
12886,19078,171
12886,19079,34.5
12886,19080,4
12886,19088,2
12886,19094,1
12886,19097,1
12886,19109,10
12886,19112,15
12886,19113,7
12886,19114,38.5
12886,19115,2
12886,19122,2
12886,19124,4
12886,19159,2
12886,19164,3
12886,19168,2
12886,19173,1
12886,19186,1
12886,19187,2
12886,19188,2
12887,18952,1
12887,18953,2
12887,18962,2
12887,18969,5
12887,18974,4
12887,18975,75
12887,18976,57
12887,18977,38
12887,18978,19
12887,18979,13
12887,18980,4.5
12887,18981,2
12887,18994,4
12887,18995,5
12887,19006,1
12887,19020,11
12887,19042,3
12887,19043,28
12887,19044,16
12887,19045,16
12887,19049,2
12887,19050,17.5
12887,19051,5
12887,19052,9
12887,19053,10
12887,19054,2
12887,19056,72
12887,19057,62
12887,19058,84.5
12887,19059,50
12887,19060,1
12887,19063,6
12887,19068,2
12887,19069,26
12887,19070,23.5
12887,19071,54.5
12887,19072,38
12887,19073,17
12887,19074,16
12887,19075,27
12887,19076,33
12887,19077,11
12887,19078,63
12887,19079,10
12887,19086,2
12887,19109,5
12887,19110,2
12887,19111,2
12887,19113,6
12887,19114,27
12887,19121,2
12887,19124,6
12887,19125,2
12887,19154,3
12887,19182,4
12887,19187,8
12887,19188,1
12887,19202,1
12888,18960,2
12888,18962,2
12888,18969,3
12888,18970,30
12888,18971,7
12888,18973,5
12888,18974,19
12888,18975,100
12888,18976,140.5
12888,18977,65.5
12888,18978,21
12888,18979,81
12888,18995,7
12888,18996,7
12888,19005,20
12888,19006,29.5
12888,19007,7
12888,19043,5
12888,19044,8
12888,19045,5
12888,19046,20
12888,19047,36
12888,19048,9
12888,19049,6.5
12888,19050,21
12888,19051,34
12888,19052,27
12888,19053,9
12888,19054,20
12888,19055,6
12888,19056,45
12888,19057,74
12888,19058,79
12888,19059,9
12888,19062,6
12888,19063,14
12888,19069,32
12888,19070,44
12888,19071,87
12888,19072,31
12888,19073,18
12888,19074,10
12888,19075,8
12888,19076,3
12888,19077,15
12888,19078,49.5
12888,19079,31
12888,19086,1
12888,19090,6
12888,19107,2
12888,19108,1
12888,19109,13
12888,19110,5.5
12888,19112,2
12888,19113,13
12888,19117,6
12888,19118,7
12888,19121,6
12888,19132,2
12888,19135,6
12888,19137,2
12888,19151,3
12888,19152,1
12889,18964,3
12889,18970,42.5
12889,18971,76
12889,18972,53
12889,18973,17.5
12889,18974,33
12889,18975,38.5
12889,18976,202.5
12889,18977,86.5
12889,18978,55.5
12889,18979,4
12889,18980,12
12889,18981,18
12889,18982,1
12889,18983,5
12889,18990,3
12889,18995,2
12889,18996,17
12889,19006,18
12889,19007,3
12889,19030,5
12889,19047,7
12889,19048,4
12889,19049,6
12889,19050,93
12889,19051,71
12889,19052,4
12889,19053,9
12889,19054,17
12889,19055,51
12889,19056,95
12889,19057,62
12889,19058,80.5
12889,19059,11
12889,19060,5
12889,19061,14
12889,19062,12
12889,19064,5
12889,19069,57
12889,19070,51.5
12889,19071,122.5
12889,19072,7
12889,19073,4
12889,19077,3
12889,19078,30
12889,19079,26
12889,19080,7
12889,19083,2
12889,19084,27.5
12889,19090,3
12889,19091,1
12889,19103,12
12889,19104,6
12889,19111,11
12889,19112,21
12889,19114,3
12889,19119,3
12889,19125,4
12889,19134,2
12889,19135,6.5
12889,19137,1
12889,19140,6
12889,19141,2
12889,19143,2
12889,19147,6
12889,19148,2
12889,19157,4
12889,19159,3
12889,19160,1
12889,19195,5
12889,19204,1
12890,18963,5
12890,18964,2
12890,18968,2
12890,18969,26
12890,18970,48
12890,18971,36
12890,18972,81.5
12890,18973,111.5
12890,18974,45.5
12890,18975,111.5
12890,18976,176
12890,18977,76
12890,18978,43
12890,18979,42
12890,18980,47.5
12890,18981,70
12890,18982,28
12890,18983,2
12890,19003,1
12890,19004,10
12890,19005,14.5
12890,19006,4
12890,19007,11.5
12890,19008,19
12890,19015,3
12890,19017,1
12890,19018,22
12890,19019,42
12890,19026,1
12890,19030,1
12890,19047,4
12890,19048,26.5
12890,19049,17
12890,19050,42
12890,19051,29
12890,19053,64
12890,19054,82
12890,19055,86.5
12890,19056,86.5
12890,19057,64
12890,19058,61
12890,19059,64
12890,19060,35.5
12890,19061,3
12890,19062,13
12890,19064,3
12890,19067,7
12890,19068,4
12890,19069,31
12890,19070,72
12890,19071,30
12890,19072,12.5
12890,19073,3
12890,19076,1
12890,19078,2
12890,19079,3
12890,19080,34
12890,19081,13
12890,19083,11
12890,19084,27.5
12890,19087,7
12890,19101,15
12890,19102,24
12890,19103,27
12890,19104,3.5
12890,19110,4
12890,19111,2
12890,19115,19
12890,19120,2
12890,19130,2
12890,19138,4
12890,19140,2
12890,19142,4
12890,19147,6
12890,19156,1
12890,19171,4
12890,19172,3
12890,19175,4
12890,19187,1
12890,19195,1
12890,19205,8
12891,18937,2
12891,18938,2
12891,18951,1
12891,18960,1
12891,18961,2
12891,18971,4
12891,18972,38
12891,18973,50
12891,18974,2
12891,18975,147
12891,18976,215.5
12891,18977,68.5
12891,18978,44
12891,18979,31
12891,18980,26
12891,18996,3
12891,19006,20
12891,19007,13
12891,19008,14
12891,19009,12
12891,19010,6
12891,19017,8
12891,19018,35
12891,19019,38
12891,19020,22
12891,19021,14
12891,19022,6
12891,19023,9
12891,19027,13
12891,19029,3
12891,19037,2
12891,19049,1.5
12891,19050,23.5
12891,19051,76
12891,19052,40
12891,19053,86.5
12891,19054,115
12891,19055,58
12891,19056,91
12891,19057,36.5
12891,19058,121.5
12891,19059,67
12891,19060,144
12891,19061,105
12891,19062,14
12891,19063,2
12891,19064,2.5
12891,19065,19
12891,19067,13
12891,19068,175
12891,19069,132.5
12891,19070,190
12891,19071,90
12891,19072,29
12891,19074,7
12891,19075,7
12891,19076,7
12891,19078,23
12891,19079,26
12891,19080,40.5
12891,19081,34
12891,19082,1
12891,19083,2
12891,19091,6
12891,19097,1
12891,19100,9
12891,19101,26
12891,19102,5
12891,19103,7
12891,19105,2
12891,19115,3
12891,19116,7
12891,19123,1
12891,19124,3
12891,19145,4
12891,19146,1
12891,19147,2
12891,19148,1
12891,19174,3
12891,19185,1
12891,19186,4
12891,19187,1
12891,19195,1
12892,18950,3
12892,18962,4
12892,18966,1
12892,18971,3
12892,18972,67
12892,18973,47.5
12892,18974,57.5
12892,18975,81
12892,18976,30
12892,18977,72
12892,18978,42.5
12892,18979,8
12892,18980,3
12892,18982,1
12892,18991,4
12892,18992,2
12892,18996,2
12892,19006,3
12892,19008,1
12892,19011,9
12892,19018,40
12892,19019,13
12892,19020,13
12892,19021,40
12892,19022,30
12892,19023,5
12892,19024,11
12892,19028,10.5
12892,19049,1
12892,19050,25
12892,19051,40.5
12892,19052,62.5
12892,19053,8
12892,19054,51.5
12892,19055,114
12892,19056,76
12892,19057,71.5
12892,19058,139
12892,19059,139
12892,19060,127
12892,19061,76
12892,19062,11
12892,19063,6
12892,19066,22.5
12892,19067,142.5
12892,19068,253
12892,19069,185.5
12892,19070,124.5
12892,19071,109.5
12892,19073,4.5
12892,19074,13
12892,19075,28
12892,19076,4
12892,19077,2
12892,19078,4
12892,19080,8
12892,19081,51
12892,19082,4
12892,19088,1
12892,19089,1
12892,19091,6
12892,19096,1
12892,19098,2
12892,19101,8
12892,19103,1
12892,19116,6.5
12892,19143,4
12892,19144,2
12892,19167,1
12892,19168,2
12892,19209,3
12893,18952,1
12893,18954,3
12893,18960,1
12893,18968,3
12893,18970,12.5
12893,18971,28.5
12893,18972,43.5
12893,18973,42.5
12893,18974,25
12893,18975,48
12893,18976,13
12893,18977,43
12893,18978,78.5
12893,18979,17.5
12893,18991,4
12893,18992,1
12893,18993,8
12893,18994,2
12893,19007,1
12893,19008,3
12893,19009,15
12893,19010,7
12893,19011,12
12893,19018,3
12893,19019,4
12893,19020,5
12893,19021,5
12893,19022,8
12893,19028,6
12893,19029,6
12893,19031,3
12893,19033,1
12893,19050,7
12893,19051,41
12893,19052,71.5
12893,19053,79.5
12893,19054,341
12893,19055,87
12893,19056,82
12893,19057,94
12893,19058,77
12893,19059,58
12893,19060,8
12893,19064,33
12893,19065,458
12893,19066,374.5
12893,19067,211
12893,19068,40
12893,19069,254.5
12893,19070,36
12893,19072,24
12893,19074,15
12893,19075,22
12893,19076,21
12893,19077,9
12893,19080,30
12893,19081,22
12893,19082,2
12893,19083,3
12893,19084,4
12893,19086,11
12893,19087,5
12893,19088,4
12893,19096,11.5
12893,19102,19.5
12893,19103,4
12893,19116,4
12893,19131,4
12893,19142,5
12893,19178,2
12893,19185,1
12893,19188,1
12893,19192,3
12893,19194,7
12893,19196,2
12893,19197,4
12893,19203,3
12894,18973,18
12894,18974,72.5
12894,18975,77.5
12894,18976,22
12894,18977,70
12894,18978,92
12894,18979,36
12894,18993,1
12894,18994,18.5
12894,18995,3
12894,18996,2
12894,19006,2
12894,19007,3
12894,19011,3
12894,19019,4
12894,19027,4
12894,19031,5
12894,19036,1
12894,19039,2
12894,19051,2
12894,19052,32
12894,19053,97
12894,19054,302
12894,19055,20
12894,19056,79
12894,19057,151.5
12894,19058,14.5
12894,19062,97
12894,19063,276
12894,19064,235
12894,19065,357.5
12894,19066,403.5
12894,19067,170.5
12894,19068,73
12894,19069,63
12894,19071,8
12894,19072,23
12894,19073,50.5
12894,19074,50
12894,19075,13.5
12894,19076,4
12894,19077,4
12894,19081,2
12894,19083,3
12894,19085,3
12894,19086,14
12894,19087,7
12894,19106,2
12894,19111,8
12894,19120,3
12894,19121,4
12894,19122,2
12894,19126,2
12894,19128,2
12894,19132,1
12894,19137,4
12894,19139,4.5
12894,19140,1.5
12894,19173,2
12894,19185,2
12894,19188,2
12894,19191,1
12894,19194,2
12894,19207,1
12895,18974,38
12895,18975,14
12895,18976,36
12895,18977,43
12895,18978,5
12895,18980,2
12895,18997,3
12895,19019,2
12895,19021,3
12895,19022,4
12895,19023,6
12895,19034,2
12895,19038,2
12895,19048,4
12895,19052,12
12895,19053,2
12895,19054,120
12895,19055,42
12895,19056,33.5
12895,19057,123
12895,19058,330.5
12895,19061,4
12895,19062,377
12895,19063,206
12895,19064,330
12895,19065,498.5
12895,19066,415
12895,19067,117
12895,19070,25
12895,19071,7
12895,19072,79
12895,19073,106.5
12895,19074,90
12895,19075,54.5
12895,19076,6
12895,19077,3
12895,19080,12
12895,19082,24
12895,19083,12
12895,19085,15
12895,19086,12
12895,19120,3
12895,19121,4
12895,19122,2
12895,19135,3
12895,19139,3
12895,19142,8
12895,19147,2
12895,19180,4
12895,19193,4
12895,19199,3
12895,19205,2
12896,18919,5
12896,18925,1
12896,18973,9
12896,18974,26
12896,18975,13
12896,18993,5
12896,18994,10
12896,18997,1
12896,19023,1
12896,19031,3
12896,19032,5
12896,19034,2
12896,19035,4
12896,19036,5
12896,19037,6
12896,19038,2
12896,19042,1
12896,19055,30
12896,19056,23
12896,19057,84
12896,19061,45
12896,19062,152.5
12896,19063,259.5
12896,19064,271.5
12896,19065,206
12896,19066,274.5
12896,19067,30
12896,19068,186.5
12896,19069,83.5
12896,19070,66.5
12896,19071,138
12896,19072,59
12896,19073,69
12896,19074,97.5
12896,19075,11
12896,19076,8
12896,19079,6
12896,19080,29.5
12896,19081,27
12896,19082,20
12896,19083,6
12896,19084,9
12896,19085,14
12896,19104,3
12896,19120,4
12896,19124,7
12896,19126,4
12896,19146,7
12896,19150,3
12896,19167,3
12896,19168,1
12896,19183,2
12896,19184,2
12896,19185,3
12896,19193,5
12896,19207,7
12897,18919,7.5
12897,18937,2
12897,18939,5
12897,18940,4
12897,18973,2
12897,18974,25
12897,18975,10
12897,19023,11
12897,19024,4
12897,19025,1
12897,19028,5
12897,19029,1
12897,19032,27
12897,19033,4
12897,19035,4
12897,19036,10
12897,19037,3
12897,19052,2
12897,19053,5
12897,19055,17
12897,19056,16
12897,19057,6
12897,19061,10
12897,19062,98
12897,19063,275.5
12897,19064,297.5
12897,19065,366.5
12897,19066,240
12897,19067,107
12897,19068,203
12897,19069,111.5
12897,19070,258.5
12897,19071,204.5
12897,19072,16
12897,19073,27
12897,19074,76.5
12897,19075,38
12897,19076,39.5
12897,19078,6
12897,19079,26.5
12897,19080,12
12897,19081,90
12897,19082,50
12897,19083,1
12897,19084,16
12897,19085,32.5
12897,19086,3
12897,19099,2
12897,19112,4
12897,19131,3
12897,19138,4
12897,19151,10
12897,19168,3
12897,19187,3
12897,19188,6
12898,18924,2
12898,18927,1
12898,18935,20
12898,18940,9
12898,18942,8
12898,18943,9
12898,18944,1
12898,18950,3
12898,18957,5
12898,18958,2
12898,18974,10
12898,19000,4
12898,19005,2
12898,19023,13
12898,19024,10
12898,19025,13
12898,19026,3
12898,19032,5
12898,19033,23
12898,19034,4
12898,19050,58
12898,19051,35
12898,19052,1
12898,19053,5
12898,19054,1
12898,19055,4
12898,19061,169.5
12898,19062,96
12898,19063,302.5
12898,19064,453
12898,19065,495
12898,19066,316.5
12898,19067,130
12898,19068,437
12898,19069,100
12898,19070,130
12898,19071,80.5
12898,19072,80
12898,19073,93
12898,19074,263
12898,19075,100.5
12898,19076,60.5
12898,19077,26.5
12898,19078,106
12898,19079,126
12898,19080,165.5
12898,19081,92
12898,19082,47
12898,19083,2
12898,19084,6
12898,19085,3
12898,19086,2
12898,19099,2
12898,19118,2
12898,19123,5
12898,19130,2
12898,19142,5
12898,19160,2
12898,19186,2
12898,19193,1
12899,18908,8
12899,18909,15
12899,18910,4
12899,18928,2
12899,18935,5
12899,18941,4
12899,18957,5
12899,18958,3
12899,18980,1
12899,18987,1
12899,18997,2
12899,18998,6
12899,18999,13
12899,19000,3
12899,19002,3
12899,19003,4.5
12899,19005,5
12899,19006,7
12899,19021,2
12899,19024,22
12899,19025,20.5
12899,19026,1
12899,19032,15
12899,19041,4
12899,19044,4
12899,19047,1.5
12899,19048,14
12899,19049,38
12899,19050,49
12899,19051,59
12899,19052,77
12899,19053,22
12899,19061,231
12899,19062,385.5
12899,19063,362
12899,19064,358
12899,19065,362
12899,19066,294.5
12899,19067,288
12899,19068,224
12899,19069,66
12899,19070,17
12899,19071,11
12899,19072,224.5
12899,19073,15
12899,19074,37
12899,19075,43.5
12899,19076,130.5
12899,19077,206.5
12899,19078,155.5
12899,19079,85
12899,19080,76
12899,19081,39
12899,19082,56
12899,19083,48
12899,19084,70
12899,19085,51
12899,19086,10
12899,19116,3
12899,19123,3
12899,19126,2
12899,19130,4
12899,19142,1
12899,19152,12
12899,19153,5
12899,19159,1
12899,19179,2
12900,18907,1
12900,18908,3
12900,18909,14
12900,18910,6
12900,18922,3
12900,18923,2
12900,18924,1
12900,18930,2
12900,18931,2
12900,18932,5
12900,18941,1
12900,18959,1
12900,18974,5
12900,18978,3
12900,18987,1
12900,18998,5
12900,18999,16
12900,19000,18
12900,19001,15
12900,19006,1
12900,19024,20
12900,19025,27
12900,19026,12
12900,19027,15
12900,19028,5
12900,19032,2
12900,19033,12
12900,19034,3
12900,19035,1
12900,19036,2
12900,19037,4
12900,19039,2
12900,19045,5
12900,19046,16
12900,19047,5
12900,19048,32
12900,19049,31.5
12900,19050,19
12900,19051,4
12900,19052,32
12900,19053,16
12900,19054,4
12900,19055,9
12900,19056,2
12900,19059,2
12900,19061,142
12900,19062,440.5
12900,19063,371.5
12900,19064,387.5
12900,19065,324.5
12900,19066,200.5
12900,19067,222.5
12900,19068,176.5
12900,19069,16
12900,19071,17
12900,19072,24
12900,19073,3
12900,19074,50
12900,19075,87.5
12900,19076,260
12900,19077,764.5
12900,19078,81
12900,19079,209
12900,19080,100
12900,19081,25.5
12900,19082,3
12900,19083,30
12900,19084,83
12900,19085,6
12900,19086,2
12900,19103,3
12900,19106,4
12900,19118,3
12900,19127,1
12900,19139,3
12900,19141,4
12900,19173,1
12900,19185,2
12900,19187,2
12901,18905,1
12901,18909,2
12901,18919,2
12901,18930,7
12901,18931,16
12901,18932,17
12901,18933,8
12901,18934,17
12901,18935,13
12901,18936,21
12901,18937,1
12901,18940,1
12901,18941,2
12901,18944,1
12901,18946,2
12901,18971,1
12901,18973,17
12901,18974,16
12901,18998,5
12901,18999,16
12901,19000,28
12901,19001,3
12901,19005,10
12901,19007,2
12901,19012,8
12901,19022,4
12901,19025,40
12901,19026,19
12901,19027,35.5
12901,19028,13
12901,19029,14
12901,19032,2
12901,19034,9
12901,19035,30
12901,19036,4
12901,19040,3
12901,19048,17
12901,19049,11
12901,19050,18
12901,19051,21.5
12901,19052,38
12901,19053,45
12901,19055,76
12901,19056,10
12901,19059,1
12901,19061,188.5
12901,19062,367.5
12901,19063,243.5
12901,19064,270.5
12901,19065,158
12901,19066,229.5
12901,19067,277
12901,19068,146.5
12901,19069,104
12901,19070,317
12901,19071,93
12901,19072,128
12901,19073,152.5
12901,19074,230.5
12901,19075,53
12901,19076,72.5
12901,19077,86
12901,19078,58
12901,19079,40
12901,19080,72.5
12901,19081,94.5
12901,19082,27
12901,19083,65
12901,19084,22
12901,19092,3
12901,19099,1
12901,19112,6
12901,19118,1
12901,19120,2
12901,19159,4
12901,19160,2
12901,19185,1
12901,19193,9
12902,18905,5
12902,18906,2
12902,18907,8
12902,18931,13
12902,18932,34
12902,18933,63.5
12902,18934,26
12902,18935,30
12902,18936,33
12902,18940,2
12902,18941,25.5
12902,18942,4
12902,18943,5
12902,18965,8
12902,18973,12
12902,18974,17
12902,18997,1
12902,19000,7.5
12902,19001,1
12902,19002,3
12902,19007,2
12902,19012,20
12902,19013,4
12902,19020,2
12902,19021,19
12902,19022,10
12902,19024,1
12902,19026,13
12902,19027,11
12902,19033,10
12902,19034,10
12902,19035,17.5
12902,19049,15
12902,19050,5.5
12902,19051,13
12902,19052,33
12902,19053,32
12902,19054,16.5
12902,19055,7
12902,19062,204
12902,19063,249
12902,19064,228.5
12902,19065,159
12902,19066,230.5
12902,19067,242
12902,19069,19
12902,19070,25
12902,19071,50
12902,19072,84
12902,19073,102.5
12902,19074,103.5
12902,19075,93
12902,19076,78
12902,19077,84
12902,19078,98.5
12902,19079,9
12902,19080,6.5
12902,19081,2
12902,19082,7
12902,19083,23
12902,19084,22
12902,19085,13
12902,19086,11
12902,19092,12
12902,19112,17
12902,19113,1
12902,19118,5
12902,19119,4
12902,19123,4
12902,19125,3
12902,19133,5
12902,19138,2
12902,19141,1
12902,19142,8
12902,19143,3
12902,19145,5
12902,19148,5
12902,19177,3
12902,19179,1
12902,19184,8
12902,19193,4
12902,19205,1
12902,19208,1
12902,19209,2
12903,18905,4
12903,18908,1
12903,18926,2
12903,18928,2
12903,18931,3
12903,18932,16
12903,18933,38.5
12903,18934,107
12903,18935,36.5
12903,18936,33.5
12903,18946,2
12903,18947,7
12903,18973,10
12903,18974,31.5
12903,19000,2
12903,19001,9
12903,19004,2
12903,19012,8
12903,19013,4
12903,19020,2
12903,19021,2
12903,19022,8
12903,19023,8.5
12903,19024,13.5
12903,19025,4
12903,19026,8
12903,19027,14
12903,19028,2
12903,19033,3
12903,19035,14
12903,19036,35
12903,19037,22
12903,19038,1
12903,19051,35
12903,19052,28
12903,19053,42
12903,19054,12
12903,19055,3
12903,19059,4
12903,19061,32
12903,19062,117
12903,19063,171
12903,19064,120
12903,19065,152.5
12903,19066,12
12903,19067,10
12903,19068,12
12903,19069,4
12903,19070,124.5
12903,19071,172
12903,19072,81
12903,19073,72.5
12903,19074,70
12903,19075,45
12903,19076,20
12903,19077,18
12903,19078,1
12903,19079,11
12903,19080,14
12903,19081,37
12903,19082,22.5
12903,19084,12.5
12903,19085,2
12903,19086,7
12903,19087,16
12903,19088,6
12903,19092,3
12903,19097,3
12903,19112,2
12903,19113,27
12903,19114,4
12903,19123,3
12903,19141,7
12903,19146,4
12903,19150,2
12903,19178,2
12903,19179,6
12903,19182,37
12903,19183,20
12903,19184,6
12903,19192,5
12904,18904,1
12904,18907,2
12904,18908,1
12904,18931,6
12904,18932,14
12904,18933,5
12904,18934,61.5
12904,18935,61
12904,18936,23
12904,18946,8
12904,18953,2
12904,18973,2
12904,18974,14
12904,18975,2
12904,19008,5
12904,19022,1
12904,19024,14
12904,19025,9
12904,19031,1
12904,19051,3
12904,19052,23
12904,19053,23
12904,19054,8
12904,19061,568
12904,19063,150
12904,19064,171.5
12904,19065,3
12904,19067,11
12904,19070,4
12904,19071,6
12904,19072,10
12904,19073,24
12904,19074,48
12904,19075,3
12904,19076,6
12904,19077,92
12904,19078,40.5
12904,19079,26
12904,19080,5
12904,19081,24.5
12904,19082,10
12904,19085,1
12904,19086,2
12904,19087,3
12904,19090,2
12904,19095,3
12904,19097,8
12904,19105,2
12904,19107,1
12904,19113,12
12904,19114,23
12904,19115,18
12904,19118,8
12904,19140,1
12904,19145,7
12904,19147,4
12904,19151,5
12904,19158,7
12904,19167,3
12904,19181,2.5
12904,19182,37
12904,19183,20
12904,19184,10
12904,19193,2
12904,19198,4
12905,18904,1
12905,18905,1
12905,18906,7
12905,18907,5
12905,18923,1
12905,18930,4
12905,18931,1
12905,18932,29
12905,18933,10
12905,18934,37
12905,18935,4
12905,18936,7
12905,18946,1
12905,18960,7
12905,18961,19
12905,18962,2
12905,18973,11
12905,18974,20
12905,18975,12
12905,18986,6
12905,18987,8
12905,19024,20.5
12905,19025,17
12905,19032,6
12905,19033,5
12905,19036,2
12905,19052,13
12905,19053,15
12905,19054,15
12905,19061,627.5
12905,19062,113
12905,19063,54
12905,19064,137
12905,19065,129.5
12905,19068,4
12905,19069,3
12905,19070,3
12905,19071,5
12905,19072,44.5
12905,19073,14
12905,19074,2
12905,19075,4
12905,19076,46
12905,19077,53.5
12905,19078,71
12905,19079,16.5
12905,19081,14
12905,19082,12
12905,19084,4
12905,19085,2
12905,19086,2
12905,19087,2
12905,19088,5
12905,19090,4
12905,19091,5
12905,19092,1
12905,19095,3
12905,19096,2
12905,19107,3
12905,19114,5
12905,19115,7
12905,19116,17
12905,19117,10
12905,19118,1
12905,19123,1
12905,19131,1
12905,19140,2
12905,19141,2
12905,19145,7
12905,19147,1
12905,19150,1
12905,19151,8
12905,19158,4
12905,19181,3
12905,19184,18
12905,19185,17
12905,19191,1
12905,19204,1
12905,19214,3
12906,18907,7
12906,18923,4.5
12906,18928,2
12906,18929,17
12906,18933,3
12906,18934,5.5
12906,18936,4
12906,18960,9
12906,18961,35
12906,18974,13
12906,18975,15
12906,18985,2
12906,18987,12
12906,18988,2
12906,19002,4
12906,19024,33
12906,19025,21
12906,19026,2
12906,19027,1
12906,19028,2
12906,19034,1
12906,19036,4
12906,19050,6
12906,19051,5
12906,19052,1
12906,19053,2
12906,19054,15
12906,19061,21
12906,19062,1
12906,19063,9
12906,19064,70.5
12906,19065,68
12906,19066,28.5
12906,19067,6
12906,19068,6
12906,19069,5
12906,19070,23
12906,19071,30
12906,19072,17
12906,19073,6
12906,19076,156.5
12906,19077,2
12906,19078,43
12906,19079,14.5
12906,19081,6
12906,19082,36.5
12906,19083,6
12906,19086,5
12906,19088,22
12906,19089,5
12906,19090,1
12906,19092,2
12906,19093,2
12906,19096,1.5
12906,19117,14
12906,19118,4
12906,19120,4
12906,19141,12
12906,19144,1
12906,19164,4
12906,19183,7
12906,19184,5
12906,19185,14
12906,19195,1
12906,19200,7
12906,19202,8
12906,19213,1
12907,18902,4
12907,18903,4
12907,18923,9
12907,18924,2
12907,18936,12
12907,18942,2
12907,18952,3
12907,18960,8
12907,18961,43
12907,18962,1
12907,18972,1
12907,18973,14
12907,18974,14
12907,18975,34
12907,18984,4
12907,18985,5
12907,18986,2
12907,18987,10
12907,18988,30
12907,19006,4
12907,19007,7
12907,19023,3
12907,19024,7
12907,19025,12
12907,19026,15
12907,19027,7
12907,19037,4
12907,19040,4
12907,19049,4
12907,19053,11
12907,19054,45.5
12907,19055,3
12907,19063,16
12907,19064,43
12907,19065,30
12907,19066,83.5
12907,19067,14
12907,19068,24
12907,19069,42
12907,19070,11
12907,19071,20
12907,19072,23
12907,19073,1
12907,19077,1
12907,19078,28
12907,19079,28
12907,19082,13
12907,19083,37
12907,19084,8
12907,19085,2
12907,19088,14.5
12907,19090,2
12907,19094,4
12907,19109,5
12907,19112,3
12907,19113,1
12907,19116,4
12907,19117,19
12907,19122,3
12907,19131,1
12907,19140,6
12907,19141,4
12907,19142,1
12907,19148,1
12907,19150,6
12907,19151,2
12907,19161,2
12907,19178,2
12907,19181,11
12907,19183,3
12907,19184,1
12907,19185,9
12907,19186,2
12907,19193,3
12907,19197,2
12907,19200,3
12908,18905,2
12908,18906,3
12908,18923,1
12908,18936,12
12908,18952,7
12908,18959,6
12908,18960,14
12908,18961,1
12908,18973,29.5
12908,18974,11
12908,18975,1
12908,18983,3
12908,18984,17
12908,18985,3
12908,18986,12
12908,18987,24
12908,18988,18.5
12908,19002,1
12908,19004,5
12908,19006,18
12908,19007,3
12908,19010,1
12908,19026,6
12908,19029,6
12908,19036,23
12908,19037,14.5
12908,19038,5
12908,19039,2
12908,19054,23.5
12908,19060,51.5
12908,19061,72
12908,19063,34
12908,19064,88.5
12908,19065,10
12908,19066,74
12908,19067,32
12908,19068,43
12908,19069,10
12908,19070,7
12908,19071,17
12908,19072,7
12908,19076,2
12908,19078,23
12908,19079,68
12908,19083,2
12908,19084,2
12908,19085,25
12908,19086,18
12908,19091,6
12908,19101,6
12908,19109,4
12908,19112,4
12908,19113,1
12908,19125,4
12908,19126,3
12908,19130,5
12908,19131,2
12908,19133,2
12908,19135,3
12908,19141,4
12908,19142,7
12908,19147,5
12908,19148,7
12908,19149,5
12908,19150,4
12908,19151,4
12908,19169,1.5
12908,19175,4
12908,19181,2
12908,19185,3
12908,19186,13
12908,19194,3
12908,19209,1
12908,19211,2
12909,18906,2
12909,18926,3
12909,18943,4
12909,18952,1
12909,18959,5
12909,18960,6
12909,18963,7
12909,18964,8
12909,18984,12
12909,18985,16
12909,18986,9
12909,18987,30.5
12909,18988,14
12909,19002,1
12909,19003,38
12909,19004,5
12909,19005,13
12909,19006,20
12909,19007,5
12909,19013,2
12909,19030,8
12909,19036,17
12909,19037,14
12909,19038,40
12909,19039,28.5
12909,19054,8
12909,19060,456
12909,19061,51
12909,19063,7
12909,19064,39.5
12909,19065,54
12909,19066,36
12909,19067,42
12909,19068,18
12909,19069,18
12909,19070,5
12909,19071,23
12909,19072,19
12909,19073,1
12909,19077,20
12909,19078,14
12909,19079,14
12909,19080,26
12909,19081,2
12909,19084,2
12909,19085,2
12909,19086,25.5
12909,19090,6
12909,19095,2
12909,19106,3
12909,19109,8
12909,19110,3
12909,19132,3
12909,19139,1
12909,19146,5
12909,19147,1
12909,19149,4
12909,19150,8
12909,19153,2
12909,19193,2
12909,19194,6
12909,19197,3
12910,18899,1
12910,18900,2
12910,18905,1
12910,18936,6
12910,18938,8
12910,18942,3
12910,18943,9
12910,18944,2
12910,18948,4
12910,18962,1
12910,18963,1
12910,18964,4
12910,18966,4
12910,18967,1
12910,18984,28
12910,18985,22
12910,18986,23
12910,19000,1
12910,19001,8
12910,19002,4.5
12910,19003,28.5
12910,19004,28.5
12910,19005,5
12910,19006,22.5
12910,19007,13
12910,19015,3
12910,19019,3.5
12910,19030,9
12910,19036,7
12910,19037,6
12910,19038,6
12910,19039,2
12910,19042,1
12910,19054,5
12910,19061,1
12910,19063,5
12910,19064,47
12910,19065,14
12910,19066,15
12910,19067,43
12910,19068,34
12910,19069,12
12910,19070,12.5
12910,19071,7
12910,19072,11
12910,19078,18
12910,19079,12
12910,19080,20
12910,19081,67
12910,19084,1
12910,19086,25
12910,19087,5
12910,19089,4
12910,19095,2
12910,19097,10
12910,19098,2
12910,19109,1
12910,19113,1
12910,19119,1
12910,19121,4
12910,19122,5.5
12910,19124,2
12910,19126,1
12910,19135,3
12910,19136,2
12910,19142,1
12910,19149,3
12910,19150,10
12910,19160,5
12910,19165,8
12910,19166,2
12910,19168,1
12910,19173,2
12910,19174,2
12910,19181,1
12910,19187,7
12911,18898,2
12911,18899,2
12911,18932,1
12911,18936,2
12911,18937,4
12911,18938,5
12911,18941,1
12911,18942,7
12911,18947,1
12911,18948,16
12911,18949,22
12911,18950,4
12911,18960,5
12911,18982,2
12911,18983,2
12911,18984,14.5
12911,18985,36
12911,18986,9
12911,18999,8
12911,19000,5
12911,19001,10
12911,19002,34
12911,19003,4
12911,19004,39.5
12911,19005,3.5
12911,19006,14
12911,19007,23
12911,19019,20
12911,19020,21
12911,19021,4
12911,19022,2
12911,19036,1
12911,19038,5
12911,19040,7
12911,19042,1
12911,19047,1
12911,19058,4
12911,19060,80.5
12911,19061,68.5
12911,19062,14
12911,19063,66.5
12911,19064,56
12911,19065,4
12911,19066,12
12911,19067,38
12911,19068,40
12911,19069,31
12911,19070,9
12911,19071,4
12911,19072,2
12911,19079,28
12911,19080,4
12911,19081,61.5
12911,19082,3
12911,19085,4
12911,19086,54.5
12911,19087,21
12911,19088,45
12911,19089,22
12911,19097,3
12911,19108,3
12911,19114,1
12911,19117,2
12911,19119,5
12911,19127,1
12911,19131,7
12911,19132,2
12911,19135,6
12911,19136,25
12911,19137,33
12911,19138,8
12911,19139,4
12911,19142,11
12911,19143,7
12911,19149,13
12911,19150,17
12911,19151,1
12911,19164,2
12911,19169,5
12911,19171,2
12911,19172,4
12911,19178,2
12911,19196,2
12911,19212,3
12912,18897,1
12912,18903,1
12912,18918,4
12912,18924,3
12912,18927,4
12912,18932,2
12912,18941,1
12912,18947,6
12912,18950,1
12912,18959,2
12912,18960,3
12912,18983,1
12912,18984,14
12912,18985,6
12912,18999,5
12912,19000,12
12912,19002,8
12912,19003,51.5
12912,19004,61.5
12912,19005,6
12912,19006,30
12912,19007,6
12912,19008,4
12912,19020,2
12912,19021,1
12912,19032,3
12912,19039,9
12912,19040,1
12912,19043,1
12912,19047,3
12912,19059,1
12912,19060,6
12912,19061,41
12912,19062,66
12912,19063,36
12912,19064,22
12912,19065,2
12912,19066,13
12912,19067,21
12912,19068,52
12912,19069,16
12912,19071,1
12912,19072,2
12912,19073,5
12912,19078,15
12912,19079,59
12912,19080,10
12912,19085,16
12912,19086,25.5
12912,19087,9
12912,19088,44.5
12912,19089,41
12912,19090,28
12912,19095,5
12912,19097,1
12912,19131,7
12912,19132,6
12912,19135,14
12912,19136,6
12912,19139,14
12912,19142,2
12912,19143,4
12912,19150,17
12912,19151,4
12912,19152,2
12912,19154,2
12912,19161,2
12912,19168,2
12912,19195,5
12912,19196,3
12913,18897,3
12913,18901,3
12913,18902,1
12913,18903,8
12913,18904,2
12913,18923,11
12913,18927,11
12913,18928,13
12913,18929,1
12913,18949,7
12913,18950,15
12913,18954,4
12913,18957,1
12913,18958,4
12913,18959,1
12913,18964,8
12913,18965,2
12913,18977,2
12913,19001,42
12913,19002,26.5
12913,19003,9
12913,19004,16.5
12913,19018,9
12913,19019,2
12913,19023,2
12913,19043,17
12913,19044,26
12913,19045,7
12913,19052,6
12913,19054,36.5
12913,19055,5
12913,19060,4
12913,19061,7
12913,19062,25
12913,19066,8
12913,19067,17
12913,19068,32
12913,19069,24.5
12913,19070,2
12913,19071,5
12913,19078,25
12913,19079,38
12913,19080,28
12913,19089,30
12913,19090,4
12913,19131,4
12913,19132,3
12913,19135,2
12913,19137,4
12913,19139,5
12913,19142,3
12913,19143,10
12913,19144,3
12913,19148,2
12913,19150,5
12913,19151,1
12913,19152,11
12913,19168,6
12913,19171,5
12914,18896,2
12914,18898,2
12914,18900,2
12914,18921,1
12914,18922,17
12914,18923,21
12914,18924,6
12914,18936,1
12914,18949,5
12914,18950,17
12914,18951,5
12914,18952,1
12914,18955,2
12914,18958,3.5
12914,19004,9
12914,19005,16
12914,19018,1
12914,19019,3
12914,19038,2
12914,19039,1
12914,19043,7
12914,19044,10
12914,19045,28
12914,19046,8
12914,19054,30
12914,19055,28
12914,19061,23
12914,19062,10
12914,19065,12
12914,19066,26
12914,19067,24
12914,19068,46
12914,19069,54
12914,19070,23
12914,19071,35
12914,19072,2
12914,19078,5
12914,19079,47
12914,19080,3
12914,19087,6
12914,19088,6
12914,19117,3
12914,19124,12
12914,19125,8
12914,19129,1
12914,19135,1
12914,19140,2
12914,19142,5
12914,19150,4
12914,19151,10
12914,19152,4
12914,19155,2
12914,19162,2
12914,19165,2
12914,19166,3
12914,19167,2
12914,19169,1
12914,19202,1
12914,19205,4
12915,18891,2
12915,18895,1
12915,18899,5
12915,18900,4
12915,18901,2
12915,18902,3
12915,18921,7
12915,18922,12
12915,18923,1
12915,18929,4
12915,18936,4
12915,18937,4
12915,18938,12
12915,18940,1
12915,18950,6
12915,18951,1
12915,19004,4
12915,19018,2
12915,19021,3
12915,19042,4
12915,19051,21.5
12915,19052,7
12915,19054,3
12915,19055,19
12915,19061,9
12915,19062,2
12915,19065,3
12915,19067,6
12915,19068,14
12915,19069,101.5
12915,19070,93
12915,19071,43
12915,19072,9
12915,19078,3
12915,19079,44
12915,19080,20
12915,19091,5
12915,19092,3
12915,19118,4
12915,19124,3
12915,19129,1
12915,19136,2
12915,19137,4
12915,19142,5
12915,19151,7
12915,19152,3
12915,19153,3
12915,19160,1
12915,19163,1
12915,19165,4
12915,19174,6
12915,19187,3
12915,19188,7
12915,19189,5
12915,19190,3
12915,19203,3
12915,19205,5
12915,19206,2
12916,18900,2
12916,18920,1
12916,18921,8
12916,18922,2
12916,18931,7
12916,18936,8
12916,18937,2
12916,18938,3
12916,18955,19
12916,18970,3
12916,18996,2
12916,19004,14
12916,19005,2
12916,19036,2
12916,19047,13.5
12916,19048,4
12916,19051,59.5
12916,19052,72
12916,19054,18
12916,19055,7
12916,19056,2
12916,19062,12
12916,19068,42
12916,19069,33
12916,19070,3
12916,19071,15
12916,19072,25
12916,19076,3
12916,19079,34
12916,19080,27
12916,19107,3
12916,19114,1
12916,19115,3
12916,19123,1
12916,19125,1
12916,19135,2
12916,19136,5
12916,19137,2
12916,19141,2
12916,19142,7
12916,19146,5
12916,19150,3
12916,19151,7
12916,19154,2
12916,19155,6
12916,19156,1
12916,19166,4
12916,19205,4
12917,18893,2
12917,18934,2
12917,18936,4
12917,18937,6.5
12917,18952,3
12917,18954,16
12917,18955,39
12917,18956,46
12917,18957,4
12917,19004,1
12917,19019,12
12917,19020,16
12917,19021,13
12917,19038,8
12917,19039,1
12917,19046,4
12917,19047,14
12917,19048,60
12917,19049,28.5
12917,19050,2
12917,19052,18
12917,19053,22
12917,19054,30
12917,19061,2
12917,19062,3
12917,19063,5
12917,19064,7
12917,19065,2
12917,19067,9
12917,19068,55.5
12917,19069,55.5
12917,19070,31
12917,19071,22.5
12917,19072,19
12917,19076,9
12917,19077,2
12917,19078,37
12917,19079,31.5
12917,19080,20
12917,19100,4
12917,19126,2
12917,19127,9
12917,19128,5
12917,19130,3
12917,19131,2
12917,19136,2
12917,19137,1
12917,19141,1
12917,19144,1
12917,19152,1
12917,19155,6
12917,19156,3
12917,19175,1
12917,19192,5
12917,19208,2
12918,18887,1
12918,18888,1
12918,18893,2
12918,18901,2
12918,18923,2
12918,18929,1
12918,18930,3
12918,18931,9
12918,18932,15
12918,18933,3
12918,18935,3
12918,18936,6
12918,18937,18
12918,18952,1
12918,18953,4
12918,18954,26
12918,18955,66.5
12918,18956,9
12918,19018,21.5
12918,19019,8
12918,19020,1
12918,19021,16
12918,19022,25
12918,19023,10
12918,19029,2
12918,19030,2
12918,19037,4
12918,19038,24
12918,19039,15
12918,19047,10
12918,19048,29.5
12918,19049,21
12918,19050,20
12918,19051,24
12918,19052,52
12918,19053,18.5
12918,19054,30
12918,19055,3
12918,19063,4
12918,19065,7
12918,19067,21
12918,19068,29.5
12918,19069,13
12918,19070,16
12918,19071,19
12918,19072,22.5
12918,19075,3
12918,19076,11
12918,19077,3
12918,19078,11
12918,19079,39.5
12918,19080,46.5
12918,19100,4
12918,19122,4
12918,19125,1
12918,19151,1
12918,19152,4
12918,19153,3
12918,19156,18
12918,19158,3
12918,19167,2
12918,19176,10.5
12918,19180,6
12918,19190,8.5
12918,19192,2
12918,19202,3
12918,19206,3
12919,18893,5
12919,18895,5
12919,18897,7
12919,18898,4
12919,18899,1
12919,18929,2
12919,18932,1
12919,18936,10.5
12919,18939,2
12919,18953,35
12919,18954,26
12919,18955,43.5
12919,18956,24
12919,18957,6
12919,18959,4
12919,18962,3
12919,19017,6
12919,19018,21
12919,19019,7
12919,19022,5
12919,19023,6
12919,19034,6
12919,19035,4
12919,19036,6.5
12919,19037,13
12919,19038,36.5
12919,19039,27
12919,19040,28.5
12919,19041,11
12919,19049,1
12919,19050,8
12919,19052,14
12919,19053,10
12919,19054,11
12919,19055,11
12919,19057,1
12919,19064,8
12919,19065,6
12919,19067,11.5
12919,19070,43.5
12919,19071,38
12919,19072,11
12919,19074,3
12919,19075,15
12919,19076,11
12919,19077,9
12919,19078,41
12919,19079,49.5
12919,19080,94
12919,19081,2
12919,19107,1
12919,19119,8
12919,19120,3
12919,19138,4
12919,19151,2
12919,19152,4
12919,19155,2
12919,19156,13
12919,19159,4
12919,19166,2
12919,19176,4
12919,19180,3
12919,19184,1
12919,19197,4
12919,19205,2
12919,19207,1
12920,18889,2
12920,18890,3
12920,18893,1
12920,18895,1
12920,18896,4
12920,18897,9.5
12920,18898,2
12920,18921,1
12920,18922,5
12920,18926,6
12920,18929,1
12920,18936,2
12920,18937,11
12920,18938,5
12920,18941,2
12920,18954,5
12920,18955,27
12920,18956,2
12920,18957,5
12920,18958,16
12920,18959,34
12920,18960,4
12920,18962,3
12920,18976,16
12920,18977,2
12920,19012,5
12920,19017,34
12920,19018,20
12920,19019,2
12920,19022,12
12920,19023,6
12920,19036,2
12920,19037,1
12920,19038,45
12920,19039,14
12920,19040,6
12920,19041,11
12920,19042,14
12920,19043,2
12920,19045,10
12920,19046,4
12920,19047,2
12920,19049,11
12920,19050,36
12920,19051,44
12920,19052,10
12920,19054,1
12920,19064,11
12920,19065,36
12920,19066,38
12920,19067,33
12920,19071,1
12920,19072,3
12920,19077,10
12920,19078,52.5
12920,19079,18
12920,19081,1
12920,19101,2
12920,19102,2
12920,19107,1.5
12920,19108,8
12920,19142,2
12920,19145,3
12920,19147,5
12920,19155,4
12920,19156,15
12920,19157,21
12920,19158,6
12920,19162,11
12920,19188,1
12920,19193,3
12921,18888,1
12921,18889,6
12921,18895,1
12921,18896,11
12921,18898,2
12921,18899,2
12921,18903,2
12921,18909,1
12921,18910,8
12921,18911,4
12921,18922,3
12921,18925,2
12921,18930,5
12921,18931,2
12921,18932,1
12921,18937,3
12921,18939,1
12921,18940,3
12921,18954,1
12921,18955,2
12921,18957,5
12921,18958,3
12921,18960,4
12921,18976,13
12921,18977,10
12921,18978,6
12921,18979,1
12921,18993,4
12921,19001,7
12921,19017,20
12921,19018,40
12921,19019,7
12921,19020,2
12921,19022,9
12921,19034,3
12921,19035,18.5
12921,19036,19.5
12921,19037,52
12921,19038,60
12921,19039,29
12921,19040,32.5
12921,19041,5
12921,19042,17
12921,19043,19
12921,19044,10
12921,19045,17
12921,19046,14
12921,19047,11
12921,19049,3
12921,19050,8
12921,19051,16
12921,19053,3
12921,19054,2
12921,19064,6
12921,19065,4
12921,19067,26
12921,19068,33
12921,19069,11
12921,19070,2
12921,19072,8
12921,19077,22
12921,19078,56
12921,19079,13
12921,19080,27
12921,19081,4
12921,19082,8
12921,19086,2
12921,19090,5
12921,19094,5
12921,19107,4
12921,19108,24.5
12921,19109,11.5
12921,19114,4
12921,19118,4
12921,19119,5
12921,19123,1
12921,19126,11
12921,19138,3
12921,19146,3
12921,19152,1
12921,19153,3
12921,19155,16
12921,19156,6
12921,19157,27
12921,19158,2
12921,19159,3
12921,19167,3
12921,19186,2
12921,19191,1
12922,18894,2
12922,18901,2
12922,18908,4
12922,18909,5
12922,18910,11
12922,18911,6
12922,18912,6
12922,18927,2
12922,18928,7
12922,18929,1
12922,18930,6
12922,18936,3
12922,18938,2
12922,18939,2
12922,18940,5
12922,18962,7
12922,18976,22.5
12922,18977,21
12922,18978,24
12922,18979,23
12922,18991,2
12922,18993,2
12922,19001,3
12922,19002,2
12922,19009,2
12922,19016,6
12922,19017,39
12922,19018,22
12922,19020,5
12922,19021,11.5
12922,19022,13
12922,19023,3
12922,19024,2
12922,19026,2
12922,19027,2
12922,19035,4.5
12922,19036,42
12922,19037,54
12922,19038,75
12922,19039,32
12922,19040,15
12922,19041,41
12922,19042,19
12922,19043,34
12922,19044,15
12922,19045,1
12922,19054,15
12922,19055,6
12922,19056,16
12922,19064,5
12922,19068,14
12922,19069,19
12922,19070,25.5
12922,19077,7
12922,19078,31
12922,19079,53
12922,19080,13.5
12922,19082,2
12922,19090,6
12922,19093,11
12922,19094,8
12922,19095,2
12922,19102,4
12922,19106,3
12922,19107,15
12922,19108,7
12922,19109,19
12922,19110,2
12922,19111,12
12922,19113,2.5
12922,19117,10
12922,19119,2
12922,19122,3
12922,19124,7
12922,19155,7
12922,19156,2
12922,19157,3
12922,19162,1
12922,19178,2
12922,19187,2
12922,19193,1
12922,19203,4
12922,19204,1
12923,18903,1
12923,18904,8
12923,18909,3
12923,18910,7
12923,18921,1
12923,18922,1
12923,18927,4
12923,18937,3
12923,18939,3
12923,18942,2
12923,18954,6
12923,18976,9
12923,18977,30
12923,18978,14
12923,18979,22
12923,18993,2
12923,18994,5
12923,19016,7
12923,19017,26.5
12923,19018,14
12923,19019,2
12923,19032,22
12923,19033,12
12923,19034,4
12923,19035,70.5
12923,19036,36
12923,19037,47.5
12923,19038,31
12923,19039,20
12923,19040,8
12923,19041,7
12923,19042,12
12923,19043,18
12923,19044,19
12923,19054,2
12923,19055,14.5
12923,19056,1
12923,19057,1
12923,19070,33
12923,19071,4
12923,19076,2
12923,19077,35
12923,19079,11
12923,19093,3
12923,19094,4
12923,19097,2
12923,19102,1
12923,19103,17
12923,19104,4
12923,19106,2
12923,19110,14.5
12923,19111,3
12923,19112,2
12923,19141,4
12923,19147,2
12923,19152,1
12923,19157,4
12923,19158,1
12923,19161,5
12923,19172,2
12923,19179,2
12923,19186,3
12923,19187,1
12923,19193,1
12923,19195,4
12923,19202,1
12923,19208,2
12924,18763,2
12924,18891,3
12924,18920,2
12924,18921,8
12924,18922,1
12924,18923,4
12924,18926,6
12924,18927,11.5
12924,18928,8.5
12924,18930,3
12924,18936,5
12924,18937,6
12924,18940,4
12924,18941,11
12924,18942,1
12924,18953,2
12924,18954,7
12924,18976,5
12924,18977,10
12924,18978,25
12924,18979,19
12924,18980,12
12924,18993,1
12924,18994,16
12924,19010,2
12924,19011,1
12924,19016,42
12924,19017,1
12924,19018,5
12924,19019,6
12924,19020,1
12924,19030,1
12924,19031,35
12924,19032,4
12924,19033,3
12924,19035,45
12924,19036,27
12924,19037,61.5
12924,19038,28
12924,19039,27
12924,19040,5
12924,19042,6
12924,19043,21
12924,19044,19
12924,19045,11
12924,19046,2
12924,19056,4
12924,19070,3
12924,19071,8
12924,19072,2
12924,19075,3
12924,19076,11
12924,19077,13
12924,19078,11
12924,19079,8
12924,19080,4
12924,19081,4
12924,19083,2
12924,19084,3
12924,19093,4
12924,19104,3
12924,19105,13
12924,19108,3
12924,19109,5
12924,19110,3
12924,19111,3
12924,19112,4
12924,19113,18
12924,19114,25
12924,19115,1
12924,19133,2
12924,19137,4
12924,19180,2
12924,19183,6
12924,19186,20
12924,19187,2
12924,19188,2
12924,19191,2
12924,19193,1
12924,19194,2
12924,19203,3
12925,18754,1
12925,18755,4
12925,18764,5
12925,18890,1
12925,18891,1
12925,18904,2
12925,18905,1
12925,18921,1
12925,18923,5
12925,18926,1
12925,18928,2.5
12925,18935,8
12925,18936,4
12925,18937,8
12925,18941,2
12925,18953,3
12925,18954,3
12925,18976,17
12925,18977,14
12925,18978,8
12925,18979,13
12925,18980,5
12925,18994,17
12925,18995,30
12925,18996,8.5
12925,18997,2
12925,19003,8
12925,19005,5
12925,19006,3
12925,19009,2
12925,19015,2
12925,19016,17.5
12925,19017,25
12925,19018,5
12925,19022,3
12925,19030,12
12925,19031,5
12925,19034,9
12925,19035,24
12925,19036,40
12925,19037,44
12925,19039,20.5
12925,19040,1
12925,19046,6
12925,19056,2
12925,19057,2
12925,19063,8
12925,19064,9
12925,19067,4
12925,19075,17
12925,19076,31
12925,19077,14
12925,19078,39.5
12925,19079,5
12925,19087,4
12925,19088,5
12925,19089,7
12925,19100,4
12925,19104,6.5
12925,19105,11
12925,19106,13
12925,19107,7
12925,19108,4
12925,19112,8
12925,19113,3
12925,19114,5
12925,19118,1
12925,19136,2
12925,19159,2
12925,19187,3
12925,19188,8
12925,19203,4
12925,19205,2
12925,19206,4
12926,18755,4
12926,18756,9
12926,18757,1
12926,18760,5
12926,18761,5
12926,18764,4
12926,18890,6
12926,18903,2
12926,18904,7
12926,18910,5
12926,18930,2
12926,18935,2
12926,18937,7
12926,18957,9
12926,18960,1
12926,18975,4
12926,18976,14
12926,18977,17
12926,18978,9
12926,18979,17
12926,18994,5
12926,18995,29
12926,18996,13.5
12926,18997,5
12926,19003,3
12926,19004,4.5
12926,19015,3
12926,19016,2
12926,19034,12.5
12926,19035,25
12926,19036,39
12926,19037,22.5
12926,19046,1
12926,19047,8
12926,19048,11
12926,19049,7.5
12926,19056,4
12926,19064,13
12926,19073,4
12926,19075,17
12926,19076,3
12926,19077,1
12926,19078,13
12926,19080,2
12926,19082,2
12926,19085,4
12926,19086,4
12926,19087,9
12926,19088,4
12926,19092,16.5
12926,19104,6
12926,19105,4
12926,19113,6
12926,19116,9
12926,19117,3
12926,19128,2
12926,19136,4
12926,19146,3
12926,19169,2
12926,19173,2
12926,19188,2
12926,19191,1
12926,19193,5
12926,19199,2
12926,19202,1
12926,19204,24
12926,19205,5
12926,19206,13
12926,19207,1
12927,18760,3
12927,18761,1
12927,18886,2
12927,18887,3
12927,18888,4
12927,18890,1
12927,18891,3
12927,18903,1
12927,18904,20
12927,18910,1
12927,18932,3
12927,18936,1
12927,18938,5
12927,18950,2
12927,18962,2
12927,18978,9
12927,18979,20
12927,18980,3
12927,18985,3
12927,18990,1
12927,18995,13
12927,18996,17
12927,18997,2
12927,19023,3
12927,19035,12
12927,19036,33
12927,19037,23.5
12927,19047,5
12927,19048,12
12927,19049,5
12927,19050,5
12927,19055,5
12927,19056,19
12927,19063,1
12927,19064,9.5
12927,19065,7
12927,19066,4
12927,19069,7
12927,19075,5
12927,19076,5
12927,19077,11
12927,19078,4
12927,19082,7
12927,19084,2
12927,19091,21
12927,19092,21
12927,19106,4
12927,19109,3
12927,19149,2
12927,19163,5
12927,19170,2
12927,19171,5
12927,19174,5
12927,19199,2
12927,19200,6
12927,19204,25
12927,19205,4
12927,19206,15
12927,19207,2
12927,19208,2
12927,19209,1
12928,18761,4
12928,18886,1
12928,18888,1
12928,18891,6
12928,18892,3
12928,18903,10
12928,18904,1
12928,18920,1
12928,18932,1
12928,18974,3
12928,18975,8
12928,18978,7
12928,18986,2
12928,18989,4
12928,18990,2
12928,18995,4
12928,18996,11
12928,18997,21
12928,18998,10
12928,19018,3
12928,19021,1
12928,19033,10
12928,19034,23
12928,19036,9
12928,19041,16
12928,19042,18
12928,19049,3
12928,19050,26
12928,19051,22
12928,19052,16
12928,19053,16
12928,19054,8
12928,19055,33
12928,19058,3
12928,19064,13
12928,19065,55.5
12928,19066,35
12928,19071,2
12928,19083,8
12928,19090,2
12928,19091,14
12928,19092,20
12928,19094,1
12928,19107,5
12928,19109,17.5
12928,19113,1
12928,19116,2
12928,19159,3
12928,19170,17
12928,19171,10
12928,19173,2
12928,19175,4
12928,19176,4
12928,19180,2
12928,19181,2
12928,19200,2
12928,19204,9
12928,19208,2
12928,19209,7
12928,19210,10
12929,18763,5
12929,18767,1
12929,18895,2
12929,18901,2
12929,18902,36
12929,18903,52
12929,18923,2
12929,18929,6
12929,18935,4
12929,18937,5
12929,18956,5
12929,18975,19
12929,18976,5
12929,18978,1
12929,18988,2
12929,18995,2
12929,18996,4
12929,18997,15.5
12929,18998,6
12929,19004,1
12929,19010,2
12929,19033,27
12929,19034,42
12929,19035,31.5
12929,19036,7
12929,19042,1
12929,19044,4
12929,19045,1
12929,19049,4
12929,19050,13
12929,19051,26.5
12929,19052,53
12929,19053,34
12929,19054,59.5
12929,19055,20.5
12929,19056,2
12929,19057,4
12929,19058,7.5
12929,19064,5
12929,19065,32.5
12929,19066,29
12929,19067,16
12929,19071,12
12929,19072,5
12929,19075,2
12929,19083,6
12929,19089,12
12929,19090,6
12929,19092,2
12929,19105,1
12929,19107,6
12929,19108,10
12929,19109,2
12929,19111,2
12929,19131,4
12929,19134,1
12929,19145,3
12929,19163,5
12929,19173,1
12929,19184,2
12929,19206,1
12929,19207,2
12929,19210,12
12929,19211,46.5
12930,18761,4
12930,18768,14
12930,18771,3
12930,18891,2
12930,18900,8
12930,18903,6
12930,18955,4
12930,18956,16
12930,18957,10
12930,18965,2
12930,18975,2
12930,18976,11
12930,18977,4
12930,18978,2
12930,18979,1
12930,18985,5
12930,18992,5
12930,18994,2
12930,18997,5
12930,18998,4
12930,19004,2
12930,19005,1
12930,19007,2
12930,19009,2
12930,19010,2
12930,19013,1
12930,19020,1
12930,19028,6
12930,19033,5
12930,19034,1
12930,19035,7
12930,19036,3.5
12930,19043,13
12930,19044,1
12930,19046,8
12930,19051,9
12930,19052,13
12930,19053,31
12930,19054,92
12930,19055,55.5
12930,19056,6
12930,19057,53.5
12930,19058,50
12930,19059,2
12930,19064,3
12930,19065,25
12930,19066,7
12930,19067,1
12930,19069,2
12930,19072,7
12930,19082,1
12930,19083,2
12930,19084,2
12930,19089,8
12930,19090,8
12930,19091,9
12930,19092,4
12930,19108,11
12930,19109,7
12930,19118,2
12930,19135,1
12930,19143,2
12930,19162,3
12930,19165,2
12930,19180,4
12930,19181,1
12930,19184,3
12930,19185,2
12930,19187,2
12930,19194,1
12930,19201,2
12930,19203,2
12930,19205,2
12930,19208,1
12930,19210,18
12930,19211,27
12931,18751,3
12931,18757,4
12931,18758,4
12931,18759,1
12931,18760,2
12931,18771,6
12931,18772,1
12931,18889,7
12931,18890,15
12931,18891,2
12931,18892,11
12931,18924,5
12931,18925,6
12931,18928,2
12931,18955,5
12931,18956,10.5
12931,18957,2
12931,18979,4
12931,18980,5
12931,18981,6
12931,18982,6
12931,18983,1
12931,18984,1
12931,18992,6
12931,18993,1
12931,19005,4
12931,19008,6
12931,19009,10
12931,19010,4
12931,19011,1
12931,19028,3
12931,19035,3
12931,19043,5
12931,19049,1
12931,19050,11
12931,19051,12
12931,19052,25
12931,19053,24
12931,19054,14
12931,19055,31
12931,19056,16
12931,19057,22.5
12931,19058,40
12931,19059,29
12931,19067,1.5
12931,19068,18.5
12931,19069,18
12931,19074,8
12931,19075,9
12931,19090,1
12931,19094,2
12931,19102,3
12931,19108,14
12931,19109,9
12931,19111,4
12931,19114,11
12931,19138,1
12931,19140,2
12931,19160,2
12931,19166,1
12931,19171,1
12931,19185,1
12931,19187,3
12931,19195,2
12931,19197,1
12931,19199,1
12931,19200,1
12931,19209,5
12931,19210,2
12932,18742,3
12932,18745,4
12932,18751,4
12932,18753,11
12932,18757,10
12932,18758,19
12932,18759,21
12932,18889,5
12932,18890,5
12932,18898,1
12932,18924,6.5
12932,18925,13
12932,18943,4
12932,18944,17
12932,18945,2
12932,18979,3
12932,18980,26
12932,18981,37
12932,18982,55
12932,18985,3
12932,18990,2
12932,18992,7
12932,18993,2
12932,19004,1
12932,19005,3
12932,19008,21
12932,19009,21
12932,19010,4
12932,19014,3
12932,19027,4
12932,19028,3
12932,19032,5
12932,19036,3
12932,19045,4
12932,19046,1
12932,19049,6
12932,19051,25
12932,19052,30
12932,19053,15
12932,19054,13.5
12932,19056,4
12932,19058,2
12932,19059,33
12932,19068,4
12932,19069,14
12932,19070,7
12932,19074,1
12932,19075,1
12932,19076,1
12932,19081,1
12932,19108,6
12932,19111,6
12932,19112,22
12932,19114,6
12932,19119,1
12932,19135,4
12932,19136,3
12932,19137,2
12932,19140,2
12932,19144,1
12932,19151,5
12932,19157,2
12932,19159,1
12932,19160,2
12932,19187,4
12932,19203,1
12932,19205,8
12932,19209,13
12933,18745,10
12933,18746,1
12933,18757,2
12933,18758,14
12933,18759,17
12933,18770,3
12933,18890,4
12933,18903,2
12933,18925,1
12933,18943,17
12933,18944,3
12933,18945,1
12933,18979,2
12933,18980,17
12933,18981,31
12933,18982,1
12933,18985,10
12933,18986,22
12933,18987,16
12933,18988,1
12933,19005,3
12933,19006,1
12933,19007,5
12933,19009,4
12933,19012,3
12933,19016,3
12933,19036,1
12933,19039,4
12933,19044,2
12933,19045,3
12933,19046,1
12933,19052,4
12933,19053,7
12933,19054,20.5
12933,19055,14
12933,19057,2
12933,19058,5
12933,19059,29
12933,19060,14
12933,19069,14
12933,19070,14.5
12933,19071,13
12933,19074,8
12933,19076,5
12933,19092,2
12933,19100,2
12933,19108,6
12933,19110,4
12933,19111,3
12933,19135,5
12933,19136,4
12933,19150,3
12933,19169,1
12933,19194,2
12933,19195,5
12933,19205,4
12933,19208,2
12933,19209,6
12934,18745,1
12934,18749,2
12934,18759,1
12934,18767,2
12934,18770,3
12934,18931,2
12934,18943,6
12934,18944,7
12934,18946,2.5
12934,18968,2
12934,18982,3
12934,18984,1
12934,18985,22
12934,18986,23
12934,18987,4
12934,18999,2
12934,19001,2
12934,19008,2
12934,19009,2
12934,19010,14
12934,19011,20
12934,19012,8
12934,19013,3
12934,19014,1
12934,19027,2
12934,19028,5
12934,19029,4
12934,19035,4
12934,19053,7
12934,19054,8
12934,19055,23
12934,19056,4
12934,19058,32
12934,19059,22.5
12934,19060,17.5
12934,19061,5
12934,19070,18
12934,19071,66
12934,19072,88
12934,19073,30.5
12934,19074,3
12934,19077,2
12934,19079,2
12934,19081,3
12934,19082,6
12934,19089,1
12934,19096,4
12934,19099,1
12934,19104,4
12934,19110,4
12934,19131,19.5
12934,19132,13
12934,19133,4
12934,19153,5
12934,19156,2
12934,19163,4
12934,19167,1
12934,19170,7
12934,19171,1
12934,19182,2
12934,19187,1
12934,19188,1
12934,19197,2
12934,19201,2
12935,18749,6
12935,18767,4
12935,18901,1
12935,18903,2
12935,18944,3
12935,18945,20
12935,18946,7
12935,18947,1
12935,18983,6
12935,18984,4
12935,18985,8
12935,19002,2
12935,19005,2
12935,19007,1
12935,19008,3
12935,19011,3
12935,19012,1
12935,19013,7
12935,19014,6
12935,19026,2
12935,19027,4
12935,19028,2
12935,19037,2
12935,19052,4
12935,19053,15
12935,19054,13
12935,19055,23
12935,19056,11
12935,19058,6
12935,19059,12
12935,19060,11
12935,19068,3.5
12935,19069,11
12935,19070,14
12935,19071,47
12935,19072,80.5
12935,19073,61
12935,19074,13
12935,19075,11
12935,19076,4
12935,19077,2
12935,19079,1
12935,19082,4
12935,19083,5
12935,19089,2
12935,19093,3
12935,19116,2
12935,19129,5
12935,19130,1
12935,19131,4
12935,19136,1
12935,19163,1
12935,19171,4
12935,19172,9
12935,19185,1
12935,19186,5
12935,19187,2
12935,19190,1
12935,19197,1
12935,19208,2
12936,18775,1
12936,18904,1
12936,18925,1
12936,18945,8
12936,18946,12
12936,18947,15
12936,18948,7
12936,18985,1
12936,18986,2
12936,18990,5
12936,18991,8
12936,18999,3
12936,19000,1
12936,19003,3
12936,19004,5
12936,19006,11
12936,19007,20.5
12936,19008,42
12936,19009,66.5
12936,19010,2
12936,19026,4
12936,19052,2
12936,19053,8
12936,19054,13
12936,19055,6
12936,19056,4
12936,19057,5
12936,19060,5
12936,19061,3
12936,19067,4
12936,19070,24
12936,19071,51
12936,19072,31
12936,19073,37
12936,19074,2
12936,19075,10
12936,19076,13
12936,19077,11
12936,19078,2
12936,19082,2
12936,19085,2
12936,19086,3
12936,19087,5
12936,19111,5
12936,19120,2
12936,19134,2
12936,19162,1
12936,19163,4
12936,19170,4
12936,19171,2
12936,19172,2
12936,19173,2
12936,19180,4
12936,19184,2
12936,19186,6
12936,19187,2
12936,19188,1
12937,18743,2
12937,18744,1
12937,18745,2
12937,18775,7
12937,18892,2
12937,18900,4
12937,18907,4
12937,18931,4
12937,18932,26
12937,18933,5
12937,18935,2
12937,18949,3
12937,18964,6
12937,18965,32
12937,18966,7
12937,18967,4.5
12937,18980,4
12937,18987,1
12937,18988,3
12937,19003,4
12937,19004,3
12937,19005,16
12937,19006,31.5
12937,19007,25
12937,19008,21
12937,19009,63.5
12937,19010,17
12937,19011,1
12937,19023,1
12937,19044,2
12937,19052,1
12937,19053,2
12937,19054,23
12937,19059,8
12937,19060,30.5
12937,19061,21
12937,19067,5
12937,19069,10
12937,19070,24
12937,19071,65.5
12937,19072,39
12937,19073,4
12937,19074,4
12937,19075,15
12937,19076,20
12937,19077,19
12937,19081,2
12937,19082,2
12937,19084,12
12937,19085,7
12937,19086,14
12937,19087,3
12937,19094,4
12937,19097,4
12937,19098,4
12937,19106,3
12937,19124,6
12937,19143,4
12937,19154,1
12937,19155,4
12937,19163,2
12937,19164,6
12937,19167,3
12937,19170,3
12937,19172,4
12937,19173,10
12937,19174,9
12937,19179,4
12937,19180,4
12937,19182,3
12937,19184,3
12937,19185,1
12937,19196,5
12937,19200,1
12937,19201,1
12937,19208,1
12938,18740,6
12938,18742,11
12938,18743,8
12938,18744,14
12938,18900,3
12938,18931,3
12938,18932,20
12938,18939,4
12938,18964,17
12938,18965,41.5
12938,18966,40
12938,18967,11
12938,18971,2
12938,18988,5
12938,18989,1
12938,18997,2
12938,18998,3
12938,19001,2
12938,19004,2
12938,19005,11
12938,19006,4
12938,19007,40
12938,19008,16.5
12938,19009,44
12938,19010,22
12938,19011,29
12938,19012,16
12938,19018,10
12938,19022,4
12938,19023,1
12938,19046,1
12938,19054,17.5
12938,19055,6
12938,19058,9
12938,19059,3
12938,19060,26.5
12938,19061,10
12938,19069,31
12938,19070,14
12938,19071,91
12938,19072,20
12938,19073,11
12938,19074,24
12938,19075,19
12938,19076,6
12938,19077,45
12938,19078,10
12938,19081,16
12938,19082,13
12938,19083,6
12938,19084,19
12938,19085,41
12938,19086,35
12938,19087,2
12938,19095,1
12938,19097,8.5
12938,19098,5
12938,19105,2
12938,19124,3
12938,19125,5
12938,19126,7
12938,19128,2
12938,19148,3
12938,19153,1
12938,19155,11
12938,19156,5
12938,19169,1
12938,19171,3
12938,19173,1
12938,19174,1
12938,19178,3
12938,19179,6
12938,19182,4
12938,19185,3
12938,19206,4
12939,18739,5
12939,18741,3
12939,18762,4
12939,18763,3
12939,18766,1
12939,18770,5
12939,18890,3
12939,18898,2
12939,18901,10
12939,18903,4.5
12939,18921,2
12939,18930,1
12939,18939,3
12939,18940,2
12939,18964,7
12939,18965,34.5
12939,18966,51.5
12939,18967,28
12939,18968,8
12939,18972,2
12939,18999,4
12939,19000,1
12939,19005,3
12939,19006,2
12939,19008,5
12939,19009,24
12939,19010,35.5
12939,19011,9
12939,19012,24
12939,19014,2
12939,19017,6
12939,19018,17
12939,19019,1
12939,19031,4
12939,19034,1
12939,19036,1
12939,19055,2
12939,19060,9
12939,19061,9
12939,19066,1
12939,19067,1
12939,19069,25
12939,19070,27
12939,19071,86.5
12939,19072,20
12939,19073,35.5
12939,19074,89
12939,19075,85
12939,19076,2
12939,19077,7
12939,19078,24
12939,19080,1
12939,19081,11
12939,19086,11
12939,19087,1
12939,19092,4
12939,19120,3
12939,19122,2
12939,19123,13
12939,19125,9
12939,19126,22
12939,19127,4
12939,19134,6
12939,19139,2
12939,19144,1
12939,19157,6
12939,19159,2
12939,19160,6
12939,19161,5
12939,19162,1
12939,19163,2
12939,19164,9
12939,19170,2
12939,19171,1
12939,19175,7
12939,19176,1
12939,19178,3
12939,19185,2
12939,19201,1
12940,18736,1
12940,18737,3
12940,18744,2
12940,18755,3
12940,18768,4
12940,18769,1
12940,18770,3
12940,18773,1
12940,18778,1
12940,18890,1
12940,18897,4
12940,18901,3
12940,18902,4
12940,18903,2
12940,18904,2
12940,18926,1
12940,18937,1
12940,18939,2
12940,18952,3
12940,18965,15
12940,18966,22
12940,18967,9
12940,18975,1
12940,18992,1
12940,18993,6.5
12940,19000,2
12940,19009,2
12940,19010,10
12940,19014,6.5
12940,19017,2
12940,19018,5
12940,19019,4
12940,19058,1
12940,19060,6
12940,19069,12
12940,19070,41
12940,19071,123
12940,19072,42
12940,19073,109
12940,19074,100
12940,19075,77
12940,19076,13.5
12940,19077,6
12940,19079,3.5
12940,19086,1
12940,19094,2
12940,19098,1
12940,19104,7
12940,19105,2
12940,19114,1
12940,19115,5
12940,19118,3
12940,19123,8
12940,19126,17
12940,19127,2
12940,19147,4
12940,19158,9
12940,19160,1
12940,19162,2
12940,19176,2
12940,19177,1
12940,19197,2
12940,19199,4
12941,18736,3
12941,18737,1
12941,18743,2
12941,18756,4
12941,18763,3
12941,18767,2
12941,18770,2
12941,18771,4
12941,18772,1
12941,18778,2
12941,18889,6
12941,18896,6
12941,18901,9
12941,18902,11
12941,18926,3
12941,18927,2
12941,18934,2
12941,18937,6
12941,18945,2
12941,18965,4
12941,18993,13
12941,18995,4
12941,18998,7
12941,19004,2
12941,19008,7
12941,19016,3
12941,19017,6
12941,19020,2.5
12941,19022,3
12941,19030,3
12941,19034,3
12941,19052,1
12941,19060,6
12941,19061,3
12941,19069,13
12941,19070,37.5
12941,19071,70.5
12941,19072,69.5
12941,19073,118
12941,19074,199.5
12941,19075,13
12941,19076,13
12941,19082,2
12941,19085,7
12941,19093,4.5
12941,19094,13
12941,19095,3
12941,19096,8
12941,19097,6.5
12941,19098,10
12941,19099,17.5
12941,19102,5
12941,19104,4
12941,19113,3
12941,19114,2.5
12941,19116,2
12941,19117,2
12941,19120,3
12941,19121,2
12941,19122,11
12941,19123,6
12941,19125,10
12941,19126,3
12941,19127,3
12941,19131,1
12941,19139,2
12941,19140,2
12941,19179,8
12941,19180,1
12941,19191,2
12941,19193,4
12941,19194,2
12941,19196,1
12942,18743,6
12942,18746,1
12942,18751,2
12942,18753,2
12942,18757,5
12942,18760,4
12942,18762,3
12942,18763,7
12942,18766,1
12942,18771,2
12942,18772,2
12942,18776,7
12942,18870,2
12942,18871,2
12942,18901,18
12942,18902,1
12942,18903,1
12942,18930,2
12942,18931,4
12942,18934,4
12942,18937,28
12942,18938,19
12942,18939,2
12942,18945,15
12942,18993,2
12942,18999,3
12942,19014,4
12942,19015,2
12942,19016,2
12942,19023,2
12942,19025,2
12942,19028,2
12942,19057,5
12942,19058,6
12942,19060,4
12942,19061,2
12942,19068,5
12942,19069,7
12942,19071,2
12942,19072,51
12942,19073,4
12942,19074,2
12942,19075,5
12942,19082,3
12942,19085,9
12942,19086,11
12942,19087,1
12942,19089,2
12942,19090,8
12942,19095,12
12942,19096,16
12942,19097,9
12942,19098,6
12942,19099,48.5
12942,19100,15
12942,19103,3
12942,19106,2
12942,19112,1
12942,19118,3
12942,19121,15
12942,19140,1
12942,19147,1
12942,19161,3
12942,19162,3
12942,19180,5
12942,19181,1
12942,19182,1
12942,19183,2
12942,19184,2
12942,19186,1
12942,19189,4
12942,19193,2
12943,18746,3
12943,18758,4
12943,18769,3
12943,18776,5
12943,18777,1
12943,18871,5
12943,18877,3
12943,18901,4
12943,18925,5
12943,18931,1
12943,18936,4
12943,18937,5
12943,18939,2
12943,18943,2
12943,18996,4
12943,19002,7
12943,19005,1
12943,19006,8
12943,19007,1
12943,19008,5
12943,19009,2
12943,19027,6
12943,19057,4
12943,19058,3
12943,19061,2
12943,19069,9
12943,19070,1
12943,19071,50
12943,19072,81
12943,19073,67
12943,19074,6
12943,19075,4
12943,19081,3
12943,19082,5.5
12943,19084,3
12943,19098,32.5
12943,19099,9
12943,19100,72.5
12943,19101,42
12943,19102,36
12943,19103,5
12943,19120,2
12943,19121,12
12943,19122,1
12943,19135,1
12943,19140,3
12943,19142,1
12943,19147,2
12943,19148,3
12943,19154,2
12943,19160,5
12943,19163,3
12943,19181,7
12943,19182,4
12943,19185,3
12943,19186,6
12944,18759,4
12944,18770,2
12944,18771,5
12944,18772,1
12944,18877,2
12944,18922,4
12944,18924,5
12944,18925,1
12944,18926,4
12944,18936,1
12944,18937,1
12944,18964,4
12944,19024,2
12944,19061,4
12944,19062,3
12944,19070,45
12944,19071,114.5
12944,19072,66
12944,19073,36
12944,19074,22
12944,19082,2
12944,19092,2
12944,19098,19
12944,19099,25.5
12944,19100,24
12944,19101,17
12944,19102,3
12944,19106,2
12944,19111,5
12944,19112,5
12944,19116,3
12944,19120,5
12944,19121,1
12944,19122,10
12944,19123,5
12944,19125,13
12944,19131,2
12944,19132,2
12944,19133,2
12944,19137,6.5
12944,19138,4.5
12944,19139,6
12944,19140,5
12944,19144,2
12944,19172,4
12944,19181,2
12944,19182,9
12944,19183,4
12944,19184,3
12944,19185,7
12944,19186,6
12945,18740,8
12945,18751,2
12945,18755,2
12945,18761,31
12945,18762,8
12945,18763,8
12945,18764,3
12945,18766,2
12945,18876,1
12945,18878,1
12945,18881,2
12945,18895,3
12945,18896,7
12945,18898,2
12945,18899,4
12945,18900,1
12945,18901,2
12945,18950,3
12945,18971,9
12945,18996,2
12945,19006,3
12945,19008,19
12945,19009,1
12945,19010,6
12945,19011,5
12945,19017,4
12945,19061,4
12945,19069,6
12945,19070,13
12945,19071,36.5
12945,19072,114
12945,19073,16.5
12945,19084,9
12945,19087,2
12945,19089,3
12945,19090,7
12945,19097,54
12945,19098,35.5
12945,19099,14
12945,19101,2
12945,19102,1
12945,19109,9
12945,19110,1.5
12945,19122,4
12945,19123,3
12945,19125,2
12945,19129,2
12945,19137,2
12945,19153,4
12945,19154,1
12945,19156,2
12945,19165,3
12945,19174,2
12945,19182,25.5
12945,19183,6
12946,18740,1
12946,18741,6
12946,18744,2
12946,18751,5
12946,18762,17
12946,18763,41.5
12946,18764,9
12946,18765,20
12946,18766,10
12946,18771,1
12946,18871,2
12946,18876,3
12946,18877,3
12946,18878,24
12946,18879,1
12946,18880,2
12946,18887,2
12946,18888,4
12946,18892,4
12946,18893,2
12946,18897,2
12946,18901,3
12946,18902,1
12946,18904,16
12946,18906,3
12946,18920,3
12946,18928,2
12946,18929,9
12946,18936,4
12946,18957,5
12946,18958,3
12946,18972,11
12946,18988,2
12946,18996,6
12946,19005,5
12946,19007,1
12946,19008,9
12946,19009,12
12946,19012,2
12946,19013,6
12946,19025,1
12946,19068,11
12946,19069,4
12946,19071,4
12946,19072,23
12946,19074,1
12946,19084,1
12946,19087,1
12946,19089,3
12946,19090,4
12946,19092,5
12946,19095,2
12946,19097,39
12946,19098,28
12946,19099,16
12946,19100,1
12946,19103,1
12946,19104,14.5
12946,19106,2
12946,19107,2
12946,19108,1
12946,19128,13
12946,19129,8
12946,19131,3
12946,19136,1
12946,19143,1
12946,19146,3
12946,19152,4
12946,19153,2
12946,19154,9
12946,19162,2
12946,19175,10
12946,19177,5
12946,19178,1
12946,19181,4
12946,19182,4
12946,19183,2
12946,19193,4
12946,19194,2
12947,18743,3
12947,18744,4
12947,18757,4
12947,18761,5
12947,18762,15
12947,18763,59
12947,18764,13
12947,18765,18
12947,18877,8
12947,18878,9
12947,18879,19
12947,18880,5
12947,18886,3
12947,18888,1
12947,18889,3
12947,18895,2
12947,18901,4
12947,18919,2
12947,18920,1
12947,18921,2
12947,18927,4
12947,18934,3
12947,18936,2.5
12947,18955,2
12947,18957,1
12947,18986,12
12947,18987,1
12947,18988,7
12947,18997,4
12947,19008,8
12947,19009,2
12947,19011,4
12947,19012,1
12947,19013,6
12947,19023,1
12947,19031,5
12947,19068,14
12947,19070,22
12947,19071,31
12947,19072,31
12947,19073,1
12947,19083,2
12947,19096,14
12947,19097,34
12947,19098,9
12947,19099,11.5
12947,19102,2
12947,19103,1.5
12947,19104,10
12947,19107,3
12947,19108,2
12947,19129,3
12947,19130,1
12947,19131,1
12947,19136,4
12947,19148,6
12947,19149,15
12947,19150,5
12947,19152,5
12947,19154,3
12947,19156,14
12947,19157,8
12947,19161,3
12947,19164,2
12947,19176,3.5
12947,19177,1
12947,19181,8
12947,19214,1
12947,19215,1
12948,18759,5.5
12948,18760,20
12948,18761,67
12948,18762,43
12948,18763,12
12948,18764,3
12948,18765,8
12948,18767,4
12948,18877,2
12948,18878,3
12948,18879,19
12948,18932,6
12948,18933,12
12948,18934,13
12948,18935,1
12948,18936,26.5
12948,18937,6
12948,18938,1
12948,18955,1
12948,18956,2
12948,18957,6
12948,18958,10
12948,18959,9.5
12948,18969,1
12948,18971,4
12948,18986,6
12948,18987,2
12948,18997,16
12948,19008,7
12948,19009,8
12948,19021,2
12948,19025,2
12948,19058,2
12948,19070,3
12948,19071,17
12948,19072,38
12948,19075,5
12948,19076,5
12948,19081,1
12948,19084,2
12948,19085,1
12948,19086,2
12948,19094,2
12948,19095,3
12948,19096,5
12948,19097,2
12948,19101,4
12948,19102,2
12948,19103,2
12948,19106,1
12948,19108,5
12948,19122,2
12948,19132,4
12948,19142,2
12948,19145,4
12948,19148,8
12948,19149,6
12948,19154,3
12948,19156,28.5
12948,19157,7
12948,19158,3
12948,19163,1
12948,19191,2
12948,19192,4
12948,19196,4
12948,19197,7
12948,19198,3
12948,19214,1
12948,19215,6
12948,19216,4
12949,18738,10
12949,18759,9
12949,18760,26
12949,18761,32
12949,18762,34.5
12949,18767,1
12949,18768,3
12949,18770,3
12949,18771,1
12949,18887,4
12949,18925,6
12949,18928,4
12949,18930,3
12949,18931,7
12949,18933,6
12949,18934,73.5
12949,18935,67.5
12949,18936,16
12949,18937,25
12949,18938,22
12949,18939,3
12949,18956,4
12949,18958,9
12949,18965,2
12949,18976,6
12949,18977,3
12949,18978,8
12949,18986,3
12949,18987,7
12949,18990,9
12949,19009,5
12949,19010,10
12949,19013,2
12949,19026,1
12949,19029,2
12949,19033,1
12949,19058,2
12949,19072,9
12949,19073,2
12949,19075,2
12949,19076,3
12949,19081,3
12949,19082,2
12949,19083,6
12949,19084,18
12949,19094,5
12949,19095,13
12949,19105,4
12949,19117,2
12949,19124,3
12949,19136,2
12949,19148,5
12949,19149,24.5
12949,19154,4
12949,19156,21
12949,19157,16.5
12949,19158,18
12949,19159,1
12949,19163,4
12949,19165,4
12949,19181,2
12949,19191,1
12949,19199,5
12949,19210,1
12949,19211,4.5
12949,19217,2
12950,18738,2
12950,18751,4
12950,18752,14
12950,18760,6
12950,18762,1
12950,18770,4
12950,18775,5
12950,18875,5
12950,18876,2
12950,18879,2
12950,18880,4
12950,18883,1
12950,18884,2
12950,18930,14
12950,18931,20
12950,18932,2
12950,18934,11
12950,18935,77.5
12950,18936,41
12950,18937,44
12950,18938,6
12950,18956,4
12950,18957,1
12950,18958,7
12950,18959,10
12950,18960,2
12950,18961,2
12950,18964,5
12950,18965,5
12950,18966,1
12950,18976,2
12950,18977,10
12950,18978,18
12950,18979,20
12950,18988,2
12950,18989,19.5
12950,18990,6
12950,18991,4
12950,19007,4
12950,19012,2
12950,19014,3
12950,19024,4
12950,19027,5
12950,19028,3
12950,19057,3
12950,19073,3
12950,19074,1
12950,19075,5
12950,19077,2
12950,19080,2
12950,19082,7
12950,19083,2
12950,19084,21
12950,19085,31
12950,19086,7
12950,19089,20
12950,19090,35
12950,19091,36
12950,19093,5
12950,19094,16
12950,19095,19
12950,19096,4
12950,19102,2
12950,19103,11
12950,19107,2
12950,19108,7
12950,19133,4
12950,19149,21
12950,19156,10
12950,19157,2
12950,19158,17
12950,19165,4
12950,19199,2
12951,18751,2
12951,18752,4
12951,18762,4
12951,18770,5
12951,18771,14
12951,18775,7
12951,18876,2
12951,18879,6
12951,18880,3
12951,18881,1
12951,18882,1
12951,18932,7
12951,18934,19
12951,18935,19
12951,18936,19
12951,18937,5
12951,18956,3
12951,18959,6
12951,18965,4
12951,18975,2
12951,18977,2
12951,18978,17
12951,18979,8
12951,18980,1
12951,18988,10
12951,18989,28
12951,18990,3
12951,18999,10
12951,19003,2
12951,19005,8
12951,19012,1
12951,19032,3
12951,19036,1
12951,19038,2
12951,19054,4
12951,19055,2
12951,19061,1
12951,19071,6
12951,19072,2
12951,19073,10
12951,19074,2
12951,19075,7
12951,19077,1
12951,19086,10
12951,19090,4
12951,19091,46
12951,19092,2
12951,19093,4
12951,19095,6
12951,19097,6
12951,19098,2
12951,19100,2
12951,19101,3
12951,19102,17
12951,19103,2
12951,19107,1
12951,19108,6
12951,19109,19
12951,19111,5
12951,19115,4
12951,19125,2
12951,19140,4
12951,19142,2
12951,19149,10
12951,19150,7
12951,19155,3
12951,19159,7
12951,19196,2
12951,19197,5
12951,19201,1
12952,18759,1
12952,18771,5
12952,18773,1
12952,18776,3
12952,18782,1
12952,18788,2
12952,18879,2
12952,18926,4
12952,18928,15
12952,18931,2
12952,18932,2
12952,18933,2
12952,18934,11
12952,18935,7
12952,18939,5
12952,18946,3
12952,18974,5
12952,18977,2
12952,18978,1
12952,18979,5
12952,18989,5
12952,18990,7
12952,18992,4
12952,19001,2
12952,19002,5
12952,19003,15.5
12952,19004,17
12952,19005,3
12952,19017,1
12952,19031,2
12952,19035,2
12952,19036,2
12952,19061,1
12952,19073,1
12952,19074,2
12952,19085,10
12952,19090,4
12952,19091,2.5
12952,19095,5
12952,19098,4
12952,19099,4
12952,19100,11
12952,19103,1
12952,19110,5
12952,19111,19
12952,19112,15
12952,19113,11
12952,19116,2
12952,19141,2
12952,19142,4
12952,19143,4
12952,19147,2
12952,19148,8
12952,19149,44
12952,19150,53
12952,19151,11
12952,19152,8.5
12952,19160,18
12952,19161,6
12952,19180,3
12952,19198,2
12952,19201,2
12952,19203,3
12952,19207,5
12953,18760,3
12953,18789,4
12953,18880,2
12953,18893,2
12953,18912,6
12953,18932,8
12953,18935,3
12953,18940,3
12953,18946,2
12953,18978,3
12953,18979,4
12953,18988,1
12953,18989,6
12953,18990,13
12953,18991,2
12953,18992,12
12953,18993,4
12953,19000,5
12953,19001,1
12953,19004,5
12953,19005,9
12953,19013,5
12953,19014,3
12953,19027,3
12953,19031,6
12953,19036,6
12953,19037,4
12953,19038,18
12953,19039,6
12953,19060,2
12953,19070,3
12953,19073,30
12953,19084,2
12953,19096,2
12953,19098,2
12953,19104,2
12953,19112,2
12953,19113,5
12953,19114,2
12953,19139,7
12953,19140,2
12953,19141,2
12953,19149,37.5
12953,19150,47
12953,19151,11
12953,19152,23
12953,19158,5
12953,19160,7
12953,19161,11
12953,19180,2
12953,19186,2
12953,19190,2
12953,19191,4.5
12953,19200,2
12953,19203,1
12954,18757,4
12954,18759,2
12954,18766,3
12954,18773,5
12954,18874,3
12954,18888,2
12954,18912,2
12954,18927,2
12954,18928,2
12954,18932,1
12954,18934,5
12954,18935,5
12954,18936,1
12954,18940,1
12954,18941,5
12954,18946,3
12954,18947,16
12954,18949,7
12954,18962,2
12954,18967,3
12954,18968,3
12954,18969,1
12954,18989,3
12954,18990,21.5
12954,18991,6
12954,18992,10
12954,18993,2.5
12954,18995,4
12954,19013,6
12954,19014,5
12954,19017,2
12954,19029,3
12954,19037,5
12954,19038,55
12954,19039,23
12954,19040,18
12954,19041,2
12954,19058,4
12954,19059,9
12954,19060,6
12954,19061,3
12954,19063,8
12954,19064,1
12954,19072,2
12954,19073,24
12954,19074,4
12954,19075,3
12954,19083,4
12954,19087,1
12954,19092,2
12954,19100,2
12954,19123,2
12954,19131,2
12954,19136,2
12954,19147,1
12954,19149,2
12954,19150,31
12954,19151,30
12954,19152,7
12954,19161,5
12954,19165,7
12954,19166,12
12954,19173,2
12954,19174,4
12954,19190,3
12954,19216,1
12954,19217,3
12955,18742,5
12955,18743,1
12955,18756,1
12955,18759,1
12955,18767,1
12955,18768,3
12955,18771,1
12955,18776,2
12955,18793,1
12955,18875,1
12955,18878,4
12955,18888,2
12955,18889,1
12955,18911,1
12955,18927,2
12955,18928,6
12955,18929,2
12955,18932,2
12955,18935,2
12955,18938,2
12955,18940,2
12955,18944,6.5
12955,18945,4
12955,18946,4
12955,18948,1
12955,18960,1
12955,18967,3.5
12955,18969,2
12955,18989,13
12955,18990,52
12955,18991,48
12955,18992,30
12955,18993,20
12955,18994,6
12955,18995,4
12955,19001,4
12955,19006,1
12955,19008,2
12955,19014,3
12955,19031,10
12955,19037,40.5
12955,19038,19.5
12955,19043,1
12955,19058,5
12955,19059,2
12955,19060,5
12955,19061,2
12955,19072,2
12955,19073,4
12955,19074,19
12955,19085,1
12955,19086,2
12955,19090,6
12955,19091,3
12955,19101,2
12955,19107,1
12955,19111,4
12955,19114,3
12955,19115,8
12955,19132,1
12955,19147,29
12955,19148,21
12955,19149,9
12955,19150,11
12955,19151,32
12955,19153,2
12955,19160,3
12955,19161,12
12955,19162,3
12955,19166,8
12955,19170,4
12955,19171,2
12955,19172,6
12955,19174,6
12955,19196,1
12955,19198,1
12955,19206,4
12956,18757,1
12956,18759,7.5
12956,18760,4
12956,18763,4
12956,18769,5
12956,18779,2
12956,18874,8
12956,18878,9
12956,18881,1
12956,18884,2
12956,18889,4
12956,18901,1.5
12956,18902,1
12956,18929,2
12956,18930,5
12956,18932,2
12956,18935,4
12956,18936,6
12956,18940,1
12956,18941,2
12956,18944,1
12956,18946,1
12956,18947,3
12956,18949,6
12956,18950,1.5
12956,18959,3
12956,18960,3
12956,18963,5
12956,18970,2
12956,18977,6
12956,18989,9
12956,18990,30
12956,18991,13.5
12956,18992,18
12956,19006,1
12956,19035,2
12956,19037,3
12956,19038,18
12956,19044,1
12956,19045,3
12956,19057,30
12956,19058,12
12956,19059,16
12956,19062,4
12956,19063,9
12956,19064,2
12956,19071,4
12956,19072,25
12956,19073,10
12956,19074,11
12956,19078,1
12956,19079,2
12956,19094,4
12956,19098,4
12956,19102,2
12956,19107,1
12956,19108,2
12956,19113,2
12956,19130,2
12956,19133,1
12956,19145,14.5
12956,19146,91.5
12956,19147,33.5
12956,19149,42
12956,19150,79
12956,19151,76
12956,19152,16
12956,19153,13
12956,19156,2
12956,19162,26
12956,19163,14
12956,19165,1
12956,19166,11
12956,19167,3
12956,19168,4
12956,19170,4
12956,19175,6
12956,19176,2
12956,19186,13
12956,19204,2
12956,19206,2
12956,19212,5
12957,18730,3
12957,18731,7
12957,18747,1
12957,18763,1
12957,18772,5
12957,18775,1
12957,18780,2
12957,18830,3
12957,18874,2
12957,18884,1
12957,18885,5
12957,18889,5
12957,18890,2
12957,18902,5
12957,18936,2
12957,18940,2
12957,18945,3
12957,18946,6
12957,18947,3
12957,18951,3
12957,18952,4
12957,18954,3
12957,18955,2
12957,18956,5
12957,18957,1
12957,18958,2
12957,18968,1
12957,18970,2
12957,18974,3
12957,18976,2
12957,18977,8
12957,18989,9
12957,18990,25
12957,18991,6
12957,18992,12
12957,18993,5
12957,19001,2
12957,19038,5
12957,19058,29
12957,19059,10
12957,19062,2
12957,19063,7
12957,19064,3
12957,19067,2
12957,19070,15
12957,19071,37
12957,19072,36
12957,19073,18
12957,19076,2
12957,19079,2
12957,19082,5
12957,19095,2
12957,19098,2
12957,19104,10
12957,19105,5
12957,19106,15
12957,19109,1
12957,19115,1
12957,19118,3.5
12957,19141,2
12957,19146,53
12957,19147,11
12957,19148,24
12957,19149,24
12957,19150,60
12957,19151,122.5
12957,19152,19
12957,19153,3
12957,19158,4
12957,19162,18
12957,19163,12
12957,19164,4
12957,19165,2
12957,19166,2
12957,19174,1
12957,19175,2
12957,19176,4
12957,19193,4
12957,19194,1
12957,19195,7
12957,19196,2
12957,19217,1
12957,19224,3
12957,19225,4
12958,18743,5
12958,18750,5
12958,18772,2
12958,18782,1
12958,18783,1
12958,18791,1
12958,18830,1
12958,18831,8
12958,18832,3
12958,18873,3
12958,18880,6
12958,18889,1
12958,18890,2
12958,18902,4
12958,18905,3
12958,18915,1
12958,18935,1
12958,18936,2
12958,18940,3
12958,18941,9
12958,18942,2
12958,18946,2
12958,18947,1
12958,18952,10
12958,18953,16
12958,18954,5
12958,18955,4
12958,18957,1
12958,18963,4
12958,18969,2
12958,18970,8
12958,18971,2
12958,18975,2
12958,18977,5
12958,18978,3
12958,18989,2
12958,18991,1
12958,19002,7
12958,19015,8
12958,19034,4
12958,19039,5
12958,19055,4
12958,19057,2
12958,19058,22.5
12958,19059,13
12958,19061,2
12958,19064,2
12958,19065,3
12958,19070,7
12958,19071,74.5
12958,19072,19
12958,19075,2
12958,19076,3
12958,19089,5
12958,19094,5
12958,19102,17
12958,19103,15
12958,19104,12
12958,19105,4
12958,19116,4
12958,19117,2
12958,19119,6
12958,19120,3
12958,19123,2
12958,19124,2
12958,19138,3
12958,19141,1
12958,19143,2
12958,19144,2
12958,19145,34
12958,19146,56
12958,19147,60
12958,19148,37
12958,19149,65
12958,19150,74
12958,19151,80
12958,19152,80
12958,19153,10
12958,19154,9
12958,19155,10
12958,19156,18
12958,19157,8
12958,19158,8
12958,19159,2
12958,19160,12
12958,19161,13
12958,19162,12
12958,19165,5
12958,19168,1
12958,19172,4
12958,19189,2
12958,19195,15
12958,19208,1
12959,18752,2
12959,18762,2
12959,18764,2
12959,18790,1
12959,18792,2
12959,18873,1
12959,18875,3
12959,18876,1
12959,18881,2
12959,18904,2
12959,18913,4
12959,18914,11
12959,18929,3
12959,18940,2
12959,18943,2
12959,18944,2
12959,18951,4
12959,18952,2
12959,18953,7
12959,18954,5
12959,18962,2
12959,18971,3
12959,18977,1
12959,18979,1
12959,18988,2
12959,18989,16
12959,18990,8
12959,18991,1
12959,19002,1
12959,19011,3
12959,19015,3
12959,19016,3
12959,19033,2
12959,19034,7
12959,19035,1
12959,19039,12.5
12959,19050,2
12959,19059,8
12959,19070,2
12959,19071,14
12959,19072,8
12959,19073,3
12959,19074,4
12959,19075,7
12959,19076,9
12959,19077,2
12959,19079,4
12959,19083,7
12959,19093,5
12959,19094,8
12959,19100,3
12959,19105,2
12959,19119,6
12959,19122,6
12959,19134,7
12959,19146,117.5
12959,19147,111.5
12959,19148,54
12959,19149,38
12959,19150,35
12959,19151,11
12959,19152,32.5
12959,19153,41
12959,19154,14
12959,19155,13
12959,19156,7
12959,19157,5
12959,19159,2
12959,19168,2
12959,19172,5
12959,19176,2
12959,19178,2
12959,19179,5
12959,19180,7
12959,19190,6
12959,19199,2
12959,19201,1
12959,19215,7
12959,19216,7
12959,19218,1
12959,19235,3
12960,18751,6
12960,18762,2
12960,18784,5
12960,18786,4
12960,18787,1
12960,18792,1
12960,18798,2
12960,18874,1
12960,18878,2
12960,18879,4
12960,18882,3
12960,18888,4
12960,18889,2
12960,18895,4.5
12960,18896,3
12960,18905,3
12960,18913,3
12960,18914,2
12960,18936,2
12960,18941,3
12960,18945,2
12960,18947,4
12960,18948,2
12960,18950,1
12960,18951,4
12960,18954,1
12960,18989,4
12960,18990,4
12960,18991,4
12960,19003,2
12960,19005,2
12960,19036,1
12960,19039,2
12960,19040,6
12960,19058,4
12960,19059,3
12960,19061,5
12960,19071,4
12960,19074,31
12960,19075,6
12960,19076,15
12960,19077,1
12960,19078,1
12960,19082,5
12960,19083,2
12960,19086,6
12960,19087,1
12960,19107,5
12960,19117,3
12960,19120,12
12960,19121,15.5
12960,19128,1
12960,19136,2
12960,19145,3
12960,19146,17
12960,19147,36
12960,19148,26
12960,19149,24
12960,19150,5
12960,19152,17.5
12960,19153,60
12960,19154,13
12960,19156,2
12960,19181,2
12960,19192,2
12960,19193,3
12960,19194,5
12960,19202,1
12960,19210,5
12960,19211,4
12960,19212,5
12960,19213,2
12960,19214,2
12960,19215,2
12960,19221,1
12960,19225,5
12960,19239,4
12961,18763,4
12961,18764,3
12961,18775,4
12961,18776,11
12961,18778,5
12961,18786,1
12961,18793,6
12961,18874,2
12961,18881,4
12961,18896,6
12961,18905,4
12961,18906,4
12961,18907,4
12961,18908,2
12961,18930,2
12961,18936,1
12961,18937,2
12961,18950,3
12961,18951,2
12961,18954,3
12961,18963,1
12961,18975,4
12961,18979,2
12961,18980,8
12961,18988,2
12961,18989,6
12961,18990,4
12961,18991,9
12961,18995,3
12961,19011,2
12961,19039,1
12961,19040,2
12961,19071,2
12961,19081,3
12961,19082,2
12961,19083,3
12961,19084,3
12961,19086,1
12961,19089,3
12961,19100,3
12961,19106,6
12961,19114,1
12961,19117,3
12961,19119,2
12961,19120,4
12961,19121,17
12961,19126,6
12961,19137,5
12961,19142,2
12961,19147,16
12961,19148,19.5
12961,19151,2
12961,19152,27
12961,19153,30
12961,19154,28
12961,19155,8
12961,19188,2
12961,19192,5.5
12961,19193,1
12961,19207,1
12961,19209,6
12961,19211,8
12961,19212,2
12961,19214,1
12962,18731,1
12962,18732,3
12962,18733,2
12962,18738,2
12962,18739,3
12962,18753,2
12962,18763,2
12962,18774,1
12962,18793,3
12962,18795,9
12962,18796,2
12962,18829,1
12962,18881,1
12962,18897,4
12962,18903,1
12962,18906,3
12962,18907,13
12962,18908,10
12962,18909,14
12962,18930,6
12962,18931,8
12962,18935,6
12962,18943,2
12962,18963,9
12962,18982,1
12962,18988,1
12962,18989,4
12962,18991,3
12962,18992,1
12962,19010,3
12962,19034,4
12962,19038,1
12962,19039,3
12962,19087,2
12962,19088,1
12962,19105,4
12962,19106,2
12962,19114,1
12962,19119,6
12962,19120,16
12962,19121,9
12962,19125,1
12962,19147,38
12962,19152,10.5
12962,19154,4
12962,19159,4
12962,19184,3
12962,19186,6
12962,19188,3
12962,19193,6
12962,19194,5
12962,19214,8
12962,19215,2
12962,19218,2
12962,19221,1
12962,19226,2
12963,18726,1
12963,18732,2
12963,18733,4
12963,18738,5
12963,18739,5
12963,18752,1
12963,18753,13
12963,18762,1
12963,18763,5
12963,18795,2
12963,18828,2
12963,18892,4
12963,18899,2
12963,18909,4
12963,18910,2
12963,18911,4
12963,18919,1
12963,18924,1
12963,18925,3
12963,18926,2
12963,18930,2
12963,18937,1
12963,18941,1
12963,18958,2
12963,18959,5
12963,18963,3
12963,18964,2
12963,18966,2
12963,18982,3.5
12963,18989,3
12963,18992,5
12963,19004,4
12963,19005,2
12963,19006,7
12963,19009,5
12963,19034,1
12963,19038,5
12963,19059,3
12963,19087,39
12963,19088,3
12963,19091,4
12963,19101,3
12963,19102,3
12963,19104,4
12963,19105,5
12963,19111,2
12963,19117,3
12963,19119,7
12963,19120,19
12963,19146,1
12963,19147,6
12963,19150,6
12963,19154,1
12963,19175,1
12963,19189,6
12963,19190,4
12963,19191,11
12963,19192,3
12963,19214,11
12963,19215,5
12963,19218,1
12963,19223,4
12964,18726,2
12964,18736,2
12964,18740,1
12964,18762,1
12964,18827,3
12964,18831,2
12964,18874,3
12964,18890,4
12964,18891,1
12964,18900,3
12964,18901,2
12964,18912,3
12964,18919,2
12964,18921,5
12964,18922,4
12964,18940,2
12964,18946,1
12964,18957,5
12964,18959,9
12964,18960,8
12964,18963,2
12964,18964,5
12964,18965,6
12964,18966,17
12964,18981,2
12964,18992,3.5
12964,19003,4
12964,19005,1
12964,19014,9
12964,19015,13
12964,19016,4
12964,19034,4
12964,19037,3
12964,19058,1
12964,19086,1
12964,19087,11
12964,19088,9
12964,19089,4
12964,19094,2
12964,19100,2.5
12964,19102,4
12964,19103,1
12964,19105,1
12964,19107,3
12964,19108,2
12964,19122,2
12964,19127,2
12964,19128,2
12964,19130,1
12964,19146,1.5
12964,19147,1
12964,19151,2
12964,19156,3
12964,19158,1
12964,19193,1
12964,19194,4
12964,19214,6
12964,19215,9
12964,19216,23
12964,19217,11
12964,19218,1
12964,19222,3
12964,19224,1
12964,19225,3
12964,19226,2
12965,18725,6
12965,18726,2
12965,18736,3
12965,18737,4
12965,18739,7
12965,18740,3
12965,18773,3
12965,18774,3
12965,18780,1
12965,18781,2
12965,18821,1
12965,18827,4
12965,18828,2
12965,18877,2
12965,18890,5.5
12965,18899,1
12965,18900,11
12965,18901,12
12965,18913,2
12965,18914,3
12965,18921,4
12965,18946,3
12965,18947,2
12965,18961,1
12965,18964,11
12965,18965,11
12965,18966,2
12965,18967,6
12965,18991,2
12965,19004,4
12965,19010,14
12965,19011,5
12965,19013,6
12965,19014,11
12965,19032,5
12965,19043,1
12965,19065,5
12965,19071,2
12965,19072,1
12965,19089,4
12965,19100,2
12965,19103,3
12965,19104,9
12965,19105,7
12965,19106,6
12965,19107,14
12965,19108,11
12965,19127,2
12965,19128,15
12965,19130,4
12965,19135,2
12965,19148,3
12965,19150,10
12965,19151,1
12965,19156,7
12965,19165,4
12965,19190,4.5
12965,19194,1
12965,19204,1
12965,19205,3
12965,19211,4
12965,19215,5
12965,19216,20
12965,19217,18
12965,19226,1
12965,19231,1
12966,18738,11
12966,18739,6
12966,18740,24
12966,18762,4
12966,18764,1
12966,18773,5
12966,18774,1
12966,18787,5
12966,18789,13
12966,18820,2
12966,18881,4
12966,18888,4
12966,18899,2
12966,18900,4
12966,18901,18.5
12966,18902,10
12966,18904,2
12966,18959,1
12966,18960,6
12966,18961,6
12966,18963,27
12966,18964,45
12966,18965,28
12966,18966,27
12966,18967,2
12966,18982,4
12966,18995,4
12966,19008,2
12966,19010,16
12966,19012,1
12966,19016,1
12966,19035,2
12966,19055,11
12966,19058,23
12966,19089,9
12966,19090,10
12966,19091,23
12966,19092,2
12966,19097,2
12966,19098,2
12966,19099,13
12966,19102,9
12966,19103,6
12966,19104,56
12966,19105,38
12966,19106,5
12966,19107,9
12966,19110,2.5
12966,19115,1
12966,19120,1
12966,19121,4
12966,19122,3
12966,19129,7
12966,19150,14.5
12966,19151,8
12966,19152,11.5
12966,19153,5
12966,19169,4
12966,19170,2
12966,19188,6
12966,19189,4
12966,19197,3
12966,19203,1
12966,19204,3
12966,19205,1
12966,19217,4
12966,19230,5
12966,19238,1
12967,18728,2
12967,18736,8
12967,18741,3
12967,18742,3
12967,18747,1
12967,18748,8
12967,18758,2.5
12967,18760,2
12967,18765,4
12967,18789,26
12967,18790,6
12967,18817,3
12967,18820,1
12967,18890,3
12967,18898,5
12967,18899,1
12967,18902,8
12967,18903,2
12967,18904,14
12967,18905,2
12967,18936,4
12967,18956,1
12967,18957,4
12967,18958,4
12967,18959,13
12967,18962,15
12967,18963,27
12967,18964,41
12967,18965,42
12967,18966,13
12967,18967,10
12967,18982,4
12967,18994,3
12967,19009,1
12967,19011,11
12967,19012,34.5
12967,19014,10
12967,19016,1
12967,19058,7
12967,19072,3
12967,19088,2
12967,19089,9
12967,19090,23
12967,19092,8
12967,19093,2
12967,19096,1
12967,19099,5
12967,19100,3
12967,19102,4
12967,19103,73
12967,19104,42
12967,19105,18
12967,19106,8
12967,19107,3
12967,19110,5
12967,19111,7
12967,19112,2
12967,19121,3
12967,19127,8
12967,19130,1
12967,19134,2
12967,19135,2
12967,19150,11
12967,19151,2
12967,19152,6
12967,19153,13
12967,19154,16
12967,19167,3
12967,19171,2
12967,19172,2
12967,19173,1
12967,19181,2
12967,19182,3
12967,19197,2
12967,19203,3
12967,19204,2
12967,19229,2
12967,19231,2
12968,18729,7
12968,18731,3
12968,18748,1
12968,18758,2
12968,18763,1
12968,18766,5
12968,18782,4
12968,18783,9
12968,18791,4
12968,18814,2
12968,18817,3
12968,18891,2.5
12968,18895,4
12968,18897,25
12968,18898,18
12968,18905,7
12968,18938,3
12968,18939,1
12968,18948,3
12968,18951,6
12968,18957,2
12968,18959,19
12968,18960,15
12968,18961,9
12968,18962,14
12968,18963,13
12968,18964,34.5
12968,18965,74
12968,18966,11.5
12968,18967,24
12968,18968,22
12968,18975,3
12968,18979,19
12968,18980,6
12968,18981,3
12968,18982,19
12968,18983,8
12968,18984,6
12968,18985,2
12968,19003,2
12968,19008,14
12968,19009,8
12968,19010,3
12968,19012,5
12968,19013,5.5
12968,19014,4
12968,19017,1
12968,19019,5
12968,19034,1
12968,19035,2
12968,19058,4
12968,19071,21
12968,19072,5
12968,19074,5
12968,19076,9
12968,19086,4
12968,19089,2
12968,19098,5
12968,19099,2
12968,19100,2
12968,19101,1
12968,19102,11.5
12968,19103,24.5
12968,19104,28
12968,19105,16
12968,19106,12
12968,19109,7
12968,19111,4
12968,19112,7
12968,19118,2
12968,19119,3
12968,19121,1
12968,19127,8
12968,19128,7.5
12968,19133,4
12968,19149,4
12968,19151,19
12968,19154,1
12968,19155,2
12968,19156,2
12968,19174,3
12968,19183,5
12968,19207,3
12968,19248,2
12969,18730,5
12969,18731,1
12969,18746,3
12969,18755,1
12969,18756,5
12969,18757,15
12969,18758,4
12969,18763,3
12969,18775,7
12969,18776,6
12969,18782,2
12969,18783,7
12969,18788,1
12969,18796,2
12969,18797,2
12969,18832,3
12969,18881,2
12969,18897,12
12969,18901,2
12969,18902,2
12969,18905,2
12969,18912,1
12969,18948,1
12969,18951,4
12969,18952,3
12969,18953,7
12969,18960,5
12969,18961,11
12969,18965,56
12969,18966,26
12969,18967,22
12969,18968,27.5
12969,18970,16
12969,18978,3
12969,18979,9
12969,18980,5
12969,18981,25.5
12969,18982,29
12969,18983,7
12969,18984,1
12969,18985,1
12969,19005,3
12969,19008,14
12969,19009,22.5
12969,19010,6
12969,19012,4
12969,19013,5
12969,19021,2
12969,19022,3
12969,19034,4
12969,19035,1
12969,19071,9
12969,19072,7
12969,19074,21
12969,19075,4
12969,19076,27
12969,19080,2
12969,19098,8
12969,19101,6
12969,19102,7
12969,19103,5
12969,19104,25
12969,19105,26
12969,19106,13
12969,19107,1
12969,19115,2
12969,19117,2
12969,19119,5
12969,19121,1
12969,19128,1
12969,19132,6
12969,19134,2
12969,19141,2
12969,19144,1
12969,19149,2
12969,19151,21
12969,19152,2
12969,19175,1
12969,19182,2
12969,19183,3
12969,19247,4
12970,18738,3
12970,18746,5
12970,18750,2
12970,18751,1
12970,18756,8
12970,18757,4
12970,18758,1
12970,18764,1
12970,18776,3
12970,18787,3
12970,18831,2
12970,18883,2
12970,18884,1
12970,18911,3
12970,18944,1
12970,18950,15
12970,18951,4
12970,18961,3
12970,18965,2
12970,18967,4
12970,18968,27
12970,18969,7
12970,18970,4
12970,18971,2
12970,18972,9
12970,18973,2
12970,18978,7
12970,18979,5
12970,18981,8
12970,18983,3
12970,19001,4
12970,19008,5
12970,19009,24
12970,19010,57
12970,19031,2
12970,19034,2
12970,19057,2
12970,19058,2
12970,19071,4
12970,19072,10
12970,19076,2
12970,19080,1
12970,19083,2
12970,19097,4
12970,19100,1
12970,19101,7
12970,19113,2
12970,19114,1
12970,19115,2
12970,19117,5
12970,19118,3
12970,19130,3
12970,19131,8
12970,19146,6
12970,19149,5
12970,19151,14
12970,19207,3
12970,19220,2
12970,19245,3
12970,19248,2
12971,18727,1
12971,18758,1
12971,18765,4
12971,18786,1
12971,18814,2
12971,18823,1
12971,18831,4
12971,18832,4
12971,18884,2
12971,18904,1
12971,18945,2
12971,18949,14
12971,18950,4
12971,18967,1
12971,18971,2
12971,18972,5
12971,18973,11
12971,18974,4
12971,18982,2
12971,18983,1
12971,19005,1
12971,19006,6
12971,19007,1
12971,19008,4
12971,19009,7
12971,19010,18
12971,19011,7
12971,19018,7
12971,19019,2
12971,19031,2
12971,19036,3
12971,19057,3
12971,19058,2
12971,19071,5
12971,19074,2
12971,19077,4
12971,19081,1
12971,19099,4
12971,19103,7
12971,19104,4
12971,19114,1
12971,19116,1
12971,19122,2
12971,19126,3
12971,19139,3
12971,19142,2
12971,19143,3
12971,19151,16
12971,19170,4
12971,19174,4
12971,19175,1
12971,19176,1
12971,19190,2
12971,19227,5
12971,19252,2
12972,18756,1
12972,18766,8
12972,18767,2
12972,18780,2
12972,18781,5
12972,18798,2
12972,18809,1
12972,18814,2
12972,18815,3
12972,18823,6
12972,18827,2
12972,18884,2
12972,18885,1
12972,18887,2
12972,18949,4
12972,18960,1
12972,18961,8
12972,18962,6
12972,18963,2
12972,18964,3
12972,18966,4
12972,18973,4
12972,18975,2
12972,18980,2
12972,18982,3
12972,19006,7
12972,19007,6
12972,19009,3
12972,19010,4
12972,19014,3
12972,19031,12
12972,19047,3
12972,19055,15
12972,19056,4
12972,19057,6
12972,19058,2
12972,19070,2
12972,19071,43
12972,19072,38.5
12972,19073,4
12972,19074,3.5
12972,19077,9
12972,19078,6
12972,19081,2
12972,19091,1
12972,19103,5
12972,19107,3
12972,19117,5
12972,19125,4
12972,19126,2
12972,19148,2
12972,19151,4
12972,19188,4
12972,19189,4
12972,19201,5
12972,19205,2
12972,19211,2
12972,19229,2
12972,19230,3
12972,19231,1
12972,19239,1
12973,18722,3
12973,18723,1
12973,18733,8
12973,18739,3
12973,18754,2
12973,18755,3
12973,18756,5
12973,18766,3
12973,18798,2
12973,18812,5
12973,18814,6
12973,18815,10
12973,18889,2
12973,18919,4
12973,18928,2
12973,18960,10
12973,18961,5
12973,18963,2
12973,18964,2
12973,18965,5
12973,18966,15
12973,18974,8.5
12973,18975,2
12973,19005,2
12973,19009,3
12973,19010,8
12973,19011,8
12973,19014,2
12973,19023,8
12973,19025,2
12973,19027,2
12973,19031,8
12973,19032,2
12973,19047,4
12973,19056,4
12973,19057,5
12973,19058,4
12973,19069,2
12973,19070,10
12973,19071,57
12973,19072,28
12973,19073,11
12973,19074,11
12973,19075,2
12973,19076,2
12973,19081,8
12973,19084,2
12973,19085,2
12973,19086,2
12973,19088,9
12973,19089,12
12973,19090,2
12973,19101,7
12973,19102,3.5
12973,19103,7
12973,19111,1
12973,19113,1
12973,19119,3
12973,19141,2
12973,19152,1
12973,19153,2
12973,19154,3
12973,19156,2
12973,19177,5
12973,19182,1
12973,19207,1
12973,19220,2
12973,19231,2
12973,19238,3
12973,19254,4
12974,18723,3
12974,18738,2
12974,18766,1
12974,18770,1
12974,18774,2
12974,18776,4
12974,18781,4
12974,18798,3
12974,18812,4
12974,18815,3
12974,18820,4
12974,18825,1
12974,18832,5
12974,18890,2
12974,18891,2
12974,18912,2
12974,18913,1
12974,18914,2
12974,18929,2
12974,18959,1
12974,18966,7
12974,18967,5
12974,18968,2
12974,18969,5
12974,18974,4
12974,18975,3
12974,18991,4
12974,18997,3
12974,18999,1
12974,19011,1
12974,19023,1
12974,19030,2
12974,19031,7
12974,19035,2
12974,19059,2
12974,19070,2
12974,19071,26
12974,19072,6
12974,19078,1
12974,19080,1
12974,19081,27
12974,19083,4
12974,19085,8
12974,19086,2
12974,19088,12
12974,19089,20
12974,19090,11
12974,19096,4
12974,19101,1
12974,19103,1
12974,19107,1
12974,19133,1
12974,19136,4
12974,19139,2
12974,19153,4
12974,19162,3
12974,19177,3
12974,19195,4
12974,19202,1
12974,19203,1
12974,19211,3
12974,19224,8
12974,19245,2
12974,19246,5
12974,19247,5
12974,19248,4
12975,18729,1
12975,18743,1
12975,18762,4
12975,18764,2
12975,18765,5
12975,18770,11
12975,18771,6
12975,18774,3
12975,18783,2
12975,18788,2
12975,18789,3
12975,18790,1
12975,18791,2
12975,18805,7
12975,18806,2
12975,18812,5
12975,18813,7
12975,18814,2
12975,18821,1
12975,18824,6
12975,18832,4
12975,18913,2
12975,18921,6
12975,18938,3
12975,18965,1
12975,18968,1
12975,18983,2
12975,18993,3
12975,18995,1
12975,19013,4
12975,19018,3
12975,19029,2
12975,19032,2
12975,19035,3
12975,19036,15
12975,19037,4
12975,19079,4
12975,19081,12
12975,19085,14
12975,19086,3
12975,19088,3
12975,19091,2
12975,19092,1
12975,19095,4
12975,19098,2
12975,19101,1
12975,19102,2
12975,19103,1
12975,19105,2
12975,19132,3
12975,19133,8
12975,19134,2
12975,19164,5
12975,19167,2
12975,19171,4
12975,19203,14
12975,19204,3
12975,19215,8
12975,19221,1
12975,19222,4
12975,19229,2
12975,19252,2
12975,19261,2
12975,19263,1
12975,19265,1
12975,19268,1
12975,19269,7
12975,19270,6
12976,18726,4
12976,18730,6
12976,18732,3
12976,18733,4
12976,18740,2
12976,18741,1
12976,18742,3
12976,18743,3
12976,18747,8
12976,18756,4
12976,18757,3
12976,18770,4
12976,18775,2
12976,18776,1
12976,18782,4.5
12976,18791,6
12976,18792,10.5
12976,18812,2
12976,18815,2
12976,18822,6
12976,18823,9
12976,18829,4
12976,18833,8
12976,18894,3
12976,18895,1
12976,18910,4
12976,18912,3
12976,18920,2
12976,18921,10
12976,18922,1
12976,18923,2
12976,18983,5
12976,18987,2
12976,18993,5
12976,18994,7
12976,18995,2
12976,19013,4
12976,19018,2
12976,19035,2
12976,19037,9.5
12976,19043,7
12976,19044,3
12976,19056,2
12976,19057,5
12976,19085,27
12976,19087,5
12976,19097,3
12976,19098,4
12976,19104,3
12976,19116,1.5
12976,19117,4
12976,19120,2
12976,19125,2
12976,19129,2
12976,19133,13
12976,19134,14
12976,19167,5
12976,19176,2
12976,19179,3
12976,19186,4
12976,19190,1
12976,19202,1
12976,19203,2
12976,19204,3
12976,19244,2
12976,19249,1
12976,19257,4
12976,19271,2
12976,19272,5
12977,18726,1
12977,18732,6
12977,18740,4
12977,18741,4
12977,18747,2
12977,18767,2
12977,18771,3
12977,18782,4
12977,18791,6
12977,18793,4
12977,18811,5
12977,18813,2
12977,18815,2
12977,18819,2
12977,18822,6
12977,18823,5
12977,18824,2
12977,18833,1
12977,18834,3
12977,18835,1
12977,18894,1
12977,18895,3
12977,18911,3
12977,18912,12
12977,18916,1
12977,18928,1
12977,18950,2
12977,18967,5
12977,18971,4
12977,18975,3
12977,18997,2
12977,19001,4
12977,19004,4
12977,19013,1
12977,19042,11
12977,19043,14
12977,19054,2
12977,19071,1
12977,19083,3
12977,19095,2
12977,19096,1
12977,19121,4
12977,19133,2
12977,19134,2
12977,19144,5
12977,19147,2
12977,19155,3
12977,19163,8
12977,19164,2
12977,19165,4
12977,19168,9
12977,19169,4
12977,19170,3
12977,19180,4
12977,19187,1
12977,19193,2
12977,19205,1
12977,19206,2
12977,19229,4
12977,19245,2
12977,19260,1
12977,19261,1
12978,18726,9
12978,18731,5
12978,18740,1
12978,18741,10
12978,18764,2
12978,18781,5
12978,18782,19
12978,18783,13
12978,18787,8
12978,18788,2
12978,18792,4
12978,18793,2
12978,18801,5
12978,18802,1
12978,18811,2
12978,18813,1
12978,18818,2
12978,18932,4
12978,18951,9
12978,18953,2
12978,18996,2
12978,19004,6
12978,19005,3
12978,19017,1
12978,19018,1
12978,19037,2
12978,19038,5
12978,19040,3.5
12978,19041,20
12978,19042,35
12978,19044,1
12978,19054,4
12978,19069,1
12978,19070,2
12978,19087,2
12978,19131,1
12978,19132,2
12978,19134,4
12978,19135,17
12978,19136,3
12978,19140,7
12978,19141,12
12978,19143,7
12978,19155,5
12978,19160,2.5
12978,19163,3
12978,19164,4
12978,19165,1
12978,19171,5.5
12978,19183,2
12978,19184,4
12978,19185,1
12978,19194,1
12978,19205,1
12978,19209,4
12978,19210,2
12978,19221,1
12978,19222,2
12978,19232,3
12978,19235,2
12978,19256,2
12978,19273,4
12979,18726,4
12979,18740,2
12979,18752,18
12979,18753,1
12979,18754,4.5
12979,18755,5
12979,18769,2
12979,18776,3
12979,18779,16
12979,18780,7
12979,18781,16
12979,18782,9
12979,18792,4
12979,18793,3
12979,18800,3
12979,18801,4
12979,18813,3
12979,18814,2
12979,18815,1
12979,18834,3
12979,18900,2
12979,18943,5
12979,18944,2
12979,18948,2
12979,18949,3
12979,18950,23
12979,18951,11
12979,18952,4
12979,18978,6
12979,18982,4
12979,18983,2
12979,18984,2
12979,18986,6
12979,18987,11
12979,18988,2
12979,19003,2
12979,19005,5
12979,19006,10
12979,19017,1
12979,19035,4
12979,19039,4
12979,19040,13
12979,19041,47.5
12979,19042,4.5
12979,19057,6
12979,19061,2
12979,19068,11
12979,19088,2
12979,19089,9
12979,19090,2
12979,19092,2
12979,19103,1
12979,19111,2
12979,19119,3
12979,19128,1
12979,19130,6
12979,19131,2
12979,19134,6
12979,19136,1
12979,19140,1
12979,19145,3
12979,19160,2
12979,19163,2
12979,19173,5
12979,19174,1
12979,19175,5
12979,19176,4
12979,19183,4
12979,19184,11
12979,19185,1
12979,19198,2
12979,19205,4.5
12979,19212,2
12979,19220,3
12979,19222,16
12979,19223,17
12979,19226,2
12979,19227,1
12979,19228,2
12979,19231,1
12979,19255,4
12979,19267,1
12979,19270,3
12980,18743,11
12980,18744,2
12980,18753,3
12980,18762,1
12980,18770,4
12980,18776,1
12980,18782,2
12980,18794,3
12980,18808,5
12980,18814,4
12980,18818,3
12980,18830,1
12980,18834,2
12980,18888,6
12980,18915,5
12980,18916,10
12980,18932,8
12980,18933,13
12980,18941,1
12980,18942,3
12980,18944,8
12980,18948,4
12980,18949,6.5
12980,18950,6
12980,18951,25.5
12980,18952,1
12980,18976,1
12980,18979,4
12980,18980,1
12980,18984,8
12980,18985,10
12980,18987,5
12980,19006,1
12980,19007,1
12980,19036,4
12980,19039,6
12980,19040,17
12980,19041,10
12980,19042,41
12980,19052,2
12980,19068,2
12980,19071,1
12980,19085,3
12980,19088,12
12980,19089,14
12980,19093,5
12980,19102,2
12980,19106,1
12980,19107,2
12980,19115,3
12980,19117,4
12980,19124,4
12980,19130,5
12980,19134,1
12980,19137,4
12980,19138,3
12980,19140,11
12980,19141,4
12980,19150,2
12980,19154,1
12980,19160,3
12980,19173,5
12980,19174,8
12980,19181,1
12980,19186,1
12980,19193,1
12980,19199,2
12980,19202,4
12980,19207,4
12980,19208,2
12980,19212,2
12980,19213,4
12980,19221,2
12980,19222,6
12980,19223,13
12980,19224,5
12980,19225,14
12980,19228,5
12980,19230,1
12980,19232,1
12980,19235,4
12980,19251,3
12980,19254,6
12980,19262,4
12981,18725,1
12981,18728,5
12981,18743,4
12981,18761,9
12981,18762,1
12981,18783,1
12981,18800,4
12981,18807,4
12981,18808,2
12981,18829,1
12981,18837,4
12981,18891,2
12981,18899,6
12981,18911,3
12981,18917,1
12981,18918,5
12981,18948,2
12981,18950,2
12981,18951,12
12981,18952,3
12981,18953,3
12981,18975,3
12981,18976,5
12981,18984,2
12981,18985,1.5
12981,18992,6
12981,18993,6
12981,18995,5
12981,18996,5
12981,19004,2
12981,19005,1
12981,19007,10
12981,19008,23
12981,19009,6
12981,19020,3
12981,19029,1
12981,19036,3
12981,19038,10
12981,19042,2
12981,19053,3
12981,19073,6
12981,19082,4
12981,19083,3
12981,19086,5
12981,19090,2
12981,19093,1
12981,19095,4
12981,19096,5
12981,19102,2
12981,19106,2
12981,19110,1
12981,19113,3
12981,19119,6
12981,19126,4
12981,19135,3
12981,19136,1
12981,19140,14
12981,19141,12
12981,19159,3
12981,19160,10
12981,19164,1
12981,19196,3
12981,19235,1
12981,19236,2
12981,19253,8
12981,19254,7
12981,19255,13
12981,19263,9
12981,19265,1
12981,19270,1
12981,19274,2
12982,18726,4
12982,18729,5
12982,18734,1
12982,18761,9
12982,18763,2
12982,18776,6
12982,18777,2
12982,18785,3
12982,18793,2
12982,18800,2
12982,18801,2
12982,18806,9
12982,18807,3
12982,18808,5
12982,18810,1
12982,18820,5
12982,18827,4
12982,18829,2
12982,18891,1
12982,18892,3
12982,18893,2
12982,18898,4
12982,18901,2
12982,18902,2
12982,18905,2
12982,18919,5
12982,18945,1
12982,18951,8
12982,18952,3
12982,18953,2
12982,18975,1
12982,18976,10
12982,18977,4
12982,18980,14
12982,18983,3
12982,18989,1
12982,18990,5
12982,18991,2
12982,18992,24
12982,18993,15
12982,18994,7
12982,19008,4
12982,19009,28
12982,19010,2.5
12982,19019,2
12982,19020,10
12982,19036,4
12982,19037,7
12982,19038,2
12982,19045,5
12982,19046,1
12982,19050,3
12982,19053,2
12982,19077,4
12982,19082,2
12982,19086,8
12982,19089,2.5
12982,19100,5
12982,19102,1
12982,19104,9
12982,19107,1
12982,19108,2
12982,19109,3
12982,19110,2
12982,19111,5
12982,19118,2
12982,19119,1
12982,19123,2
12982,19133,10
12982,19137,9
12982,19140,1
12982,19141,19
12982,19150,1
12982,19158,5
12982,19159,11
12982,19177,3
12982,19181,2
12982,19193,2
12982,19197,2
12982,19205,3
12982,19206,6
12982,19207,1
12982,19209,6
12982,19223,4
12982,19252,1
12982,19255,17
12982,19256,1
12982,19268,1
12982,19274,1
12983,18724,2
12983,18726,2
12983,18728,6
12983,18729,20
12983,18730,3
12983,18747,2
12983,18751,5
12983,18761,7
12983,18777,2
12983,18778,5
12983,18779,9
12983,18785,3
12983,18792,3.5
12983,18801,5
12983,18802,2
12983,18808,2
12983,18816,2
12983,18826,1
12983,18827,3
12983,18834,2
12983,18902,1
12983,18903,3
12983,18907,3
12983,18915,2
12983,18918,7
12983,18921,2
12983,18944,3
12983,18945,1
12983,18946,1.5
12983,18975,2
12983,18976,5
12983,18977,2
12983,18990,4
12983,18991,3
12983,18992,1
12983,18993,14
12983,18994,5
12983,19009,3
12983,19014,1
12983,19015,13
12983,19016,4
12983,19019,3
12983,19028,1
12983,19029,1
12983,19038,4
12983,19045,3
12983,19049,1
12983,19050,4
12983,19053,17
12983,19055,2
12983,19066,3
12983,19067,8
12983,19078,5
12983,19088,1
12983,19097,2
12983,19099,2
12983,19100,2
12983,19102,2
12983,19111,2
12983,19113,2
12983,19118,2
12983,19119,1
12983,19120,3
12983,19130,1
12983,19133,2
12983,19140,2
12983,19144,1
12983,19157,1
12983,19158,9
12983,19170,2
12983,19178,1
12983,19180,1
12983,19181,5
12983,19192,4
12983,19194,2
12983,19195,2
12983,19198,3
12983,19206,4
12983,19217,3
12983,19248,4
12983,19253,4
12983,19254,2
12983,19255,2
12983,19256,2
12983,19258,1
12983,19259,2
12983,19266,4
12983,19270,4
12983,19271,4
12983,19290,4
12984,18724,8
12984,18725,3
12984,18729,4
12984,18730,4
12984,18735,1
12984,18746,2
12984,18753,4
12984,18761,2
12984,18779,3
12984,18786,1
12984,18799,9
12984,18800,2
12984,18801,6
12984,18802,1
12984,18808,3
12984,18809,2
12984,18816,3
12984,18834,1
12984,18869,1
12984,18872,2
12984,18881,3
12984,18883,1
12984,18887,7
12984,18902,2
12984,18905,1
12984,18917,3
12984,18928,2
12984,18939,7
12984,18946,2
12984,18953,1
12984,18975,18
12984,18976,8
12984,18977,2
12984,18990,3
12984,18991,3
12984,18992,4
12984,18993,32.5
12984,18995,6
12984,18999,2
12984,19003,4
12984,19013,1
12984,19014,3
12984,19015,11.5
12984,19016,1
12984,19018,2
12984,19019,3
12984,19020,5
12984,19028,5
12984,19038,4
12984,19039,4
12984,19049,10
12984,19050,5
12984,19076,1
12984,19077,10
12984,19078,4
12984,19093,1
12984,19099,4
12984,19104,6
12984,19105,8
12984,19115,12
12984,19118,1
12984,19119,6
12984,19130,2
12984,19134,1
12984,19144,2
12984,19153,4
12984,19159,5
12984,19166,3
12984,19206,3
12984,19253,2
12984,19255,5
12984,19257,2
12984,19269,4
12984,19289,5
12985,18724,3
12985,18725,4
12985,18729,1
12985,18735,15
12985,18740,5
12985,18741,16
12985,18755,3
12985,18777,5
12985,18782,2
12985,18793,2
12985,18796,3
12985,18799,4
12985,18802,4
12985,18808,1
12985,18810,2
12985,18816,1
12985,18818,2
12985,18905,3
12985,18938,4
12985,18974,3
12985,18993,5
12985,18994,7
12985,18995,4
12985,18999,4
12985,19013,2
12985,19015,3
12985,19020,1
12985,19044,4
12985,19052,5
12985,19054,1
12985,19055,5
12985,19070,1
12985,19071,6
12985,19077,1
12985,19081,3
12985,19093,8
12985,19094,1
12985,19095,3
12985,19103,2
12985,19104,2
12985,19105,9
12985,19111,4
12985,19119,2
12985,19134,1
12985,19141,2
12985,19147,1
12985,19149,2
12985,19152,6
12985,19156,4
12985,19164,4
12985,19180,3
12985,19181,2
12985,19206,2
12985,19209,1
12985,19217,3
12985,19219,5
12985,19231,4
12985,19232,3
12985,19237,2
12985,19260,6
12985,19261,4
12985,19262,1
12985,19267,1
12985,19287,2
12985,19288,2
12985,19289,2
12986,18725,2
12986,18726,7
12986,18735,2
12986,18740,2
12986,18745,3
12986,18782,7
12986,18795,11
12986,18801,7
12986,18802,7
12986,18803,6
12986,18810,2
12986,18811,4
12986,18816,3
12986,18817,11
12986,18818,4
12986,18820,1
12986,18821,1
12986,18828,2
12986,18836,1
12986,18838,5
12986,18855,3
12986,18881,1
12986,18902,2
12986,18938,2
12986,18939,4
12986,18940,1
12986,18988,1
12986,18990,2
12986,18993,1
12986,18995,1
12986,18996,6
12986,18999,3
12986,19000,5
12986,19002,3
12986,19013,3
12986,19016,4
12986,19038,2
12986,19039,4
12986,19047,4
12986,19049,4
12986,19052,3
12986,19056,2
12986,19077,9
12986,19078,12
12986,19088,3
12986,19089,2
12986,19092,8
12986,19093,4
12986,19094,6
12986,19096,2
12986,19098,6
12986,19105,11
12986,19106,7
12986,19109,4
12986,19110,2
12986,19113,1
12986,19122,6
12986,19124,2
12986,19128,3
12986,19133,8
12986,19134,4
12986,19155,2
12986,19173,5
12986,19178,2
12986,19201,1
12986,19208,4
12986,19218,5
12986,19219,5
12986,19220,3
12986,19221,1
12986,19225,2
12986,19252,2
12986,19254,3
12986,19256,1
12986,19287,4
12987,18724,1
12987,18725,4
12987,18737,8
12987,18738,5
12987,18753,3
12987,18754,6
12987,18782,4
12987,18794,2
12987,18803,1
12987,18817,13
12987,18820,4
12987,18829,1
12987,18844,3
12987,18855,4
12987,18870,2
12987,18888,4
12987,18890,3
12987,18891,1.5
12987,18926,3
12987,18984,8
12987,18985,2
12987,18986,2
12987,18995,2
12987,18996,2
12987,18997,3
12987,18999,2
12987,19000,2
12987,19002,2
12987,19005,1
12987,19006,2
12987,19007,1
12987,19008,5.5
12987,19024,2
12987,19027,3
12987,19031,4
12987,19038,3
12987,19039,1
12987,19045,7
12987,19046,2
12987,19047,3
12987,19051,1
12987,19052,5
12987,19053,3
12987,19066,4
12987,19071,4
12987,19076,4
12987,19082,11
12987,19088,2
12987,19092,1
12987,19093,2
12987,19097,2
12987,19098,3
12987,19099,3
12987,19104,35
12987,19105,14
12987,19106,9
12987,19132,1
12987,19156,2
12987,19158,1
12987,19181,3
12987,19215,2
12987,19217,4
12987,19218,7
12987,19221,5
12987,19222,1
12987,19223,7
12987,19288,7
12988,18724,1
12988,18737,1
12988,18748,3
12988,18752,2
12988,18783,6
12988,18790,1
12988,18793,2
12988,18794,10
12988,18795,6
12988,18799,2
12988,18817,4
12988,18826,4
12988,18827,2
12988,18833,2
12988,18834,2
12988,18841,2
12988,18844,2
12988,18852,2
12988,18856,4
12988,18859,3
12988,18862,3
12988,18863,1
12988,18867,2
12988,18868,2
12988,18909,6
12988,18912,1
12988,18942,2
12988,18967,1
12988,18968,2
12988,18977,3
12988,18979,6
12988,18983,9
12988,18984,8
12988,18985,1
12988,19007,4.5
12988,19008,14
12988,19010,4
12988,19031,4
12988,19032,3
12988,19033,4
12988,19041,3
12988,19042,1
12988,19043,5
12988,19050,5
12988,19052,1
12988,19054,3
12988,19071,1
12988,19079,2
12988,19080,14
12988,19081,6
12988,19082,11
12988,19083,1
12988,19101,4
12988,19103,2
12988,19104,1
12988,19106,7
12988,19107,4.5
12988,19108,4
12988,19113,3
12988,19118,2
12988,19126,5
12988,19134,2
12988,19137,2
12988,19141,4
12988,19142,2
12988,19144,2
12988,19148,2
12988,19154,8
12988,19158,2
12988,19159,4
12988,19190,2
12988,19198,3
12988,19221,4
12988,19222,4
12988,19283,2
12988,19286,4
12988,19287,1
12988,19288,6
12989,18723,2
12989,18746,5.5
12989,18747,4
12989,18748,1
12989,18751,4
12989,18752,10
12989,18772,4
12989,18788,14
12989,18793,4
12989,18794,4
12989,18807,2
12989,18809,5
12989,18817,2
12989,18820,1
12989,18826,2
12989,18833,1
12989,18857,2
12989,18859,2
12989,18861,4
12989,18863,10
12989,18868,7
12989,18869,1
12989,18895,6
12989,18912,3
12989,18913,2
12989,18919,2
12989,18932,4
12989,18933,2
12989,18967,3
12989,18968,5
12989,18969,1
12989,18976,2
12989,18980,1
12989,18981,1
12989,18982,8
12989,18983,1
12989,18984,8
12989,18993,6
12989,18999,4
12989,19008,4
12989,19010,4
12989,19022,1
12989,19026,3
12989,19031,4
12989,19042,3
12989,19043,9
12989,19044,6
12989,19045,8
12989,19046,2
12989,19047,4
12989,19048,17.5
12989,19049,45
12989,19050,15
12989,19052,1
12989,19053,2
12989,19066,2
12989,19077,2
12989,19079,3
12989,19080,8
12989,19081,9
12989,19082,52
12989,19083,22
12989,19084,4
12989,19085,4
12989,19091,4
12989,19097,1
12989,19104,3
12989,19105,4
12989,19110,3
12989,19114,2
12989,19116,3
12989,19121,4
12989,19140,1
12989,19154,1
12989,19162,5
12989,19182,1
12989,19189,4
12989,19229,3
12989,19265,2
12989,19273,1
12989,19277,3
12989,19287,2
12990,18745,2
12990,18768,1
12990,18772,1
12990,18773,10
12990,18789,4
12990,18792,5
12990,18793,6
12990,18807,2
12990,18808,15
12990,18818,10
12990,18819,10
12990,18833,2
12990,18858,2
12990,18867,4
12990,18870,2
12990,18900,4
12990,18901,4
12990,18902,2
12990,18953,1
12990,18967,4
12990,18973,8
12990,18974,1
12990,18975,2
12990,18981,2
12990,18985,5
12990,18988,2
12990,18993,9
12990,18994,8
12990,18995,4
12990,18999,4
12990,19009,4
12990,19010,4
12990,19022,2
12990,19026,4
12990,19030,6
12990,19031,2
12990,19041,2
12990,19045,3
12990,19046,22
12990,19047,19.5
12990,19048,56
12990,19049,26
12990,19050,13
12990,19051,7
12990,19077,13
12990,19078,16
12990,19079,10
12990,19080,26.5
12990,19081,10
12990,19082,19
12990,19083,10
12990,19084,6
12990,19088,1
12990,19102,3
12990,19107,2
12990,19109,3
12990,19115,2
12990,19130,5
12990,19139,4
12990,19148,2
12990,19165,1
12990,19166,9
12990,19196,2
12990,19207,2
12990,19217,3
12990,19221,3
12990,19232,2
12990,19235,2
12990,19238,2
12990,19254,2
12990,19267,2
12990,19286,1
12990,19288,2
12991,18721,2
12991,18739,8
12991,18741,3
12991,18742,11
12991,18757,1
12991,18772,4
12991,18789,5
12991,18792,28
12991,18793,1
12991,18797,4
12991,18798,2
12991,18808,5
12991,18809,7
12991,18817,11
12991,18818,13
12991,18819,8
12991,18820,4
12991,18827,5
12991,18839,2
12991,18846,3
12991,18887,2
12991,18896,5
12991,18899,7
12991,18900,4
12991,18902,2
12991,18908,1
12991,18922,1
12991,18969,5
12991,18970,2
12991,18973,5
12991,18974,2
12991,18975,5
12991,18976,9
12991,18977,10.5
12991,18978,7
12991,18994,15
12991,18995,15
12991,18996,3
12991,19002,1
12991,19005,2
12991,19006,4
12991,19009,3
12991,19010,6
12991,19011,6
12991,19012,1
12991,19024,2
12991,19030,4
12991,19031,3
12991,19046,5
12991,19047,6
12991,19048,5
12991,19049,1
12991,19050,2
12991,19067,2
12991,19068,7
12991,19069,1
12991,19077,3.5
12991,19079,9
12991,19080,50
12991,19081,16.5
12991,19082,16
12991,19083,2
12991,19089,3
12991,19107,2
12991,19126,2
12991,19165,2
12991,19173,5
12991,19197,2
12991,19215,2
12991,19216,4
12991,19238,2
12991,19240,2
12991,19250,1
12991,19254,3
12991,19263,4
12991,19265,2
12991,19285,3
12991,19288,2
12992,18721,5
12992,18722,7
12992,18724,3
12992,18734,3
12992,18736,3
12992,18737,4.5
12992,18738,12
12992,18739,8
12992,18742,2
12992,18767,7
12992,18768,1
12992,18789,4
12992,18790,17
12992,18791,21
12992,18792,29
12992,18793,53
12992,18794,75.5
12992,18795,9
12992,18796,3
12992,18797,5
12992,18798,12
12992,18799,1
12992,18816,6
12992,18817,5
12992,18819,10
12992,18831,5
12992,18833,1
12992,18838,2
12992,18839,8
12992,18840,2
12992,18841,1
12992,18846,1
12992,18847,1
12992,18866,3
12992,18892,1
12992,18899,12
12992,18900,9
12992,18901,1
12992,18908,4
12992,18909,2
12992,18925,3
12992,18966,8
12992,18970,1
12992,18972,1
12992,18976,16
12992,18977,16
12992,18981,2
12992,18988,5
12992,18989,3
12992,18994,6
12992,18995,8
12992,18996,4
12992,18997,4
12992,18999,12
12992,19000,3
12992,19004,4
12992,19005,1
12992,19008,9
12992,19009,3
12992,19012,3
12992,19013,1
12992,19018,2
12992,19021,1
12992,19022,2
12992,19024,4
12992,19030,1
12992,19034,1
12992,19037,2
12992,19043,6
12992,19046,2
12992,19050,6
12992,19051,10
12992,19053,2
12992,19061,2
12992,19066,7
12992,19076,5
12992,19077,4
12992,19078,10
12992,19079,21.5
12992,19080,33
12992,19081,21
12992,19086,5
12992,19093,6
12992,19103,2
12992,19104,2
12992,19108,8
12992,19171,2
12992,19178,4
12992,19229,4
12992,19241,2
12992,19251,1
12992,19286,4
12992,19287,2
12993,18719,3
12993,18723,2
12993,18730,7
12993,18733,4
12993,18734,4
12993,18737,3
12993,18738,23
12993,18739,7
12993,18765,2
12993,18766,2
12993,18767,7
12993,18768,19
12993,18769,13
12993,18770,17
12993,18771,2
12993,18777,4
12993,18789,1
12993,18790,2
12993,18791,9
12993,18792,20
12993,18793,23
12993,18794,4
12993,18795,28
12993,18796,9
12993,18803,1
12993,18819,6
12993,18820,6
12993,18830,2
12993,18831,2
12993,18839,2
12993,18841,1
12993,18849,4
12993,18851,2
12993,18888,3
12993,18902,6
12993,18906,4
12993,18926,2
12993,18928,2
12993,18933,2
12993,18941,3
12993,18948,2
12993,18955,1
12993,18987,3
12993,18996,2
12993,18997,3
12993,18998,9
12993,18999,5
12993,19004,2
12993,19005,3
12993,19006,4
12993,19007,2
12993,19008,4
12993,19009,2
12993,19012,3
12993,19016,1
12993,19020,1
12993,19021,1
12993,19023,6
12993,19024,16
12993,19025,6
12993,19028,4
12993,19031,2
12993,19033,2
12993,19044,7
12993,19045,1
12993,19049,3
12993,19050,4
12993,19065,2
12993,19066,2
12993,19068,22
12993,19069,2
12993,19075,3
12993,19077,2
12993,19079,4
12993,19080,3
12993,19082,4
12993,19084,2
12993,19103,1
12993,19104,2
12993,19114,2
12993,19115,2
12993,19116,1
12993,19123,2
12993,19124,2
12993,19144,2
12993,19149,3
12993,19156,1
12993,19161,3
12993,19178,2
12993,19210,4
12993,19252,2
12993,19255,3
12993,19256,4
12993,19267,4
12993,19287,5
12993,19288,13
12994,18717,6
12994,18723,2
12994,18729,4
12994,18733,9
12994,18738,4.5
12994,18739,2
12994,18765,1
12994,18766,4
12994,18767,6
12994,18768,4
12994,18770,1
12994,18771,4
12994,18773,5
12994,18777,2
12994,18792,3
12994,18793,3
12994,18794,4
12994,18795,11
12994,18796,11
12994,18800,1
12994,18801,17
12994,18803,2
12994,18810,4
12994,18820,1
12994,18831,3
12994,18844,4
12994,18850,4
12994,18854,2
12994,18858,1
12994,18859,5
12994,18887,5
12994,18892,4
12994,18893,5
12994,18926,12
12994,18927,12
12994,18936,1
12994,18975,4
12994,18987,2
12994,18997,10
12994,18998,2
12994,19009,10
12994,19010,4
12994,19012,2
12994,19013,6
12994,19014,10
12994,19015,4
12994,19018,3
12994,19023,5
12994,19024,9
12994,19033,2
12994,19034,4
12994,19052,4
12994,19066,1
12994,19067,14
12994,19068,17
12994,19075,9
12994,19085,4
12994,19088,2
12994,19096,1
12994,19101,4
12994,19102,4
12994,19109,3
12994,19125,2
12994,19206,1
12994,19222,1
12994,19223,1
12994,19243,1
12994,19244,3
12994,19246,5
12994,19247,3
12994,19253,1
12994,19256,3
12994,19274,3
12994,19287,1
12994,19288,7
12995,18723,12
12995,18727,2
12995,18749,3
12995,18764,1.5
12995,18776,3
12995,18777,2
12995,18778,3
12995,18787,1
12995,18792,5
12995,18793,2
12995,18796,8
12995,18798,5
12995,18799,3
12995,18803,2
12995,18804,15
12995,18805,1
12995,18810,2
12995,18819,2
12995,18821,5
12995,18827,2
12995,18828,7
12995,18831,4
12995,18839,5
12995,18844,2
12995,18850,2
12995,18855,4
12995,18860,1
12995,18865,3
12995,18866,1
12995,18867,5
12995,18868,1
12995,18889,2
12995,18924,2
12995,18933,3
12995,18970,3
12995,18985,2
12995,18986,3
12995,18988,1
12995,18995,1
12995,18997,5
12995,18998,7
12995,19001,1
12995,19002,1
12995,19010,2
12995,19011,1
12995,19013,3
12995,19014,1.5
12995,19016,2
12995,19022,1
12995,19023,2
12995,19024,16
12995,19033,8
12995,19034,3
12995,19035,1
12995,19064,2
12995,19066,9
12995,19067,23
12995,19070,1
12995,19072,2
12995,19073,4
12995,19074,7
12995,19076,6
12995,19077,9
12995,19079,3
12995,19080,1
12995,19081,5
12995,19082,1
12995,19101,13.5
12995,19102,1
12995,19105,1.5
12995,19107,3
12995,19108,8
12995,19109,16
12995,19117,1
12995,19119,5
12995,19128,1
12995,19131,1
12995,19135,2
12995,19143,1
12995,19146,5
12995,19167,6
12995,19177,1
12995,19182,5
12995,19189,1
12995,19223,3
12995,19249,10
12995,19257,3
12995,19266,2
12995,19274,2
12995,19281,2
12995,19288,3
12995,19289,1
12996,18721,3
12996,18722,4
12996,18723,28.5
12996,18764,6
12996,18765,2
12996,18777,5
12996,18783,1
12996,18787,1
12996,18791,5
12996,18796,2
12996,18797,17
12996,18798,6
12996,18799,2
12996,18803,2
12996,18804,11
12996,18805,6
12996,18816,10
12996,18817,11.5
12996,18818,8
12996,18819,11
12996,18821,4
12996,18827,17
12996,18828,12
12996,18829,1
12996,18833,13
12996,18840,1
12996,18841,2
12996,18859,2
12996,18862,1
12996,18866,7
12996,18874,2
12996,18875,2
12996,18876,2
12996,18928,2
12996,18930,2
12996,18933,3
12996,18938,2
12996,18957,4
12996,18958,3
12996,18967,2
12996,18974,1
12996,18985,5
12996,18986,6
12996,18997,16
12996,18998,37
12996,19002,1
12996,19005,4
12996,19006,2
12996,19009,1
12996,19013,18
12996,19014,7
12996,19015,14.5
12996,19016,20.5
12996,19023,3
12996,19026,3
12996,19029,3
12996,19036,1
12996,19037,1
12996,19051,1
12996,19059,4
12996,19066,9
12996,19067,18
12996,19070,7
12996,19072,2
12996,19076,6
12996,19080,2
12996,19087,1
12996,19089,5
12996,19093,2
12996,19094,14
12996,19098,4
12996,19101,4
12996,19102,1
12996,19108,3
12996,19118,2
12996,19124,2
12996,19137,1
12996,19149,4
12996,19151,2
12996,19152,2
12996,19155,2
12996,19178,1
12996,19179,4
12996,19214,7
12996,19248,1
12996,19253,4
12996,19258,1
12996,19273,5.5
12996,19286,1
12996,19288,4
12996,19289,5
12997,18722,3
12997,18723,20
12997,18724,4
12997,18726,1.5
12997,18757,17
12997,18758,10
12997,18765,4
12997,18768,1
12997,18786,5
12997,18787,13
12997,18791,10
12997,18797,29
12997,18798,3
12997,18810,4
12997,18812,2
12997,18817,2
12997,18818,13
12997,18821,2
12997,18822,3
12997,18828,4
12997,18829,9
12997,18834,2
12997,18840,2
12997,18860,2
12997,18861,4
12997,18868,1
12997,18869,2
12997,18875,2
12997,18907,3
12997,18929,1
12997,18930,2
12997,18986,10
12997,18992,6
12997,18993,4
12997,18996,5
12997,18997,6
12997,18998,13
12997,18999,2
12997,19004,1
12997,19011,1
12997,19013,16
12997,19014,13
12997,19015,32
12997,19016,29
12997,19017,6
12997,19022,2
12997,19027,2
12997,19030,2
12997,19031,3
12997,19032,11.5
12997,19033,8
12997,19034,3
12997,19035,10
12997,19037,14
12997,19038,5
12997,19039,2
12997,19040,4
12997,19051,3
12997,19059,1
12997,19066,3
12997,19067,1
12997,19069,34
12997,19070,29
12997,19071,18
12997,19074,2
12997,19076,1
12997,19090,2
12997,19097,4
12997,19098,4
12997,19103,1
12997,19107,4
12997,19109,1
12997,19120,4
12997,19132,5
12997,19137,2
12997,19154,1
12997,19157,2
12997,19169,1
12997,19177,5
12997,19178,35
12997,19180,4
12997,19181,16
12997,19182,18
12997,19183,6
12997,19192,5
12997,19205,2
12997,19214,2
12997,19219,4
12997,19226,3
12997,19260,1
12997,19268,4
12997,19286,4
12997,19289,10
12998,18712,1
12998,18720,1
12998,18723,2
12998,18726,2
12998,18727,15
12998,18743,1
12998,18744,4
12998,18755,2
12998,18758,13.5
12998,18763,2
12998,18765,2
12998,18772,2
12998,18773,2
12998,18774,1
12998,18783,11
12998,18784,32
12998,18785,7
12998,18786,21
12998,18788,2
12998,18789,2
12998,18791,2
12998,18795,2
12998,18796,10
12998,18798,7
12998,18803,3
12998,18804,17
12998,18818,4
12998,18829,4
12998,18835,2
12998,18840,2
12998,18872,6
12998,18873,2
12998,18930,6
12998,18939,8
12998,18989,3
12998,18990,4
12998,18991,3
12998,18992,5
12998,18993,2
12998,18998,5
12998,19000,4
12998,19001,4
12998,19012,3.5
12998,19013,15
12998,19014,39
12998,19015,38
12998,19016,109
12998,19017,53.5
12998,19018,22
12998,19022,5
12998,19023,6
12998,19024,14
12998,19025,31
12998,19026,21
12998,19027,3
12998,19029,2
12998,19031,4
12998,19032,7
12998,19033,24
12998,19034,8
12998,19035,8
12998,19036,12
12998,19037,5
12998,19047,3
12998,19048,1
12998,19066,22
12998,19068,6
12998,19069,39
12998,19070,55
12998,19071,3
12998,19073,2
12998,19090,1
12998,19092,8
12998,19100,9
12998,19101,3
12998,19118,2
12998,19136,1
12998,19146,1
12998,19147,1
12998,19159,2
12998,19160,4
12998,19168,3
12998,19174,4
12998,19181,6
12998,19182,13
12998,19183,2
12998,19192,2
12998,19196,3
12998,19206,2
12998,19207,3
12998,19233,2
12998,19236,2
12998,19247,6
12998,19251,2
12998,19280,1
12998,19289,3
12999,18717,6
12999,18726,5
12999,18743,2
12999,18754,1
12999,18755,4
12999,18771,1
12999,18772,3
12999,18773,1
12999,18774,12
12999,18783,6
12999,18784,8
12999,18785,22
12999,18786,7
12999,18788,4
12999,18789,2
12999,18790,3
12999,18791,2
12999,18794,4
12999,18798,1
12999,18799,22
12999,18800,20
12999,18801,8
12999,18803,22
12999,18804,27
12999,18806,1
12999,18807,6
12999,18808,5
12999,18810,3
12999,18811,6
12999,18813,3
12999,18814,1
12999,18816,2
12999,18817,1
12999,18818,11
12999,18822,7
12999,18830,2
12999,18832,1
12999,18840,1
12999,18842,4
12999,18862,1
12999,18864,1
12999,18866,4
12999,18867,4
12999,18873,2
12999,18896,2
12999,18918,1
12999,18929,1
12999,18931,2
12999,18932,1
12999,18938,6
12999,18940,9
12999,18948,2
12999,18949,2
12999,18965,4
12999,18966,1
12999,18981,2
12999,18986,4
12999,18987,13
12999,18988,2
12999,18989,1
12999,18991,2
12999,19001,9
12999,19014,29
12999,19015,35
12999,19016,83
12999,19017,50
12999,19018,45
12999,19019,29
12999,19020,18
12999,19023,47
12999,19024,38.5
12999,19025,59
12999,19026,83
12999,19027,41.5
12999,19028,10
12999,19029,2
12999,19030,3
12999,19031,6
12999,19032,21
12999,19033,19
12999,19034,11
12999,19035,10
12999,19036,5
12999,19037,2
12999,19045,5
12999,19046,25
12999,19047,18
12999,19048,5
12999,19049,3
12999,19062,8
12999,19065,5
12999,19066,46
12999,19067,29
12999,19068,12
12999,19070,17.5
12999,19072,9
12999,19083,3
12999,19092,1
12999,19100,14
12999,19101,2
12999,19103,3
12999,19105,4
12999,19121,2
12999,19125,3
12999,19127,2
12999,19129,1
12999,19131,3
12999,19153,6
12999,19156,4
12999,19157,2
12999,19158,4
12999,19165,1
12999,19174,3
12999,19180,5
12999,19182,1
12999,19183,3
12999,19206,6
12999,19207,8
12999,19239,2
12999,19268,2
12999,19279,2
12999,19289,1
12999,19290,2
13000,18716,4
13000,18717,12
13000,18743,2
13000,18754,3
13000,18755,2
13000,18756,7
13000,18758,5
13000,18759,17
13000,18760,7
13000,18773,1
13000,18774,4
13000,18777,4
13000,18782,1
13000,18787,6
13000,18789,3
13000,18792,1
13000,18794,3
13000,18795,5
13000,18796,3
13000,18797,3
13000,18799,7
13000,18800,12
13000,18801,13
13000,18802,8
13000,18803,2
13000,18805,28
13000,18806,4
13000,18807,17
13000,18808,4
13000,18809,10
13000,18814,3
13000,18816,2
13000,18817,2
13000,18828,8
13000,18829,37
13000,18833,4
13000,18835,3
13000,18838,6
13000,18840,4
13000,18845,1
13000,18864,3
13000,18866,3
13000,18877,3
13000,18900,3
13000,18931,3
13000,18932,18
13000,18933,15
13000,18934,25
13000,18941,1
13000,18965,2
13000,18982,2
13000,18986,3.5
13000,18990,4
13000,18991,6
13000,18992,4
13000,18993,5
13000,19001,4
13000,19002,9
13000,19003,2
13000,19016,11
13000,19017,26
13000,19018,98
13000,19019,85.5
13000,19020,46
13000,19022,1
13000,19023,19
13000,19024,79
13000,19025,47
13000,19026,89
13000,19027,34.5
13000,19028,14.5
13000,19032,3
13000,19033,8
13000,19034,6.5
13000,19036,2
13000,19037,4
13000,19038,4
13000,19045,7
13000,19046,2
13000,19048,1
13000,19049,3.5
13000,19050,2
13000,19062,13
13000,19064,6
13000,19065,96
13000,19066,71
13000,19067,34
13000,19068,3
13000,19069,13
13000,19070,6
13000,19071,3
13000,19072,44
13000,19099,9
13000,19100,30
13000,19101,6
13000,19102,1
13000,19103,10
13000,19105,5
13000,19109,2
13000,19120,2
13000,19127,2
13000,19128,4
13000,19136,4
13000,19144,1
13000,19150,2
13000,19152,8
13000,19153,13
13000,19160,2
13000,19162,4
13000,19178,6
13000,19180,2
13000,19181,6
13000,19206,4
13000,19207,2
13000,19216,5
13000,19275,3
13000,19286,1
13000,19287,5
13000,19288,1
13000,19289,2
13001,18716,1
13001,18717,1
13001,18720,2
13001,18743,2
13001,18753,2
13001,18754,2
13001,18755,4
13001,18760,8
13001,18769,6
13001,18770,11
13001,18773,7
13001,18774,7
13001,18779,3
13001,18780,2
13001,18787,7
13001,18788,19
13001,18789,7
13001,18790,1
13001,18794,28
13001,18795,25
13001,18803,5
13001,18804,1
13001,18805,47
13001,18806,6
13001,18809,21
13001,18810,1
13001,18811,20
13001,18818,11
13001,18820,2
13001,18824,2
13001,18828,8
13001,18829,16
13001,18835,6
13001,18836,5
13001,18846,4
13001,18847,1
13001,18848,4
13001,18863,6
13001,18864,9
13001,18866,6
13001,18867,1
13001,18877,2
13001,18878,3
13001,18881,2
13001,18885,2
13001,18917,2
13001,18931,6
13001,18932,5
13001,18933,3
13001,18934,4
13001,18935,5
13001,18940,4
13001,18942,1
13001,18951,3
13001,18966,4
13001,18988,3
13001,18989,4
13001,18990,1
13001,18992,7
13001,19001,20
13001,19002,17
13001,19003,6
13001,19016,1
13001,19018,25
13001,19019,34
13001,19020,45
13001,19021,96
13001,19022,14
13001,19023,36
13001,19024,129.5
13001,19025,7
13001,19026,29.5
13001,19027,6
13001,19028,22.5
13001,19031,6
13001,19042,5
13001,19044,2
13001,19045,2
13001,19048,2
13001,19050,5
13001,19061,1
13001,19062,37
13001,19063,27
13001,19064,98
13001,19065,78
13001,19066,101
13001,19067,28.5
13001,19068,4
13001,19069,3
13001,19070,28
13001,19071,7
13001,19072,21.5
13001,19073,4
13001,19079,2
13001,19081,6
13001,19082,13
13001,19083,1
13001,19096,5
13001,19099,9
13001,19100,72
13001,19101,11
13001,19102,15
13001,19103,20
13001,19104,7
13001,19105,4
13001,19106,8
13001,19107,4
13001,19111,4
13001,19116,4
13001,19121,5
13001,19127,5
13001,19135,9
13001,19139,3
13001,19145,1
13001,19146,2
13001,19151,2
13001,19152,37
13001,19153,5
13001,19162,1
13001,19181,4
13001,19209,2
13001,19213,2
13001,19221,2
13001,19229,8
13001,19230,3
13001,19235,4
13001,19247,1
13001,19255,1
13001,19256,2
13001,19269,3
13001,19275,2
13001,19285,4
13001,19287,2
13002,18713,2
13002,18714,1
13002,18748,14
13002,18749,18.5
13002,18750,5
13002,18759,6
13002,18760,7
13002,18768,13
13002,18769,25
13002,18770,9
13002,18771,2
13002,18772,4
13002,18773,3
13002,18776,4
13002,18780,12
13002,18781,26
13002,18782,6
13002,18787,6
13002,18788,16.5
13002,18789,1
13002,18791,4
13002,18795,12
13002,18796,4
13002,18804,2
13002,18805,34
13002,18806,50
13002,18807,29
13002,18808,4
13002,18809,4.5
13002,18810,21
13002,18811,49
13002,18812,3
13002,18817,2
13002,18818,3
13002,18825,4
13002,18826,1
13002,18828,13
13002,18835,2
13002,18836,13
13002,18847,2
13002,18848,9
13002,18856,5
13002,18857,2
13002,18862,2
13002,18863,1
13002,18864,25.5
13002,18866,5
13002,18867,3
13002,18880,2
13002,18884,1
13002,18885,12
13002,18898,1
13002,18900,2
13002,18923,1
13002,18929,2
13002,18959,5
13002,18968,2
13002,18983,4
13002,18985,2
13002,18987,11.5
13002,18988,3
13002,18989,12
13002,18991,10
13002,18992,19
13002,18993,2
13002,18999,2
13002,19001,13
13002,19002,10
13002,19003,2
13002,19004,5
13002,19015,2
13002,19018,116.5
13002,19019,65.5
13002,19020,74.5
13002,19021,191
13002,19022,156.5
13002,19023,18
13002,19024,46
13002,19025,58
13002,19026,5
13002,19027,8
13002,19028,11
13002,19031,1
13002,19032,9
13002,19043,2
13002,19049,2
13002,19059,3
13002,19060,26
13002,19061,36
13002,19062,74
13002,19063,65
13002,19064,72.5
13002,19065,51
13002,19066,62.5
13002,19067,4
13002,19068,2
13002,19070,11
13002,19080,4
13002,19081,22
13002,19082,20
13002,19083,9
13002,19099,1
13002,19100,7
13002,19102,9
13002,19103,4
13002,19104,2
13002,19105,8
13002,19115,2
13002,19117,2.5
13002,19118,1
13002,19119,2
13002,19123,7
13002,19124,9
13002,19127,10
13002,19128,2
13002,19129,2
13002,19134,2
13002,19135,7
13002,19136,4
13002,19137,1
13002,19138,2
13002,19140,10
13002,19141,8
13002,19143,1
13002,19144,2
13002,19160,2
13002,19184,2
13002,19213,4
13002,19221,2
13002,19222,4
13002,19230,5
13002,19232,2
13002,19234,2
13002,19237,3
13002,19244,2
13002,19246,2
13002,19251,6
13002,19252,11
13002,19253,3
13002,19258,4
13002,19277,4
13002,19279,4
13002,19281,2
13003,18712,3
13003,18721,7
13003,18750,9
13003,18751,4
13003,18752,5
13003,18753,2
13003,18757,2
13003,18760,4
13003,18768,33
13003,18769,43
13003,18770,30
13003,18771,18
13003,18772,17
13003,18773,20
13003,18780,8
13003,18781,6
13003,18782,4
13003,18787,9
13003,18788,9
13003,18789,12
13003,18790,7
13003,18791,2
13003,18798,4
13003,18805,19
13003,18806,63
13003,18807,47.5
13003,18808,35
13003,18809,20
13003,18810,21
13003,18811,3
13003,18812,1
13003,18821,4
13003,18827,4
13003,18828,13
13003,18837,3
13003,18838,4
13003,18842,2
13003,18847,1
13003,18852,1
13003,18854,3
13003,18857,2
13003,18858,2
13003,18864,6
13003,18865,7
13003,18877,10
13003,18878,5
13003,18898,8
13003,18899,5
13003,18900,20
13003,18901,4
13003,18907,3
13003,18958,4
13003,18981,5
13003,18982,1
13003,18987,1
13003,18989,47
13003,18990,25
13003,18991,22
13003,18993,2
13003,18999,5
13003,19000,4
13003,19002,13
13003,19003,5
13003,19004,22
13003,19005,7
13003,19006,3
13003,19007,1
13003,19017,7
13003,19018,34.5
13003,19019,100.5
13003,19020,69
13003,19021,114
13003,19022,70
13003,19023,14
13003,19024,18
13003,19025,17
13003,19026,2
13003,19027,1
13003,19028,4
13003,19029,6
13003,19032,9
13003,19033,2
13003,19059,12
13003,19060,22
13003,19061,43.5
13003,19062,30
13003,19063,116.5
13003,19064,14
13003,19065,28
13003,19066,76.5
13003,19067,37
13003,19071,3
13003,19079,2
13003,19080,1
13003,19081,32
13003,19082,21
13003,19083,1
13003,19100,12
13003,19101,3
13003,19102,6
13003,19105,3
13003,19112,2
13003,19123,2
13003,19125,1
13003,19126,13
13003,19127,18
13003,19128,24
13003,19129,4
13003,19134,1
13003,19135,1.5
13003,19137,7
13003,19138,15
13003,19139,23
13003,19140,22
13003,19141,3
13003,19143,4
13003,19158,2
13003,19162,1
13003,19163,2
13003,19188,4
13003,19199,2
13003,19204,3
13003,19219,2
13003,19220,4
13003,19221,1
13003,19223,4
13003,19224,2
13003,19229,5
13003,19231,1
13003,19233,2
13003,19234,2
13003,19235,3
13003,19236,2
13003,19237,4
13003,19239,2
13003,19240,2
13003,19250,1
13003,19251,7
13003,19252,16
13003,19253,13
13003,19265,2
13003,19277,4
13003,19285,4
13004,18719,7
13004,18720,39
13004,18721,5
13004,18737,1
13004,18746,3
13004,18751,8
13004,18752,27.5
13004,18768,16
13004,18769,26
13004,18770,34
13004,18771,11
13004,18772,8.5
13004,18779,2
13004,18786,3
13004,18787,3
13004,18793,2
13004,18794,1
13004,18798,5
13004,18800,3
13004,18806,10.5
13004,18807,36
13004,18808,26.5
13004,18809,31.5
13004,18810,23
13004,18812,26
13004,18813,10
13004,18814,1
13004,18819,19
13004,18820,14
13004,18821,7
13004,18822,9
13004,18823,18
13004,18827,12
13004,18829,2
13004,18830,7
13004,18831,2
13004,18837,2
13004,18842,1
13004,18846,1
13004,18847,5
13004,18858,3
13004,18864,1
13004,18871,4
13004,18877,3
13004,18899,3
13004,18901,2
13004,18902,1
13004,18921,2
13004,18924,5
13004,18925,2
13004,18962,2
13004,18967,2
13004,18987,10
13004,18988,9
13004,18989,6
13004,18990,23
13004,18991,5
13004,18995,4
13004,19000,24
13004,19001,12
13004,19002,15
13004,19003,4
13004,19004,30
13004,19005,32
13004,19006,3
13004,19016,5
13004,19017,3
13004,19018,49
13004,19019,29.5
13004,19020,58
13004,19021,34
13004,19022,36
13004,19023,23
13004,19025,5
13004,19030,10
13004,19031,2
13004,19032,7
13004,19060,2
13004,19061,29
13004,19062,22
13004,19063,36
13004,19064,36
13004,19065,100.5
13004,19066,49
13004,19067,56
13004,19068,19
13004,19069,1
13004,19070,6
13004,19071,4
13004,19081,30.5
13004,19082,20
13004,19083,7
13004,19101,8
13004,19102,6
13004,19109,1
13004,19122,2
13004,19127,7
13004,19128,4
13004,19129,2
13004,19131,4
13004,19133,4
13004,19134,4
13004,19135,6
13004,19136,3
13004,19138,38
13004,19139,23
13004,19148,1
13004,19149,3
13004,19159,2
13004,19172,2
13004,19197,3
13004,19198,6
13004,19217,2
13004,19220,11
13004,19224,1
13004,19225,1
13004,19247,5
13004,19248,1
13004,19275,2
13004,19280,1
13004,19285,2
13004,19286,1
13005,18716,1
13005,18720,15
13005,18736,2
13005,18737,2
13005,18741,8
13005,18746,6
13005,18751,11
13005,18759,3
13005,18761,7
13005,18768,16
13005,18769,77
13005,18771,33
13005,18772,11
13005,18786,1
13005,18793,4
13005,18794,4
13005,18796,2
13005,18797,2
13005,18800,2
13005,18801,4
13005,18803,4
13005,18807,1
13005,18808,13
13005,18809,34
13005,18810,51
13005,18811,18
13005,18812,26.5
13005,18813,21.5
13005,18814,1
13005,18818,14
13005,18819,31
13005,18820,13.5
13005,18822,5
13005,18823,20
13005,18825,2
13005,18826,3
13005,18827,6
13005,18828,6
13005,18829,2
13005,18831,10
13005,18841,7
13005,18842,4
13005,18844,2
13005,18845,7
13005,18846,6
13005,18859,5
13005,18899,8
13005,18900,9
13005,18901,3
13005,18924,2
13005,18985,10
13005,18986,11
13005,18987,4
13005,18988,1
13005,18990,2
13005,18991,6
13005,19000,2
13005,19001,12
13005,19002,15
13005,19004,5
13005,19005,4
13005,19006,8
13005,19007,2
13005,19015,5
13005,19016,24
13005,19017,47
13005,19018,38
13005,19019,46
13005,19020,13
13005,19021,36
13005,19022,34
13005,19023,63.5
13005,19024,1
13005,19026,3
13005,19027,2
13005,19030,2
13005,19033,8
13005,19034,5
13005,19035,3
13005,19059,1
13005,19061,14
13005,19062,29
13005,19063,15
13005,19064,23
13005,19065,20
13005,19066,57.5
13005,19067,24
13005,19068,47.5
13005,19069,3
13005,19071,2
13005,19081,3
13005,19083,6
13005,19098,1
13005,19108,4
13005,19122,6
13005,19125,9
13005,19126,5
13005,19127,9
13005,19138,7
13005,19139,8
13005,19145,2
13005,19166,2
13005,19168,3
13005,19179,6
13005,19187,2
13005,19203,3
13005,19209,2
13005,19217,2
13005,19220,5
13005,19226,2
13005,19244,2
13005,19287,10
13006,18728,2
13006,18740,1
13006,18741,2
13006,18746,4
13006,18751,14
13006,18758,2
13006,18759,18
13006,18768,11
13006,18769,73
13006,18772,18
13006,18797,3
13006,18809,7
13006,18810,6
13006,18818,5
13006,18819,13
13006,18820,6
13006,18823,26
13006,18824,3
13006,18830,10
13006,18831,7
13006,18842,19
13006,18843,54
13006,18844,29
13006,18852,4
13006,18869,2
13006,18870,2
13006,18871,3
13006,18873,2
13006,18878,1
13006,18921,2
13006,18924,2
13006,18931,4
13006,18957,1
13006,18979,1
13006,18985,4
13006,18991,3
13006,18992,1
13006,18995,5
13006,19001,4
13006,19002,10
13006,19006,11
13006,19011,3
13006,19012,2
13006,19013,8
13006,19016,3.5
13006,19017,6
13006,19018,10
13006,19019,5
13006,19020,13
13006,19021,2
13006,19022,9
13006,19023,2
13006,19028,2
13006,19034,4
13006,19041,2
13006,19044,2
13006,19045,3
13006,19046,1
13006,19048,7
13006,19061,29
13006,19062,4
13006,19063,17
13006,19064,34
13006,19065,4
13006,19066,157
13006,19068,28
13006,19069,3
13006,19076,4
13006,19100,3
13006,19110,2
13006,19125,1
13006,19127,10
13006,19132,2
13006,19134,2
13006,19138,13
13006,19142,7
13006,19144,4
13006,19146,3
13006,19155,3
13006,19161,1
13006,19166,2
13006,19175,3
13006,19181,1
13006,19185,2
13006,19186,1
13006,19187,12
13006,19188,2
13006,19189,1
13006,19191,5
13006,19192,5
13006,19201,2
13006,19214,6
13006,19215,6
13006,19216,3
13006,19219,6
13006,19222,1
13006,19241,1
13006,19247,4
13006,19277,2
13006,19280,4
13006,19287,2
13006,19288,7
13006,19290,7
13007,18727,10
13007,18728,11.5
13007,18729,27
13007,18750,14
13007,18751,4
13007,18758,4
13007,18759,4
13007,18772,2
13007,18775,1
13007,18788,2
13007,18791,12
13007,18792,5
13007,18796,4
13007,18798,2
13007,18799,2
13007,18808,3
13007,18818,15
13007,18819,5
13007,18820,1
13007,18822,13
13007,18823,12.5
13007,18829,5
13007,18830,2
13007,18849,4
13007,18865,2
13007,18868,2
13007,18870,3
13007,18880,1
13007,18900,5
13007,18919,4
13007,18920,1
13007,18925,13
13007,18926,3
13007,18978,1
13007,18984,9
13007,18989,5
13007,18990,1
13007,18994,1
13007,19000,6
13007,19004,16
13007,19005,7
13007,19009,3
13007,19010,6
13007,19011,7
13007,19012,10
13007,19015,3
13007,19017,4
13007,19020,14
13007,19021,9
13007,19025,1
13007,19033,1
13007,19034,4
13007,19037,4
13007,19043,2
13007,19044,3
13007,19045,2
13007,19046,1
13007,19047,1
13007,19048,10
13007,19060,7
13007,19061,37
13007,19063,2
13007,19066,1
13007,19067,2
13007,19069,2
13007,19078,10
13007,19083,14
13007,19084,6
13007,19098,3
13007,19125,1
13007,19127,2.5
13007,19133,3
13007,19138,2
13007,19144,4
13007,19146,3
13007,19147,19
13007,19148,1
13007,19156,1
13007,19160,3
13007,19161,7
13007,19162,5
13007,19163,3
13007,19165,1
13007,19166,3
13007,19171,2
13007,19173,3
13007,19185,2
13007,19186,3
13007,19192,2
13007,19194,2
13007,19201,7
13007,19213,3
13007,19215,5
13007,19216,11
13007,19217,3
13007,19218,2
13007,19219,2
13007,19220,2
13007,19225,3
13007,19253,4
13007,19260,2
13007,19273,5
13007,19289,20
13007,19290,7
13007,19291,2
13008,18727,7
13008,18728,79
13008,18729,40.5
13008,18731,1
13008,18750,4
13008,18766,1
13008,18768,2
13008,18772,2
13008,18776,5
13008,18789,1
13008,18805,4
13008,18806,3.5
13008,18816,2
13008,18818,6
13008,18820,25
13008,18821,11
13008,18854,10
13008,18863,2
13008,18864,2
13008,18899,2
13008,18900,5
13008,18946,2
13008,18964,5
13008,18992,2
13008,18993,2
13008,18999,4
13008,19000,5
13008,19001,2
13008,19004,6
13008,19005,5
13008,19006,6
13008,19008,3
13008,19009,18.5
13008,19010,16
13008,19011,16.5
13008,19015,5
13008,19016,4
13008,19018,6
13008,19020,10
13008,19021,5
13008,19023,2
13008,19025,12
13008,19034,4
13008,19035,2
13008,19039,7.5
13008,19041,1
13008,19045,3
13008,19046,2
13008,19047,8.5
13008,19060,17
13008,19061,10.5
13008,19067,6
13008,19068,3
13008,19080,4
13008,19082,5
13008,19083,4
13008,19105,3
13008,19113,1
13008,19134,2
13008,19140,8
13008,19151,1
13008,19159,2
13008,19161,1
13008,19165,2
13008,19184,1
13008,19185,2
13008,19190,8
13008,19194,3
13008,19210,4
13008,19212,3
13008,19213,20
13008,19214,25.5
13008,19215,10
13008,19216,24
13008,19217,7
13008,19218,13
13008,19223,2
13008,19225,1
13008,19226,2
13008,19244,1
13008,19262,8
13008,19286,1
13008,19287,3
13008,19288,4
13008,19290,6
13009,18728,28
13009,18729,26
13009,18758,7
13009,18765,3
13009,18766,8
13009,18767,5
13009,18775,1
13009,18776,4
13009,18777,2
13009,18780,12
13009,18781,18
13009,18809,2
13009,18813,2
13009,18814,8
13009,18815,2
13009,18816,1
13009,18818,4
13009,18819,37
13009,18820,19
13009,18821,16
13009,18822,1
13009,18841,1
13009,18852,3
13009,18853,7
13009,18854,3
13009,18855,1
13009,18856,4
13009,18857,2
13009,18864,8
13009,18871,3
13009,18876,2
13009,18932,4
13009,18962,1
13009,18969,2
13009,18982,3
13009,18989,1
13009,19004,3
13009,19005,6
13009,19006,5
13009,19007,4
13009,19009,8
13009,19010,13
13009,19014,3
13009,19015,10
13009,19020,6
13009,19021,2
13009,19041,4
13009,19044,1
13009,19059,2
13009,19060,5
13009,19068,8
13009,19083,7
13009,19120,3
13009,19125,2
13009,19138,3
13009,19146,1
13009,19147,9
13009,19149,2
13009,19153,3
13009,19158,2
13009,19159,2
13009,19165,2
13009,19181,3
13009,19185,2
13009,19198,1.5
13009,19204,3.5
13009,19205,2
13009,19212,1
13009,19213,10
13009,19214,5
13009,19215,19
13009,19216,84
13009,19217,37
13009,19218,16
13009,19219,2
13009,19224,2
13009,19254,3
13009,19263,2
13009,19269,6
13009,19277,1
13009,19287,2
13009,19290,1
13010,18728,31
13010,18729,14
13010,18745,2
13010,18748,3
13010,18762,10
13010,18764,3
13010,18765,10
13010,18766,1
13010,18777,6
13010,18780,52
13010,18781,72
13010,18782,46
13010,18783,6
13010,18784,19
13010,18785,25.5
13010,18786,2
13010,18805,10
13010,18806,4
13010,18807,2
13010,18808,18
13010,18809,63
13010,18810,77
13010,18811,54
13010,18813,7
13010,18814,24
13010,18815,4
13010,18816,21
13010,18818,4
13010,18819,48
13010,18820,13
13010,18847,3
13010,18848,2
13010,18851,5
13010,18852,5
13010,18853,8
13010,18854,7
13010,18880,4
13010,18882,1
13010,18887,3
13010,18895,3
13010,18899,4
13010,18910,1
13010,18927,4
13010,18928,2
13010,18931,1
13010,18932,1
13010,18945,2
13010,18965,1
13010,18979,3
13010,18983,3
13010,18989,1.5
13010,18990,2
13010,18996,8
13010,18998,2
13010,19001,3
13010,19004,4
13010,19005,5
13010,19011,5
13010,19012,4
13010,19020,9
13010,19021,7
13010,19026,2
13010,19040,1
13010,19043,11
13010,19044,4
13010,19054,2
13010,19055,6
13010,19058,32
13010,19059,3
13010,19060,10
13010,19061,11
13010,19065,4
13010,19067,6
13010,19073,2
13010,19083,21
13010,19090,3
13010,19096,1
13010,19113,2
13010,19130,4
13010,19135,1
13010,19138,1
13010,19142,2
13010,19144,1
13010,19152,4
13010,19156,11
13010,19157,2
13010,19159,2
13010,19162,2
13010,19166,2
13010,19178,1
13010,19183,2
13010,19185,2
13010,19186,4
13010,19214,64
13010,19215,31.5
13010,19216,30
13010,19217,12
13010,19218,5
13010,19219,7
13010,19220,3
13010,19224,2
13010,19227,2
13010,19250,1
13010,19277,11
13010,19278,4
13010,19279,1
13010,19283,3
13010,19287,3
13010,19290,3
13011,18718,8
13011,18729,2
13011,18744,6
13011,18745,5
13011,18754,4
13011,18755,4
13011,18756,4
13011,18757,4
13011,18761,16
13011,18762,7
13011,18763,9
13011,18767,3
13011,18775,4
13011,18776,3
13011,18777,22
13011,18778,16
13011,18779,23
13011,18780,49
13011,18781,46
13011,18782,33.5
13011,18783,15
13011,18802,21
13011,18803,66
13011,18804,39
13011,18805,47
13011,18806,35
13011,18807,61
13011,18808,88
13011,18809,48
13011,18810,135
13011,18811,56
13011,18812,3
13011,18815,2
13011,18816,2
13011,18817,2
13011,18818,12
13011,18819,48
13011,18820,17.5
13011,18822,4
13011,18840,4
13011,18865,5
13011,18879,1
13011,18897,4
13011,18899,1
13011,18900,1
13011,18907,2
13011,18910,8
13011,18931,8
13011,18932,3
13011,18945,5
13011,18978,1
13011,18979,2
13011,18996,2
13011,18998,3
13011,18999,5
13011,19002,6
13011,19011,6
13011,19012,6
13011,19013,2
13011,19020,4
13011,19022,13
13011,19025,3
13011,19045,7
13011,19057,5
13011,19058,8
13011,19059,33
13011,19060,9
13011,19061,8
13011,19067,2
13011,19071,3
13011,19078,1
13011,19079,1
13011,19083,15
13011,19101,4
13011,19118,1
13011,19123,7
13011,19132,4
13011,19134,1
13011,19138,4
13011,19144,4
13011,19150,3
13011,19151,2
13011,19153,3
13011,19155,3
13011,19156,6
13011,19157,1
13011,19166,7.5
13011,19174,1
13011,19182,9
13011,19184,3
13011,19208,3
13011,19211,3
13011,19212,2
13011,19213,27
13011,19214,21
13011,19215,11
13011,19216,10
13011,19217,2
13011,19228,1
13011,19277,8
13011,19278,1
13011,19279,1
13011,19287,1
13011,19290,2
13012,18717,1
13012,18718,4
13012,18742,65
13012,18743,10
13012,18744,33
13012,18745,5
13012,18746,3
13012,18754,2
13012,18755,12
13012,18756,4
13012,18761,16.5
13012,18762,24
13012,18763,25
13012,18767,1
13012,18774,3
13012,18776,34.5
13012,18777,25
13012,18778,25.5
13012,18779,34
13012,18780,24
13012,18781,28
13012,18782,10.5
13012,18784,2
13012,18786,1
13012,18787,6
13012,18788,3
13012,18789,3
13012,18796,3
13012,18803,177
13012,18804,51
13012,18805,37
13012,18806,67
13012,18807,75
13012,18808,69.5
13012,18809,156
13012,18810,96.5
13012,18811,96
13012,18812,63
13012,18813,43
13012,18814,7
13012,18817,40
13012,18818,9
13012,18822,35
13012,18823,4
13012,18840,1
13012,18841,7.5
13012,18866,2
13012,18881,1
13012,18893,8
13012,18894,2
13012,18898,2
13012,18922,2
13012,18945,2
13012,18972,3
13012,18980,2
13012,18998,18
13012,18999,9
13012,19001,5.5
13012,19002,8
13012,19010,19
13012,19011,18
13012,19012,8
13012,19013,27.5
13012,19014,11
13012,19020,4
13012,19022,6
13012,19023,14
13012,19025,3
13012,19026,5
13012,19037,1
13012,19042,2
13012,19045,3
13012,19057,6
13012,19058,4
13012,19059,41
13012,19069,1
13012,19071,1
13012,19080,1
13012,19081,4
13012,19082,35
13012,19083,13
13012,19084,2
13012,19105,3
13012,19139,18
13012,19140,2
13012,19144,3
13012,19153,3
13012,19159,5
13012,19180,3
13012,19181,4
13012,19189,1
13012,19204,2
13012,19208,1
13012,19211,20.5
13012,19212,17
13012,19213,15
13012,19214,12
13012,19215,3
13012,19216,2
13012,19217,14
13012,19229,6
13012,19278,5
13012,19279,10
13012,19280,7
13012,19282,3
13012,19285,1
13012,19286,2
13013,18717,12.5
13013,18718,3
13013,18733,7
13013,18734,3
13013,18741,8
13013,18742,48.5
13013,18743,28
13013,18744,17
13013,18746,11
13013,18751,2
13013,18755,9
13013,18761,11
13013,18762,28
13013,18763,9
13013,18767,1
13013,18771,1
13013,18772,1
13013,18774,7
13013,18775,4
13013,18776,71
13013,18777,25
13013,18778,32.5
13013,18779,97.5
13013,18780,87.5
13013,18781,5
13013,18782,3
13013,18783,2
13013,18784,3
13013,18786,7
13013,18787,16
13013,18789,2
13013,18793,4
13013,18805,33
13013,18806,82
13013,18807,38
13013,18808,181
13013,18809,81.5
13013,18810,71
13013,18811,165.5
13013,18812,21
13013,18813,6
13013,18817,10
13013,18818,18
13013,18819,19
13013,18820,1
13013,18821,15
13013,18822,25.5
13013,18823,23
13013,18831,7
13013,18844,1
13013,18846,7
13013,18858,4
13013,18876,1
13013,18884,2
13013,18886,2
13013,18887,3
13013,18897,4
13013,18899,4
13013,18944,1
13013,18999,6
13013,19000,6
13013,19004,13
13013,19005,4
13013,19010,10
13013,19011,6
13013,19012,15
13013,19013,9
13013,19019,3
13013,19023,12
13013,19024,5
13013,19025,7
13013,19040,2
13013,19042,4
13013,19043,1
13013,19053,2
13013,19058,17
13013,19059,11
13013,19060,5
13013,19061,2
13013,19081,6
13013,19082,10
13013,19083,1
13013,19104,2
13013,19137,5
13013,19146,6
13013,19150,3
13013,19153,1
13013,19159,3
13013,19172,1
13013,19175,6
13013,19176,30.5
13013,19177,16
13013,19178,3
13013,19183,1
13013,19191,4
13013,19196,2
13013,19212,6
13013,19215,4
13013,19217,2
13013,19275,3
13013,19278,7
13014,18717,3
13014,18733,35
13014,18734,16
13014,18741,7
13014,18742,16
13014,18743,33
13014,18744,26
13014,18745,7
13014,18746,12.5
13014,18747,10
13014,18749,3.5
13014,18758,2
13014,18761,9
13014,18762,33.5
13014,18763,2
13014,18768,3
13014,18773,6
13014,18774,6
13014,18775,3
13014,18776,44
13014,18777,69
13014,18778,22.5
13014,18779,56
13014,18780,45
13014,18781,5.5
13014,18783,2
13014,18785,4
13014,18786,4
13014,18787,14
13014,18788,5
13014,18789,11
13014,18790,5
13014,18793,5
13014,18794,2
13014,18805,26
13014,18806,7
13014,18807,5
13014,18808,170
13014,18809,85
13014,18810,106
13014,18811,90
13014,18812,11
13014,18813,3
13014,18818,2
13014,18819,15
13014,18820,11
13014,18821,9
13014,18822,4
13014,18831,1
13014,18832,1
13014,18853,2
13014,18854,5
13014,18870,3
13014,18882,5
13014,18888,2
13014,18891,2
13014,18897,2
13014,18898,11
13014,18899,1
13014,18906,3
13014,18916,3
13014,18931,3
13014,18951,1
13014,18952,4
13014,18979,2
13014,18998,9
13014,18999,12
13014,19000,18
13014,19001,19
13014,19004,19
13014,19005,27
13014,19006,1
13014,19007,1
13014,19008,4
13014,19011,7
13014,19012,23
13014,19013,6
13014,19014,12
13014,19020,4
13014,19021,10
13014,19022,14
13014,19023,2
13014,19024,7
13014,19025,3
13014,19040,2
13014,19058,13
13014,19059,10
13014,19060,12
13014,19061,4.5
13014,19062,3
13014,19063,5
13014,19068,4
13014,19080,2
13014,19090,2
13014,19121,4
13014,19125,1
13014,19133,3
13014,19138,1
13014,19147,2
13014,19151,4
13014,19152,6
13014,19159,1
13014,19166,2
13014,19167,4
13014,19174,1
13014,19175,4
13014,19176,21
13014,19177,10
13014,19178,26
13014,19179,16
13014,19180,2
13014,19192,1
13014,19202,1
13014,19203,2
13014,19211,1
13014,19212,4
13014,19217,4
13014,19218,8
13014,19222,3
13014,19231,2
13014,19248,1
13014,19258,2
13014,19264,6
13014,19275,2
13014,19278,2
13014,19286,2
13015,18716,1
13015,18717,15
13015,18735,4
13015,18741,1
13015,18746,19
13015,18747,9
13015,18748,13
13015,18749,15.5
13015,18758,13
13015,18759,36
13015,18760,23
13015,18761,12
13015,18762,11
13015,18763,6
13015,18766,5
13015,18767,8
13015,18770,2
13015,18771,10
13015,18773,15
13015,18774,5
13015,18775,8
13015,18776,15
13015,18777,58
13015,18778,19
13015,18779,78.5
13015,18780,54
13015,18781,18
13015,18782,11
13015,18783,1
13015,18788,2
13015,18790,2
13015,18807,70
13015,18808,212
13015,18809,50
13015,18810,82
13015,18819,4
13015,18820,29
13015,18821,15
13015,18822,5
13015,18825,1
13015,18834,2
13015,18857,1
13015,18858,2
13015,18860,5
13015,18861,4
13015,18875,4
13015,18876,2
13015,18888,7
13015,18893,2
13015,18894,2
13015,18914,3
13015,18915,3
13015,18928,1
13015,18929,4
13015,18930,3
13015,18931,2
13015,18952,6
13015,18955,2
13015,18989,1
13015,18997,6
13015,18998,10
13015,18999,35
13015,19000,23
13015,19001,17
13015,19002,10
13015,19003,17
13015,19005,12
13015,19006,3
13015,19008,10
13015,19009,6
13015,19010,4
13015,19011,3
13015,19012,8
13015,19013,4
13015,19014,6
13015,19015,2
13015,19016,5
13015,19029,2
13015,19030,4
13015,19032,1.5
13015,19039,5
13015,19040,4
13015,19042,3
13015,19058,9
13015,19059,15
13015,19060,9
13015,19069,1
13015,19074,2
13015,19088,3
13015,19089,1
13015,19091,4
13015,19094,1
13015,19104,4
13015,19107,2
13015,19110,2
13015,19121,2
13015,19134,1
13015,19137,4
13015,19138,5
13015,19139,2
13015,19147,2
13015,19154,7
13015,19166,8
13015,19167,2
13015,19171,2
13015,19175,2
13015,19177,4
13015,19212,2
13015,19218,2
13015,19225,6
13015,19244,1
13015,19258,2
13015,19271,2
13015,19272,1
13015,19275,2
13015,19278,2
13015,19279,2
13015,19290,5
13016,18718,2
13016,18728,8
13016,18735,2
13016,18736,3
13016,18745,2
13016,18746,14
13016,18747,12
13016,18748,21
13016,18757,2
13016,18758,31
13016,18759,36
13016,18760,12
13016,18761,5
13016,18762,8
13016,18766,2
13016,18767,2
13016,18771,2
13016,18772,1.5
13016,18775,3
13016,18776,23
13016,18777,69
13016,18778,64
13016,18779,44.5
13016,18782,4
13016,18785,1
13016,18787,1
13016,18790,3
13016,18797,3
13016,18807,23
13016,18808,58
13016,18809,67
13016,18810,46
13016,18811,12
13016,18821,6
13016,18822,21
13016,18823,4
13016,18824,2
13016,18825,3
13016,18826,10
13016,18827,14
13016,18834,3
13016,18850,1
13016,18851,2
13016,18852,2
13016,18860,6
13016,18861,5
13016,18865,1
13016,18877,1
13016,18889,2
13016,18893,4
13016,18894,6
13016,18903,7
13016,18904,2
13016,18915,2
13016,18926,2
13016,18929,1
13016,18930,8
13016,18931,3
13016,18952,2
13016,18996,5
13016,18997,5
13016,18998,4
13016,18999,19
13016,19000,38
13016,19001,7
13016,19007,8
13016,19008,17
13016,19009,7
13016,19010,2
13016,19012,6
13016,19013,17
13016,19014,11
13016,19015,12
13016,19016,9
13016,19017,8
13016,19018,3
13016,19021,9
13016,19028,2
13016,19029,2
13016,19030,5
13016,19032,4
13016,19036,1
13016,19041,3
13016,19043,4
13016,19058,11
13016,19059,6
13016,19060,6.5
13016,19061,10
13016,19069,1
13016,19070,6
13016,19071,2
13016,19084,4
13016,19101,2
13016,19113,1
13016,19125,7
13016,19130,3
13016,19142,2
13016,19143,3
13016,19145,2
13016,19148,4
13016,19149,2
13016,19150,3
13016,19160,2
13016,19164,6
13016,19166,2
13016,19169,4
13016,19173,2
13016,19174,1
13016,19176,5
13016,19177,2
13016,19179,3
13016,19205,3
13016,19219,2
13016,19220,5
13016,19234,1
13016,19246,2
13016,19274,2
13016,19275,3
13016,19277,2
13016,19284,5
13017,18728,1
13017,18735,1
13017,18743,1
13017,18747,17
13017,18748,1
13017,18756,4
13017,18757,19
13017,18758,28
13017,18759,22
13017,18760,8
13017,18761,13
13017,18762,2
13017,18763,4
13017,18773,7
13017,18776,24
13017,18777,51
13017,18778,75.5
13017,18779,29.5
13017,18784,3
13017,18785,5
13017,18786,5
13017,18787,4.5
13017,18799,1
13017,18805,19
13017,18806,15
13017,18807,53
13017,18808,58.5
13017,18809,80.5
13017,18810,26
13017,18811,11
13017,18812,4
13017,18813,2
13017,18814,4
13017,18822,3
13017,18824,1
13017,18825,42.5
13017,18826,39
13017,18827,27
13017,18849,2
13017,18850,2
13017,18862,4
13017,18863,4
13017,18869,2
13017,18876,4
13017,18877,2
13017,18878,3
13017,18891,16.5
13017,18893,1
13017,18894,73
13017,18895,18
13017,18896,9
13017,18897,12
13017,18898,2
13017,18903,3
13017,18920,4
13017,18933,1
13017,18959,1
13017,18962,2
13017,18970,2
13017,18975,2
13017,18976,3
13017,18999,5
13017,19000,2
13017,19001,11
13017,19011,1
13017,19012,5
13017,19016,10
13017,19017,24
13017,19018,4
13017,19025,6
13017,19031,1
13017,19039,5
13017,19040,2
13017,19042,6
13017,19046,5
13017,19059,1
13017,19062,3
13017,19063,3
13017,19066,1
13017,19070,2
13017,19071,3
13017,19072,2
13017,19110,3
13017,19120,3
13017,19131,1
13017,19134,2
13017,19136,2
13017,19137,12
13017,19138,6
13017,19146,1
13017,19156,3
13017,19161,2
13017,19167,7
13017,19168,3
13017,19173,1
13017,19174,4
13017,19175,7
13017,19176,3
13017,19186,3
13017,19187,1
13017,19188,1
13017,19208,2
13017,19218,4
13017,19219,3
13017,19221,1
13017,19244,2
13017,19279,3
13017,19283,2
13018,18729,2
13018,18733,1
13018,18735,3
13018,18736,1
13018,18747,4
13018,18751,3
13018,18752,1
13018,18757,28
13018,18758,29
13018,18759,20
13018,18760,7
13018,18776,5
13018,18777,17
13018,18778,9
13018,18790,5
13018,18791,1
13018,18801,2
13018,18804,3.5
13018,18805,65.5
13018,18806,24
13018,18807,51
13018,18808,99.5
13018,18809,28
13018,18810,19.5
13018,18811,3
13018,18812,8
13018,18813,2
13018,18814,3
13018,18825,25
13018,18826,51
13018,18832,2
13018,18833,2
13018,18838,9
13018,18839,2
13018,18842,3
13018,18843,3
13018,18844,2
13018,18855,7
13018,18867,7
13018,18875,5
13018,18876,22
13018,18889,1
13018,18891,36
13018,18892,13
13018,18893,42
13018,18894,62
13018,18895,23
13018,18896,50
13018,18897,10
13018,18899,2
13018,18902,2
13018,18909,5
13018,18913,11
13018,18927,1
13018,18930,4
13018,18932,4
13018,18934,8
13018,18935,2
13018,18936,2
13018,18943,2
13018,18965,1
13018,18974,8
13018,18975,2
13018,18999,4
13018,19002,1
13018,19003,3
13018,19004,1
13018,19011,4
13018,19017,2
13018,19018,14
13018,19021,6
13018,19025,2
13018,19026,6
13018,19027,9
13018,19028,7
13018,19030,2
13018,19031,3
13018,19038,1
13018,19041,4
13018,19043,7.5
13018,19046,1
13018,19057,11
13018,19058,10
13018,19059,3
13018,19060,5
13018,19062,5
13018,19070,2
13018,19071,1
13018,19091,2
13018,19093,2
13018,19109,4
13018,19134,1
13018,19135,13
13018,19136,8
13018,19137,19
13018,19138,15
13018,19139,11
13018,19140,6
13018,19141,4
13018,19144,1
13018,19145,2
13018,19150,4
13018,19175,4
13018,19187,2
13018,19218,2
13018,19220,2
13018,19222,1
13018,19229,1
13018,19244,2
13018,19247,1
13018,19256,1
13018,19261,4
13018,19273,1
13019,18719,2
13019,18733,1
13019,18735,3
13019,18736,3
13019,18747,7
13019,18748,29
13019,18751,4
13019,18752,34.5
13019,18753,2
13019,18754,2
13019,18757,19
13019,18758,2
13019,18759,8
13019,18776,4
13019,18777,2
13019,18778,4
13019,18783,2
13019,18790,4
13019,18807,34
13019,18808,131
13019,18809,55.5
13019,18812,1
13019,18813,3.5
13019,18824,2
13019,18826,8
13019,18827,2
13019,18836,5
13019,18837,3
13019,18839,1
13019,18840,1
13019,18844,2
13019,18851,2
13019,18858,3
13019,18859,2
13019,18861,1
13019,18865,3
13019,18867,3
13019,18874,1
13019,18876,5
13019,18883,3
13019,18884,1
13019,18885,3
13019,18889,4
13019,18891,17
13019,18892,67
13019,18893,63.5
13019,18894,91.5
13019,18895,77
13019,18896,74.5
13019,18912,1
13019,18913,8
13019,18914,3
13019,18915,2
13019,18928,9
13019,18929,13
13019,18930,8
13019,18931,5
13019,18932,15
13019,18934,16.5
13019,18935,9
13019,18938,2
13019,18958,1
13019,18962,5
13019,18963,5
13019,18978,1
13019,18980,1
13019,18981,2
13019,18999,2
13019,19000,1
13019,19001,2
13019,19003,3
13019,19004,6
13019,19005,5
13019,19010,7
13019,19016,40.5
13019,19017,14
13019,19018,11
13019,19026,8
13019,19041,4
13019,19054,2
13019,19056,2
13019,19057,26
13019,19058,9
13019,19070,5
13019,19089,2
13019,19091,4
13019,19105,1
13019,19106,1
13019,19107,3
13019,19108,3
13019,19109,3
13019,19110,2
13019,19119,4
13019,19137,11
13019,19138,6
13019,19139,2
13019,19152,3
13019,19158,1
13019,19170,1
13019,19171,2
13019,19177,4
13019,19178,2
13019,19183,3
13019,19219,3
13019,19245,2
13019,19251,1
13019,19261,3
13019,19290,4
13020,18735,2
13020,18736,2
13020,18737,2
13020,18748,25
13020,18749,8
13020,18751,2
13020,18752,8
13020,18753,13
13020,18754,2
13020,18757,25
13020,18758,2
13020,18765,2
13020,18774,1
13020,18775,3
13020,18783,3
13020,18801,1
13020,18807,7
13020,18813,10
13020,18814,9
13020,18821,2
13020,18824,1
13020,18826,5
13020,18840,1
13020,18844,3
13020,18858,1
13020,18859,7
13020,18860,3
13020,18861,2
13020,18866,2
13020,18874,2
13020,18875,2
13020,18889,9
13020,18890,17
13020,18891,67
13020,18892,116
13020,18893,89
13020,18894,46
13020,18895,62
13020,18912,1
13020,18914,21
13020,18915,1
13020,18932,6
13020,18933,4
13020,18934,5
13020,18935,12
13020,18936,3
13020,18963,3
13020,18990,2
13020,19001,4
13020,19004,1
13020,19010,4
13020,19015,1
13020,19016,6
13020,19017,2
13020,19020,6
13020,19021,8
13020,19059,5
13020,19091,7
13020,19093,3
13020,19094,3
13020,19109,2
13020,19110,2
13020,19111,4
13020,19119,3
13020,19126,1
13020,19137,4
13020,19139,2
13020,19144,1
13020,19146,8.5
13020,19165,14
13020,19170,4
13020,19176,2
13020,19177,5
13020,19189,2
13020,19193,3
13020,19210,7
13020,19235,4
13020,19240,4
13020,19253,2
13020,19256,3
13020,19271,2
13020,19276,1.5
13020,19285,1
13021,18713,2
13021,18732,1
13021,18737,1.5
13021,18742,4
13021,18748,2
13021,18754,2
13021,18757,10
13021,18758,14
13021,18759,6
13021,18774,5
13021,18795,5
13021,18805,3
13021,18807,6
13021,18820,12
13021,18821,18
13021,18831,23
13021,18832,14
13021,18839,1.5
13021,18841,3
13021,18844,4
13021,18845,6
13021,18846,6
13021,18847,4
13021,18859,3
13021,18860,6
13021,18861,2
13021,18866,2
13021,18873,1
13021,18884,6
13021,18887,2
13021,18888,3
13021,18889,2
13021,18890,41.5
13021,18891,7
13021,18892,2
13021,18893,3
13021,18894,14
13021,18895,42
13021,18896,3
13021,18900,3
13021,18913,4
13021,18930,2
13021,18931,4
13021,18933,3
13021,18934,8
13021,18935,35.5
13021,18936,7
13021,18937,2
13021,18950,2
13021,19006,1
13021,19008,9.5
13021,19009,3
13021,19017,2
13021,19020,4.5
13021,19022,5
13021,19024,1
13021,19057,11
13021,19059,8
13021,19060,11
13021,19061,4
13021,19063,4
13021,19091,11
13021,19095,3
13021,19096,1
13021,19111,1
13021,19130,2
13021,19131,1
13021,19138,2
13021,19149,3
13021,19151,4
13021,19156,8
13021,19157,1
13021,19165,7
13021,19166,11
13021,19167,20
13021,19171,2
13021,19175,1
13021,19196,2
13021,19221,5
13021,19225,2
13021,19231,3
13021,19251,3
13021,19257,2
13021,19261,2
13021,19263,7
13021,19274,1
13021,19283,5
13021,19285,7
13021,19286,1
13021,19289,1
13022,18708,17
13022,18709,3
13022,18745,2
13022,18751,2
13022,18752,15
13022,18753,3
13022,18757,5.5
13022,18758,15
13022,18765,4
13022,18771,2
13022,18773,7
13022,18777,1
13022,18778,1
13022,18779,1
13022,18780,8
13022,18793,1
13022,18802,5
13022,18813,4
13022,18818,1
13022,18819,3
13022,18820,8
13022,18828,2
13022,18829,4
13022,18832,5
13022,18841,1
13022,18844,11
13022,18845,1.5
13022,18846,2
13022,18849,3
13022,18850,2
13022,18851,3
13022,18865,2
13022,18868,1
13022,18872,1
13022,18889,9
13022,18890,10
13022,18905,3
13022,18907,3
13022,18922,2
13022,18934,27
13022,18935,19
13022,18938,2
13022,18940,1
13022,18941,4
13022,18942,12
13022,18943,8
13022,18945,6
13022,18948,2
13022,18949,2
13022,18972,4
13022,19013,1
13022,19018,3
13022,19020,14
13022,19021,9
13022,19022,1
13022,19023,2
13022,19024,2
13022,19032,2
13022,19055,2
13022,19057,20.5
13022,19058,11
13022,19060,4
13022,19061,4
13022,19091,2
13022,19092,3
13022,19095,4
13022,19112,1
13022,19116,2
13022,19139,2
13022,19143,1
13022,19144,2
13022,19150,4
13022,19151,1
13022,19154,3
13022,19157,2
13022,19159,6
13022,19166,13
13022,19188,1
13022,19222,5
13022,19223,2
13022,19230,5
13022,19231,3
13022,19243,4
13022,19255,4
13022,19280,2
13023,18709,28.5
13023,18717,1
13023,18718,4
13023,18743,1
13023,18745,4
13023,18752,23
13023,18758,12
13023,18759,6
13023,18762,2
13023,18779,3
13023,18793,24.5
13023,18794,2
13023,18795,4
13023,18812,3
13023,18813,6
13023,18816,4
13023,18818,2
13023,18829,3
13023,18844,6
13023,18845,21
13023,18846,19
13023,18847,5
13023,18848,9
13023,18859,4
13023,18862,2
13023,18870,3
13023,18871,2
13023,18888,6
13023,18898,2
13023,18900,4
13023,18901,4
13023,18904,3
13023,18907,3
13023,18934,9
13023,18935,14.5
13023,18936,7
13023,18937,6
13023,18941,3
13023,18942,10
13023,18944,1
13023,18946,4
13023,18948,2
13023,18949,3
13023,18958,3
13023,18959,2
13023,18972,6
13023,18987,3
13023,18989,4
13023,18999,2
13023,19013,3
13023,19020,2
13023,19021,4
13023,19028,4
13023,19052,1
13023,19055,2
13023,19056,6
13023,19057,49
13023,19058,16
13023,19059,18
13023,19060,2
13023,19070,2
13023,19112,4
13023,19119,4.5
13023,19153,5
13023,19155,2
13023,19156,6
13023,19165,4
13023,19166,7
13023,19167,3
13023,19186,1
13023,19188,2
13023,19210,4
13023,19238,1
13023,19255,4
13023,19286,2
13024,18686,5
13024,18707,2
13024,18718,25
13024,18719,11
13024,18737,6
13024,18738,3.5
13024,18739,12
13024,18740,8
13024,18752,2
13024,18759,1
13024,18760,6
13024,18769,3
13024,18770,4
13024,18787,1
13024,18791,2
13024,18794,35
13024,18810,2
13024,18812,4
13024,18816,3
13024,18818,6
13024,18819,1
13024,18840,4
13024,18841,8
13024,18842,6
13024,18843,7
13024,18844,15
13024,18845,2
13024,18849,7
13024,18850,6
13024,18856,3
13024,18859,7
13024,18863,7
13024,18864,1
13024,18865,3
13024,18878,3
13024,18898,16
13024,18907,2
13024,18916,3
13024,18924,2
13024,18935,1
13024,18937,4
13024,18942,3
13024,18947,1
13024,18959,1
13024,18963,1
13024,19004,5
13024,19006,3
13024,19007,4
13024,19008,21
13024,19009,15
13024,19010,8
13024,19017,7
13024,19019,4
13024,19020,32
13024,19021,16
13024,19022,3
13024,19023,2
13024,19033,4
13024,19047,8
13024,19054,5
13024,19056,13.5
13024,19057,43
13024,19058,39.5
13024,19059,33
13024,19060,5
13024,19061,1
13024,19096,2
13024,19097,10
13024,19098,5
13024,19100,1
13024,19116,1
13024,19117,4.5
13024,19138,2
13024,19141,2
13024,19148,3
13024,19150,2
13024,19151,8
13024,19153,2
13024,19154,2
13024,19158,1
13024,19164,2
13024,19168,2
13024,19171,4
13024,19177,5
13024,19185,1
13024,19247,1
13024,19272,4
13024,19273,3
13024,19284,3
13024,19286,1
13025,18686,5
13025,18707,6
13025,18708,7
13025,18719,23
13025,18720,45
13025,18721,42
13025,18722,9
13025,18728,2
13025,18730,4
13025,18733,1
13025,18737,9
13025,18738,13
13025,18739,8
13025,18740,4.5
13025,18761,9
13025,18770,4
13025,18771,1
13025,18786,5
13025,18788,1
13025,18789,4
13025,18790,8.5
13025,18794,4
13025,18796,2
13025,18830,2
13025,18836,1
13025,18840,1
13025,18841,6
13025,18842,15
13025,18843,19
13025,18844,13
13025,18845,3
13025,18848,2
13025,18850,20
13025,18851,8
13025,18852,3
13025,18857,5
13025,18858,2
13025,18859,7
13025,18861,5
13025,18876,2
13025,18878,3
13025,18894,3
13025,18895,4
13025,18912,2
13025,18924,2
13025,18931,5
13025,18939,3
13025,18940,1
13025,18952,4
13025,18958,2
13025,18985,1
13025,18996,2
13025,19005,3
13025,19007,6
13025,19008,17
13025,19009,12
13025,19010,3
13025,19011,1
13025,19014,2
13025,19016,1
13025,19019,5
13025,19020,11
13025,19021,4
13025,19022,2
13025,19029,21
13025,19030,22
13025,19053,2
13025,19056,6
13025,19057,3
13025,19058,37
13025,19059,30
13025,19060,2
13025,19095,2
13025,19097,6
13025,19098,12
13025,19099,2
13025,19114,2
13025,19115,4
13025,19132,2
13025,19150,1
13025,19151,4
13025,19152,3
13025,19155,3
13025,19158,3
13025,19178,4
13025,19208,1
13025,19209,2
13025,19211,1
13025,19220,2
13025,19224,1
13025,19231,1
13025,19251,3
13025,19274,1
13025,19288,1
13026,18703,13
13026,18707,4
13026,18708,17
13026,18720,9
13026,18721,21
13026,18722,39
13026,18723,12
13026,18734,14
13026,18735,15
13026,18736,16
13026,18738,13.5
13026,18740,1
13026,18741,4
13026,18754,3
13026,18760,2
13026,18761,14
13026,18762,8
13026,18768,6
13026,18786,2
13026,18788,1
13026,18789,1
13026,18802,3
13026,18829,2
13026,18830,1
13026,18836,4
13026,18841,15
13026,18842,36
13026,18843,21
13026,18844,42
13026,18845,1
13026,18852,17
13026,18853,27
13026,18854,15
13026,18855,1
13026,18856,1
13026,18877,5
13026,18923,1
13026,18937,2
13026,18940,3
13026,18953,4
13026,18954,3
13026,18960,5
13026,18965,2
13026,18977,4
13026,18978,2
13026,18981,5
13026,18985,3
13026,19008,7
13026,19009,10
13026,19010,14
13026,19020,1
13026,19021,2
13026,19023,8
13026,19024,11
13026,19027,2
13026,19028,6
13026,19029,20
13026,19030,8
13026,19036,3
13026,19052,9
13026,19053,2
13026,19057,8
13026,19058,6
13026,19059,3
13026,19089,1
13026,19098,4
13026,19114,5
13026,19115,13
13026,19116,3
13026,19117,2
13026,19118,2
13026,19120,8
13026,19139,5
13026,19147,19
13026,19148,1
13026,19153,8
13026,19164,5
13026,19173,6
13026,19178,3
13026,19181,3
13026,19194,4
13026,19198,2
13026,19209,6
13026,19231,5
13026,19244,4
13026,19245,1
13026,19246,9
13026,19247,9
13026,19248,2
13026,19252,2
13026,19253,2
13026,19267,1
13026,19271,4
13027,18702,4
13027,18703,6
13027,18706,2
13027,18711,18
13027,18712,3
13027,18715,1
13027,18721,5
13027,18722,27.5
13027,18723,20
13027,18724,4
13027,18735,2
13027,18736,19.5
13027,18737,12
13027,18742,3
13027,18744,1
13027,18753,2
13027,18758,3
13027,18759,3
13027,18761,10
13027,18762,9
13027,18787,4
13027,18795,2
13027,18796,9
13027,18797,20
13027,18798,5
13027,18799,3
13027,18800,4
13027,18801,5
13027,18802,5
13027,18803,21
13027,18817,2
13027,18822,2
13027,18825,3
13027,18841,2
13027,18844,9
13027,18845,46
13027,18846,6
13027,18847,1
13027,18848,3
13027,18849,13
13027,18853,31
13027,18854,23
13027,18855,10
13027,18856,4
13027,18861,7
13027,18869,2
13027,18890,8
13027,18892,2
13027,18894,1.5
13027,18908,1
13027,18911,3
13027,18939,4
13027,18940,4
13027,18941,5
13027,18946,1
13027,18953,2
13027,18964,3
13027,18965,2
13027,18977,2
13027,18980,2
13027,19007,1
13027,19009,2
13027,19013,3
13027,19021,2
13027,19022,15
13027,19023,18
13027,19024,27
13027,19025,12
13027,19026,10
13027,19028,11
13027,19029,13
13027,19053,5
13027,19056,3
13027,19057,2
13027,19063,3
13027,19098,3
13027,19100,1
13027,19101,2
13027,19106,2
13027,19112,2
13027,19114,20.5
13027,19115,3
13027,19117,1
13027,19135,1
13027,19136,16
13027,19139,8
13027,19146,1
13027,19147,7
13027,19148,9
13027,19172,2
13027,19176,1
13027,19182,1
13027,19221,1
13027,19228,8
13027,19230,2
13027,19243,4
13027,19244,11
13027,19246,6
13027,19247,7
13027,19248,2
13027,19276,2
13027,19283,4
13027,19289,2
13028,18706,3
13028,18707,7
13028,18711,14
13028,18712,3
13028,18713,2
13028,18715,3
13028,18721,2
13028,18724,1
13028,18737,21.5
13028,18738,24
13028,18739,2
13028,18743,4
13028,18754,8.5
13028,18756,45
13028,18757,4
13028,18758,2
13028,18767,2
13028,18773,3
13028,18781,3
13028,18782,1.5
13028,18787,6
13028,18797,1
13028,18798,2
13028,18800,5
13028,18801,9
13028,18808,3
13028,18810,3
13028,18815,4
13028,18826,2
13028,18828,3
13028,18829,3
13028,18841,6
13028,18842,1
13028,18844,2
13028,18845,9
13028,18847,4
13028,18848,18
13028,18849,3.5
13028,18851,4
13028,18852,4
13028,18853,20
13028,18854,25
13028,18861,4
13028,18872,1
13028,18886,5
13028,18887,2
13028,18893,5
13028,18902,3
13028,18905,1
13028,18916,2
13028,18917,2
13028,18918,2
13028,18935,2
13028,18937,3
13028,18956,3
13028,18957,2
13028,18970,1
13028,18976,1
13028,18986,2
13028,18994,1
13028,18995,2
13028,19007,2
13028,19022,1
13028,19026,2
13028,19029,5
13028,19052,1
13028,19053,14
13028,19054,19
13028,19063,2
13028,19064,7
13028,19065,2
13028,19069,3
13028,19102,3.5
13028,19103,2
13028,19106,2
13028,19111,6
13028,19112,22
13028,19113,21
13028,19114,18
13028,19115,3
13028,19126,3
13028,19135,8
13028,19136,24
13028,19137,2
13028,19152,1
13028,19176,3
13028,19178,5
13028,19184,1
13028,19205,2
13028,19206,4
13028,19215,2
13028,19231,2
13028,19243,12
13028,19248,2
13028,19249,1
13028,19250,3
13028,19251,1
13028,19252,3
13028,19258,2
13028,19277,3
13029,18688,2
13029,18725,7
13029,18736,1
13029,18738,4.5
13029,18739,4
13029,18752,1
13029,18754,7
13029,18755,13
13029,18756,2
13029,18757,16
13029,18758,5
13029,18759,21
13029,18760,10
13029,18761,13.5
13029,18766,2
13029,18782,3
13029,18786,3
13029,18787,3
13029,18795,1
13029,18798,6
13029,18799,8
13029,18800,16
13029,18801,7
13029,18802,3
13029,18809,4
13029,18810,3
13029,18811,1
13029,18812,2
13029,18813,4
13029,18820,1
13029,18826,4
13029,18834,2
13029,18835,1
13029,18839,15.5
13029,18840,12
13029,18841,10
13029,18842,3
13029,18843,12.5
13029,18844,14
13029,18845,4
13029,18846,2
13029,18848,11
13029,18849,5
13029,18850,5
13029,18851,5
13029,18852,12
13029,18853,42
13029,18854,18
13029,18861,3
13029,18866,4
13029,18900,4
13029,18902,6
13029,18903,5
13029,18909,2
13029,18911,3
13029,18912,1
13029,18932,2
13029,18939,1
13029,18956,11
13029,18957,1
13029,18963,1
13029,18969,4
13029,18970,5
13029,18974,3
13029,18976,10
13029,18977,5
13029,18978,2.5
13029,18985,2
13029,18993,2
13029,19005,4
13029,19014,2
13029,19021,2
13029,19030,1
13029,19031,4
13029,19054,2
13029,19056,2
13029,19057,1
13029,19059,8
13029,19060,6
13029,19064,1
13029,19083,1
13029,19103,2
13029,19104,4
13029,19108,4
13029,19112,19
13029,19113,13
13029,19114,6
13029,19133,5
13029,19137,10
13029,19144,2
13029,19145,2
13029,19151,2
13029,19175,2
13029,19178,1
13029,19198,3
13029,19211,2
13029,19212,1
13029,19213,2
13029,19241,3
13029,19245,4
13029,19249,17
13029,19273,2.5
13029,19277,5
13029,19284,2
13030,18690,9
13030,18691,4
13030,18692,13
13030,18727,1
13030,18745,4
13030,18747,7
13030,18751,2
13030,18754,30
13030,18755,40
13030,18759,2
13030,18760,21
13030,18761,65.5
13030,18798,6
13030,18799,8.5
13030,18800,27
13030,18801,6
13030,18813,10
13030,18814,5
13030,18831,3
13030,18832,8
13030,18834,2
13030,18840,13
13030,18841,10
13030,18842,11
13030,18843,4
13030,18844,8
13030,18846,18
13030,18847,21
13030,18848,11
13030,18850,7
13030,18851,37.5
13030,18852,51
13030,18853,23
13030,18859,3
13030,18862,1
13030,18934,3
13030,18953,1
13030,18954,4
13030,18958,4
13030,18961,2
13030,18976,22
13030,18977,8
13030,18979,4
13030,18985,2
13030,18989,2
13030,19012,4
13030,19022,7
13030,19024,2
13030,19029,2
13030,19030,3
13030,19031,3
13030,19055,1
13030,19056,4
13030,19064,3
13030,19090,4
13030,19104,1
13030,19105,12
13030,19106,9
13030,19107,4
13030,19111,11
13030,19112,15
13030,19113,8
13030,19114,11
13030,19135,4
13030,19136,3
13030,19137,5
13030,19143,16
13030,19144,3
13030,19147,4
13030,19148,3
13030,19149,3
13030,19150,8
13030,19151,3
13030,19152,2
13030,19160,1
13030,19167,2
13030,19169,1
13030,19170,4
13030,19178,1
13030,19246,1
13030,19256,1
13030,19265,1
13030,19266,4
13030,19288,4
13031,18690,4
13031,18691,17
13031,18692,36
13031,18693,4
13031,18705,5
13031,18706,5
13031,18733,6
13031,18744,4
13031,18753,4
13031,18754,14
13031,18755,37
13031,18756,27
13031,18757,1
13031,18758,35
13031,18760,23
13031,18761,54
13031,18763,3
13031,18769,5
13031,18794,7
13031,18799,19
13031,18800,3
13031,18801,3
13031,18813,2
13031,18824,1
13031,18825,4
13031,18832,6
13031,18833,10
13031,18836,1
13031,18839,3
13031,18840,8
13031,18841,3.5
13031,18842,18
13031,18843,22
13031,18847,12
13031,18848,23
13031,18849,9
13031,18850,35
13031,18851,23.5
13031,18852,46.5
13031,18853,7
13031,18862,6
13031,18864,6
13031,18872,4
13031,18894,2
13031,18895,6
13031,18908,2
13031,18909,3
13031,18951,6
13031,18963,1
13031,18973,3
13031,18974,2
13031,18975,3
13031,18985,2
13031,18987,4
13031,18989,1
13031,18991,1
13031,19022,11
13031,19023,13
13031,19025,2
13031,19028,9
13031,19029,4
13031,19030,5
13031,19031,4
13031,19053,1
13031,19054,5
13031,19063,2
13031,19065,1
13031,19081,2
13031,19082,5
13031,19103,2
13031,19104,1
13031,19105,17.5
13031,19106,6
13031,19107,1
13031,19109,4
13031,19111,2
13031,19112,10
13031,19113,8
13031,19130,1
13031,19133,6
13031,19136,11.5
13031,19137,15
13031,19140,6
13031,19141,17
13031,19142,11.5
13031,19143,2
13031,19144,4
13031,19145,2
13031,19167,5
13031,19168,1
13031,19174,3
13031,19177,5
13031,19183,7
13031,19190,2
13031,19208,2
13031,19227,4
13031,19247,3
13031,19255,4
13031,19264,7
13031,19265,1
13031,19267,1
13031,19287,1
13031,19288,5
13032,18691,29
13032,18692,22.5
13032,18693,16.5
13032,18694,27.5
13032,18706,2
13032,18730,2
13032,18731,8
13032,18732,24
13032,18733,57
13032,18734,13
13032,18747,10
13032,18748,1
13032,18749,5
13032,18753,3
13032,18755,23
13032,18756,55
13032,18757,81.5
13032,18758,21
13032,18759,31
13032,18760,9
13032,18761,7
13032,18762,1
13032,18763,5
13032,18764,19
13032,18778,3
13032,18793,2
13032,18794,19
13032,18797,7
13032,18798,22
13032,18799,24
13032,18800,8
13032,18804,1
13032,18812,1
13032,18813,10
13032,18832,3
13032,18833,66
13032,18837,1
13032,18840,10
13032,18842,10
13032,18843,4
13032,18844,5
13032,18848,11
13032,18849,34
13032,18850,9
13032,18858,8
13032,18862,4
13032,18864,6
13032,18871,2.5
13032,18891,4
13032,18894,7
13032,18895,10
13032,18899,3
13032,18907,3
13032,18924,1
13032,18954,1
13032,18961,4
13032,18962,4
13032,18963,19
13032,18965,4
13032,18967,2
13032,18987,5
13032,19002,4
13032,19007,2
13032,19010,1
13032,19011,26
13032,19012,4
13032,19013,4
13032,19022,12.5
13032,19023,2
13032,19025,7
13032,19029,2
13032,19065,2
13032,19066,2
13032,19081,8
13032,19101,2
13032,19104,2
13032,19108,16
13032,19109,10
13032,19111,4
13032,19113,3
13032,19115,1
13032,19116,3
13032,19136,2
13032,19137,12
13032,19138,5
13032,19140,45
13032,19141,44
13032,19142,38
13032,19143,5
13032,19144,3
13032,19145,2
13032,19160,2
13032,19168,1
13032,19177,3
13032,19208,2
13032,19232,2
13032,19245,2
13032,19257,5
13032,19266,6
13032,19268,1
13032,19280,4
13033,18694,5
13033,18695,1.5
13033,18709,3
13033,18729,4
13033,18730,23
13033,18731,21
13033,18732,62.5
13033,18733,70
13033,18734,70
13033,18735,14
13033,18748,5
13033,18756,22
13033,18757,54
13033,18758,59
13033,18759,11
13033,18760,34
13033,18761,61.5
13033,18762,77
13033,18763,55
13033,18764,37
13033,18777,2
13033,18790,2
13033,18793,2
13033,18794,4
13033,18795,42
13033,18796,4
13033,18797,7
13033,18799,3
13033,18800,2
13033,18818,5
13033,18821,3
13033,18825,2
13033,18832,2
13033,18833,31
13033,18834,10
13033,18840,28
13033,18841,7
13033,18844,16
13033,18846,2
13033,18847,2
13033,18848,12.5
13033,18849,33
13033,18850,5
13033,18862,6
13033,18863,11
13033,18865,2
13033,18866,1
13033,18871,2
13033,18877,2
13033,18878,4
13033,18879,4
13033,18895,2
13033,18906,3
13033,18907,2.5
13033,18909,2
13033,18929,2
13033,18941,2
13033,18942,4
13033,18945,4
13033,18958,4
13033,18961,1
13033,18962,8
13033,18963,25
13033,18964,4.5
13033,18965,2
13033,18968,1
13033,18974,5
13033,18977,2
13033,19001,7
13033,19007,2
13033,19012,1
13033,19013,4
13033,19023,6
13033,19024,5
13033,19025,17
13033,19087,2
13033,19107,8.5
13033,19108,5
13033,19111,5
13033,19115,1
13033,19117,1
13033,19136,6
13033,19137,20
13033,19142,8
13033,19143,35
13033,19144,22
13033,19145,6
13033,19146,4
13033,19147,5
13033,19149,1
13033,19196,2
13033,19205,2
13033,19261,6
13033,19263,4
13033,19267,2
13033,19268,4
13033,19269,1
13033,19270,1
13033,19274,2
13033,19275,1
13033,19277,4
13033,19278,2
13033,19282,2
13033,19284,1
13034,18717,4
13034,18728,4
13034,18730,1
13034,18731,8
13034,18732,12
13034,18733,20
13034,18734,13
13034,18735,10
13034,18742,5
13034,18746,1
13034,18748,2
13034,18749,42
13034,18750,172.5
13034,18752,4
13034,18753,1
13034,18755,1
13034,18756,62
13034,18757,34
13034,18759,3
13034,18760,65.5
13034,18761,90.5
13034,18762,55
13034,18763,68
13034,18764,14
13034,18765,2
13034,18766,8
13034,18767,2
13034,18778,2
13034,18795,4
13034,18796,12
13034,18797,3
13034,18810,1
13034,18811,2
13034,18818,1
13034,18820,10
13034,18821,4
13034,18824,2
13034,18829,3
13034,18830,8
13034,18831,30
13034,18832,16
13034,18833,31
13034,18834,15
13034,18837,3
13034,18839,1
13034,18841,3
13034,18843,1
13034,18844,3
13034,18845,2
13034,18846,22
13034,18847,20
13034,18848,1
13034,18849,9
13034,18853,1
13034,18862,3
13034,18863,2
13034,18878,1
13034,18882,4
13034,18895,1
13034,18904,2
13034,18907,1
13034,18911,5
13034,18928,3
13034,18958,3
13034,18962,5
13034,18963,13
13034,18964,39.5
13034,18965,7
13034,18966,1
13034,18967,4
13034,18972,2
13034,18973,1
13034,19001,4
13034,19005,1
13034,19023,4
13034,19024,6
13034,19025,5
13034,19027,3
13034,19029,13
13034,19064,1
13034,19066,1
13034,19068,1
13034,19093,3
13034,19107,3
13034,19112,4
13034,19114,4
13034,19136,2
13034,19137,16
13034,19138,8
13034,19141,2
13034,19144,4
13034,19149,1
13034,19150,2
13034,19152,3
13034,19165,1
13034,19177,2
13034,19202,15
13034,19203,3
13034,19216,1
13034,19225,2
13034,19233,4
13034,19256,2
13034,19263,4
13034,19268,2
13034,19271,3
13034,19273,3
13034,19275,4
13034,19285,1
13035,18721,4
13035,18722,3
13035,18731,4
13035,18732,3
13035,18733,4
13035,18734,26
13035,18735,11
13035,18736,15
13035,18738,3
13035,18750,100.5
13035,18751,29
13035,18752,3
13035,18753,5
13035,18754,23
13035,18755,43
13035,18756,15
13035,18759,63
13035,18760,65.5
13035,18761,132.5
13035,18762,92.5
13035,18763,106
13035,18764,2
13035,18765,41
13035,18766,67
13035,18767,8
13035,18771,1
13035,18792,4
13035,18796,14
13035,18797,14
13035,18798,35
13035,18799,3
13035,18801,3
13035,18805,2
13035,18813,1
13035,18816,7
13035,18817,1
13035,18818,6
13035,18819,2
13035,18820,37
13035,18825,4
13035,18826,5
13035,18827,27
13035,18828,4
13035,18829,15
13035,18830,46
13035,18831,34
13035,18832,63
13035,18833,61
13035,18834,42.5
13035,18835,16
13035,18836,37
13035,18837,49
13035,18838,2
13035,18844,10
13035,18845,22
13035,18846,14
13035,18847,5.5
13035,18850,1
13035,18851,8
13035,18853,2
13035,18860,5
13035,18862,1
13035,18872,4
13035,18877,3
13035,18881,2
13035,18891,3
13035,18960,2
13035,18963,1
13035,18964,6
13035,18965,6
13035,18966,2
13035,18967,1
13035,18968,5
13035,19002,3
13035,19005,2
13035,19022,2
13035,19023,11
13035,19024,18
13035,19025,10
13035,19026,11
13035,19027,23
13035,19028,2
13035,19030,2
13035,19042,3
13035,19043,2
13035,19066,1
13035,19067,3
13035,19085,2
13035,19107,2
13035,19111,2
13035,19112,4
13035,19113,1
13035,19138,5
13035,19163,4
13035,19192,2
13035,19202,8
13035,19203,2
13035,19223,2
13035,19230,10
13035,19232,3
13035,19241,3
13035,19252,1
13035,19272,10
13035,19273,16
13035,19274,1
13035,19281,1
13035,19285,5
13035,19287,1
13035,19290,4
13036,18730,5
13036,18731,12
13036,18734,22
13036,18735,44.5
13036,18736,6
13036,18738,14
13036,18739,10
13036,18740,2
13036,18749,2
13036,18750,10
13036,18751,51
13036,18752,24
13036,18753,3
13036,18754,18
13036,18755,36
13036,18756,76.5
13036,18757,48
13036,18759,10
13036,18760,23
13036,18761,120
13036,18762,58
13036,18763,29
13036,18764,44
13036,18765,33
13036,18766,19
13036,18767,2
13036,18775,2
13036,18776,5
13036,18796,16
13036,18797,46
13036,18798,34
13036,18804,4
13036,18809,2
13036,18810,3
13036,18813,14
13036,18819,1
13036,18820,11
13036,18823,1
13036,18824,5
13036,18831,6
13036,18832,2
13036,18833,24
13036,18834,65.5
13036,18835,1
13036,18836,18
13036,18837,24
13036,18838,3
13036,18859,4
13036,18860,1
13036,18872,9
13036,18873,6
13036,18876,3
13036,18877,1
13036,18899,3
13036,18911,11
13036,18913,2
13036,18962,2.5
13036,18963,1
13036,18966,4
13036,18967,3
13036,18968,6
13036,19003,1
13036,19004,1
13036,19022,1
13036,19023,2
13036,19024,9
13036,19025,3
13036,19026,5
13036,19027,14
13036,19028,9
13036,19030,6
13036,19042,3
13036,19044,1
13036,19053,1
13036,19064,2
13036,19065,2
13036,19074,2
13036,19105,4
13036,19138,5
13036,19162,1
13036,19170,2
13036,19187,5
13036,19188,3
13036,19189,2
13036,19203,3
13036,19204,1
13036,19242,1
13036,19252,2
13036,19253,3
13036,19259,1
13036,19260,3
13036,19262,6
13036,19272,6
13036,19273,4
13036,19274,7
13036,19290,18
13037,18731,5
13037,18732,2
13037,18733,3
13037,18735,22
13037,18736,6
13037,18738,5
13037,18739,28
13037,18740,47.5
13037,18741,7
13037,18742,7
13037,18745,4
13037,18750,5
13037,18751,132
13037,18752,95.5
13037,18753,53.5
13037,18754,97.5
13037,18755,21.5
13037,18756,66
13037,18757,99
13037,18758,8
13037,18759,46
13037,18760,106.5
13037,18761,87
13037,18762,103
13037,18763,43
13037,18764,168
13037,18765,16
13037,18766,28
13037,18767,2
13037,18794,10
13037,18795,28
13037,18796,4
13037,18797,35
13037,18798,22
13037,18799,4
13037,18800,7
13037,18805,2
13037,18809,2
13037,18813,4
13037,18819,5
13037,18831,3.5
13037,18833,16
13037,18834,10
13037,18835,2
13037,18849,1
13037,18852,1
13037,18866,1
13037,18876,3
13037,18897,2
13037,18919,2
13037,18922,2
13037,18925,4
13037,18963,2
13037,18967,2
13037,18968,9
13037,18982,1
13037,18983,3
13037,19008,3
13037,19012,2
13037,19024,3
13037,19026,4
13037,19027,9
13037,19028,16
13037,19030,1
13037,19041,1
13037,19043,3
13037,19051,1
13037,19052,4
13037,19063,6
13037,19066,1
13037,19068,3
13037,19078,1
13037,19085,1
13037,19110,1
13037,19139,3
13037,19150,3
13037,19161,1
13037,19164,2
13037,19177,6
13037,19178,8
13037,19212,2
13037,19235,2
13037,19247,3
13037,19249,1
13037,19257,1
13037,19260,15
13037,19261,5
13037,19264,2
13037,19273,5
13037,19274,19
13037,19275,3
13037,19279,2
13037,19280,2
13037,19287,2
13037,19290,6
13038,18715,4
13038,18716,1
13038,18717,2
13038,18719,8
13038,18725,2
13038,18730,5
13038,18732,1
13038,18733,5
13038,18734,1
13038,18738,14
13038,18739,23
13038,18740,15
13038,18741,29
13038,18742,21
13038,18743,7
13038,18744,3
13038,18745,27
13038,18746,50
13038,18747,28
13038,18750,31
13038,18751,97
13038,18752,24
13038,18753,40
13038,18754,71
13038,18755,97.5
13038,18756,67.5
13038,18757,111
13038,18758,25
13038,18759,126.5
13038,18760,108
13038,18761,142
13038,18762,57.5
13038,18763,191
13038,18764,28.5
13038,18765,130
13038,18766,64
13038,18767,11
13038,18768,2
13038,18770,2
13038,18794,11
13038,18795,21
13038,18796,20
13038,18797,44.5
13038,18798,19
13038,18799,33
13038,18800,9
13038,18812,4
13038,18813,1
13038,18818,2
13038,18822,2
13038,18829,2
13038,18831,2
13038,18832,15
13038,18833,9
13038,18834,3
13038,18878,10
13038,18879,4
13038,18911,1
13038,18921,2
13038,18940,2
13038,18942,5
13038,18963,5
13038,18970,1
13038,18982,1
13038,19007,2
13038,19008,1
13038,19011,3
13038,19024,6
13038,19025,2
13038,19027,1
13038,19031,4
13038,19040,2
13038,19052,7
13038,19063,2
13038,19064,1
13038,19065,28.5
13038,19066,29
13038,19067,2
13038,19068,3
13038,19088,2
13038,19092,1
13038,19099,2
13038,19108,1
13038,19109,2
13038,19110,1
13038,19134,5
13038,19137,2
13038,19147,2
13038,19161,1
13038,19163,4
13038,19164,2
13038,19173,5
13038,19175,5
13038,19176,28.5
13038,19177,21
13038,19178,9
13038,19181,2
13038,19182,3
13038,19183,8
13038,19204,1
13038,19230,1
13038,19250,1
13038,19255,5
13038,19259,8
13038,19260,5
13038,19261,5
13038,19262,2
13038,19263,1
13038,19272,2
13038,19273,4
13038,19274,10
13038,19278,1
13038,19279,12
13038,19290,6
13039,18719,6
13039,18720,4
13039,18721,8
13039,18725,1
13039,18731,1
13039,18732,2
13039,18737,2
13039,18738,4
13039,18739,8
13039,18740,11
13039,18742,65
13039,18743,33.5
13039,18744,33
13039,18745,28.5
13039,18746,36
13039,18747,48
13039,18748,50
13039,18749,117.5
13039,18750,62
13039,18751,80
13039,18752,116
13039,18753,91.5
13039,18754,270
13039,18755,66.5
13039,18756,103
13039,18757,139
13039,18758,67
13039,18759,153
13039,18760,14
13039,18761,38
13039,18762,101
13039,18763,99.5
13039,18764,45
13039,18765,87
13039,18766,170.5
13039,18767,11.5
13039,18768,5
13039,18769,6
13039,18791,1
13039,18794,16
13039,18795,5
13039,18797,69.5
13039,18798,6
13039,18804,2
13039,18813,3
13039,18818,2
13039,18820,4
13039,18829,3
13039,18830,1
13039,18832,3
13039,18836,5
13039,18837,2
13039,18838,8
13039,18839,13
13039,18840,4
13039,18841,5
13039,18860,2
13039,18875,2
13039,18878,17
13039,18879,5
13039,18895,3
13039,18897,3
13039,18900,2
13039,18933,5
13039,18966,2
13039,18995,4
13039,19002,3
13039,19006,2
13039,19012,2
13039,19013,5
13039,19026,1
13039,19031,2
13039,19039,2
13039,19065,6
13039,19066,10
13039,19067,42
13039,19068,26.5
13039,19069,5
13039,19070,8.5
13039,19072,4
13039,19073,4
13039,19074,4
13039,19095,3
13039,19129,6
13039,19132,5
13039,19133,6
13039,19134,4
13039,19136,1
13039,19160,4
13039,19162,3
13039,19166,4
13039,19173,5
13039,19174,7
13039,19176,3.5
13039,19177,6
13039,19178,9
13039,19180,12
13039,19181,9
13039,19183,2
13039,19185,1
13039,19196,2
13039,19203,2
13039,19204,8
13039,19206,4
13039,19211,2
13039,19217,3
13039,19257,1
13039,19258,7
13039,19259,5
13039,19260,3
13039,19261,6
13039,19262,8
13039,19270,4
13039,19289,12
13039,19290,2
13040,18720,1
13040,18721,1
13040,18722,3
13040,18723,5
13040,18724,1
13040,18726,3
13040,18737,2
13040,18740,22.5
13040,18741,19
13040,18742,22
13040,18743,13
13040,18745,11
13040,18746,23
13040,18747,49
13040,18748,63
13040,18749,145
13040,18750,213.5
13040,18751,94.5
13040,18752,62
13040,18754,77
13040,18755,56.5
13040,18756,47
13040,18757,93
13040,18758,27
13040,18759,130.5
13040,18760,15
13040,18761,72.5
13040,18762,69.5
13040,18763,117.5
13040,18764,99
13040,18765,117.5
13040,18766,110
13040,18767,41
13040,18768,2
13040,18796,4
13040,18797,35
13040,18798,2
13040,18799,20.5
13040,18807,4
13040,18832,1
13040,18833,3
13040,18834,4
13040,18836,3.5
13040,18839,6
13040,18840,2
13040,18841,1
13040,18866,6
13040,18867,3
13040,18868,4
13040,18879,8.5
13040,18880,2
13040,18881,3
13040,18895,2
13040,18897,6
13040,18901,5
13040,18933,2
13040,18944,1
13040,18945,2
13040,18946,5
13040,18957,4
13040,18963,5
13040,18977,1
13040,18994,5
13040,18995,3
13040,18996,2
13040,19001,1
13040,19013,1
13040,19014,4
13040,19028,3
13040,19030,8
13040,19031,7
13040,19037,1
13040,19039,2
13040,19065,2
13040,19068,5
13040,19074,2
13040,19095,2
13040,19104,4
13040,19116,2
13040,19117,1
13040,19122,3
13040,19129,5
13040,19130,10
13040,19132,2
13040,19134,3
13040,19137,6
13040,19158,2
13040,19174,6
13040,19176,13
13040,19177,2
13040,19178,23
13040,19179,29
13040,19180,1
13040,19181,1
13040,19182,4
13040,19183,4
13040,19184,3
13040,19185,4
13040,19198,3
13040,19202,3
13040,19206,1
13040,19214,4
13040,19217,1
13040,19234,4
13040,19242,5
13040,19243,2
13040,19256,2
13040,19258,24
13040,19259,15
13040,19260,9
13040,19262,8
13040,19263,3
13040,19271,4
13040,19272,4
13040,19274,2
13040,19275,1
13040,19290,2
13041,18698,5
13041,18699,2
13041,18702,12
13041,18703,5
13041,18721,17
13041,18722,31
13041,18723,30
13041,18724,45
13041,18725,22
13041,18726,16
13041,18743,13
13041,18744,4
13041,18747,2
13041,18748,83
13041,18749,243.5
13041,18750,172.5
13041,18751,88.5
13041,18752,64
13041,18753,31.5
13041,18754,66.5
13041,18755,53
13041,18756,61.5
13041,18757,94
13041,18758,67
13041,18759,93
13041,18760,197.5
13041,18761,135
13041,18762,122.5
13041,18763,68.5
13041,18764,240.5
13041,18765,82
13041,18766,59
13041,18767,21
13041,18768,4
13041,18785,3
13041,18786,2
13041,18787,3
13041,18797,3
13041,18799,2
13041,18824,7
13041,18827,2
13041,18838,1
13041,18841,1
13041,18843,6
13041,18873,1
13041,18875,2
13041,18890,2
13041,18892,4
13041,18907,1
13041,18937,3
13041,18944,2
13041,18945,4
13041,18964,2
13041,19010,2
13041,19011,3
13041,19013,2
13041,19014,1
13041,19018,1
13041,19026,4
13041,19027,10
13041,19028,4
13041,19029,16
13041,19030,22
13041,19064,3
13041,19066,1
13041,19076,4
13041,19115,3
13041,19129,2
13041,19131,2
13041,19133,2
13041,19136,8
13041,19137,3
13041,19154,2
13041,19158,1
13041,19159,1
13041,19165,2
13041,19177,14
13041,19178,41
13041,19179,15
13041,19180,1
13041,19181,7
13041,19182,1
13041,19193,1
13041,19211,4
13041,19214,6
13041,19215,2
13041,19225,3
13041,19249,2
13041,19255,4
13041,19256,1
13041,19257,3
13041,19258,13
13041,19259,14
13041,19260,2
13041,19261,1
13041,19262,3
13041,19263,1
13041,19273,2
13041,19290,1
13042,18699,4
13042,18721,10
13042,18722,34
13042,18723,17
13042,18724,45
13042,18725,31
13042,18726,30
13042,18727,8
13042,18728,35
13042,18729,7
13042,18730,23
13042,18731,25
13042,18732,22
13042,18733,3
13042,18739,7
13042,18743,5
13042,18744,13
13042,18745,12
13042,18748,42
13042,18749,175.5
13042,18750,74.5
13042,18751,97
13042,18752,87
13042,18753,121.5
13042,18754,61.5
13042,18755,60.5
13042,18756,74
13042,18757,169.5
13042,18758,55
13042,18759,116.5
13042,18760,136
13042,18761,160
13042,18762,81
13042,18763,81
13042,18764,28
13042,18765,1
13042,18766,19
13042,18767,22
13042,18768,5
13042,18769,1
13042,18770,10
13042,18772,2
13042,18782,2
13042,18784,2
13042,18820,3
13042,18822,1
13042,18827,1
13042,18839,3
13042,18840,3
13042,18841,13
13042,18843,4
13042,18844,1
13042,18851,2
13042,18860,2
13042,18880,6
13042,18885,11
13042,18897,3
13042,18902,1
13042,18924,2
13042,18942,2
13042,18944,5
13042,18945,1
13042,18957,1
13042,18965,5
13042,18967,1
13042,18980,4
13042,19011,1
13042,19012,11
13042,19023,1
13042,19024,3
13042,19026,32
13042,19027,23
13042,19028,24
13042,19029,42
13042,19030,28
13042,19031,7
13042,19055,3
13042,19064,1
13042,19065,3
13042,19067,3.5
13042,19068,4
13042,19070,10
13042,19071,1
13042,19072,2
13042,19085,1.5
13042,19130,1
13042,19131,17
13042,19132,4
13042,19143,2
13042,19154,1
13042,19158,3
13042,19173,2
13042,19176,4.5
13042,19177,15
13042,19178,21
13042,19181,2
13042,19183,5
13042,19201,3
13042,19210,2
13042,19219,1
13042,19229,6
13042,19240,2
13042,19262,7
13042,19263,15
13042,19265,3
13042,19272,5
13042,19290,4
13043,18694,14
13043,18695,4
13043,18699,2
13043,18719,2
13043,18720,54
13043,18721,22
13043,18722,2
13043,18723,32
13043,18724,26
13043,18725,31.5
13043,18726,23.5
13043,18728,3
13043,18729,9
13043,18730,20
13043,18731,9
13043,18732,17
13043,18733,15
13043,18734,2
13043,18741,3
13043,18742,11
13043,18745,43
13043,18746,20
13043,18747,22
13043,18748,54
13043,18749,12
13043,18750,41
13043,18751,44
13043,18752,66
13043,18753,138.5
13043,18754,124
13043,18755,66.5
13043,18756,153.5
13043,18757,66
13043,18758,97
13043,18759,159
13043,18760,235
13043,18761,239.5
13043,18762,67
13043,18763,12
13043,18764,22
13043,18765,25
13043,18766,25
13043,18767,29.5
13043,18770,3
13043,18771,5
13043,18772,37
13043,18773,2
13043,18774,5
13043,18776,7
13043,18777,10
13043,18780,1
13043,18805,2
13043,18812,6
13043,18813,5
13043,18819,4
13043,18820,3
13043,18839,6
13043,18858,2
13043,18868,3
13043,18869,1
13043,18906,3
13043,18916,1
13043,18918,3
13043,18924,1
13043,18927,1
13043,18942,1
13043,18957,9
13043,18958,5
13043,18961,2
13043,18974,2
13043,18990,5
13043,19014,2
13043,19017,4
13043,19026,2
13043,19027,2
13043,19028,18
13043,19029,24
13043,19030,8
13043,19069,5.5
13043,19070,2
13043,19071,1
13043,19072,3
13043,19074,4
13043,19076,2
13043,19091,2
13043,19131,8
13043,19132,1
13043,19142,2
13043,19158,4
13043,19160,1
13043,19176,5
13043,19177,1
13043,19178,2
13043,19182,1
13043,19200,3
13043,19205,3
13043,19213,2
13043,19232,4
13043,19263,6
13043,19266,14
13043,19267,4
13043,19272,2
13043,19290,3
13044,18667,1
13044,18682,3
13044,18683,6
13044,18689,6
13044,18693,2
13044,18695,6
13044,18696,7
13044,18698,7
13044,18719,11
13044,18720,21
13044,18721,11
13044,18722,2
13044,18723,45.5
13044,18724,17
13044,18725,5
13044,18734,8
13044,18735,11
13044,18736,7
13044,18740,1
13044,18741,2
13044,18742,2
13044,18746,25
13044,18747,58
13044,18748,87.5
13044,18749,58
13044,18750,68
13044,18752,96
13044,18753,114
13044,18754,152
13044,18755,79
13044,18756,53
13044,18757,48
13044,18758,91
13044,18759,230
13044,18760,187
13044,18761,393.5
13044,18762,78.5
13044,18763,59
13044,18764,128
13044,18765,128
13044,18766,46
13044,18767,26
13044,18771,6
13044,18772,40
13044,18773,22
13044,18774,13
13044,18775,27
13044,18776,3
13044,18777,5
13044,18788,2
13044,18789,12
13044,18807,2
13044,18812,4
13044,18813,5
13044,18820,2
13044,18846,6
13044,18868,6
13044,18889,2
13044,18907,3
13044,18931,1
13044,18942,2
13044,18943,1
13044,18945,1
13044,18986,2
13044,19026,1
13044,19028,4
13044,19030,3
13044,19050,3
13044,19068,1
13044,19069,1
13044,19084,4
13044,19104,5
13044,19121,4
13044,19131,5
13044,19132,1
13044,19142,2
13044,19144,1
13044,19151,2
13044,19177,3
13044,19179,2
13044,19180,7
13044,19181,10
13044,19185,2
13044,19197,6
13044,19214,2
13044,19245,1
13044,19260,2
13044,19263,2
13044,19266,2
13044,19267,2
13044,19270,2
13044,19272,2
13044,19277,2
13044,19278,3
13044,19282,1
13044,19290,8
13045,18667,2
13045,18669,10
13045,18682,9
13045,18683,5
13045,18686,2
13045,18696,6
13045,18699,5
13045,18712,5
13045,18713,9
13045,18722,4
13045,18723,31
13045,18724,23
13045,18736,6
13045,18737,10
13045,18738,5
13045,18739,5
13045,18740,44
13045,18741,6
13045,18742,7
13045,18745,7
13045,18747,3
13045,18748,40
13045,18749,35
13045,18750,71
13045,18751,23
13045,18752,87.5
13045,18753,77.5
13045,18754,130
13045,18755,53
13045,18756,86.5
13045,18757,275
13045,18758,72
13045,18759,183
13045,18760,116
13045,18761,125
13045,18762,112
13045,18763,80
13045,18764,94
13045,18765,47
13045,18766,27
13045,18767,9
13045,18768,3
13045,18769,8
13045,18770,7
13045,18771,7
13045,18772,30
13045,18773,7
13045,18780,2
13045,18787,2
13045,18788,11.5
13045,18789,5
13045,18807,3
13045,18811,1
13045,18818,1
13045,18832,4
13045,18845,2
13045,18847,3
13045,18873,4
13045,18878,3
13045,18890,2
13045,18911,5
13045,18928,1
13045,18931,1
13045,18935,8
13045,18936,3
13045,18960,2
13045,18979,4
13045,18992,2
13045,18994,2
13045,18995,2
13045,18999,3
13045,19001,3
13045,19029,1
13045,19030,4
13045,19050,3
13045,19056,1
13045,19064,6
13045,19095,3
13045,19100,1
13045,19132,7
13045,19137,3
13045,19145,2
13045,19179,2
13045,19180,4
13045,19181,2
13045,19182,3
13045,19198,1
13045,19212,2
13045,19213,2
13045,19220,2
13045,19242,1
13045,19263,9
13045,19277,1
13046,18697,5
13046,18698,2
13046,18699,6
13046,18712,15
13046,18713,4
13046,18722,35.5
13046,18723,4
13046,18735,4
13046,18737,4
13046,18738,4
13046,18739,5
13046,18740,25
13046,18741,13
13046,18742,16
13046,18743,25
13046,18744,33
13046,18747,30
13046,18748,249
13046,18749,24
13046,18750,66
13046,18751,133
13046,18752,78
13046,18753,125.5
13046,18754,150
13046,18755,63.5
13046,18756,100.5
13046,18757,182
13046,18758,102
13046,18759,169
13046,18760,79.5
13046,18761,166
13046,18762,8
13046,18763,59
13046,18764,285
13046,18765,59
13046,18767,27
13046,18768,20
13046,18769,52.5
13046,18770,31
13046,18771,10.5
13046,18772,14
13046,18788,32
13046,18789,10
13046,18799,1
13046,18801,2
13046,18803,2
13046,18826,4
13046,18828,1
13046,18846,1
13046,18893,4
13046,18912,4
13046,18929,4
13046,18935,4
13046,18937,3
13046,18957,2
13046,18970,2
13046,19003,2
13046,19010,3
13046,19031,2
13046,19048,2
13046,19049,7
13046,19064,4
13046,19070,3
13046,19093,2
13046,19099,4
13046,19115,1
13046,19131,2
13046,19132,7
13046,19133,15
13046,19135,21.5
13046,19136,9
13046,19137,2
13046,19140,3
13046,19145,7
13046,19146,2
13046,19158,5
13046,19173,2
13046,19179,5
13046,19180,1
13046,19182,4
13046,19188,5
13046,19215,1
13046,19224,5
13046,19225,2
13046,19242,1
13046,19245,4
13046,19251,18
13046,19255,1
13046,19261,5
13046,19264,1
13046,19276,2
13046,19277,6
13046,19278,4
13047,18665,2
13047,18668,3
13047,18689,1
13047,18691,3
13047,18708,13
13047,18709,7
13047,18710,13
13047,18711,13
13047,18712,2
13047,18713,2
13047,18714,7
13047,18721,6
13047,18722,24
13047,18726,2
13047,18737,9
13047,18738,13
13047,18739,19
13047,18740,11
13047,18742,21
13047,18743,8
13047,18746,50
13047,18747,27
13047,18748,183
13047,18749,224.5
13047,18750,12
13047,18751,103
13047,18752,114
13047,18753,202
13047,18754,178
13047,18755,145
13047,18756,116.5
13047,18757,70.5
13047,18758,89
13047,18759,240
13047,18760,96
13047,18761,123.5
13047,18762,144
13047,18763,51.5
13047,18764,189.5
13047,18765,76
13047,18766,38.5
13047,18767,89.5
13047,18768,53
13047,18769,34
13047,18770,18
13047,18771,28
13047,18772,4
13047,18787,27
13047,18788,9
13047,18872,2
13047,18876,1
13047,18891,3
13047,18894,1
13047,18895,3
13047,18907,2
13047,18913,4
13047,18940,4
13047,18944,5
13047,18953,3
13047,18955,2
13047,18975,2
13047,19031,6
13047,19032,1
13047,19039,2
13047,19064,9
13047,19131,3
13047,19132,1
13047,19133,2
13047,19135,12
13047,19138,4
13047,19155,2
13047,19162,2
13047,19178,1
13047,19199,4
13047,19231,4
13047,19232,3
13047,19233,6
13047,19234,3
13047,19235,4
13047,19249,2
13047,19260,11
13047,19276,18
13047,19277,4
13047,19278,4
13047,19281,5
13047,19285,10
13047,19286,5
13048,18679,2
13048,18688,5
13048,18691,27
13048,18708,36
13048,18709,26.5
13048,18710,30
13048,18714,2
13048,18725,6
13048,18731,2
13048,18737,10
13048,18738,21
13048,18739,4
13048,18740,34
13048,18741,22
13048,18742,20
13048,18746,75
13048,18747,11
13048,18748,22
13048,18749,25.5
13048,18750,167
13048,18751,47.5
13048,18752,39.5
13048,18753,34
13048,18754,77
13048,18755,128.5
13048,18756,219.5
13048,18757,345
13048,18758,227.5
13048,18759,10
13048,18762,59
13048,18763,88.5
13048,18764,101.5
13048,18765,71
13048,18766,52
13048,18767,68
13048,18768,75
13048,18769,38.5
13048,18770,23
13048,18771,9
13048,18785,1.5
13048,18787,1
13048,18805,1
13048,18850,1
13048,18861,5
13048,18872,8
13048,18892,2
13048,18895,1
13048,18899,2
13048,18907,1
13048,18911,1
13048,18938,2
13048,18941,2
13048,18953,2
13048,18954,2
13048,18974,1
13048,18975,4
13048,18977,2
13048,18978,1
13048,19004,4
13048,19005,13
13048,19020,2
13048,19029,3
13048,19030,7
13048,19032,1
13048,19040,7
13048,19058,4
13048,19082,5
13048,19087,2
13048,19114,25
13048,19115,5
13048,19128,4
13048,19130,3
13048,19132,2
13048,19135,2
13048,19136,4
13048,19137,2
13048,19169,3
13048,19182,6
13048,19199,1
13048,19206,1
13048,19209,1
13048,19231,2
13048,19233,3
13048,19239,4
13048,19243,2
13048,19249,1
13048,19253,1
13048,19265,1
13048,19278,8
13048,19286,1
13048,19290,9
13049,18654,1
13049,18659,5
13049,18685,4
13049,18698,5
13049,18702,6
13049,18706,4
13049,18707,3
13049,18708,10
13049,18709,41.5
13049,18710,56.5
13049,18732,25
13049,18733,2
13049,18739,17
13049,18740,32
13049,18741,60.5
13049,18742,16
13049,18743,5
13049,18745,21
13049,18746,68
13049,18747,78
13049,18748,72
13049,18749,72
13049,18750,200.5
13049,18751,222.5
13049,18752,68.5
13049,18753,61.5
13049,18754,112
13049,18755,134
13049,18756,196.5
13049,18757,204.5
13049,18758,107
13049,18759,75
13049,18762,57.5
13049,18763,99
13049,18764,54
13049,18765,74
13049,18766,67.5
13049,18767,34
13049,18768,47
13049,18769,67
13049,18789,1
13049,18796,14
13049,18804,24
13049,18805,21
13049,18806,5
13049,18811,4
13049,18812,7
13049,18813,2
13049,18823,7
13049,18860,3
13049,18889,1
13049,18901,2
13049,18906,7
13049,18928,3
13049,18974,1
13049,18975,1
13049,19000,2
13049,19004,7
13049,19005,12
13049,19032,7
13049,19033,1
13049,19042,6
13049,19043,2
13049,19045,66.5
13049,19046,20.5
13049,19047,6
13049,19059,1
13049,19080,3
13049,19089,1
13049,19103,8
13049,19107,2
13049,19109,1
13049,19110,3
13049,19112,1
13049,19113,3
13049,19114,9
13049,19115,1
13049,19130,4
13049,19131,1
13049,19178,2
13049,19179,1
13049,19201,4
13049,19216,2
13049,19218,1
13049,19230,5
13049,19241,3
13049,19249,6
13049,19250,3
13049,19289,12
13049,19290,7
13050,18664,4
13050,18687,2
13050,18701,5
13050,18705,2
13050,18706,3
13050,18731,25
13050,18732,28
13050,18734,16.5
13050,18735,3
13050,18736,10
13050,18737,16
13050,18738,55
13050,18739,58
13050,18740,55
13050,18741,46
13050,18742,49.5
13050,18743,38
13050,18744,32.5
13050,18745,46.5
13050,18746,58.5
13050,18747,72
13050,18748,88.5
13050,18749,80
13050,18750,68
13050,18751,287
13050,18752,53
13050,18753,136
13050,18754,142
13050,18755,285.5
13050,18756,114
13050,18757,418.5
13050,18758,244.5
13050,18761,2
13050,18762,29
13050,18763,103.5
13050,18764,24
13050,18765,64
13050,18766,91
13050,18767,88
13050,18768,49
13050,18769,57
13050,18770,7
13050,18795,11
13050,18796,35.5
13050,18797,35.5
13050,18801,9
13050,18802,2
13050,18803,15.5
13050,18804,10
13050,18805,3
13050,18811,1
13050,18812,8
13050,18817,3
13050,18818,3
13050,18838,3
13050,18882,2
13050,18883,2
13050,18889,2
13050,18891,1
13050,18892,2
13050,18900,11
13050,18903,2
13050,18904,7
13050,18926,2
13050,18927,3
13050,18928,1
13050,18930,4
13050,18931,2
13050,18932,2
13050,18933,5
13050,18950,5
13050,18982,3
13050,18983,3
13050,19001,4
13050,19004,3
13050,19029,1
13050,19042,1
13050,19044,26.5
13050,19045,27
13050,19046,1
13050,19060,3
13050,19079,5
13050,19114,1
13050,19131,1
13050,19170,1
13050,19184,9
13050,19185,8
13050,19230,1
13050,19241,1
13050,19245,3
13050,19259,7
13050,19262,3
13050,19263,1
13050,19271,3
13050,19283,3
13050,19288,4
13050,19289,11
13050,19290,25
13050,19291,7
13051,18654,2
13051,18660,3
13051,18661,1
13051,18664,5
13051,18665,4
13051,18693,1
13051,18711,1
13051,18726,4
13051,18729,1
13051,18730,2
13051,18731,19
13051,18732,11
13051,18735,1
13051,18736,9
13051,18737,31
13051,18738,52
13051,18739,21
13051,18740,4
13051,18741,23
13051,18742,19
13051,18743,14
13051,18744,18
13051,18745,9
13051,18746,63
13051,18747,77
13051,18748,66.5
13051,18749,58
13051,18750,61
13051,18751,57
13051,18752,63
13051,18753,71.5
13051,18754,112
13051,18755,254
13051,18756,113
13051,18757,100.5
13051,18758,148.5
13051,18759,75.5
13051,18760,15
13051,18761,38
13051,18763,96.5
13051,18764,201
13051,18765,94.5
13051,18766,90
13051,18767,59
13051,18768,53.5
13051,18769,57
13051,18770,31
13051,18789,7
13051,18790,4
13051,18793,1
13051,18794,23
13051,18795,19
13051,18796,38
13051,18797,40
13051,18839,2
13051,18844,2
13051,18850,4
13051,18875,1
13051,18882,3
13051,18888,1
13051,18896,2
13051,18900,2
13051,18922,3
13051,18927,24
13051,18928,38
13051,18929,26
13051,18930,7
13051,18961,4
13051,18983,9
13051,18990,2
13051,19001,2
13051,19002,7
13051,19014,1
13051,19031,1
13051,19032,2
13051,19033,4
13051,19043,2
13051,19044,2
13051,19045,2
13051,19063,1
13051,19067,4
13051,19077,4
13051,19088,5
13051,19102,1
13051,19112,1
13051,19123,2
13051,19148,2
13051,19160,4
13051,19185,4
13051,19186,1
13051,19205,4
13051,19207,1
13051,19228,4
13051,19229,5
13051,19258,4
13051,19259,1
13051,19261,4
13051,19265,2
13051,19270,1
13051,19291,1
13052,18660,1
13052,18661,1
13052,18683,4
13052,18695,2
13052,18699,6
13052,18712,3
13052,18716,1
13052,18718,2
13052,18723,3
13052,18727,2
13052,18728,4
13052,18729,2
13052,18731,2
13052,18732,7
13052,18736,8
13052,18737,22
13052,18738,18
13052,18739,2
13052,18741,6
13052,18742,3
13052,18746,4
13052,18748,3
13052,18749,17
13052,18750,29
13052,18751,201
13052,18752,28
13052,18753,247
13052,18754,126.5
13052,18755,120
13052,18756,17
13052,18757,2
13052,18758,24
13052,18759,81.5
13052,18760,20
13052,18761,71
13052,18762,91
13052,18763,12
13052,18764,99
13052,18765,84.5
13052,18766,80
13052,18767,51
13052,18768,97
13052,18769,53
13052,18770,35.5
13052,18795,1
13052,18796,25
13052,18797,20.5
13052,18798,1
13052,18821,1
13052,18841,3
13052,18868,2
13052,18887,4
13052,18896,1
13052,18904,3
13052,18926,4
13052,18927,2
13052,18928,2
13052,18954,3
13052,18960,6
13052,18966,2
13052,18975,1
13052,18989,2
13052,18997,4
13052,18998,2
13052,19015,1
13052,19018,2
13052,19019,5
13052,19033,9
13052,19034,5
13052,19035,2
13052,19042,2
13052,19043,1
13052,19045,8
13052,19046,15
13052,19047,4
13052,19050,6
13052,19090,2
13052,19093,9
13052,19099,2
13052,19101,2
13052,19136,3
13052,19146,3
13052,19154,6
13052,19156,3
13052,19183,2
13052,19229,34
13052,19230,3
13052,19232,2
13052,19249,2
13052,19258,4
13052,19261,1
13052,19262,4
13052,19275,2
13052,19285,1
13052,19288,5
13052,19289,14
13052,19290,28.5
13052,19291,26
13052,19292,10
13053,18673,9
13053,18682,1
13053,18683,8
13053,18695,5
13053,18700,1
13053,18703,1
13053,18704,20
13053,18708,4
13053,18716,3
13053,18717,17
13053,18718,4
13053,18721,4
13053,18722,4
13053,18725,11
13053,18727,4
13053,18731,16
13053,18732,8
13053,18735,15
13053,18736,46
13053,18737,12
13053,18741,6
13053,18744,7
13053,18745,3
13053,18750,31
13053,18751,44
13053,18752,51.5
13053,18753,38
13053,18754,190
13053,18755,151
13053,18756,9
13053,18757,58
13053,18758,87
13053,18759,11
13053,18760,3
13053,18763,14
13053,18764,118.5
13053,18765,142.5
13053,18766,136.5
13053,18767,59
13053,18768,26
13053,18769,5
13053,18781,1
13053,18785,2
13053,18795,3
13053,18796,16
13053,18799,16
13053,18819,3
13053,18820,5
13053,18853,2
13053,18874,3
13053,18889,3.5
13053,18890,2
13053,18895,10
13053,18901,1
13053,18926,5
13053,18928,3
13053,18929,4
13053,18930,1
13053,18931,2
13053,18933,2
13053,18939,4
13053,18940,2
13053,18992,2
13053,18997,2
13053,19033,3
13053,19035,1
13053,19043,1
13053,19044,3
13053,19047,3
13053,19059,3
13053,19084,1
13053,19085,1
13053,19096,5
13053,19101,2
13053,19117,3
13053,19156,8
13053,19184,2
13053,19218,4
13053,19229,2
13053,19270,3
13053,19271,1
13053,19274,3
13053,19289,5
13053,19290,13
13053,19291,45
13053,19292,7.5
13054,18665,5
13054,18666,4
13054,18667,2
13054,18668,7
13054,18673,4
13054,18680,1
13054,18720,5
13054,18722,19
13054,18723,8
13054,18724,8
13054,18725,25
13054,18726,5
13054,18731,7
13054,18732,25
13054,18733,2
13054,18735,18
13054,18736,41
13054,18737,1
13054,18741,1
13054,18742,2
13054,18743,2
13054,18744,2
13054,18750,69
13054,18751,82
13054,18752,54.5
13054,18753,96
13054,18754,50
13054,18755,228.5
13054,18756,132
13054,18757,13
13054,18758,41
13054,18759,18
13054,18763,29
13054,18764,68
13054,18765,96
13054,18766,38.5
13054,18768,48
13054,18769,47
13054,18781,4
13054,18782,3
13054,18785,1
13054,18791,2
13054,18818,3
13054,18820,4
13054,18830,3
13054,18836,4
13054,18888,4
13054,18893,1
13054,18908,2
13054,18917,2
13054,18928,3
13054,18931,2
13054,18932,1
13054,18933,1
13054,18934,3
13054,18936,2
13054,18937,6
13054,18939,1
13054,18958,1
13054,18979,2
13054,19003,3
13054,19023,1
13054,19024,2
13054,19026,4
13054,19033,4
13054,19034,6
13054,19035,12
13054,19042,2
13054,19057,2
13054,19058,2
13054,19059,3
13054,19079,7
13054,19080,19
13054,19082,2
13054,19097,4
13054,19111,4
13054,19156,1
13054,19183,6
13054,19198,3
13054,19239,2
13054,19243,7
13054,19259,7
13054,19263,4
13054,19290,9
13054,19291,12
13055,18654,1
13055,18656,6
13055,18657,1
13055,18660,1
13055,18665,20
13055,18680,6
13055,18681,6
13055,18682,1
13055,18688,6
13055,18689,1
13055,18697,4
13055,18698,5
13055,18702,2
13055,18711,1
13055,18720,3
13055,18721,18
13055,18722,35
13055,18723,13
13055,18724,5
13055,18725,34.5
13055,18726,25
13055,18727,16
13055,18728,15
13055,18730,5
13055,18731,14
13055,18732,10
13055,18733,31.5
13055,18735,5
13055,18736,31
13055,18740,5
13055,18741,7
13055,18742,4
13055,18749,20
13055,18750,70
13055,18751,68.5
13055,18752,70
13055,18753,111
13055,18754,94
13055,18755,81
13055,18756,64
13055,18757,6
13055,18758,25
13055,18763,38
13055,18764,48
13055,18765,8.5
13055,18766,48
13055,18767,86
13055,18768,90
13055,18769,40
13055,18779,9
13055,18780,8
13055,18781,2
13055,18782,1
13055,18784,10
13055,18785,2
13055,18791,2
13055,18817,1
13055,18819,2
13055,18820,2
13055,18825,11.5
13055,18830,5
13055,18831,3
13055,18836,2
13055,18884,1
13055,18887,3
13055,18893,4
13055,18907,1
13055,18921,4
13055,18947,2
13055,18968,1
13055,18977,2
13055,18979,4
13055,18980,1
13055,18981,2
13055,18984,1
13055,19013,10
13055,19014,4
13055,19016,3
13055,19030,2
13055,19034,45.5
13055,19035,8
13055,19042,2
13055,19080,21
13055,19081,6
13055,19082,6
13055,19110,1
13055,19116,2
13055,19119,1
13055,19156,2
13055,19158,1
13055,19160,1
13055,19177,1
13055,19179,2
13055,19265,2
13055,19269,2
13055,19270,2
13055,19271,6
13055,19274,2
13055,19275,2
13055,19285,1
13055,19290,9
13055,19291,3
13056,18656,1
13056,18671,2
13056,18689,2
13056,18701,8
13056,18702,4.5
13056,18709,1
13056,18711,4
13056,18712,4
13056,18720,18
13056,18721,72.5
13056,18722,36
13056,18723,18
13056,18725,65
13056,18726,33
13056,18727,27
13056,18728,33
13056,18729,21
13056,18730,8
13056,18731,19
13056,18732,4
13056,18733,15
13056,18734,27
13056,18735,11
13056,18736,16.5
13056,18741,9
13056,18742,5
13056,18743,5
13056,18744,1
13056,18747,3
13056,18749,20
13056,18750,73
13056,18751,39
13056,18752,63.5
13056,18753,141
13056,18754,100
13056,18755,49
13056,18756,4
13056,18757,7
13056,18764,3
13056,18765,5
13056,18766,33
13056,18767,21
13056,18768,49
13056,18769,4
13056,18770,8
13056,18777,4
13056,18778,17
13056,18779,1.5
13056,18780,4
13056,18792,4
13056,18793,3
13056,18801,2
13056,18802,3
13056,18825,5
13056,18836,4
13056,18837,7
13056,18853,2
13056,18859,3
13056,18860,5
13056,18873,2
13056,18887,6
13056,18889,5
13056,18914,2
13056,18922,1
13056,18928,2
13056,18932,3
13056,18951,3
13056,18959,1
13056,18977,4
13056,18982,3
13056,19001,2
13056,19010,19
13056,19011,13
13056,19012,2
13056,19013,15.5
13056,19014,5
13056,19023,3
13056,19031,6
13056,19032,11
13056,19033,2
13056,19034,26.5
13056,19035,36.5
13056,19080,9
13056,19102,2
13056,19110,1
13056,19141,2
13056,19142,4
13056,19157,2
13056,19172,2
13056,19177,2
13056,19194,11
13056,19235,5
13056,19247,1
13056,19270,2
13056,19271,3
13056,19274,2
13056,19279,2
13056,19283,1
13056,19289,22
13056,19290,14
13056,19292,7
13057,18657,2
13057,18709,3
13057,18711,8.5
13057,18712,19
13057,18716,2
13057,18720,10
13057,18721,34
13057,18722,7
13057,18723,12
13057,18724,25.5
13057,18725,23
13057,18727,17
13057,18728,12
13057,18729,4
13057,18730,16
13057,18731,50
13057,18732,45
13057,18733,29
13057,18734,47
13057,18735,61.5
13057,18736,51
13057,18737,13
13057,18739,1
13057,18741,4
13057,18742,22
13057,18743,12
13057,18744,4
13057,18747,2
13057,18748,3
13057,18749,4
13057,18750,6
13057,18751,21
13057,18752,47
13057,18753,234.5
13057,18754,134
13057,18755,129.5
13057,18756,46
13057,18757,4
13057,18759,5
13057,18764,3
13057,18765,4
13057,18766,30
13057,18767,78
13057,18768,87.5
13057,18769,19.5
13057,18770,30
13057,18771,3
13057,18802,4.5
13057,18851,3
13057,18858,4
13057,18859,13
13057,18877,2
13057,18886,2
13057,18892,1
13057,18903,4
13057,18912,3
13057,18920,3
13057,18927,2
13057,18928,4
13057,18929,2
13057,18930,1
13057,18939,6
13057,18950,4
13057,18952,2
13057,18970,4
13057,18976,2
13057,18977,5
13057,18978,12
13057,18979,3
13057,18982,1
13057,18992,4
13057,18995,2
13057,19001,4
13057,19003,2
13057,19005,2
13057,19009,1
13057,19010,3
13057,19012,12
13057,19013,17
13057,19015,4
13057,19022,1
13057,19023,2
13057,19025,2
13057,19031,9
13057,19032,13
13057,19033,15
13057,19034,13.5
13057,19035,43
13057,19051,1
13057,19064,2
13057,19080,7
13057,19084,2
13057,19095,2
13057,19097,2
13057,19109,5
13057,19110,2
13057,19142,2
13057,19157,1
13057,19160,6
13057,19161,2
13057,19194,5
13057,19214,1
13057,19220,1
13057,19228,1
13057,19242,3
13057,19243,7
13057,19251,1
13057,19253,7
13057,19268,2
13057,19274,7
13057,19284,1
13057,19285,3
13057,19289,15
13057,19290,5
13057,19291,6
13058,18658,8.5
13058,18659,2
13058,18715,5
13058,18716,35
13058,18720,1
13058,18723,3
13058,18724,29
13058,18725,16
13058,18726,28
13058,18727,14.5
13058,18729,6
13058,18730,14
13058,18731,11
13058,18732,87
13058,18733,64
13058,18734,48
13058,18735,170
13058,18736,47
13058,18737,19
13058,18738,25.5
13058,18739,9
13058,18742,7
13058,18743,26
13058,18744,4
13058,18748,16
13058,18749,88
13058,18752,24
13058,18753,122
13058,18754,22
13058,18755,138
13058,18756,140
13058,18759,10
13058,18763,3
13058,18765,30
13058,18766,63
13058,18767,73
13058,18768,101
13058,18769,104
13058,18770,111.5
13058,18771,6
13058,18774,5
13058,18777,2
13058,18780,4
13058,18807,2
13058,18844,2
13058,18855,2
13058,18857,1
13058,18858,1
13058,18884,2
13058,18886,7
13058,18889,6
13058,18895,2
13058,18898,2
13058,18899,3
13058,18921,1
13058,18922,2
13058,18929,1
13058,18930,1
13058,18932,2
13058,18933,4
13058,18938,1
13058,18939,1
13058,18946,4
13058,18950,4
13058,18959,4
13058,18979,5
13058,18982,5
13058,18989,3
13058,18990,3
13058,19002,1
13058,19003,4
13058,19018,3
13058,19026,7
13058,19033,19
13058,19034,34
13058,19035,2
13058,19046,3
13058,19066,4
13058,19067,2
13058,19070,8
13058,19072,3
13058,19080,4
13058,19081,11.5
13058,19082,11
13058,19109,8
13058,19116,6
13058,19158,1
13058,19159,1
13058,19179,2
13058,19195,3
13058,19214,3
13058,19226,2
13058,19227,6
13058,19236,2
13058,19248,3
13058,19250,4
13058,19274,1
13058,19277,2
13058,19288,11
13058,19289,2
13059,18659,18
13059,18660,9
13059,18661,3
13059,18675,1
13059,18697,6
13059,18706,6
13059,18716,6
13059,18717,18
13059,18718,30
13059,18719,9
13059,18724,3
13059,18725,7
13059,18726,47
13059,18727,39.5
13059,18728,13
13059,18729,12
13059,18730,33
13059,18731,32
13059,18732,40
13059,18733,45
13059,18734,118
13059,18735,197
13059,18736,115
13059,18737,39
13059,18745,6
13059,18746,67
13059,18747,76.5
13059,18748,35
13059,18749,42
13059,18752,12
13059,18753,3
13059,18754,27
13059,18755,41
13059,18756,95
13059,18760,1
13059,18766,49.5
13059,18767,45
13059,18768,39
13059,18769,61
13059,18770,75.5
13059,18771,18
13059,18772,2
13059,18807,4
13059,18817,5
13059,18830,5
13059,18855,2
13059,18856,5
13059,18857,3
13059,18858,7
13059,18865,4
13059,18876,2
13059,18885,8
13059,18886,17
13059,18896,1
13059,18897,2
13059,18900,3
13059,18909,4
13059,18921,1
13059,18936,1
13059,18938,2
13059,18940,4
13059,18942,2
13059,18958,7
13059,18974,1
13059,18975,2
13059,18976,4
13059,18979,5
13059,18980,2
13059,18981,10
13059,18982,15
13059,18985,3
13059,18986,9
13059,18987,9
13059,18988,3.5
13059,18990,4
13059,18992,4
13059,19012,2
13059,19025,2
13059,19034,25.5
13059,19035,1
13059,19106,3
13059,19110,4
13059,19132,7
13059,19170,3
13059,19190,4
13059,19205,2
13059,19217,1
13059,19234,2
13059,19258,2
13059,19272,2
13059,19274,1
13059,19283,10
13059,19285,3
13059,19286,3
13059,19287,2
13059,19288,31
13060,18653,2
13060,18654,1
13060,18655,6
13060,18656,1
13060,18658,4
13060,18659,55
13060,18660,20
13060,18688,3
13060,18705,11
13060,18715,4
13060,18717,4
13060,18718,9
13060,18719,1
13060,18726,12
13060,18727,25
13060,18728,2
13060,18729,3
13060,18730,14
13060,18731,23.5
13060,18732,17
13060,18733,31
13060,18734,18
13060,18735,38.5
13060,18736,111.5
13060,18746,10
13060,18747,66.5
13060,18748,6
13060,18749,1
13060,18757,4
13060,18765,2
13060,18766,17
13060,18768,12
13060,18769,13
13060,18770,10.5
13060,18771,19
13060,18786,1
13060,18807,5
13060,18818,9
13060,18819,2
13060,18827,3
13060,18828,2
13060,18829,13
13060,18830,16
13060,18831,3
13060,18832,4
13060,18859,4
13060,18876,2
13060,18878,2
13060,18884,4
13060,18885,21
13060,18886,2
13060,18888,2
13060,18927,3
13060,18938,1
13060,18975,1
13060,18976,2
13060,18979,2
13060,18981,16
13060,18982,36
13060,18983,4
13060,18985,1
13060,18990,2
13060,19000,3
13060,19012,3
13060,19029,2
13060,19032,5
13060,19033,10
13060,19034,5
13060,19106,2
13060,19118,2
13060,19153,2
13060,19160,4
13060,19220,1
13060,19228,2
13060,19237,1
13060,19240,3
13060,19274,7
13060,19277,4
13060,19286,4
13060,19287,6
13060,19288,9
13061,18646,1
13061,18653,1
13061,18654,1
13061,18655,6
13061,18657,2
13061,18658,2
13061,18659,43
13061,18660,12
13061,18663,1
13061,18693,4
13061,18711,6
13061,18716,5
13061,18727,7
13061,18730,2
13061,18731,8
13061,18732,37.5
13061,18733,20
13061,18734,29.5
13061,18735,16
13061,18736,61
13061,18737,11
13061,18747,1
13061,18757,22
13061,18766,4
13061,18768,5.5
13061,18769,30
13061,18770,36
13061,18771,18
13061,18798,10
13061,18818,6.5
13061,18827,9
13061,18828,15
13061,18829,9
13061,18830,9
13061,18844,2
13061,18854,1
13061,18859,13
13061,18860,4
13061,18861,1
13061,18864,2
13061,18880,2
13061,18934,7
13061,18939,2
13061,18971,1
13061,18981,33.5
13061,18982,13
13061,18983,5
13061,18984,2
13061,19013,1
13061,19028,3
13061,19029,4
13061,19035,4
13061,19049,4
13061,19065,1
13061,19137,2
13061,19141,2
13061,19172,3
13061,19173,2
13061,19192,2
13061,19208,3
13061,19216,2
13061,19217,2
13061,19223,3
13061,19225,2
13061,19243,2
13061,19259,2
13061,19262,3
13061,19269,4
13061,19270,1
13061,19273,2
13061,19274,4
13061,19275,2
13061,19277,6
13061,19278,2
13061,19287,14
13061,19288,35
13061,19289,5
13062,18650,4
13062,18660,6
13062,18692,16
13062,18693,4
13062,18696,3
13062,18711,9
13062,18715,6
13062,18716,13
13062,18719,4
13062,18720,2
13062,18721,13
13062,18724,11
13062,18725,8
13062,18726,3
13062,18730,7
13062,18731,31
13062,18732,25
13062,18733,74.5
13062,18734,183
13062,18735,17
13062,18736,18
13062,18737,1
13062,18738,4
13062,18748,1
13062,18749,66
13062,18750,20
13062,18752,16
13062,18758,1
13062,18760,6
13062,18767,2
13062,18768,2
13062,18769,30
13062,18770,51
13062,18771,14
13062,18827,1
13062,18829,22
13062,18830,18
13062,18831,9
13062,18832,6
13062,18833,4
13062,18859,3
13062,18860,5
13062,18867,1
13062,18868,2
13062,18871,4
13062,18916,3
13062,18937,2
13062,18942,8
13062,18943,10
13062,18971,6
13062,18982,4
13062,18984,3
13062,18994,2
13062,19032,1
13062,19035,4
13062,19048,3
13062,19067,2
13062,19137,2
13062,19161,2
13062,19162,5
13062,19212,4
13062,19221,6
13062,19227,2
13062,19250,1
13062,19256,3
13062,19273,3
13062,19275,5
13062,19280,5
13062,19281,1
13062,19285,4
13062,19286,13
13062,19287,18
13062,19288,16
13062,19290,2
13063,18650,2
13063,18657,1
13063,18658,1
13063,18661,6
13063,18673,3
13063,18695,2
13063,18711,2
13063,18712,1
13063,18715,7
13063,18717,3
13063,18719,2
13063,18720,7
13063,18721,16
13063,18722,18
13063,18723,34
13063,18724,6.5
13063,18726,5
13063,18727,5
13063,18728,14
13063,18729,7
13063,18730,47
13063,18731,26.5
13063,18732,10
13063,18733,67
13063,18734,77
13063,18735,158.5
13063,18736,13
13063,18737,6
13063,18740,9
13063,18744,2
13063,18748,4
13063,18749,28
13063,18750,17
13063,18751,10
13063,18752,27
13063,18762,2
13063,18764,2
13063,18765,23
13063,18767,31
13063,18768,33
13063,18769,40
13063,18770,61
13063,18771,2
13063,18786,2
13063,18808,2
13063,18813,1
13063,18814,3
13063,18827,1
13063,18828,7
13063,18829,6.5
13063,18830,6
13063,18831,14
13063,18832,12
13063,18833,5
13063,18859,12
13063,18860,41
13063,18861,2
13063,18895,2
13063,18905,2.5
13063,18922,2
13063,18925,2
13063,18933,10
13063,18934,1
13063,18935,17
13063,18936,2
13063,18942,4
13063,18943,1
13063,18950,2
13063,18953,2
13063,18954,5
13063,18955,4
13063,18956,1
13063,18961,3
13063,18974,2
13063,19026,2
13063,19032,3
13063,19033,3
13063,19034,4
13063,19035,1
13063,19048,2
13063,19049,2
13063,19076,3
13063,19087,1
13063,19102,4
13063,19111,2
13063,19131,3
13063,19133,2
13063,19154,2
13063,19156,7
13063,19160,4
13063,19161,1
13063,19162,6
13063,19163,1
13063,19187,6
13063,19194,4
13063,19213,3
13063,19220,8
13063,19221,3
13063,19227,2
13063,19229,3
13063,19232,1
13063,19258,2
13063,19267,1
13063,19274,1
13063,19279,3
13063,19280,7
13063,19286,3
13063,19287,7
13064,18658,2
13064,18661,5.5
13064,18662,8
13064,18663,14
13064,18673,2
13064,18677,6.5
13064,18678,1
13064,18694,1
13064,18700,4
13064,18714,8
13064,18715,21
13064,18722,10
13064,18723,32
13064,18724,4
13064,18725,2
13064,18727,2
13064,18728,41
13064,18729,80
13064,18730,63
13064,18731,28
13064,18732,3
13064,18733,44
13064,18734,64
13064,18735,34
13064,18737,1
13064,18738,4
13064,18739,2
13064,18740,8
13064,18741,17
13064,18742,6
13064,18748,2
13064,18749,7
13064,18750,14
13064,18751,42
13064,18752,10
13064,18764,4
13064,18765,22
13064,18766,55
13064,18767,38
13064,18768,34
13064,18769,19.5
13064,18770,12.5
13064,18786,1
13064,18813,1
13064,18828,3
13064,18829,10.5
13064,18831,5
13064,18838,2
13064,18843,2
13064,18858,3
13064,18859,43
13064,18860,36
13064,18861,18
13064,18865,1
13064,18879,4
13064,18886,5
13064,18889,2
13064,18896,10
13064,18908,1
13064,18910,2
13064,18918,5
13064,18923,3
13064,18933,10
13064,18934,11
13064,18935,8
13064,18941,2
13064,18942,4
13064,18947,2
13064,18955,9
13064,18959,2
13064,18960,2
13064,18971,2
13064,18975,2
13064,18982,2
13064,19003,4
13064,19020,7
13064,19025,2.5
13064,19030,2
13064,19035,1
13064,19053,6
13064,19076,7
13064,19102,2
13064,19104,3
13064,19108,1
13064,19133,1
13064,19145,2
13064,19151,3
13064,19155,5
13064,19161,8
13064,19187,2
13064,19201,1
13064,19214,3
13064,19222,1
13064,19231,2
13064,19234,5
13064,19239,4
13064,19261,2
13064,19267,7
13064,19269,5
13064,19270,8
13064,19271,4
13064,19272,4
13064,19273,6
13064,19286,3
13064,19287,1
13065,18654,1
13065,18656,2
13065,18657,4
13065,18658,2
13065,18662,9
13065,18673,2
13065,18674,2
13065,18711,13
13065,18712,8
13065,18714,11
13065,18715,20
13065,18720,1
13065,18722,15
13065,18723,32.5
13065,18728,24
13065,18729,27
13065,18730,4
13065,18731,22
13065,18732,17.5
13065,18733,3
13065,18737,4
13065,18738,4
13065,18741,3
13065,18743,12
13065,18744,11
13065,18747,4
13065,18748,22
13065,18749,9
13065,18750,3
13065,18751,8
13065,18752,2
13065,18760,6
13065,18761,1
13065,18765,17.5
13065,18766,39.5
13065,18767,72
13065,18768,43
13065,18769,35
13065,18788,1
13065,18803,7
13065,18810,2
13065,18812,1
13065,18813,3
13065,18814,4
13065,18815,1
13065,18816,6
13065,18827,5
13065,18829,2
13065,18832,3.5
13065,18856,2
13065,18858,25.5
13065,18859,44
13065,18860,3
13065,18861,7
13065,18864,11
13065,18865,11
13065,18868,4
13065,18876,2
13065,18886,5.5
13065,18894,3
13065,18903,2
13065,18911,3
13065,18918,1
13065,18920,2
13065,18921,4.5
13065,18923,6
13065,18927,3
13065,18928,6
13065,18929,9
13065,18930,1
13065,18931,2
13065,18933,1
13065,18934,10
13065,18935,36
13065,18936,48
13065,18937,5
13065,18942,3
13065,18955,10
13065,19010,3
13065,19015,3
13065,19036,8
13065,19151,4
13065,19152,2
13065,19155,2
13065,19156,10
13065,19157,2
13065,19163,2
13065,19165,4
13065,19168,4
13065,19218,8
13065,19222,3
13065,19237,1
13065,19249,4
13065,19273,16
13065,19274,3
13065,19276,3
13065,19280,3
13065,19286,4
13065,19293,4
13066,18654,4
13066,18669,1
13066,18681,3
13066,18688,2
13066,18700,3
13066,18701,6
13066,18702,14
13066,18703,4
13066,18707,7
13066,18712,31
13066,18713,15
13066,18714,33
13066,18719,4
13066,18722,2
13066,18723,2
13066,18728,39
13066,18729,2
13066,18732,7
13066,18734,2
13066,18743,9
13066,18744,4
13066,18745,6
13066,18746,6.5
13066,18747,7
13066,18751,6
13066,18752,5
13066,18765,2
13066,18766,35
13066,18767,22
13066,18768,33
13066,18769,5
13066,18775,2
13066,18790,1.5
13066,18795,6
13066,18810,2
13066,18813,2
13066,18814,2
13066,18830,3
13066,18847,4
13066,18856,2
13066,18857,6
13066,18859,27
13066,18860,2
13066,18861,19
13066,18862,5
13066,18864,4
13066,18868,1
13066,18871,3
13066,18872,4
13066,18881,3
13066,18886,2
13066,18892,2
13066,18915,2
13066,18919,4
13066,18920,3
13066,18922,3
13066,18935,24
13066,18936,69
13066,18937,24
13066,18947,4
13066,18949,1
13066,18999,1
13066,19000,2
13066,19010,3
13066,19016,6
13066,19021,1
13066,19036,7
13066,19060,5
13066,19095,6
13066,19128,4
13066,19154,3
13066,19156,13.5
13066,19157,17
13066,19158,11
13066,19204,4
13066,19210,2
13066,19228,4
13066,19230,4
13066,19254,2
13066,19273,9
13066,19277,33
13066,19278,4
13066,19280,3
13066,19283,31
13066,19284,9
13066,19287,2
13066,19292,2
13067,18663,5
13067,18670,2
13067,18671,3
13067,18681,3
13067,18695,2
13067,18702,22
13067,18708,5.5
13067,18710,2
13067,18711,5
13067,18712,30
13067,18713,52
13067,18714,19
13067,18715,14
13067,18717,6
13067,18718,54
13067,18719,2
13067,18728,28
13067,18729,22
13067,18730,6
13067,18734,1
13067,18739,17
13067,18746,9
13067,18752,1
13067,18772,3
13067,18775,11
13067,18792,4
13067,18793,7.5
13067,18809,4
13067,18811,11
13067,18814,1
13067,18823,4
13067,18847,4
13067,18850,1
13067,18851,3
13067,18853,2
13067,18856,2
13067,18857,22
13067,18858,23
13067,18859,48.5
13067,18860,31
13067,18861,35
13067,18862,1
13067,18865,4
13067,18866,5
13067,18877,2
13067,18878,6
13067,18879,1
13067,18880,16.5
13067,18888,5
13067,18902,2
13067,18919,2
13067,18922,1
13067,18928,4
13067,18934,1
13067,18935,7
13067,18936,45
13067,18937,11
13067,18939,1
13067,18941,6
13067,18961,4
13067,18971,1
13067,18974,4
13067,18990,1
13067,18991,2
13067,18998,2
13067,19011,8
13067,19025,3
13067,19026,2
13067,19034,3.5
13067,19036,5
13067,19037,2
13067,19048,3
13067,19049,2
13067,19095,7
13067,19103,5
13067,19112,2
13067,19147,1
13067,19149,1
13067,19150,2
13067,19153,5
13067,19155,6
13067,19156,4
13067,19157,20
13067,19158,41
13067,19159,2
13067,19199,6
13067,19216,2
13067,19221,1
13067,19224,2
13067,19235,2
13067,19236,4
13067,19238,3
13067,19250,2
13067,19275,8.5
13067,19276,30
13067,19277,94.5
13067,19278,34
13067,19279,2
13067,19281,4
13067,19282,21
13067,19283,12
13067,19287,5
13067,19288,4
13067,19292,11
13068,18663,6
13068,18691,1
13068,18695,11
13068,18699,1
13068,18702,13
13068,18704,6
13068,18705,4
13068,18706,4
13068,18707,7
13068,18708,6.5
13068,18709,8
13068,18710,112
13068,18711,29
13068,18712,21
13068,18713,63
13068,18714,24
13068,18715,29
13068,18716,17
13068,18717,29
13068,18718,45
13068,18728,32
13068,18739,20
13068,18740,8
13068,18749,1.5
13068,18752,4
13068,18772,2
13068,18776,3
13068,18792,8
13068,18793,1
13068,18800,1
13068,18806,2
13068,18807,3
13068,18808,2
13068,18811,2
13068,18812,3
13068,18813,5
13068,18851,2
13068,18852,2
13068,18853,5
13068,18855,1
13068,18856,5
13068,18857,59
13068,18858,96.5
13068,18859,27.5
13068,18860,19
13068,18861,17
13068,18865,1
13068,18870,2
13068,18880,25.5
13068,18881,17
13068,18882,3
13068,18886,3
13068,18899,3
13068,18902,2
13068,18903,4
13068,18906,1
13068,18914,6
13068,18919,6
13068,18920,1
13068,18921,25.5
13068,18926,6
13068,18927,3
13068,18928,6
13068,18933,1
13068,18936,11
13068,18937,11
13068,18940,2
13068,18972,6
13068,18986,2
13068,19009,1
13068,19013,11
13068,19025,1
13068,19026,6
13068,19036,3
13068,19037,13
13068,19038,2
13068,19050,10
13068,19054,2
13068,19063,2
13068,19074,2
13068,19076,2
13068,19083,1
13068,19095,3
13068,19149,4
13068,19150,1
13068,19151,3
13068,19152,5
13068,19154,8
13068,19155,1
13068,19156,5
13068,19157,43
13068,19158,39
13068,19159,21
13068,19164,4
13068,19167,1
13068,19175,1
13068,19187,1
13068,19188,5
13068,19215,2
13068,19221,3
13068,19237,2
13068,19238,1
13068,19240,2
13068,19254,4.5
13068,19266,2
13068,19275,6
13068,19276,38
13068,19277,41
13068,19278,6
13068,19281,14
13068,19282,50
13068,19283,15
13068,19286,2
13068,19287,8
13068,19288,15
13068,19289,16
13068,19292,3
13068,19293,1
13068,19294,2
13069,18671,2
13069,18692,12
13069,18693,15
13069,18694,6
13069,18695,5
13069,18708,2
13069,18710,47.5
13069,18711,2
13069,18712,41
13069,18713,89
13069,18714,7
13069,18715,2
13069,18716,7
13069,18717,21
13069,18718,3
13069,18720,6
13069,18721,12
13069,18722,39
13069,18723,14
13069,18724,28
13069,18725,6
13069,18728,13
13069,18729,7
13069,18737,28
13069,18738,4
13069,18739,23.5
13069,18744,1
13069,18745,4
13069,18751,3
13069,18752,13
13069,18781,14
13069,18804,2
13069,18805,2
13069,18812,7
13069,18855,5
13069,18857,4
13069,18858,41
13069,18859,36
13069,18860,19
13069,18861,13
13069,18863,1
13069,18868,2
13069,18875,4
13069,18876,2
13069,18877,3
13069,18878,2
13069,18880,2
13069,18881,9
13069,18882,7
13069,18883,3
13069,18886,2
13069,18891,5
13069,18895,3.5
13069,18905,5
13069,18917,2
13069,18918,1
13069,18921,20
13069,18922,2
13069,18924,5
13069,18928,5
13069,18930,3
13069,18936,1
13069,18937,2
13069,18941,9
13069,18942,1
13069,18956,3
13069,18982,3
13069,18986,5
13069,18992,1.5
13069,18993,3
13069,19008,4
13069,19025,6
13069,19026,2
13069,19032,4
13069,19033,3
13069,19035,1
13069,19050,4
13069,19051,2
13069,19054,10
13069,19055,7
13069,19082,3
13069,19085,7
13069,19098,4
13069,19110,3
13069,19112,4
13069,19119,2
13069,19121,1.5
13069,19132,5
13069,19148,5
13069,19152,2
13069,19156,2
13069,19157,12
13069,19159,10
13069,19170,2
13069,19171,1
13069,19183,2
13069,19185,3
13069,19186,5
13069,19187,5
13069,19189,1
13069,19192,2
13069,19198,5
13069,19202,2
13069,19207,4
13069,19210,1
13069,19215,3
13069,19217,1
13069,19218,2
13069,19219,2
13069,19224,1
13069,19241,1
13069,19266,4
13069,19275,8
13069,19276,8
13069,19277,11
13069,19278,6
13069,19280,33.5
13069,19281,12
13069,19283,19
13069,19284,27
13069,19285,2
13069,19286,9
13069,19287,8
13069,19288,13
13069,19289,9
13069,19291,4
13070,18671,1
13070,18674,2
13070,18675,11
13070,18682,2
13070,18692,17
13070,18693,79
13070,18694,29
13070,18712,44.5
13070,18713,10
13070,18718,20
13070,18720,5.5
13070,18721,29.5
13070,18722,25
13070,18723,57
13070,18724,16
13070,18729,12
13070,18730,2
13070,18737,5
13070,18738,27
13070,18739,21
13070,18740,7
13070,18752,3
13070,18753,10
13070,18782,3
13070,18799,1
13070,18801,3
13070,18804,1
13070,18808,5
13070,18812,1
13070,18813,2
13070,18815,2
13070,18858,7
13070,18859,18
13070,18861,8
13070,18862,2
13070,18876,3
13070,18878,5
13070,18879,12
13070,18880,4
13070,18881,4
13070,18882,1
13070,18883,3
13070,18906,2
13070,18921,1
13070,18923,1
13070,18927,1
13070,18936,3
13070,18937,8
13070,18939,2
13070,18940,6
13070,18941,22
13070,18946,1
13070,18959,8
13070,18960,2
13070,18962,2
13070,18964,2
13070,18967,2
13070,18980,3
13070,18982,5
13070,18983,1
13070,18984,5
13070,18996,4
13070,18999,4
13070,19001,4
13070,19015,2
13070,19020,3
13070,19024,9
13070,19028,1
13070,19052,1
13070,19054,18.5
13070,19055,19
13070,19058,5
13070,19059,3
13070,19062,2
13070,19080,2
13070,19087,5
13070,19116,1
13070,19194,5
13070,19210,2
13070,19253,1
13070,19269,9
13070,19274,2
13070,19275,9
13070,19276,10
13070,19278,20
13070,19279,14
13070,19280,26
13070,19281,9.5
13070,19282,24
13070,19283,29
13070,19284,22
13070,19285,4
13070,19286,5
13070,19287,3
13070,19288,5
13071,18659,1
13071,18675,3
13071,18685,3
13071,18686,6
13071,18692,3
13071,18694,8
13071,18698,2.5
13071,18710,2
13071,18712,2
13071,18718,4
13071,18719,1
13071,18720,2
13071,18721,4
13071,18723,2
13071,18724,1
13071,18730,21
13071,18731,2
13071,18739,2
13071,18740,1
13071,18741,40
13071,18742,13
13071,18745,2
13071,18754,23
13071,18756,1
13071,18757,3
13071,18766,4
13071,18769,3
13071,18799,4
13071,18812,2
13071,18813,8
13071,18814,1
13071,18815,7
13071,18819,9
13071,18850,3
13071,18858,17
13071,18859,77
13071,18860,1
13071,18868,4
13071,18878,1
13071,18880,6
13071,18883,5
13071,18900,10.5
13071,18920,2
13071,18937,11
13071,18940,10
13071,18941,8
13071,18942,4
13071,18944,2
13071,18945,6
13071,18954,5
13071,18955,4
13071,18956,1
13071,18957,2
13071,18960,4
13071,19001,1
13071,19014,3
13071,19015,2
13071,19016,2
13071,19020,4
13071,19021,1
13071,19026,2
13071,19027,2
13071,19035,8
13071,19052,12
13071,19053,3
13071,19054,14
13071,19055,7
13071,19070,2
13071,19110,5
13071,19121,1
13071,19123,10
13071,19136,5
13071,19137,1
13071,19147,1
13071,19158,10
13071,19159,2
13071,19163,3
13071,19164,1
13071,19186,1
13071,19231,1
13071,19239,2
13071,19240,2
13071,19269,4
13071,19271,4
13071,19273,1
13071,19278,10
13071,19279,9
13071,19280,1
13071,19281,10
13071,19282,2
13071,19284,7
13071,19285,18
13071,19286,19
13071,19287,16
13071,19288,10
13072,18700,4
13072,18714,11
13072,18727,5
13072,18728,13
13072,18730,34.5
13072,18731,3
13072,18742,12
13072,18767,34
13072,18768,27.5
13072,18769,17
13072,18770,1
13072,18777,1
13072,18800,11
13072,18839,1.5
13072,18859,9
13072,18881,1
13072,18908,2
13072,18921,2
13072,18926,4
13072,18932,2
13072,18937,7
13072,18940,24
13072,18941,16
13072,18943,9
13072,18944,17
13072,18954,2
13072,18977,3
13072,18978,1
13072,18980,5
13072,19014,14
13072,19019,2
13072,19020,3
13072,19033,1
13072,19036,1
13072,19046,5
13072,19047,1
13072,19052,12
13072,19053,24
13072,19055,11
13072,19057,73
13072,19059,12
13072,19062,1
13072,19063,2
13072,19065,3
13072,19088,4
13072,19093,5
13072,19094,2
13072,19119,2
13072,19120,3
13072,19121,3
13072,19125,2
13072,19137,2
13072,19160,2
13072,19161,1
13072,19185,1
13072,19186,3
13072,19198,3
13072,19200,2
13072,19202,2
13072,19239,1
13072,19247,1
13072,19274,2
13072,19277,5
13072,19282,8
13072,19283,30
13072,19284,19
13072,19285,41
13072,19286,37
13072,19287,16
13072,19288,28
13072,19291,3
13072,19292,3
13072,19293,1
13073,18703,16.5
13073,18704,27
13073,18715,2
13073,18716,2
13073,18718,5
13073,18719,3
13073,18720,20
13073,18721,1
13073,18724,4
13073,18726,6
13073,18728,6
13073,18729,9
13073,18730,16
13073,18731,28.5
13073,18732,5
13073,18739,4
13073,18748,1
13073,18764,2
13073,18765,29
13073,18766,13
13073,18767,57
13073,18768,30.5
13073,18770,3
13073,18788,4
13073,18790,1
13073,18794,3
13073,18800,3
13073,18818,4
13073,18823,3
13073,18837,2
13073,18838,1
13073,18858,13
13073,18859,5
13073,18871,2
13073,18872,2
13073,18880,3
13073,18881,1
13073,18882,2
13073,18889,2
13073,18893,2
13073,18894,14
13073,18895,14
13073,18909,2
13073,18916,4
13073,18925,2
13073,18928,4
13073,18936,2
13073,18937,5
13073,18940,48
13073,18941,12
13073,18942,35
13073,18944,12
13073,18945,11
13073,18954,4
13073,18964,4
13073,18983,4
13073,18984,4
13073,19020,7
13073,19052,3
13073,19054,3
13073,19055,46.5
13073,19056,54.5
13073,19057,83.5
13073,19058,11
13073,19059,3
13073,19062,7
13073,19098,2
13073,19125,2
13073,19197,8
13073,19198,2
13073,19199,5
13073,19202,2
13073,19203,3
13073,19236,3
13073,19246,2
13073,19247,10
13073,19253,2
13073,19273,14
13073,19274,1
13073,19275,9
13073,19276,12.5
13073,19277,1
13073,19283,10
13073,19284,2
13073,19287,14
13073,19289,9
13073,19290,3
13073,19291,1
13074,18665,2
13074,18675,4
13074,18695,3
13074,18702,1
13074,18703,9
13074,18704,2
13074,18720,4
13074,18721,5
13074,18722,12
13074,18725,5
13074,18726,34
13074,18727,9
13074,18731,81
13074,18732,5
13074,18738,12
13074,18739,2
13074,18746,1
13074,18756,10
13074,18757,3.5
13074,18758,2
13074,18759,2.5
13074,18760,7.5
13074,18763,7
13074,18764,27
13074,18765,50
13074,18766,37.5
13074,18767,16
13074,18787,4
13074,18788,36
13074,18789,31
13074,18790,9
13074,18792,7
13074,18793,2
13074,18795,3
13074,18797,1
13074,18802,1
13074,18845,1
13074,18852,4
13074,18858,2
13074,18866,4
13074,18869,2
13074,18874,1
13074,18890,1
13074,18893,4
13074,18894,3
13074,18895,1
13074,18909,6
13074,18920,3
13074,18936,2
13074,18937,11
13074,18940,2
13074,18941,43.5
13074,18942,41
13074,18943,37.5
13074,18963,3
13074,18964,3
13074,18969,7
13074,18983,1
13074,19000,3
13074,19003,2
13074,19004,3.5
13074,19007,3
13074,19010,4
13074,19012,1
13074,19013,8
13074,19015,3
13074,19016,7
13074,19017,3
13074,19020,2
13074,19052,3
13074,19055,60
13074,19056,40
13074,19057,56
13074,19058,39
13074,19059,16
13074,19062,4
13074,19075,2
13074,19077,3
13074,19099,4
13074,19125,2
13074,19126,5
13074,19137,5
13074,19148,2
13074,19153,1
13074,19154,3
13074,19166,4
13074,19169,1
13074,19185,2
13074,19198,4
13074,19199,2
13074,19202,2
13074,19203,1
13074,19204,9
13074,19205,7
13074,19218,1
13074,19227,3
13074,19229,1
13074,19232,1
13074,19243,3
13074,19248,1
13074,19249,2
13074,19271,1
13074,19272,5
13074,19273,9
13075,18680,4
13075,18693,4
13075,18696,7
13075,18699,2
13075,18703,1
13075,18717,4
13075,18720,1
13075,18721,12
13075,18722,10
13075,18725,1
13075,18726,1
13075,18731,10
13075,18732,19
13075,18733,17
13075,18738,1
13075,18739,2
13075,18741,4
13075,18742,4
13075,18748,1
13075,18749,2
13075,18755,2
13075,18756,27
13075,18757,3
13075,18758,1
13075,18759,8
13075,18763,13.5
13075,18764,54
13075,18765,18
13075,18788,14
13075,18789,1
13075,18851,2
13075,18860,2
13075,18865,3
13075,18866,2
13075,18872,2
13075,18882,1
13075,18909,3
13075,18927,12
13075,18928,19
13075,18929,4
13075,18933,2
13075,18937,9
13075,18939,12
13075,18940,1
13075,18941,18
13075,18943,4
13075,18946,4
13075,18964,3
13075,18976,5
13075,18979,5
13075,19004,8
13075,19011,4
13075,19012,3
13075,19013,5
13075,19040,2
13075,19052,2
13075,19055,34
13075,19056,48
13075,19057,11
13075,19058,21
13075,19059,8
13075,19063,1
13075,19073,3
13075,19077,2
13075,19078,2
13075,19118,2
13075,19185,1
13075,19201,5
13075,19202,17
13075,19203,36
13075,19204,28
13075,19205,17
13075,19206,3
13075,19207,5
13075,19212,2
13075,19245,1
13075,19251,3
13075,19252,2
13075,19253,5
13075,19254,12
13075,19259,2
13075,19267,7
13075,19268,13
13075,19289,7
13075,19291,34
13075,19292,95.5
13076,18665,15
13076,18666,1
13076,18688,4
13076,18689,6
13076,18694,1
13076,18699,2
13076,18700,4
13076,18713,2
13076,18717,2
13076,18718,2
13076,18720,7
13076,18726,1
13076,18732,5
13076,18733,12
13076,18734,2
13076,18738,2.5
13076,18740,3
13076,18764,56
13076,18765,58.5
13076,18787,2
13076,18788,30
13076,18796,2
13076,18797,4
13076,18812,2
13076,18828,2
13076,18845,1
13076,18846,2
13076,18854,1
13076,18860,1.5
13076,18878,2
13076,18882,1
13076,18903,2
13076,18927,32
13076,18928,18.5
13076,18931,3
13076,18932,5
13076,18933,4
13076,18934,8
13076,18935,21
13076,18936,15
13076,18937,10
13076,18938,16
13076,18939,12.5
13076,18940,4
13076,18945,4
13076,18962,3
13076,18972,4
13076,18973,4
13076,18977,4
13076,18978,7
13076,18998,2
13076,19012,4
13076,19013,4
13076,19014,3
13076,19015,3
13076,19027,3
13076,19038,2
13076,19039,3
13076,19055,14
13076,19056,26.5
13076,19057,41
13076,19058,37
13076,19093,5
13076,19107,1
13076,19111,2
13076,19117,2
13076,19126,3
13076,19128,2
13076,19185,2
13076,19203,3
13076,19204,23
13076,19205,4
13076,19206,34
13076,19207,16
13076,19212,3
13076,19217,4
13076,19239,1
13076,19247,6
13076,19253,9
13076,19254,13
13076,19255,2
13077,18657,1
13077,18665,3
13077,18666,7
13077,18689,7
13077,18741,4
13077,18757,7
13077,18758,11
13077,18764,12
13077,18765,16
13077,18773,1
13077,18774,3
13077,18796,1
13077,18797,15
13077,18813,11
13077,18814,24
13077,18815,9
13077,18860,4
13077,18865,4
13077,18867,2
13077,18891,1
13077,18920,5
13077,18926,3
13077,18927,14.5
13077,18928,2
13077,18933,2
13077,18936,1
13077,18937,2
13077,18938,3
13077,18940,3
13077,18942,4
13077,18959,3
13077,18972,2
13077,18974,2
13077,18984,2
13077,18989,2
13077,18995,1
13077,19011,7
13077,19012,49
13077,19013,8
13077,19014,2
13077,19015,7
13077,19032,3
13077,19040,1
13077,19054,20
13077,19056,28
13077,19057,53.5
13077,19058,46
13077,19059,4
13077,19063,2
13077,19073,5
13077,19080,4
13077,19120,2
13077,19124,2
13077,19126,4
13077,19128,1
13077,19131,2
13077,19133,3
13077,19140,1
13077,19148,2
13077,19194,3
13077,19204,1
13077,19246,1
13077,19251,1
13077,19253,5
13077,19259,4
13077,19261,3
13078,18652,2
13078,18661,2
13078,18714,1
13078,18720,6
13078,18747,1
13078,18756,9
13078,18757,16
13078,18758,15
13078,18759,4
13078,18766,17
13078,18767,3
13078,18773,5
13078,18774,2
13078,18775,1
13078,18787,3
13078,18813,8
13078,18814,23
13078,18815,13
13078,18816,7
13078,18818,1
13078,18841,1
13078,18865,5
13078,18866,12
13078,18868,8
13078,18875,6
13078,18892,1
13078,18926,2
13078,18927,17
13078,18929,1
13078,18933,4
13078,18934,1
13078,18935,2
13078,18936,2
13078,18940,5
13078,18941,2
13078,18947,10
13078,18966,5
13078,18976,5
13078,18980,2
13078,18982,5
13078,18984,1
13078,18988,2
13078,19007,2
13078,19011,3
13078,19012,48
13078,19013,6
13078,19018,5
13078,19038,7
13078,19052,4
13078,19057,4
13078,19058,39
13078,19063,3
13078,19072,2
13078,19079,5
13078,19080,11
13078,19084,3
13078,19097,1
13078,19098,3
13078,19100,2
13078,19114,4
13078,19115,3
13078,19116,6
13078,19120,3
13078,19125,5
13078,19126,3
13078,19127,2
13078,19128,2
13078,19143,2
13078,19173,2
13078,19180,1
13078,19191,3
13078,19210,2
13078,19212,2
13078,19214,8
13078,19215,1
13078,19216,2
13078,19240,2
13078,19241,2
13078,19243,2
13078,19244,2
13078,19275,1
13079,18671,1
13079,18713,4
13079,18720,3
13079,18721,11
13079,18722,2
13079,18731,1
13079,18739,4
13079,18741,1
13079,18756,17
13079,18757,43
13079,18758,28
13079,18764,3
13079,18765,7
13079,18766,27
13079,18774,25
13079,18775,3
13079,18796,2
13079,18807,3
13079,18815,7
13079,18832,2
13079,18841,3
13079,18848,10
13079,18875,3
13079,18886,2
13079,18903,2
13079,18916,1
13079,18921,2
13079,18928,6
13079,18933,12
13079,18934,2
13079,18945,6
13079,18946,5
13079,18947,1
13079,18948,8
13079,18969,1
13079,18970,9
13079,18991,3
13079,18999,2
13079,19009,6
13079,19010,1.5
13079,19011,12
13079,19014,3
13079,19016,5
13079,19022,2
13079,19034,1
13079,19055,3
13079,19057,8
13079,19058,19
13079,19059,22
13079,19060,11
13079,19061,10
13079,19062,1
13079,19063,3
13079,19070,5
13079,19071,8
13079,19073,1
13079,19074,4
13079,19077,1
13079,19080,2
13079,19081,18
13079,19082,6
13079,19093,4
13079,19094,3
13079,19099,1
13079,19108,2
13079,19115,7
13079,19124,4
13079,19126,3
13079,19127,3
13079,19137,3
13079,19177,4
13079,19179,3
13079,19181,1
13079,19183,3
13079,19201,4
13079,19202,3
13079,19209,2
13079,19210,6
13079,19215,4
13079,19216,2
13079,19232,2
13079,19233,2
13079,19238,2
13079,19240,8
13079,19241,1
13079,19243,5
13079,19247,6
13079,19254,1
13079,19255,5
13079,19256,5
13079,19273,4
13079,19276,4
13080,18648,2
13080,18649,6
13080,18658,5
13080,18659,3
13080,18660,3
13080,18674,2
13080,18713,2
13080,18721,6
13080,18722,32
13080,18723,6
13080,18724,12
13080,18725,5
13080,18731,2
13080,18736,9
13080,18756,7
13080,18757,30
13080,18758,30
13080,18760,1
13080,18765,3
13080,18772,3
13080,18773,11
13080,18774,22.5
13080,18775,20
13080,18785,1
13080,18786,5
13080,18795,1
13080,18806,5
13080,18841,3
13080,18849,3
13080,18865,8
13080,18872,1
13080,18885,3
13080,18892,1
13080,18893,5
13080,18896,2
13080,18902,4
13080,18903,1
13080,18932,2
13080,18939,4
13080,18948,5
13080,18965,2
13080,18991,6
13080,18992,12.5
13080,18993,2
13080,18996,2
13080,18999,1
13080,19009,2
13080,19011,7
13080,19021,4
13080,19022,3
13080,19035,2
13080,19037,5
13080,19038,4
13080,19051,5
13080,19057,4
13080,19058,2
13080,19060,2
13080,19061,1
13080,19073,3
13080,19074,11
13080,19076,2
13080,19077,1
13080,19078,3
13080,19079,9
13080,19080,20.5
13080,19081,34
13080,19082,22.5
13080,19088,3
13080,19089,1
13080,19091,2
13080,19092,2
13080,19094,1
13080,19095,3
13080,19096,2
13080,19097,1
13080,19098,4
13080,19108,1
13080,19109,4
13080,19115,5
13080,19125,3
13080,19129,1
13080,19138,2
13080,19143,6
13080,19144,8
13080,19145,4
13080,19160,1
13080,19176,6
13080,19177,3
13080,19200,16
13080,19201,6
13080,19202,3
13080,19210,4
13080,19211,4
13080,19212,7
13080,19213,3
13080,19215,5
13080,19247,11
13080,19248,10
13080,19254,8
13080,19255,1
13080,19271,1
13080,19272,1
13081,18657,6
13081,18658,22
13081,18659,12
13081,18660,1
13081,18669,1
13081,18670,2
13081,18672,4
13081,18673,4
13081,18715,1
13081,18716,1
13081,18721,2
13081,18722,9
13081,18723,1
13081,18724,2
13081,18737,1
13081,18756,11
13081,18757,43
13081,18758,46
13081,18759,6
13081,18766,2
13081,18773,3
13081,18774,8
13081,18775,8
13081,18786,2
13081,18849,3
13081,18872,2
13081,18893,2
13081,18897,7
13081,18906,2
13081,18907,1
13081,18956,4
13081,18978,5
13081,18980,11
13081,18992,2
13081,19010,3
13081,19022,1
13081,19053,3
13081,19056,2
13081,19057,8
13081,19058,17
13081,19072,2
13081,19073,6
13081,19074,6
13081,19075,29
13081,19076,24
13081,19079,12
13081,19080,5
13081,19081,12
13081,19082,40
13081,19083,5
13081,19087,8
13081,19092,2
13081,19093,8.5
13081,19094,5
13081,19097,3
13081,19120,2
13081,19121,4.5
13081,19124,7
13081,19125,13
13081,19127,2
13081,19143,2
13081,19144,4
13081,19145,4
13081,19153,1
13081,19158,6
13081,19159,2
13081,19191,2
13081,19199,1
13081,19200,4
13081,19201,18
13081,19202,4
13081,19207,2
13081,19209,2
13081,19214,2
13081,19215,5
13081,19216,2
13081,19217,4
13081,19221,2
13081,19245,10
13081,19247,16.5
13081,19248,18
13081,19249,5
13081,19253,7
13081,19269,3
13082,18656,2
13082,18657,14
13082,18658,19
13082,18659,2
13082,18663,1
13082,18707,2
13082,18714,4
13082,18720,2
13082,18721,3
13082,18722,2
13082,18756,21
13082,18757,33
13082,18758,16
13082,18759,40
13082,18781,3
13082,18790,2
13082,18791,11
13082,18792,2
13082,18793,1
13082,18809,2
13082,18819,1
13082,18826,6
13082,18865,1
13082,18871,3
13082,18877,1
13082,18880,1
13082,18884,2
13082,18887,2
13082,18892,1
13082,18899,1
13082,18902,4
13082,18918,2
13082,18927,5
13082,18956,4
13082,18978,17
13082,18979,19
13082,18980,3
13082,18982,3
13082,18986,3
13082,18995,2
13082,19009,2
13082,19022,3
13082,19058,5
13082,19076,6
13082,19077,8
13082,19078,31
13082,19079,29
13082,19080,20
13082,19081,22
13082,19082,60.5
13082,19083,33.5
13082,19084,4
13082,19085,9
13082,19086,10
13082,19087,9
13082,19088,1
13082,19091,2
13082,19092,15
13082,19093,8
13082,19094,8
13082,19095,8
13082,19096,6
13082,19097,3
13082,19098,4
13082,19113,4
13082,19114,2.5
13082,19121,5
13082,19123,7.5
13082,19125,2
13082,19126,4
13082,19127,4
13082,19142,2
13082,19145,4
13082,19146,4
13082,19156,2
13082,19157,1
13082,19158,22
13082,19159,6
13082,19161,9
13082,19163,1
13082,19171,1
13082,19198,4
13082,19199,2
13082,19200,4
13082,19201,2
13082,19202,2
13082,19210,2
13082,19212,2
13082,19245,7
13082,19246,11
13082,19247,15
13082,19248,8
13082,19251,4
13082,19285,20
13083,18658,2
13083,18664,8
13083,18668,2
13083,18669,8
13083,18670,4
13083,18707,4
13083,18721,5
13083,18722,7.5
13083,18723,1
13083,18724,16
13083,18725,12
13083,18735,3
13083,18742,2
13083,18746,3
13083,18747,2
13083,18748,3
13083,18749,2
13083,18757,10
13083,18758,16
13083,18759,40.5
13083,18760,14
13083,18763,4
13083,18764,2
13083,18770,1
13083,18775,3
13083,18776,22
13083,18777,6
13083,18778,6
13083,18791,6
13083,18792,7
13083,18794,6
13083,18808,2
13083,18815,2
13083,18858,4
13083,18859,1
13083,18878,2
13083,18891,2
13083,18911,1
13083,18912,5
13083,18919,3
13083,18922,2
13083,18931,5
13083,18960,3
13083,18977,26
13083,18978,26
13083,18979,12
13083,18980,8
13083,18989,2
13083,19009,6
13083,19010,1
13083,19021,3
13083,19022,1
13083,19038,2
13083,19049,3
13083,19059,2
13083,19078,27
13083,19080,11.5
13083,19081,13.5
13083,19082,23
13083,19083,25
13083,19084,12
13083,19085,40
13083,19086,30
13083,19087,16
13083,19088,10
13083,19089,2
13083,19090,1
13083,19091,3
13083,19092,4
13083,19095,2
13083,19107,2
13083,19113,2
13083,19122,2
13083,19123,10
13083,19126,4
13083,19128,1
13083,19145,1
13083,19156,2
13083,19159,6
13083,19160,10
13083,19162,28.5
13083,19163,30
13083,19164,22
13083,19165,17
13083,19166,1
13083,19194,1
13083,19201,9
13083,19210,1
13083,19230,1
13083,19236,4
13083,19246,3
13083,19282,11
13083,19283,2
13084,18642,1
13084,18651,1
13084,18663,1
13084,18664,1
13084,18668,7
13084,18669,7
13084,18696,3
13084,18715,3
13084,18722,21
13084,18723,34.5
13084,18728,4
13084,18733,2
13084,18734,1
13084,18747,3.5
13084,18758,2
13084,18759,31.5
13084,18760,4
13084,18770,2
13084,18775,10
13084,18776,2
13084,18791,4
13084,18792,8
13084,18805,1
13084,18820,1
13084,18833,1
13084,18875,7
13084,18942,1
13084,18977,21
13084,18978,21
13084,18979,20
13084,18980,15
13084,18991,4
13084,18994,2
13084,19002,3
13084,19008,1
13084,19016,1
13084,19038,7
13084,19056,2
13084,19066,5
13084,19076,14
13084,19077,13
13084,19078,54
13084,19079,20.5
13084,19080,17
13084,19081,57
13084,19082,39.5
13084,19083,44
13084,19084,5
13084,19085,30
13084,19086,14
13084,19087,2
13084,19123,1
13084,19144,1
13084,19145,7
13084,19150,2
13084,19151,3
13084,19157,4
13084,19162,3
13084,19163,7
13084,19164,16
13084,19165,1
13084,19168,2
13084,19193,4
13084,19194,12
13084,19213,2
13084,19245,1
13085,18680,3
13085,18681,8
13085,18691,2
13085,18703,5
13085,18706,4
13085,18710,1
13085,18723,20
13085,18731,2
13085,18733,1
13085,18734,9
13085,18737,1
13085,18747,11
13085,18748,4
13085,18754,3
13085,18757,1
13085,18759,26
13085,18760,26
13085,18761,6
13085,18765,2
13085,18773,5
13085,18792,2
13085,18809,4
13085,18810,6
13085,18840,3
13085,18862,4
13085,18906,3
13085,18937,1
13085,18977,3
13085,18979,16
13085,18980,11
13085,18981,10
13085,18982,8
13085,18983,3
13085,18986,2
13085,19006,2
13085,19008,1
13085,19009,2
13085,19015,4
13085,19019,2
13085,19023,3
13085,19024,3
13085,19025,2
13085,19026,2
13085,19039,2
13085,19040,1
13085,19047,3
13085,19076,11
13085,19077,4
13085,19078,5
13085,19081,5
13085,19082,36
13085,19083,31
13085,19085,4
13085,19121,5
13085,19123,2
13085,19125,8
13085,19143,3
13085,19145,4
13085,19146,3
13085,19150,2
13085,19156,2
13085,19163,5
13085,19175,2
13085,19195,9
13085,19196,5
13085,19234,2
13086,18652,2
13086,18670,3
13086,18713,1
13086,18722,8
13086,18723,7
13086,18730,3.5
13086,18732,1
13086,18733,7
13086,18734,6
13086,18746,2
13086,18748,8
13086,18755,2
13086,18757,6
13086,18758,21.5
13086,18759,66
13086,18760,38
13086,18761,2
13086,18762,14
13086,18763,5
13086,18765,2
13086,18766,4
13086,18772,2
13086,18786,14
13086,18788,3
13086,18793,1
13086,18814,6
13086,18824,3
13086,18840,2
13086,18846,2
13086,18851,4
13086,18861,1
13086,18868,6
13086,18902,1
13086,18903,1
13086,18911,3
13086,18919,4
13086,18933,2
13086,18934,1
13086,18936,9
13086,18955,3
13086,18980,11
13086,18981,1
13086,18982,5
13086,18983,3
13086,18988,2
13086,19007,4
13086,19009,9
13086,19010,1
13086,19015,10
13086,19016,1
13086,19020,2
13086,19021,7
13086,19022,2
13086,19031,1
13086,19038,2
13086,19081,4
13086,19082,23
13086,19083,7
13086,19084,15
13086,19085,9
13086,19125,3
13086,19126,5
13086,19138,2
13086,19144,2
13086,19154,2
13086,19157,2
13086,19169,3
13086,19186,2
13086,19195,1
13086,19213,1
13086,19227,1
13086,19228,3
13086,19237,2
13087,18647,1
13087,18658,2
13087,18669,2
13087,18670,7
13087,18695,1
13087,18729,5
13087,18730,6
13087,18731,4
13087,18732,6
13087,18734,1
13087,18744,4
13087,18755,2
13087,18760,48
13087,18761,34
13087,18762,29
13087,18763,2
13087,18766,24
13087,18767,1
13087,18786,35
13087,18787,23
13087,18788,5
13087,18832,2
13087,18841,4
13087,18858,6
13087,18859,3
13087,18876,4
13087,18877,2
13087,18881,1
13087,18885,2
13087,18888,2
13087,18911,2
13087,18920,2
13087,18929,1
13087,18932,1
13087,18955,2
13087,18956,2
13087,18965,2
13087,18977,1
13087,18978,5
13087,18980,3
13087,18992,1
13087,18993,3
13087,18996,1
13087,19005,3
13087,19012,1
13087,19020,8
13087,19026,4
13087,19027,31
13087,19028,4
13087,19038,3
13087,19049,5
13087,19059,3
13087,19063,4
13087,19081,10
13087,19082,2
13087,19083,4
13087,19084,2
13087,19085,3
13087,19087,4
13087,19117,1
13087,19125,1
13087,19126,10
13087,19127,2
13087,19156,1
13087,19157,14
13087,19158,5
13087,19167,2
13087,19180,1
13087,19188,3
13087,19191,1
13087,19192,5
13087,19193,10
13087,19203,8
13087,19205,4
13087,19212,2
13087,19213,4
13087,19217,7
13087,19227,2
13087,19236,2
13088,18664,2
13088,18673,2
13088,18674,5
13088,18688,6
13088,18699,3
13088,18701,3
13088,18713,4
13088,18717,4
13088,18723,2.5
13088,18729,2
13088,18730,8
13088,18731,8
13088,18735,10
13088,18758,2
13088,18760,2
13088,18761,39
13088,18762,13
13088,18766,15
13088,18767,8
13088,18786,19
13088,18787,46.5
13088,18788,18
13088,18794,5
13088,18795,3
13088,18860,2
13088,18867,2
13088,18868,5
13088,18891,2
13088,18892,5
13088,18914,4
13088,18929,1
13088,18935,3
13088,18948,2
13088,18949,2
13088,18960,2
13088,18961,1
13088,18967,4
13088,18974,1
13088,18979,2
13088,18980,1
13088,18992,2
13088,18994,1
13088,19015,5
13088,19016,1
13088,19018,11
13088,19020,4
13088,19021,18
13088,19022,7
13088,19024,2
13088,19027,4
13088,19028,4.5
13088,19039,3
13088,19042,1
13088,19050,3
13088,19059,5
13088,19066,1
13088,19118,2
13088,19156,2
13088,19157,11
13088,19158,2
13088,19179,2
13088,19184,5
13088,19190,2
13088,19191,1
13088,19192,5
13088,19193,2
13088,19198,6
13088,19215,2
13088,19228,1
13089,18696,3
13089,18700,3
13089,18704,2
13089,18705,3
13089,18707,1
13089,18713,1
13089,18718,11
13089,18723,7
13089,18729,7
13089,18730,29
13089,18731,3
13089,18734,16
13089,18735,15
13089,18744,5
13089,18758,1
13089,18760,1
13089,18761,17
13089,18766,10
13089,18767,8
13089,18768,2
13089,18769,18
13089,18772,5
13089,18786,10
13089,18787,8
13089,18788,3
13089,18795,2
13089,18799,3
13089,18834,5
13089,18862,3
13089,18910,4
13089,18916,4
13089,18928,3
13089,18931,2
13089,18932,2
13089,18942,4
13089,18963,11
13089,18967,7
13089,18976,4
13089,18985,2
13089,18986,6
13089,18987,1
13089,19013,3
13089,19016,2
13089,19018,5
13089,19020,7
13089,19021,1
13089,19027,3
13089,19030,4
13089,19031,2
13089,19036,2
13089,19038,2
13089,19073,1
13089,19115,3
13089,19118,2
13089,19126,2.5
13089,19130,1
13089,19158,6
13089,19167,4
13089,19209,2
13089,19210,2
13089,19221,1
13089,19228,2
13089,19234,3
13089,19236,2
13090,18641,2
13090,18651,3
13090,18659,4
13090,18674,1
13090,18675,2
13090,18684,1
13090,18688,2
13090,18689,2
13090,18696,1
13090,18697,2
13090,18698,1
13090,18704,3
13090,18705,4
13090,18706,6
13090,18718,12.5
13090,18719,6
13090,18728,25
13090,18729,46.5
13090,18730,14
13090,18734,2
13090,18735,5
13090,18736,19
13090,18754,3
13090,18758,1
13090,18760,4
13090,18761,4
13090,18762,6
13090,18763,1
13090,18766,3
13090,18767,18
13090,18768,9
13090,18769,24
13090,18770,8
13090,18771,10
13090,18772,5
13090,18785,4
13090,18786,12
13090,18787,3
13090,18792,3
13090,18794,4
13090,18800,1
13090,18834,2
13090,18835,1
13090,18839,2
13090,18840,1
13090,18845,4
13090,18852,2
13090,18857,4
13090,18858,1
13090,18866,1
13090,18879,6
13090,18880,1
13090,18882,2
13090,18895,3
13090,18906,1
13090,18913,4
13090,18916,3
13090,18922,3
13090,18927,1
13090,18930,2
13090,18931,14
13090,18932,2
13090,18939,8
13090,18967,6
13090,18977,2
13090,18990,2
13090,19012,2
13090,19019,5
13090,19025,2
13090,19031,2
13090,19036,6
13090,19037,5
13090,19053,2
13090,19057,2
13090,19074,1
13090,19078,1
13090,19081,1
13090,19089,1
13090,19119,4
13090,19157,1
13090,19161,1
13090,19208,4
13090,19227,3
13090,19228,4
13090,19229,10
13090,19235,4
13090,19236,5
13090,19240,4
13091,18641,1
13091,18646,2
13091,18650,2
13091,18658,4
13091,18659,5
13091,18666,1
13091,18697,5
13091,18718,1
13091,18727,2
13091,18728,42
13091,18729,30
13091,18730,2
13091,18735,1
13091,18736,1
13091,18760,9
13091,18762,8
13091,18766,47
13091,18767,32
13091,18768,20
13091,18769,79.5
13091,18770,64.5
13091,18771,53
13091,18772,20
13091,18786,6
13091,18787,4
13091,18788,7
13091,18789,8
13091,18793,5
13091,18794,8
13091,18795,6
13091,18796,13
13091,18798,3
13091,18843,3
13091,18864,2
13091,18865,4
13091,18873,4
13091,18887,5
13091,18898,1
13091,18902,4
13091,18904,5
13091,18927,1
13091,18931,3
13091,18932,3
13091,18934,2
13091,18945,1
13091,18969,8
13091,18982,2
13091,18995,3
13091,19009,4
13091,19019,5
13091,19021,1
13091,19026,3
13091,19034,4
13091,19051,8
13091,19084,2
13091,19089,1
13091,19128,4
13091,19137,2
13091,19140,2
13091,19141,1
13091,19195,2
13091,19225,3
13091,19227,3
13091,19228,9
13091,19229,2
13091,19234,2
13091,19235,3
13091,19236,2
13091,19248,7
13092,18640,2
13092,18646,6
13092,18657,10
13092,18667,6
13092,18681,3
13092,18690,4.5
13092,18691,5
13092,18701,2
13092,18704,4
13092,18706,1
13092,18726,21.5
13092,18727,20
13092,18728,13
13092,18733,5.5
13092,18735,10
13092,18760,9
13092,18761,3
13092,18762,12
13092,18765,6
13092,18766,35
13092,18767,20
13092,18768,13
13092,18769,35
13092,18770,45
13092,18771,54
13092,18772,14.5
13092,18773,2
13092,18844,1
13092,18873,1
13092,18879,2
13092,18881,3
13092,18904,3
13092,18905,4
13092,18906,8
13092,18958,2
13092,18962,4
13092,18963,2
13092,18972,3
13092,18973,2
13092,18974,1
13092,18980,2
13092,18982,2
13092,18984,4
13092,18995,6
13092,19017,8
13092,19018,8
13092,19019,27
13092,19020,7
13092,19021,6
13092,19022,2
13092,19023,2
13092,19025,2
13092,19036,1
13092,19052,4.5
13092,19058,2
13092,19060,2
13092,19073,3
13092,19077,5
13092,19081,2
13092,19082,2
13092,19089,1
13092,19104,3
13092,19118,12
13092,19119,8
13092,19138,4
13092,19139,2
13092,19169,2
13092,19170,3
13092,19184,3
13092,19185,2
13092,19200,3
13092,19228,1
13092,19229,2
13092,19232,5
13092,19235,6
13092,19236,10
13092,19237,5
13092,19238,14
13093,18640,2
13093,18648,2
13093,18663,2
13093,18691,5
13093,18725,13
13093,18726,43.5
13093,18727,21
13093,18736,3
13093,18761,4
13093,18762,49.5
13093,18766,26
13093,18767,16
13093,18768,8
13093,18770,22
13093,18771,15
13093,18772,7
13093,18802,1
13093,18823,3
13093,18840,2
13093,18842,9
13093,18846,1
13093,18900,2
13093,18904,2
13093,18909,4
13093,18910,2
13093,18924,2
13093,18950,4
13093,18951,2
13093,18968,2
13093,18974,3
13093,18985,7
13093,18989,5
13093,18995,2
13093,19006,3
13093,19017,14
13093,19018,31.5
13093,19019,41
13093,19020,31
13093,19021,6
13093,19025,12
13093,19026,23
13093,19036,6
13093,19037,3
13093,19038,6
13093,19052,4
13093,19061,3
13093,19062,2
13093,19063,1
13093,19072,4
13093,19073,2
13093,19080,2
13093,19083,4
13093,19108,3
13093,19119,4
13093,19120,11
13093,19125,4
13093,19127,2
13093,19148,1
13093,19150,3
13093,19155,6
13093,19167,1
13093,19179,2
13093,19207,2
13093,19229,7
13093,19230,9
13093,19231,4
13093,19233,3
13093,19234,27
13093,19235,9
13093,19236,7
13094,18641,2
13094,18647,9
13094,18648,2
13094,18655,2
13094,18656,5
13094,18661,1
13094,18662,2
13094,18676,1
13094,18677,3
13094,18690,10
13094,18691,1
13094,18713,3
13094,18714,10
13094,18715,3
13094,18724,4
13094,18725,73.5
13094,18726,26.5
13094,18727,5
13094,18736,6
13094,18757,5
13094,18758,6
13094,18762,24
13094,18766,56
13094,18767,31
13094,18771,17
13094,18772,4
13094,18774,3
13094,18803,2
13094,18859,1
13094,18862,2
13094,18864,1
13094,18877,2
13094,18878,1
13094,18879,1
13094,18883,2
13094,18884,2
13094,18886,2
13094,18892,2
13094,18904,2
13094,18909,8
13094,18923,2
13094,18956,4
13094,18965,2
13094,18969,2
13094,18981,6
13094,18982,2
13094,18983,2
13094,18991,4
13094,18994,1
13094,19006,1
13094,19007,6
13094,19012,12
13094,19013,5
13094,19014,5
13094,19015,1
13094,19016,2
13094,19017,4
13094,19018,14
13094,19019,15
13094,19020,2
13094,19022,10
13094,19033,2
13094,19037,4
13094,19038,1
13094,19062,2
13094,19079,2
13094,19107,1
13094,19116,2
13094,19119,34
13094,19120,21
13094,19128,2
13094,19155,2
13094,19179,1
13094,19196,4
13094,19230,22.5
13094,19231,4
13094,19232,10
13094,19233,8
13094,19234,7
13094,19239,4
13095,18654,2
13095,18656,3
13095,18669,1
13095,18677,2
13095,18689,2
13095,18690,16
13095,18691,5
13095,18693,1
13095,18714,8
13095,18715,9
13095,18716,6
13095,18717,2
13095,18719,2
13095,18720,2
13095,18724,5
13095,18725,15
13095,18727,10
13095,18728,4
13095,18748,3
13095,18749,3
13095,18756,3
13095,18757,16
13095,18758,13
13095,18759,2
13095,18761,4
13095,18762,1
13095,18767,2
13095,18771,9
13095,18772,6
13095,18774,13
13095,18775,15
13095,18776,1
13095,18809,1
13095,18810,6
13095,18848,1.5
13095,18888,4
13095,18889,2
13095,18890,3
13095,18891,1
13095,18905,3
13095,18907,1
13095,18909,1
13095,18924,4
13095,18932,2
13095,18960,3.5
13095,18966,3
13095,18986,3
13095,18987,5
13095,18989,7
13095,18992,7
13095,19007,7
13095,19012,13
13095,19019,2
13095,19022,6
13095,19023,19
13095,19035,13
13095,19036,8
13095,19037,6
13095,19053,7
13095,19054,1
13095,19072,3
13095,19073,2
13095,19091,3
13095,19118,3
13095,19119,27
13095,19120,7.5
13095,19145,2
13095,19167,1
13095,19168,2
13095,19171,1
13095,19230,9
13095,19231,16
13095,19232,38
13095,19233,5
13096,18656,11
13096,18677,2
13096,18679,1
13096,18690,2
13096,18691,37
13096,18692,2
13096,18713,2
13096,18714,2
13096,18715,7
13096,18716,12
13096,18717,4
13096,18718,4
13096,18720,7
13096,18721,5
13096,18722,4
13096,18723,2
13096,18725,1
13096,18726,13
13096,18727,5
13096,18731,3
13096,18749,4
13096,18754,3
13096,18755,2
13096,18756,28
13096,18757,32
13096,18758,4
13096,18760,4
13096,18761,2
13096,18762,5
13096,18771,36.5
13096,18772,5
13096,18774,9
13096,18775,9
13096,18850,4
13096,18871,5
13096,18887,4.5
13096,18890,3
13096,18891,2
13096,18893,2
13096,18901,3
13096,18946,2
13096,18956,2
13096,18959,4
13096,18960,2
13096,18961,1
13096,18962,5
13096,18963,2
13096,18964,5
13096,18965,2
13096,18966,2
13096,18967,1
13096,18969,7
13096,18971,1
13096,18988,1
13096,18989,3
13096,18990,2
13096,18994,5
13096,18995,1
13096,19008,6
13096,19009,1
13096,19010,5
13096,19011,4
13096,19015,3
13096,19023,1
13096,19035,5
13096,19036,18
13096,19037,3
13096,19039,3
13096,19071,5
13096,19117,5
13096,19120,2
13096,19151,1
13096,19152,1
13096,19192,1
13096,19226,11
13096,19227,14
13096,19229,3
13096,19230,10
13096,19231,18
13096,19232,6
13096,19239,2
13097,18664,1
13097,18669,5
13097,18689,2
13097,18690,4
13097,18691,1
13097,18692,4
13097,18693,2
13097,18705,1
13097,18720,13
13097,18724,5
13097,18726,20
13097,18727,3
13097,18728,2
13097,18730,4
13097,18741,4
13097,18743,2
13097,18749,4
13097,18755,3
13097,18756,7
13097,18761,16
13097,18771,9
13097,18779,2
13097,18863,2
13097,18867,1
13097,18872,2
13097,18885,2
13097,18886,2
13097,18887,2
13097,18891,5
13097,18892,3
13097,18898,2
13097,18901,4
13097,18903,3
13097,18904,2
13097,18905,2
13097,18906,2
13097,18908,1
13097,18914,3
13097,18925,1
13097,18928,4
13097,18946,3
13097,18947,3
13097,18961,1
13097,18963,2
13097,18966,1
13097,18968,6
13097,18970,2
13097,18971,4
13097,18973,2
13097,18974,4
13097,18993,3
13097,19009,8
13097,19010,1
13097,19026,2
13097,19028,2
13097,19031,4
13097,19032,8
13097,19033,4
13097,19035,3
13097,19036,11
13097,19037,3
13097,19039,2
13097,19055,2
13097,19060,4
13097,19061,2
13097,19071,2
13097,19112,3
13097,19142,3
13097,19144,1
13097,19148,2
13097,19152,4
13097,19161,2
13097,19175,2
13097,19176,3
13097,19199,3
13097,19227,14
13097,19228,3
13097,19239,1
13097,19240,1
13098,18644,6
13098,18645,4
13098,18646,2
13098,18654,2
13098,18655,6
13098,18693,2
13098,18703,12
13098,18704,8
13098,18705,3
13098,18706,4
13098,18707,4
13098,18723,8
13098,18724,10
13098,18725,5
13098,18726,2
13098,18728,6
13098,18745,2
13098,18756,3
13098,18757,2
13098,18758,1
13098,18761,14
13098,18762,2
13098,18769,3
13098,18770,3
13098,18771,2
13098,18781,5
13098,18782,3
13098,18784,4
13098,18831,3
13098,18835,3
13098,18836,2
13098,18853,1
13098,18861,1
13098,18862,17
13098,18863,10
13098,18884,4
13098,18892,7
13098,18893,1
13098,18896,2
13098,18897,1
13098,18899,3
13098,18900,4
13098,18903,3
13098,18915,2
13098,18936,1
13098,18967,4
13098,18969,3
13098,18973,5
13098,18974,17
13098,18980,3
13098,18982,2
13098,19010,2
13098,19020,4
13098,19024,2
13098,19027,3
13098,19033,5
13098,19034,1
13098,19035,8
13098,19036,21
13098,19060,5
13098,19074,2
13098,19140,1
13098,19144,1
13098,19159,2
13098,19175,1
13098,19176,2
13098,19183,3
13098,19186,1
13098,19223,2
13098,19225,4
13098,19226,3
13098,19227,7
13098,19228,9
13098,19250,3
13099,18644,1
13099,18697,3
13099,18698,2
13099,18699,11
13099,18704,3
13099,18705,1
13099,18721,2
13099,18722,9
13099,18723,6
13099,18753,5
13099,18757,15
13099,18758,22.5
13099,18759,20
13099,18760,18.5
13099,18761,20
13099,18762,2
13099,18782,3
13099,18785,2
13099,18796,2
13099,18812,2
13099,18836,2
13099,18840,2
13099,18852,1
13099,18861,14
13099,18862,8
13099,18868,3
13099,18891,2
13099,18893,3
13099,18900,6
13099,18904,4
13099,18905,5
13099,18906,5
13099,18909,1
13099,18918,2
13099,18941,1
13099,18943,5
13099,18957,2
13099,18958,4
13099,18959,6
13099,18963,2
13099,18968,20
13099,18969,32
13099,18970,1
13099,18972,4
13099,18979,4
13099,19013,3
13099,19015,4
13099,19016,5.5
13099,19021,5
13099,19023,1
13099,19024,2
13099,19027,4
13099,19036,21
13099,19037,16
13099,19038,1
13099,19039,5
13099,19081,1
13099,19136,2
13099,19142,2
13099,19159,2
13099,19177,4
13099,19178,6
13099,19184,3
13099,19186,2
13099,19188,3
13099,19207,2
13099,19217,1
13099,19224,4
13099,19225,4
13099,19226,8
13099,19239,1
13099,19240,3
13100,18658,2
13100,18669,1
13100,18682,2
13100,18698,7
13100,18699,3
13100,18721,2
13100,18722,2
13100,18746,3
13100,18758,4
13100,18759,14
13100,18760,12
13100,18761,8
13100,18805,2
13100,18829,2
13100,18830,3
13100,18833,4
13100,18851,2
13100,18853,8
13100,18860,4
13100,18889,1
13100,18891,1
13100,18893,4
13100,18904,5
13100,18905,16
13100,18906,11
13100,18967,4
13100,18969,21
13100,18970,2
13100,18973,2
13100,18977,2
13100,18978,1
13100,19013,3
13100,19024,5
13100,19036,2
13100,19037,23
13100,19038,80.5
13100,19039,37
13100,19042,4
13100,19060,1
13100,19067,4
13100,19070,2
13100,19072,2
13100,19104,1
13100,19129,1
13100,19146,1
13100,19174,4
13100,19176,11
13100,19177,5
13100,19178,13
13100,19185,13
13100,19186,17.5
13100,19207,2
13100,19222,1
13100,19240,4
13101,18642,1
13101,18647,4
13101,18648,2
13101,18657,3
13101,18669,5
13101,18670,10
13101,18675,1
13101,18698,10
13101,18723,3
13101,18732,2
13101,18734,2
13101,18752,2
13101,18759,2
13101,18764,5
13101,18766,4
13101,18831,2
13101,18865,3
13101,18887,4
13101,18890,3
13101,18902,2
13101,18903,4
13101,18906,2
13101,18907,9
13101,18908,8
13101,18924,2
13101,18926,4
13101,18968,12
13101,18970,21
13101,18971,6
13101,18982,1
13101,18988,2
13101,18995,4
13101,19013,5
13101,19014,1
13101,19016,2
13101,19021,13
13101,19026,2
13101,19027,1
13101,19037,9
13101,19038,24
13101,19039,33
13101,19040,20
13101,19041,3
13101,19042,2
13101,19051,2
13101,19058,4
13101,19081,1
13101,19148,2
13101,19173,4
13101,19174,5
13101,19176,10
13101,19177,16
13101,19178,25
13101,19182,6
13101,19184,20
13101,19185,22
13101,19186,7
13101,19200,2
13101,19206,2
13101,19224,5
13102,18645,1
13102,18647,4
13102,18671,4
13102,18696,1
13102,18699,1
13102,18701,1
13102,18708,5
13102,18709,2
13102,18726,2
13102,18733,3
13102,18735,6
13102,18743,6
13102,18781,3
13102,18790,6
13102,18792,4
13102,18812,3
13102,18831,2
13102,18836,6
13102,18864,1
13102,18899,1
13102,18901,10
13102,18902,21
13102,18903,38
13102,18904,31
13102,18909,2
13102,18910,5
13102,18915,6
13102,18923,5.5
13102,18952,5
13102,18959,2
13102,18967,7
13102,18968,3
13102,18969,3
13102,18970,10
13102,18971,4
13102,18988,3
13102,19008,2
13102,19020,1
13102,19025,2
13102,19028,7
13102,19038,10
13102,19039,8
13102,19040,4
13102,19041,10
13102,19052,3
13102,19072,3
13102,19126,1
13102,19173,2
13102,19174,7
13102,19176,2.5
13102,19177,17
13102,19178,34
13102,19179,10
13102,19181,1
13102,19182,45.5
13102,19183,28
13102,19184,2
13102,19187,3
13102,19197,2
13102,19215,2
13102,19218,1
13102,19222,2
13102,19223,6
13102,19231,2
13103,18643,4
13103,18644,2
13103,18699,4
13103,18700,2
13103,18710,2
13103,18711,3
13103,18734,3
13103,18741,3
13103,18761,1
13103,18767,1
13103,18768,32
13103,18780,4
13103,18781,2
13103,18821,11
13103,18837,6
13103,18885,2
13103,18892,2
13103,18896,1
13103,18897,2
13103,18899,14
13103,18900,38.5
13103,18901,25
13103,18902,29
13103,18903,29
13103,18904,52.5
13103,18906,1
13103,18907,2
13103,18908,2
13103,18909,2
13103,18910,8
13103,18911,2
13103,18912,5
13103,18934,2
13103,18965,29
13103,18966,26
13103,18967,8
13103,18970,5
13103,18971,3
13103,18972,5
13103,18976,12
13103,18977,5
13103,18990,3
13103,19009,2
13103,19014,4
13103,19016,2
13103,19018,2
13103,19030,1
13103,19031,1
13103,19038,6
13103,19041,3
13103,19052,8
13103,19063,3
13103,19067,3
13103,19088,2
13103,19114,2
13103,19139,4
13103,19150,6
13103,19168,1
13103,19171,6
13103,19177,7
13103,19178,21
13103,19179,34
13103,19181,1
13103,19182,32
13103,19183,69.5
13103,19184,2
13103,19186,4
13103,19187,7
13103,19207,1
13103,19220,2
13104,18639,1
13104,18643,2
13104,18649,1
13104,18663,2
13104,18669,1
13104,18686,1
13104,18688,4
13104,18689,1
13104,18695,1
13104,18717,3
13104,18767,6
13104,18768,13
13104,18777,4
13104,18778,10
13104,18800,4
13104,18801,6
13104,18837,4
13104,18849,2
13104,18856,5
13104,18857,3
13104,18858,1
13104,18861,1
13104,18890,1
13104,18891,2
13104,18898,1
13104,18899,9
13104,18901,4
13104,18902,7
13104,18903,12
13104,18904,54
13104,18905,15.5
13104,18907,9
13104,18912,3
13104,18922,4
13104,18928,6
13104,18945,5
13104,18947,2
13104,18950,4
13104,18964,5
13104,18965,16
13104,18966,14
13104,18967,18
13104,18968,40
13104,18971,2
13104,18972,40
13104,18991,1
13104,19007,4
13104,19011,3
13104,19015,2
13104,19019,4
13104,19024,4
13104,19027,2
13104,19038,3
13104,19041,1
13104,19052,3
13104,19053,2
13104,19059,1
13104,19068,2
13104,19073,2
13104,19113,2
13104,19144,1
13104,19178,5
13104,19179,27
13104,19180,9
13104,19182,13
13104,19183,40
13104,19184,16
13104,19185,10
13104,19186,11.5
13104,19187,8
13104,19188,1
13104,19196,1
13104,19199,2
13104,19210,2
13104,19219,3
13105,18658,1
13105,18671,3
13105,18673,1
13105,18678,2
13105,18716,1
13105,18739,2
13105,18766,2
13105,18776,2
13105,18778,2
13105,18779,1
13105,18789,2
13105,18790,6
13105,18792,1
13105,18793,2
13105,18810,2
13105,18811,3.5
13105,18812,1
13105,18832,3
13105,18850,8
13105,18854,4
13105,18855,18
13105,18891,4
13105,18894,3
13105,18896,3
13105,18897,6
13105,18898,3
13105,18903,1
13105,18904,5
13105,18905,13
13105,18906,7
13105,18907,23
13105,18909,11
13105,18913,2
13105,18923,5
13105,18927,4
13105,18928,7
13105,18960,5
13105,18961,4
13105,18963,1
13105,18967,6
13105,18968,23
13105,18969,9
13105,18973,4
13105,18981,2
13105,18984,3
13105,18990,2
13105,19004,2
13105,19040,1
13105,19058,1
13105,19059,11
13105,19060,3
13105,19065,2
13105,19147,4
13105,19154,2
13105,19170,4
13105,19177,19
13105,19178,19
13105,19179,26.5
13105,19180,9
13105,19181,11
13105,19182,5
13105,19184,25
13105,19185,15
13105,19186,8
13105,19187,12
13105,19192,1
13105,19196,2
13105,19198,1
13105,19217,4
13105,19219,4
13105,19244,3
13106,18658,5
13106,18659,3
13106,18666,6
13106,18671,31.5
13106,18672,3
13106,18673,2
13106,18688,2
13106,18708,1
13106,18719,2
13106,18741,2
13106,18759,1
13106,18766,3
13106,18767,8
13106,18789,7
13106,18790,4
13106,18792,5
13106,18793,3
13106,18804,2
13106,18806,4
13106,18807,2
13106,18808,4
13106,18810,4
13106,18811,3
13106,18820,3
13106,18851,2
13106,18854,5
13106,18855,14
13106,18858,6
13106,18888,1
13106,18889,2
13106,18892,1
13106,18893,2
13106,18905,9
13106,18916,4
13106,18922,13
13106,18923,22
13106,18929,1.5
13106,18946,1
13106,18960,1
13106,18967,3
13106,18968,44
13106,18969,63.5
13106,19010,8
13106,19011,11
13106,19021,7
13106,19040,2
13106,19053,2
13106,19058,3
13106,19059,6
13106,19060,1
13106,19141,2
13106,19142,2
13106,19144,3.5
13106,19145,1
13106,19154,5
13106,19155,2
13106,19170,2
13106,19177,16
13106,19178,58
13106,19179,56
13106,19180,25
13106,19181,26
13106,19182,38.5
13106,19183,10
13106,19187,1.5
13106,19188,6
13106,19191,1
13106,19193,2
13106,19196,2
13106,19197,1
13106,19198,2
13106,19204,2
13106,19211,4
13106,19212,1
13106,19217,10
13106,19244,2
13107,18642,1
13107,18666,9
13107,18667,2
13107,18671,2
13107,18673,4
13107,18676,3
13107,18687,2
13107,18688,3
13107,18718,2
13107,18729,6
13107,18730,2
13107,18731,6
13107,18740,15
13107,18741,4
13107,18768,4
13107,18802,6
13107,18804,2
13107,18806,2
13107,18807,6
13107,18808,24
13107,18832,2
13107,18843,1
13107,18850,9
13107,18851,23.5
13107,18854,10
13107,18855,4.5
13107,18858,1
13107,18861,2
13107,18862,2
13107,18863,4
13107,18864,6
13107,18881,1
13107,18882,2
13107,18884,3
13107,18885,8
13107,18892,5
13107,18893,1
13107,18910,2
13107,18911,2
13107,18912,8
13107,18923,5
13107,18934,3
13107,18939,4
13107,18952,1
13107,18953,6.5
13107,18954,3
13107,18955,2
13107,18958,2
13107,18966,4
13107,18968,4
13107,18969,68
13107,18970,18
13107,18979,4
13107,19031,5
13107,19035,6
13107,19036,3
13107,19038,5
13107,19050,4
13107,19056,3
13107,19059,3.5
13107,19062,5
13107,19068,1
13107,19099,4
13107,19106,4
13107,19144,4
13107,19145,4
13107,19146,2
13107,19153,6
13107,19154,7
13107,19174,5
13107,19178,64
13107,19179,47.5
13107,19180,36
13107,19181,63.5
13107,19182,91
13107,19183,59
13107,19184,4
13107,19192,2
13107,19193,6
13107,19197,3
13107,19203,5
13107,19204,2
13107,19205,2
13107,19206,5
13107,19209,8
13107,19210,21
13107,19211,21
13107,19213,4
13107,19214,10
13107,19215,2
13107,19217,2
13107,19218,1
13108,18643,1
13108,18658,12
13108,18659,3
13108,18696,4
13108,18697,3
13108,18720,1
13108,18730,1
13108,18731,10
13108,18767,21
13108,18768,5
13108,18778,1
13108,18783,3
13108,18786,2
13108,18793,1
13108,18803,3
13108,18807,5
13108,18808,25
13108,18809,33.5
13108,18810,3
13108,18817,4
13108,18821,3
13108,18845,1
13108,18846,2
13108,18848,5
13108,18851,30
13108,18852,3
13108,18853,5
13108,18854,28
13108,18855,33
13108,18856,29
13108,18857,5
13108,18858,4
13108,18859,6
13108,18863,1
13108,18891,2
13108,18910,5
13108,18911,6
13108,18912,12
13108,18915,8
13108,18921,2
13108,18929,1
13108,18939,2
13108,18946,1
13108,18959,1.5
13108,18966,4
13108,18968,4
13108,18970,4
13108,18971,3
13108,18979,3
13108,18986,1
13108,18998,3
13108,18999,1
13108,19006,3
13108,19032,1
13108,19038,3
13108,19059,5
13108,19061,6
13108,19063,4
13108,19102,4
13108,19105,3
13108,19124,1
13108,19134,3
13108,19135,2
13108,19137,4
13108,19138,8
13108,19143,3
13108,19144,33
13108,19145,26.5
13108,19146,4
13108,19150,4
13108,19153,4
13108,19157,1
13108,19174,1
13108,19176,2
13108,19177,9
13108,19178,74
13108,19179,22
13108,19180,54
13108,19181,54.5
13108,19182,41.5
13108,19183,75
13108,19184,31
13108,19197,4
13108,19198,2
13108,19199,2
13108,19200,5
13108,19201,2
13108,19203,2
13108,19204,3
13108,19205,1.5
13108,19206,5
13108,19207,1
13108,19208,8
13108,19209,32
13108,19210,32
13108,19211,20
13108,19212,10
13108,19213,22
13108,19214,1
13108,19216,4
13109,18644,2
13109,18650,1
13109,18657,6
13109,18658,1
13109,18674,5
13109,18704,2
13109,18710,8
13109,18711,2
13109,18717,4
13109,18770,2.5
13109,18776,9
13109,18782,4
13109,18783,31
13109,18784,9
13109,18785,15.5
13109,18791,3
13109,18806,6
13109,18808,6
13109,18810,2
13109,18814,5
13109,18816,4
13109,18822,1.5
13109,18848,5
13109,18849,14
13109,18850,10
13109,18851,14
13109,18852,14
13109,18853,2
13109,18854,44.5
13109,18855,61
13109,18856,112
13109,18857,25
13109,18860,1
13109,18890,1
13109,18894,1
13109,18900,5
13109,18901,13.5
13109,18905,2
13109,18913,1
13109,18918,1
13109,18919,1
13109,18928,1
13109,18932,3
13109,18937,1
13109,18938,1
13109,18941,2
13109,18953,3
13109,18966,1
13109,18967,3
13109,18971,2
13109,18972,4
13109,18973,9
13109,18984,2
13109,18997,5
13109,18998,2
13109,19032,4
13109,19052,1
13109,19059,2
13109,19060,9
13109,19131,3
13109,19134,2
13109,19135,4
13109,19136,1
13109,19138,3
13109,19141,10
13109,19144,56
13109,19145,43
13109,19146,3
13109,19148,1
13109,19152,4
13109,19157,2
13109,19173,2
13109,19175,6
13109,19176,19.5
13109,19177,29
13109,19178,178
13109,19179,74
13109,19180,35.5
13109,19181,24
13109,19182,19
13109,19183,8
13109,19184,38.5
13109,19185,11
13109,19186,5
13109,19187,6
13109,19190,1
13109,19195,4
13109,19196,4
13109,19197,1
13109,19199,2
13109,19201,2
13109,19202,3
13109,19205,3
13109,19206,12
13109,19207,35
13109,19208,22
13109,19209,20.5
13109,19210,46.5
13109,19211,12
13109,19212,31
13109,19213,1
13109,19214,8
13110,18644,2
13110,18655,1
13110,18668,4
13110,18678,4
13110,18692,4
13110,18702,1
13110,18703,4
13110,18709,5.5
13110,18712,2
13110,18713,10.5
13110,18714,7
13110,18718,2
13110,18734,1
13110,18748,13
13110,18749,18
13110,18752,2
13110,18753,1
13110,18770,7
13110,18772,3
13110,18778,3
13110,18782,3
13110,18783,7
13110,18784,6
13110,18805,1
13110,18813,1
13110,18814,1
13110,18837,3
13110,18846,2
13110,18849,6
13110,18850,12.5
13110,18851,20.5
13110,18852,15.5
13110,18853,26.5
13110,18854,31
13110,18855,32
13110,18856,25
13110,18857,38
13110,18860,3
13110,18861,2
13110,18863,1
13110,18888,5
13110,18904,5
13110,18905,3
13110,18925,2
13110,18940,1
13110,18975,2
13110,18990,7
13110,19031,4
13110,19040,5
13110,19060,14.5
13110,19063,2
13110,19075,2
13110,19118,2
13110,19133,1
13110,19137,8
13110,19139,6
13110,19140,5
13110,19141,9
13110,19143,4
13110,19144,42
13110,19145,9
13110,19146,2
13110,19151,4
13110,19175,1
13110,19176,8
13110,19177,51
13110,19178,40
13110,19179,14
13110,19180,16
13110,19181,10.5
13110,19183,4
13110,19185,2
13110,19186,22
13110,19187,6
13110,19191,5
13110,19192,5
13110,19196,1.5
13110,19198,2
13110,19199,4
13110,19200,1
13110,19201,2
13110,19202,2
13110,19204,9
13110,19205,2
13110,19206,31
13110,19207,26
13110,19208,28
13110,19209,42
13110,19210,27
13110,19211,16
13110,19212,14
13110,19214,4
13111,18646,2
13111,18647,2
13111,18648,2
13111,18649,1
13111,18655,1
13111,18659,2
13111,18660,7
13111,18668,3
13111,18678,2
13111,18704,5
13111,18713,1
13111,18714,2
13111,18717,3
13111,18718,2
13111,18748,15
13111,18749,4
13111,18750,2
13111,18751,1
13111,18752,54
13111,18753,6
13111,18754,1
13111,18760,4
13111,18761,4
13111,18770,4
13111,18771,21
13111,18772,5
13111,18790,1
13111,18803,3
13111,18808,3
13111,18809,4
13111,18849,5
13111,18850,13
13111,18851,7
13111,18853,71
13111,18854,68.5
13111,18855,27
13111,18856,26
13111,18857,37
13111,18858,7
13111,18864,8
13111,18884,1
13111,18891,2
13111,18903,4
13111,18904,5
13111,18907,3
13111,18914,2
13111,18916,2
13111,18923,5
13111,18928,2
13111,18941,2
13111,18955,1
13111,18957,3
13111,18971,1
13111,18972,2
13111,18997,6
13111,19013,4
13111,19032,9
13111,19054,3
13111,19058,7
13111,19059,8
13111,19060,5
13111,19134,2
13111,19140,24
13111,19141,22
13111,19142,5
13111,19143,24
13111,19144,47.5
13111,19145,9
13111,19153,2
13111,19175,1
13111,19176,7
13111,19177,14
13111,19178,16
13111,19180,13
13111,19183,3
13111,19185,4
13111,19186,12
13111,19187,20
13111,19192,3
13111,19200,20
13111,19201,3
13111,19202,15
13111,19203,13
13111,19206,11
13111,19207,15
13111,19208,37
13111,19209,6
13111,19210,6
13111,19214,2
13111,19215,4
13112,18648,3
13112,18649,12
13112,18650,6
13112,18651,2
13112,18704,2
13112,18714,1
13112,18716,2
13112,18739,5
13112,18747,7
13112,18748,36
13112,18749,34
13112,18750,7
13112,18751,1
13112,18752,27
13112,18753,2.5
13112,18758,5
13112,18759,4
13112,18760,8
13112,18761,1
13112,18769,3
13112,18770,21
13112,18771,14
13112,18772,1
13112,18780,3
13112,18787,4
13112,18791,2
13112,18802,3
13112,18803,5
13112,18804,3
13112,18812,3
13112,18814,5
13112,18817,2
13112,18847,3
13112,18848,5
13112,18851,24
13112,18853,29
13112,18854,66
13112,18855,52
13112,18856,75
13112,18857,24
13112,18858,4
13112,18860,17
13112,18861,9
13112,18884,4
13112,18897,2
13112,18900,3
13112,18901,7
13112,18914,7
13112,18920,1
13112,18927,7
13112,18932,9
13112,18934,5
13112,18943,9
13112,18945,3
13112,18958,2
13112,18968,1
13112,19005,1
13112,19006,2
13112,19032,7
13112,19033,4
13112,19043,2
13112,19044,4
13112,19054,1
13112,19058,58.5
13112,19059,74
13112,19060,5
13112,19078,2
13112,19142,44.5
13112,19143,66
13112,19144,28
13112,19145,2
13112,19151,1
13112,19163,2
13112,19170,2
13112,19174,1
13112,19176,1
13112,19177,1
13112,19180,5
13112,19182,2
13112,19183,4
13112,19184,24
13112,19185,55.5
13112,19186,19.5
13112,19187,21
13112,19188,2
13112,19198,1
13112,19199,4
13112,19200,51
13112,19201,66
13112,19202,10
13112,19203,18
13112,19204,39
13112,19205,39
13112,19206,43
13112,19207,16
13112,19208,36
13112,19209,3
13112,19210,7
13112,19211,4
13112,19212,2
13113,18649,5
13113,18669,2
13113,18678,2
13113,18684,5
13113,18702,9
13113,18714,2
13113,18721,2
13113,18760,1
13113,18761,1
13113,18766,5
13113,18767,6
13113,18770,23
13113,18771,8
13113,18776,5
13113,18777,3
13113,18778,9
13113,18779,2
13113,18780,4
13113,18787,1
13113,18790,2
13113,18802,1
13113,18803,1
13113,18804,7
13113,18822,8
13113,18823,2
13113,18824,10
13113,18828,5
13113,18830,3
13113,18850,2
13113,18851,4
13113,18853,22.5
13113,18854,14
13113,18855,33
13113,18856,41
13113,18857,42.5
13113,18858,29
13113,18860,8
13113,18861,7
13113,18864,4
13113,18885,4
13113,18893,2
13113,18901,1
13113,18902,8
13113,18903,4
13113,18920,5
13113,18927,27
13113,18928,3
13113,18931,1
13113,18954,5
13113,18965,5
13113,18980,1
13113,18983,3
13113,18997,5
13113,19008,4
13113,19011,2
13113,19012,1
13113,19033,2
13113,19034,4
13113,19037,5
13113,19041,8
13113,19043,20.5
13113,19044,5
13113,19045,2
13113,19057,3
13113,19058,58
13113,19059,42
13113,19060,8
13113,19061,6
13113,19062,2
13113,19075,1
13113,19141,1
13113,19142,17
13113,19143,14
13113,19172,9
13113,19173,12
13113,19174,4
13113,19179,2
13113,19183,10
13113,19184,30
13113,19185,46
13113,19186,10
13113,19187,1
13113,19188,1
13113,19197,2
13113,19198,3
13113,19199,10
13113,19200,19
13113,19201,9
13113,19202,3
13113,19204,4
13113,19207,1
13113,19212,2
13113,19218,4
13114,18648,4
13114,18654,2
13114,18701,5
13114,18702,13
13114,18703,2
13114,18712,8
13114,18714,2
13114,18715,2
13114,18735,2
13114,18741,1
13114,18764,1
13114,18765,2
13114,18768,5
13114,18769,16
13114,18770,5
13114,18773,4
13114,18778,1
13114,18782,1
13114,18790,4
13114,18792,2
13114,18800,4
13114,18807,2
13114,18808,5
13114,18809,2
13114,18825,2
13114,18828,18.5
13114,18849,4
13114,18853,45
13114,18854,14
13114,18856,40.5
13114,18857,54
13114,18858,48
13114,18860,4
13114,18861,2
13114,18862,2
13114,18885,2
13114,18889,2
13114,18908,2
13114,18927,7
13114,18928,13
13114,18935,7
13114,18937,2
13114,18941,2
13114,18946,2
13114,18993,5
13114,19000,4
13114,19036,1
13114,19038,2
13114,19039,4.5
13114,19040,2
13114,19041,12
13114,19042,14
13114,19043,31
13114,19057,14
13114,19058,19
13114,19059,51.5
13114,19060,25
13114,19061,6
13114,19063,1
13114,19127,5
13114,19170,16
13114,19172,6
13114,19186,6.5
13114,19199,2
13114,19200,5
13114,19213,2
13114,19214,3
13115,18648,2
13115,18653,7
13115,18654,1
13115,18657,2
13115,18669,5
13115,18670,2
13115,18686,4
13115,18701,7
13115,18705,9
13115,18708,2
13115,18710,3
13115,18716,2
13115,18741,2
13115,18746,3
13115,18748,2
13115,18761,3
13115,18768,3
13115,18769,4
13115,18775,1
13115,18797,1
13115,18824,2
13115,18828,11
13115,18829,20
13115,18839,2
13115,18854,3
13115,18855,1
13115,18856,2
13115,18857,25
13115,18858,69.5
13115,18882,3
13115,18883,11
13115,18884,2
13115,18895,2
13115,18897,2
13115,18909,3
13115,18920,2
13115,18927,10
13115,18928,13
13115,18930,3
13115,18931,4
13115,18936,2
13115,18939,5
13115,18943,3
13115,18952,2
13115,18955,2
13115,18959,8
13115,18990,2
13115,18998,4
13115,19009,3
13115,19039,3
13115,19041,5
13115,19042,5
13115,19043,24
13115,19057,10
13115,19058,62
13115,19059,43
13115,19060,1
13115,19061,18
13115,19062,37
13115,19064,1
13115,19066,1
13115,19068,4
13115,19073,5
13115,19081,1
13115,19106,5
13115,19112,2
13115,19125,2
13115,19139,3.5
13115,19144,14
13115,19145,3
13115,19169,1
13115,19170,2
13115,19172,5
13115,19177,2
13115,19181,4
13115,19193,1
13115,19194,24
13115,19195,8
13115,19196,16
13115,19199,1
13115,19206,2
13116,18649,1
13116,18676,6
13116,18683,1
13116,18685,2
13116,18700,3
13116,18706,9
13116,18707,7
13116,18708,1
13116,18710,2
13116,18729,6
13116,18730,2
13116,18748,5
13116,18775,9
13116,18776,4
13116,18784,7.5
13116,18785,2
13116,18810,6
13116,18821,3
13116,18822,1
13116,18823,3
13116,18824,3
13116,18831,10
13116,18838,3
13116,18839,2
13116,18848,4
13116,18853,1
13116,18856,2
13116,18857,1
13116,18858,15.5
13116,18862,1
13116,18882,3
13116,18885,4
13116,18907,4
13116,18911,8
13116,18926,9
13116,18927,4
13116,18930,11
13116,18938,4
13116,18940,3
13116,18946,2
13116,18950,2
13116,18953,2
13116,18955,1
13116,18960,5
13116,18979,2
13116,18980,6
13116,18988,3
13116,19041,1
13116,19042,3
13116,19043,33
13116,19054,2
13116,19057,42
13116,19058,52.5
13116,19059,34
13116,19060,25.5
13116,19061,69
13116,19062,64
13116,19071,1
13116,19073,2
13116,19081,2
13116,19087,2
13116,19100,3
13116,19108,14
13116,19109,26
13116,19130,2
13116,19145,12
13116,19147,2
13116,19156,2
13116,19183,1
13116,19192,2
13116,19194,7
13116,19205,2
13117,18649,2
13117,18651,1
13117,18652,1
13117,18657,2
13117,18658,6
13117,18674,2
13117,18682,1
13117,18684,1
13117,18707,4
13117,18709,4
13117,18710,2
13117,18716,1
13117,18731,1
13117,18732,5
13117,18740,4
13117,18747,3
13117,18748,4
13117,18749,2
13117,18751,2
13117,18790,6
13117,18808,4
13117,18820,2
13117,18821,3
13117,18822,6
13117,18824,1
13117,18837,2
13117,18853,34.5
13117,18854,11
13117,18902,4
13117,18916,5
13117,18917,6
13117,18921,2
13117,18922,1
13117,18923,4
13117,18924,7
13117,18926,1.5
13117,18927,5
13117,18928,2
13117,18935,2
13117,18936,4
13117,18938,1
13117,18939,6
13117,18940,4
13117,18941,10
13117,18944,2
13117,18945,4
13117,18946,1
13117,18953,7.5
13117,18954,3
13117,18980,4
13117,18981,8
13117,18989,5
13117,18996,2
13117,18998,2
13117,19029,4
13117,19031,5
13117,19043,19
13117,19057,28.5
13117,19059,4
13117,19080,4
13117,19096,1
13117,19099,3
13117,19106,9
13117,19107,19
13117,19108,33.5
13117,19109,68.5
13117,19110,8
13117,19111,1
13117,19113,5
13117,19114,1
13117,19146,7
13117,19149,2
13117,19153,1
13117,19157,1
13117,19192,2
13117,19195,4
13117,19197,3
13117,19198,1
13118,18643,2
13118,18657,4
13118,18658,3
13118,18674,1
13118,18676,1
13118,18682,2
13118,18689,4
13118,18709,1
13118,18716,1
13118,18717,1
13118,18718,2
13118,18747,4
13118,18786,16
13118,18787,15
13118,18788,12
13118,18789,3
13118,18798,1
13118,18823,4
13118,18848,1
13118,18854,2
13118,18860,3
13118,18872,3
13118,18874,3
13118,18882,1
13118,18886,6
13118,18901,1
13118,18913,3
13118,18916,13
13118,18917,8
13118,18918,5
13118,18921,4
13118,18922,8
13118,18923,12
13118,18924,15.5
13118,18925,10
13118,18926,4
13118,18927,3
13118,18933,1
13118,18938,2
13118,18939,6
13118,18940,10
13118,18941,35.5
13118,18946,2
13118,18948,5
13118,18954,3
13118,18955,3
13118,18958,3
13118,18983,5
13118,18985,5
13118,18986,3
13118,18987,1
13118,18994,1
13118,18996,9
13118,19001,1
13118,19002,4
13118,19009,1
13118,19042,6
13118,19043,4
13118,19056,2
13118,19062,5
13118,19067,4
13118,19070,3
13118,19071,2
13118,19073,3
13118,19105,33
13118,19106,47
13118,19107,21
13118,19108,60
13118,19109,14
13118,19110,20
13118,19131,2
13118,19147,8
13118,19148,18
13118,19150,1
13118,19152,6
13118,19153,3
13118,19155,4
13118,19159,3
13118,19171,4
13118,19173,1
13118,19188,3
13118,19198,7
13119,18648,1
13119,18649,2
13119,18668,1
13119,18670,3
13119,18676,2
13119,18680,1
13119,18684,2
13119,18685,3
13119,18709,3
13119,18717,2
13119,18754,2
13119,18785,2
13119,18786,21
13119,18787,12
13119,18788,13
13119,18807,4
13119,18833,1
13119,18862,2
13119,18870,2
13119,18881,2
13119,18886,10
13119,18924,2
13119,18925,6
13119,18926,9.5
13119,18927,5
13119,18941,12.5
13119,18942,1
13119,18955,14
13119,18956,5
13119,18957,4
13119,18984,4
13119,18985,1
13119,18986,7
13119,18991,3
13119,18996,4
13119,18997,3
13119,18998,1
13119,19005,1
13119,19038,6
13119,19039,3
13119,19042,7
13119,19056,7
13119,19068,4
13119,19073,2
13119,19100,3
13119,19101,13
13119,19102,5
13119,19105,20
13119,19106,9
13119,19107,20
13119,19108,18
13119,19109,29
13119,19110,41
13119,19111,4
13119,19118,4
13119,19119,6
13119,19126,3
13119,19134,1
13119,19145,1
13119,19151,1
13119,19152,20
13119,19153,7
13119,19188,3
13119,19190,8
13119,19191,1
13119,19196,3
13120,18649,1
13120,18657,2
13120,18658,4
13120,18669,1
13120,18679,10.5
13120,18680,6
13120,18681,12
13120,18691,2
13120,18697,3
13120,18710,3
13120,18756,4
13120,18765,3
13120,18785,8
13120,18786,11
13120,18787,3
13120,18821,2
13120,18831,1
13120,18836,6
13120,18847,2
13120,18852,8
13120,18856,2
13120,18861,2
13120,18862,1
13120,18867,9
13120,18879,2
13120,18882,4
13120,18901,1
13120,18926,4
13120,18927,15.5
13120,18928,1
13120,18929,2
13120,18930,6
13120,18936,1
13120,18955,1
13120,18956,2
13120,18988,4
13120,18992,1
13120,19027,4
13120,19035,5
13120,19042,2
13120,19076,1
13120,19104,6
13120,19110,2
13120,19111,7
13120,19120,4
13120,19121,4
13120,19136,4
13120,19145,2
13120,19147,5
13120,19148,1
13120,19149,3
13120,19150,4
13120,19151,4
13120,19152,3
13120,19179,2
13120,19190,7
13120,19200,2
13121,18650,1
13121,18659,4
13121,18679,5
13121,18680,31
13121,18681,7
13121,18698,2
13121,18699,2
13121,18700,9
13121,18701,4
13121,18702,10
13121,18703,8
13121,18711,2
13121,18712,2.5
13121,18734,10
13121,18735,2
13121,18736,3
13121,18746,1
13121,18757,3
13121,18758,3
13121,18775,1
13121,18778,1
13121,18785,4
13121,18786,12
13121,18821,1
13121,18822,2
13121,18823,7
13121,18836,4
13121,18845,4
13121,18854,1
13121,18868,2
13121,18869,10
13121,18874,2
13121,18878,2
13121,18888,2
13121,18936,4
13121,18982,2
13121,18984,2
13121,18989,3
13121,18991,1
13121,18993,3
13121,18995,4
13121,18997,9.5
13121,19002,2
13121,19009,1
13121,19035,2
13121,19041,3
13121,19043,12
13121,19058,2
13121,19061,10
13121,19068,1
13121,19069,7.5
13121,19077,4
13121,19079,2
13121,19103,5
13121,19104,3
13121,19111,2
13121,19121,4
13121,19148,9
13121,19150,1
13121,19151,7
13121,19153,1
13121,19154,3
13121,19157,2
13121,19192,3
13122,18653,1
13122,18662,2
13122,18666,4
13122,18679,2
13122,18720,1
13122,18728,2
13122,18734,12
13122,18735,2
13122,18736,7.5
13122,18737,4
13122,18739,2
13122,18747,1.5
13122,18787,1
13122,18789,2
13122,18807,6
13122,18869,8
13122,18870,2
13122,18871,2
13122,18872,3
13122,18874,4
13122,18875,4
13122,18876,6
13122,18888,2
13122,18941,1
13122,18951,1
13122,18952,2
13122,18983,2
13122,18984,2
13122,18988,2
13122,18990,7
13122,18993,4
13122,18996,2
13122,19000,5
13122,19001,6
13122,19037,4
13122,19038,2
13122,19040,3
13122,19042,13
13122,19043,4
13122,19063,4.5
13122,19069,2
13122,19110,3
13122,19119,4
13122,19121,10
13122,19122,1
13122,19148,3
13122,19151,3
13122,19153,4
13122,19178,2
13123,18659,1
13123,18666,2
13123,18667,2
13123,18672,6
13123,18685,2
13123,18697,1
13123,18701,1
13123,18702,2
13123,18703,9
13123,18707,2
13123,18717,3
13123,18727,2
13123,18731,1
13123,18739,7
13123,18743,2
13123,18760,9
13123,18773,4
13123,18781,4
13123,18816,1
13123,18817,3
13123,18838,2
13123,18839,3
13123,18872,19
13123,18874,9
13123,18881,2
13123,18920,2
13123,18938,2
13123,18943,5
13123,18944,4
13123,18945,1
13123,19028,7.5
13123,19038,11
13123,19039,2
13123,19042,3
13123,19043,3
13123,19051,3
13123,19055,1
13123,19062,3
13123,19063,9
13123,19064,3
13123,19067,1.5
13123,19072,4
13123,19076,2
13123,19088,3
13123,19089,9
13123,19121,5.5
13123,19122,3
13123,19123,2
13123,19126,1
13123,19135,3
13123,19137,4
13123,19138,3
13123,19152,2
13123,19153,4
13123,19156,2
13123,19161,1
13124,18667,6
13124,18668,7
13124,18671,2
13124,18700,2
13124,18701,12
13124,18702,28
13124,18703,18
13124,18709,2
13124,18760,5
13124,18763,1
13124,18779,2
13124,18781,2
13124,18786,3
13124,18787,2
13124,18810,4
13124,18829,1
13124,18832,1
13124,18838,17
13124,18869,2
13124,18872,43
13124,18892,8
13124,18946,4
13124,18947,8
13124,18948,7
13124,18951,2
13124,18984,3
13124,18994,1
13124,19008,1
13124,19030,4
13124,19037,1
13124,19039,43
13124,19040,77
13124,19041,13
13124,19042,18
13124,19043,5
13124,19054,1
13124,19056,6
13124,19057,17
13124,19058,11
13124,19063,5
13124,19066,5
13124,19067,1
13124,19117,5
13124,19121,10
13124,19123,12
13124,19124,8
13124,19137,4
13124,19138,7
13124,19147,4
13124,19148,2
13124,19150,4
13124,19151,3
13124,19152,10
13124,19153,6
13124,19154,1
13124,19179,2
13125,18658,2
13125,18667,9
13125,18668,6
13125,18689,2
13125,18690,4
13125,18698,4
13125,18703,1
13125,18723,2
13125,18726,1.5
13125,18736,4
13125,18761,6
13125,18779,3
13125,18780,5
13125,18782,3
13125,18786,9
13125,18796,3
13125,18818,4
13125,18823,4
13125,18832,4
13125,18846,1
13125,18859,3
13125,18860,2
13125,18861,3
13125,18894,9
13125,18911,2
13125,18913,1
13125,18924,4
13125,18925,2
13125,18927,4
13125,18976,2
13125,18987,2
13125,18989,1
13125,18994,4
13125,18998,2
13125,19037,2
13125,19038,19
13125,19039,38
13125,19040,64
13125,19041,40
13125,19042,40.5
13125,19058,7
13125,19061,3
13125,19069,1
13125,19072,1
13125,19074,4
13125,19078,4
13125,19098,2
13125,19099,4
13125,19105,3
13125,19114,6
13125,19121,2
13125,19122,12
13125,19124,11
13125,19125,2
13125,19138,2
13125,19148,12.5
13125,19154,2
13125,19164,3
13125,19184,5
13126,18657,1
13126,18670,1
13126,18686,2
13126,18691,3
13126,18731,6
13126,18732,7
13126,18733,4
13126,18736,25.5
13126,18737,25
13126,18738,5
13126,18778,4
13126,18779,12
13126,18794,3
13126,18801,8
13126,18819,4
13126,18858,4
13126,18861,5
13126,18879,5
13126,18914,2
13126,18923,3
13126,18925,6
13126,18976,2
13126,18989,5
13126,18994,3
13126,19002,2
13126,19003,3
13126,19005,3
13126,19006,2
13126,19012,5
13126,19027,6
13126,19029,5
13126,19030,1
13126,19038,4
13126,19039,25.5
13126,19040,60
13126,19041,72
13126,19042,69.5
13126,19043,10
13126,19055,3
13126,19059,4
13126,19060,1
13126,19068,2
13126,19071,2
13126,19083,4
13126,19103,1
13126,19112,5
13126,19121,2
13126,19122,9.5
13126,19123,2
13126,19126,3
13126,19138,2
13126,19146,1
13126,19148,3
13126,19153,3
13126,19192,3
13127,18668,1
13127,18678,5
13127,18679,3
13127,18687,5
13127,18697,7
13127,18730,4
13127,18731,6
13127,18732,14
13127,18733,8
13127,18734,7
13127,18736,18
13127,18737,37
13127,18738,3
13127,18774,3
13127,18788,4
13127,18802,7
13127,18804,2
13127,18818,3
13127,18844,3
13127,18847,2
13127,18866,1
13127,18899,1
13127,18909,1
13127,18918,1
13127,18927,2
13127,18947,6
13127,18951,2
13127,18973,3
13127,18981,4
13127,18986,4
13127,18991,2
13127,18992,2
13127,18994,3
13127,18995,1
13127,18996,3
13127,19000,2
13127,19002,2
13127,19009,2
13127,19010,6
13127,19011,9
13127,19012,1
13127,19030,2
13127,19037,4
13127,19040,6
13127,19041,46.5
13127,19042,29
13127,19043,12
13127,19052,7
13127,19057,13
13127,19059,12
13127,19062,4
13127,19064,1
13127,19109,3
13127,19112,3
13127,19120,8
13127,19121,3.5
13127,19122,14.5
13127,19123,5
13127,19136,2
13127,19155,6
13127,19161,2
13127,19162,3
13127,19194,4
13127,19204,1
13128,18674,2
13128,18676,3
13128,18677,3
13128,18678,10
13128,18698,2
13128,18707,1
13128,18712,2
13128,18718,2
13128,18726,4
13128,18727,1
13128,18732,5
13128,18733,20
13128,18734,12
13128,18735,7
13128,18736,2
13128,18737,3
13128,18738,2
13128,18739,3
13128,18766,10
13128,18772,2
13128,18773,5
13128,18774,2
13128,18783,5
13128,18827,4
13128,18846,2
13128,18882,3.5
13128,18890,3
13128,18925,5
13128,18926,2
13128,18927,3
13128,18947,10
13128,18951,2
13128,18971,5
13128,18973,1
13128,18990,2
13128,18992,1
13128,18994,8
13128,18999,4
13128,19000,17
13128,19029,2
13128,19032,2
13128,19035,1
13128,19040,10
13128,19041,1
13128,19042,5
13128,19043,4
13128,19050,17
13128,19051,67
13128,19052,76.5
13128,19053,10
13128,19061,1
13128,19063,2
13128,19064,9
13128,19065,13
13128,19100,3
13128,19112,7
13128,19119,7
13128,19120,13
13128,19125,2
13128,19133,1
13128,19138,1
13128,19200,1
13128,19204,1
13129,18650,4
13129,18663,5
13129,18664,1
13129,18674,6
13129,18677,2
13129,18685,3
13129,18702,3
13129,18717,6
13129,18723,1
13129,18725,2
13129,18732,2
13129,18734,3
13129,18766,8
13129,18767,16
13129,18772,11.5
13129,18773,8
13129,18774,2
13129,18778,1
13129,18783,2
13129,18784,3
13129,18810,8
13129,18822,6
13129,18895,2
13129,18905,2
13129,18921,3
13129,18923,1
13129,18924,7
13129,18926,1
13129,18951,4
13129,18993,69
13129,18994,10
13129,18995,1
13129,18998,2
13129,19002,1
13129,19003,4
13129,19004,7
13129,19005,7
13129,19027,1
13129,19040,6
13129,19041,5
13129,19042,17
13129,19043,6
13129,19049,38
13129,19050,213
13129,19051,102
13129,19052,54
13129,19057,1
13129,19059,3
13129,19062,2
13129,19064,21
13129,19066,8
13129,19084,4
13129,19117,6
13129,19148,4
13129,19167,2
13129,19185,4
13129,19203,1
13129,19205,1
13129,19207,13
13130,18663,3
13130,18684,5
13130,18690,3
13130,18691,3
13130,18710,1
13130,18724,1
13130,18725,7
13130,18766,1
13130,18767,52
13130,18773,2
13130,18812,2
13130,18813,3
13130,18815,4
13130,18816,10
13130,18817,2
13130,18842,8
13130,18863,1
13130,18871,2
13130,18883,3
13130,18895,2
13130,18909,3
13130,18911,3
13130,18924,2
13130,18925,5.5
13130,18932,5
13130,18953,5
13130,18957,3
13130,18975,4
13130,18984,2
13130,18990,5
13130,18992,7
13130,18993,4
13130,18994,102
13130,18995,65
13130,18996,1
13130,19009,2
13130,19017,1
13130,19028,2
13130,19040,2
13130,19041,13
13130,19042,6
13130,19049,527.5
13130,19050,326
13130,19051,14
13130,19052,11
13130,19059,14
13130,19060,1
13130,19063,2
13130,19064,2
13130,19065,1
13130,19087,7
13130,19094,1
13130,19099,1
13130,19128,2
13130,19177,3
13130,19202,2
13131,18674,3
13131,18693,2
13131,18716,8
13131,18717,7
13131,18767,6
13131,18801,4
13131,18809,2
13131,18810,4
13131,18814,2
13131,18825,4
13131,18834,1
13131,18863,3
13131,18878,4
13131,18886,4
13131,18896,1
13131,18909,5
13131,18912,1
13131,18914,1
13131,18920,4
13131,18933,1
13131,18954,4
13131,18960,3
13131,18978,2
13131,18979,8
13131,18990,2
13131,18992,7
13131,18993,5
13131,18994,36
13131,18995,55
13131,18996,12
13131,18997,10
13131,18998,10
13131,19002,2
13131,19017,2
13131,19049,311
13131,19050,145
13131,19051,39
13131,19052,3
13131,19053,9
13131,19054,3
13131,19058,1
13131,19060,1
13131,19061,25
13131,19062,31
13131,19068,1
13131,19087,10
13131,19120,1
13131,19125,4
13131,19134,6
13131,19182,6
13131,19183,2
13131,19193,2
13131,19201,4
13131,19207,9
13132,18671,4
13132,18699,1
13132,18716,2
13132,18717,4
13132,18718,1
13132,18726,2
13132,18766,1
13132,18767,1
13132,18776,2
13132,18779,2
13132,18801,1
13132,18810,3
13132,18811,15
13132,18812,1
13132,18848,5
13132,18859,1
13132,18881,1
13132,18898,3
13132,18912,1
13132,18921,1
13132,18923,12
13132,18953,2
13132,18963,2
13132,18968,2
13132,18969,1
13132,18971,1
13132,18974,2
13132,18983,1
13132,18989,2
13132,18990,2
13132,18991,5
13132,18992,6
13132,18993,5
13132,18994,53.5
13132,18995,69
13132,18996,44
13132,18997,5
13132,18998,37.5
13132,18999,14
13132,19002,2
13132,19011,4
13132,19015,2
13132,19016,6
13132,19019,1
13132,19036,2
13132,19042,1
13132,19049,264.5
13132,19050,455
13132,19051,92.5
13132,19052,15
13132,19054,12
13132,19056,2
13132,19057,2
13132,19059,4
13132,19060,86.5
13132,19061,80
13132,19062,17
13132,19065,4
13132,19074,3
13132,19075,2
13132,19092,4
13132,19107,4
13132,19137,2
13132,19138,7
13132,19165,2
13132,19177,1
13132,19207,9
13133,18696,4
13133,18697,1
13133,18698,5
13133,18699,4
13133,18700,8
13133,18715,2
13133,18717,2
13133,18726,2
13133,18746,1
13133,18765,1
13133,18766,3
13133,18787,5
13133,18792,3
13133,18797,3
13133,18808,10
13133,18810,17
13133,18811,37
13133,18812,12
13133,18813,1
13133,18814,1
13133,18816,2
13133,18822,1
13133,18829,1
13133,18848,4
13133,18868,2
13133,18869,3
13133,18882,4
13133,18893,2
13133,18912,2.5
13133,18919,2
13133,18921,2
13133,18925,2
13133,18927,2
13133,18960,2
13133,18961,1
13133,18969,5
13133,18970,3
13133,18971,6
13133,18981,5
13133,18988,3
13133,18993,27
13133,18994,35
13133,18995,41.5
13133,18996,52.5
13133,18997,85
13133,18998,77
13133,18999,9
13133,19000,2
13133,19001,1
13133,19007,2
13133,19014,10
13133,19015,33
13133,19016,25
13133,19017,11
13133,19021,3
13133,19036,5
13133,19042,1
13133,19044,1
13133,19049,148.5
13133,19050,285
13133,19051,195.5
13133,19052,44
13133,19053,4
13133,19054,8
13133,19055,15
13133,19057,68
13133,19058,302.5
13133,19059,232
13133,19060,27
13133,19061,22.5
13133,19062,31
13133,19063,38
13133,19064,2
13133,19067,2
13133,19075,2
13133,19084,5
13133,19103,2
13133,19129,1
13133,19151,3
13133,19177,1
13133,19185,2
13133,19207,5
13134,18672,1
13134,18687,4
13134,18696,10
13134,18697,3
13134,18698,6
13134,18714,1
13134,18766,2
13134,18780,3
13134,18781,1
13134,18808,16
13134,18809,20
13134,18810,70
13134,18811,22.5
13134,18812,9
13134,18813,9
13134,18815,2
13134,18818,3
13134,18876,1
13134,18878,4
13134,18914,2
13134,18915,3
13134,18919,9
13134,18920,13
13134,18921,18.5
13134,18922,19
13134,18928,2
13134,18959,2
13134,18962,5
13134,18963,1
13134,18966,2
13134,18984,7
13134,18991,7
13134,18992,38
13134,18993,14.5
13134,18994,13
13134,18995,17
13134,18996,14
13134,18997,11
13134,18998,44
13134,19001,9
13134,19002,4
13134,19005,1
13134,19008,1
13134,19015,3
13134,19016,27.5
13134,19032,24
13134,19042,4
13134,19049,104
13134,19050,163.5
13134,19051,258.5
13134,19052,19.5
13134,19053,32
13134,19054,38.5
13134,19055,31
13134,19058,5
13134,19059,81.5
13134,19060,48.5
13134,19061,43
13134,19062,103.5
13134,19063,14
13134,19064,3
13134,19065,6
13134,19075,1
13134,19113,3
13134,19135,4
13134,19150,3
13134,19166,3
13134,19185,1
13135,18669,5
13135,18672,1
13135,18674,1
13135,18676,2
13135,18678,2
13135,18688,3
13135,18696,2
13135,18697,4
13135,18710,4
13135,18726,3
13135,18727,2
13135,18781,10
13135,18807,18.5
13135,18808,18
13135,18809,24
13135,18810,9
13135,18811,6
13135,18816,2
13135,18817,1
13135,18884,2
13135,18899,1
13135,18920,3
13135,18923,10
13135,18925,4
13135,18954,2
13135,18957,1
13135,18963,2
13135,18964,1
13135,18971,3
13135,18973,6
13135,18979,2
13135,18984,2
13135,18986,3
13135,18987,3
13135,18990,1.5
13135,18992,21.5
13135,18993,2
13135,18994,10
13135,18998,2
13135,19004,2
13135,19008,1
13135,19012,3
13135,19013,1
13135,19015,4
13135,19016,2
13135,19017,7
13135,19018,2
13135,19020,3
13135,19021,4
13135,19035,2
13135,19040,3
13135,19041,11
13135,19042,11
13135,19049,30
13135,19050,37.5
13135,19051,175.5
13135,19052,83.5
13135,19053,33
13135,19054,80.5
13135,19055,66.5
13135,19056,80.5
13135,19057,117.5
13135,19058,30
13135,19059,149.5
13135,19060,83.5
13135,19061,6
13135,19063,87
13135,19064,15
13135,19065,17
13135,19066,6
13135,19067,1
13135,19068,1
13135,19069,4
13135,19090,1
13135,19101,2
13135,19114,5
13135,19140,1
13135,19153,5
13135,19196,2
13136,18664,2
13136,18669,1
13136,18673,9
13136,18674,3
13136,18675,5
13136,18676,2
13136,18696,5
13136,18704,2
13136,18711,1
13136,18717,1
13136,18744,4
13136,18749,2
13136,18750,2
13136,18801,2
13136,18805,2
13136,18808,17
13136,18811,1
13136,18817,2
13136,18830,1
13136,18839,7
13136,18844,6
13136,18863,2
13136,18877,2
13136,18884,1
13136,18896,4
13136,18897,3
13136,18899,1
13136,18905,2
13136,18919,4
13136,18928,7
13136,18929,4
13136,18961,1
13136,18968,4
13136,18970,3
13136,18980,1
13136,18985,7
13136,18988,1
13136,18990,4
13136,18993,9
13136,19000,1
13136,19012,2
13136,19013,7
13136,19014,12
13136,19015,3
13136,19018,2
13136,19023,4
13136,19038,5
13136,19042,15
13136,19043,1
13136,19049,93
13136,19050,92
13136,19051,110.5
13136,19052,18
13136,19053,57
13136,19054,88
13136,19055,124.5
13136,19056,97
13136,19057,85
13136,19058,22
13136,19059,66
13136,19060,95
13136,19061,76
13136,19062,102
13136,19063,79.5
13136,19064,86
13136,19065,16
13136,19096,1
13136,19101,5
13136,19124,5
13136,19139,2
13136,19182,2
13136,19188,4
13137,18664,2
13137,18670,1
13137,18672,2
13137,18673,5
13137,18683,1
13137,18692,3.5
13137,18699,2
13137,18700,4
13137,18701,4
13137,18704,15
13137,18705,5
13137,18707,1
13137,18712,4
13137,18721,2
13137,18741,4
13137,18751,2
13137,18752,1
13137,18798,2
13137,18799,5
13137,18824,2
13137,18825,1
13137,18854,3
13137,18888,1
13137,18899,2
13137,18920,1
13137,18925,6
13137,18960,4
13137,18962,6
13137,18964,2
13137,18965,1
13137,18969,3
13137,18970,9
13137,18980,8
13137,18992,2
13137,18998,5
13137,19000,5
13137,19011,5
13137,19012,2
13137,19013,5
13137,19014,12
13137,19015,6
13137,19017,5
13137,19019,8
13137,19020,2
13137,19021,18
13137,19022,9
13137,19023,45
13137,19034,4
13137,19036,2
13137,19037,4
13137,19038,8.5
13137,19039,4
13137,19041,9
13137,19042,11
13137,19043,38
13137,19044,24
13137,19045,11
13137,19049,40.5
13137,19050,80
13137,19051,57
13137,19052,35
13137,19053,72.5
13137,19054,89
13137,19055,82
13137,19056,97.5
13137,19057,95
13137,19058,90
13137,19059,88
13137,19060,115
13137,19061,95
13137,19062,113
13137,19063,147
13137,19064,91
13137,19065,23
13137,19066,9
13137,19067,1
13137,19087,7
13137,19097,2
13137,19107,2.5
13137,19135,3
13137,19185,3
13137,19193,4
13137,19200,3
13138,18661,2
13138,18662,1
13138,18681,2
13138,18683,3
13138,18701,22
13138,18702,20
13138,18703,9
13138,18721,2
13138,18722,4
13138,18731,2
13138,18760,3
13138,18769,5
13138,18805,4
13138,18807,4
13138,18818,2
13138,18850,1
13138,18908,2
13138,18917,2
13138,18930,2
13138,18935,1
13138,18956,3
13138,18961,4
13138,18971,4
13138,18972,4
13138,18973,6
13138,18975,2
13138,18977,2
13138,18992,1
13138,18993,1
13138,18997,4
13138,18998,1
13138,19006,1
13138,19007,2
13138,19015,13
13138,19016,7
13138,19017,7
13138,19018,3
13138,19019,2
13138,19020,6
13138,19021,8
13138,19022,31
13138,19023,36
13138,19029,3
13138,19030,4
13138,19034,4
13138,19036,2
13138,19037,3
13138,19038,9
13138,19039,3
13138,19042,28
13138,19043,64
13138,19044,82
13138,19045,55
13138,19046,35
13138,19047,2
13138,19048,21
13138,19049,96
13138,19050,135
13138,19051,40
13138,19052,133.5
13138,19053,96.5
13138,19054,71
13138,19055,77
13138,19056,141.5
13138,19057,160.5
13138,19058,106
13138,19059,54
13138,19060,91.5
13138,19061,74.5
13138,19062,60
13138,19063,81
13138,19064,19
13138,19113,2
13138,19160,2
13138,19178,4
13138,19180,1
13138,19181,3
13139,18701,5
13139,18702,24.5
13139,18703,9
13139,18704,2
13139,18749,4
13139,18752,2
13139,18757,2
13139,18758,9
13139,18759,11
13139,18760,3
13139,18773,2
13139,18782,2
13139,18784,3
13139,18788,4
13139,18809,5
13139,18811,1
13139,18812,2
13139,18817,2
13139,18818,4
13139,18819,1.5
13139,18834,3
13139,18852,1
13139,18875,2
13139,18897,4
13139,18903,1
13139,18924,2
13139,18928,1
13139,18955,2
13139,18960,4
13139,18970,5
13139,18975,6
13139,18999,2.5
13139,19006,3
13139,19009,9
13139,19016,6
13139,19018,2.5
13139,19019,6
13139,19020,5
13139,19021,6.5
13139,19022,16
13139,19023,6
13139,19030,2
13139,19032,15
13139,19033,4
13139,19034,4
13139,19035,17
13139,19036,6
13139,19037,4
13139,19038,8
13139,19039,21
13139,19040,12
13139,19041,32.5
13139,19042,21
13139,19043,60
13139,19044,87
13139,19045,61.5
13139,19046,25
13139,19048,95
13139,19049,189.5
13139,19050,162
13139,19051,83.5
13139,19052,143
13139,19053,145
13139,19054,96.5
13139,19055,64
13139,19056,46
13139,19057,104.5
13139,19058,124
13139,19059,119
13139,19060,74
13139,19061,36.5
13139,19062,64
13139,19063,1
13139,19069,9
13139,19106,4
13139,19115,1
13139,19128,2
13139,19177,4
13139,19179,7
13139,19187,6
13139,19191,3
13139,19197,2
13140,18698,1
13140,18699,4
13140,18701,5
13140,18702,7
13140,18703,5
13140,18704,2
13140,18713,1
13140,18732,2
13140,18748,1
13140,18749,17
13140,18750,1
13140,18756,1
13140,18759,1
13140,18768,1
13140,18782,6
13140,18783,5
13140,18784,4
13140,18803,4
13140,18806,6
13140,18808,2
13140,18840,1
13140,18841,1
13140,18853,4
13140,18876,2
13140,18894,1
13140,18903,3
13140,18924,2
13140,18973,1
13140,18974,13
13140,18978,2
13140,18985,1
13140,18990,4
13140,18999,1
13140,19008,4
13140,19012,1
13140,19020,1
13140,19023,15
13140,19030,27
13140,19031,28
13140,19032,23.5
13140,19033,2
13140,19034,9
13140,19035,6
13140,19036,5
13140,19037,4
13140,19038,13.5
13140,19039,5
13140,19040,20
13140,19041,54
13140,19042,51.5
13140,19043,157.5
13140,19044,54
13140,19045,58.5
13140,19046,14
13140,19048,149.5
13140,19049,98
13140,19050,277
13140,19051,152.5
13140,19052,83
13140,19053,142.5
13140,19054,41
13140,19055,34.5
13140,19056,2
13140,19057,1
13140,19058,38
13140,19059,32
13140,19061,7
13140,19062,15
13140,19065,3
13140,19066,4
13140,19067,2
13140,19110,3
13140,19115,6
13140,19119,1
13140,19155,6
13140,19175,4
13140,19178,2
13140,19179,2
13140,19196,1
13140,19197,1
13141,18668,2
13141,18702,3
13141,18704,1
13141,18731,2
13141,18733,4
13141,18747,2
13141,18748,3
13141,18749,10
13141,18750,18.5
13141,18752,1
13141,18806,5
13141,18807,1
13141,18840,2
13141,18846,2
13141,18864,1
13141,18868,2
13141,18869,1
13141,18891,2
13141,18892,1
13141,18903,1
13141,18920,6
13141,18930,5
13141,18960,3.5
13141,18973,11
13141,18974,20
13141,18975,10
13141,18976,1
13141,18996,11
13141,19004,4
13141,19013,2
13141,19014,1
13141,19015,6
13141,19023,33
13141,19024,9
13141,19029,2
13141,19030,39
13141,19031,32.5
13141,19032,62
13141,19033,31
13141,19034,28
13141,19035,2
13141,19038,5
13141,19040,9
13141,19041,29
13141,19042,44
13141,19043,54.5
13141,19044,134
13141,19045,50.5
13141,19047,60.5
13141,19048,172.5
13141,19049,104
13141,19050,204
13141,19051,213
13141,19052,75.5
13141,19053,132
13141,19054,48
13141,19055,39
13141,19056,37
13141,19057,72.5
13141,19058,87
13141,19059,79.5
13141,19060,57
13141,19061,2
13141,19062,19.5
13141,19063,11
13141,19064,15.5
13141,19065,4
13141,19067,6
13141,19117,2
13141,19174,2
13141,19178,16
13141,19204,2
13142,18678,1
13142,18700,1
13142,18702,1
13142,18732,1
13142,18750,11.5
13142,18751,6
13142,18752,4
13142,18767,4
13142,18773,2
13142,18779,2
13142,18822,2
13142,18837,4
13142,18851,3
13142,18860,2
13142,18862,1
13142,18863,2.5
13142,18868,3
13142,18870,2
13142,18880,1
13142,18884,2
13142,18887,2
13142,18915,2
13142,18917,4
13142,18928,4
13142,18962,8.5
13142,18964,2
13142,18965,9
13142,18966,8
13142,18974,5
13142,18975,2
13142,18982,4
13142,19023,24.5
13142,19024,6
13142,19025,1
13142,19029,3
13142,19031,17
13142,19032,61.5
13142,19033,46
13142,19034,54.5
13142,19035,36
13142,19037,19
13142,19038,15
13142,19039,12.5
13142,19040,29
13142,19041,25
13142,19042,47
13142,19043,91.5
13142,19044,42
13142,19047,113.5
13142,19048,196.5
13142,19049,178.5
13142,19050,408
13142,19051,151.5
13142,19052,43
13142,19053,60
13142,19054,99
13142,19055,72.5
13142,19056,53
13142,19057,95.5
13142,19058,205
13142,19059,158
13142,19060,44
13142,19061,44
13142,19062,4
13142,19063,8
13142,19064,14
13142,19070,1
13142,19073,2
13142,19160,1
13142,19178,18
13142,19179,4
13142,19180,1
13142,19189,2
13143,18667,1
13143,18676,3
13143,18714,1
13143,18751,2
13143,18765,3
13143,18768,5
13143,18789,4
13143,18803,1
13143,18829,2
13143,18837,1
13143,18838,3
13143,18839,2
13143,18843,1
13143,18850,4
13143,18859,2
13143,18860,8
13143,18862,1
13143,18863,6
13143,18874,2
13143,18904,3
13143,18912,3
13143,18932,1
13143,18937,2
13143,18965,4
13143,18966,2
13143,18969,2
13143,18970,1
13143,18981,2
13143,18982,5
13143,18986,3
13143,18988,3
13143,19018,1
13143,19022,3
13143,19023,5
13143,19025,2
13143,19030,5
13143,19033,9
13143,19034,27
13143,19035,49.5
13143,19036,4
13143,19038,16
13143,19039,35
13143,19040,36
13143,19041,32
13143,19042,79
13143,19043,76.5
13143,19044,22
13143,19047,365
13143,19048,304.5
13143,19049,182
13143,19050,225
13143,19051,237.5
13143,19052,142
13143,19053,58.5
13143,19054,69.5
13143,19055,76.5
13143,19056,96.5
13143,19057,105
13143,19058,56.5
13143,19059,7
13143,19060,16
13143,19061,42.5
13143,19062,28
13143,19063,38
13143,19064,18
13143,19070,2
13143,19104,6
13143,19127,6
13143,19176,3
13143,19178,5
13143,19179,36
13143,19180,4
13143,19181,6
13143,19182,4
13143,19190,3
13143,19191,6
13143,19192,5
13143,19193,4
13143,19195,7
13143,19201,4
13144,18693,2
13144,18698,1
13144,18714,1
13144,18715,2
13144,18753,3
13144,18777,2
13144,18780,2
13144,18801,3
13144,18814,1
13144,18841,3
13144,18857,3
13144,18860,5
13144,18861,15
13144,18866,5
13144,18880,3
13144,18906,2
13144,18957,5
13144,18965,2
13144,18966,2
13144,18967,5
13144,18968,5
13144,18969,10
13144,18981,2
13144,18984,3
13144,19015,1
13144,19023,11
13144,19025,4
13144,19030,4.5
13144,19031,6.5
13144,19032,4
13144,19033,21
13144,19034,5
13144,19036,7
13144,19038,2
13144,19039,5
13144,19040,54
13144,19041,9
13144,19042,26
13144,19043,29.5
13144,19044,22
13144,19046,3
13144,19047,198
13144,19048,219
13144,19049,121
13144,19050,242
13144,19051,183
13144,19052,202.5
13144,19053,61
13144,19054,74
13144,19055,37
13144,19056,54.5
13144,19057,126
13144,19058,67
13144,19059,78
13144,19060,3
13144,19071,7
13144,19072,1
13144,19073,4
13144,19094,1
13144,19107,3
13144,19115,2
13144,19131,3
13144,19139,1
13144,19145,4
13144,19176,1
13144,19177,7
13144,19178,10
13144,19179,18
13144,19180,32
13144,19181,15
13144,19182,15
13144,19183,12
13144,19190,3
13144,19193,2
13144,19200,3
13145,18677,1
13145,18696,3
13145,18698,2
13145,18699,20
13145,18701,2
13145,18702,9
13145,18715,6
13145,18716,1
13145,18722,5.5
13145,18737,3.5
13145,18739,1
13145,18743,1
13145,18763,1
13145,18779,1
13145,18804,2
13145,18818,2
13145,18823,4
13145,18847,2
13145,18859,5
13145,18860,10
13145,18861,5
13145,18866,4
13145,18875,1
13145,18886,1
13145,18894,3
13145,18903,4
13145,18904,2
13145,18905,4
13145,18907,2
13145,18911,2
13145,18922,2
13145,18929,2
13145,18932,7
13145,18934,2
13145,18937,7
13145,18938,1
13145,18953,7
13145,18968,1
13145,18985,5
13145,18998,1
13145,19003,2
13145,19013,2
13145,19014,3
13145,19030,6
13145,19034,2
13145,19035,4
13145,19036,2
13145,19038,4
13145,19040,12
13145,19042,4
13145,19046,12
13145,19047,133.5
13145,19048,96
13145,19049,121
13145,19050,134
13145,19051,162
13145,19052,231.5
13145,19053,131
13145,19054,85.5
13145,19055,133
13145,19056,103.5
13145,19057,65
13145,19058,26
13145,19059,47
13145,19060,48.5
13145,19064,9.5
13145,19068,3
13145,19070,1.5
13145,19071,2
13145,19072,2
13145,19078,5
13145,19093,1
13145,19177,1
13145,19178,8
13145,19179,24
13145,19180,13
13145,19181,16
13145,19182,18
13145,19190,1
13145,19195,2
13146,18677,2
13146,18682,6
13146,18691,2
13146,18698,6
13146,18699,9
13146,18709,2
13146,18715,3
13146,18716,5
13146,18720,9.5
13146,18754,1
13146,18762,4
13146,18766,2
13146,18768,1
13146,18779,1
13146,18780,15.5
13146,18781,30
13146,18782,7
13146,18806,2
13146,18858,2
13146,18861,6
13146,18866,4
13146,18867,2
13146,18872,4
13146,18878,3
13146,18885,2
13146,18894,3
13146,18903,3
13146,18904,2
13146,18905,3
13146,18911,2
13146,18916,2
13146,18921,4
13146,18929,3
13146,18939,5
13146,18942,1
13146,18959,2
13146,18972,2
13146,18989,2
13146,18997,4
13146,19002,4
13146,19017,3
13146,19022,3
13146,19028,4
13146,19031,1
13146,19032,2
13146,19033,3
13146,19035,2
13146,19040,5
13146,19041,1
13146,19045,1
13146,19046,19.5
13146,19047,61
13146,19048,6
13146,19049,19
13146,19050,118
13146,19051,139
13146,19052,105
13146,19053,154.5
13146,19054,91
13146,19055,85
13146,19056,66
13146,19057,61
13146,19058,74
13146,19059,161
13146,19061,4
13146,19109,17
13146,19110,5
13146,19111,15
13146,19112,6
13146,19133,3
13146,19153,2
13146,19169,3
13146,19177,4
13146,19179,37.5
13146,19180,39
13146,19181,25
13146,19182,31
13147,18699,5
13147,18702,1
13147,18704,2
13147,18754,2
13147,18757,2
13147,18781,9
13147,18782,4
13147,18783,4.5
13147,18784,4
13147,18839,2
13147,18842,2
13147,18847,3
13147,18849,2
13147,18858,2
13147,18863,3
13147,18864,3
13147,18868,5
13147,18884,3
13147,18902,3
13147,18915,1
13147,18922,2
13147,18935,3
13147,18938,1
13147,18942,8
13147,18964,1
13147,18972,1
13147,18975,4
13147,18982,2
13147,18988,5
13147,18994,2
13147,18995,5
13147,19018,3
13147,19022,6
13147,19032,1
13147,19039,2
13147,19042,2
13147,19045,4
13147,19046,91
13147,19047,7
13147,19048,91.5
13147,19049,181.5
13147,19050,91.5
13147,19051,123.5
13147,19052,118
13147,19053,113
13147,19054,26
13147,19055,60
13147,19056,108
13147,19057,39
13147,19058,87.5
13147,19059,87
13147,19060,80.5
13147,19061,59
13147,19062,16
13147,19065,5
13147,19083,2
13147,19105,1
13147,19109,7
13147,19110,10
13147,19111,36
13147,19112,3
13147,19179,19
13147,19180,22
13147,19181,13
13147,19182,25.5
13147,19190,3
13148,18699,5
13148,18706,4
13148,18718,2
13148,18744,1
13148,18754,3
13148,18755,4
13148,18772,2
13148,18776,2
13148,18779,1
13148,18783,3
13148,18784,1
13148,18792,1
13148,18796,1
13148,18819,2
13148,18823,3
13148,18845,3
13148,18847,3
13148,18864,1
13148,18868,1
13148,18886,3
13148,18900,14
13148,18901,24
13148,18902,16
13148,18903,5
13148,18904,3
13148,18964,3
13148,18982,4
13148,18983,2
13148,18993,2
13148,19018,5
13148,19020,4
13148,19025,4
13148,19032,1
13148,19033,11
13148,19039,11
13148,19041,1
13148,19045,10
13148,19046,55
13148,19047,6
13148,19048,53
13148,19049,135
13148,19050,88
13148,19051,83
13148,19052,61
13148,19053,10
13148,19056,58
13148,19057,88.5
13148,19058,95.5
13148,19059,38.5
13148,19060,22
13148,19061,39
13148,19062,10
13148,19093,2
13148,19103,1
13148,19110,27
13148,19111,30.5
13148,19112,10
13148,19120,1
13148,19124,8
13148,19141,4
13148,19176,3
13148,19179,10
13148,19181,3
13148,19182,11
13148,19183,3
13148,19189,4
13148,19190,4
13148,19191,7
13148,19192,1
13149,18699,1
13149,18715,1
13149,18747,5
13149,18748,5
13149,18757,4
13149,18758,2
13149,18772,8
13149,18777,10
13149,18778,4
13149,18779,15
13149,18781,5
13149,18783,1
13149,18792,2
13149,18793,3
13149,18819,4
13149,18850,4
13149,18851,3
13149,18868,3
13149,18882,1
13149,18898,4
13149,18900,8
13149,18901,17
13149,18902,3
13149,18903,15
13149,18904,23
13149,18906,1
13149,18935,2
13149,18937,5
13149,18938,2
13149,18942,5
13149,18943,2
13149,18951,6
13149,18964,2
13149,18965,2
13149,18977,2
13149,19012,3
13149,19013,5
13149,19014,12
13149,19015,3
13149,19016,4
13149,19029,1
13149,19032,3
13149,19033,1
13149,19036,2
13149,19037,1
13149,19045,390
13149,19046,138
13149,19047,250.5
13149,19049,9
13149,19050,60
13149,19051,119
13149,19052,78
13149,19053,101
13149,19054,2
13149,19058,45
13149,19059,77.5
13149,19060,2
13149,19061,9.5
13149,19062,3
13149,19064,2
13149,19069,3
13149,19070,2
13149,19096,41
13149,19097,2
13149,19098,10.5
13149,19100,7
13149,19101,2
13149,19102,2
13149,19103,2
13149,19107,6
13149,19108,18
13149,19110,5
13149,19111,25
13149,19112,19
13149,19125,6
13149,19176,4
13149,19181,4
13149,19182,4.5
13149,19183,39
13149,19184,14
13149,19187,4
13149,19192,3.5
13150,18707,5
13150,18713,2
13150,18715,2
13150,18716,2
13150,18717,3
13150,18727,1
13150,18735,4
13150,18747,1
13150,18754,2
13150,18758,1
13150,18772,10
13150,18773,4
13150,18775,3
13150,18776,10
13150,18777,17
13150,18778,20.5
13150,18779,11
13150,18780,2
13150,18781,14
13150,18798,1
13150,18810,5
13150,18820,5
13150,18842,2
13150,18859,3
13150,18865,1
13150,18867,1
13150,18899,6
13150,18900,45
13150,18901,35.5
13150,18902,12
13150,18903,8
13150,18904,22
13150,18905,9
13150,18934,5
13150,18935,2
13150,18942,4
13150,18949,2
13150,18953,4
13150,18957,2
13150,18959,4
13150,18977,7
13150,18982,3
13150,18984,8
13150,18990,3
13150,18992,2
13150,19010,2
13150,19013,10
13150,19014,3
13150,19016,5.5
13150,19036,2
13150,19043,1
13150,19044,1
13150,19045,194
13150,19046,329.5
13150,19047,59
13150,19048,251.5
13150,19050,33
13150,19051,79
13150,19052,31.5
13150,19053,32
13150,19054,13
13150,19058,23
13150,19059,21
13150,19062,4
13150,19063,14
13150,19064,3
13150,19069,2
13150,19071,9
13150,19090,2
13150,19098,6
13150,19101,8
13150,19103,5
13150,19108,9
13150,19109,19
13150,19110,58
13150,19111,13
13150,19112,29
13150,19113,7
13150,19114,5
13150,19115,17
13150,19124,8
13150,19125,22
13150,19181,5
13150,19182,19
13150,19183,22
13150,19184,14.5
13150,19185,23
13150,19195,2
13151,18714,1
13151,18715,1
13151,18716,8
13151,18721,2
13151,18725,1
13151,18752,5
13151,18753,1
13151,18766,4
13151,18769,12
13151,18770,39.5
13151,18771,37
13151,18772,21.5
13151,18775,12
13151,18776,19
13151,18777,35.5
13151,18778,13
13151,18779,7
13151,18780,7
13151,18781,2
13151,18811,5
13151,18820,5.5
13151,18842,2
13151,18847,8
13151,18865,2
13151,18871,3
13151,18882,6
13151,18896,4
13151,18897,3
13151,18898,2
13151,18899,17.5
13151,18900,19
13151,18901,1
13151,18904,7
13151,18905,21
13151,18906,3
13151,18907,2
13151,18915,4
13151,18940,5
13151,18941,4
13151,18946,2
13151,18956,1
13151,18978,2
13151,18989,2
13151,18992,3
13151,18996,1
13151,19019,2
13151,19028,6
13151,19031,2
13151,19034,4
13151,19044,1
13151,19045,8
13151,19046,1
13151,19047,23
13151,19048,8
13151,19049,11
13151,19050,235
13151,19051,49
13151,19052,52.5
13151,19053,69.5
13151,19054,39
13151,19056,16
13151,19058,7
13151,19059,5
13151,19060,3
13151,19071,2
13151,19087,4
13151,19090,2
13151,19100,2
13151,19102,1
13151,19103,5
13151,19104,5
13151,19108,39
13151,19109,78.5
13151,19110,46.5
13151,19111,41
13151,19112,44
13151,19113,9
13151,19114,75
13151,19115,57.5
13151,19117,2
13151,19118,1
13151,19125,7
13151,19142,2
13151,19153,1
13151,19170,2
13151,19171,14
13151,19172,19
13151,19173,11
13151,19175,2
13151,19181,16
13151,19182,31
13151,19183,36
13151,19184,64.5
13151,19185,5
13151,19202,3
13152,18720,12
13152,18721,3
13152,18722,2
13152,18726,1
13152,18737,3
13152,18750,2
13152,18752,3
13152,18753,10
13152,18766,9
13152,18767,4
13152,18768,1
13152,18769,16
13152,18770,63
13152,18771,65
13152,18772,2
13152,18773,2
13152,18774,3
13152,18775,36
13152,18776,21
13152,18777,91.5
13152,18778,14
13152,18779,10
13152,18780,6
13152,18794,2
13152,18824,9
13152,18848,2
13152,18895,1
13152,18897,3
13152,18898,11
13152,18899,4
13152,18900,14
13152,18901,4
13152,18908,2
13152,18909,3
13152,18919,4
13152,18921,2
13152,18932,6
13152,18933,3
13152,18941,9
13152,18942,3
13152,18943,4
13152,18949,2
13152,18968,4
13152,18969,2
13152,18972,2
13152,18977,7
13152,18978,4
13152,18989,1
13152,19001,1.5
13152,19003,1
13152,19005,4
13152,19010,2
13152,19018,15
13152,19022,3
13152,19024,2
13152,19027,3
13152,19028,1
13152,19030,1
13152,19033,4
13152,19034,5
13152,19045,9
13152,19046,25.5
13152,19047,7
13152,19049,50.5
13152,19050,299
13152,19051,50.5
13152,19052,3
13152,19053,11
13152,19054,39
13152,19055,15.5
13152,19056,11
13152,19057,2
13152,19058,23
13152,19102,7
13152,19103,17
13152,19104,7
13152,19107,7
13152,19108,57
13152,19109,76.5
13152,19110,68
13152,19111,37
13152,19112,17
13152,19116,2
13152,19118,1
13152,19119,6
13152,19120,5
13152,19125,6
13152,19126,11
13152,19136,3
13152,19140,2
13152,19143,2
13152,19144,2
13152,19161,8
13152,19167,13
13152,19168,9
13152,19169,3
13152,19170,6
13152,19173,9
13152,19181,30
13152,19182,39
13152,19183,11.5
13152,19184,31
13152,19185,5
13152,19186,12
13152,19187,4
13152,19189,4
13152,19190,25
13152,19191,7
13153,18701,4
13153,18719,6
13153,18721,2
13153,18722,7
13153,18767,4.5
13153,18768,23
13153,18769,16
13153,18770,51
13153,18771,60.5
13153,18772,26
13153,18773,14
13153,18774,12
13153,18776,25
13153,18777,65
13153,18778,18
13153,18779,19
13153,18799,5
13153,18814,2
13153,18816,1
13153,18848,4
13153,18850,3
13153,18858,1
13153,18861,1
13153,18868,2
13153,18883,2
13153,18884,2
13153,18894,3
13153,18895,1
13153,18896,2
13153,18897,4
13153,18898,3
13153,18908,4
13153,18909,1
13153,18924,2
13153,18925,2
13153,18927,6
13153,18929,2
13153,18930,2
13153,18934,2
13153,18936,2
13153,18940,4
13153,18941,13
13153,18943,10
13153,18944,13
13153,18947,1
13153,18953,1
13153,18959,5
13153,18962,4
13153,18964,3
13153,18969,4
13153,18970,2
13153,18978,4
13153,18979,6
13153,18984,1
13153,18985,11
13153,18994,2
13153,19000,2
13153,19001,2
13153,19002,2
13153,19003,1
13153,19018,2
13153,19019,5
13153,19029,7
13153,19030,4
13153,19032,3
13153,19044,21
13153,19045,22.5
13153,19046,14
13153,19048,2
13153,19049,10
13153,19050,16
13153,19051,27
13153,19052,5
13153,19054,15
13153,19055,5
13153,19056,10
13153,19057,7
13153,19058,9
13153,19059,1
13153,19072,4
13153,19103,2
13153,19104,7
13153,19106,5
13153,19108,18
13153,19109,22.5
13153,19110,23
13153,19111,56
13153,19112,33
13153,19117,5
13153,19118,2
13153,19126,15
13153,19154,7.5
13153,19162,1
13153,19165,1
13153,19166,4
13153,19176,1
13153,19178,2
13153,19180,5
13153,19181,14
13153,19182,10
13153,19183,31.5
13153,19184,49.5
13153,19185,11
13153,19189,2
13153,19191,3
13153,19193,5
13154,18769,11
13154,18770,45
13154,18771,68
13154,18772,34.5
13154,18773,10
13154,18776,1
13154,18777,15
13154,18785,1
13154,18787,2
13154,18811,1
13154,18813,1
13154,18838,1
13154,18846,1
13154,18848,4
13154,18857,1
13154,18883,2
13154,18896,3
13154,18899,1
13154,18911,1
13154,18912,1
13154,18931,2
13154,18934,2
13154,18936,2
13154,18937,2
13154,18941,9
13154,18942,9
13154,18943,12
13154,18944,26
13154,18945,15
13154,18946,5
13154,18947,4
13154,18948,1
13154,18949,2
13154,18951,6
13154,18954,10
13154,18965,3
13154,18984,1
13154,18985,23
13154,18994,2
13154,19005,2
13154,19019,4
13154,19024,6
13154,19028,4.5
13154,19030,6
13154,19032,6
13154,19035,14
13154,19042,55.5
13154,19043,21
13154,19044,64.5
13154,19045,82.5
13154,19046,19.5
13154,19047,2
13154,19049,4
13154,19050,21
13154,19051,41.5
13154,19052,12
13154,19054,2
13154,19055,5
13154,19056,31.5
13154,19057,1
13154,19060,1
13154,19062,1
13154,19067,1
13154,19104,3
13154,19109,21
13154,19110,2
13154,19111,7
13154,19112,1
13154,19126,3
13154,19127,11
13154,19164,1
13154,19165,5
13154,19176,2
13154,19178,2
13154,19180,4
13154,19181,6
13154,19183,26
13154,19184,19
13154,19187,2
13154,19191,5
13155,18765,9
13155,18770,8
13155,18771,7
13155,18772,1
13155,18776,3
13155,18782,3
13155,18787,4
13155,18817,4
13155,18838,1
13155,18840,2
13155,18841,2
13155,18886,2
13155,18893,1
13155,18895,7
13155,18896,6
13155,18897,6
13155,18898,4
13155,18900,3
13155,18905,2
13155,18907,1
13155,18912,6
13155,18942,4
13155,18943,2
13155,18944,3
13155,18945,13
13155,18946,5
13155,18947,3
13155,18948,1
13155,18949,2
13155,18950,6
13155,18951,6
13155,18952,2
13155,18965,3
13155,18967,18
13155,18983,2
13155,18985,6
13155,19006,4
13155,19031,10
13155,19032,4
13155,19033,2
13155,19035,2
13155,19042,113.5
13155,19043,81.5
13155,19044,48
13155,19045,41
13155,19046,10
13155,19047,2
13155,19050,6
13155,19051,22
13155,19052,7
13155,19053,10
13155,19054,9
13155,19058,2
13155,19062,2
13155,19063,12
13155,19064,2
13155,19069,4
13155,19095,2
13155,19096,7
13155,19105,1
13155,19109,22
13155,19110,1
13155,19114,1
13155,19117,3
13155,19118,2
13155,19119,2
13155,19122,12.5
13155,19127,3
13155,19160,2
13155,19161,3
13155,19162,4
13155,19163,5
13155,19167,2
13155,19175,4
13156,18722,4
13156,18760,3
13156,18762,1
13156,18770,7
13156,18776,5
13156,18782,8
13156,18807,4
13156,18818,3
13156,18821,13
13156,18822,2
13156,18856,1
13156,18871,5
13156,18872,2
13156,18892,2
13156,18893,2
13156,18896,3
13156,18897,6
13156,18899,2
13156,18907,1
13156,18908,1
13156,18914,2
13156,18937,1
13156,18945,9
13156,18947,3
13156,18948,4
13156,18951,4
13156,18965,7
13156,18978,4.5
13156,18998,2
13156,19003,8
13156,19004,23
13156,19005,5
13156,19006,5
13156,19007,2
13156,19024,2
13156,19030,2
13156,19031,3
13156,19033,1
13156,19040,16.5
13156,19041,6
13156,19042,68
13156,19043,95
13156,19044,29
13156,19045,10
13156,19046,18.5
13156,19047,27
13156,19051,6
13156,19052,9
13156,19053,2
13156,19054,2
13156,19055,4
13156,19056,6
13156,19060,6
13156,19079,2
13156,19108,16
13156,19109,10
13156,19110,3.5
13156,19123,2
13156,19125,3
13156,19157,3
13156,19161,3
13156,19162,4
13156,19163,9
13156,19164,11
13156,19167,2
13156,19168,7
13156,19169,2
13156,19171,2
13156,19172,4
13157,18760,5
13157,18793,1
13157,18800,2
13157,18821,6
13157,18822,1
13157,18856,2
13157,18872,6
13157,18880,4
13157,18893,1
13157,18897,10
13157,18906,2
13157,18907,5
13157,18908,6
13157,18909,1
13157,18911,3.5
13157,18931,2
13157,18935,2
13157,18941,8
13157,18942,11
13157,18945,3
13157,18947,6
13157,18948,3
13157,18953,1
13157,18957,10
13157,18966,2
13157,18978,5
13157,18979,4
13157,18980,4
13157,18986,4
13157,18988,3
13157,18999,9
13157,19003,17
13157,19004,12
13157,19007,1
13157,19030,1
13157,19032,7
13157,19033,7
13157,19039,3
13157,19040,31
13157,19041,112
13157,19042,75
13157,19043,72
13157,19044,11
13157,19046,18.5
13157,19047,22
13157,19056,6
13157,19057,4
13157,19094,2
13157,19095,1
13157,19108,20
13157,19115,3
13157,19125,3
13157,19147,2
13157,19158,7
13157,19163,4
13157,19164,10
13157,19165,4
13157,19166,1
13157,19167,1
13157,19168,2
13157,19169,1
13157,19171,8
13157,19179,4
13157,19183,3
13158,18770,6
13158,18771,6
13158,18778,1
13158,18779,7
13158,18821,4
13158,18824,3
13158,18840,3
13158,18871,4
13158,18897,2
13158,18905,3
13158,18925,7
13158,18941,4
13158,18942,18
13158,18943,7
13158,18944,3
13158,18945,3
13158,18946,2
13158,18949,7
13158,18954,2
13158,18964,2
13158,18968,3
13158,18969,5
13158,18972,4
13158,18979,2
13158,18985,13
13158,18987,27.5
13158,18988,30
13158,18989,7
13158,18990,1
13158,18992,2
13158,18998,1
13158,18999,4
13158,19030,4
13158,19031,8
13158,19032,6
13158,19039,14
13158,19040,71.5
13158,19041,97
13158,19042,78
13158,19043,69
13158,19044,24.5
13158,19057,9
13158,19108,6
13158,19119,3
13158,19121,8
13158,19127,3
13158,19134,23
13158,19162,6
13158,19163,3
13158,19164,4
13158,19166,2
13158,19167,4
13158,19168,1
13158,19171,3
13159,18775,3
13159,18791,1
13159,18796,2
13159,18820,4
13159,18840,4
13159,18845,2
13159,18848,4
13159,18854,2
13159,18866,3
13159,18870,2
13159,18884,4
13159,18886,1
13159,18891,3
13159,18919,2
13159,18939,3
13159,18940,14
13159,18941,17
13159,18942,6
13159,18943,36.5
13159,18944,3
13159,18945,9
13159,18946,1
13159,18948,2
13159,18949,5
13159,18951,8
13159,18952,9
13159,18983,11
13159,18984,7
13159,18985,42
13159,18986,57.5
13159,18987,29.5
13159,18988,10
13159,18989,3
13159,18990,4
13159,19005,9
13159,19039,21
13159,19040,41
13159,19041,76
13159,19042,91
13159,19043,30
13159,19044,6
13159,19055,5
13159,19105,4
13159,19106,3
13159,19108,9
13159,19133,10
13159,19134,89
13159,19135,10
13159,19136,3
13159,19139,2
13159,19158,3
13159,19169,3
13159,19170,3
13160,18790,5
13160,18810,2
13160,18813,3
13160,18835,2
13160,18844,7
13160,18845,23
13160,18854,3
13160,18872,4
13160,18890,2
13160,18893,2
13160,18899,1
13160,18903,3
13160,18908,1
13160,18940,3
13160,18941,15
13160,18942,43
13160,18943,18
13160,18944,38
13160,18945,25
13160,18946,23
13160,18949,3
13160,18952,5
13160,18953,2
13160,18973,3
13160,18975,3
13160,18982,2
13160,18983,44
13160,18984,69.5
13160,18985,54
13160,18986,67
13160,18987,20
13160,19006,9
13160,19007,9
13160,19038,3
13160,19039,49
13160,19040,72
13160,19041,67
13160,19042,20
13160,19044,2
13160,19045,5
13160,19046,6
13160,19051,2
13160,19053,3
13160,19055,1
13160,19056,6
13160,19112,3
13160,19116,2
13160,19133,16
13160,19134,49.5
13160,19135,74
13160,19167,5
13160,19168,6
13160,19191,1
13160,19197,6
13160,19198,2
13161,18818,1
13161,18821,5
13161,18845,11
13161,18846,8.5
13161,18850,2
13161,18859,3
13161,18870,4
13161,18887,5
13161,18899,2
13161,18931,1
13161,18942,15
13161,18943,55.5
13161,18944,53
13161,18945,81.5
13161,18946,27
13161,18949,1
13161,18950,3
13161,18951,1
13161,18953,2
13161,18963,1
13161,18979,4
13161,18982,14
13161,18983,43
13161,18984,81
13161,18985,32
13161,18986,17
13161,18987,5
13161,19007,5
13161,19024,6
13161,19038,21
13161,19039,100.5
13161,19040,46
13161,19041,16
13161,19042,11
13161,19046,8
13161,19047,8.5
13161,19051,7
13161,19052,11
13161,19061,2
13161,19067,2
13161,19068,3
13161,19079,3
13161,19080,2
13161,19133,7.5
13161,19134,25
13161,19135,35
13161,19136,4
13161,19137,7
13161,19167,2
13161,19198,2
13162,18809,2
13162,18844,4
13162,18846,2
13162,18847,4
13162,18851,2
13162,18856,3
13162,18868,3
13162,18871,2
13162,18891,3
13162,18913,1
13162,18923,4
13162,18937,1.5
13162,18938,4
13162,18941,2
13162,18943,6
13162,18944,43
13162,18945,61
13162,18946,22
13162,18947,16
13162,18948,7
13162,18949,3.5
13162,18950,1
13162,18952,3
13162,18977,1
13162,18979,10
13162,18980,7
13162,18981,2
13162,18983,7
13162,18986,5
13162,18987,1
13162,18992,4
13162,19019,3
13162,19022,2
13162,19023,5
13162,19038,29
13162,19039,53
13162,19040,58
13162,19041,11
13162,19046,2
13162,19047,7
13162,19051,25
13162,19052,32
13162,19053,5
13162,19055,2
13162,19056,2
13162,19061,4
13162,19062,2
13162,19070,4
13162,19092,2
13162,19106,7
13162,19117,2
13162,19135,16
13162,19136,28
13162,19137,9
13162,19138,2
13162,19164,1
13162,19165,2
13162,19192,4
13162,19193,9
13163,18777,2
13163,18778,4
13163,18828,1
13163,18844,6
13163,18904,2
13163,18942,28
13163,18943,1
13163,18945,44
13163,18946,29
13163,18947,28
13163,18948,17
13163,18949,5
13163,18950,3
13163,18952,2
13163,18968,8
13163,18974,2
13163,18977,6
13163,18978,5
13163,18979,5
13163,18980,5
13163,18983,1
13163,19003,2
13163,19004,2
13163,19011,2.5
13163,19020,13
13163,19022,2
13163,19027,2
13163,19028,1
13163,19037,3
13163,19038,34
13163,19039,14
13163,19040,26
13163,19045,7
13163,19051,16.5
13163,19055,31
13163,19056,1
13163,19057,6
13163,19061,2
13163,19062,1
13163,19083,2
13163,19091,7
13163,19092,5
13163,19103,11
13163,19104,15
13163,19116,2
13163,19133,1
13163,19135,6
13163,19136,1
13163,19137,17
13163,19165,5
13163,19168,1
13163,19177,2
13163,19181,2
13163,19182,4
13163,19191,1
13163,19192,3
13163,19193,3
13164,18779,1
13164,18836,4
13164,18839,1
13164,18884,2
13164,18889,2
13164,18940,1
13164,18941,2
13164,18942,1
13164,18943,77
13164,18944,23
13164,18945,17
13164,18946,96
13164,18947,22.5
13164,18948,11
13164,18949,21
13164,18951,2
13164,18952,3
13164,18953,5
13164,18956,2
13164,18968,2
13164,18975,2
13164,18987,3
13164,18989,3
13164,19004,5
13164,19022,2
13164,19027,13
13164,19037,31
13164,19038,13
13164,19039,39
13164,19040,18.5
13164,19044,10
13164,19045,7
13164,19048,1
13164,19049,1.5
13164,19050,2
13164,19051,2
13164,19052,1
13164,19062,7
13164,19078,2
13164,19091,2
13164,19093,4
13164,19103,8
13164,19104,8
13164,19105,1
13164,19106,4
13164,19138,2
13164,19152,1
13164,19166,2
13164,19167,1
13164,19176,2
13164,19181,1
13164,19182,1
13165,18773,4
13165,18813,2
13165,18826,1
13165,18830,4
13165,18840,2
13165,18841,5
13165,18844,5
13165,18858,1
13165,18876,1
13165,18893,2
13165,18897,3
13165,18904,4
13165,18905,2
13165,18918,4
13165,18925,1
13165,18932,2
13165,18941,14
13165,18942,25
13165,18943,26
13165,18944,41
13165,18945,26
13165,18946,87
13165,18947,70.5
13165,18948,31
13165,18949,39
13165,18950,7
13165,18953,7
13165,18973,3
13165,18974,9
13165,18977,2
13165,18980,7
13165,18983,10
13165,18984,6
13165,19018,2
13165,19026,1
13165,19027,5.5
13165,19037,9
13165,19038,24
13165,19039,30
13165,19042,2
13165,19044,1
13165,19048,2
13165,19049,18
13165,19050,6
13165,19051,19
13165,19054,1
13165,19061,1
13165,19062,10
13165,19063,3
13165,19078,8
13165,19103,6
13165,19138,2
13165,19143,2
13165,19158,5
13165,19161,4
13165,19177,3
13165,19178,2
13165,19179,2
13165,19183,8
13165,19196,2
13166,18781,4
13166,18813,7
13166,18814,4
13166,18844,7
13166,18845,2
13166,18876,7
13166,18897,3
13166,18920,2
13166,18930,2
13166,18939,1
13166,18941,4
13166,18942,3
13166,18943,1
13166,18947,40
13166,18948,2
13166,18953,1
13166,18954,1
13166,18955,2
13166,18957,3
13166,18971,5
13166,18972,3
13166,18973,8
13166,18974,6
13166,18981,2
13166,19001,2
13166,19027,2
13166,19028,4
13166,19029,6
13166,19030,2
13166,19036,3
13166,19038,18
13166,19040,5
13166,19041,4
13166,19042,7
13166,19049,3
13166,19050,4
13166,19051,9
13166,19053,5
13166,19059,6
13166,19107,6
13166,19109,2
13166,19133,2
13166,19158,4
13166,19177,3
13166,19180,5
13166,19181,1
13166,19182,12
13166,19183,24
13166,19185,1
13166,19190,2
13166,19193,2
13166,19195,1
13166,19201,9
13167,18811,1
13167,18813,1
13167,18814,14
13167,18815,4
13167,18824,1
13167,18834,2
13167,18841,3
13167,18842,9
13167,18875,4
13167,18876,2
13167,18936,4
13167,18940,2
13167,18947,6
13167,18948,6
13167,18949,2
13167,18950,9
13167,18951,2
13167,18958,2
13167,18959,11
13167,18970,2
13167,18972,2
13167,18979,2
13167,19018,2
13167,19019,2
13167,19020,9
13167,19022,1
13167,19023,1
13167,19024,2
13167,19025,25
13167,19026,11
13167,19029,4
13167,19041,2
13167,19043,2
13167,19044,17.5
13167,19045,10
13167,19046,4
13167,19047,15
13167,19048,8
13167,19049,1
13167,19052,7
13167,19059,13
13167,19070,2
13167,19086,7
13167,19156,2
13167,19161,4
13167,19177,9
13167,19181,11
13167,19182,3
13167,19183,19
13167,19184,1
13167,19185,3
13167,19188,2
13167,19200,2
13168,18814,4
13168,18815,35
13168,18816,9
13168,18818,4
13168,18828,4
13168,18837,4
13168,18841,6
13168,18842,2
13168,18865,2
13168,18873,5
13168,18875,5
13168,18876,1
13168,18880,3
13168,18882,4
13168,18883,4
13168,18885,2
13168,18890,4
13168,18901,4
13168,18909,1
13168,18928,15
13168,18936,2
13168,18943,3
13168,18946,2
13168,18947,8
13168,18948,30.5
13168,18949,4
13168,18950,6
13168,18951,2
13168,18968,3
13168,18969,2
13168,18972,2
13168,18985,5
13168,18987,4
13168,19020,19
13168,19021,6
13168,19026,2
13168,19027,3
13168,19040,1
13168,19045,3
13168,19046,21.5
13168,19047,23.5
13168,19049,20
13168,19050,3
13168,19052,5
13168,19053,4
13168,19060,5
13168,19061,2
13168,19072,2
13168,19093,2
13168,19095,2
13168,19157,7
13168,19160,1
13168,19161,2
13168,19164,1
13168,19177,9
13168,19178,4
13168,19179,5
13168,19180,12
13168,19181,2
13168,19183,1
13168,19184,6
13168,19186,1
13168,19190,4
13169,18789,2
13169,18814,11
13169,18815,19
13169,18819,5
13169,18838,1
13169,18843,1
13169,18844,1
13169,18853,1
13169,18870,2
13169,18871,1
13169,18873,1
13169,18874,4
13169,18875,1
13169,18876,4
13169,18932,2
13169,18944,2
13169,18947,2
13169,18948,4
13169,18950,15
13169,18952,6
13169,18953,1
13169,18986,6
13169,19015,3
13169,19021,2
13169,19022,8
13169,19025,19
13169,19027,1
13169,19039,3
13169,19042,7
13169,19043,2
13169,19048,7
13169,19049,4
13169,19050,5
13169,19051,17
13169,19052,10
13169,19060,8
13169,19073,2
13169,19080,1
13169,19093,4
13169,19097,2
13169,19105,2
13169,19125,1
13169,19127,2
13169,19140,2
13169,19144,1
13169,19164,1
13169,19165,18
13169,19166,1
13169,19167,2
13169,19168,2
13169,19175,1
13169,19176,4
13169,19177,10
13169,19178,19
13169,19179,2
13169,19180,36
13169,19181,9
13170,18814,5
13170,18815,9
13170,18816,9
13170,18817,12
13170,18823,1
13170,18837,2
13170,18840,2
13170,18842,2
13170,18845,1
13170,18846,3
13170,18847,2
13170,18859,5
13170,18870,11
13170,18871,16
13170,18872,18
13170,18873,4.5
13170,18874,4
13170,18882,6
13170,18921,1
13170,18924,2
13170,18925,3
13170,18947,5
13170,18948,2
13170,18952,4
13170,18953,1
13170,18955,2
13170,18956,4
13170,18974,4
13170,18985,6
13170,18986,12.5
13170,19013,1
13170,19014,9
13170,19015,5
13170,19016,5
13170,19021,4
13170,19027,2
13170,19036,1
13170,19038,4
13170,19039,4
13170,19040,3
13170,19042,8
13170,19043,3
13170,19044,19.5
13170,19045,1
13170,19046,2
13170,19052,7
13170,19053,12
13170,19055,4
13170,19056,3
13170,19066,2
13170,19072,2
13170,19076,2
13170,19119,2
13170,19146,3
13170,19148,2
13170,19150,1
13170,19165,4
13170,19166,16.5
13170,19167,4
13170,19174,4
13170,19175,1
13170,19177,4
13170,19178,9
13170,19179,40
13170,19180,50
13170,19181,1
13171,18794,2
13171,18795,5
13171,18804,1
13171,18813,2
13171,18814,4
13171,18815,1
13171,18816,2
13171,18817,2
13171,18820,1
13171,18821,2
13171,18846,3
13171,18871,2
13171,18872,2
13171,18891,2
13171,18893,1
13171,18928,2
13171,18938,2
13171,18948,4
13171,18954,2
13171,18955,6
13171,18956,5
13171,18961,3
13171,18974,1
13171,18984,1
13171,18985,14
13171,19015,5
13171,19016,13
13171,19017,9.5
13171,19018,2
13171,19019,1
13171,19020,4
13171,19021,30
13171,19026,4
13171,19039,9
13171,19041,4
13171,19042,4
13171,19044,13
13171,19051,6
13171,19052,25
13171,19053,15
13171,19097,5
13171,19165,8
13171,19166,5
13171,19167,2
13171,19170,2
13171,19171,2
13171,19173,2
13171,19174,11
13171,19175,8
13171,19176,1
13171,19179,7
13171,19180,4
13171,19185,4
13172,18794,6
13172,18795,14
13172,18803,2
13172,18810,3
13172,18815,4
13172,18818,1
13172,18833,2
13172,18851,3
13172,18852,4
13172,18855,2
13172,18857,2
13172,18864,1
13172,18871,21.5
13172,18872,21
13172,18873,2
13172,18917,4
13172,18920,2
13172,18930,2
13172,18934,3
13172,18935,8
13172,18947,1
13172,18948,8
13172,18953,6
13172,18954,12
13172,18957,4
13172,18983,9
13172,18984,1
13172,18985,34
13172,18986,40.5
13172,18987,7
13172,18988,4
13172,18989,12
13172,19008,3
13172,19012,8
13172,19017,30.5
13172,19018,7
13172,19020,7
13172,19021,28
13172,19022,3
13172,19023,2
13172,19024,8
13172,19026,3
13172,19038,2
13172,19039,2
13172,19040,4
13172,19044,8
13172,19046,6
13172,19051,5
13172,19053,5
13172,19054,2
13172,19055,10
13172,19056,3
13172,19058,4
13172,19059,4
13172,19077,8
13172,19078,4
13172,19082,4
13172,19108,2
13172,19114,4
13172,19136,3
13172,19144,4
13172,19163,1
13172,19165,6
13172,19166,4
13172,19171,4
13172,19173,2
13172,19175,4
13172,19178,2
13172,19180,7
13172,19181,5
13172,19182,1
13173,18783,4.5
13173,18785,3
13173,18791,1
13173,18795,2
13173,18803,4
13173,18804,2
13173,18816,2
13173,18821,1
13173,18836,3
13173,18856,4
13173,18868,3
13173,18870,4
13173,18871,6
13173,18890,1
13173,18893,1
13173,18900,4
13173,18917,8
13173,18947,5
13173,18949,1
13173,18952,1
13173,18953,2
13173,18954,1
13173,18960,4
13173,18985,1
13173,18986,3
13173,18989,4
13173,18993,6
13173,19017,1
13173,19019,2
13173,19020,12
13173,19021,2
13173,19022,24
13173,19023,6
13173,19024,1
13173,19025,1
13173,19026,1
13173,19040,4
13173,19049,1
13173,19055,1.5
13173,19056,2
13173,19058,9
13173,19059,1
13173,19071,3
13173,19082,4
13173,19085,4
13173,19092,2
13173,19093,4
13173,19099,1
13173,19120,2
13173,19148,3
13173,19164,5
13173,19166,3
13173,19171,10
13173,19177,2
13173,19178,58
13173,19179,10.5
13173,19187,4
13174,18785,4
13174,18786,4
13174,18811,3
13174,18816,2
13174,18830,3
13174,18848,2
13174,18851,1
13174,18853,1
13174,18863,4
13174,18872,3
13174,18903,2.5
13174,18920,2
13174,18926,3
13174,18947,3
13174,18973,2
13174,18993,10.5
13174,18997,1
13174,19009,4
13174,19012,1
13174,19022,11
13174,19023,2
13174,19038,2
13174,19052,5
13174,19066,4
13174,19067,2
13174,19068,1
13174,19078,2
13174,19079,2
13174,19083,1
13174,19092,7
13174,19093,2
13174,19132,1
13174,19166,2
13174,19178,31
13175,18782,6
13175,18785,1
13175,18841,3
13175,18848,1
13175,18852,1
13175,18859,4
13175,18867,2
13175,18880,1
13175,18883,6
13175,18884,5.5
13175,18908,7
13175,18922,2
13175,18923,3
13175,18926,1
13175,18947,7
13175,18965,3
13175,18970,1
13175,18976,2
13175,18977,3
13175,18982,3.5
13175,18986,2
13175,18993,5
13175,19009,1
13175,19018,9
13175,19019,8
13175,19025,5
13175,19035,2
13175,19043,10
13175,19044,18
13175,19045,10
13175,19048,2
13175,19052,3
13175,19056,3
13175,19067,4.5
13175,19078,4
13175,19079,7
13175,19142,3
13175,19165,1
13175,19166,4
13175,19168,2
13175,19175,3
13175,19176,6
13175,19189,1
13175,19190,1
13176,18782,3
13176,18837,2
13176,18842,5
13176,18843,4.5
13176,18858,1
13176,18876,1
13176,18877,4
13176,18881,3
13176,18897,1
13176,18908,2
13176,18935,1
13176,18937,4
13176,18963,4
13176,18965,2
13176,18966,3
13176,18976,1
13176,18989,4
13176,18997,1
13176,19001,4
13176,19018,3
13176,19019,5.5
13176,19039,3
13176,19041,5.5
13176,19042,15.5
13176,19043,2
13176,19045,4
13176,19048,4
13176,19049,1
13176,19052,7
13176,19067,10
13176,19068,14
13176,19079,8
13176,19080,2
13176,19081,5
13176,19082,2
13176,19130,2
13176,19138,5
13176,19167,1
13176,19176,2
13176,19178,6
13176,19179,2
13176,19181,17
13176,19182,4
13176,19185,2
13177,18782,1
13177,18791,2
13177,18817,1
13177,18820,2
13177,18836,2
13177,18839,2
13177,18855,6
13177,18864,2
13177,18870,1
13177,18872,4
13177,18904,8
13177,18922,2
13177,18924,2
13177,18950,3
13177,18980,1
13177,18981,4
13177,19024,2
13177,19036,2
13177,19038,2
13177,19041,24.5
13177,19068,16
13177,19070,2
13177,19081,11
13177,19089,2
13177,19104,2
13177,19105,3
13177,19109,4
13177,19152,2
13177,19164,5
13177,19175,1
13177,19177,8
13177,19178,7
13177,19183,7
13177,19186,4
13177,19190,1
13178,18790,1
13178,18821,2
13178,18835,2
13178,18853,2
13178,18858,2
13178,18867,5
13178,18869,2
13178,18877,1
13178,18878,2
13178,18884,2
13178,18886,1
13178,18895,1
13178,18908,2
13178,18923,3
13178,18948,4
13178,18952,5
13178,18954,3
13178,18959,3
13178,18975,3
13178,18982,1
13178,18986,3
13178,18994,1
13178,18995,1
13178,19014,1
13178,19036,3
13178,19040,8
13178,19041,68.5
13178,19042,46
13178,19045,7
13178,19046,10
13178,19047,4
13178,19063,7
13178,19064,8
13178,19065,10
13178,19066,11
13178,19068,6
13178,19080,11
13178,19081,10
13178,19125,1
13178,19129,2
13178,19133,2
13178,19153,3
13178,19164,1
13178,19170,4
13178,19173,4
13178,19174,2
13178,19187,2
13178,19188,12
13178,19189,4
13179,18788,2
13179,18789,1
13179,18833,1
13179,18835,1
13179,18850,2
13179,18853,1
13179,18895,2
13179,18931,3
13179,18941,2
13179,18946,4
13179,18988,1
13179,18990,2
13179,19015,1
13179,19036,10
13179,19037,2
13179,19041,8.5
13179,19042,30
13179,19043,9
13179,19044,20
13179,19045,26
13179,19046,2
13179,19047,16
13179,19049,5
13179,19062,3
13179,19063,1.5
13179,19064,10
13179,19065,6
13179,19068,4
13179,19077,2
13179,19080,6
13179,19081,16
13179,19082,12.5
13179,19086,2
13179,19156,3
13179,19163,7
13179,19164,5
13179,19165,3
13179,19168,4
13179,19169,8
13179,19170,5
13179,19171,5
13179,19189,2
13180,18776,5
13180,18783,2
13180,18826,6
13180,18831,1
13180,18832,2
13180,18835,3
13180,18836,2
13180,18844,3
13180,18855,1
13180,18869,2
13180,18915,3
13180,18941,2
13180,18953,2
13180,18987,3
13180,18989,6
13180,18995,7
13180,19010,7
13180,19014,2
13180,19022,6
13180,19023,1
13180,19039,2
13180,19040,16
13180,19041,13
13180,19042,38
13180,19043,51
13180,19044,12.5
13180,19045,37
13180,19046,22
13180,19047,31
13180,19049,3
13180,19059,3
13180,19071,2
13180,19074,5
13180,19075,2
13180,19076,2
13180,19077,10
13180,19081,8
13180,19082,78
13180,19083,26
13180,19084,2
13180,19092,1
13180,19110,1
13180,19117,2
13180,19121,2
13180,19163,18
13180,19165,3
13180,19168,5
13180,19169,5
13180,19174,2
13180,19182,3
13181,18775,9
13181,18784,2
13181,18816,2
13181,18843,1
13181,18853,1
13181,18865,1
13181,18868,2
13181,18873,2
13181,18878,2
13181,18916,3
13181,18919,4
13181,18924,1
13181,18937,2
13181,18966,3
13181,18969,3
13181,18973,2
13181,18974,2
13181,18979,5
13181,19015,6
13181,19030,11
13181,19035,3
13181,19042,4
13181,19047,4
13181,19048,10
13181,19049,2.5
13181,19059,1
13181,19072,2
13181,19077,7
13181,19081,2
13181,19082,99.5
13181,19083,16
13181,19084,4
13181,19092,2
13181,19098,4
13181,19161,3
13181,19162,6
13181,19163,2
13181,19164,9
13181,19166,3
13181,19171,1
13181,19174,3
13182,18775,1
13182,18776,12
13182,18781,2
13182,18816,3
13182,18822,3
13182,18852,2
13182,18854,2
13182,18861,1
13182,18862,4
13182,18871,2
13182,18910,4
13182,18920,2
13182,18956,1
13182,18973,1
13182,18974,1
13182,18979,7
13182,19014,2
13182,19015,3
13182,19021,5
13182,19039,18
13182,19040,15
13182,19041,18
13182,19042,3
13182,19043,21.5
13182,19044,29
13182,19051,4
13182,19054,3
13182,19063,4
13182,19079,4
13182,19082,7
13182,19083,8
13182,19084,2
13182,19085,1
13182,19131,4
13182,19161,2
13183,18776,3
13183,18816,1
13183,18817,2
13183,18819,2
13183,18823,1
13183,18826,2
13183,18854,2
13183,18861,1
13183,18862,2
13183,18863,3
13183,18868,2
13183,18874,2
13183,18880,4.5
13183,18882,3
13183,18906,4
13183,18929,2
13183,18966,2
13183,18979,4
13183,18990,2
13183,18991,1
13183,19010,5
13183,19020,2
13183,19039,24.5
13183,19040,79
13183,19041,37
13183,19042,12
13183,19043,2
13183,19044,30
13183,19054,1
13183,19055,2
13183,19079,1
13183,19083,1
13183,19084,7
13183,19157,9
13183,19158,23
13183,19159,14
13183,19160,1
13183,19161,3
13183,19163,8
13183,19180,4
13184,18779,1
13184,18780,9
13184,18843,4
13184,18844,3
13184,18848,1
13184,18863,2
13184,18864,2
13184,18870,3
13184,18871,4
13184,18872,1
13184,18880,2
13184,18881,7
13184,18931,4
13184,18932,5
13184,18933,2
13184,18936,1
13184,18962,1
13184,18989,7
13184,19010,1
13184,19028,5
13184,19031,7
13184,19039,14
13184,19040,90
13184,19041,11
13184,19042,22
13184,19043,7
13184,19047,3
13184,19049,2
13184,19056,13
13184,19084,8
13184,19085,1
13184,19107,3
13184,19109,3
13184,19117,1
13184,19119,1
13184,19135,1
13184,19158,4
13184,19159,3
13184,19160,13
13184,19161,12
13184,19163,7
13184,19165,3
13184,19172,1
13184,19175,4
13185,18776,6
13185,18779,4
13185,18780,9
13185,18781,16
13185,18782,8
13185,18785,2
13185,18837,2
13185,18838,5
13185,18846,1
13185,18847,2
13185,18858,2
13185,18861,2
13185,18862,13
13185,18870,2
13185,18879,5
13185,18883,2
13185,18895,2
13185,18910,3
13185,18912,2
13185,18914,1
13185,18929,3
13185,18930,1
13185,18963,3
13185,18980,4
13185,19013,7
13185,19040,43
13185,19041,11
13185,19043,21
13185,19044,19
13185,19050,2
13185,19160,5
13185,19164,3
13185,19170,7
13185,19172,12
13185,19173,14.5
13185,19174,6
13186,18765,2
13186,18776,1
13186,18777,10
13186,18779,12
13186,18780,1
13186,18786,4
13186,18787,3
13186,18789,4
13186,18836,2
13186,18852,3
13186,18861,6
13186,18862,4
13186,18868,4
13186,18869,1
13186,18883,3
13186,18908,4
13186,18909,2
13186,18916,1
13186,18925,2
13186,18926,2
13186,18935,1
13186,18936,3
13186,18952,2
13186,18979,2
13186,18980,7
13186,18988,1
13186,19026,4
13186,19027,1
13186,19036,2
13186,19044,16
13186,19047,1
13186,19121,3
13186,19122,4
13186,19123,4
13186,19132,2
13186,19139,3
13186,19140,2
13186,19170,3
13186,19172,6
13187,18774,35
13187,18776,8
13187,18777,12.5
13187,18778,32
13187,18779,20
13187,18781,2
13187,18784,3
13187,18785,3
13187,18786,2
13187,18789,2
13187,18831,1
13187,18836,2
13187,18850,2
13187,18860,14
13187,18861,1
13187,18862,4
13187,18882,2
13187,18886,4
13187,18912,7
13187,18913,4
13187,18914,9
13187,18915,4
13187,18919,2
13187,18931,2
13187,18934,3
13187,18939,2
13187,18941,2
13187,18945,3
13187,18953,1
13187,18980,3
13187,18986,1
13187,19012,7
13187,19026,1
13187,19027,4
13187,19036,1
13187,19044,5
13187,19048,2
13187,19056,4
13187,19122,6
13187,19129,2
13187,19155,2
13187,19159,2
13187,19170,1
13187,19171,12
13187,19177,2
13187,19178,1
13188,18774,67.5
13188,18775,19
13188,18776,4
13188,18777,23
13188,18778,16
13188,18779,20
13188,18780,9
13188,18781,13
13188,18782,8
13188,18783,17
13188,18784,4
13188,18811,1
13188,18827,1
13188,18831,1
13188,18845,1
13188,18851,6
13188,18857,5
13188,18858,8
13188,18859,11
13188,18860,9
13188,18866,3
13188,18870,2
13188,18881,1
13188,18912,12
13188,18913,18
13188,18914,9
13188,18945,1
13188,18988,2
13188,19012,7
13188,19015,2
13188,19016,9
13188,19035,6
13188,19056,1
13188,19091,6
13188,19100,2
13188,19108,4
13188,19120,2
13188,19122,9
13188,19123,7
13188,19134,1
13188,19171,2
13188,19176,5
13189,18773,5
13189,18774,27
13189,18775,7
13189,18776,10
13189,18777,9
13189,18778,9
13189,18779,2
13189,18780,12.5
13189,18781,7
13189,18827,2
13189,18844,3
13189,18850,1
13189,18852,2
13189,18853,35
13189,18854,9
13189,18856,4
13189,18857,22
13189,18858,10
13189,18859,1
13189,18861,3
13189,18877,1
13189,18879,4
13189,18885,2
13189,18897,2
13189,18911,1
13189,18913,2
13189,18915,1
13189,18923,3
13189,18927,3
13189,18940,2
13189,18944,2
13189,18960,3
13189,18973,5
13189,18975,2
13189,19009,2
13189,19014,3
13189,19015,2
13189,19016,1
13189,19033,1
13189,19043,4
13189,19047,4
13189,19051,3
13189,19052,4
13189,19122,2
13189,19123,7
13189,19171,1
13189,19177,2
13189,19178,2
13189,19179,3
13190,18764,4
13190,18774,2
13190,18775,2
13190,18776,2
13190,18778,2
13190,18779,10
13190,18780,12
13190,18781,2
13190,18785,3
13190,18810,2
13190,18825,4
13190,18826,2
13190,18845,3
13190,18848,1
13190,18850,1
13190,18851,7
13190,18852,15
13190,18853,21
13190,18854,12
13190,18856,4
13190,18857,53
13190,18858,29
13190,18859,1
13190,18868,2
13190,18869,1
13190,18870,3
13190,18873,6
13190,18877,2
13190,18878,9
13190,18879,2
13190,18883,2.5
13190,18899,8
13190,18900,3
13190,18909,2
13190,18910,1
13190,18911,2
13190,18914,2
13190,18915,3
13190,18920,1
13190,18930,1
13190,18936,4
13190,18937,1.5
13190,18954,4
13190,18955,4
13190,18978,4
13190,18987,3
13190,19008,4
13190,19010,5
13190,19030,4
13190,19033,5
13190,19042,6
13190,19053,3
13190,19123,1
13190,19124,3
13190,19181,2
13190,19183,2
13191,18774,1
13191,18775,5
13191,18778,3
13191,18779,4
13191,18781,3
13191,18809,2
13191,18824,6
13191,18830,2
13191,18831,3
13191,18837,1
13191,18839,1
13191,18844,4
13191,18847,3
13191,18850,3
13191,18852,4
13191,18853,29
13191,18854,29
13191,18855,40.5
13191,18856,19
13191,18857,59
13191,18858,17
13191,18859,1
13191,18869,3
13191,18875,1
13191,18879,2
13191,18901,2
13191,18905,2
13191,18907,3
13191,18908,3
13191,18909,4
13191,18910,2
13191,18920,1
13191,18939,2
13191,18978,2
13191,18987,3
13191,18988,2
13191,19010,1
13191,19029,4
13191,19030,1
13191,19043,1
13191,19073,1
13191,19085,5
13191,19089,2
13191,19123,1
13191,19154,5
13191,19160,2
13191,19164,1
13191,19172,1
13191,19176,4
13191,19177,1
13192,18764,2
13192,18771,9
13192,18775,12.5
13192,18779,4
13192,18841,4
13192,18844,1
13192,18852,13
13192,18853,28
13192,18854,20
13192,18855,9
13192,18856,6
13192,18857,23
13192,18858,5
13192,18859,2
13192,18901,3
13192,18929,2
13192,18934,2
13192,18940,11
13192,18949,1
13192,18954,3
13192,18962,4
13192,18968,2
13192,18974,1
13192,18982,4
13192,18983,1
13192,19009,3
13192,19025,7
13192,19048,1
13192,19123,2
13192,19125,3
13192,19133,2
13192,19137,1
13193,18764,4
13193,18765,4
13193,18767,3
13193,18768,2
13193,18771,9
13193,18772,11
13193,18773,10
13193,18774,5
13193,18775,3
13193,18778,2
13193,18779,17.5
13193,18780,4
13193,18789,1
13193,18795,12
13193,18796,1
13193,18813,5
13193,18828,4
13193,18844,2
13193,18845,1
13193,18851,3
13193,18852,10
13193,18853,12
13193,18854,14
13193,18855,7
13193,18856,6
13193,18857,15.5
13193,18858,3
13193,18859,2
13193,18869,4
13193,18877,2
13193,18903,5
13193,18916,1
13193,18937,6
13193,18939,2
13193,18940,53
13193,18941,6
13193,18944,3
13193,18962,3
13193,18987,3
13193,19001,1
13193,19029,3
13193,19084,2
13193,19130,4
13193,19137,2
13194,18772,6
13194,18773,1
13194,18774,3
13194,18775,5.5
13194,18776,1
13194,18779,3
13194,18780,12
13194,18784,3
13194,18788,2
13194,18789,7
13194,18794,8
13194,18795,4
13194,18796,3
13194,18829,1
13194,18830,2
13194,18842,2
13194,18844,4
13194,18849,1
13194,18851,2
13194,18857,15
13194,18858,11
13194,18859,1
13194,18860,6
13194,18861,2
13194,18871,2
13194,18900,3
13194,18902,1
13194,18938,3
13194,18939,17
13194,18940,10
13194,18941,17
13194,18976,2
13194,18987,2
13194,19006,4
13194,19032,2
13194,19125,2
13194,19129,8
13194,19130,1
13194,19131,6
13194,19132,3
13194,19171,1
13195,18774,2
13195,18776,6
13195,18780,8
13195,18781,9
13195,18782,3
13195,18794,8
13195,18797,4
13195,18826,1
13195,18828,2
13195,18830,2
13195,18833,3
13195,18850,2
13195,18854,1
13195,18856,5
13195,18857,10
13195,18858,8
13195,18859,2
13195,18861,5
13195,18900,2
13195,18901,5
13195,18902,5
13195,18910,4
13195,18920,4
13195,18926,1
13195,18935,2
13195,18936,5
13195,18941,12
13195,18942,6
13195,18943,4
13195,18947,2
13195,18949,2
13195,18956,1
13195,18970,4
13195,18987,1
13195,19008,2
13195,19028,7
13195,19030,1
13195,19031,2
13195,19032,3
13195,19082,2
13195,19127,1
13195,19129,4
13195,19130,11
13195,19131,28
13195,19132,1
13195,19134,3
13195,19144,12
13195,19157,3
13195,19165,2
13195,19168,1
13196,18773,1
13196,18780,2
13196,18782,11
13196,18792,2
13196,18797,2
13196,18811,4
13196,18826,5
13196,18827,1
13196,18832,4
13196,18833,2
13196,18835,3
13196,18843,1
13196,18849,1
13196,18851,3
13196,18858,4
13196,18869,3
13196,18870,3
13196,18896,2
13196,18897,1
13196,18898,2
13196,18900,5
13196,18901,6
13196,18904,1
13196,18914,2
13196,18924,1
13196,18933,3
13196,18938,1
13196,18942,1
13196,18943,2
13196,18970,5
13196,19003,3
13196,19006,2
13196,19010,1
13196,19026,3
13196,19027,20
13196,19029,1
13196,19032,1
13196,19039,2
13196,19041,2
13196,19047,1
13196,19050,4
13196,19067,2
13196,19085,1
13196,19096,2
13196,19119,2
13196,19123,2
13196,19134,2
13196,19144,2
13196,19145,5
13196,19170,5
13197,18778,1
13197,18780,1.5
13197,18785,4
13197,18794,3
13197,18830,6
13197,18831,1
13197,18834,4
13197,18841,1
13197,18855,3
13197,18863,3
13197,18866,1
13197,18870,2
13197,18894,1
13197,18895,1
13197,18896,2
13197,18897,11
13197,18898,1
13197,18899,12
13197,18900,2
13197,18901,6
13197,18925,8
13197,18937,1
13197,18943,8
13197,18961,4
13197,18979,5
13197,18980,1
13197,18983,5
13197,18984,1
13197,19006,4
13197,19014,2
13197,19021,1
13197,19022,1
13197,19023,9
13197,19024,41
13197,19025,10
13197,19026,5
13197,19027,1
13197,19028,2
13197,19047,3
13197,19048,4
13197,19050,3
13197,19090,2
13197,19136,7
13197,19146,1
13197,19176,1
13197,19177,5
13198,18779,2
13198,18785,7
13198,18786,24
13198,18787,8
13198,18829,1
13198,18830,3
13198,18831,1
13198,18838,1
13198,18842,3
13198,18846,2
13198,18855,2
13198,18895,1
13198,18896,7
13198,18899,7
13198,18901,2
13198,18936,5
13198,18944,11
13198,18953,1
13198,18954,5
13198,18970,2
13198,19002,2
13198,19005,23
13198,19006,1
13198,19007,2
13198,19013,2
13198,19022,49
13198,19023,59.5
13198,19024,20
13198,19025,43
13198,19026,6
13198,19139,5
13198,19164,1
13198,19175,3
13199,18771,1
13199,18776,2
13199,18778,1
13199,18785,1
13199,18786,8
13199,18787,2
13199,18828,1
13199,18829,3
13199,18830,2
13199,18842,2
13199,18854,3
13199,18855,3
13199,18865,5
13199,18866,1
13199,18885,1
13199,18894,3
13199,18895,3
13199,18912,2
13199,18921,3
13199,18933,3
13199,18934,2
13199,18936,12
13199,18937,4
13199,18944,6
13199,18946,2
13199,18947,6
13199,18948,1
13199,18965,5
13199,19000,2
13199,19003,5.5
13199,19005,8
13199,19006,37
13199,19007,5
13199,19013,4
13199,19015,1
13199,19016,11
13199,19017,8
13199,19018,1
13199,19021,25
13199,19022,37
13199,19023,23
13199,19024,11
13199,19025,2
13199,19026,11
13199,19027,8
13199,19028,1
13199,19033,2
13199,19037,4
13199,19041,2
13199,19042,3
13199,19084,4
13199,19123,2
13199,19133,2
13199,19144,6
13199,19157,3
13200,18771,4.5
13200,18827,4
13200,18833,3
13200,18849,2
13200,18852,1
13200,18853,2
13200,18854,3
13200,18856,7
13200,18861,1
13200,18912,3
13200,18916,6
13200,18922,4
13200,18931,4
13200,18945,2
13200,18953,2
13200,18973,4.5
13200,19001,3
13200,19002,6
13200,19004,8
13200,19005,22
13200,19006,28
13200,19007,23
13200,19015,15
13200,19016,4
13200,19021,11
13200,19022,67.5
13200,19023,20
13200,19035,8
13200,19042,4
13200,19088,23
13200,19092,6
13200,19127,2
13200,19141,2
13200,19142,2
13201,18769,12
13201,18770,30
13201,18771,5
13201,18778,2
13201,18829,3
13201,18833,4
13201,18843,1
13201,18851,3
13201,18852,2
13201,18913,3
13201,18927,3
13201,18935,2
13201,18943,1
13201,18944,3
13201,18960,5
13201,18982,4
13201,19005,13
13201,19006,6
13201,19007,9
13201,19008,2
13201,19020,12
13201,19021,6
13201,19022,85
13201,19023,45.5
13201,19024,15
13201,19064,2
13201,19065,4
13201,19087,13
13201,19088,50
13201,19089,29
13201,19090,11
13201,19092,2
13201,19093,2
13201,19097,3
13201,19129,2
13201,19153,4
13201,19172,3
13202,18769,38
13202,18770,21
13202,18771,6
13202,18833,3
13202,18844,1
13202,18867,4
13202,18892,3
13202,18935,2
13202,18940,6
13202,18947,2
13202,18966,1
13202,18972,7
13202,18973,19
13202,18974,21
13202,18983,1
13202,19006,8
13202,19018,4
13202,19020,20.5
13202,19022,30
13202,19023,44.5
13202,19024,12
13202,19025,9
13202,19027,2
13202,19035,2
13202,19073,1
13202,19086,4
13202,19087,43
13202,19088,43
13202,19089,38
13202,19090,18
13202,19091,1
13202,19093,1
13202,19125,4
13202,19157,3
13203,18769,27
13203,18770,8
13203,18771,3
13203,18772,9
13203,18773,6
13203,18774,1
13203,18833,3
13203,18872,2
13203,18896,1
13203,18915,2
13203,18947,5
13203,18949,2
13203,18953,2
13203,18973,4
13203,18974,2.5
13203,18981,2
13203,18983,2
13203,18987,1
13203,19000,5
13203,19001,1
13203,19006,2
13203,19019,6
13203,19020,6
13203,19023,2
13203,19088,6
13203,19089,6
13203,19125,2
13203,19150,2
13203,19175,3
13204,18769,45
13204,18770,5
13204,18771,3
13204,18772,7.5
13204,18851,4
13204,18858,1
13204,18901,1
13204,18921,8
13204,18929,3
13204,18942,2
13204,18945,4
13204,18965,6
13204,18967,4
13204,18968,10
13204,18969,8
13204,18970,6
13204,18972,4
13204,18973,5
13204,18974,1
13204,18999,1
13204,19001,4
13204,19003,2
13204,19006,2
13204,19019,1
13204,19021,2
13204,19022,4
13204,19025,12.5
13204,19026,5
13204,19042,3
13204,19063,1
13204,19090,6
13204,19091,3
13204,19100,2
13204,19130,1
13204,19147,2
13205,18768,2
13205,18770,21
13205,18776,2
13205,18851,11
13205,18857,1
13205,18949,2
13205,18966,6
13205,18967,6
13205,18968,12.5
13205,18969,17
13205,18970,2
13205,18971,7
13205,18972,17
13205,18973,1
13205,18974,2
13205,18975,1
13205,19017,2
13205,19025,6
13205,19026,7
13205,19034,2
13205,19037,9
13205,19038,1
13205,19039,9
13205,19063,3
13205,19090,6
13205,19091,2
13205,19099,4
13205,19100,4
13205,19101,2
13205,19131,1.5
13205,19144,5
13205,19164,2
13206,18773,2
13206,18851,5
13206,18852,5
13206,18853,3
13206,18888,2
13206,18931,6
13206,18937,1
13206,18940,2
13206,18948,2
13206,18949,7
13206,18951,4
13206,18953,4
13206,18957,1
13206,18969,14
13206,18970,6
13206,18971,4
13206,18972,4
13206,19036,1
13206,19037,6
13206,19038,4
13206,19039,2
13206,19052,1
13206,19053,2
13206,19059,2
13206,19096,1
13206,19099,1
13206,19100,6
13206,19144,2
13206,19156,1
13206,19165,7
13206,19171,1
13207,18773,4
13207,18774,3
13207,18775,2
13207,18776,1
13207,18819,7
13207,18821,18
13207,18852,3
13207,18889,2
13207,18900,2
13207,18901,1
13207,18937,1
13207,18948,3
13207,18949,2
13207,18954,1
13207,18969,2
13207,18970,7
13207,18971,4
13207,18976,2
13207,18977,1
13207,18999,2
13207,19038,3
13207,19047,2
13207,19059,2
13207,19084,2
13207,19100,7
13207,19155,2
13208,18772,4
13208,18774,4
13208,18820,4
13208,18850,3
13208,18870,2
13208,18888,2
13208,18891,2
13208,18896,4
13208,18898,7
13208,18899,1
13208,18901,6
13208,18902,2
13208,18907,3
13208,18908,2
13208,18926,2
13208,18927,1
13208,18931,2
13208,18932,3
13208,18940,1
13208,18950,2
13208,18969,1
13208,18999,1
13208,19000,1
13208,19018,2
13208,19028,3
13208,19039,2
13208,19060,1
13208,19061,5
13208,19062,1
13208,19068,2
13208,19069,5
13208,19084,5
13208,19091,7
13208,19146,4
13208,19149,4
13208,19171,4
13209,18773,1
13209,18850,2
13209,18880,2
13209,18885,1
13209,18900,2
13209,18904,2
13209,18965,1
13209,18968,2
13209,18969,2
13209,18998,4
13209,19013,1
13209,19018,6
13209,19036,5
13209,19037,7
13209,19059,8
13209,19061,9
13209,19062,3
13209,19085,2
13209,19086,1
13209,19090,2
13209,19091,6
13209,19100,4
13209,19166,2
13210,18875,3
13210,18876,3
13210,18884,4
13210,18885,1
13210,18886,1
13210,18891,3
13210,18892,3
13210,18930,2
13210,18942,1
13210,18964,3
13210,18974,1
13210,18987,2
13210,19016,4
13210,19042,9
13210,19043,24.5
13210,19056,6
13210,19063,16
13210,19071,1
13210,19082,3
13210,19090,5
13210,19094,2
13210,19154,2
13210,19155,3
13210,19156,1
13210,19164,2
13210,19168,1
13211,18779,1
13211,18794,1
13211,18795,3
13211,18796,7
13211,18815,13
13211,18854,2
13211,18884,4
13211,18930,5
13211,18934,2
13211,18958,10
13211,18996,3
13211,18997,6
13211,19015,2
13211,19016,5
13211,19017,6
13211,19018,4
13211,19024,3
13211,19042,12
13211,19043,21
13211,19052,2
13211,19071,12
13211,19081,1
13211,19082,8
13211,19084,10
13211,19090,1
13211,19093,2
13211,19157,2
13211,19159,4
13211,19161,4
13211,19168,1
13212,18849,1
13212,18851,1
13212,18881,5
13212,18885,3
13212,18886,1
13212,18947,1
13212,18948,2
13212,18954,4
13212,18957,4
13212,18958,2
13212,18968,2
13212,19017,14
13212,19018,10
13212,19022,3
13212,19023,2
13212,19033,4
13212,19043,12
13212,19044,38
13212,19050,1
13212,19069,2
13212,19080,2
13212,19081,10
13212,19082,6
13212,19083,2
13212,19084,10
13212,19085,16
13212,19092,3.5
13212,19160,1
13212,19161,4
13212,19164,4
13213,18773,1
13213,18782,1
13213,18882,1
13213,18886,6.5
13213,18899,2
13213,18938,2
13213,18948,11
13213,18950,2
13213,18952,1
13213,18953,2
13213,18954,1
13213,18958,1
13213,18966,2
13213,18978,3
13213,18988,2
13213,18991,5
13213,18992,10
13213,19011,1
13213,19012,1
13213,19018,2
13213,19025,1
13213,19034,1
13213,19037,2
13213,19042,9
13213,19043,33
13213,19044,29
13213,19045,1
13213,19069,8
13213,19070,3
13213,19084,4
13213,19085,2
13213,19089,4
13213,19092,3
13213,19093,2
13213,19153,5
13213,19154,1
13213,19157,1
13213,19158,3
13213,19159,3
13213,19160,2
13214,18774,2
13214,18814,1
13214,18874,4
13214,18903,3
13214,18910,2
13214,18919,1
13214,18920,1
13214,18929,2
13214,18947,2
13214,18948,2
13214,18950,4
13214,18951,2
13214,18952,2
13214,18968,2
13214,18969,1
13214,18972,4
13214,18974,3
13214,18991,13
13214,18992,43
13214,18993,4
13214,19028,2
13214,19043,11
13214,19044,5
13214,19045,37
13214,19076,1
13214,19077,2
13214,19078,11
13214,19079,4
13214,19080,14
13214,19081,3
13214,19091,3
13214,19093,2
13214,19158,3
13214,19169,2
13215,18775,1
13215,18814,13
13215,18882,4
13215,18883,3
13215,18903,1
13215,18906,2
13215,18914,9
13215,18915,1
13215,18937,9
13215,18948,23
13215,18949,5
13215,18950,3
13215,18968,1
13215,18969,1
13215,18970,10
13215,18971,5
13215,18973,1
13215,18975,2
13215,18990,1
13215,18991,2
13215,18992,1
13215,19038,9
13215,19045,6
13215,19075,2
13215,19076,1
13215,19077,12
13215,19078,1
13215,19089,3
13215,19155,5
13215,19169,3
13216,18797,1
13216,18812,4
13216,18849,1
13216,18881,1
13216,18882,5
13216,18883,1
13216,18885,3
13216,18886,2
13216,18888,1
13216,18889,3
13216,18890,1
13216,18891,3
13216,18895,5
13216,18897,1
13216,18918,2
13216,18945,6
13216,18946,1
13216,18967,11
13216,18968,30
13216,18969,28
13216,18970,8
13216,18971,18
13216,18972,2
13216,18973,1
13216,18975,8
13216,18990,3
13216,19033,1
13216,19075,3
13216,19076,7
13216,19078,2
13216,19080,2
13216,19081,2
13216,19082,2
13216,19087,1
13216,19144,3
13216,19145,3
13216,19155,2
13216,19162,2
13217,18808,3
13217,18812,7
13217,18813,4
13217,18848,3
13217,18879,10
13217,18884,2
13217,18889,8
13217,18890,8
13217,18892,19
13217,18893,35
13217,18894,2
13217,18897,1
13217,18901,2
13217,18936,10
13217,18967,1
13217,18968,11
13217,18969,22
13217,18970,14
13217,18975,3
13217,19048,2
13217,19073,1
13217,19074,7
13217,19075,8
13217,19076,2
13217,19078,1
13217,19155,1
13217,19156,1
13217,19163,1
13218,18768,2
13218,18777,2
13218,18793,2
13218,18795,2
13218,18796,3
13218,18808,52
13218,18809,36
13218,18810,2
13218,18811,7
13218,18812,4
13218,18813,13.5
13218,18847,5
13218,18848,3
13218,18885,2
13218,18888,6
13218,18889,22
13218,18892,6
13218,18893,28
13218,18894,5
13218,18902,2
13218,18921,9
13218,18933,1
13218,18934,1
13218,18968,5
13218,18969,4
13218,18971,1
13218,18972,2
13218,19024,6
13218,19031,5
13218,19032,2
13218,19047,1
13218,19074,1
13218,19075,3
13218,19162,3
13219,18767,10
13219,18768,4
13219,18770,4
13219,18771,1
13219,18776,1
13219,18781,2
13219,18798,4
13219,18803,1
13219,18805,2
13219,18806,6
13219,18807,1
13219,18808,13
13219,18809,46
13219,18810,23
13219,18811,61
13219,18812,8
13219,18813,3
13219,18814,8
13219,18825,3
13219,18847,1
13219,18848,2
13219,18890,2
13219,18892,22
13219,18893,1
13219,18894,10
13219,18896,6
13219,18921,3
13219,18923,1
13219,18924,1
13219,18933,1
13219,18946,5
13219,18948,1
13219,18960,4
13219,18969,1
13219,18970,3
13219,18972,3
13219,18974,3
13219,18982,1
13219,18989,2
13219,19016,3
13219,19018,4
13219,19023,1
13219,19030,2
13219,19031,3
13219,19074,12
13219,19076,2
13219,19090,2
13219,19091,4
13219,19092,3
13219,19093,2
13219,19143,3
13220,18768,10
13220,18769,6
13220,18770,6
13220,18784,8
13220,18801,6
13220,18802,5
13220,18803,7
13220,18804,6
13220,18805,9
13220,18806,1
13220,18808,9
13220,18809,2
13220,18810,4
13220,18811,9
13220,18812,7
13220,18856,2
13220,18871,3
13220,18873,8
13220,18874,2
13220,18882,2
13220,18888,5
13220,18890,1
13220,18895,2
13220,18897,1
13220,18904,2
13220,18920,1
13220,18921,13
13220,18922,6
13220,18923,7
13220,18936,3.5
13220,18946,13
13220,18947,1
13220,18960,3
13220,18969,3
13220,18970,6
13220,18975,6
13220,18976,4
13220,18982,3
13220,19031,6
13220,19039,4
13220,19154,2
13220,19157,2
13220,19166,7
13221,18768,6.5
13221,18769,10
13221,18770,5
13221,18788,1
13221,18801,3
13221,18802,2
13221,18803,3
13221,18804,5
13221,18805,2
13221,18806,4
13221,18808,1
13221,18809,5
13221,18810,13
13221,18811,2
13221,18848,4
13221,18872,11
13221,18885,2
13221,18886,10
13221,18887,2
13221,18894,2
13221,18910,2
13221,18921,4
13221,18922,7
13221,18923,2
13221,18932,1
13221,18934,2
13221,18944,1
13221,18946,2
13221,19082,3
13221,19156,2
13221,19158,1
13221,19160,4
13222,18770,5
13222,18791,1
13222,18793,3
13222,18798,1
13222,18800,2
13222,18801,3
13222,18803,3
13222,18806,2
13222,18810,1
13222,18849,4
13222,18872,3
13222,18873,6
13222,18875,3
13222,18876,3
13222,18888,2
13222,18902,1
13222,18922,1
13222,18923,2
13222,18933,2
13222,18944,1
13222,18960,2
13222,18963,4
13222,18964,1
13222,18965,7
13222,18966,2
13222,18972,6
13222,19029,3
13222,19158,3
13222,19159,7
13222,19160,1
13222,19171,4
13222,19172,3
13223,18793,5
13223,18796,2
13223,18798,11
13223,18799,15
13223,18800,1
13223,18805,5
13223,18806,7
13223,18811,2
13223,18873,8
13223,18874,3.5
13223,18885,4
13223,18889,1
13223,18919,2
13223,18922,2
13223,18923,2
13223,18940,2
13223,18941,5
13223,18942,1
13223,18970,2
13223,18986,6
13223,19040,4
13223,19159,4
13223,19160,4
13223,19165,3
13223,19166,4
13223,19170,2
13223,19171,2
13224,18794,6
13224,18795,19
13224,18796,31
13224,18797,4
13224,18798,18
13224,18809,5
13224,18810,4
13224,18873,7
13224,18874,3
13224,18875,6
13224,18884,3
13224,18940,4
13224,18951,1
13224,18970,4
13224,19028,3
13224,19037,2
13224,19038,3
13224,19040,1
13224,19041,4
13224,19043,2
13224,19159,13
13224,19160,3
13224,19169,2
13224,19170,2
13225,18789,1
13225,18792,6
13225,18793,4
13225,18794,8
13225,18795,2
13225,18797,6
13225,18807,4
13225,18809,4
13225,18810,7
13225,18875,3
13225,18877,4
13225,18888,2
13225,18889,2
13225,18899,1
13225,18935,1
13225,18936,5
13225,18940,1
13225,18941,1
13225,18942,2
13225,19158,2
13225,19159,10
13225,19160,7
13225,19161,18
13225,19162,30.5
13225,19163,2
13225,19164,14
13225,19165,12
13225,19166,7
13226,18778,8
13226,18789,5
13226,18791,8
13226,18793,4
13226,18794,4
13226,18798,1
13226,18811,4
13226,18852,5
13226,18876,2
13226,18878,2
13226,18913,1
13226,18926,2
13226,18933,1
13226,18936,1
13226,18940,2
13226,18941,1
13226,18950,2
13226,18951,5
13226,18952,1
13226,18963,4
13226,18965,1
13226,19035,9
13226,19158,5
13226,19159,5
13226,19161,4
13226,19162,9
13226,19163,29
13226,19164,31
13226,19165,4
13226,19167,5
13227,18777,2
13227,18778,3
13227,18791,3
13227,18792,7
13227,18804,1
13227,18808,1
13227,18809,2
13227,18811,2
13227,18851,1
13227,18852,2
13227,18855,1
13227,18933,5
13227,18934,1
13227,18935,5
13227,18939,2
13227,18965,1
13227,18984,3
13227,19163,11
13227,19164,5
13228,18777,2
13228,18778,7
13228,18811,6
13228,18813,1
13228,18848,3.5
13228,18850,4
13228,18852,1
13228,18853,2
13228,18854,5
13228,18876,1
13228,18921,2
13228,18933,3
13228,18935,2
13228,18946,2
13228,18951,1
13228,18954,1
13228,18984,2
13228,19045,1
13228,19163,1
13229,18812,1
13229,18848,3
13229,18851,1
13229,18853,1
13229,18856,2
13229,18858,2
13229,18886,2
13229,18887,2
13229,18906,6
13229,18921,1
13229,18932,1
13229,18934,1
13229,18950,2
13229,18962,2
13229,19157,5
13230,18806,6
13230,18809,2
13230,18830,1
13230,18850,3
13230,18856,3
13230,18873,2
13230,18874,2
13230,18883,1
13230,18888,2
13230,18928,2
13230,18932,2
13230,18978,1
13230,19162,4
13231,18803,3
13231,18806,1
13231,18812,1
13231,18816,2
13231,18826,1
13231,18831,8
13231,18832,4
13231,18842,7
13231,18849,2
13231,18850,6
13231,18914,1
13231,18929,5
13231,18932,2
13231,18935,2
13231,18960,1
13231,19156,4
13232,18789,6
13232,18790,5
13232,18799,2
13232,18802,2
13232,18813,7
13232,18814,1
13232,18816,4
13232,18829,2
13232,18830,8
13232,18831,4
13232,18832,1
13232,18884,3
13232,18889,4
13232,18904,2
13232,18905,1
13232,18906,4
13232,18915,2
13232,18917,9
13232,18919,5
13232,18923,1
13232,18926,2
13232,18929,4
13232,18935,4
13232,18942,2
13232,18952,1
13232,18964,2
13232,18983,1
13232,19155,2
13233,18784,1
13233,18786,1
13233,18789,4
13233,18790,4
13233,18800,2
13233,18801,4
13233,18807,2
13233,18811,1
13233,18812,2
13233,18831,3
13233,18845,3
13233,18885,1
13233,18905,5
13233,18918,2
13233,18920,4
13233,18926,1
13233,18929,7
13233,18930,5
13233,18942,1
13233,18952,6
13234,18788,1
13234,18789,5
13234,18796,1
13234,18797,1
13234,18799,2
13234,18813,6
13234,18817,1
13234,18818,4
13234,18827,1
13234,18849,5
13234,18853,1
13234,18876,5
13234,18878,2
13234,18881,1
13234,18928,2
13234,18930,2
13234,18931,3
13234,18932,25.5
13234,18935,1
13234,18937,1
13234,18942,2
13234,18951,4
13234,18952,3
13234,18953,6
13234,18981,4
13235,18789,2
13235,18800,1
13235,18811,6
13235,18828,5
13235,18834,2
13235,18853,2
13235,18855,6
13235,18877,1
13235,18887,2
13235,18901,2
13235,18919,3
13235,18932,3
13235,18942,2
13235,18950,3
13235,18962,2
13235,18972,2
13235,18978,1
13235,18981,1
13235,19157,3
13236,18787,1
13236,18788,3
13236,18804,4
13236,18814,2
13236,18816,1
13236,18817,1
13236,18828,1
13236,18829,1
13236,18830,2
13236,18841,2
13236,18843,1
13236,18851,4
13236,18852,3
13236,18854,8
13236,18869,2
13236,18870,3
13236,18880,4
13236,18903,4
13236,18911,2
13236,18921,2
13236,18922,1
13236,18932,3
13236,18942,1
13236,18976,5
13237,18799,2
13237,18802,4
13237,18804,1
13237,18810,4
13237,18815,2
13237,18817,1
13237,18828,2
13237,18831,4
13237,18838,2
13237,18841,1
13237,18852,2
13237,18853,2
13237,18854,4
13237,18855,5
13237,18856,2
13237,18861,1
13237,18862,3
13237,18870,2
13237,18871,2
13237,18890,2
13237,18894,2
13237,18913,4
13237,18922,15
13237,18923,4
13237,18925,2
13237,18942,2
13237,18973,1
13238,18801,13
13238,18808,2
13238,18814,12
13238,18815,3
13238,18839,2
13238,18843,3
13238,18856,1
13238,18862,3
13238,18863,1
13238,18864,3
13238,18869,2
13238,18877,2
13238,18884,1
13238,18886,1
13238,18912,7
13238,18913,3
13238,18914,9
13238,18928,2
13238,18945,3.5
13239,18802,2
13239,18814,12
13239,18815,8
13239,18819,2
13239,18840,1
13239,18842,13
13239,18856,5
13239,18858,2
13239,18862,8
13239,18863,1
13239,18865,2
13239,18866,1
13239,18867,1
13239,18868,5
13239,18869,2
13239,18871,4
13239,18895,1
13239,18896,5
13239,18904,14
13239,18905,2
13239,18912,1
13239,18931,3
13239,18962,1
13239,18970,2
13240,18799,1
13240,18809,1
13240,18813,1
13240,18814,20
13240,18815,3
13240,18841,6
13240,18842,17
13240,18846,4
13240,18847,1
13240,18848,1
13240,18855,2
13240,18856,6
13240,18857,1
13240,18858,9
13240,18862,2
13240,18871,1
13240,18872,2
13240,18873,1
13240,18886,4
13240,18893,1
13240,18905,6
13240,18913,3
13240,18922,1
13240,18931,15
13240,18936,1
13240,18946,4
13240,18948,1
13240,18954,2
13241,18814,5
13241,18845,3
13241,18846,2
13241,18853,1
13241,18854,4
13241,18858,11
13241,18859,6
13241,18862,6
13241,18866,2
13241,18869,1
13241,18884,2.5
13241,18885,3
13241,18886,4
13241,18907,2
13241,18918,2
13241,18931,5
13241,18932,2
13242,18808,4
13242,18809,4
13242,18813,4
13242,18814,10
13242,18820,7
13242,18833,4
13242,18847,2
13242,18855,4
13242,18859,4
13242,18860,8
13242,18861,13
13242,18864,1
13242,18873,2
13242,18877,5
13242,18879,2
13242,18882,3
13242,18894,1
13242,18904,2
13242,18905,6
13242,18907,19
13242,18908,2
13242,18912,2
13242,18917,4
13242,18919,4
13242,18921,1
13242,18932,2
13242,18933,1
13242,18965,6
13243,18806,4
13243,18809,3
13243,18813,8
13243,18814,3
13243,18827,3
13243,18829,6
13243,18837,1
13243,18844,2
13243,18853,1
13243,18855,3
13243,18860,7
13243,18861,35
13243,18862,4
13243,18863,3
13243,18870,4
13243,18879,4
13243,18886,2
13243,18887,4
13243,18900,4
13243,18901,3
13243,18906,12
13243,18910,2
13243,18914,10
13243,18915,2
13243,18921,2
13243,18932,2
13243,18945,3
13244,18813,9
13244,18814,15
13244,18820,1
13244,18839,2
13244,18843,3
13244,18845,4
13244,18854,3
13244,18858,6
13244,18859,6
13244,18861,14
13244,18864,1
13244,18865,1
13244,18867,4
13244,18870,2
13244,18871,1
13244,18872,3
13244,18883,7
13244,18885,4
13244,18887,2
13244,18903,3
13244,18905,3
13244,18906,13
13244,18907,9
13244,18908,4
13244,18910,3
13244,18914,2
13244,18935,2
13245,18810,5
13245,18811,14.5
13245,18812,8
13245,18813,2
13245,18814,23
13245,18818,1
13245,18819,3
13245,18820,5
13245,18840,2
13245,18842,1
13245,18846,1
13245,18848,2
13245,18851,3
13245,18852,7
13245,18861,1
13245,18864,2
13245,18865,1
13245,18869,2
13245,18870,1
13245,18884,2
13245,18885,6
13245,18906,1
13245,18907,46
13245,18908,9
13245,18920,5
13245,18936,2
13245,18939,14
13245,18940,2
13245,18957,1
13246,18805,3
13246,18806,2
13246,18811,2
13246,18812,28
13246,18813,28
13246,18814,37
13246,18815,32
13246,18816,32
13246,18817,8
13246,18829,2
13246,18841,4
13246,18851,4
13246,18861,3
13246,18868,4
13246,18872,1
13246,18885,8
13246,18893,4
13246,18895,3
13246,18907,24
13246,18908,19
13246,18909,2
13246,18910,9
13246,18926,2
13247,18811,8
13247,18812,21
13247,18813,125
13247,18814,48
13247,18815,30
13247,18816,46
13247,18817,4
13247,18818,2
13247,18831,5
13247,18838,3
13247,18853,8
13247,18860,3
13247,18869,4
13247,18872,1
13247,18885,2
13247,18886,2
13247,18907,43
13247,18908,41
13247,18909,37
13247,18910,16
13247,18911,2
13247,18923,2
13247,18935,2
13248,18806,3
13248,18810,2
13248,18811,27
13248,18812,15
13248,18813,15
13248,18814,44
13248,18815,7
13248,18816,15
13248,18824,3
13248,18828,1
13248,18829,2
13248,18847,1
13248,18874,2
13248,18881,1
13248,18884,9
13248,18886,6
13248,18891,2
13248,18900,1
13248,18905,10
13248,18907,32.5
13248,18908,43
13248,18909,17
13248,18910,33
13248,18920,3
13248,18921,3
13248,18927,4
13248,18947,2
13249,18811,21
13249,18812,5
13249,18813,1
13249,18814,31
13249,18815,3
13249,18820,3
13249,18858,1
13249,18860,3
13249,18877,4
13249,18882,1
13249,18884,1
13249,18885,3
13249,18886,2
13249,18899,6
13249,18900,3
13249,18902,2
13249,18903,2
13249,18904,9
13249,18905,28
13249,18906,16
13249,18907,70
13249,18908,83
13249,18909,20
13249,18910,7
13249,18947,3
13250,18811,12
13250,18812,3
13250,18814,7
13250,18815,13
13250,18816,3
13250,18836,2
13250,18853,6
13250,18854,2
13250,18859,9
13250,18860,1
13250,18872,2
13250,18885,2
13250,18904,4
13250,18905,18.5
13250,18906,14
13250,18907,24
13250,18908,27
13250,18914,4
13250,18953,4
13251,18815,2
13251,18816,12
13251,18824,4
13251,18827,5
13251,18859,2
13251,18874,1
13251,18888,2
13251,18905,5
13251,18906,27
13251,18907,26
13251,18908,15
13251,18909,5
13251,18910,20
13251,18911,11
13251,18916,1
13251,18930,4
13251,18944,1
13252,18812,2
13252,18815,1
13252,18826,4
13252,18853,5
13252,18863,4
13252,18882,2
13252,18886,3
13252,18887,2
13252,18903,2
13252,18906,52.5
13252,18907,45
13252,18908,7
13252,18909,3
13252,18910,4
13252,18930,5
13252,18944,2
13253,18814,10
13253,18826,5.5
13253,18849,2
13253,18887,3
13253,18904,3
13253,18906,15
13253,18907,38.5
13253,18908,32
13253,18913,5
13253,18914,7
13253,18921,7
13253,18922,1
13253,18927,9
13253,18928,3
13253,18929,3
13253,18930,2
13253,18934,2
13253,18937,7
13253,18942,1
13254,18827,5
13254,18899,3
13254,18903,2
13254,18906,2
13254,18907,25
13254,18912,3
13254,18915,6
13254,18916,5
13254,18917,3
13254,18921,1
13254,18922,3
13254,18939,5
13254,18945,4
13255,18875,2
13255,18892,3
13255,18919,5
13255,18920,5
13255,18924,3
13255,18943,4
13255,18944,5
13255,18945,1
13255,18947,6
13256,18822,6
13256,18852,4
13256,18855,4
13256,18877,1
13256,18885,1
13256,18890,4
13256,18895,3
13256,18908,6
13256,18912,1
13256,18920,5
13256,18924,18
13256,18925,9
13256,18942,2
13256,18944,2
13256,18945,14
13256,18947,11
13256,18949,3
13257,18879,2
13257,18880,3
13257,18892,3
13257,18896,3
13257,18902,1
13257,18915,2
13257,18920,1
13257,18924,4
13257,18937,3
13257,18938,4
13257,18944,2
13257,18945,5
13257,18946,4
13257,18948,23
13257,18949,6
13258,18874,2
13258,18879,8
13258,18890,3
13258,18897,3
13258,18917,1
13258,18922,2
13258,18923,4
13258,18925,1
13258,18927,3
13258,18941,4
13258,18942,2
13258,18947,32
13258,18948,13
13258,18949,17
13259,18878,1
13259,18879,1
13259,18881,3
13259,18882,4
13259,18896,1
13259,18897,1
13259,18898,3
13259,18905,2
13259,18917,5
13259,18920,5
13259,18925,2
13259,18929,2
13259,18945,17
13259,18947,33
13259,18948,50
13259,18949,4
13259,18953,2
13260,18880,4
13260,18881,2
13260,18883,9
13260,18884,1
13260,18888,4
13260,18897,2
13260,18903,3
13260,18915,4
13260,18916,6
13260,18918,6
13260,18921,7
13260,18929,1
13260,18945,26
13260,18946,13
13260,18947,24
13260,18948,8
13261,18821,1
13261,18827,3
13261,18830,3
13261,18883,7.5
13261,18884,2
13261,18885,1
13261,18886,2
13261,18887,2
13261,18891,8
13261,18892,2
13261,18898,2
13261,18907,2
13261,18921,5
13261,18945,2
13261,18946,3
13261,18947,2
13261,18948,16
13262,18819,7
13262,18820,5
13262,18883,6
13262,18884,5
13262,18885,3
13262,18891,2
13262,18906,3
13262,18908,7
13262,18921,2
13262,18927,1
13262,18937,2
13262,18939,2
13263,18826,1
13263,18882,1
13263,18883,2
13263,18901,5
13263,18914,1
13263,18931,3
13263,18942,4
13263,18944,3
13263,18945,4
13263,18950,5
13264,18896,1
13264,18905,1
13264,18937,1
13264,18943,4
13264,18944,11
13264,18945,12
13264,18950,6
13265,18892,1
13265,18935,3
13265,18943,1
13265,18944,28
13265,18945,3
13266,18892,12
13266,18897,2
13266,18898,2
13266,18901,5
13266,18902,4
13266,18913,1
13266,18943,11
13267,18898,1
13267,18905,3
13267,18915,5
13267,18932,5
13267,18935,2
13267,18938,2
13267,18942,2
13267,18943,10
13267,18944,1
13268,18892,5
13268,18909,1
13268,18915,7
13268,18939,2
13268,18942,1
13268,18943,3
13268,18944,6
13268,18945,3
13269,18892,3
13269,18903,1
13269,18906,2
13269,18908,1
13269,18915,5
13269,18943,12
13270,18904,2
13270,18905,2
13270,18944,4
13271,18889,6
13271,18890,3
13271,18891,4
13271,18911,1
13271,18932,1
13271,18935,2
13271,18942,4
13271,18943,3
13271,18944,1
13272,18891,3
13272,18905,8
13272,18911,2
13272,18927,2
13272,18942,5
13273,18941,5
13273,18943,2
13274,18894,4
13274,18897,2
13274,18905,2
13274,18909,2
13274,18928,4
13275,18945,2
13276,18904,1
13276,18905,3
13276,18906,2
13277,18902,1
13277,18904,1
13277,18905,4
13277,18906,7
13277,18907,1
13277,18938,6
13278,18902,2
13279,18902,2
13279,18946,2
13280,18902,1
13280,18908,4
13281,18903,8
13281,18907,2
13281,18908,3
13281,18910,2
13282,18907,3
13282,18908,1
13283,18908,3
13283,18911,1
13284,18906,2
13285,18906,6
13287,18929,2
