n,e,ind
11724,19795,2
11725,19793,2
11725,19802,1
11726,19790,1
11728,19790,2
11729,19803,4
11730,19796,3
11732,19781,5
11732,19808,1
11733,19793,4
11733,19794,2
11733,19795,2
11733,19800,1
11734,19790,3
11734,19791,10
11734,19792,7
11734,19793,11
11734,19798,1
11734,19800,3
11735,19780,9
11735,19791,5
11735,19792,18
11735,19793,16
11735,19794,5
11736,19793,6.5
11737,19813,6
11740,19778,3
11741,19783,2
11741,19823,1
11744,19772,4
11744,19777,1
11745,19775,1
11745,19777,1
11745,19780,2
11745,19869,2
11746,19775,2
11747,19776,2
11747,19858,6
11747,19860,2
11752,19776,2
11753,19774,1
11753,19781,1
11753,19858,26
11754,19770,2
11754,19771,8
11754,19774,2
11754,19775,3
11754,19776,3
11754,19778,4
11754,19779,2
11754,19780,10.5
11754,19781,4
11754,19783,3
11754,19856,2
11754,19861,6
11755,19766,1
11755,19769,2
11755,19770,10
11755,19771,7
11755,19776,1
11755,19778,4
11755,19779,2
11755,19780,5
11755,19782,3
11755,19785,1
11755,19856,16
11756,19770,3
11756,19771,6
11756,19772,7
11756,19776,1
11756,19779,1
11756,19780,20
11756,19781,2.5
11756,19782,6
11756,19784,2
11756,19856,3
11756,19857,4
11756,19858,5
11757,19771,2
11757,19772,2
11757,19773,3
11757,19774,21
11757,19775,1
11757,19777,15
11757,19778,7
11757,19779,12
11757,19780,9
11757,19781,14
11757,19782,14
11757,19783,5
11758,19764,1
11758,19765,4
11758,19773,1
11758,19775,12
11758,19776,4
11758,19777,5
11758,19778,30
11758,19779,34
11758,19780,57
11758,19781,5
11758,19782,2
11758,19783,1
11758,19856,3
11759,19764,1
11759,19777,1
11759,19779,3
11759,19782,1
11759,19785,2
11759,19786,4
11760,19763,4
11760,19777,6
11760,19781,2
11760,19787,2
11760,19812,3
11760,19851,2
11761,19761,1
11761,19765,4
11761,19766,3
11761,19771,3
11761,19782,6
11761,19853,2
11762,19762,4
11762,19783,4
11762,19786,2
11762,19800,1
11762,19808,1
11762,19818,1
11763,19760,1
11763,19761,4
11763,19774,4
11763,19775,1
11763,19786,3
11763,19787,2
11763,19793,1
11763,19797,3
11763,19800,13
11764,19774,3
11764,19785,1
11764,19787,3
11764,19793,12
11764,19794,4
11764,19795,2
11764,19796,3
11764,19799,2
11765,19774,5
11765,19794,11
11765,19795,1
11765,19798,4
11765,19825,1
11766,19824,1
11766,19825,3
11766,19829,8
11766,19831,3
11767,19759,8
11767,19760,6
11767,19796,3
11767,19804,2
11767,19818,6
11767,19819,6
11767,19820,3
11767,19826,2
11767,19832,1
11768,19783,1
11768,19784,4
11768,19817,4
11768,19818,9
11768,19819,1
11768,19868,1
11768,19869,3
11769,19760,1
11769,19771,2
11769,19773,2
11769,19815,2
11769,19817,5.5
11769,19818,14
11770,19780,1
11770,19818,6
11770,19819,17
11771,19818,30
11771,19819,7
11771,19822,9
11772,19788,1
11772,19818,49
11772,19819,7
11773,19771,4
11773,19791,1
11773,19818,5
11775,19762,2
11776,19761,2
11776,19762,5
11776,19817,3
11776,19848,1
11777,19820,2
11777,19821,3
11777,19837,2
11778,19765,2
11778,19768,1
11778,19821,7
11778,19838,2
11778,19839,2
11778,19856,1
11778,19857,2
11778,19858,4
11779,19761,2
11779,19765,2
11779,19821,3
11779,19848,4
11779,19858,7
11780,19763,2
11780,19817,2
11780,19821,5
11780,19822,1
11780,19863,3
11781,19763,1
11781,19833,2
11781,19834,2
11781,19842,10
11781,19846,4
11781,19863,4
11781,19864,6
11781,19865,10
11781,19867,2
11782,19729,3
11782,19739,2
11782,19802,1
11782,19803,2
11782,19831,2
11782,19832,3
11782,19857,2
11782,19858,6
11782,19860,5
11782,19861,2
11782,19862,3
11782,19863,9
11782,19864,2
11783,19729,2
11783,19806,8
11783,19816,3
11783,19819,1
11783,19833,3
11783,19858,1
11783,19859,4
11783,19860,10
11783,19861,5
11784,19754,1
11784,19765,2
11784,19805,1
11784,19814,1
11784,19815,1
11784,19817,2
11784,19818,3
11784,19831,6
11784,19859,34.5
11784,19860,7
11784,19861,3
11785,19730,1
11785,19739,4
11785,19754,3
11785,19776,5
11785,19833,3
11785,19843,2
11785,19848,1
11785,19859,29
11785,19860,3
11785,19861,2
11786,19686,2
11786,19738,1
11786,19739,10
11786,19802,2
11786,19803,7
11786,19804,2
11786,19805,1
11786,19806,4
11786,19833,4
11786,19843,6
11786,19858,2
11786,19860,5
11786,19861,2
11787,19723,4
11787,19737,3
11787,19741,8.5
11787,19749,2
11787,19793,4
11787,19799,6
11787,19844,4
11788,19772,1
11788,19795,6
11788,19799,2
11788,19848,2
11789,19795,5
11789,19796,9
11789,19800,1
11789,19821,1
11789,19840,1
11789,19841,2
11789,19847,10
11789,19848,3
11789,19849,2
11790,19682,7
11790,19683,1
11790,19724,8
11790,19734,4
11790,19799,2
11790,19844,2
11790,19846,2
11790,19847,2
11790,19848,9
11790,19858,1
11790,19859,2
11790,19860,3
11791,19672,1
11791,19683,4
11791,19729,5
11791,19730,7
11791,19731,26
11791,19732,5
11791,19831,1
11791,19846,1
11791,19847,1
11791,19848,2
11791,19859,3
11792,19673,10
11792,19674,5
11792,19679,10
11792,19680,4
11792,19723,4
11792,19730,14
11792,19731,6
11792,19732,4
11792,19733,11
11792,19734,2
11792,19735,2
11792,19801,2
11792,19826,4
11792,19829,2
11792,19860,4
11792,19861,2
11793,19672,3
11793,19674,18
11793,19675,5
11793,19678,3
11793,19679,27.5
11793,19680,21
11793,19681,9
11793,19682,2.5
11793,19684,7
11793,19721,10
11793,19730,3
11793,19731,6
11793,19732,5
11793,19733,4
11793,19734,6
11793,19826,3
11794,19670,6
11794,19671,3
11794,19672,3
11794,19673,2
11794,19674,5
11794,19679,4
11794,19680,8
11794,19682,9.5
11794,19683,11
11794,19684,8
11794,19717,2
11794,19718,2
11794,19719,7
11794,19720,7.5
11794,19729,2
11794,19733,3
11794,19789,5
11794,19790,31
11794,19791,12
11794,19792,1
11794,19794,2
11794,19809,8
11794,19862,10
11794,19863,5
11795,19667,2
11795,19668,2
11795,19673,7
11795,19674,1
11795,19676,7
11795,19681,6
11795,19682,4
11795,19683,4
11795,19719,12
11795,19789,5
11795,19790,25
11795,19791,5
11795,19792,13
11795,19793,1
11795,19802,4
11795,19807,2
11795,19862,7
11796,19670,4
11796,19671,11
11796,19672,7
11796,19673,15
11796,19674,2
11796,19675,3
11796,19676,4
11796,19677,13
11796,19678,8
11796,19679,3
11796,19717,5
11796,19719,8
11796,19731,1
11796,19790,4
11796,19793,10
11796,19795,3
11796,19804,7
11796,19805,6
11796,19806,7
11796,19807,2
11797,19668,4
11797,19669,2
11797,19670,2
11797,19671,6
11797,19673,6
11797,19674,5
11797,19675,7
11797,19676,2
11797,19677,7
11797,19678,9
11797,19679,32
11797,19680,28
11797,19681,26.5
11797,19682,2
11797,19716,1
11797,19717,14
11797,19729,3
11797,19743,2
11797,19806,4
11797,19842,1
11797,19861,3
11797,19862,12
11797,19863,1
11798,19668,2
11798,19669,1
11798,19670,3
11798,19671,11
11798,19673,6
11798,19679,9
11798,19680,31
11798,19681,90.5
11798,19682,11
11798,19716,7
11798,19717,8
11798,19730,4
11798,19862,13
11798,19863,6
11799,19667,2
11799,19672,3
11799,19673,8
11799,19674,2
11799,19675,2
11799,19676,1
11799,19680,7
11799,19681,43.5
11799,19682,43.5
11799,19683,16
11799,19684,2
11799,19715,1
11799,19716,3
11799,19731,4
11799,19780,2
11799,19842,2
11800,19665,4
11800,19671,3
11800,19672,1
11800,19673,1
11800,19674,5
11800,19675,6
11800,19676,4
11800,19678,32
11800,19679,10
11800,19680,37
11800,19681,6
11800,19683,5
11800,19713,1
11800,19714,13
11800,19715,11
11800,19716,2
11800,19760,2
11800,19761,1
11801,19669,8
11801,19670,3
11801,19671,3
11801,19672,5
11801,19673,4
11801,19674,7
11801,19675,9
11801,19676,2
11801,19677,19
11801,19678,6
11801,19680,3
11801,19689,3
11801,19692,2
11801,19696,2
11801,19712,2
11801,19713,6
11801,19715,1
11801,19724,1
11801,19742,3
11801,19759,4
11802,19669,4
11802,19670,2
11802,19673,2
11802,19674,4
11802,19676,8
11802,19677,4
11802,19690,2
11802,19691,23
11802,19692,45
11802,19694,2
11802,19698,7
11802,19744,10
11802,19745,1
11802,19756,5
11802,19757,3
11802,19782,3
11803,19670,3
11803,19671,6
11803,19674,2
11803,19675,5
11803,19690,7.5
11803,19691,42
11803,19692,29
11803,19693,6
11803,19698,8.5
11803,19700,1
11803,19705,2
11803,19709,7
11803,19710,2
11803,19743,1
11803,19745,1
11803,19755,2
11803,19777,1
11803,19778,1
11803,19780,1
11803,19781,4
11804,19670,1
11804,19671,8
11804,19672,5.5
11804,19674,3
11804,19675,4
11804,19676,6
11804,19677,2
11804,19679,2
11804,19690,2
11804,19691,17.5
11804,19692,25.5
11804,19693,5
11804,19700,10
11804,19707,3
11804,19722,2
11804,19743,1
11804,19744,3
11804,19745,3
11804,19753,2
11804,19755,1
11804,19760,1
11804,19779,1
11805,19670,5
11805,19675,2
11805,19688,2
11805,19692,4
11805,19696,11
11805,19697,11
11805,19702,3
11805,19707,3
11805,19708,2
11805,19742,8
11805,19777,18
11805,19778,3
11805,19845,3
11806,19670,3
11806,19671,2
11806,19673,4
11806,19676,5
11806,19677,4
11806,19696,4
11806,19701,1
11806,19705,1
11806,19707,2
11806,19708,1
11806,19719,1
11806,19724,2
11806,19742,2
11806,19743,16.5
11806,19744,9
11806,19776,1
11806,19777,6
11806,19803,2
11807,19534,11
11807,19536,1
11807,19538,2
11807,19539,4
11807,19674,3
11807,19695,2
11807,19696,6
11807,19699,3
11807,19706,2
11807,19707,2
11807,19708,6
11807,19709,2
11807,19712,1
11807,19722,1
11807,19742,9
11807,19743,5
11807,19803,4
11808,19532,2
11808,19533,8
11808,19534,21
11808,19535,9
11808,19536,11
11808,19538,1
11808,19671,4
11808,19675,4
11808,19695,2
11808,19708,3
11808,19709,7
11808,19740,2
11808,19756,1
11808,19804,2
11808,19860,3.5
11809,19530,2
11809,19532,2
11809,19533,70
11809,19534,21
11809,19535,10
11809,19536,13
11809,19537,8
11809,19538,9
11809,19539,3
11809,19670,2
11809,19673,3
11809,19674,3
11809,19709,4
11809,19718,1
11809,19750,4
11809,19775,3
11809,19790,2
11809,19817,11
11809,19818,2
11810,19532,21
11810,19533,19
11810,19534,26
11810,19535,19
11810,19536,40
11810,19537,26
11810,19538,11
11810,19541,1
11810,19543,3
11810,19674,2
11810,19678,1
11810,19695,2
11810,19696,3
11810,19710,3
11810,19713,1
11810,19772,1
11810,19773,1
11810,19774,7
11810,19775,1
11810,19791,2
11811,19532,18
11811,19533,34
11811,19534,9
11811,19535,30
11811,19536,8
11811,19537,12
11811,19538,22
11811,19541,2
11811,19670,3
11811,19676,5
11811,19677,6
11811,19678,3
11811,19709,2
11811,19710,4
11811,19712,3
11811,19774,6
11811,19787,2
11811,19789,5
11811,19804,2
11811,19805,1
11811,19807,10
11812,19532,3
11812,19533,13
11812,19534,24
11812,19535,44.5
11812,19536,16
11812,19537,12
11812,19538,11
11812,19541,2
11812,19672,8
11812,19673,9
11812,19705,3
11812,19710,8
11812,19731,3
11812,19736,2
11812,19774,1
11812,19788,4
11812,19789,1
11812,19807,1
11813,19533,8
11813,19534,22
11813,19535,9
11813,19536,8
11813,19537,77
11813,19538,11.5
11813,19539,15.5
11813,19548,4
11813,19549,6
11813,19671,1
11813,19672,3
11813,19673,13.5
11813,19708,3
11813,19709,8
11813,19710,12
11813,19711,22
11813,19712,27
11813,19716,4
11813,19736,1
11813,19790,1
11813,19798,3
11813,19800,24
11813,19801,4
11814,19531,2
11814,19533,4
11814,19534,8
11814,19535,6
11814,19536,22
11814,19537,89
11814,19538,31
11814,19539,3
11814,19540,5
11814,19541,2
11814,19542,3
11814,19548,3
11814,19549,1
11814,19550,1
11814,19552,6
11814,19676,4
11814,19710,4
11814,19711,7
11814,19712,45.5
11814,19713,8
11814,19735,2
11814,19739,7
11814,19796,1
11814,19798,1
11814,19799,1
11814,19800,1
11814,19801,2
11815,19533,2
11815,19534,31
11815,19535,34
11815,19536,39
11815,19537,50.5
11815,19538,11
11815,19544,4
11815,19673,6
11815,19697,1
11815,19710,5
11815,19711,13
11815,19712,58
11815,19713,6
11815,19714,2
11815,19715,3
11815,19722,1
11815,19788,1
11815,19835,4
11815,19836,2
11815,19858,1
11816,19533,38
11816,19534,29.5
11816,19535,29
11816,19536,39
11816,19537,3
11816,19538,5
11816,19540,4
11816,19544,5
11816,19545,6
11816,19547,4
11816,19550,3
11816,19551,5
11816,19670,2
11816,19695,1
11816,19705,2
11816,19707,2
11816,19708,9
11816,19709,11
11816,19711,5
11816,19712,43
11816,19713,28
11816,19714,44
11816,19715,35
11816,19716,11
11816,19717,4
11816,19718,1
11816,19725,3
11816,19729,4
11816,19794,1
11816,19797,5
11816,19800,1
11816,19815,2
11816,19837,3
11816,19852,4
11817,19533,10
11817,19534,7
11817,19535,22.5
11817,19536,4
11817,19538,2
11817,19539,1
11817,19564,3
11817,19668,6
11817,19683,1
11817,19706,1
11817,19707,14
11817,19708,6
11817,19712,13
11817,19713,35.5
11817,19714,102
11817,19715,144
11817,19716,102
11817,19717,20
11817,19718,13
11817,19719,1
11817,19722,1
11817,19726,3
11817,19727,2
11817,19730,1
11817,19731,31
11817,19732,12
11817,19797,13.5
11817,19804,4
11817,19816,3
11817,19839,1
11817,19845,3
11818,19533,9
11818,19534,27
11818,19535,2
11818,19536,9
11818,19538,4
11818,19550,3
11818,19551,3
11818,19553,3
11818,19564,11
11818,19669,3
11818,19670,4
11818,19681,2
11818,19706,13
11818,19707,5
11818,19713,11
11818,19714,23.5
11818,19715,196
11818,19716,158.5
11818,19717,20
11818,19718,46
11818,19720,3
11818,19721,6
11818,19722,7
11818,19723,13
11818,19724,3
11818,19725,3
11818,19726,7
11818,19727,11
11818,19728,1
11818,19730,21
11818,19731,6
11818,19759,2
11818,19789,2
11818,19790,3
11818,19796,2
11818,19815,1
11818,19816,12
11818,19839,1
11818,19844,1
11818,19859,4
11819,19533,13
11819,19535,20
11819,19536,12.5
11819,19538,4
11819,19539,2
11819,19544,2
11819,19551,3
11819,19555,4
11819,19564,4
11819,19669,7.5
11819,19670,5
11819,19676,2
11819,19678,1
11819,19680,7
11819,19681,4
11819,19705,6
11819,19706,21
11819,19713,4
11819,19714,16
11819,19715,34
11819,19716,33
11819,19717,67
11819,19718,42
11819,19719,40
11819,19720,27.5
11819,19721,9
11819,19722,6
11819,19727,3
11819,19789,3
11819,19844,5
11819,19845,8
11819,19846,1
11819,19847,8
11819,19849,1
11819,19850,3
11819,19852,1
11820,19533,5
11820,19535,14
11820,19536,9
11820,19538,5
11820,19565,2
11820,19575,3
11820,19577,2
11820,19667,1
11820,19670,2
11820,19671,1
11820,19672,1
11820,19673,3
11820,19674,2
11820,19675,2
11820,19706,2
11820,19713,14
11820,19714,11
11820,19715,15
11820,19716,3
11820,19717,10
11820,19718,41
11820,19719,69
11820,19720,15
11820,19773,4
11820,19780,4
11820,19781,2
11820,19783,2
11820,19787,4
11820,19788,3
11820,19837,2
11820,19844,10
11820,19851,1
11821,19534,6
11821,19535,4
11821,19538,4
11821,19539,2
11821,19548,2
11821,19566,4
11821,19579,4
11821,19666,5
11821,19669,6
11821,19672,6
11821,19674,2
11821,19675,2
11821,19677,5
11821,19683,3
11821,19684,2
11821,19685,28
11821,19686,2
11821,19702,1
11821,19713,4
11821,19715,1
11821,19717,4
11821,19718,11
11821,19719,25
11821,19720,8
11821,19772,10
11821,19773,39
11821,19775,2
11821,19779,2
11821,19782,1
11821,19789,3
11821,19839,1
11821,19844,3
11822,19536,1
11822,19538,4.5
11822,19539,4
11822,19555,5
11822,19570,2
11822,19571,4
11822,19575,1
11822,19578,3
11822,19665,6
11822,19666,6
11822,19667,9
11822,19670,1
11822,19671,4
11822,19672,5
11822,19675,7
11822,19684,2
11822,19685,17
11822,19686,1
11822,19689,8
11822,19705,4
11822,19711,2
11822,19718,2
11822,19719,24
11822,19720,9
11822,19721,4
11822,19773,5
11822,19775,7
11822,19776,2
11822,19779,1
11822,19780,2
11822,19781,2
11822,19788,3
11822,19836,1
11822,19844,2
11823,19533,3
11823,19534,3
11823,19535,2
11823,19561,7
11823,19569,5.5
11823,19576,2
11823,19577,3
11823,19648,5
11823,19649,6
11823,19666,7
11823,19667,3
11823,19669,1
11823,19670,1
11823,19671,1
11823,19673,2
11823,19674,2
11823,19680,2
11823,19685,5
11823,19690,2
11823,19707,2
11823,19708,2
11823,19713,2
11823,19719,2
11823,19720,2
11823,19771,6
11823,19773,7
11823,19774,10
11823,19779,3
11823,19780,3
11823,19788,2
11823,19790,2
11823,19791,7
11823,19835,3
11823,19842,2
11823,19844,2
11824,19538,3
11824,19539,6
11824,19540,3
11824,19577,4
11824,19649,2
11824,19666,2
11824,19668,3
11824,19669,3
11824,19706,1
11824,19715,2
11824,19718,2
11824,19719,2
11824,19770,4
11824,19773,2
11824,19774,2
11824,19779,11
11824,19845,2
11825,19533,2
11825,19534,8
11825,19538,2
11825,19539,6
11825,19551,1
11825,19572,3
11825,19573,1
11825,19577,4
11825,19578,4.5
11825,19581,3
11825,19582,4
11825,19646,2
11825,19649,6
11825,19650,4
11825,19668,8.5
11825,19670,3
11825,19694,4
11825,19695,10
11825,19696,6
11825,19703,4
11825,19747,2
11825,19769,4
11825,19770,6
11825,19779,5
11825,19780,2
11826,19528,6
11826,19530,2
11826,19531,3
11826,19532,4
11826,19539,5
11826,19550,3
11826,19564,5
11826,19567,7
11826,19568,14
11826,19569,1
11826,19571,5
11826,19574,3
11826,19575,3
11826,19581,3
11826,19582,2
11826,19643,4
11826,19650,2
11826,19651,3
11826,19652,5
11826,19684,3
11826,19694,3
11826,19695,3
11826,19698,6
11826,19699,1
11826,19742,1
11826,19747,2
11826,19748,9
11826,19749,7
11826,19750,2
11826,19751,1
11826,19775,3
11826,19776,2
11826,19781,5
11827,19528,2
11827,19533,4
11827,19553,6
11827,19557,1
11827,19559,2
11827,19560,4
11827,19568,2
11827,19574,3
11827,19578,7
11827,19579,2
11827,19582,2
11827,19584,3
11827,19644,2
11827,19648,3
11827,19649,13
11827,19651,8
11827,19698,2
11827,19699,9
11827,19700,6
11827,19765,3
11827,19776,2
11827,19778,8
11828,19528,8
11828,19548,7
11828,19554,1
11828,19572,4
11828,19577,1
11828,19578,5
11828,19581,2
11828,19584,3
11828,19586,1
11828,19646,2
11828,19649,3
11828,19683,3
11828,19684,5
11828,19698,8
11828,19699,6
11828,19701,3
11828,19719,2
11828,19720,2
11828,19742,2
11828,19744,2
11828,19746,2
11828,19747,1
11828,19748,3
11828,19758,16.5
11828,19759,7
11828,19760,5
11828,19761,2
11828,19775,1
11828,19777,2
11828,19778,1
11828,19801,1
11829,19534,2
11829,19535,7
11829,19546,2
11829,19552,1
11829,19575,6
11829,19576,3
11829,19578,2
11829,19579,2
11829,19582,3
11829,19583,4
11829,19586,9
11829,19587,2
11829,19589,7
11829,19645,2
11829,19646,3
11829,19647,3
11829,19648,2
11829,19650,1
11829,19651,1
11829,19692,5
11829,19694,7
11829,19695,3
11829,19699,6
11829,19700,2
11829,19720,3
11829,19721,1
11829,19739,2
11829,19745,6
11829,19747,3
11829,19758,30
11829,19759,2
11830,19539,5
11830,19540,2
11830,19562,4
11830,19570,5
11830,19574,2
11830,19575,2
11830,19576,11
11830,19577,2
11830,19578,9
11830,19580,23
11830,19581,36
11830,19582,58.5
11830,19583,8
11830,19587,2
11830,19589,2
11830,19590,7
11830,19592,2
11830,19637,1
11830,19639,4
11830,19647,6
11830,19648,6
11830,19650,2
11830,19653,1
11830,19654,2
11830,19656,2
11830,19688,2
11830,19691,1
11830,19692,6
11830,19694,7
11830,19699,13
11830,19735,1
11830,19744,19
11830,19745,10
11830,19756,3
11830,19763,1
11831,19539,8
11831,19541,6
11831,19570,13
11831,19576,10.5
11831,19577,14
11831,19578,54
11831,19579,55
11831,19580,77.5
11831,19581,69
11831,19582,43
11831,19583,1
11831,19586,3
11831,19590,5
11831,19595,1
11831,19638,5
11831,19641,2
11831,19642,5
11831,19644,2
11831,19647,3.5
11831,19648,1
11831,19649,3
11831,19652,2
11831,19654,1
11831,19656,3
11831,19682,1
11831,19692,1
11831,19694,2
11831,19697,3
11831,19700,2
11831,19734,1
11831,19743,5
11832,19529,2
11832,19539,8
11832,19540,3
11832,19541,1
11832,19562,9
11832,19573,4
11832,19575,3
11832,19576,2
11832,19577,50.5
11832,19578,79
11832,19579,109.5
11832,19580,71
11832,19581,52
11832,19582,18.5
11832,19583,5
11832,19584,14
11832,19586,82.5
11832,19587,16
11832,19588,11
11832,19594,1
11832,19595,3
11832,19639,3
11832,19641,1
11832,19642,1
11832,19644,3
11832,19650,2
11832,19651,4
11832,19653,5
11832,19655,2
11832,19660,3
11832,19681,2
11832,19682,8
11832,19683,8
11832,19691,2
11832,19692,2
11832,19694,8
11832,19710,2
11832,19713,4
11832,19723,4
11832,19724,1
11832,19744,2
11832,19746,5
11832,19747,1
11832,19751,1
11832,19850,1
11832,19851,3
11832,19852,1
11833,19529,5
11833,19540,4
11833,19543,1
11833,19547,2
11833,19562,2
11833,19570,2
11833,19573,2
11833,19575,17
11833,19576,11
11833,19577,66
11833,19578,80
11833,19579,121.5
11833,19580,33
11833,19581,49
11833,19582,1
11833,19583,6
11833,19587,2
11833,19588,2
11833,19592,2
11833,19593,2
11833,19596,2
11833,19597,2
11833,19598,1
11833,19602,3
11833,19646,3
11833,19647,4
11833,19650,4
11833,19651,2
11833,19652,5.5
11833,19658,10
11833,19659,4
11833,19681,3
11833,19692,4
11833,19726,11
11833,19737,2
11833,19746,2
11833,19748,2
11833,19822,1
11833,19827,4
11833,19850,4
11833,19851,3
11833,19852,5
11834,19528,1
11834,19531,1
11834,19538,5
11834,19540,15
11834,19541,4
11834,19543,14
11834,19544,22
11834,19545,27
11834,19546,9
11834,19547,1
11834,19562,1
11834,19567,1
11834,19572,10
11834,19574,4
11834,19575,5
11834,19576,5
11834,19577,4
11834,19578,3
11834,19579,15
11834,19580,21
11834,19581,18
11834,19584,6.5
11834,19587,5
11834,19590,3
11834,19593,3
11834,19596,3
11834,19601,2
11834,19602,2
11834,19641,4
11834,19645,3
11834,19646,3
11834,19647,5
11834,19651,7
11834,19653,1
11834,19654,3
11834,19655,4
11834,19658,2
11834,19663,2
11834,19664,3
11834,19678,2
11834,19690,5
11834,19691,4
11834,19737,2
11834,19738,8
11834,19739,1
11834,19846,2
11835,19531,2
11835,19533,1
11835,19539,6
11835,19541,1
11835,19542,72
11835,19543,89
11835,19544,58
11835,19545,81
11835,19546,22
11835,19562,5
11835,19573,6
11835,19578,3
11835,19579,8.5
11835,19581,4
11835,19583,3
11835,19590,2
11835,19592,5
11835,19597,2
11835,19604,1
11835,19611,2
11835,19636,3
11835,19643,3
11835,19645,2
11835,19646,2
11835,19652,2
11835,19653,1.5
11835,19655,1
11835,19656,6
11835,19657,2
11835,19658,10
11835,19659,3
11835,19662,4
11835,19678,2
11835,19680,4
11835,19681,4
11835,19682,3
11835,19689,1
11835,19690,1
11836,19531,5
11836,19532,2
11836,19534,2
11836,19535,2
11836,19536,1
11836,19542,55
11836,19543,84
11836,19544,97.5
11836,19545,31
11836,19546,13
11836,19565,13
11836,19566,1
11836,19567,8
11836,19573,2
11836,19574,1
11836,19575,2
11836,19577,1
11836,19578,1
11836,19579,2
11836,19582,3
11836,19592,4
11836,19593,1
11836,19600,5
11836,19603,1
11836,19606,2
11836,19610,29
11836,19611,30
11836,19612,35
11836,19613,13.5
11836,19639,2
11836,19641,2
11836,19647,5
11836,19649,2.5
11836,19654,6
11836,19657,2
11836,19658,3
11836,19660,4
11836,19678,2
11836,19680,3
11836,19681,3
11836,19691,2
11836,19692,2
11836,19826,2
11836,19827,4
11837,19538,6
11837,19539,4
11837,19542,34.5
11837,19543,88
11837,19544,23
11837,19545,28
11837,19546,5
11837,19557,2
11837,19565,1
11837,19573,2
11837,19574,6
11837,19581,2
11837,19595,3
11837,19609,2
11837,19610,52
11837,19611,197.5
11837,19612,47.5
11837,19613,47
11837,19614,5
11837,19641,3
11837,19643,8
11837,19646,7
11837,19647,1
11837,19654,3
11837,19657,8
11837,19660,12
11837,19664,1
11837,19813,4
11837,19817,1
11838,19530,7
11838,19531,1
11838,19539,4
11838,19540,3.5
11838,19542,35
11838,19544,1
11838,19557,16
11838,19558,25
11838,19559,2
11838,19565,6
11838,19568,2
11838,19570,4
11838,19572,4
11838,19578,1
11838,19585,2
11838,19586,2
11838,19593,3
11838,19604,6
11838,19607,12
11838,19609,54
11838,19610,45
11838,19611,26
11838,19614,2
11838,19615,5
11838,19635,1
11838,19643,5
11838,19644,1
11838,19645,2
11838,19646,3
11838,19647,32
11838,19652,2
11838,19653,2
11838,19656,2
11838,19664,1
11838,19681,2
11838,19813,2
11838,19814,2
11839,19530,2
11839,19531,9
11839,19532,15
11839,19533,7
11839,19539,2
11839,19540,2
11839,19541,21
11839,19542,15
11839,19543,6
11839,19548,2
11839,19550,1
11839,19555,4
11839,19556,16
11839,19557,48
11839,19558,47
11839,19574,3
11839,19578,4
11839,19581,4
11839,19591,2
11839,19610,33
11839,19611,14
11839,19616,5
11839,19644,5
11839,19645,1
11839,19646,9
11839,19647,43
11839,19649,8
11839,19650,2
11839,19651,1
11839,19661,1
11839,19662,2
11839,19681,3
11839,19682,2
11839,19741,3
11839,19821,2
11840,19532,1
11840,19533,4
11840,19534,28
11840,19535,6
11840,19536,10
11840,19537,4
11840,19538,8
11840,19539,6
11840,19540,19
11840,19541,25
11840,19542,15
11840,19543,3
11840,19544,14
11840,19545,17
11840,19546,1
11840,19554,6
11840,19555,6
11840,19556,18
11840,19557,13
11840,19558,3
11840,19562,3
11840,19564,2
11840,19565,2
11840,19567,2
11840,19575,4
11840,19580,1
11840,19581,4
11840,19582,1
11840,19585,2
11840,19588,3
11840,19610,17
11840,19611,10
11840,19614,2
11840,19618,5
11840,19632,5
11840,19633,2
11840,19634,2
11840,19635,2
11840,19636,2
11840,19642,5
11840,19644,7
11840,19646,1
11840,19647,49
11840,19648,3
11840,19649,12
11840,19650,8
11840,19653,9
11840,19681,5
11840,19728,3
11840,19729,2
11841,19536,1
11841,19537,3
11841,19538,7
11841,19539,15
11841,19541,17
11841,19542,31
11841,19543,9
11841,19544,19.5
11841,19545,1
11841,19546,14
11841,19547,14.5
11841,19551,4
11841,19552,5
11841,19553,7
11841,19554,13.5
11841,19555,54
11841,19556,61
11841,19557,38
11841,19558,49
11841,19559,23
11841,19560,4
11841,19561,22.5
11841,19572,4
11841,19577,1
11841,19587,2
11841,19607,3
11841,19611,2
11841,19624,4
11841,19628,2
11841,19633,1
11841,19635,2
11841,19637,4
11841,19640,4
11841,19641,4
11841,19644,14
11841,19645,15
11841,19646,28
11841,19647,133
11841,19648,26.5
11841,19649,10
11841,19650,4
11841,19652,2
11841,19658,1
11841,19661,1
11841,19715,2
11841,19723,4
11841,19734,1
11841,19737,2
11841,19738,6
11841,19763,3
11842,19529,3
11842,19534,4
11842,19535,1
11842,19536,10
11842,19537,8
11842,19539,6
11842,19541,1
11842,19542,14
11842,19543,4
11842,19544,4
11842,19545,10
11842,19546,12
11842,19547,16
11842,19548,7
11842,19550,5
11842,19553,15
11842,19554,15
11842,19555,61
11842,19556,77
11842,19557,40
11842,19558,23
11842,19559,33
11842,19560,39
11842,19561,38.5
11842,19566,2.5
11842,19567,4
11842,19584,5
11842,19609,2
11842,19611,2
11842,19617,1
11842,19624,6
11842,19625,8
11842,19628,2
11842,19629,3
11842,19644,7
11842,19645,17
11842,19646,43.5
11842,19647,130
11842,19648,20
11842,19649,9
11842,19650,2
11842,19652,2
11842,19653,1.5
11842,19695,2
11842,19722,5
11842,19732,15
11842,19733,2
11842,19734,10
11842,19738,2
11842,19739,3
11842,19741,2
11842,19763,13
11842,19764,5
11842,19801,1
11843,19530,2
11843,19532,4
11843,19535,17
11843,19536,28
11843,19537,2
11843,19538,4
11843,19543,2
11843,19544,6
11843,19545,4
11843,19548,2
11843,19550,4
11843,19551,4
11843,19553,13
11843,19554,50
11843,19555,47
11843,19556,69
11843,19557,50
11843,19559,2
11843,19567,2
11843,19568,1
11843,19569,1
11843,19575,2
11843,19579,10
11843,19608,4
11843,19609,3
11843,19610,2
11843,19620,1
11843,19625,3
11843,19636,8
11843,19642,5
11843,19644,6
11843,19645,28
11843,19646,27
11843,19647,21
11843,19648,20
11843,19649,32
11843,19650,43
11843,19651,4
11843,19653,2
11843,19657,4
11843,19658,2
11843,19659,3
11843,19712,1
11843,19715,1
11843,19716,3
11843,19722,1
11843,19724,4
11843,19766,6
11843,19798,5
11843,19808,2
11844,19530,4
11844,19535,12
11844,19536,51.5
11844,19537,2
11844,19538,2
11844,19539,6
11844,19540,7
11844,19542,20
11844,19543,35
11844,19547,1
11844,19553,2
11844,19554,58.5
11844,19555,62
11844,19558,3
11844,19563,7
11844,19564,1
11844,19569,3
11844,19579,7
11844,19582,2
11844,19609,4
11844,19623,2
11844,19628,7
11844,19629,3
11844,19637,10
11844,19638,5
11844,19639,2
11844,19645,4
11844,19646,23
11844,19647,60
11844,19648,41.5
11844,19649,35
11844,19650,2
11844,19652,5
11844,19653,9
11844,19747,2
11844,19748,2
11844,19763,1
11844,19797,2
11845,19536,2
11845,19542,17
11845,19543,26
11845,19544,3
11845,19550,1
11845,19551,2
11845,19553,1
11845,19558,2
11845,19561,5
11845,19579,4
11845,19624,4
11845,19625,2
11845,19628,2
11845,19631,1
11845,19638,2
11845,19639,5
11845,19640,2
11845,19646,5
11845,19647,26
11845,19648,17.5
11845,19649,18
11845,19650,3
11845,19653,3
11845,19659,1
11845,19707,1
11845,19708,3
11845,19737,4
11845,19740,6
11845,19743,2
11845,19747,1
11845,19748,3
11845,19760,13
11845,19783,2
11845,19786,2
11845,19797,7
11845,19812,5
11846,19534,5
11846,19542,19.5
11846,19543,36
11846,19544,54
11846,19545,2
11846,19552,2
11846,19554,6
11846,19559,4
11846,19611,3
11846,19619,3
11846,19625,1
11846,19629,3
11846,19631,8
11846,19633,4
11846,19641,5
11846,19642,5
11846,19643,4
11846,19644,2
11846,19645,1
11846,19647,7
11846,19648,3.5
11846,19649,2
11846,19650,5
11846,19658,1
11846,19659,1
11846,19708,2
11846,19713,6
11846,19714,2
11846,19722,2
11846,19743,4
11846,19744,1
11846,19750,2
11846,19759,2
11846,19760,9
11846,19761,1
11846,19799,5
11847,19535,4
11847,19542,5
11847,19543,5
11847,19544,53
11847,19545,41.5
11847,19551,5
11847,19552,2
11847,19554,9
11847,19555,2
11847,19612,2
11847,19622,4
11847,19626,3
11847,19630,4
11847,19633,3
11847,19643,4
11847,19644,4
11847,19647,4
11847,19655,3
11847,19664,1
11847,19665,4
11847,19707,2
11847,19711,5
11847,19715,1
11847,19716,2
11847,19735,9
11847,19745,3
11847,19750,3.5
11847,19752,4
11848,19526,5
11848,19542,1
11848,19544,11
11848,19545,23
11848,19613,2
11848,19643,1
11848,19644,2
11848,19647,1
11848,19648,2
11848,19650,2
11848,19652,3
11848,19654,2
11848,19657,5
11848,19669,4
11848,19672,3
11848,19699,1
11848,19702,3
11848,19719,5
11848,19730,12.5
11848,19731,9
11848,19732,7
11848,19737,4
11848,19738,3
11848,19748,1
11848,19750,6
11849,19544,3
11849,19545,8
11849,19552,2
11849,19615,4
11849,19626,1
11849,19632,4
11849,19634,3
11849,19645,4
11849,19646,2
11849,19647,2
11849,19648,1
11849,19654,1
11849,19657,1
11849,19673,4
11849,19705,5
11849,19719,9
11849,19720,1
11849,19721,1.5
11849,19725,2
11849,19728,5
11849,19729,2
11849,19732,9
11849,19747,9
11849,19748,17
11849,19749,7
11849,19782,1
11850,19526,6
11850,19550,4
11850,19551,3
11850,19625,3
11850,19626,2
11850,19636,3
11850,19637,1
11850,19646,1
11850,19647,3
11850,19648,6
11850,19650,2
11850,19652,4
11850,19655,4
11850,19656,3
11850,19672,3
11850,19673,1
11850,19704,2
11850,19705,5
11850,19706,5
11850,19707,1
11850,19718,2
11850,19738,3
11850,19746,4
11850,19747,4
11850,19748,38
11850,19749,10
11851,19523,5
11851,19526,1
11851,19551,7
11851,19619,1
11851,19625,2
11851,19632,4
11851,19633,3
11851,19639,2
11851,19643,4
11851,19648,1
11851,19652,1
11851,19656,5
11851,19678,4
11851,19705,2
11851,19721,4
11851,19725,2
11851,19728,4
11851,19747,1
11851,19748,3
11852,19525,2
11852,19526,8
11852,19537,1
11852,19539,8
11852,19544,2
11852,19552,4
11852,19553,2
11852,19554,3
11852,19629,2
11852,19630,5
11852,19632,8
11852,19633,6
11852,19634,2
11852,19635,5
11852,19639,4
11852,19641,2
11852,19651,2
11852,19652,2
11852,19654,7
11852,19655,8
11852,19673,15
11852,19679,1
11852,19693,2
11852,19714,2
11852,19720,2
11852,19733,2
11852,19776,2
11852,19779,2
11853,19523,1
11853,19524,9
11853,19525,4
11853,19526,2
11853,19528,3
11853,19531,3
11853,19532,2
11853,19534,1
11853,19552,3
11853,19553,5
11853,19559,5
11853,19632,37
11853,19633,48
11853,19634,38
11853,19640,1
11853,19641,10
11853,19642,14
11853,19652,6
11853,19655,14
11853,19658,5
11853,19678,9
11853,19679,13
11853,19680,4
11853,19694,5
11853,19714,2
11853,19720,6
11853,19721,3
11853,19722,3
11853,19726,1
11853,19774,1
11853,19775,2
11853,19776,2
11853,19801,1
11854,19524,5
11854,19526,2
11854,19527,2
11854,19532,4
11854,19534,2
11854,19545,1
11854,19557,1
11854,19617,1
11854,19629,4
11854,19632,64
11854,19633,126.5
11854,19634,51
11854,19635,2
11854,19636,2
11854,19639,6
11854,19640,4
11854,19642,1
11854,19643,2
11854,19644,3
11854,19645,4
11854,19658,7
11854,19660,2
11854,19678,6
11854,19679,12.5
11854,19699,1
11854,19713,2
11854,19714,3.5
11854,19717,1
11854,19720,21
11854,19721,3
11854,19724,3
11854,19725,2
11855,19526,2
11855,19527,4
11855,19529,4
11855,19535,2
11855,19546,2
11855,19547,2
11855,19557,3
11855,19632,98
11855,19633,45
11855,19634,23
11855,19640,4
11855,19644,2
11855,19646,1
11855,19647,5
11855,19652,5
11855,19654,4
11855,19658,1
11855,19713,3
11855,19718,4
11855,19719,5
11855,19721,6
11855,19722,17
11855,19723,26
11855,19724,2
11855,19725,1
11855,19740,1
11855,19776,2
11856,19524,11
11856,19525,4
11856,19526,4
11856,19528,6
11856,19529,6
11856,19530,3
11856,19534,2
11856,19554,4
11856,19619,1
11856,19629,5
11856,19631,3
11856,19632,29
11856,19633,33.5
11856,19634,36
11856,19638,4
11856,19647,2
11856,19654,2
11856,19677,3
11856,19709,9
11856,19721,33
11856,19722,50.5
11856,19723,15
11856,19733,1
11857,19493,6
11857,19520,2
11857,19523,2
11857,19524,24
11857,19525,21
11857,19526,19
11857,19528,1
11857,19529,2
11857,19530,3
11857,19531,1
11857,19549,1
11857,19554,2
11857,19555,4
11857,19557,4
11857,19558,1
11857,19560,2
11857,19562,2
11857,19613,4
11857,19614,1
11857,19616,1
11857,19622,1
11857,19630,6
11857,19631,5
11857,19632,29
11857,19633,30
11857,19634,4
11857,19640,2
11857,19648,2
11857,19654,2
11857,19655,14
11857,19656,3
11857,19657,1
11857,19658,2
11857,19677,1
11857,19721,6
11857,19723,1
11857,19739,2
11857,19749,4
11857,19778,1
11857,19795,1
11858,19483,1
11858,19484,13
11858,19485,8
11858,19486,1
11858,19488,8
11858,19489,3
11858,19490,5
11858,19492,2
11858,19520,1
11858,19521,1
11858,19523,26
11858,19524,29
11858,19525,53
11858,19526,25
11858,19527,20
11858,19528,5
11858,19529,4
11858,19530,5
11858,19547,6
11858,19548,1
11858,19549,4
11858,19550,6
11858,19553,11
11858,19554,2
11858,19555,2
11858,19557,1
11858,19558,2
11858,19559,3
11858,19621,4
11858,19630,3
11858,19634,2
11858,19635,2
11858,19636,4
11858,19638,2
11858,19642,10
11858,19655,6
11858,19659,2
11858,19661,11
11858,19666,2
11858,19726,1
11858,19748,4
11858,19749,28
11858,19750,1
11858,19771,1
11858,19783,1
11858,19794,2.5
11859,19479,8
11859,19483,5
11859,19485,10
11859,19486,1
11859,19490,2
11859,19505,24.5
11859,19506,116.5
11859,19507,25
11859,19508,4
11859,19510,4.5
11859,19520,3
11859,19521,2
11859,19522,25
11859,19523,12
11859,19524,5
11859,19525,9
11859,19526,16
11859,19527,37
11859,19528,16
11859,19529,7
11859,19531,2
11859,19533,5
11859,19554,1
11859,19556,6
11859,19560,3
11859,19630,3
11859,19634,4
11859,19638,9
11859,19647,2
11859,19650,1
11859,19666,3
11859,19724,2
11859,19734,1
11859,19749,6
11859,19750,3
11859,19788,3
11860,19476,12
11860,19505,25
11860,19506,46
11860,19507,4
11860,19509,16
11860,19510,2
11860,19521,18.5
11860,19522,20.5
11860,19523,5
11860,19525,1
11860,19526,22
11860,19527,23
11860,19528,31
11860,19529,23
11860,19530,2
11860,19531,5
11860,19532,1
11860,19536,2
11860,19547,5
11860,19548,1
11860,19550,3
11860,19551,7
11860,19552,2
11860,19554,5.5
11860,19556,2
11860,19562,5
11860,19622,3
11860,19637,1
11860,19641,2
11860,19646,2
11860,19647,2
11860,19648,3
11860,19651,8
11860,19658,1
11860,19662,2
11860,19663,3
11860,19666,2
11860,19679,1
11860,19694,1
11860,19695,2
11860,19733,3
11860,19734,3
11860,19745,1
11860,19764,1
11860,19767,4
11860,19782,14
11860,19783,3
11860,19785,1
11860,19787,2
11860,19788,5
11860,19789,1
11860,19791,1
11860,19795,3
11861,19483,10.5
11861,19491,2
11861,19508,2
11861,19509,5
11861,19510,11
11861,19511,6
11861,19512,2
11861,19520,2
11861,19521,4
11861,19522,18
11861,19523,4
11861,19524,76.5
11861,19525,4
11861,19526,18
11861,19527,15
11861,19528,7
11861,19529,4
11861,19531,2
11861,19532,8
11861,19533,6
11861,19546,4.5
11861,19548,2
11861,19549,9
11861,19550,3
11861,19553,68
11861,19554,70
11861,19555,36
11861,19556,42
11861,19558,1
11861,19560,2
11861,19617,2
11861,19645,3
11861,19647,4
11861,19648,2
11861,19649,3
11861,19650,6
11861,19651,1
11861,19653,1
11861,19658,6
11861,19660,6
11861,19661,1
11861,19663,2
11861,19665,3
11861,19666,11
11861,19667,6
11861,19695,1
11861,19697,1
11861,19698,4
11861,19734,6
11861,19735,4
11861,19787,2
11862,19472,4
11862,19473,2
11862,19479,2
11862,19480,5
11862,19481,3
11862,19484,3
11862,19485,5
11862,19486,7
11862,19489,4
11862,19509,4
11862,19510,7
11862,19511,2
11862,19512,6
11862,19519,3
11862,19521,3
11862,19522,5
11862,19524,60.5
11862,19525,11
11862,19526,2
11862,19527,6
11862,19530,4
11862,19533,8
11862,19538,2
11862,19552,9
11862,19553,30.5
11862,19554,21
11862,19555,51.5
11862,19556,19.5
11862,19557,1
11862,19558,2
11862,19559,2
11862,19634,2
11862,19650,2
11862,19651,7
11862,19653,5
11862,19655,7
11862,19658,9
11862,19659,6.5
11862,19660,2
11862,19661,7
11862,19664,8
11862,19665,3
11862,19666,6
11862,19667,1
11862,19668,3
11862,19679,3
11862,19745,2
11862,19746,1
11862,19747,3
11862,19748,2
11863,19478,1
11863,19481,4
11863,19490,4
11863,19507,6
11863,19510,2
11863,19511,2
11863,19512,5
11863,19524,5
11863,19525,29
11863,19526,20
11863,19527,2
11863,19529,1
11863,19530,3
11863,19532,4
11863,19533,8
11863,19534,4
11863,19535,2.5
11863,19541,1
11863,19542,13
11863,19550,3
11863,19551,11
11863,19552,10
11863,19553,16
11863,19554,36
11863,19555,79
11863,19556,2
11863,19557,8
11863,19558,3
11863,19559,1
11863,19565,2
11863,19566,1
11863,19622,1
11863,19623,2
11863,19637,2
11863,19638,20
11863,19645,7
11863,19647,5
11863,19648,3
11863,19649,5
11863,19651,7
11863,19653,3
11863,19654,4
11863,19656,2
11863,19657,1
11863,19659,6
11863,19660,7
11863,19661,1
11863,19662,4
11863,19663,2
11863,19664,2
11863,19665,6
11863,19667,3
11863,19668,3
11863,19680,2
11863,19681,1
11863,19715,6
11863,19717,1.5
11863,19727,3
11863,19737,2
11863,19742,1
11863,19746,9
11863,19747,10
11864,19477,2
11864,19483,4
11864,19485,5
11864,19506,4
11864,19507,5
11864,19511,7
11864,19512,4
11864,19513,2
11864,19521,15
11864,19522,23
11864,19524,25
11864,19525,46
11864,19526,16
11864,19527,26
11864,19538,2
11864,19547,4
11864,19550,17
11864,19551,13
11864,19552,6
11864,19555,2
11864,19556,25
11864,19557,22
11864,19559,4
11864,19563,1
11864,19564,2
11864,19632,1
11864,19651,5
11864,19652,3
11864,19653,3
11864,19656,7
11864,19657,13
11864,19658,24
11864,19659,19
11864,19660,5.5
11864,19661,1
11864,19662,11
11864,19663,2
11864,19664,2
11864,19665,2
11864,19666,2
11864,19667,7
11864,19668,5
11864,19669,6
11864,19670,2
11864,19699,6
11864,19738,2
11864,19793,3
11865,19480,2
11865,19483,2
11865,19490,2
11865,19510,4
11865,19512,36
11865,19513,17
11865,19514,15
11865,19520,2
11865,19521,2
11865,19522,29
11865,19523,33
11865,19524,16
11865,19525,20
11865,19527,12
11865,19528,15
11865,19534,2
11865,19550,5
11865,19552,2
11865,19553,6
11865,19554,1
11865,19556,4
11865,19557,8
11865,19558,5
11865,19620,2
11865,19622,5
11865,19647,3
11865,19648,2
11865,19651,1
11865,19654,7
11865,19655,1
11865,19656,12
11865,19657,42
11865,19658,132
11865,19659,134.5
11865,19660,111
11865,19661,42
11865,19662,2
11865,19663,3.5
11865,19664,11
11865,19665,7
11865,19666,1
11865,19667,3
11865,19668,1
11865,19669,10
11865,19670,2
11865,19678,2
11865,19695,2
11865,19697,2
11865,19698,3
11865,19703,1
11865,19709,1
11865,19714,2
11866,19473,4
11866,19477,3
11866,19478,2
11866,19482,3
11866,19483,2
11866,19484,3
11866,19485,23
11866,19486,9
11866,19509,9
11866,19510,4
11866,19511,37
11866,19512,147.5
11866,19513,108
11866,19514,56
11866,19515,42
11866,19520,10
11866,19521,23
11866,19522,43.5
11866,19523,34
11866,19524,4
11866,19526,1
11866,19532,5
11866,19539,2
11866,19540,6
11866,19541,2
11866,19543,1
11866,19544,2
11866,19557,4
11866,19560,5
11866,19618,7
11866,19619,1
11866,19625,4
11866,19633,1
11866,19635,5
11866,19644,3
11866,19652,5
11866,19653,3
11866,19656,11
11866,19657,14
11866,19658,44
11866,19659,115
11866,19660,221.5
11866,19661,104
11866,19662,63
11866,19663,112
11866,19664,20
11866,19666,1
11866,19667,4
11866,19668,27
11866,19669,25
11866,19670,30
11866,19671,11
11866,19678,7
11866,19715,4
11867,19474,3
11867,19477,8
11867,19478,4
11867,19482,3
11867,19484,29
11867,19485,105.5
11867,19486,58
11867,19491,2
11867,19505,3
11867,19506,6
11867,19509,14
11867,19510,16
11867,19511,32
11867,19512,94.5
11867,19513,131.5
11867,19514,66.5
11867,19515,81
11867,19516,4
11867,19520,65.5
11867,19521,91.5
11867,19522,81
11867,19523,8
11867,19525,8
11867,19527,6
11867,19528,1
11867,19530,2
11867,19533,1
11867,19540,24
11867,19542,2
11867,19554,2
11867,19555,2
11867,19556,1
11867,19626,2
11867,19628,1
11867,19633,4
11867,19654,1
11867,19655,6
11867,19656,6
11867,19657,41
11867,19658,64.5
11867,19659,48
11867,19660,82.5
11867,19661,112
11867,19662,168.5
11867,19663,114
11867,19664,61.5
11867,19665,44
11867,19666,5
11867,19667,35.5
11867,19668,13
11867,19669,24.5
11867,19670,17
11867,19671,22
11867,19697,1
11867,19710,6
11867,19735,6
11868,19477,7
11868,19478,4.5
11868,19484,44
11868,19485,65.5
11868,19486,49
11868,19507,10
11868,19509,7
11868,19510,8
11868,19511,40
11868,19512,105
11868,19513,81
11868,19514,70.5
11868,19515,73
11868,19516,8
11868,19517,8
11868,19518,8.5
11868,19519,38
11868,19520,83
11868,19521,36.5
11868,19522,25
11868,19525,35.5
11868,19527,5
11868,19528,10
11868,19529,28
11868,19537,10
11868,19538,15
11868,19540,7
11868,19541,11
11868,19542,3
11868,19543,6
11868,19545,1
11868,19551,3
11868,19552,5
11868,19555,2
11868,19556,10
11868,19624,2
11868,19633,1
11868,19635,1
11868,19638,3
11868,19643,1
11868,19647,3
11868,19649,3
11868,19655,5
11868,19657,6
11868,19658,31
11868,19659,57
11868,19660,55
11868,19661,30.5
11868,19662,153.5
11868,19663,217
11868,19664,205
11868,19665,201
11868,19666,329.5
11868,19667,97.5
11868,19668,13
11868,19669,11
11868,19670,6
11868,19671,15
11868,19672,1
11868,19697,4
11868,19698,9
11868,19713,3
11868,19714,3
11868,19735,11
11868,19736,3
11868,19775,2
11869,19480,3
11869,19482,6
11869,19484,30
11869,19485,36.5
11869,19486,6
11869,19493,1
11869,19507,4
11869,19509,5
11869,19510,47.5
11869,19511,94
11869,19512,66.5
11869,19513,72.5
11869,19514,24
11869,19515,31.5
11869,19516,45.5
11869,19517,55
11869,19518,37
11869,19519,59.5
11869,19520,21
11869,19524,4
11869,19525,37
11869,19530,1
11869,19540,35
11869,19541,23
11869,19542,23
11869,19543,27
11869,19544,8
11869,19548,2
11869,19556,9
11869,19624,6
11869,19635,1
11869,19639,4
11869,19645,2
11869,19652,4
11869,19653,3
11869,19654,4
11869,19655,6
11869,19656,7
11869,19657,15
11869,19658,66.5
11869,19659,33.5
11869,19660,102.5
11869,19661,66.5
11869,19662,156
11869,19663,152.5
11869,19664,80
11869,19665,75
11869,19666,61
11869,19668,5
11869,19669,5
11869,19670,4
11869,19671,2
11869,19698,6
11869,19701,4
11869,19714,3
11869,19736,5
11870,19482,3
11870,19484,9
11870,19485,46
11870,19486,1
11870,19491,3
11870,19492,5
11870,19504,2
11870,19507,5
11870,19509,2
11870,19510,2
11870,19511,26
11870,19512,161
11870,19513,84
11870,19514,348.5
11870,19515,45
11870,19516,24
11870,19517,44
11870,19518,67
11870,19519,41.5
11870,19520,1
11870,19521,1
11870,19522,10
11870,19526,3
11870,19529,4
11870,19536,1
11870,19539,22
11870,19540,12
11870,19541,2
11870,19542,2
11870,19543,4
11870,19544,2
11870,19549,1
11870,19550,4
11870,19555,2
11870,19556,4
11870,19557,4
11870,19558,5
11870,19560,1
11870,19639,3
11870,19645,2
11870,19646,3
11870,19647,7.5
11870,19652,7
11870,19655,1
11870,19656,14
11870,19657,8
11870,19658,52
11870,19659,3
11870,19660,164
11870,19661,63.5
11870,19662,224.5
11870,19663,41
11870,19664,92
11870,19665,34
11870,19666,32
11870,19668,24
11870,19669,28
11870,19670,16
11870,19671,4
11870,19692,4
11870,19699,2
11870,19715,8
11870,19716,19
11870,19717,4
11870,19781,2
11871,19477,2
11871,19479,3
11871,19483,6
11871,19484,2
11871,19485,94
11871,19486,44
11871,19487,28
11871,19493,4
11871,19503,3
11871,19509,6
11871,19510,75
11871,19511,62
11871,19512,60.5
11871,19513,39
11871,19514,269
11871,19515,192.5
11871,19516,250
11871,19517,44
11871,19518,71
11871,19519,89
11871,19520,59.5
11871,19526,21
11871,19527,10
11871,19540,5
11871,19543,5
11871,19545,2
11871,19552,6
11871,19555,4
11871,19621,1
11871,19626,3
11871,19636,2
11871,19655,1
11871,19657,54.5
11871,19658,21
11871,19659,2
11871,19660,36
11871,19661,51
11871,19662,48
11871,19663,38
11871,19664,27
11871,19665,28
11871,19666,4
11871,19668,8
11871,19669,18
11871,19670,21
11871,19779,13
11871,19780,3
11872,19472,8
11872,19475,2
11872,19478,4
11872,19483,2
11872,19484,12
11872,19485,35
11872,19486,110
11872,19508,3
11872,19510,34
11872,19511,110
11872,19512,57.5
11872,19513,113.5
11872,19514,50.5
11872,19515,87
11872,19516,182.5
11872,19517,131.5
11872,19518,409
11872,19519,47
11872,19520,54.5
11872,19521,66
11872,19522,25
11872,19523,16.5
11872,19524,6
11872,19525,3
11872,19526,39
11872,19527,12
11872,19538,5
11872,19548,2
11872,19551,5
11872,19552,7
11872,19559,7
11872,19632,1
11872,19636,4
11872,19644,23
11872,19645,20
11872,19653,1
11872,19654,2
11872,19656,2
11872,19657,61.5
11872,19658,10
11872,19659,1
11872,19660,3
11872,19661,28
11872,19662,6
11872,19663,2
11872,19664,6
11872,19665,7
11872,19666,3
11872,19669,13
11872,19670,6
11872,19698,9
11872,19706,1
11872,19712,1
11872,19714,4.5
11872,19771,1
11872,19779,6
11872,19780,2
11873,19473,3
11873,19474,1
11873,19478,1
11873,19480,2
11873,19486,122.5
11873,19487,4
11873,19489,3
11873,19493,5
11873,19508,1.5
11873,19509,5
11873,19510,43
11873,19511,18
11873,19512,41
11873,19513,34
11873,19514,105
11873,19515,150
11873,19516,99
11873,19517,119.5
11873,19518,44
11873,19519,116.5
11873,19520,169
11873,19521,18
11873,19522,14
11873,19523,2
11873,19524,1
11873,19527,1
11873,19540,5
11873,19552,48
11873,19553,8
11873,19554,2
11873,19557,5
11873,19558,9
11873,19559,5
11873,19561,1
11873,19562,8
11873,19640,9
11873,19647,2
11873,19648,2
11873,19653,2
11873,19656,8
11873,19657,10
11873,19658,11
11873,19660,2
11873,19661,1.5
11873,19663,3
11873,19664,9
11873,19665,5
11873,19668,4
11873,19669,2
11873,19671,1
11873,19674,3
11873,19690,1
11873,19715,3
11873,19779,5
11874,19474,1
11874,19475,3
11874,19493,4
11874,19494,1
11874,19504,1
11874,19507,4
11874,19509,3
11874,19510,10
11874,19511,4
11874,19512,87.5
11874,19513,92
11874,19514,66
11874,19515,62
11874,19516,108
11874,19517,81
11874,19518,55.5
11874,19519,86
11874,19520,69
11874,19521,68
11874,19522,41
11874,19523,2
11874,19525,4
11874,19545,5.5
11874,19546,4
11874,19549,4
11874,19550,6
11874,19551,26
11874,19552,43
11874,19553,14
11874,19554,4
11874,19558,10
11874,19560,2
11874,19566,1
11874,19646,2
11874,19649,3
11874,19650,2
11874,19655,5
11874,19656,4
11874,19657,5
11874,19658,4
11874,19659,1
11874,19660,2
11874,19668,2
11874,19670,3
11874,19671,16
11874,19672,2
11874,19674,8
11874,19675,24
11874,19676,9
11874,19678,4
11874,19716,3
11874,19717,2
11874,19765,5
11874,19766,19.5
11874,19778,1
11874,19782,5
11875,19478,4.5
11875,19485,8
11875,19486,1
11875,19489,8
11875,19491,1
11875,19493,2
11875,19495,2
11875,19505,8
11875,19512,51.5
11875,19513,42
11875,19514,90
11875,19515,51
11875,19516,2
11875,19517,12
11875,19518,30
11875,19519,151.5
11875,19520,58.5
11875,19521,155
11875,19522,65.5
11875,19523,28
11875,19525,2
11875,19526,2
11875,19545,6
11875,19548,6
11875,19549,8
11875,19550,16
11875,19551,26
11875,19552,69
11875,19553,72
11875,19554,32
11875,19557,4
11875,19558,5
11875,19639,2
11875,19653,1
11875,19657,6
11875,19658,2
11875,19659,3
11875,19661,6
11875,19662,2
11875,19663,6
11875,19667,4
11875,19670,2
11875,19671,4
11875,19674,8
11875,19675,26
11875,19676,7
11875,19677,15
11875,19678,10
11875,19707,2
11875,19716,4
11875,19718,1
11875,19766,1
11875,19772,2
11875,19781,1
11876,19477,4
11876,19483,1
11876,19491,2
11876,19504,3
11876,19505,16
11876,19506,8
11876,19507,27
11876,19512,15
11876,19513,33
11876,19514,13
11876,19520,9
11876,19521,36
11876,19522,21
11876,19523,1
11876,19526,2
11876,19527,2
11876,19548,6
11876,19549,44
11876,19550,2
11876,19551,52
11876,19552,56
11876,19553,62
11876,19554,26
11876,19555,9
11876,19557,4
11876,19558,2
11876,19559,1
11876,19567,10
11876,19639,7
11876,19641,1
11876,19653,6
11876,19655,1
11876,19656,5
11876,19658,4
11876,19660,1
11876,19674,3
11876,19675,3.5
11876,19676,21
11876,19677,18.5
11876,19678,45
11876,19683,4
11876,19684,1
11876,19685,3
11876,19686,1
11876,19687,1
11876,19690,2
11876,19696,2
11876,19711,1
11876,19714,1
11876,19772,1
11876,19781,1
11877,19474,1
11877,19481,5
11877,19483,3
11877,19489,2
11877,19495,1
11877,19506,45
11877,19507,37
11877,19508,2
11877,19512,21
11877,19513,15
11877,19518,3
11877,19519,2
11877,19520,2
11877,19522,1
11877,19527,4
11877,19528,1
11877,19535,5
11877,19547,5
11877,19548,4
11877,19549,4
11877,19550,2
11877,19551,41
11877,19552,67.5
11877,19553,38.5
11877,19554,25
11877,19555,1
11877,19556,11
11877,19557,1
11877,19558,11
11877,19559,3
11877,19560,2
11877,19561,8
11877,19562,6
11877,19564,13
11877,19640,3
11877,19647,2
11877,19648,6
11877,19652,2
11877,19653,11
11877,19657,6
11877,19659,4
11877,19674,6
11877,19675,19
11877,19676,4
11877,19677,32
11877,19678,11
11877,19682,1
11877,19683,12
11877,19684,1
11877,19685,49
11877,19686,51
11877,19688,1
11877,19689,2
11877,19692,1
11877,19701,1
11877,19707,2
11877,19720,1
11877,19721,1
11877,19723,3
11878,19478,3
11878,19483,12
11878,19485,4
11878,19487,10.5
11878,19489,2
11878,19501,8
11878,19512,5
11878,19518,11
11878,19519,3
11878,19521,4
11878,19522,2
11878,19523,3
11878,19524,5
11878,19526,3
11878,19527,20
11878,19528,4
11878,19548,4
11878,19550,13
11878,19551,9
11878,19552,23.5
11878,19553,62
11878,19554,3
11878,19558,1
11878,19564,2
11878,19565,7
11878,19645,2
11878,19651,6
11878,19652,10
11878,19654,2
11878,19657,1
11878,19674,8
11878,19675,2
11878,19676,13
11878,19677,27
11878,19678,2
11878,19684,4
11878,19686,15
11878,19687,4
11878,19689,2
11878,19698,7
11878,19699,4
11878,19700,15
11878,19701,20
11878,19702,7
11878,19755,1
11879,19473,5
11879,19474,3
11879,19475,5
11879,19477,6
11879,19485,3.5
11879,19486,4
11879,19489,9
11879,19490,3
11879,19491,3
11879,19493,3
11879,19494,6
11879,19512,28
11879,19514,3
11879,19515,2
11879,19516,2
11879,19517,6
11879,19519,1
11879,19520,3
11879,19521,2
11879,19523,2
11879,19525,2
11879,19528,4
11879,19529,6
11879,19530,2
11879,19537,3
11879,19550,4
11879,19553,2
11879,19554,1
11879,19557,1
11879,19565,11
11879,19566,1
11879,19644,11
11879,19648,2
11879,19653,1
11879,19654,5
11879,19655,2
11879,19675,8
11879,19676,16
11879,19686,4
11879,19687,27
11879,19692,2
11879,19693,1
11879,19698,1
11879,19703,73
11879,19704,7
11879,19706,4
11879,19717,1
11879,19754,6
11879,19782,4
11880,19479,1
11880,19485,1
11880,19487,3.5
11880,19489,38.5
11880,19490,56.5
11880,19491,1
11880,19496,1
11880,19497,3
11880,19511,12
11880,19512,4
11880,19518,4
11880,19519,6
11880,19520,1
11880,19521,5
11880,19524,4
11880,19525,4
11880,19528,4
11880,19530,3
11880,19534,6
11880,19537,1
11880,19538,2
11880,19548,1
11880,19549,9
11880,19550,10
11880,19552,4
11880,19553,4
11880,19556,3
11880,19558,3
11880,19561,2
11880,19650,4
11880,19652,2
11880,19655,3
11880,19674,2
11880,19675,16
11880,19677,1
11880,19680,5
11880,19682,2
11880,19687,9
11880,19688,3
11880,19703,3
11880,19704,10
11880,19705,1
11880,19720,3
11880,19756,1
11881,19472,4
11881,19473,9
11881,19474,5
11881,19476,3
11881,19478,8.5
11881,19481,11
11881,19485,4
11881,19486,4
11881,19487,8
11881,19488,9
11881,19489,49.5
11881,19490,83.5
11881,19493,4
11881,19494,3
11881,19495,3
11881,19510,1
11881,19512,1
11881,19518,10
11881,19520,5
11881,19523,3
11881,19532,16
11881,19533,10
11881,19535,2
11881,19549,4
11881,19550,7
11881,19551,5
11881,19554,1
11881,19556,3
11881,19566,2
11881,19567,3
11881,19569,3
11881,19646,5
11881,19648,4
11881,19654,8
11881,19671,3
11881,19673,3
11881,19674,2
11881,19680,7
11881,19681,5
11881,19687,13
11881,19688,16
11881,19689,4
11881,19701,6
11881,19702,11
11881,19703,5
11881,19704,5
11881,19748,2
11881,19749,1
11881,19750,5
11881,19753,2
11882,19472,6
11882,19480,1
11882,19487,11
11882,19488,78.5
11882,19489,93
11882,19490,155
11882,19491,5
11882,19492,2
11882,19493,7
11882,19500,4
11882,19503,4
11882,19512,2
11882,19523,5
11882,19524,1
11882,19527,1
11882,19529,6
11882,19531,2
11882,19532,12
11882,19533,25
11882,19534,4
11882,19536,1
11882,19551,3
11882,19552,1
11882,19554,5
11882,19556,2
11882,19566,4
11882,19567,36
11882,19568,7
11882,19644,3
11882,19649,7
11882,19652,8
11882,19653,2
11882,19670,3
11882,19671,2
11882,19676,4
11882,19688,29
11882,19690,3
11882,19691,4
11882,19699,1
11882,19700,3
11882,19748,3
11882,19750,4
11883,19472,3
11883,19477,1
11883,19478,7
11883,19486,7
11883,19487,17
11883,19488,138.5
11883,19489,59
11883,19490,110
11883,19491,30
11883,19492,8.5
11883,19494,1
11883,19495,8
11883,19496,55.5
11883,19497,10.5
11883,19501,1
11883,19507,1
11883,19511,1
11883,19514,2
11883,19516,4
11883,19518,1
11883,19520,4
11883,19523,5
11883,19528,2
11883,19532,8
11883,19533,19
11883,19537,1
11883,19552,17.5
11883,19556,4
11883,19566,9
11883,19573,1
11883,19646,2
11883,19648,1
11883,19649,12
11883,19650,5
11883,19652,5
11883,19653,2
11883,19670,2
11883,19677,3
11883,19687,4
11883,19688,12
11883,19692,2
11883,19693,2
11883,19694,4
11883,19696,5
11883,19735,3
11883,19747,5
11883,19750,9
11884,19471,1
11884,19472,1
11884,19474,2
11884,19477,1
11884,19487,2
11884,19488,28.5
11884,19489,65
11884,19490,73.5
11884,19491,46
11884,19492,18
11884,19493,34
11884,19494,55
11884,19495,93
11884,19496,117
11884,19497,99.5
11884,19498,34
11884,19501,3
11884,19504,7
11884,19509,6
11884,19517,3
11884,19520,5
11884,19521,4
11884,19522,5
11884,19523,3
11884,19524,13
11884,19528,6
11884,19529,6
11884,19530,6
11884,19537,3
11884,19538,1
11884,19545,6
11884,19552,6
11884,19553,2
11884,19554,12
11884,19563,7
11884,19566,5
11884,19567,6
11884,19569,2
11884,19644,2
11884,19649,10
11884,19650,8
11884,19651,3
11884,19666,2
11884,19687,1
11884,19688,2
11884,19689,2
11884,19692,7
11884,19693,4
11884,19694,6
11884,19696,6
11884,19750,1
11885,19473,14
11885,19474,2
11885,19483,8
11885,19487,21
11885,19488,3
11885,19489,114
11885,19490,17
11885,19491,8
11885,19492,1
11885,19493,49.5
11885,19494,67.5
11885,19495,59
11885,19496,126
11885,19497,129
11885,19498,115
11885,19504,3
11885,19508,1
11885,19510,7
11885,19518,2
11885,19520,1
11885,19521,4
11885,19524,31
11885,19525,18
11885,19526,2
11885,19529,2
11885,19531,1
11885,19533,1
11885,19538,2
11885,19553,3
11885,19554,6
11885,19555,6
11885,19569,5
11885,19645,1
11885,19649,15
11885,19650,58.5
11885,19651,6
11885,19665,3
11885,19675,3
11885,19688,1
11885,19693,2
11885,19750,3
11886,19469,62
11886,19470,2
11886,19471,8
11886,19472,2
11886,19473,3
11886,19474,9
11886,19476,3
11886,19485,27
11886,19486,79
11886,19487,42
11886,19488,43
11886,19489,77
11886,19490,189.5
11886,19491,8
11886,19492,17.5
11886,19493,74.5
11886,19494,53
11886,19495,67.5
11886,19496,66
11886,19497,37
11886,19498,1
11886,19505,4
11886,19506,2
11886,19522,8
11886,19525,2
11886,19526,5
11886,19529,5
11886,19532,8
11886,19540,3
11886,19541,1
11886,19555,4
11886,19570,2
11886,19626,2
11886,19646,1
11886,19649,9
11886,19650,14.5
11886,19730,1
11887,19471,10
11887,19472,3
11887,19476,2
11887,19477,3
11887,19480,2
11887,19481,2
11887,19482,5
11887,19483,2
11887,19485,51.5
11887,19486,67.5
11887,19487,13
11887,19488,96
11887,19489,116.5
11887,19490,113
11887,19491,74
11887,19492,40
11887,19493,122.5
11887,19494,89
11887,19495,36
11887,19504,3
11887,19507,3
11887,19508,1
11887,19513,1
11887,19522,2
11887,19524,1
11887,19559,3
11887,19568,2
11887,19569,6
11887,19626,1
11887,19629,5
11887,19630,2
11887,19631,4
11887,19640,4
11887,19643,2
11887,19647,4
11887,19648,23
11887,19649,6
11887,19705,2
11887,19710,4
11887,19730,10
11888,19472,1
11888,19474,2
11888,19479,2
11888,19481,4
11888,19484,3
11888,19485,6
11888,19486,38
11888,19487,36
11888,19488,109.5
11888,19489,132.5
11888,19490,37
11888,19491,84
11888,19492,61.5
11888,19493,111
11888,19494,183.5
11888,19495,82.5
11888,19508,1
11888,19514,4
11888,19527,7
11888,19528,3
11888,19529,3
11888,19530,1
11888,19538,2
11888,19566,9
11888,19567,2
11888,19569,4
11888,19572,2
11888,19575,1
11888,19622,2
11888,19624,4
11888,19628,64
11888,19629,2
11888,19641,4
11888,19646,8
11888,19648,2
11888,19665,4
11888,19669,2
11888,19689,5
11888,19690,4
11888,19709,2
11888,19710,1
11888,19734,3
11889,19475,3
11889,19476,2
11889,19481,1
11889,19483,2
11889,19484,1
11889,19485,4
11889,19486,32
11889,19487,30
11889,19488,211
11889,19489,271
11889,19490,47
11889,19491,313.5
11889,19492,33
11889,19493,75.5
11889,19494,138
11889,19495,166.5
11889,19496,22.5
11889,19500,1
11889,19508,4
11889,19515,2
11889,19528,7
11889,19529,2
11889,19537,2
11889,19538,4
11889,19564,1
11889,19566,7
11889,19568,5
11889,19569,10
11889,19570,3
11889,19572,9
11889,19616,2
11889,19630,2
11889,19634,1
11889,19635,2
11889,19642,3
11889,19644,4
11889,19671,1
11889,19688,1
11889,19689,4.5
11889,19692,2
11889,19710,2
11889,19712,3
11889,19723,1
11889,19735,2
11889,19751,2
11890,19475,8
11890,19476,3
11890,19477,2
11890,19479,2
11890,19486,4
11890,19487,41
11890,19488,146.5
11890,19489,273.5
11890,19490,117
11890,19491,303
11890,19492,177.5
11890,19493,18
11890,19494,13
11890,19495,76
11890,19496,247
11890,19510,7
11890,19511,16
11890,19512,2
11890,19513,4
11890,19514,1
11890,19525,3
11890,19527,3
11890,19529,2
11890,19530,3
11890,19537,4
11890,19538,2
11890,19539,3
11890,19562,4
11890,19563,5
11890,19565,2
11890,19566,8
11890,19569,7
11890,19572,4
11890,19625,2
11890,19629,2
11890,19635,2
11890,19636,3
11890,19637,3
11890,19640,4
11890,19643,2
11890,19644,6
11890,19646,2
11890,19648,3
11890,19687,2.5
11890,19689,12
11890,19690,19.5
11890,19695,4
11890,19696,2
11890,19697,2
11890,19709,1
11890,19712,1
11890,19723,6
11890,19727,2
11890,19751,2
11891,19475,2
11891,19477,6
11891,19484,4
11891,19485,3
11891,19486,12
11891,19487,44
11891,19488,73
11891,19489,199
11891,19490,198
11891,19491,493
11891,19492,177.5
11891,19493,45.5
11891,19494,75
11891,19495,20
11891,19496,10
11891,19497,2
11891,19498,2
11891,19500,3
11891,19507,11.5
11891,19508,2
11891,19509,4
11891,19511,5
11891,19512,4
11891,19514,1
11891,19515,4
11891,19516,2
11891,19519,2
11891,19527,7
11891,19528,6
11891,19530,1
11891,19531,2
11891,19536,3
11891,19541,3
11891,19561,1
11891,19565,2
11891,19570,16
11891,19571,27
11891,19573,2
11891,19574,2
11891,19575,2
11891,19623,1
11891,19626,1
11891,19627,5
11891,19628,14
11891,19629,3
11891,19630,2
11891,19631,2
11891,19632,1
11891,19635,8.5
11891,19636,7.5
11891,19639,4
11891,19642,1
11891,19643,2
11891,19644,1
11891,19645,5
11891,19647,2
11891,19682,1
11891,19689,21
11891,19690,30
11891,19711,6
11891,19715,2
11891,19717,2
11891,19722,4
11891,19751,8
11891,19752,9.5
11892,19479,2
11892,19484,6
11892,19485,8
11892,19486,28
11892,19487,20
11892,19488,73
11892,19489,35
11892,19490,154.5
11892,19491,381
11892,19492,122
11892,19493,125.5
11892,19494,62
11892,19495,8
11892,19498,4
11892,19500,7.5
11892,19506,5
11892,19507,2
11892,19519,5
11892,19520,7
11892,19521,5
11892,19527,10
11892,19528,6
11892,19529,1
11892,19533,2
11892,19565,3
11892,19570,42
11892,19571,32
11892,19572,19.5
11892,19573,20
11892,19616,1
11892,19617,4
11892,19619,2
11892,19625,6
11892,19626,2
11892,19627,77
11892,19628,36
11892,19629,41
11892,19635,7
11892,19636,5
11892,19638,2
11892,19641,10
11892,19646,2
11892,19689,4
11892,19690,32
11892,19691,19
11892,19716,9
11892,19717,4
11892,19718,3
11892,19719,1
11892,19720,1
11892,19752,19
11892,19753,81
11892,19754,22
11893,19476,2
11893,19479,1
11893,19486,6
11893,19488,43
11893,19489,54
11893,19490,23
11893,19491,442.5
11893,19492,1
11893,19493,91.5
11893,19494,105
11893,19495,26
11893,19496,2
11893,19498,2
11893,19499,1.5
11893,19510,9
11893,19518,3
11893,19523,5
11893,19527,48
11893,19528,19
11893,19531,3
11893,19539,1
11893,19558,6
11893,19559,3
11893,19562,7
11893,19564,2
11893,19565,14
11893,19566,4
11893,19567,5
11893,19570,31
11893,19571,29
11893,19572,10
11893,19573,56
11893,19574,8
11893,19617,21
11893,19619,2
11893,19622,1
11893,19626,1
11893,19627,10
11893,19628,9
11893,19629,8
11893,19630,7
11893,19632,9
11893,19635,4
11893,19640,6
11893,19641,4
11893,19643,2
11893,19644,6
11893,19645,1
11893,19689,26
11893,19690,3
11893,19691,23
11893,19692,6
11893,19712,2
11893,19714,8
11893,19715,4
11893,19716,13
11893,19717,15
11893,19718,3
11893,19719,14
11893,19721,2
11893,19723,3
11893,19726,2
11893,19727,4
11893,19752,1
11893,19753,7
11894,19484,6
11894,19485,9
11894,19486,3
11894,19487,3
11894,19489,20
11894,19490,51
11894,19491,128
11894,19492,5
11894,19493,23
11894,19494,4
11894,19499,6
11894,19504,5
11894,19507,5
11894,19508,3
11894,19509,4
11894,19510,4
11894,19511,2
11894,19512,1
11894,19520,2
11894,19523,2
11894,19527,8
11894,19536,5
11894,19540,1
11894,19558,32
11894,19559,20
11894,19560,3
11894,19563,15
11894,19564,22
11894,19565,4
11894,19567,4
11894,19571,3
11894,19572,4
11894,19574,28.5
11894,19575,4
11894,19619,1
11894,19629,8
11894,19631,3
11894,19636,4
11894,19641,6
11894,19642,2
11894,19643,19
11894,19644,30
11894,19675,1
11894,19687,2
11894,19689,2
11894,19690,4
11894,19691,5
11894,19692,2
11894,19693,4
11894,19712,3
11894,19714,11
11894,19715,33
11894,19717,4
11894,19722,2
11894,19723,2
11894,19727,6
11894,19741,1
11894,19742,1
11894,19753,3
11894,19755,2
11894,19756,2
11895,19484,1
11895,19486,10
11895,19487,4
11895,19488,7
11895,19490,19
11895,19491,55
11895,19492,57.5
11895,19493,12
11895,19499,5
11895,19509,2
11895,19511,3
11895,19513,3
11895,19527,1
11895,19533,1
11895,19557,1
11895,19558,8
11895,19559,57.5
11895,19560,4
11895,19561,13
11895,19562,5
11895,19563,53.5
11895,19564,44
11895,19565,8
11895,19566,2
11895,19567,10
11895,19568,20
11895,19572,1
11895,19574,7
11895,19626,8
11895,19627,4
11895,19629,2
11895,19633,4.5
11895,19635,5.5
11895,19636,7
11895,19642,6
11895,19643,21
11895,19644,4
11895,19685,7
11895,19690,10
11895,19691,16
11895,19692,4
11895,19716,12
11895,19717,35
11895,19718,11
11895,19719,1
11895,19720,4
11895,19721,4
11895,19722,10
11895,19754,2
11895,19755,7
11895,19756,28
11895,19757,14
11896,19477,2
11896,19485,6
11896,19486,2
11896,19487,5
11896,19488,2
11896,19489,1
11896,19490,4
11896,19491,67
11896,19492,102
11896,19493,47
11896,19494,4
11896,19509,2
11896,19511,5
11896,19512,57
11896,19513,28
11896,19514,12
11896,19518,4
11896,19519,7
11896,19523,2
11896,19530,2
11896,19560,9
11896,19561,15.5
11896,19562,2
11896,19563,19.5
11896,19564,21
11896,19565,4
11896,19566,3
11896,19573,9
11896,19574,2
11896,19617,4
11896,19622,2
11896,19624,3
11896,19630,3
11896,19631,2
11896,19638,4
11896,19642,2
11896,19643,5
11896,19654,3
11896,19655,4
11896,19656,3
11896,19690,4
11896,19719,3
11896,19720,1
11896,19721,4
11896,19722,7
11896,19755,18
11896,19756,2
11897,19484,4.5
11897,19485,3.5
11897,19487,2
11897,19490,4
11897,19492,84
11897,19493,90
11897,19507,3
11897,19509,2
11897,19512,47.5
11897,19513,5
11897,19514,7
11897,19515,7
11897,19523,2
11897,19531,3
11897,19533,3
11897,19543,2
11897,19558,1
11897,19561,7
11897,19562,6
11897,19563,7
11897,19564,16.5
11897,19616,2
11897,19617,3
11897,19619,3
11897,19620,4
11897,19622,5
11897,19625,1
11897,19632,4
11897,19633,6
11897,19634,2
11897,19638,3
11897,19653,1
11897,19701,5
11897,19722,3
11897,19755,3
11898,19477,4
11898,19483,3
11898,19487,1
11898,19489,5
11898,19491,3
11898,19492,47
11898,19493,29
11898,19499,2
11898,19500,3
11898,19505,3
11898,19510,2
11898,19511,4
11898,19512,4
11898,19513,10
11898,19514,64.5
11898,19515,55
11898,19516,24
11898,19532,5
11898,19543,3
11898,19564,12
11898,19565,2
11898,19567,3
11898,19568,4
11898,19572,3
11898,19577,2
11898,19625,10.5
11898,19626,5
11898,19628,2
11898,19635,5
11898,19638,2
11898,19639,4
11898,19688,1
11898,19701,10
11898,19702,2
11898,19703,6
11898,19754,3
11898,19756,3
11898,19757,3
11899,19478,1
11899,19480,1
11899,19489,6
11899,19492,9
11899,19495,1
11899,19507,3
11899,19511,4
11899,19513,3
11899,19514,28.5
11899,19515,76.5
11899,19516,30
11899,19517,13
11899,19526,2
11899,19543,4.5
11899,19544,33.5
11899,19545,2
11899,19546,21
11899,19547,8.5
11899,19573,1
11899,19576,1
11899,19577,13
11899,19623,1
11899,19629,2
11899,19631,2
11899,19638,2
11899,19651,2
11899,19653,6
11899,19675,7
11899,19688,1
11899,19707,1
11899,19737,3
11899,19738,2
11899,19755,1
11899,19757,2
11900,19484,2
11900,19488,2
11900,19505,2
11900,19506,1
11900,19511,2
11900,19514,14
11900,19515,21
11900,19516,17
11900,19517,27.5
11900,19533,2
11900,19541,2
11900,19542,5
11900,19543,6
11900,19544,3
11900,19545,41
11900,19546,4
11900,19547,4
11900,19548,7
11900,19559,1
11900,19567,2
11900,19571,4
11900,19573,2
11900,19577,6
11900,19578,3
11900,19621,3
11900,19624,6
11900,19627,3
11900,19629,2
11900,19630,2
11900,19631,2
11900,19634,1
11900,19635,2
11900,19639,5
11900,19738,16.5
11900,19754,3
11900,19755,6
11900,19757,2
11900,19798,4
11901,19480,15
11901,19481,6
11901,19482,5
11901,19487,8
11901,19489,1
11901,19492,4
11901,19503,2
11901,19506,3
11901,19512,5
11901,19513,24
11901,19515,3
11901,19529,2
11901,19530,2
11901,19531,3
11901,19536,2
11901,19538,4
11901,19541,1
11901,19547,5
11901,19549,1
11901,19559,1
11901,19573,1
11901,19574,9
11901,19578,7
11901,19611,2
11901,19616,8
11901,19620,3
11901,19621,1
11901,19627,4
11901,19630,2
11901,19635,6
11901,19636,1
11901,19638,7
11901,19675,1
11901,19678,2
11901,19685,2
11901,19695,4
11901,19697,4
11901,19743,1
11901,19745,1
11901,19754,4
11901,19758,5
11902,19489,2
11902,19504,3
11902,19510,5
11902,19511,1
11902,19512,18
11902,19513,12
11902,19530,2
11902,19532,6
11902,19542,4
11902,19545,2
11902,19561,3
11902,19569,15
11902,19570,12
11902,19572,1
11902,19574,6
11902,19575,5
11902,19578,14
11902,19622,1
11902,19635,34
11902,19636,25.5
11902,19637,5
11902,19664,4
11902,19681,8
11902,19682,1
11902,19684,2
11902,19685,7
11902,19698,8
11902,19700,2
11902,19758,6
11902,19769,1
11903,19486,1
11903,19487,3
11903,19488,2
11903,19492,3
11903,19505,2
11903,19511,10
11903,19513,8
11903,19533,4
11903,19540,3
11903,19541,3
11903,19542,9
11903,19568,5
11903,19569,13
11903,19574,4
11903,19575,9
11903,19578,5
11903,19579,2
11903,19584,2
11903,19590,6
11903,19609,1
11903,19612,1
11903,19614,2
11903,19616,4
11903,19617,4
11903,19623,4
11903,19628,4
11903,19629,5
11903,19630,2
11903,19633,3
11903,19634,6
11903,19635,4
11903,19636,17
11903,19697,5
11903,19698,15
11903,19699,5
11903,19729,1
11903,19744,2
11903,19745,1
11903,19769,6
11904,19481,1
11904,19486,5.5
11904,19494,7.5
11904,19506,3
11904,19509,4
11904,19515,3
11904,19530,2
11904,19535,5
11904,19539,8
11904,19540,2
11904,19547,3
11904,19564,2
11904,19566,3
11904,19567,1
11904,19570,6
11904,19573,1
11904,19574,2
11904,19575,7
11904,19576,4
11904,19578,14
11904,19579,14.5
11904,19580,20
11904,19581,3
11904,19583,19
11904,19584,14
11904,19612,3
11904,19632,2
11904,19633,2
11904,19684,1
11904,19693,4
11904,19698,10
11904,19699,9
11904,19700,6
11904,19701,7
11904,19771,1
11905,19497,2
11905,19503,3
11905,19528,2
11905,19529,2
11905,19532,1
11905,19534,1
11905,19537,1
11905,19538,4
11905,19540,1
11905,19546,2
11905,19547,12
11905,19548,3
11905,19551,3
11905,19563,3
11905,19564,8
11905,19567,2
11905,19570,1
11905,19573,1
11905,19574,2
11905,19575,5
11905,19576,15
11905,19577,6
11905,19578,1
11905,19580,9
11905,19581,20
11905,19582,6
11905,19583,21
11905,19584,11
11905,19585,19
11905,19587,3
11905,19609,2
11905,19612,5
11905,19645,4
11905,19682,1
11905,19684,3
11905,19697,6
11905,19698,9
11905,19699,7
11905,19700,4
11905,19701,4
11905,19702,1
11905,19703,1
11905,19704,3
11905,19766,1
11905,19768,2
11905,19769,1
11905,19773,4
11906,19491,3
11906,19492,7
11906,19493,5
11906,19495,8
11906,19504,2
11906,19508,3
11906,19521,4
11906,19534,7
11906,19536,2
11906,19541,3
11906,19544,3
11906,19545,5
11906,19550,4
11906,19551,2
11906,19564,11
11906,19569,2
11906,19570,2
11906,19571,4
11906,19574,3
11906,19575,54.5
11906,19576,1
11906,19580,12
11906,19581,11
11906,19582,9
11906,19583,4
11906,19584,5
11906,19585,7
11906,19588,2
11906,19607,3
11906,19610,3
11906,19616,2
11906,19617,5
11906,19621,2
11906,19623,4
11906,19628,3
11906,19629,1
11906,19630,4
11906,19631,5
11906,19632,2
11906,19645,2
11906,19682,3
11906,19684,2
11906,19685,1
11906,19696,2
11906,19697,4
11906,19700,4
11906,19703,6
11906,19704,2
11906,19754,2
11906,19758,6
11906,19759,7
11907,19503,3
11907,19505,1
11907,19508,3
11907,19527,3
11907,19533,3
11907,19534,4
11907,19540,1
11907,19542,2
11907,19546,3
11907,19553,2
11907,19557,6
11907,19568,3
11907,19569,6
11907,19570,2
11907,19571,4
11907,19573,26
11907,19574,68
11907,19575,107.5
11907,19576,25.5
11907,19577,11
11907,19578,2
11907,19579,2
11907,19580,5
11907,19584,3
11907,19585,11
11907,19586,17
11907,19589,2
11907,19591,3
11907,19613,3
11907,19622,4
11907,19627,9
11907,19628,13
11907,19629,6
11907,19630,5.5
11907,19631,7
11907,19659,2
11907,19696,1
11907,19698,3
11907,19700,2
11907,19704,8
11907,19705,9
11907,19706,4
11907,19727,5
11907,19758,5
11907,19766,11
11907,19795,2
11908,19484,5
11908,19508,3
11908,19509,10
11908,19510,6.5
11908,19514,5.5
11908,19515,28
11908,19516,38
11908,19517,5
11908,19518,6
11908,19519,1
11908,19522,1
11908,19523,5
11908,19529,6
11908,19533,12
11908,19534,7
11908,19535,2
11908,19539,2
11908,19544,2
11908,19557,2
11908,19566,1
11908,19567,2
11908,19568,1
11908,19569,6
11908,19570,3
11908,19573,25
11908,19574,69
11908,19575,40
11908,19576,7
11908,19577,2
11908,19580,2
11908,19581,1
11908,19588,2
11908,19589,3
11908,19590,4
11908,19595,3
11908,19596,4
11908,19603,2
11908,19605,7
11908,19608,10
11908,19616,1
11908,19628,8
11908,19629,22
11908,19630,22
11908,19631,52.5
11908,19632,28.5
11908,19633,1
11908,19679,1
11908,19696,2
11908,19706,3
11908,19707,10.5
11908,19727,2
11908,19729,6
11908,19730,1
11908,19731,2
11908,19765,4
11908,19766,5
11908,19769,2
11908,19773,1
11908,19775,2
11909,19489,2
11909,19499,4
11909,19501,3
11909,19509,8
11909,19511,4
11909,19512,2
11909,19514,12
11909,19515,6
11909,19516,118
11909,19517,73
11909,19518,18
11909,19519,30
11909,19521,2
11909,19524,1
11909,19525,4
11909,19526,4
11909,19532,10
11909,19533,26
11909,19534,14
11909,19536,3
11909,19546,2
11909,19547,6
11909,19548,7
11909,19550,4
11909,19566,2
11909,19567,5
11909,19568,9
11909,19569,4
11909,19570,3
11909,19571,5
11909,19573,2
11909,19574,6
11909,19575,3
11909,19576,14.5
11909,19577,2
11909,19578,4
11909,19579,6
11909,19589,2
11909,19595,2
11909,19605,2
11909,19606,2
11909,19608,3
11909,19610,1
11909,19611,1
11909,19613,2
11909,19614,3
11909,19616,6
11909,19619,4
11909,19620,2
11909,19621,1
11909,19622,4
11909,19623,4
11909,19629,17
11909,19630,13
11909,19631,34
11909,19632,15.5
11909,19645,1
11909,19695,2
11909,19696,3
11909,19707,8
11909,19724,2
11909,19726,31
11909,19727,1
11909,19755,5
11909,19771,2
11909,19773,2
11910,19483,2
11910,19484,2
11910,19496,3
11910,19499,3
11910,19509,4
11910,19511,12
11910,19512,17
11910,19513,11
11910,19514,29
11910,19515,28
11910,19516,56.5
11910,19517,69.5
11910,19518,7
11910,19519,8
11910,19525,2
11910,19526,7
11910,19531,8.5
11910,19532,3
11910,19533,45
11910,19534,12
11910,19535,27
11910,19536,43
11910,19537,11
11910,19538,9
11910,19539,1
11910,19540,1
11910,19542,10
11910,19544,7
11910,19545,2
11910,19547,1
11910,19548,2
11910,19559,1
11910,19562,1
11910,19568,6
11910,19569,5
11910,19575,2
11910,19576,27
11910,19577,2
11910,19578,27
11910,19579,2
11910,19580,5
11910,19590,2
11910,19592,2
11910,19595,4
11910,19596,5
11910,19604,2
11910,19605,1.5
11910,19606,2
11910,19618,1
11910,19619,6
11910,19622,6
11910,19623,5
11910,19630,3
11910,19631,7
11910,19632,9
11910,19695,4
11910,19707,2
11910,19726,14
11910,19727,3
11910,19770,1
11911,19484,2
11911,19485,2
11911,19512,1
11911,19514,3
11911,19515,8
11911,19517,2
11911,19520,2
11911,19524,3
11911,19525,1
11911,19526,4
11911,19528,2
11911,19533,3
11911,19534,2
11911,19535,22.5
11911,19536,43
11911,19537,41
11911,19538,13
11911,19539,3
11911,19540,4
11911,19541,3
11911,19543,4
11911,19560,1
11911,19563,5
11911,19565,2
11911,19576,11.5
11911,19577,2
11911,19578,13
11911,19579,17
11911,19590,4
11911,19593,3
11911,19594,3
11911,19604,1
11911,19607,4
11911,19612,1
11911,19614,2
11911,19617,11
11911,19618,2
11911,19619,9
11911,19620,2
11911,19631,4
11911,19632,4
11911,19695,1
11911,19726,6
11911,19771,2
11912,19497,8
11912,19498,2
11912,19499,2
11912,19523,2
11912,19536,11
11912,19537,12
11912,19538,4
11912,19539,12
11912,19541,6
11912,19543,2
11912,19578,8
11912,19579,6
11912,19586,5.5
11912,19602,8
11912,19603,1
11912,19605,4
11912,19616,1
11912,19618,19
11912,19619,1
11912,19620,5
11912,19621,3
11912,19622,1
11912,19624,2
11912,19632,3
11912,19690,3
11912,19695,3
11913,19494,1
11913,19497,12
11913,19498,83
11913,19499,7
11913,19532,1
11913,19536,36.5
11913,19537,30
11913,19538,10
11913,19539,15
11913,19540,4
11913,19553,2
11913,19569,2
11913,19577,6
11913,19582,6
11913,19591,5
11913,19594,4
11913,19597,2
11913,19598,1
11913,19601,10
11913,19602,3
11913,19603,7
11913,19613,2
11913,19619,10
11913,19620,3
11913,19633,2
11913,19642,2.5
11913,19762,3
11914,19497,33
11914,19498,87
11914,19499,91.5
11914,19528,2
11914,19532,18
11914,19533,10
11914,19537,12
11914,19563,1
11914,19568,3
11914,19577,5
11914,19578,13
11914,19579,7
11914,19580,14
11914,19581,2
11914,19591,2
11914,19593,4
11914,19595,1
11914,19596,2
11914,19600,13
11914,19601,1
11914,19604,2
11914,19612,1
11914,19617,8.5
11914,19619,9.5
11914,19620,2
11914,19622,4
11914,19706,2
11914,19760,2
11915,19484,5
11915,19493,4
11915,19494,1
11915,19497,22
11915,19498,95.5
11915,19499,83
11915,19500,6
11915,19530,5.5
11915,19531,9
11915,19532,15
11915,19533,19.5
11915,19549,4
11915,19552,4
11915,19553,3
11915,19563,2
11915,19564,2
11915,19571,1
11915,19572,1
11915,19574,6
11915,19579,3
11915,19580,15
11915,19581,21.5
11915,19582,8
11915,19584,1
11915,19602,9
11915,19603,1
11915,19605,2
11915,19611,8
11915,19616,8
11915,19619,2
11915,19622,13
11915,19758,1
11916,19486,7
11916,19492,2
11916,19496,1
11916,19497,31
11916,19498,116
11916,19499,55.5
11916,19500,3
11916,19504,1
11916,19505,5
11916,19530,17
11916,19531,13
11916,19532,10
11916,19533,54
11916,19550,5
11916,19558,9
11916,19568,2
11916,19576,8
11916,19582,9
11916,19586,2
11916,19587,4
11916,19588,4
11916,19600,7
11916,19602,11
11916,19603,25
11916,19604,1
11916,19610,2
11916,19618,12
11916,19619,2
11916,19621,1
11916,19622,5
11916,19636,2
11916,19703,1
11916,19704,1
11916,19706,7
11916,19758,2
11916,19760,3
11917,19494,2
11917,19496,7
11917,19497,13
11917,19498,105
11917,19499,57
11917,19500,2
11917,19522,6
11917,19525,3
11917,19526,2
11917,19529,2
11917,19530,15
11917,19531,11
11917,19532,6.5
11917,19533,9
11917,19534,3
11917,19557,5.5
11917,19558,2
11917,19563,2
11917,19566,3
11917,19568,2
11917,19580,1
11917,19582,4
11917,19586,2
11917,19591,2
11917,19594,4
11917,19596,2
11917,19602,3
11917,19603,10
11917,19604,35
11917,19605,5
11917,19612,3
11917,19613,1
11917,19618,7
11917,19619,3
11917,19620,1
11917,19621,1
11917,19622,6
11917,19637,10
11917,19639,5
11917,19640,1
11917,19665,2
11917,19702,2
11917,19705,4
11917,19706,4.5
11917,19707,4
11917,19759,34
11917,19760,5
11917,19761,2
11918,19491,3
11918,19492,5
11918,19497,10
11918,19498,35.5
11918,19499,27
11918,19504,2
11918,19526,4
11918,19529,4
11918,19531,2
11918,19532,7
11918,19533,23
11918,19534,9
11918,19561,3
11918,19562,1
11918,19567,14
11918,19568,2
11918,19576,8
11918,19593,1
11918,19594,5
11918,19596,4
11918,19597,4
11918,19601,4
11918,19602,9
11918,19603,64
11918,19604,227
11918,19605,52
11918,19607,3
11918,19608,2
11918,19615,4
11918,19618,8
11918,19639,3
11918,19665,3
11918,19675,2
11918,19706,3
11918,19739,1
11918,19764,2
11919,19496,3
11919,19502,4
11919,19503,2
11919,19526,3
11919,19529,2
11919,19530,1
11919,19534,8
11919,19535,4
11919,19538,4
11919,19549,7
11919,19550,6
11919,19551,1
11919,19553,1
11919,19556,2
11919,19569,2
11919,19592,1
11919,19593,4
11919,19594,5
11919,19595,3
11919,19596,24
11919,19597,27
11919,19598,23
11919,19599,48
11919,19600,33
11919,19601,52
11919,19602,51.5
11919,19603,9
11919,19604,86
11919,19605,60.5
11919,19606,3
11919,19607,3
11919,19609,1
11919,19613,5
11919,19615,4
11919,19665,1
11919,19674,1
11919,19675,4
11919,19697,2
11919,19708,2
11919,19711,5
11919,19737,2
11919,19738,4
11919,19757,4
11919,19778,2
11920,19486,1
11920,19493,2
11920,19496,31
11920,19502,7
11920,19525,4
11920,19527,2
11920,19534,2
11920,19535,10
11920,19536,1
11920,19549,12
11920,19550,10
11920,19595,8
11920,19596,17
11920,19597,31
11920,19598,39
11920,19599,25
11920,19601,14
11920,19602,36.5
11920,19603,6
11920,19604,24
11920,19605,24
11920,19606,16
11920,19607,1
11920,19609,1
11920,19616,1
11920,19621,2
11920,19624,2
11920,19641,3
11920,19673,2
11920,19688,3
11920,19760,2
11921,19492,1
11921,19493,1
11921,19495,2
11921,19496,12
11921,19497,21
11921,19498,16
11921,19499,10
11921,19502,13.5
11921,19503,2
11921,19507,2
11921,19531,2
11921,19535,9
11921,19536,2
11921,19537,4
11921,19538,2
11921,19549,9
11921,19550,25
11921,19551,6
11921,19562,2
11921,19563,4
11921,19564,5
11921,19565,2
11921,19577,4
11921,19579,7
11921,19601,1
11921,19603,3
11921,19604,8
11921,19605,33
11921,19606,19
11921,19607,9
11921,19608,3
11921,19619,1
11921,19735,1
11921,19737,1
11921,19792,19
11922,19493,7
11922,19495,86.5
11922,19496,11
11922,19497,121
11922,19498,147
11922,19499,66.5
11922,19501,26
11922,19502,3
11922,19527,2
11922,19537,2
11922,19538,4
11922,19549,4
11922,19550,76
11922,19551,16
11922,19556,1
11922,19559,2
11922,19585,5
11922,19595,4
11922,19597,1
11922,19603,9
11922,19604,4
11922,19605,7
11922,19606,6
11922,19608,7
11922,19609,1
11922,19618,1
11922,19619,3
11922,19678,3
11922,19685,1
11922,19686,1
11922,19758,1
11922,19780,2
11922,19791,1
11923,19493,6
11923,19494,27
11923,19495,87
11923,19496,31
11923,19497,53
11923,19498,238.5
11923,19499,117
11923,19500,9
11923,19501,18
11923,19543,1
11923,19545,4
11923,19549,18
11923,19550,30
11923,19551,21
11923,19552,13
11923,19576,2
11923,19584,2
11923,19585,4
11923,19586,19
11923,19587,1
11923,19588,3
11923,19593,2
11923,19594,2
11923,19597,1
11923,19598,1
11923,19602,6
11923,19603,2
11923,19670,6
11923,19677,1
11923,19678,7.5
11923,19687,1
11923,19761,2
11923,19792,2
11923,19793,4
11924,19486,4.5
11924,19492,25
11924,19493,73
11924,19494,77
11924,19495,127
11924,19496,152
11924,19497,57
11924,19498,326
11924,19499,73
11924,19500,1
11924,19501,9
11924,19539,1
11924,19540,1
11924,19541,2
11924,19544,1
11924,19549,4
11924,19550,12
11924,19551,4
11924,19552,8
11924,19556,1
11924,19584,6
11924,19585,18
11924,19586,47
11924,19587,10
11924,19599,1
11924,19610,1
11924,19614,4
11924,19632,2
11924,19671,14
11924,19684,1
11924,19685,3
11924,19746,4
11924,19763,1
11924,19780,6
11925,19492,19
11925,19493,71.5
11925,19494,30
11925,19495,89
11925,19496,42
11925,19497,56
11925,19498,140
11925,19499,9
11925,19519,2.5
11925,19534,2
11925,19535,2
11925,19549,12
11925,19550,8
11925,19551,1
11925,19554,2
11925,19558,2
11925,19559,8
11925,19563,1
11925,19584,2
11925,19585,15
11925,19586,23
11925,19587,7
11925,19597,2
11925,19599,1
11925,19600,10
11925,19607,2
11925,19621,1
11925,19635,4
11925,19761,4
11925,19777,1
11926,19492,4
11926,19493,10
11926,19494,6
11926,19495,127.5
11926,19496,169.5
11926,19497,197.5
11926,19498,101.5
11926,19530,4
11926,19546,6
11926,19547,2
11926,19548,8
11926,19585,2
11926,19595,1
11926,19602,2
11926,19605,1
11926,19607,2
11926,19609,4
11926,19620,2
11926,19622,1
11926,19637,3
11926,19696,7
11926,19715,3
11926,19716,6
11926,19760,2
11927,19493,5
11927,19494,38
11927,19495,115
11927,19496,88.5
11927,19498,46.5
11927,19544,4
11927,19545,1
11927,19547,3
11927,19611,3
11927,19714,2
11927,19771,2
11927,19778,1
11927,19779,5
11928,19493,7
11928,19494,57
11928,19495,68
11928,19496,14
11928,19497,34
11928,19498,48
11928,19499,18
11928,19500,6
11928,19605,1
11928,19609,1
11928,19621,4
11928,19630,10
11928,19636,2
11928,19658,4
11928,19735,1
11928,19762,1
11928,19763,2
11928,19771,3
11928,19780,5
11929,19493,1
11929,19494,2
11929,19495,19
11929,19497,9
11929,19498,13
11929,19499,27
11929,19500,36
11929,19501,2
11929,19503,3
11929,19537,3
11929,19593,2
11929,19622,2
11929,19626,2
11929,19627,4
11929,19636,2
11929,19762,2
11929,19763,6
11929,19769,2
11929,19774,1
11929,19781,3
11930,19493,1
11930,19495,4
11930,19497,26.5
11930,19498,27
11930,19499,58
11930,19500,24.5
11930,19501,55
11930,19502,4
11930,19537,4
11930,19586,1
11930,19596,6
11930,19597,4
11930,19605,1
11930,19625,3
11930,19627,5
11930,19658,2
11930,19665,3.5
11930,19667,2
11930,19762,3.5
11930,19763,4
11930,19764,14
11930,19769,3.5
11930,19837,2
11930,19854,2
11931,19497,7
11931,19498,8
11931,19499,50
11931,19500,22
11931,19501,89
11931,19502,31
11931,19586,5
11931,19588,4
11931,19596,2
11931,19602,2
11931,19603,5
11931,19604,2
11931,19623,1
11931,19665,2
11931,19697,4
11931,19702,1
11931,19763,7
11931,19764,67
11931,19765,74
11931,19766,9
11931,19767,1
11932,19497,5
11932,19498,71
11932,19499,40.5
11932,19500,20
11932,19501,24
11932,19502,52
11932,19505,3
11932,19506,5
11932,19508,2
11932,19512,7
11932,19514,5
11932,19516,3
11932,19529,3
11932,19593,3
11932,19595,2
11932,19600,4
11932,19622,7
11932,19623,4
11932,19624,13
11932,19625,2
11932,19626,4
11932,19697,2
11932,19702,2
11932,19741,2
11932,19764,24
11932,19765,25
11932,19766,6
11932,19767,2
11932,19768,1
11932,19852,1
11932,19854,2
11933,19497,6
11933,19498,67
11933,19499,38
11933,19500,1
11933,19501,2
11933,19505,4
11933,19506,14
11933,19507,3
11933,19511,4
11933,19512,9
11933,19513,12
11933,19516,2
11933,19598,1
11933,19620,2
11933,19622,5
11933,19623,10
11933,19624,5
11933,19625,1.5
11933,19626,2
11933,19702,5
11933,19729,1
11933,19738,2
11933,19746,1
11933,19764,13
11933,19765,2.5
11933,19766,25
11933,19768,3
11933,19770,1
11933,19771,1
11933,19850,3
11933,19851,1
11933,19852,4
11933,19854,1
11933,19856,4
11934,19496,1
11934,19497,8
11934,19498,40
11934,19499,11
11934,19504,9
11934,19505,5
11934,19506,21
11934,19507,13
11934,19508,18
11934,19513,2
11934,19514,7
11934,19564,3
11934,19589,4
11934,19597,2
11934,19623,14
11934,19624,44
11934,19625,9
11934,19626,3
11934,19701,1
11934,19737,1
11934,19760,3
11934,19764,8
11934,19765,5
11934,19766,6
11934,19767,1
11934,19850,1
11934,19855,1
11935,19496,2
11935,19498,5
11935,19499,2
11935,19501,4
11935,19507,20
11935,19508,20
11935,19509,1
11935,19514,2
11935,19516,4
11935,19517,2
11935,19564,9
11935,19588,1
11935,19595,1
11935,19622,3
11935,19623,2
11935,19624,31
11935,19625,34
11935,19626,2
11935,19701,2
11935,19740,2
11935,19764,2.5
11935,19765,4
11935,19846,1
11935,19849,1
11936,19498,6
11936,19501,2
11936,19507,2
11936,19512,2
11936,19514,3
11936,19516,5
11936,19518,3
11936,19530,5
11936,19556,8
11936,19621,3
11936,19624,8.5
11936,19625,40
11936,19626,15
11936,19627,4
11936,19630,2
11936,19760,2
11936,19761,4
11936,19762,5
11936,19764,3
11936,19765,2
11936,19826,7
11936,19827,3
11936,19828,1
11936,19843,1
11937,19499,4
11937,19501,2
11937,19530,1
11937,19623,7
11937,19625,8
11937,19626,2
11937,19632,2
11937,19736,4
11937,19762,2
11937,19826,1
11937,19841,30.5
11937,19842,18
11937,19843,3
11937,19844,1
11938,19496,2
11938,19507,4
11938,19513,3
11938,19530,2
11938,19531,8
11938,19553,13
11938,19625,2
11938,19626,2
11938,19644,6
11938,19660,4
11938,19685,3
11938,19695,1
11938,19734,5
11938,19842,3
11938,19843,5
11938,19844,7
11939,19502,3
11939,19508,5
11939,19510,3.5
11939,19512,3
11939,19519,4
11939,19531,28.5
11939,19532,12.5
11939,19535,3
11939,19540,6
11939,19552,3
11939,19553,16
11939,19554,35
11939,19589,2
11939,19627,3
11939,19660,2
11939,19661,2
11939,19662,2
11939,19669,5
11939,19672,4
11939,19759,1
11939,19813,1
11939,19821,1
11939,19822,4
11940,19508,1
11940,19528,2
11940,19529,3
11940,19531,1
11940,19532,4
11940,19552,40
11940,19553,15.5
11940,19554,25
11940,19555,43.5
11940,19624,2
11940,19661,5
11940,19662,2
11940,19664,4
11940,19667,2
11940,19788,2
11940,19789,1
11940,19821,2
11940,19841,3
11940,19843,4
11941,19505,3
11941,19506,2
11941,19522,3
11941,19531,1
11941,19552,9.5
11941,19553,22
11941,19555,3
11941,19623,2
11941,19624,6
11941,19636,2
11941,19638,1
11941,19660,1
11941,19699,11
11941,19737,2
11941,19757,3.5
11941,19766,2
11941,19788,4
11941,19789,1
11941,19790,2
11941,19821,3
11941,19868,3
11942,19500,2
11942,19502,4
11942,19505,2
11942,19507,2
11942,19508,4
11942,19509,2
11942,19514,1
11942,19528,3
11942,19532,4
11942,19533,4
11942,19551,1
11942,19578,6
11942,19608,2.5
11942,19624,1
11942,19628,2.5
11942,19634,1
11942,19636,1
11942,19693,5
11942,19737,1
11942,19762,3
11942,19788,11
11942,19789,1
11942,19814,5
11942,19816,4
11943,19500,2
11943,19502,1
11943,19505,1.5
11943,19522,1
11943,19524,1
11943,19525,2
11943,19528,1
11943,19533,1
11943,19534,1
11943,19535,3
11943,19545,2
11943,19590,4
11943,19632,3
11943,19635,3
11943,19637,5
11943,19659,3
11943,19660,7
11943,19693,2
11943,19725,2
11943,19738,2
11943,19753,1
11943,19755,2
11943,19756,2
11943,19764,2
11943,19783,1
11943,19789,1
11943,19813,2
11944,19499,3
11944,19503,2
11944,19504,1
11944,19506,4
11944,19509,2
11944,19510,7
11944,19512,5
11944,19513,7
11944,19522,16
11944,19527,4
11944,19528,18
11944,19529,4
11944,19533,6
11944,19534,4
11944,19576,3
11944,19629,5
11944,19658,2
11944,19659,5
11944,19660,41
11944,19675,2
11944,19720,2
11944,19804,4.5
11944,19806,2
11944,19811,2
11945,19501,4
11945,19502,4
11945,19503,2
11945,19504,2
11945,19505,1
11945,19507,2
11945,19508,2
11945,19509,2
11945,19510,21
11945,19513,4
11945,19514,22
11945,19515,16
11945,19516,11
11945,19517,1
11945,19525,2
11945,19528,8
11945,19531,3
11945,19532,4
11945,19533,18
11945,19534,2
11945,19536,3
11945,19591,2
11945,19624,2
11945,19628,3
11945,19657,6
11945,19658,31
11945,19659,2
11945,19660,4
11945,19665,2
11945,19677,2
11945,19698,6
11945,19717,2
11945,19744,1
11945,19752,6
11945,19753,1
11945,19804,13
11945,19805,2
11945,19806,1
11946,19506,4
11946,19507,4
11946,19510,4
11946,19511,14
11946,19513,107.5
11946,19514,148.5
11946,19515,78
11946,19516,77
11946,19522,5
11946,19524,2
11946,19525,6
11946,19526,1
11946,19528,10
11946,19531,2
11946,19533,7
11946,19534,2
11946,19535,4
11946,19551,2
11946,19587,3
11946,19595,2
11946,19622,2
11946,19623,1
11946,19627,1
11946,19630,2
11946,19631,9
11946,19639,1
11946,19652,9
11946,19653,14
11946,19657,4
11946,19658,2
11946,19659,9
11946,19684,5
11946,19685,3
11946,19721,3
11946,19810,1
11947,19496,2
11947,19497,2
11947,19504,2
11947,19505,20
11947,19506,7
11947,19509,2
11947,19511,5.5
11947,19513,40
11947,19514,126.5
11947,19515,92
11947,19516,37
11947,19518,2
11947,19519,7
11947,19520,5
11947,19521,1
11947,19525,2
11947,19529,1.5
11947,19531,2
11947,19532,25
11947,19533,31
11947,19534,4
11947,19582,9
11947,19588,2
11947,19591,3
11947,19596,4
11947,19597,5
11947,19621,5
11947,19652,3
11947,19653,4
11947,19658,9
11947,19707,4
11947,19766,5
11948,19496,2
11948,19497,41.5
11948,19498,4
11948,19500,50.5
11948,19501,43
11948,19502,6
11948,19503,2
11948,19504,6
11948,19505,15.5
11948,19506,9
11948,19508,3
11948,19510,4
11948,19511,4
11948,19513,28
11948,19514,41.5
11948,19515,57
11948,19516,15
11948,19517,3
11948,19518,4
11948,19526,4
11948,19527,4
11948,19528,5
11948,19530,5
11948,19531,2
11948,19533,2
11948,19581,2
11948,19589,5
11948,19632,7
11948,19642,3
11948,19643,1
11948,19644,2
11948,19651,4
11948,19652,2
11948,19658,2
11948,19660,4
11948,19695,3
11948,19699,1
11948,19707,2
11948,19708,2
11948,19717,6
11948,19724,2
11948,19747,1
11948,19852,5
11949,19498,5
11949,19499,22
11949,19500,72
11949,19501,171.5
11949,19502,42
11949,19503,12
11949,19505,5
11949,19506,2
11949,19507,12
11949,19508,1
11949,19509,8
11949,19514,44
11949,19515,61.5
11949,19516,50.5
11949,19517,35
11949,19518,3
11949,19519,2
11949,19527,3
11949,19528,2
11949,19530,3
11949,19533,8
11949,19534,7
11949,19535,7
11949,19536,5.5
11949,19538,3
11949,19541,1
11949,19589,1
11949,19653,10
11949,19655,2
11949,19656,4.5
11949,19660,1
11949,19684,2
11949,19706,6
11949,19716,1
11949,19717,2
11949,19746,2
11949,19844,1
11949,19845,4
11950,19498,2
11950,19499,31
11950,19500,30
11950,19501,46
11950,19502,75.5
11950,19503,29
11950,19504,9
11950,19506,9
11950,19507,43
11950,19508,22
11950,19509,5
11950,19511,3
11950,19512,2
11950,19513,10
11950,19514,80
11950,19515,28
11950,19516,32
11950,19517,15
11950,19519,4.5
11950,19520,3
11950,19528,6
11950,19531,4
11950,19532,8
11950,19533,34
11950,19534,15
11950,19535,13
11950,19537,3
11950,19590,3
11950,19652,3
11950,19653,10
11950,19659,3
11950,19660,7
11950,19683,2
11950,19684,3
11950,19685,6
11950,19698,2
11950,19700,4
11950,19785,2
11950,19844,2
11950,19845,10
11951,19499,1
11951,19500,75
11951,19501,44.5
11951,19502,26
11951,19503,98.5
11951,19504,2
11951,19506,16
11951,19507,31
11951,19508,16
11951,19512,1
11951,19514,8
11951,19515,8
11951,19516,8
11951,19528,4
11951,19530,2
11951,19531,7
11951,19532,8
11951,19533,21.5
11951,19534,6
11951,19539,4
11951,19591,1
11951,19592,7
11951,19652,7
11951,19653,22
11951,19654,6
11951,19656,3
11951,19660,11
11951,19699,6
11951,19700,2
11951,19705,4
11951,19713,8
11951,19783,1
11952,19500,41.5
11952,19501,24
11952,19502,78.5
11952,19503,97.5
11952,19504,20
11952,19505,27
11952,19506,8.5
11952,19507,66
11952,19508,2
11952,19510,2
11952,19515,4
11952,19518,2
11952,19527,4
11952,19528,4
11952,19530,44.5
11952,19531,17
11952,19532,3
11952,19533,9
11952,19534,5
11952,19591,3
11952,19653,17.5
11952,19655,6
11952,19656,5
11952,19657,4
11952,19700,26
11952,19701,6
11952,19754,7
11952,19817,1
11953,19501,47
11953,19502,34
11953,19503,161.5
11953,19504,148
11953,19505,34.5
11953,19506,38
11953,19507,28
11953,19509,3
11953,19511,3
11953,19513,1
11953,19528,5
11953,19529,68
11953,19530,123
11953,19531,47.5
11953,19532,18
11953,19535,2
11953,19563,4
11953,19564,2
11953,19591,4
11953,19657,1
11953,19661,2
11953,19699,2
11953,19700,4
11953,19788,3
11953,19817,1
11953,19818,1
11954,19498,6
11954,19500,4
11954,19501,4
11954,19502,3
11954,19503,30
11954,19504,35
11954,19505,21
11954,19506,33
11954,19507,10
11954,19511,4
11954,19513,2
11954,19528,6
11954,19529,98.5
11954,19530,78
11954,19531,32.5
11954,19532,27
11954,19533,4
11954,19558,9
11954,19559,2
11954,19561,3
11954,19642,1
11954,19650,1
11954,19651,1
11954,19653,4
11954,19654,4
11954,19675,3
11954,19680,2
11954,19681,2
11954,19700,2
11954,19727,1
11955,19500,52
11955,19503,12.5
11955,19504,92
11955,19505,99
11955,19506,18
11955,19515,9
11955,19517,2
11955,19518,2
11955,19528,6
11955,19529,25
11955,19530,70.5
11955,19531,2
11955,19532,2
11955,19533,8
11955,19534,2
11955,19536,2
11955,19556,4
11955,19557,4
11955,19558,14
11955,19577,2
11955,19596,3
11955,19633,1
11955,19639,2
11955,19645,2
11955,19649,8
11955,19650,2
11955,19651,4
11955,19652,9
11955,19653,6
11955,19654,3
11955,19675,2
11955,19676,2
11955,19679,1
11955,19701,1
11955,19702,5
11955,19734,1
11955,19756,1
11955,19759,3
11955,19787,1
11956,19503,1
11956,19504,38
11956,19505,60.5
11956,19506,23
11956,19517,3
11956,19518,2
11956,19519,2
11956,19524,2
11956,19528,6
11956,19529,10
11956,19530,24.5
11956,19531,2
11956,19533,9
11956,19534,2
11956,19535,2
11956,19537,2
11956,19554,3
11956,19556,2
11956,19558,16
11956,19630,10
11956,19631,1
11956,19632,2
11956,19633,11
11956,19634,1
11956,19635,2
11956,19638,3
11956,19639,1
11956,19640,2
11956,19641,1
11956,19642,6
11956,19643,1
11956,19644,4
11956,19645,6
11956,19646,2
11956,19647,13
11956,19648,16
11956,19649,12
11956,19650,6
11956,19651,6
11956,19652,6
11956,19653,16
11956,19654,8
11956,19655,5
11956,19656,4
11956,19675,3
11956,19676,1
11956,19680,13
11956,19681,3
11956,19682,1
11956,19699,2
11956,19700,2
11956,19701,2
11956,19705,1
11956,19723,1
11956,19760,1
11956,19785,1
11956,19794,1
11956,19795,20
11957,19504,7
11957,19505,25
11957,19506,5
11957,19507,8
11957,19508,2
11957,19509,2
11957,19510,2
11957,19516,14
11957,19517,5
11957,19525,2
11957,19526,13
11957,19527,2
11957,19529,3
11957,19530,6
11957,19532,7
11957,19533,17
11957,19535,2
11957,19536,2
11957,19537,4
11957,19538,2
11957,19539,1
11957,19541,3
11957,19553,2
11957,19555,6
11957,19558,4.5
11957,19629,18
11957,19630,22
11957,19631,3
11957,19632,14
11957,19633,20.5
11957,19634,19
11957,19635,14.5
11957,19636,8
11957,19638,20
11957,19639,4
11957,19640,6
11957,19641,5
11957,19642,8
11957,19643,16
11957,19644,33
11957,19646,6
11957,19647,30.5
11957,19648,12
11957,19649,4
11957,19652,3
11957,19653,3
11957,19674,23.5
11957,19675,42
11957,19680,2
11957,19700,1
11957,19701,1
11957,19730,1
11957,19741,1
11957,19760,1
11957,19794,1
11957,19795,5.5
11957,19796,1
11957,19817,3
11957,19818,8
11957,19819,4
11958,19504,8
11958,19505,3.5
11958,19506,1
11958,19507,2
11958,19508,4
11958,19509,6
11958,19511,1
11958,19513,3
11958,19514,10
11958,19515,14
11958,19516,4
11958,19517,3
11958,19521,2
11958,19524,14
11958,19525,27
11958,19526,6
11958,19529,2
11958,19531,2
11958,19532,15
11958,19533,9
11958,19536,3
11958,19541,2
11958,19550,8
11958,19551,3
11958,19569,1
11958,19570,2
11958,19626,4
11958,19627,4
11958,19628,4
11958,19629,4
11958,19630,10
11958,19631,2
11958,19633,1
11958,19634,3
11958,19635,4
11958,19636,2
11958,19637,3
11958,19638,12
11958,19639,28
11958,19640,8
11958,19642,2
11958,19643,29
11958,19644,92.5
11958,19645,8
11958,19646,1
11958,19648,12
11958,19649,5
11958,19650,2
11958,19651,2
11958,19673,3
11958,19675,29
11958,19678,3
11958,19702,1
11958,19703,1
11958,19836,4
11958,19844,2
11959,19496,5
11959,19505,3
11959,19506,2
11959,19508,1
11959,19509,5
11959,19513,4
11959,19514,2
11959,19516,5
11959,19517,10
11959,19518,21
11959,19521,2
11959,19524,5.5
11959,19525,12
11959,19526,3
11959,19527,3
11959,19530,17.5
11959,19531,16
11959,19534,3
11959,19535,2
11959,19539,2
11959,19549,2
11959,19550,4
11959,19570,12
11959,19571,6
11959,19603,1
11959,19626,2
11959,19627,1
11959,19628,4
11959,19629,5
11959,19630,8
11959,19631,17
11959,19632,11
11959,19633,11.5
11959,19634,2
11959,19635,3
11959,19636,18
11959,19637,3
11959,19638,13
11959,19639,9
11959,19640,42
11959,19641,13
11959,19642,58
11959,19643,43
11959,19644,134.5
11959,19645,13
11959,19646,6
11959,19647,2
11959,19649,1
11959,19650,11
11959,19651,3
11959,19670,2
11959,19675,5
11959,19678,7
11959,19679,7
11959,19699,3
11959,19703,4
11959,19737,3
11959,19745,1
11959,19785,20.5
11960,19497,1.5
11960,19499,2
11960,19505,3
11960,19506,11
11960,19507,1
11960,19509,1
11960,19510,4
11960,19512,3
11960,19513,18
11960,19523,3
11960,19524,5
11960,19525,5
11960,19526,8
11960,19529,7
11960,19530,16
11960,19531,1
11960,19532,2
11960,19533,1
11960,19537,2
11960,19543,5
11960,19548,4
11960,19549,3
11960,19550,1
11960,19554,3
11960,19557,3
11960,19559,2
11960,19566,1
11960,19568,2
11960,19569,13
11960,19570,39.5
11960,19571,3
11960,19572,2
11960,19575,4
11960,19606,1
11960,19609,2
11960,19628,4
11960,19629,12.5
11960,19630,14
11960,19631,2
11960,19633,2
11960,19634,10
11960,19635,2
11960,19638,5
11960,19639,25
11960,19640,45
11960,19641,146.5
11960,19642,18
11960,19643,12
11960,19644,20
11960,19645,18
11960,19646,5
11960,19648,6
11960,19649,1
11960,19651,8
11960,19671,2
11960,19674,6
11960,19677,1
11960,19682,4
11960,19699,3
11960,19702,1
11960,19787,2
11961,19507,2
11961,19508,2
11961,19513,1
11961,19523,1
11961,19526,2
11961,19527,4
11961,19529,10
11961,19537,2
11961,19538,5
11961,19542,24
11961,19543,24
11961,19544,32
11961,19545,44
11961,19546,46
11961,19548,6
11961,19559,15
11961,19560,7
11961,19567,6
11961,19569,15
11961,19570,6
11961,19576,2
11961,19604,1
11961,19623,2
11961,19624,2
11961,19625,1.5
11961,19627,4
11961,19628,14
11961,19629,7
11961,19631,1.5
11961,19632,18
11961,19633,13
11961,19638,4
11961,19639,52
11961,19640,22.5
11961,19641,129.5
11961,19642,15
11961,19643,4
11961,19644,5
11961,19645,7
11961,19646,3
11961,19647,7
11961,19648,13
11961,19677,2
11961,19678,7
11961,19699,9
11961,19784,5
11961,19785,2
11961,19787,7
11961,19791,1
11962,19494,2
11962,19496,4
11962,19500,2
11962,19507,5
11962,19508,1
11962,19509,4
11962,19513,14
11962,19517,4
11962,19518,2
11962,19519,6
11962,19532,14
11962,19533,5
11962,19534,12
11962,19540,1
11962,19542,10
11962,19543,122.5
11962,19544,61
11962,19545,109
11962,19546,24
11962,19550,2
11962,19552,2
11962,19556,3
11962,19558,2
11962,19559,63
11962,19560,10
11962,19569,15.5
11962,19570,6
11962,19573,2
11962,19574,2
11962,19576,1
11962,19607,2
11962,19621,2
11962,19622,11
11962,19623,6
11962,19624,2
11962,19626,9
11962,19627,91
11962,19628,31.5
11962,19629,14
11962,19630,9
11962,19632,4
11962,19633,4
11962,19634,8
11962,19637,10
11962,19638,54.5
11962,19639,17
11962,19640,22
11962,19641,161.5
11962,19642,46
11962,19645,9
11962,19646,3
11962,19647,16
11962,19648,5
11962,19652,10
11962,19677,3
11962,19699,2
11962,19700,2
11962,19792,1
11963,19494,4
11963,19495,1
11963,19506,8
11963,19508,2
11963,19511,2
11963,19512,14
11963,19513,3
11963,19518,5
11963,19519,16.5
11963,19531,4
11963,19532,6
11963,19533,48.5
11963,19534,28
11963,19535,9
11963,19537,6
11963,19540,2
11963,19542,4
11963,19543,62
11963,19544,139
11963,19545,49
11963,19548,13
11963,19550,4
11963,19551,5
11963,19556,4
11963,19558,3
11963,19559,5
11963,19562,5
11963,19566,2
11963,19570,4
11963,19571,6.5
11963,19572,2
11963,19574,5
11963,19579,3
11963,19580,1
11963,19581,9
11963,19582,2
11963,19608,2
11963,19610,3
11963,19619,4
11963,19621,1
11963,19622,10
11963,19623,6
11963,19624,11
11963,19625,5.5
11963,19626,13
11963,19627,11
11963,19628,25
11963,19629,5
11963,19630,15
11963,19631,9.5
11963,19632,1
11963,19635,4
11963,19636,1
11963,19637,15
11963,19638,53
11963,19639,6
11963,19640,54.5
11963,19641,49.5
11963,19642,21
11963,19644,4
11963,19645,1
11963,19646,4
11963,19647,7
11963,19648,9
11963,19649,4
11963,19672,1
11963,19681,5
11963,19786,6
11963,19816,9
11963,19817,4
11964,19499,5
11964,19512,4
11964,19513,14
11964,19518,6
11964,19519,4
11964,19520,2
11964,19532,9
11964,19533,1
11964,19534,34
11964,19535,9
11964,19536,15
11964,19537,2
11964,19538,9
11964,19542,24
11964,19543,74.5
11964,19544,2
11964,19548,5
11964,19549,4
11964,19554,2
11964,19556,2
11964,19565,2
11964,19566,19
11964,19571,3
11964,19576,2
11964,19577,5
11964,19580,5
11964,19582,1
11964,19590,4
11964,19607,6
11964,19608,2
11964,19609,4
11964,19610,4
11964,19613,10
11964,19618,2
11964,19619,2
11964,19620,8
11964,19621,2
11964,19623,6
11964,19624,8
11964,19625,12
11964,19626,4
11964,19627,19
11964,19628,2
11964,19630,7
11964,19631,6
11964,19635,3
11964,19636,2
11964,19637,6
11964,19639,2
11964,19640,34
11964,19641,18
11964,19642,32
11964,19643,11
11964,19644,9
11964,19645,5
11964,19666,2
11964,19699,2
11964,19712,1
11964,19728,5
11964,19748,1
11964,19749,1
11964,19786,2
11965,19500,3
11965,19503,2.5
11965,19511,7
11965,19512,10
11965,19513,1
11965,19516,9
11965,19517,4
11965,19519,2
11965,19520,6
11965,19521,2
11965,19533,3
11965,19534,27
11965,19535,1
11965,19537,2
11965,19538,7
11965,19542,12
11965,19543,4
11965,19545,4
11965,19547,5
11965,19549,1
11965,19557,2
11965,19558,4
11965,19563,3
11965,19567,4
11965,19569,2
11965,19570,25
11965,19572,3
11965,19579,6
11965,19581,1
11965,19583,4
11965,19586,4
11965,19602,7
11965,19609,5
11965,19610,13
11965,19616,2
11965,19617,2
11965,19618,12
11965,19619,9
11965,19620,6
11965,19621,16
11965,19622,17
11965,19623,9
11965,19624,7
11965,19625,28
11965,19626,3
11965,19627,9
11965,19628,11
11965,19629,4
11965,19632,3
11965,19636,2
11965,19637,6
11965,19638,1.5
11965,19639,1
11965,19640,16
11965,19641,13
11965,19642,97
11965,19643,26
11965,19644,2
11965,19645,1
11965,19646,4
11965,19648,3
11965,19682,1
11965,19702,1
11965,19727,3
11965,19744,3
11965,19805,1
11966,19498,2
11966,19499,6
11966,19502,1
11966,19509,3
11966,19510,4
11966,19516,3
11966,19517,4
11966,19518,9
11966,19541,6
11966,19542,4
11966,19543,2
11966,19545,6
11966,19546,8
11966,19547,7
11966,19548,1
11966,19550,1
11966,19560,5
11966,19566,2
11966,19569,4
11966,19570,2
11966,19571,4
11966,19572,11
11966,19573,2.5
11966,19578,11
11966,19579,27
11966,19581,5
11966,19582,6
11966,19583,1
11966,19602,5
11966,19603,5.5
11966,19611,4
11966,19612,1
11966,19614,1
11966,19615,9
11966,19616,54
11966,19617,51.5
11966,19618,42.5
11966,19619,13
11966,19620,8
11966,19621,3
11966,19622,6
11966,19623,2
11966,19625,1
11966,19626,9
11966,19627,6
11966,19628,4
11966,19629,1
11966,19637,4
11966,19638,4
11966,19639,7
11966,19640,3
11966,19641,12
11966,19642,25.5
11966,19643,2
11966,19647,2
11966,19648,5
11966,19657,2
11966,19659,2
11966,19664,3
11966,19668,4
11966,19671,2
11966,19676,2
11966,19693,8
11966,19743,2
11966,19786,4
11966,19805,4
11967,19499,2
11967,19503,1
11967,19504,2
11967,19511,2
11967,19513,3
11967,19516,2
11967,19517,8.5
11967,19518,1
11967,19525,16
11967,19526,4
11967,19540,4
11967,19541,11
11967,19544,4
11967,19554,1
11967,19560,8
11967,19561,16
11967,19562,17
11967,19579,2
11967,19580,25.5
11967,19581,39.5
11967,19582,25.5
11967,19583,2
11967,19585,4.5
11967,19586,7
11967,19602,2
11967,19612,2
11967,19613,11
11967,19614,3
11967,19615,10
11967,19616,2
11967,19617,5
11967,19618,6
11967,19619,6
11967,19620,3
11967,19622,2
11967,19623,6
11967,19624,4
11967,19625,1
11967,19626,5
11967,19627,4
11967,19628,4
11967,19631,2
11967,19636,1
11967,19638,1
11967,19639,2
11967,19640,10
11967,19641,9
11967,19642,20
11967,19643,7
11967,19644,2
11967,19659,2
11967,19673,3
11967,19682,2
11967,19728,3
11967,19729,1
11967,19736,4
11968,19500,5
11968,19508,3
11968,19514,13
11968,19515,4
11968,19516,3
11968,19517,11
11968,19518,3
11968,19519,4
11968,19524,4
11968,19525,2
11968,19526,5
11968,19529,6
11968,19540,6
11968,19541,8
11968,19542,4
11968,19543,2
11968,19547,3
11968,19548,9
11968,19552,2
11968,19553,1
11968,19555,11
11968,19556,11
11968,19557,6
11968,19558,2
11968,19562,2
11968,19575,3
11968,19579,8
11968,19580,29
11968,19581,1
11968,19582,18.5
11968,19583,5
11968,19584,4
11968,19585,7
11968,19587,2
11968,19611,6
11968,19613,1
11968,19615,1
11968,19616,14
11968,19617,3.5
11968,19618,5
11968,19619,1
11968,19621,10
11968,19623,4
11968,19625,2
11968,19626,2
11968,19627,3
11968,19629,3
11968,19643,1
11968,19645,2
11968,19736,4
11968,19804,5
11969,19498,3
11969,19509,7
11969,19516,2
11969,19518,3
11969,19523,1
11969,19526,8
11969,19532,1
11969,19540,2
11969,19541,10
11969,19542,2
11969,19547,4
11969,19548,2
11969,19549,2
11969,19552,7
11969,19553,1
11969,19556,2
11969,19574,4
11969,19577,5
11969,19578,1
11969,19579,6
11969,19581,1
11969,19584,3
11969,19588,2
11969,19591,1
11969,19601,3
11969,19614,2
11969,19615,1
11969,19616,10
11969,19617,19
11969,19618,4
11969,19620,2
11969,19621,5
11969,19626,2
11969,19628,5.5
11969,19631,2
11969,19640,1
11969,19646,1
11969,19658,6
11969,19662,1
11969,19663,1
11969,19667,3
11969,19700,2
11970,19503,4
11970,19504,1
11970,19509,7
11970,19513,3
11970,19514,3
11970,19515,5.5
11970,19516,9
11970,19517,2
11970,19518,3
11970,19526,8
11970,19527,3
11970,19531,3
11970,19540,4
11970,19542,10
11970,19543,4
11970,19544,1
11970,19547,2
11970,19548,9
11970,19577,3
11970,19581,2
11970,19582,7
11970,19583,6
11970,19585,2
11970,19586,2
11970,19588,1
11970,19589,1
11970,19601,13
11970,19614,1
11970,19620,2
11970,19621,3
11970,19622,2
11970,19637,1
11970,19658,4
11970,19661,1
11970,19676,4
11970,19717,3
11970,19801,1
11970,19802,4
11971,19502,9
11971,19503,7.5
11971,19508,2.5
11971,19509,7
11971,19521,6
11971,19522,11
11971,19526,2
11971,19527,10
11971,19530,5
11971,19531,3
11971,19533,5
11971,19534,1
11971,19539,3
11971,19540,1
11971,19543,1
11971,19576,2
11971,19577,6
11971,19578,2
11971,19580,4
11971,19583,1
11971,19586,3
11971,19587,6
11971,19588,6
11971,19590,2
11971,19592,1
11971,19595,3
11971,19596,4
11971,19598,7
11971,19599,2
11971,19600,2
11971,19601,3
11971,19614,2
11971,19658,3
11971,19663,1
11971,19674,9
11971,19675,2
11971,19677,1
11971,19738,2
11971,19779,2
11971,19803,2
11972,19510,18
11972,19516,8
11972,19517,16
11972,19526,6
11972,19527,2
11972,19529,9
11972,19531,1
11972,19532,3
11972,19541,5
11972,19543,5
11972,19545,2
11972,19582,1
11972,19584,4
11972,19589,3
11972,19592,11
11972,19593,4
11972,19599,3
11972,19600,5.5
11972,19658,2
11972,19667,7
11972,19670,2
11972,19683,5
11972,19710,1
11972,19729,1
11972,19754,5
11972,19800,2
11972,19805,3
11972,19843,2
11972,19844,4
11973,19501,4.5
11973,19503,6
11973,19504,8
11973,19505,3
11973,19511,3
11973,19516,1
11973,19517,27
11973,19518,9
11973,19523,59
11973,19524,4
11973,19525,30
11973,19527,4
11973,19528,6
11973,19532,5
11973,19541,5
11973,19543,4
11973,19545,4
11973,19566,1
11973,19567,1
11973,19578,5
11973,19579,4
11973,19587,45
11973,19588,29
11973,19589,9
11973,19590,24
11973,19591,14
11973,19593,4
11973,19594,3
11973,19595,9
11973,19596,7.5
11973,19597,15.5
11973,19598,3
11973,19599,8
11973,19600,4
11973,19662,2
11973,19668,1
11973,19675,4
11973,19717,1
11973,19753,9
11973,19836,5
11973,19837,2
11974,19502,3
11974,19504,2
11974,19510,3
11974,19511,8
11974,19516,8
11974,19517,62
11974,19518,44
11974,19519,4
11974,19520,8
11974,19521,84
11974,19522,157
11974,19523,136
11974,19524,18
11974,19525,10
11974,19535,5
11974,19539,2
11974,19540,6
11974,19542,3
11974,19543,3
11974,19546,1
11974,19554,4
11974,19556,4
11974,19559,11
11974,19573,1
11974,19577,4
11974,19578,2
11974,19580,3
11974,19582,1
11974,19585,3
11974,19587,11
11974,19588,23
11974,19589,69.5
11974,19590,55
11974,19591,20
11974,19592,4
11974,19593,7
11974,19594,40.5
11974,19595,22
11974,19596,8
11974,19597,4
11974,19598,4
11974,19599,1
11974,19602,3
11974,19653,2
11974,19655,2
11974,19656,2
11974,19664,2
11974,19666,4
11974,19669,2
11974,19677,2
11974,19684,7
11974,19685,8
11974,19727,1
11974,19730,4
11974,19746,2
11974,19753,2
11974,19773,3
11974,19802,1
11974,19803,2
11974,19804,2
11974,19806,2
11974,19837,7
11974,19838,18
11974,19839,19
11975,19500,5
11975,19504,7
11975,19511,1
11975,19512,67.5
11975,19513,49
11975,19514,43.5
11975,19515,38
11975,19516,38
11975,19517,145
11975,19518,69
11975,19519,58
11975,19520,11.5
11975,19521,1
11975,19522,291
11975,19523,178
11975,19524,66
11975,19526,5
11975,19530,1
11975,19531,2
11975,19535,2
11975,19540,2
11975,19553,5
11975,19554,5
11975,19555,3
11975,19564,2
11975,19569,2
11975,19575,2
11975,19583,2
11975,19584,17
11975,19586,41
11975,19587,22
11975,19588,34
11975,19589,33
11975,19590,125
11975,19591,48
11975,19592,5
11975,19594,3
11975,19595,7.5
11975,19599,6
11975,19600,1
11975,19601,1
11975,19602,5
11975,19603,2
11975,19650,3
11975,19653,2
11975,19658,3
11975,19661,11
11975,19678,1
11975,19680,5
11975,19682,9
11975,19685,2
11975,19688,2
11975,19699,1
11975,19744,2
11975,19746,1
11975,19799,4
11975,19803,2
11975,19804,12
11975,19806,7
11975,19807,4
11975,19809,7
11975,19838,8
11975,19839,4
11976,19500,1
11976,19501,3
11976,19502,2
11976,19510,1
11976,19511,2
11976,19512,54
11976,19513,74
11976,19514,42
11976,19515,61
11976,19516,14
11976,19517,71
11976,19518,51
11976,19519,41
11976,19520,74
11976,19521,45
11976,19522,59
11976,19523,156
11976,19524,164.5
11976,19525,11
11976,19528,1
11976,19530,5
11976,19531,3
11976,19533,4
11976,19534,1
11976,19535,5
11976,19536,25
11976,19547,2
11976,19549,7
11976,19551,2
11976,19553,1
11976,19555,6
11976,19556,5
11976,19559,8
11976,19560,2
11976,19577,4
11976,19583,2
11976,19584,24
11976,19585,25
11976,19586,52
11976,19587,29
11976,19588,14.5
11976,19590,52
11976,19591,4
11976,19594,11
11976,19602,2
11976,19650,1
11976,19651,5
11976,19677,2
11976,19682,2
11976,19685,3
11976,19686,2
11976,19721,6
11976,19722,4
11976,19804,9
11976,19805,14
11976,19806,4
11977,19502,3
11977,19503,1
11977,19508,4.5
11977,19511,33
11977,19512,107
11977,19513,56
11977,19514,9
11977,19515,54
11977,19516,75
11977,19517,88
11977,19518,68.5
11977,19519,32
11977,19520,65.5
11977,19521,82.5
11977,19522,86.5
11977,19523,14
11977,19524,177
11977,19525,4
11977,19526,6
11977,19528,7
11977,19529,4
11977,19530,2
11977,19531,2
11977,19532,3
11977,19533,2
11977,19534,8
11977,19535,46
11977,19536,9
11977,19551,10
11977,19552,3
11977,19553,18
11977,19554,28
11977,19555,24.5
11977,19556,9
11977,19557,13
11977,19558,1
11977,19559,5
11977,19564,4
11977,19569,7
11977,19570,3
11977,19573,2
11977,19575,2
11977,19578,20
11977,19581,1
11977,19584,5
11977,19585,9
11977,19586,2
11977,19589,9
11977,19590,7
11977,19591,11
11977,19592,1
11977,19593,13
11977,19594,16
11977,19595,4
11977,19596,2
11977,19597,5
11977,19598,2
11977,19602,1
11977,19604,5
11977,19649,3
11977,19651,8
11977,19652,1
11977,19656,11
11977,19659,3
11977,19660,2
11977,19666,5
11977,19674,2
11977,19683,6
11977,19684,1.5
11977,19686,2
11977,19721,1
11977,19732,3
11977,19798,1
11978,19500,2
11978,19502,8
11978,19504,9
11978,19507,2
11978,19510,3
11978,19512,277.5
11978,19513,50
11978,19514,9.5
11978,19515,53
11978,19516,281
11978,19517,50
11978,19518,76
11978,19519,143.5
11978,19520,97
11978,19521,78
11978,19522,81
11978,19523,37
11978,19524,102
11978,19525,101
11978,19526,1
11978,19527,6
11978,19528,5
11978,19529,12.5
11978,19530,12.5
11978,19531,7
11978,19532,17
11978,19533,11
11978,19534,23
11978,19535,93
11978,19536,64
11978,19537,30
11978,19542,4
11978,19551,26
11978,19552,41.5
11978,19553,54.5
11978,19557,4
11978,19561,1
11978,19566,2
11978,19568,4
11978,19569,2
11978,19570,4
11978,19573,1
11978,19574,1
11978,19575,2
11978,19576,2
11978,19578,1
11978,19583,4
11978,19585,5
11978,19586,2
11978,19590,1
11978,19591,14
11978,19592,8
11978,19593,13
11978,19594,14
11978,19596,3
11978,19600,3.5
11978,19602,5
11978,19604,4
11978,19652,2
11978,19657,15
11978,19664,2
11978,19677,1
11978,19681,1
11978,19683,2
11978,19719,3
11978,19728,1
11978,19777,10
11978,19778,1
11979,19501,5
11979,19510,4
11979,19512,148.5
11979,19513,58
11979,19514,75.5
11979,19515,47
11979,19516,127.5
11979,19517,116
11979,19518,87.5
11979,19519,115
11979,19520,64
11979,19521,68
11979,19522,28
11979,19525,26
11979,19526,7
11979,19527,2
11979,19529,9
11979,19530,1
11979,19531,3
11979,19533,6
11979,19535,11
11979,19536,34
11979,19537,36.5
11979,19542,7
11979,19549,1
11979,19551,5
11979,19553,16
11979,19554,12.5
11979,19556,2
11979,19557,2
11979,19559,4
11979,19561,2
11979,19563,4
11979,19568,1
11979,19569,8
11979,19570,3
11979,19571,2
11979,19587,8
11979,19590,1
11979,19591,38
11979,19592,1
11979,19595,5
11979,19606,2
11979,19654,4
11979,19662,4
11979,19663,2
11979,19666,3
11979,19727,3
11979,19728,2
11979,19777,3
11979,19778,3
11979,19851,3
11980,19497,6
11980,19501,2
11980,19502,5
11980,19506,4
11980,19507,2
11980,19508,9
11980,19510,11
11980,19511,14
11980,19512,23
11980,19513,138
11980,19514,280.5
11980,19515,45
11980,19516,22
11980,19517,128
11980,19518,119.5
11980,19519,57
11980,19520,81.5
11980,19521,57
11980,19522,3
11980,19523,12.5
11980,19524,29
11980,19525,6
11980,19528,4
11980,19529,3
11980,19533,28
11980,19534,7
11980,19535,2
11980,19538,18
11980,19539,5
11980,19544,19
11980,19548,2
11980,19549,6
11980,19550,1
11980,19551,6
11980,19552,34
11980,19553,14
11980,19556,6
11980,19558,2
11980,19561,1
11980,19562,25
11980,19564,2
11980,19565,5
11980,19567,4
11980,19570,4
11980,19572,4
11980,19573,10
11980,19577,1.5
11980,19582,3
11980,19585,1
11980,19586,3
11980,19587,6
11980,19590,6
11980,19591,8
11980,19599,9.5
11980,19605,4
11980,19687,2
11980,19689,2
11980,19726,34
11980,19727,3
11980,19734,2
11980,19808,4
11980,19852,1
11981,19497,12
11981,19498,4
11981,19499,2
11981,19506,2
11981,19508,4
11981,19511,51
11981,19512,113
11981,19513,228
11981,19514,240.5
11981,19515,48
11981,19516,92
11981,19517,18.5
11981,19518,138
11981,19519,63
11981,19520,48
11981,19521,15
11981,19522,3
11981,19525,22
11981,19526,31
11981,19527,41.5
11981,19528,1
11981,19529,3
11981,19531,3
11981,19532,3
11981,19533,43.5
11981,19534,9
11981,19535,2
11981,19536,59
11981,19537,40.5
11981,19538,74
11981,19539,28
11981,19542,2
11981,19544,135
11981,19549,2
11981,19550,6
11981,19552,1
11981,19553,2
11981,19558,1
11981,19561,2
11981,19562,69
11981,19563,79
11981,19564,40
11981,19565,26
11981,19566,13
11981,19567,5
11981,19569,5
11981,19570,13
11981,19572,17
11981,19573,2
11981,19575,1
11981,19576,1
11981,19581,3
11981,19587,4
11981,19589,1
11981,19590,3
11981,19592,3
11981,19597,1
11981,19598,1
11981,19607,2
11981,19653,2
11981,19665,1
11981,19667,1
11981,19687,5
11981,19688,2
11981,19689,1
11981,19691,1
11981,19725,3
11981,19726,22.5
11981,19809,2
11982,19496,12
11982,19498,11
11982,19499,7
11982,19502,4
11982,19506,2
11982,19507,6
11982,19508,9
11982,19509,18
11982,19510,90
11982,19511,68
11982,19512,78
11982,19513,176
11982,19514,220
11982,19515,102
11982,19516,295
11982,19517,89
11982,19518,52
11982,19519,53
11982,19520,19.5
11982,19521,4
11982,19523,244.5
11982,19524,8
11982,19525,141
11982,19526,97.5
11982,19527,41.5
11982,19528,8
11982,19529,3
11982,19530,1
11982,19531,1
11982,19534,3
11982,19536,27
11982,19537,48
11982,19538,64
11982,19539,136.5
11982,19540,9
11982,19541,4
11982,19542,9
11982,19543,19
11982,19544,6
11982,19547,2
11982,19551,2
11982,19552,9
11982,19560,41
11982,19561,48
11982,19562,71.5
11982,19563,76.5
11982,19564,34
11982,19566,5
11982,19569,4
11982,19570,5
11982,19572,5
11982,19573,2
11982,19581,3
11982,19582,4
11982,19584,7
11982,19590,2
11982,19592,3
11982,19593,4
11982,19594,2
11982,19596,4
11982,19601,5
11982,19607,5
11982,19620,3
11982,19621,2
11982,19659,3.5
11982,19661,4
11982,19669,4
11982,19670,1
11982,19725,1
11982,19726,7
11982,19730,2
11982,19852,6
11983,19496,2
11983,19498,1
11983,19500,4
11983,19506,1
11983,19508,1
11983,19509,2
11983,19510,103
11983,19511,40
11983,19512,40
11983,19513,417
11983,19514,306
11983,19515,145
11983,19516,199.5
11983,19517,96
11983,19518,16
11983,19519,8.5
11983,19520,137
11983,19521,19.5
11983,19522,262.5
11983,19523,107
11983,19524,244.5
11983,19525,28
11983,19526,11
11983,19527,61
11983,19528,7
11983,19529,6.5
11983,19532,2
11983,19533,5
11983,19534,12
11983,19535,5
11983,19536,55
11983,19537,87.5
11983,19538,130.5
11983,19539,66.5
11983,19540,21
11983,19541,3
11983,19542,15
11983,19544,6
11983,19545,17
11983,19546,3
11983,19547,13
11983,19548,9
11983,19552,7
11983,19553,11
11983,19556,4
11983,19557,2
11983,19558,10
11983,19560,60
11983,19561,57
11983,19562,74.5
11983,19563,17
11983,19564,3
11983,19565,4
11983,19568,3
11983,19569,2
11983,19571,2
11983,19572,2
11983,19573,13
11983,19585,4
11983,19586,4
11983,19593,2
11983,19594,2
11983,19595,5
11983,19609,1
11983,19623,5
11983,19624,6.5
11983,19625,2
11983,19626,1
11983,19628,7
11983,19660,2
11983,19678,3
11983,19737,2
11983,19774,1
11983,19798,2
11983,19851,1
11983,19852,2
11984,19494,11
11984,19496,17
11984,19497,7
11984,19498,3
11984,19508,8
11984,19509,10
11984,19510,243.5
11984,19511,63
11984,19512,107.5
11984,19513,91
11984,19514,483.5
11984,19515,270
11984,19516,104
11984,19517,67
11984,19518,31
11984,19519,40
11984,19520,2
11984,19521,119
11984,19522,53
11984,19523,49
11984,19524,75.5
11984,19525,35
11984,19526,21
11984,19527,48
11984,19528,5
11984,19529,6
11984,19531,5
11984,19534,6
11984,19535,8
11984,19536,12
11984,19537,29
11984,19538,48
11984,19539,46
11984,19540,51
11984,19542,14
11984,19543,6.5
11984,19544,16
11984,19545,2
11984,19548,4
11984,19549,2
11984,19552,2
11984,19557,4
11984,19559,5
11984,19560,2
11984,19561,2
11984,19562,6
11984,19563,18
11984,19566,1
11984,19567,2
11984,19568,4
11984,19570,8
11984,19572,2
11984,19573,3
11984,19575,9
11984,19584,13.5
11984,19587,3
11984,19588,5
11984,19590,3
11984,19591,2
11984,19592,2
11984,19593,3
11984,19594,2
11984,19597,3
11984,19620,5
11984,19621,12.5
11984,19622,2
11984,19623,6
11984,19624,11
11984,19625,3
11984,19654,1
11984,19657,2
11984,19675,5
11984,19681,2
11984,19683,2
11984,19688,5
11984,19728,1
11984,19856,5
11985,19494,15.5
11985,19495,7
11985,19496,17
11985,19497,21
11985,19498,8
11985,19504,97.5
11985,19505,51
11985,19509,19
11985,19510,113
11985,19511,128
11985,19512,53.5
11985,19513,57
11985,19514,15
11985,19515,73
11985,19516,43
11985,19517,52.5
11985,19518,124
11985,19519,72.5
11985,19520,36
11985,19521,92
11985,19522,110
11985,19523,65
11985,19524,55
11985,19525,38.5
11985,19526,6
11985,19527,2
11985,19530,2
11985,19531,4
11985,19532,18
11985,19533,3
11985,19534,7
11985,19535,16
11985,19537,2
11985,19538,30
11985,19539,45
11985,19540,96.5
11985,19543,16
11985,19546,4
11985,19547,7
11985,19553,5
11985,19556,6
11985,19557,1
11985,19560,5
11985,19562,1
11985,19563,8
11985,19565,3
11985,19566,2
11985,19568,2
11985,19571,2
11985,19573,3
11985,19574,3
11985,19575,1
11985,19577,3
11985,19581,5
11985,19584,2
11985,19586,2
11985,19600,5
11985,19603,1
11985,19604,4
11985,19610,4
11985,19617,4
11985,19621,6
11985,19622,7
11985,19624,1
11985,19629,1
11985,19658,9
11985,19667,1
11985,19672,4
11985,19682,2
11985,19720,2
11985,19723,1
11985,19727,3
11985,19842,8
11985,19843,4
11985,19856,3
11986,19496,12
11986,19497,8.5
11986,19498,2
11986,19499,13
11986,19500,16
11986,19502,1
11986,19504,433.5
11986,19505,73
11986,19506,636.5
11986,19510,9
11986,19512,32
11986,19513,88.5
11986,19514,16
11986,19515,10
11986,19516,306.5
11986,19517,183
11986,19518,282
11986,19519,149
11986,19520,108
11986,19521,326.5
11986,19522,65.5
11986,19523,38
11986,19524,21
11986,19525,16
11986,19526,25
11986,19527,16
11986,19528,9
11986,19531,1
11986,19532,4
11986,19533,6
11986,19534,7
11986,19535,5
11986,19537,10
11986,19538,3
11986,19539,9
11986,19540,9
11986,19542,4
11986,19543,19
11986,19544,14
11986,19545,8
11986,19546,8
11986,19547,17.5
11986,19548,2
11986,19549,1
11986,19550,11
11986,19553,2
11986,19554,4
11986,19558,2
11986,19559,7
11986,19561,4
11986,19562,1
11986,19563,5
11986,19564,5
11986,19567,7
11986,19572,2
11986,19577,6
11986,19587,3
11986,19588,3
11986,19603,4
11986,19604,9
11986,19605,8
11986,19613,2
11986,19617,2
11986,19619,1
11986,19620,10
11986,19621,10
11986,19622,2
11986,19626,5
11986,19668,13
11986,19671,4
11986,19677,4
11986,19678,4
11986,19680,2
11986,19681,4
11986,19682,2
11986,19683,2
11986,19718,4
11986,19735,1
11986,19794,3
11986,19843,2
11986,19844,4
11986,19845,2
11986,19852,3
11986,19855,2
11987,19499,1
11987,19500,2
11987,19501,8
11987,19504,59
11987,19505,273
11987,19506,333
11987,19507,318.5
11987,19508,135
11987,19512,54
11987,19513,150
11987,19514,117
11987,19515,51
11987,19516,118.5
11987,19517,408
11987,19518,252
11987,19519,191.5
11987,19520,152
11987,19521,108
11987,19522,41
11987,19523,54
11987,19524,94
11987,19525,32
11987,19526,26.5
11987,19532,6
11987,19533,12
11987,19535,2
11987,19537,8
11987,19538,2
11987,19540,7
11987,19542,4
11987,19546,6.5
11987,19548,10
11987,19549,7
11987,19551,1
11987,19553,8
11987,19556,4
11987,19559,6
11987,19563,2
11987,19568,1
11987,19570,5
11987,19575,3
11987,19580,8
11987,19583,2
11987,19588,2
11987,19594,2
11987,19595,3
11987,19597,2
11987,19603,14
11987,19605,2
11987,19615,4
11987,19617,10
11987,19620,5
11987,19621,20
11987,19645,7
11987,19650,3
11987,19658,1
11987,19663,5
11987,19686,2
11987,19819,1
11987,19843,4
11988,19501,3
11988,19504,36
11988,19505,40
11988,19506,102
11988,19507,104
11988,19508,175
11988,19509,44
11988,19510,95
11988,19511,91
11988,19512,134
11988,19513,163
11988,19514,242
11988,19515,187.5
11988,19516,129
11988,19517,406
11988,19518,527
11988,19519,120.5
11988,19520,124.5
11988,19521,60
11988,19522,34
11988,19523,2
11988,19524,13.5
11988,19525,34
11988,19526,17
11988,19527,17
11988,19536,2
11988,19538,1
11988,19540,8
11988,19546,6
11988,19547,2
11988,19548,1
11988,19549,12
11988,19551,2
11988,19558,2
11988,19560,14
11988,19562,2
11988,19563,4
11988,19570,2
11988,19576,3
11988,19580,3
11988,19581,8
11988,19582,1
11988,19583,3
11988,19584,1
11988,19592,2
11988,19597,2
11988,19599,5
11988,19605,1
11988,19612,2
11988,19641,5
11988,19643,1
11988,19644,3
11988,19650,2
11988,19655,2
11988,19666,1
11988,19674,1
11988,19676,2
11988,19696,1
11988,19796,1
11989,19499,1
11989,19500,4
11989,19504,10
11989,19505,47
11989,19506,46
11989,19507,58
11989,19508,294
11989,19509,140
11989,19510,104
11989,19511,61
11989,19512,127.5
11989,19513,209
11989,19514,107
11989,19515,9
11989,19516,136.5
11989,19517,481
11989,19518,392.5
11989,19519,29
11989,19520,97.5
11989,19521,78
11989,19522,13
11989,19527,10
11989,19528,9
11989,19529,29
11989,19530,11
11989,19531,20
11989,19533,7
11989,19535,1
11989,19538,6
11989,19547,2
11989,19550,2
11989,19551,4
11989,19552,2
11989,19560,1
11989,19564,2
11989,19566,7
11989,19572,4
11989,19575,3
11989,19577,3
11989,19579,5
11989,19585,5
11989,19589,2
11989,19592,12.5
11989,19613,2
11989,19619,1
11989,19628,2
11989,19633,4
11989,19636,2
11989,19644,2
11989,19650,7
11989,19656,8
11989,19664,1
11989,19667,1
11989,19668,4
11989,19673,2
11989,19674,7
11989,19675,3
11989,19678,2
11989,19695,1
11989,19696,5
11989,19740,3
11989,19794,1
11989,19797,1
11989,19826,2
11989,19827,7
11989,19828,11
11990,19499,6
11990,19502,1
11990,19505,92.5
11990,19506,92
11990,19507,89
11990,19508,110
11990,19509,77.5
11990,19510,132.5
11990,19511,228
11990,19512,75
11990,19513,90
11990,19514,99
11990,19515,124.5
11990,19516,166
11990,19517,219
11990,19518,45
11990,19519,35
11990,19520,25
11990,19521,52
11990,19522,2
11990,19523,2
11990,19525,1
11990,19529,2
11990,19533,2
11990,19535,50
11990,19536,22
11990,19537,40
11990,19538,16
11990,19540,2
11990,19547,3
11990,19548,4.5
11990,19549,1
11990,19550,12
11990,19551,10
11990,19558,2
11990,19559,1
11990,19561,8
11990,19563,3
11990,19571,4
11990,19572,3
11990,19574,1
11990,19577,2
11990,19578,5
11990,19581,1
11990,19583,2
11990,19587,2
11990,19600,1
11990,19601,1
11990,19604,8
11990,19606,2
11990,19608,5
11990,19610,2
11990,19612,4
11990,19614,2
11990,19628,1
11990,19633,2
11990,19639,5
11990,19641,4
11990,19643,1
11990,19651,7
11990,19652,4
11990,19654,2
11990,19659,1
11990,19660,3
11990,19671,5
11990,19672,2
11990,19673,11
11990,19674,3
11990,19678,2
11990,19682,2
11990,19697,1
11990,19827,14
11990,19828,4
11991,19494,2
11991,19500,10
11991,19505,98
11991,19506,59.5
11991,19507,30
11991,19508,19
11991,19509,9
11991,19510,72
11991,19511,76
11991,19512,115
11991,19513,104
11991,19514,60
11991,19515,126.5
11991,19516,271.5
11991,19517,390
11991,19518,81
11991,19519,137
11991,19520,36
11991,19521,21
11991,19522,18
11991,19525,22
11991,19526,7
11991,19528,4
11991,19534,2
11991,19536,14
11991,19538,5
11991,19540,9
11991,19545,2
11991,19546,2
11991,19548,4
11991,19549,2
11991,19550,2
11991,19556,6
11991,19558,1
11991,19571,1
11991,19572,2
11991,19573,4
11991,19575,7
11991,19576,5
11991,19578,4
11991,19580,4
11991,19581,7
11991,19586,3
11991,19587,2
11991,19588,9
11991,19590,3
11991,19592,1
11991,19593,3
11991,19596,2
11991,19599,2
11991,19600,5
11991,19601,1
11991,19607,6
11991,19608,1
11991,19610,5
11991,19614,2
11991,19621,2
11991,19627,2
11991,19628,2
11991,19639,1
11991,19646,1
11991,19660,2
11991,19661,4
11991,19672,16
11991,19673,4
11991,19727,4
11991,19806,1
11992,19499,3
11992,19501,13
11992,19502,10
11992,19507,7.5
11992,19508,10
11992,19509,21
11992,19510,65.5
11992,19511,112
11992,19512,102
11992,19513,94
11992,19514,71
11992,19515,98
11992,19516,62.5
11992,19517,164
11992,19518,109
11992,19519,163.5
11992,19520,89.5
11992,19521,43.5
11992,19522,4
11992,19523,10
11992,19524,30
11992,19525,40
11992,19526,32
11992,19527,10
11992,19528,2
11992,19529,9
11992,19530,15
11992,19531,9
11992,19536,7
11992,19537,2
11992,19539,3
11992,19542,4
11992,19547,2
11992,19550,2
11992,19555,2
11992,19557,3
11992,19558,4
11992,19559,3
11992,19561,3
11992,19563,1
11992,19564,2
11992,19566,3
11992,19568,3
11992,19569,2
11992,19571,3
11992,19572,8
11992,19573,4
11992,19577,1
11992,19578,3
11992,19579,4
11992,19588,3
11992,19590,2
11992,19591,2
11992,19592,2
11992,19594,2
11992,19595,4
11992,19596,2
11992,19608,6
11992,19610,6
11992,19618,1
11992,19628,13
11992,19629,6
11992,19630,27
11992,19639,2
11992,19640,2
11992,19648,5
11992,19654,3
11992,19656,1
11992,19657,2
11992,19662,4
11992,19670,53
11992,19671,15
11992,19672,12
11992,19673,3
11992,19675,5
11992,19679,3
11992,19686,2
11992,19697,4
11992,19727,1
11992,19742,2
11992,19743,2
11992,19784,11
11993,19500,1
11993,19506,7
11993,19507,8
11993,19508,4
11993,19509,3
11993,19510,8
11993,19511,24
11993,19512,91
11993,19513,94
11993,19514,114
11993,19515,106
11993,19516,63.5
11993,19517,119.5
11993,19518,138.5
11993,19519,65
11993,19520,24
11993,19521,82
11993,19522,14
11993,19523,1
11993,19524,10
11993,19525,4
11993,19526,12.5
11993,19527,13
11993,19528,10
11993,19530,1
11993,19535,3
11993,19538,5
11993,19539,6
11993,19540,9
11993,19544,14
11993,19546,2
11993,19548,5
11993,19552,5.5
11993,19553,2
11993,19554,1
11993,19557,4
11993,19560,2
11993,19562,6
11993,19563,4.5
11993,19564,14
11993,19573,7
11993,19574,2
11993,19583,3
11993,19586,3
11993,19587,5
11993,19588,4
11993,19591,2
11993,19594,3
11993,19595,2
11993,19596,2
11993,19606,9
11993,19614,2
11993,19618,3
11993,19626,2
11993,19628,2
11993,19629,3
11993,19630,1
11993,19638,5
11993,19642,2
11993,19647,1
11993,19651,3
11993,19652,1
11993,19663,5
11993,19669,5
11993,19670,81.5
11993,19671,38.5
11993,19673,3
11993,19700,2
11993,19784,40
11993,19785,2
11993,19802,1
11994,19502,7
11994,19503,2
11994,19506,3
11994,19507,3
11994,19508,5.5
11994,19509,1
11994,19510,23
11994,19511,52
11994,19512,35
11994,19513,52
11994,19514,116
11994,19515,210
11994,19516,81
11994,19517,115.5
11994,19518,202.5
11994,19519,149
11994,19520,27
11994,19521,32
11994,19522,16
11994,19523,52
11994,19524,7
11994,19525,4
11994,19527,4
11994,19529,3
11994,19530,10
11994,19531,4
11994,19532,8
11994,19536,4
11994,19538,1
11994,19540,6
11994,19541,3
11994,19542,1
11994,19543,1
11994,19548,1
11994,19549,4
11994,19551,2
11994,19552,2
11994,19556,9
11994,19564,2
11994,19570,8
11994,19574,5
11994,19575,4
11994,19577,4
11994,19579,1
11994,19584,1
11994,19594,2
11994,19595,10
11994,19598,5
11994,19616,2
11994,19622,2
11994,19623,3
11994,19625,3
11994,19638,4
11994,19639,2
11994,19649,7
11994,19655,8
11994,19669,4
11994,19670,50
11994,19671,30
11994,19672,3
11994,19682,4
11994,19696,1
11994,19699,2
11994,19720,5
11994,19743,19
11994,19744,2
11994,19783,4
11994,19784,9
11994,19785,2
11995,19503,2
11995,19507,3
11995,19508,4
11995,19509,11
11995,19510,4
11995,19511,18
11995,19512,43
11995,19514,2
11995,19515,7
11995,19516,9
11995,19517,38
11995,19518,153.5
11995,19519,112
11995,19520,191
11995,19521,25
11995,19522,30.5
11995,19523,26
11995,19524,3
11995,19525,2
11995,19526,2
11995,19530,32.5
11995,19531,29
11995,19536,1
11995,19538,3
11995,19542,1
11995,19543,13
11995,19545,5
11995,19550,5
11995,19552,2
11995,19555,1
11995,19558,2
11995,19561,8
11995,19565,5
11995,19569,2
11995,19578,1
11995,19581,4
11995,19586,1
11995,19590,5
11995,19591,2
11995,19593,4.5
11995,19594,2
11995,19595,8
11995,19601,5
11995,19611,10
11995,19618,2
11995,19619,3
11995,19622,2
11995,19623,2
11995,19624,1
11995,19626,1
11995,19627,4.5
11995,19638,4
11995,19654,3
11995,19655,2
11995,19660,1
11995,19669,4
11995,19670,29
11995,19671,4
11995,19673,3
11995,19676,1
11995,19677,1
11995,19686,1
11995,19750,3
11996,19501,4
11996,19503,2
11996,19506,2
11996,19508,1
11996,19509,1
11996,19510,6
11996,19511,1
11996,19514,2
11996,19515,1
11996,19516,4
11996,19518,21
11996,19519,67.5
11996,19520,79
11996,19521,89
11996,19522,82
11996,19523,49.5
11996,19524,6
11996,19529,4
11996,19530,15
11996,19531,33
11996,19532,19
11996,19537,2
11996,19539,1
11996,19540,1
11996,19543,1
11996,19544,2
11996,19546,2
11996,19548,1
11996,19550,5
11996,19551,2
11996,19555,6
11996,19556,1
11996,19562,3
11996,19565,2
11996,19568,8
11996,19569,8
11996,19570,2
11996,19571,3
11996,19572,7
11996,19573,13
11996,19574,10
11996,19575,48.5
11996,19578,5
11996,19583,4
11996,19590,5
11996,19591,3
11996,19592,3
11996,19595,2
11996,19596,1
11996,19597,5
11996,19599,1
11996,19607,2
11996,19609,2
11996,19616,2
11996,19617,4
11996,19619,1
11996,19621,5
11996,19638,1
11996,19645,2
11996,19651,1
11996,19653,2
11996,19656,2
11996,19659,2
11996,19661,2
11996,19666,2
11996,19668,1
11996,19669,13
11996,19670,3
11996,19676,1
11996,19679,3
11996,19685,2
11996,19750,3
11997,19502,1
11997,19506,3
11997,19508,9
11997,19509,4
11997,19513,3
11997,19515,3
11997,19516,1
11997,19517,16
11997,19518,4
11997,19519,44.5
11997,19520,139
11997,19521,33
11997,19522,31.5
11997,19523,61
11997,19524,35
11997,19525,4
11997,19526,3
11997,19528,2
11997,19530,41
11997,19531,24
11997,19532,16
11997,19533,1
11997,19537,5
11997,19541,2
11997,19545,13
11997,19553,5
11997,19554,2
11997,19563,1
11997,19564,2
11997,19566,4
11997,19567,1
11997,19568,1
11997,19570,4
11997,19571,56
11997,19572,59
11997,19573,97
11997,19574,48.5
11997,19575,31
11997,19576,5
11997,19582,2
11997,19584,4
11997,19585,7
11997,19586,1
11997,19588,12
11997,19589,3
11997,19590,4
11997,19592,6
11997,19595,2
11997,19597,12
11997,19598,12
11997,19604,2
11997,19605,1
11997,19607,2
11997,19615,3
11997,19619,2
11997,19626,1
11997,19638,2
11997,19640,3
11997,19641,2
11997,19648,2
11997,19649,2
11997,19651,7
11997,19655,2
11997,19657,3
11997,19659,1
11997,19666,2
11997,19668,2
11997,19670,4
11997,19672,2
11997,19677,6
11997,19684,1
11997,19685,1
11997,19686,4
11997,19782,1
11998,19503,3
11998,19507,2
11998,19508,6
11998,19511,9.5
11998,19514,4
11998,19515,2
11998,19516,17
11998,19517,16
11998,19519,106.5
11998,19520,198.5
11998,19521,45
11998,19522,12
11998,19523,74
11998,19524,81.5
11998,19525,101.5
11998,19526,32
11998,19528,2
11998,19530,14
11998,19531,36
11998,19532,1
11998,19533,1
11998,19534,4
11998,19543,2
11998,19545,2
11998,19547,4
11998,19548,5
11998,19549,1
11998,19550,9.5
11998,19554,4
11998,19556,5
11998,19568,1.5
11998,19570,6
11998,19571,44.5
11998,19572,47.5
11998,19573,61
11998,19574,158
11998,19585,7
11998,19586,5
11998,19588,45
11998,19589,12
11998,19593,2
11998,19596,8
11998,19597,22
11998,19598,5
11998,19613,4
11998,19648,7
11998,19654,11
11998,19656,2
11998,19662,4
11998,19672,2
11998,19674,2
11998,19676,5
11998,19681,3
11998,19682,5
11998,19683,8
11998,19684,1
11999,19509,4
11999,19515,2
11999,19516,1
11999,19517,10
11999,19518,2
11999,19519,75
11999,19520,122
11999,19521,25
11999,19523,2
11999,19524,40
11999,19525,44
11999,19526,23
11999,19528,2
11999,19530,1
11999,19531,4
11999,19534,19
11999,19536,1
11999,19540,3
11999,19542,2
11999,19545,6
11999,19554,6
11999,19556,4
11999,19557,1
11999,19566,3
11999,19567,2
11999,19569,1
11999,19573,15.5
11999,19574,4
11999,19577,6
11999,19578,2
11999,19588,23
11999,19589,8
11999,19590,4
11999,19591,16
11999,19594,8
11999,19595,8
11999,19596,7
11999,19597,57
11999,19598,30.5
11999,19599,7
11999,19603,2
11999,19610,5
11999,19618,2
11999,19652,1
11999,19660,1
11999,19662,4
11999,19665,1
11999,19667,1
11999,19668,2
11999,19675,7
11999,19677,1
11999,19732,6
11999,19797,1
11999,19798,5
12000,19506,8
12000,19507,17
12000,19508,90
12000,19509,167
12000,19510,108
12000,19511,14
12000,19514,3
12000,19516,3
12000,19517,11
12000,19518,4
12000,19519,5
12000,19520,18
12000,19521,3
12000,19526,2
12000,19528,3.5
12000,19533,11
12000,19534,1
12000,19535,6
12000,19536,2
12000,19545,6
12000,19547,2
12000,19548,2
12000,19557,2
12000,19558,1
12000,19559,1
12000,19564,5
12000,19566,4
12000,19568,2
12000,19575,1
12000,19576,2
12000,19577,2
12000,19591,3
12000,19592,2
12000,19593,1
12000,19594,15
12000,19595,25
12000,19596,4
12000,19597,29
12000,19598,43
12000,19599,50
12000,19600,32
12000,19601,44
12000,19606,3
12000,19610,7
12000,19611,4
12000,19618,2
12000,19633,1
12000,19649,3
12000,19658,2
12000,19663,2
12000,19665,1
12000,19673,12
12000,19676,1
12000,19677,1
12000,19681,2
12000,19684,2
12000,19797,3
12000,19798,33
12001,19507,112
12001,19508,63
12001,19509,90
12001,19510,114.5
12001,19511,15
12001,19517,9.5
12001,19521,9
12001,19523,8
12001,19531,6
12001,19533,4
12001,19534,10
12001,19535,5
12001,19543,4
12001,19545,7
12001,19548,2
12001,19550,1
12001,19552,1
12001,19558,1
12001,19563,1
12001,19564,12
12001,19565,2
12001,19566,9
12001,19573,4.5
12001,19575,2
12001,19576,5
12001,19579,2
12001,19582,6
12001,19584,3
12001,19585,2
12001,19590,5
12001,19591,2
12001,19595,2
12001,19596,29
12001,19597,47
12001,19598,48
12001,19599,45
12001,19600,14
12001,19601,16
12001,19602,3
12001,19606,5
12001,19609,6
12001,19610,11
12001,19611,2
12001,19616,1
12001,19619,2
12001,19642,2
12001,19646,5
12001,19648,1
12001,19650,2
12001,19653,4
12001,19660,2
12001,19663,2
12001,19664,2
12001,19672,1
12001,19676,4
12001,19682,1
12001,19733,4
12001,19734,8
12001,19794,7
12001,19795,4
12001,19796,38
12001,19797,52
12001,19798,105.5
12001,19799,2
12002,19507,33
12002,19508,167.5
12002,19509,185.5
12002,19510,70
12002,19511,30
12002,19512,3
12002,19516,4
12002,19518,1
12002,19523,6
12002,19524,2
12002,19525,3
12002,19531,7
12002,19532,2
12002,19533,2
12002,19534,1
12002,19537,2
12002,19543,14
12002,19544,5.5
12002,19546,2
12002,19548,2
12002,19549,3
12002,19552,2
12002,19553,2
12002,19557,3
12002,19561,6
12002,19563,2
12002,19564,11
12002,19565,14
12002,19573,4
12002,19574,4
12002,19576,3
12002,19584,6
12002,19597,11
12002,19598,56.5
12002,19619,5
12002,19620,10
12002,19630,3
12002,19636,1
12002,19645,2
12002,19648,4
12002,19650,2
12002,19652,4
12002,19658,3
12002,19659,8
12002,19661,3
12002,19674,2
12002,19675,5
12002,19783,3
12002,19787,3
12002,19795,2
12002,19796,49
12002,19797,63
12002,19798,3
12003,19507,13
12003,19508,52
12003,19509,17.5
12003,19510,38
12003,19511,12
12003,19512,4
12003,19517,5
12003,19521,1
12003,19523,3
12003,19529,7
12003,19531,5.5
12003,19534,5
12003,19535,7
12003,19547,4
12003,19549,2
12003,19552,4
12003,19558,4
12003,19561,9
12003,19568,2
12003,19571,1
12003,19572,4
12003,19577,2
12003,19580,5
12003,19582,3
12003,19586,2
12003,19589,3
12003,19592,1
12003,19594,4
12003,19604,2
12003,19610,3
12003,19613,10
12003,19618,2.5
12003,19619,33
12003,19620,16
12003,19621,27
12003,19622,33
12003,19623,6
12003,19648,2
12003,19654,5
12003,19658,3
12003,19659,4
12003,19660,6
12003,19661,6
12003,19665,2
12003,19670,1
12003,19671,2
12003,19679,1
12003,19690,2
12003,19720,1
12003,19787,1
12003,19793,1
12003,19795,8
12003,19796,41
12003,19797,30
12003,19798,1
12003,19817,2
12003,19823,7
12004,19510,2
12004,19518,14
12004,19521,3
12004,19527,7
12004,19533,9
12004,19534,1
12004,19535,5
12004,19537,3
12004,19540,2
12004,19547,3
12004,19548,5
12004,19556,2
12004,19570,36
12004,19571,19
12004,19572,2
12004,19588,1
12004,19593,5
12004,19595,6
12004,19597,2
12004,19604,5
12004,19610,4
12004,19611,81.5
12004,19612,9
12004,19616,2
12004,19620,2
12004,19621,25
12004,19622,27.5
12004,19623,10
12004,19637,2
12004,19662,2
12004,19664,1
12004,19665,1
12004,19669,3
12004,19670,2
12004,19671,6
12004,19673,10
12004,19686,1
12004,19790,1
12004,19791,6
12004,19795,3
12004,19796,36.5
12004,19797,2
12004,19822,2
12004,19860,1
12004,19862,10
12005,19515,3
12005,19516,16
12005,19517,7
12005,19518,7
12005,19519,2
12005,19520,6.5
12005,19523,3
12005,19526,3
12005,19527,4
12005,19528,2
12005,19532,16
12005,19533,21
12005,19535,6
12005,19536,1
12005,19537,4
12005,19539,38.5
12005,19540,13.5
12005,19555,9
12005,19562,9
12005,19563,2
12005,19567,5
12005,19569,28
12005,19570,49
12005,19571,50
12005,19572,1
12005,19573,5
12005,19578,1
12005,19586,1
12005,19587,1
12005,19588,6
12005,19591,4
12005,19593,2
12005,19595,2
12005,19597,4
12005,19598,1
12005,19603,2
12005,19605,3
12005,19610,15
12005,19611,16
12005,19612,2
12005,19614,10
12005,19621,12
12005,19622,109.5
12005,19623,25
12005,19645,2
12005,19669,3
12005,19671,2
12005,19796,2
12006,19516,5
12006,19518,2
12006,19519,14
12006,19521,2
12006,19528,3
12006,19531,4
12006,19532,23
12006,19533,5
12006,19537,3
12006,19539,19
12006,19540,112.5
12006,19541,3
12006,19557,1
12006,19561,7
12006,19568,3
12006,19569,63
12006,19570,49
12006,19571,22
12006,19574,6
12006,19579,3
12006,19584,2
12006,19588,1
12006,19596,1
12006,19597,2
12006,19606,6
12006,19611,8
12006,19614,2
12006,19619,2
12006,19620,12
12006,19621,13.5
12006,19622,51.5
12006,19623,5
12006,19662,2
12006,19667,4
12006,19669,6
12006,19747,1
12006,19788,5
12006,19825,5
12006,19826,8
12006,19869,3
12007,19515,5
12007,19518,11
12007,19519,14
12007,19520,2
12007,19525,1
12007,19526,1
12007,19528,2
12007,19531,3
12007,19536,4
12007,19537,6
12007,19538,6
12007,19539,19
12007,19540,122.5
12007,19541,18
12007,19544,3
12007,19545,3
12007,19549,2
12007,19553,3
12007,19554,2
12007,19559,5
12007,19571,4
12007,19579,1
12007,19583,1
12007,19595,2
12007,19598,3
12007,19599,1
12007,19600,2
12007,19602,6
12007,19603,2
12007,19608,2
12007,19611,14
12007,19612,2
12007,19649,5
12007,19652,4
12007,19660,5
12007,19686,2
12007,19687,2
12007,19726,2
12007,19736,1
12007,19787,5
12007,19792,2
12007,19825,12
12007,19826,6
12007,19827,8
12007,19866,6
12008,19515,10
12008,19516,6
12008,19519,29
12008,19520,43.5
12008,19527,2
12008,19529,2
12008,19532,3
12008,19534,12.5
12008,19536,2
12008,19540,44
12008,19541,22
12008,19542,31
12008,19543,5
12008,19545,1
12008,19546,11
12008,19547,2
12008,19548,4
12008,19549,16
12008,19550,3
12008,19551,2
12008,19554,8
12008,19558,1
12008,19567,4
12008,19574,5
12008,19579,2
12008,19581,2
12008,19587,2
12008,19591,1
12008,19594,2
12008,19596,4
12008,19600,2
12008,19608,5
12008,19609,3
12008,19611,8
12008,19612,5
12008,19638,4
12008,19646,2
12008,19672,2
12008,19710,1
12008,19780,1
12008,19787,2
12008,19788,4
12008,19789,3
12008,19825,4
12008,19827,3
12008,19828,4
12009,19516,5
12009,19518,12
12009,19521,2
12009,19522,4
12009,19525,2
12009,19531,10
12009,19533,2
12009,19534,8
12009,19539,11
12009,19540,22
12009,19541,45.5
12009,19542,34
12009,19544,5
12009,19545,40
12009,19546,57.5
12009,19547,11.5
12009,19548,31
12009,19549,10
12009,19550,4
12009,19554,12
12009,19556,2
12009,19557,2
12009,19562,4
12009,19565,4
12009,19566,4
12009,19574,1
12009,19578,4
12009,19584,7
12009,19589,4
12009,19590,9
12009,19592,6
12009,19594,2
12009,19595,2
12009,19596,1
12009,19598,4
12009,19599,4
12009,19603,15
12009,19604,7
12009,19610,2
12009,19611,3
12009,19636,3
12009,19637,3
12009,19662,2
12009,19755,5
12009,19756,1
12009,19784,2
12009,19786,3
12009,19787,1
12009,19788,7
12009,19790,1
12009,19793,3
12010,19517,6
12010,19518,3
12010,19521,1
12010,19522,28
12010,19524,2
12010,19525,7
12010,19527,11
12010,19528,61
12010,19529,16
12010,19530,3
12010,19532,1
12010,19538,3
12010,19539,25
12010,19540,30
12010,19541,53
12010,19542,64.5
12010,19543,26
12010,19544,18
12010,19545,63.5
12010,19546,71
12010,19547,1
12010,19548,15
12010,19549,2
12010,19550,3
12010,19552,2
12010,19555,5
12010,19556,12
12010,19557,15
12010,19558,2
12010,19572,2
12010,19577,8
12010,19580,3
12010,19581,4
12010,19584,3
12010,19590,6.5
12010,19591,4
12010,19592,4
12010,19593,9
12010,19594,1
12010,19596,4
12010,19597,2
12010,19599,3
12010,19600,1
12010,19605,9
12010,19606,3
12010,19609,4
12010,19610,4
12010,19634,3
12010,19635,1
12010,19636,4
12010,19637,2
12010,19641,5
12010,19663,3
12010,19788,34
12010,19789,1
12010,19790,19
12011,19517,4
12011,19518,11
12011,19519,16
12011,19523,2
12011,19524,4
12011,19525,1
12011,19526,7
12011,19527,40
12011,19528,93.5
12011,19529,26
12011,19530,13
12011,19531,5
12011,19533,2
12011,19538,35
12011,19539,48.5
12011,19540,1
12011,19541,31
12011,19542,8
12011,19543,18.5
12011,19544,45
12011,19545,77.5
12011,19546,130
12011,19547,60
12011,19548,45
12011,19549,14
12011,19555,6
12011,19556,8
12011,19557,5
12011,19558,6
12011,19566,2
12011,19572,2
12011,19585,1
12011,19586,10
12011,19588,10.5
12011,19589,2
12011,19590,15
12011,19591,22
12011,19592,90.5
12011,19593,32
12011,19594,2
12011,19596,2
12011,19599,5
12011,19601,2
12011,19602,1
12011,19604,3
12011,19607,5.5
12011,19609,1
12011,19611,5
12011,19622,3
12011,19635,2
12011,19638,5
12011,19640,3
12011,19650,6
12011,19653,1
12011,19663,2
12011,19668,1
12011,19669,2
12011,19684,3
12011,19763,4
12011,19788,5
12011,19789,15.5
12012,19518,8
12012,19520,3
12012,19522,2
12012,19523,5
12012,19524,4
12012,19527,16
12012,19528,52
12012,19529,44
12012,19530,46
12012,19531,6
12012,19532,7
12012,19533,6
12012,19535,5
12012,19537,20.5
12012,19538,8
12012,19539,7
12012,19541,14
12012,19542,21
12012,19543,5
12012,19544,43
12012,19545,49.5
12012,19546,42
12012,19547,29
12012,19548,29.5
12012,19549,15
12012,19550,1
12012,19553,4
12012,19556,2
12012,19557,4
12012,19559,3
12012,19560,4
12012,19566,1
12012,19567,2
12012,19568,1
12012,19573,3
12012,19574,1
12012,19575,3
12012,19576,3
12012,19578,4
12012,19579,1.5
12012,19581,6
12012,19582,6
12012,19583,1
12012,19585,7
12012,19586,2
12012,19587,4
12012,19589,5
12012,19590,27
12012,19591,73
12012,19592,130.5
12012,19593,109
12012,19594,32
12012,19596,2
12012,19601,4
12012,19602,1
12012,19603,4
12012,19606,2
12012,19607,1
12012,19610,4
12012,19633,2
12012,19637,2
12012,19653,18.5
12012,19668,10
12012,19685,4
12012,19765,1
12012,19789,7
12012,19793,1
12013,19517,1
12013,19518,17
12013,19520,2
12013,19523,7
12013,19524,4
12013,19525,4
12013,19526,6
12013,19527,5
12013,19528,27
12013,19529,13
12013,19530,13
12013,19531,27
12013,19533,5
12013,19534,2
12013,19537,47
12013,19538,52.5
12013,19539,9
12013,19542,9
12013,19543,7
12013,19544,17
12013,19545,59.5
12013,19546,44.5
12013,19547,45.5
12013,19548,11
12013,19549,11
12013,19550,4
12013,19556,2
12013,19557,8
12013,19558,6
12013,19560,7
12013,19561,7
12013,19562,8
12013,19563,4
12013,19572,3
12013,19577,2
12013,19582,4
12013,19590,7
12013,19591,59.5
12013,19592,40
12013,19593,18
12013,19594,34
12013,19595,12
12013,19598,2
12013,19602,1
12013,19604,3
12013,19606,1
12013,19608,9
12013,19609,5
12013,19638,1
12013,19652,10
12013,19662,5
12013,19668,1
12013,19669,3
12013,19738,2
12013,19739,2
12013,19788,3
12013,19793,8.5
12014,19520,4
12014,19523,3
12014,19525,1
12014,19529,9
12014,19530,11
12014,19531,29.5
12014,19532,20
12014,19533,7
12014,19534,3
12014,19537,38
12014,19538,50.5
12014,19544,4
12014,19545,62
12014,19546,50
12014,19547,16
12014,19548,15
12014,19549,26
12014,19550,4
12014,19551,2
12014,19556,31
12014,19557,101
12014,19558,16
12014,19561,3
12014,19562,6
12014,19564,8
12014,19571,1
12014,19582,2
12014,19590,1
12014,19591,1
12014,19592,11
12014,19593,4
12014,19595,9
12014,19596,3
12014,19607,4
12014,19620,6
12014,19638,2
12014,19649,3
12014,19651,1
12014,19652,10
12014,19666,1
12014,19668,2
12014,19692,1
12014,19727,4
12014,19785,4
12015,19522,1
12015,19524,3
12015,19528,5
12015,19531,6
12015,19532,15
12015,19533,2
12015,19537,13
12015,19538,2
12015,19542,3
12015,19544,10
12015,19545,46
12015,19546,8
12015,19547,2
12015,19548,6
12015,19551,4
12015,19552,7
12015,19553,2
12015,19554,5
12015,19555,7
12015,19556,8
12015,19557,117
12015,19558,41
12015,19559,3
12015,19565,2
12015,19566,3
12015,19567,1
12015,19568,6
12015,19572,6
12015,19575,9
12015,19584,2
12015,19593,4
12015,19596,2
12015,19600,2
12015,19605,1
12015,19606,5
12015,19610,5
12015,19617,8
12015,19622,1
12015,19646,4
12015,19649,5
12015,19650,2
12015,19651,1
12015,19652,47
12015,19653,12
12015,19656,5
12015,19668,5
12015,19701,6
12015,19702,1
12015,19703,4
12015,19785,1
12015,19789,1
12016,19527,1
12016,19528,1
12016,19531,2
12016,19533,1
12016,19534,4
12016,19536,2
12016,19537,9
12016,19540,6
12016,19543,3
12016,19544,2
12016,19545,6
12016,19546,4
12016,19547,2
12016,19557,4
12016,19558,33
12016,19559,58
12016,19566,2
12016,19570,2
12016,19576,2
12016,19589,4
12016,19593,1
12016,19595,7
12016,19596,2
12016,19603,2
12016,19606,5
12016,19610,6
12016,19612,2
12016,19619,2
12016,19621,4
12016,19632,5
12016,19648,4
12016,19653,1
12016,19654,2
12016,19657,2
12016,19668,3
12016,19669,9.5
12016,19704,13
12016,19705,2
12016,19744,2
12016,19746,2
12016,19793,2
12016,19844,8
12016,19845,3
12016,19897,3
12016,19907,10
12017,19521,4
12017,19522,4
12017,19526,2
12017,19528,3
12017,19537,3
12017,19542,5
12017,19559,1
12017,19560,6
12017,19563,2
12017,19567,6
12017,19571,2
12017,19593,6
12017,19594,3
12017,19595,6
12017,19598,5
12017,19603,3
12017,19610,9
12017,19619,3.5
12017,19620,6
12017,19622,4
12017,19637,4
12017,19638,2
12017,19645,2
12017,19658,12
12017,19744,4
12017,19745,4
12017,19785,4
12017,19791,14
12017,19843,9
12017,19844,2
12017,19852,6
12017,19861,3
12017,19907,5
12018,19523,3
12018,19524,1
12018,19526,4
12018,19528,7
12018,19533,2
12018,19543,2
12018,19554,2
12018,19559,6
12018,19560,5
12018,19561,2
12018,19564,2
12018,19568,2
12018,19569,3
12018,19570,3
12018,19571,2
12018,19572,2
12018,19578,1
12018,19592,3
12018,19594,2
12018,19596,3
12018,19603,1
12018,19604,4
12018,19612,4
12018,19615,6
12018,19619,2
12018,19620,6
12018,19622,3
12018,19625,7
12018,19632,1
12018,19636,5
12018,19649,4
12018,19650,4
12018,19657,5
12018,19658,5
12018,19662,5
12018,19730,7
12018,19745,2
12018,19782,2
12018,19785,1
12018,19801,1
12018,19848,5
12018,19851,2
12018,19852,2
12019,19522,3
12019,19523,5
12019,19524,4
12019,19525,1
12019,19526,5
12019,19529,3
12019,19537,5
12019,19540,4
12019,19554,4
12019,19556,3
12019,19559,1
12019,19560,12
12019,19561,20
12019,19563,4
12019,19565,6
12019,19567,4
12019,19571,2
12019,19577,2
12019,19586,1
12019,19593,1
12019,19597,2
12019,19602,2
12019,19604,2
12019,19607,32
12019,19608,15
12019,19609,13
12019,19610,1
12019,19615,5
12019,19616,8
12019,19621,5
12019,19622,3
12019,19623,4
12019,19626,1
12019,19627,5
12019,19644,2
12019,19646,1
12019,19647,7
12019,19651,4
12019,19652,2
12019,19653,2
12019,19654,2
12019,19656,4
12019,19662,1
12019,19779,2
12019,19856,4
12019,19857,10
12019,19894,2
12019,19908,5
12020,19522,2
12020,19532,2
12020,19533,1.5
12020,19534,5
12020,19538,3
12020,19540,2
12020,19556,4
12020,19557,3
12020,19558,2
12020,19561,15
12020,19563,3
12020,19564,4
12020,19565,3
12020,19566,12
12020,19567,5
12020,19568,2
12020,19575,6
12020,19576,2
12020,19581,4
12020,19582,2
12020,19593,2
12020,19595,5
12020,19597,3.5
12020,19600,3
12020,19602,1
12020,19606,13
12020,19607,65.5
12020,19608,94.5
12020,19609,56
12020,19610,14.5
12020,19615,3
12020,19616,10
12020,19619,5
12020,19620,2
12020,19621,9
12020,19624,1
12020,19626,3
12020,19627,6
12020,19629,1
12020,19635,1
12020,19636,3
12020,19650,1
12020,19651,4
12020,19652,8
12020,19658,1
12020,19669,2
12020,19774,4
12020,19775,2
12020,19779,2
12020,19796,4
12020,19797,1
12020,19800,4
12020,19801,11
12020,19844,5
12020,19846,2
12020,19847,1
12020,19894,12
12020,19895,6
12020,19904,4
12020,19905,23
12020,19906,4
12020,19909,7
12021,19523,1
12021,19537,3
12021,19538,6
12021,19558,6
12021,19559,4
12021,19560,5
12021,19566,1
12021,19568,1
12021,19571,4
12021,19572,2
12021,19573,3
12021,19580,1
12021,19584,3
12021,19593,2
12021,19594,2
12021,19602,3
12021,19603,8
12021,19606,33
12021,19607,50.5
12021,19608,101
12021,19609,27
12021,19610,15
12021,19612,2
12021,19621,2
12021,19628,1
12021,19649,2
12021,19650,3
12021,19651,1
12021,19653,2
12021,19655,2
12021,19775,2
12021,19783,5
12021,19785,10
12021,19793,1
12021,19795,1
12021,19796,4
12021,19799,3
12021,19800,30
12021,19801,32
12021,19845,4
12021,19894,4
12021,19903,5
12021,19904,18
12021,19905,4
12021,19907,2.5
12022,19539,1
12022,19552,4
12022,19556,3.5
12022,19557,1
12022,19559,2
12022,19561,1
12022,19562,2
12022,19573,7
12022,19574,3
12022,19580,4
12022,19590,6
12022,19591,2
12022,19594,2
12022,19606,12
12022,19607,26
12022,19608,17
12022,19609,32.5
12022,19610,3
12022,19612,2
12022,19629,4
12022,19630,2
12022,19651,8
12022,19656,3
12022,19664,4.5
12022,19704,4
12022,19783,8
12022,19784,11
12022,19785,4
12022,19786,2
12022,19793,4
12022,19794,2
12022,19829,2
12022,19836,4
12022,19837,10.5
12022,19898,4
12022,19899,8
12022,19902,7
12022,19904,2
12022,19905,1
12023,19523,2
12023,19524,10
12023,19525,4
12023,19551,5
12023,19552,10
12023,19556,3
12023,19562,8
12023,19563,2
12023,19566,5
12023,19571,4
12023,19583,2
12023,19588,1
12023,19589,1
12023,19590,3
12023,19592,7
12023,19594,6
12023,19595,3
12023,19599,6
12023,19602,9
12023,19603,4
12023,19607,4
12023,19608,28
12023,19609,38
12023,19610,2
12023,19620,3
12023,19625,4
12023,19627,8
12023,19628,4
12023,19629,27.5
12023,19632,1
12023,19635,3
12023,19648,4
12023,19654,4.5
12023,19655,7
12023,19734,1
12023,19782,1
12023,19783,39.5
12023,19784,4
12023,19790,1
12023,19800,2
12023,19829,2
12023,19837,8
12023,19840,1
12023,19898,4
12023,19899,19
12023,19900,30
12024,19524,5
12024,19532,2
12024,19533,3
12024,19535,4
12024,19536,3
12024,19538,2
12024,19554,2
12024,19555,10
12024,19563,3
12024,19570,2
12024,19576,6
12024,19579,4
12024,19587,3
12024,19594,2
12024,19602,1
12024,19604,4
12024,19607,2
12024,19608,5
12024,19612,1
12024,19625,2
12024,19626,2
12024,19627,19
12024,19628,9
12024,19629,16
12024,19630,2
12024,19637,2
12024,19638,3
12024,19645,2
12024,19736,2
12024,19782,16
12024,19783,30
12024,19784,14
12024,19804,2
12024,19806,4
12024,19840,1
12024,19896,2
12024,19899,10
12024,19900,30.5
12024,19901,11
12024,19902,4
12025,19526,1
12025,19533,5
12025,19536,2
12025,19537,5
12025,19552,4
12025,19555,3
12025,19565,4
12025,19566,6
12025,19568,3
12025,19571,2
12025,19572,1
12025,19580,2
12025,19581,4
12025,19587,2
12025,19589,6
12025,19590,1
12025,19591,2
12025,19594,2
12025,19596,4
12025,19599,4
12025,19605,1
12025,19608,2
12025,19626,2
12025,19632,1
12025,19638,3
12025,19640,9
12025,19643,11.5
12025,19648,4
12025,19652,8
12025,19654,2
12025,19736,7
12025,19782,13
12025,19783,17
12025,19784,7.5
12025,19787,6
12025,19789,4
12025,19802,3
12025,19805,8
12025,19806,2
12025,19830,4
12025,19840,5.5
12025,19899,3.5
12025,19900,8
12025,19901,23
12025,19902,13
12025,19917,4
12026,19535,1
12026,19551,1
12026,19552,3
12026,19554,4
12026,19555,1
12026,19565,2
12026,19569,5
12026,19573,3
12026,19580,5
12026,19582,2
12026,19584,3
12026,19589,6
12026,19593,3
12026,19596,2
12026,19599,2
12026,19605,1
12026,19606,4
12026,19607,1
12026,19614,1
12026,19628,2
12026,19636,2
12026,19639,4
12026,19644,2
12026,19649,2
12026,19771,3
12026,19782,2
12026,19795,3
12026,19801,2
12026,19802,1
12026,19804,6
12026,19830,2
12026,19897,3
12026,19898,1
12026,19899,2
12026,19906,2
12026,19917,1
12026,19918,5
12026,19919,5
12027,19534,7
12027,19537,2
12027,19552,9
12027,19561,5
12027,19567,11
12027,19569,3
12027,19570,3
12027,19575,3
12027,19576,2
12027,19581,3
12027,19592,3
12027,19594,2
12027,19595,3
12027,19600,11
12027,19607,2
12027,19616,2
12027,19617,2
12027,19626,1
12027,19629,1
12027,19631,5
12027,19640,5
12027,19641,1
12027,19642,18
12027,19643,15
12027,19644,25
12027,19645,6
12027,19646,10.5
12027,19647,4
12027,19759,2
12027,19763,4
12027,19764,6
12027,19765,1.5
12027,19766,7
12027,19786,6
12027,19787,21
12027,19792,3
12027,19793,3.5
12027,19795,2
12027,19796,3
12027,19803,11
12027,19804,7
12027,19896,6
12027,19897,16
12027,19902,2
12027,19904,16
12027,19905,5
12027,19920,17
12028,19535,4
12028,19537,2
12028,19539,3
12028,19566,7
12028,19567,5
12028,19571,2
12028,19573,2
12028,19574,3.5
12028,19581,4
12028,19582,1
12028,19583,4
12028,19585,2
12028,19588,3
12028,19589,1
12028,19594,9
12028,19595,3
12028,19617,2
12028,19625,1
12028,19626,4
12028,19627,3
12028,19629,1
12028,19635,2
12028,19636,4
12028,19637,3
12028,19639,1
12028,19640,4
12028,19641,4
12028,19642,28.5
12028,19643,40
12028,19644,135.5
12028,19645,33
12028,19646,3
12028,19765,19.5
12028,19766,60.5
12028,19767,17
12028,19768,6
12028,19769,2
12028,19775,4
12028,19791,16
12028,19797,3
12028,19801,10
12028,19802,17
12028,19803,52.5
12028,19804,10
12028,19806,1
12028,19898,2
12028,19904,5
12028,19920,9
12028,19921,7
12029,19528,1
12029,19535,4.5
12029,19538,5
12029,19539,5
12029,19540,6
12029,19548,5
12029,19549,3
12029,19567,8
12029,19569,6
12029,19570,8
12029,19573,11.5
12029,19576,7
12029,19577,1
12029,19578,3
12029,19580,6
12029,19582,2
12029,19584,4
12029,19586,8
12029,19594,3
12029,19595,10
12029,19596,15
12029,19598,2
12029,19599,6
12029,19601,2
12029,19603,4.5
12029,19607,3
12029,19628,4
12029,19629,5
12029,19636,6
12029,19640,3
12029,19643,5
12029,19644,19
12029,19645,21
12029,19647,2
12029,19708,2
12029,19764,8
12029,19766,1
12029,19767,7
12029,19768,16
12029,19769,3
12029,19775,4
12029,19793,3
12029,19796,9
12029,19802,7
12029,19803,10
12029,19804,7
12029,19806,2
12029,19816,1
12029,19898,1
12030,19529,1
12030,19537,2
12030,19541,3
12030,19544,13
12030,19546,4
12030,19548,4
12030,19549,2
12030,19567,4
12030,19568,57
12030,19569,69
12030,19570,61
12030,19571,4
12030,19572,3
12030,19576,1
12030,19578,3
12030,19579,2
12030,19580,4
12030,19588,4
12030,19589,5
12030,19590,1
12030,19591,2
12030,19592,4
12030,19594,2
12030,19595,35
12030,19596,26
12030,19614,3
12030,19624,1
12030,19627,8
12030,19628,12
12030,19629,3
12030,19642,3.5
12030,19649,3
12030,19708,1
12030,19710,3
12030,19778,3
12030,19790,8.5
12030,19803,2
12030,19804,1
12030,19805,3
12030,19816,19
12030,19817,18
12030,19864,10
12030,19902,5
12030,19903,3
12031,19528,1
12031,19529,24
12031,19530,3
12031,19535,6
12031,19536,5
12031,19537,10
12031,19540,2
12031,19543,16
12031,19544,13
12031,19545,7
12031,19568,32.5
12031,19569,61
12031,19570,43
12031,19571,85.5
12031,19572,16
12031,19573,9
12031,19574,2
12031,19581,7
12031,19583,1
12031,19588,4
12031,19592,2
12031,19594,8
12031,19595,25
12031,19596,23
12031,19598,3
12031,19599,6
12031,19600,4
12031,19633,2
12031,19634,2
12031,19724,2
12031,19741,1
12031,19742,7
12031,19743,2
12031,19788,4
12031,19791,2
12031,19808,4
12031,19809,1
12031,19810,2
12031,19817,3
12031,19894,1
12031,19896,3
12031,19902,9.5
12031,19903,4
12032,19529,37
12032,19530,63
12032,19531,2
12032,19537,1
12032,19538,11
12032,19540,4
12032,19542,8
12032,19543,12
12032,19544,2
12032,19547,3
12032,19568,26
12032,19569,75
12032,19570,13
12032,19571,92
12032,19572,23
12032,19573,35
12032,19585,4
12032,19587,2
12032,19588,1
12032,19589,3
12032,19593,9
12032,19594,14
12032,19595,1
12032,19597,2
12032,19631,2
12032,19727,8
12032,19728,11
12032,19729,11
12032,19742,5
12032,19766,2
12032,19790,2
12032,19797,4
12032,19808,9
12032,19809,32
12032,19810,11
12032,19813,8
12032,19902,2
12033,19529,2
12033,19530,99
12033,19531,34
12033,19535,6
12033,19543,2
12033,19568,6
12033,19569,29
12033,19571,2
12033,19573,1
12033,19578,2
12033,19579,6
12033,19580,2
12033,19582,3
12033,19583,2
12033,19592,5
12033,19594,4
12033,19597,3
12033,19605,2
12033,19620,1
12033,19621,4
12033,19623,1
12033,19624,3
12033,19631,5
12033,19704,10
12033,19707,2
12033,19728,5
12033,19780,1
12033,19796,5
12033,19797,3.5
12033,19798,4
12033,19808,18
12033,19809,6
12033,19810,8
12033,19813,1
12033,19860,6
12033,19863,4
12033,19901,1
12034,19530,6
12034,19531,5
12034,19532,3
12034,19536,4
12034,19538,2
12034,19540,1
12034,19568,2
12034,19569,4
12034,19573,2
12034,19591,5
12034,19593,9.5
12034,19617,5
12034,19619,6
12034,19620,4.5
12034,19624,3
12034,19626,4
12034,19631,9
12034,19688,6.5
12034,19780,6
12034,19792,2
12034,19799,4
12034,19800,1
12034,19807,4
12034,19809,5
12034,19860,2
12035,19531,15
12035,19532,34
12035,19534,37
12035,19535,7
12035,19571,3
12035,19573,2
12035,19579,4
12035,19583,1
12035,19588,8
12035,19589,2
12035,19592,3
12035,19593,4
12035,19595,3
12035,19607,5
12035,19615,11
12035,19619,3
12035,19620,7
12035,19696,12
12035,19766,6
12035,19767,2
12035,19778,2
12035,19782,4
12035,19791,1
12035,19793,2
12035,19794,8
12035,19892,8
12035,19927,1
12036,19531,9
12036,19532,39
12036,19533,63
12036,19534,51
12036,19538,4
12036,19539,4
12036,19540,4
12036,19571,2
12036,19572,5
12036,19581,3
12036,19598,3
12036,19614,4
12036,19615,3
12036,19619,2
12036,19620,11
12036,19766,6
12036,19767,14
12036,19791,2
12036,19800,1
12036,19895,1
12037,19533,77
12037,19534,111
12037,19535,61
12037,19536,76.5
12037,19539,1
12037,19575,1
12037,19577,9
12037,19578,6
12037,19581,2
12037,19584,2
12037,19590,9
12037,19591,2
12037,19598,4
12037,19599,1
12037,19601,3
12037,19614,13
12037,19620,2.5
12037,19624,5
12037,19628,6
12037,19695,2
12037,19768,8
12037,19769,3
12037,19770,7
12037,19771,6
12037,19800,3.5
12037,19801,5
12037,19856,10
12037,19892,2
12037,19895,5.5
12038,19532,10
12038,19533,42
12038,19534,63.5
12038,19535,26
12038,19536,14
12038,19573,2
12038,19574,1
12038,19576,1
12038,19577,13.5
12038,19581,2.5
12038,19583,1
12038,19585,3
12038,19614,9
12038,19620,10
12038,19625,2
12038,19678,1
12038,19769,2
12038,19771,8
12038,19772,2
12038,19776,2
12038,19799,4
12038,19800,6
12038,19857,11
12038,19858,3
12038,19891,20
12038,19893,3
12039,19534,32
12039,19535,2
12039,19539,2
12039,19540,1
12039,19575,2
12039,19576,2
12039,19578,3
12039,19581,3
12039,19608,4
12039,19614,1
12039,19620,5
12039,19625,2
12039,19629,2
12039,19691,1
12039,19692,2
12039,19774,1
12039,19775,9
12039,19786,1
12039,19796,2
12039,19801,1
12039,19826,5
12039,19857,3
12039,19892,2
12039,19901,3
12039,19902,1
12040,19535,7
12040,19541,4
12040,19578,7
12040,19580,5
12040,19581,12
12040,19585,4
12040,19619,3
12040,19620,21
12040,19623,2
12040,19624,5
12040,19668,3
12040,19675,4
12040,19768,3
12040,19804,4
12040,19828,1
12040,19891,1
12041,19534,1
12041,19536,2
12041,19537,4
12041,19538,4
12041,19576,1
12041,19578,1
12041,19579,1
12041,19580,2
12041,19582,2
12041,19591,3
12041,19620,5
12041,19623,9
12041,19647,1
12041,19661,2
12041,19686,2
12041,19770,5
12041,19776,3
12041,19780,5
12041,19792,7
12041,19793,6
12041,19803,4
12041,19804,2
12041,19819,1
12041,19858,2
12041,19859,1
12041,19873,3
12042,19535,2
12042,19538,3
12042,19545,2
12042,19577,6
12042,19578,5
12042,19596,5
12042,19622,7
12042,19625,7
12042,19662,1
12042,19669,1
12042,19687,2
12042,19710,1
12042,19713,4
12042,19734,2
12042,19792,17
12042,19793,19.5
12042,19806,5
12042,19807,11
12042,19808,9
12042,19809,6
12042,19820,1
12042,19873,20
12043,19537,49.5
12043,19538,67
12043,19544,4
12043,19545,4
12043,19579,2
12043,19580,3
12043,19609,1.5
12043,19614,5
12043,19615,5
12043,19620,2
12043,19630,3
12043,19632,3
12043,19649,2
12043,19657,4
12043,19658,3.5
12043,19659,4
12043,19683,2
12043,19696,2
12043,19698,2
12043,19712,3
12043,19713,3
12043,19775,2
12043,19791,8
12043,19792,35.5
12043,19793,22
12043,19808,28
12043,19809,40
12043,19810,13
12043,19811,7
12043,19812,5
12043,19813,2
12043,19815,4
12043,19816,2
12043,19818,11
12043,19820,3
12043,19866,13
12043,19891,19.5
12044,19531,55.5
12044,19536,72.5
12044,19537,23.5
12044,19538,49
12044,19539,23
12044,19540,58.5
12044,19541,14
12044,19542,47
12044,19543,10
12044,19544,4
12044,19580,1.5
12044,19581,4
12044,19613,1
12044,19618,3
12044,19620,2
12044,19627,3
12044,19628,3
12044,19634,2
12044,19642,4
12044,19655,2
12044,19656,4
12044,19657,4
12044,19673,2
12044,19675,2
12044,19684,1
12044,19689,2
12044,19696,5
12044,19711,2
12044,19712,2
12044,19713,23
12044,19714,20
12044,19738,3
12044,19780,4
12044,19791,14.5
12044,19792,41
12044,19793,14
12044,19794,7
12044,19808,22
12044,19809,13
12044,19810,19
12044,19811,13
12044,19812,59.5
12044,19813,98.5
12044,19814,45.5
12044,19815,14.5
12044,19816,5
12044,19892,2
12045,19531,92.5
12045,19536,7
12045,19537,11
12045,19538,98.5
12045,19539,60
12045,19540,39
12045,19541,104
12045,19542,94
12045,19543,7
12045,19544,2
12045,19595,3
12045,19614,2
12045,19617,2
12045,19618,1
12045,19630,2
12045,19654,2
12045,19657,1
12045,19659,2
12045,19668,1
12045,19674,2
12045,19682,15.5
12045,19697,1
12045,19700,2
12045,19710,1
12045,19711,6
12045,19712,9
12045,19713,33
12045,19714,6
12045,19738,2
12045,19774,8
12045,19775,4
12045,19791,14.5
12045,19792,4
12045,19811,1
12045,19812,38.5
12045,19813,43
12045,19814,22
12045,19815,3
12045,19816,1
12045,19891,2
12045,19892,10
12046,19531,56.5
12046,19537,11
12046,19538,21
12046,19539,8
12046,19541,28
12046,19544,1
12046,19545,5
12046,19546,6
12046,19581,5
12046,19582,2
12046,19613,4
12046,19640,3
12046,19659,1
12046,19660,4
12046,19661,3
12046,19675,1
12046,19676,15
12046,19684,2
12046,19689,2
12046,19698,2
12046,19699,1
12046,19709,2
12046,19712,7
12046,19713,26
12046,19714,5
12046,19737,9
12046,19739,4
12046,19775,2
12046,19801,1
12046,19809,3
12046,19812,5
12046,19813,2
12047,19531,5
12047,19532,5
12047,19533,2
12047,19536,8
12047,19538,7
12047,19539,13
12047,19542,10
12047,19543,2
12047,19591,2
12047,19599,3
12047,19611,3
12047,19616,6
12047,19632,3
12047,19634,5.5
12047,19635,5
12047,19646,2
12047,19647,2
12047,19648,3
12047,19649,3
12047,19658,1
12047,19660,3
12047,19668,8
12047,19676,4
12047,19697,2
12047,19698,1
12047,19700,3
12047,19713,4
12047,19714,1
12047,19726,1
12047,19733,4
12047,19737,4
12047,19739,1
12048,19544,9
12048,19592,1
12048,19593,2
12048,19612,7
12048,19623,1
12048,19628,1
12048,19634,2
12048,19643,3
12048,19645,1
12048,19646,1
12048,19647,2
12048,19649,1
12048,19657,8
12048,19658,3
12048,19660,4
12048,19661,11
12048,19668,3
12048,19676,14
12048,19697,2
12048,19699,6
12048,19700,1
12048,19708,1
12048,19713,2
12048,19715,3
12048,19726,14
12048,19729,4
12048,19730,9
12048,19731,7
12048,19734,6
12048,19736,1
12048,19737,3
12048,19738,1
12048,19739,10
12048,19740,1
12048,19777,1
12048,19778,1
12048,19783,5
12049,19595,2
12049,19598,4
12049,19605,3
12049,19608,3
12049,19610,1
12049,19611,2
12049,19634,3
12049,19635,2
12049,19653,6.5
12049,19656,3
12049,19657,4
12049,19658,2
12049,19660,2
12049,19661,17
12049,19662,2
12049,19668,3
12049,19677,1
12049,19687,1
12049,19695,4
12049,19697,2
12049,19698,6
12049,19699,8
12049,19700,1
12049,19707,2
12049,19710,2
12049,19728,6
12049,19730,4
12049,19733,3
12049,19735,4
12049,19737,3
12049,19738,3
12049,19739,30.5
12049,19740,3
12049,19741,2
12049,19778,2
12049,19781,2.5
12050,19537,6
12050,19545,7
12050,19546,12
12050,19596,4
12050,19597,2
12050,19598,4
12050,19606,4
12050,19607,8.5
12050,19655,3
12050,19656,2
12050,19657,12
12050,19658,17
12050,19659,8.5
12050,19673,1
12050,19674,2
12050,19676,2
12050,19678,5
12050,19693,2
12050,19695,5
12050,19696,10
12050,19697,3
12050,19698,2
12050,19699,9
12050,19700,28
12050,19701,3
12050,19702,1
12050,19708,2
12050,19729,1
12050,19737,6
12050,19738,5
12050,19739,26.5
12050,19740,16
12050,19743,4
12050,19744,4
12050,19781,2
12051,19547,2
12051,19548,6
12051,19565,4
12051,19566,4
12051,19581,2
12051,19597,50
12051,19606,1
12051,19607,17
12051,19608,4
12051,19615,11.5
12051,19620,5
12051,19655,1
12051,19657,6.5
12051,19660,2
12051,19663,1
12051,19664,2
12051,19668,1
12051,19675,19
12051,19678,1
12051,19681,6
12051,19686,3
12051,19687,2
12051,19689,2
12051,19690,4
12051,19696,4
12051,19697,26
12051,19698,15.5
12051,19699,15
12051,19700,30.5
12051,19701,3
12051,19709,2
12051,19716,1
12051,19722,14
12051,19723,1
12051,19737,1
12051,19776,3
12051,19778,3
12051,19781,4
12051,19794,5
12052,19543,2
12052,19544,3
12052,19577,4
12052,19581,2
12052,19591,8.5
12052,19592,4
12052,19594,1
12052,19596,8
12052,19597,17
12052,19602,3
12052,19613,1
12052,19624,1
12052,19625,1
12052,19629,2
12052,19636,2
12052,19637,2
12052,19660,3
12052,19669,6
12052,19672,7
12052,19674,1
12052,19684,1
12052,19685,8
12052,19686,4
12052,19689,14
12052,19690,22
12052,19691,2
12052,19692,7
12052,19693,2
12052,19694,13
12052,19695,11
12052,19696,14
12052,19697,20
12052,19698,25.5
12052,19699,109.5
12052,19700,52.5
12052,19701,11
12052,19719,2
12052,19730,1
12052,19737,2
12052,19777,1
12052,19780,10
12052,19781,6
12052,19782,7
12052,19794,4
12053,19544,1
12053,19548,2
12053,19549,2
12053,19550,8
12053,19551,1
12053,19581,3
12053,19603,8
12053,19604,5
12053,19607,2
12053,19608,6
12053,19611,4
12053,19616,2
12053,19624,3
12053,19642,5.5
12053,19659,20
12053,19660,13
12053,19661,8
12053,19663,7
12053,19668,1
12053,19671,2
12053,19684,4
12053,19687,1
12053,19688,8
12053,19689,2
12053,19690,7.5
12053,19691,4
12053,19692,3
12053,19693,20
12053,19694,32
12053,19695,16
12053,19696,37
12053,19697,33
12053,19698,85.5
12053,19699,297
12053,19700,118.5
12053,19701,10
12053,19721,2
12053,19722,6
12053,19723,13
12053,19724,1
12053,19776,2
12053,19777,11.5
12053,19779,8
12053,19780,8
12053,19786,5
12053,19787,10
12053,19854,7
12053,19855,8
12054,19539,1
12054,19544,10
12054,19580,1
12054,19581,7
12054,19585,5
12054,19586,3
12054,19600,2
12054,19603,7
12054,19607,5
12054,19611,3
12054,19621,2
12054,19622,5
12054,19623,3
12054,19639,9
12054,19640,1
12054,19641,12
12054,19655,3
12054,19657,2
12054,19659,13
12054,19660,12
12054,19661,5
12054,19663,2
12054,19665,2
12054,19668,2
12054,19669,2
12054,19684,2
12054,19685,3
12054,19690,1
12054,19692,7
12054,19693,8
12054,19694,16
12054,19695,2
12054,19697,11
12054,19698,21
12054,19699,32
12054,19700,5
12054,19701,3
12054,19721,1
12054,19722,2.5
12054,19723,37.5
12054,19724,6
12054,19725,2
12054,19728,2
12054,19776,13.5
12054,19777,13
12054,19779,2
12054,19780,15
12054,19781,5
12054,19786,7
12054,19787,6
12054,19791,5
12054,19792,4
12055,19539,4
12055,19544,2
12055,19563,5
12055,19579,2
12055,19590,1
12055,19591,7
12055,19593,2
12055,19595,6
12055,19598,1
12055,19599,5
12055,19603,4
12055,19608,2
12055,19609,2
12055,19611,7
12055,19614,3
12055,19617,4
12055,19638,2
12055,19639,3
12055,19643,6.5
12055,19657,7
12055,19658,3
12055,19659,15
12055,19660,17
12055,19661,8
12055,19665,1
12055,19668,4
12055,19677,6
12055,19678,4
12055,19684,4
12055,19686,1
12055,19693,2
12055,19694,4
12055,19698,1
12055,19699,14.5
12055,19700,4
12055,19722,23
12055,19723,58
12055,19724,13
12055,19725,2
12055,19772,10
12055,19774,6
12055,19780,45
12055,19781,35
12055,19792,22
12055,19830,8
12055,19831,8
12056,19540,2
12056,19543,2
12056,19544,1
12056,19545,6
12056,19595,1
12056,19597,5
12056,19603,5
12056,19607,2
12056,19613,7
12056,19623,2
12056,19624,2
12056,19629,4
12056,19639,4
12056,19644,3
12056,19658,16
12056,19659,38
12056,19660,9
12056,19661,2
12056,19663,2
12056,19664,1
12056,19665,5
12056,19666,8
12056,19667,3
12056,19674,6.5
12056,19681,2
12056,19685,1
12056,19694,2
12056,19695,4
12056,19699,1
12056,19723,9
12056,19724,14
12056,19725,19
12056,19778,3
12056,19779,1
12056,19780,31.5
12056,19781,11
12056,19792,33
12056,19793,3
12056,19890,1
12057,19538,2
12057,19546,5
12057,19548,5
12057,19564,2
12057,19592,2
12057,19596,3.5
12057,19597,6
12057,19603,4
12057,19606,8.5
12057,19621,17
12057,19622,1
12057,19629,1
12057,19642,5
12057,19644,4
12057,19645,3
12057,19646,5
12057,19657,3
12057,19658,35.5
12057,19659,37
12057,19660,123
12057,19661,14
12057,19662,6
12057,19663,5
12057,19665,6
12057,19667,2
12057,19671,1
12057,19692,5
12057,19721,3
12057,19722,3
12057,19724,4
12057,19725,3
12057,19729,3
12057,19735,6
12057,19780,22.5
12057,19781,2
12057,19793,4
12058,19541,2
12058,19544,2.5
12058,19546,3
12058,19551,4
12058,19553,2
12058,19555,2
12058,19563,3
12058,19588,1
12058,19595,7
12058,19596,2
12058,19602,7
12058,19611,5
12058,19613,4
12058,19619,8
12058,19621,8
12058,19622,5
12058,19630,4
12058,19631,4
12058,19644,3
12058,19647,2
12058,19653,1
12058,19654,6
12058,19656,3
12058,19659,2
12058,19660,29
12058,19661,19
12058,19662,1
12058,19663,18
12058,19666,2
12058,19669,4
12058,19694,5
12058,19698,2
12058,19700,2
12058,19718,1
12058,19723,3
12058,19724,3.5
12058,19725,4
12058,19729,9
12058,19730,4
12058,19782,2
12058,19783,1
12058,19793,15
12058,19794,19
12059,19540,5
12059,19541,1
12059,19542,4
12059,19549,1.5
12059,19550,2
12059,19552,4
12059,19553,15
12059,19554,5
12059,19602,2
12059,19605,5
12059,19607,4
12059,19611,2
12059,19614,1
12059,19616,4
12059,19617,1.5
12059,19621,2
12059,19623,6
12059,19630,2
12059,19631,5
12059,19632,1
12059,19643,8
12059,19644,1
12059,19656,3
12059,19659,3
12059,19662,4
12059,19663,5
12059,19664,2
12059,19667,7
12059,19668,6
12059,19696,1
12059,19698,5
12059,19717,3
12059,19720,38
12059,19721,29
12059,19722,5
12059,19723,31
12059,19726,2
12059,19779,2
12059,19780,5
12059,19781,2
12060,19540,19.5
12060,19541,30
12060,19544,2
12060,19547,1
12060,19552,1
12060,19575,4
12060,19576,2
12060,19595,5
12060,19597,2
12060,19602,4
12060,19611,2
12060,19613,3
12060,19616,7
12060,19617,6
12060,19618,11
12060,19619,4
12060,19622,5
12060,19623,44.5
12060,19629,1
12060,19630,6
12060,19633,2
12060,19640,6.5
12060,19642,2
12060,19644,2
12060,19645,12
12060,19653,2
12060,19654,6
12060,19656,3
12060,19657,1
12060,19658,2
12060,19664,3
12060,19665,8
12060,19666,3
12060,19668,6
12060,19669,11
12060,19718,2
12060,19720,6
12060,19721,1
12060,19726,3
12060,19727,3
12060,19732,2
12060,19743,1
12060,19744,2
12060,19779,2
12060,19781,1
12060,19782,7
12061,19538,2
12061,19540,24
12061,19541,44.5
12061,19542,11
12061,19543,2
12061,19544,1
12061,19545,2
12061,19546,8
12061,19551,3
12061,19553,2
12061,19563,1
12061,19594,3
12061,19601,15
12061,19602,5
12061,19603,7.5
12061,19616,3.5
12061,19618,23.5
12061,19619,11
12061,19621,5
12061,19623,29.5
12061,19627,5
12061,19628,8
12061,19634,6
12061,19637,3
12061,19642,2
12061,19644,5
12061,19645,5
12061,19648,3
12061,19649,4
12061,19650,9
12061,19652,5
12061,19654,2
12061,19655,5
12061,19656,16
12061,19657,4
12061,19662,5
12061,19664,2
12061,19666,2
12061,19671,4
12061,19673,11
12061,19696,1
12061,19719,2
12061,19720,6
12061,19726,8
12061,19727,6
12061,19731,2
12061,19732,4
12061,19741,2
12061,19742,2
12061,19772,3
12061,19780,8
12061,19781,2
12061,19782,14
12062,19538,5
12062,19539,5.5
12062,19540,10
12062,19541,8
12062,19542,10
12062,19543,2
12062,19546,4
12062,19549,2
12062,19551,2
12062,19552,2
12062,19554,2
12062,19556,7
12062,19570,1
12062,19616,4
12062,19617,8
12062,19618,22
12062,19621,4
12062,19622,4.5
12062,19623,66
12062,19624,7
12062,19626,4
12062,19627,3
12062,19634,2
12062,19635,8
12062,19643,5
12062,19644,22
12062,19645,8
12062,19647,1
12062,19649,1
12062,19651,2
12062,19653,1
12062,19657,4
12062,19660,2
12062,19661,12
12062,19662,14
12062,19663,6
12062,19664,2
12062,19668,1
12062,19670,3
12062,19673,3
12062,19676,2
12062,19726,1
12062,19727,3
12062,19732,2
12062,19742,2
12062,19772,4
12062,19775,8
12062,19776,5
12062,19781,3
12063,19538,2
12063,19541,12
12063,19542,4
12063,19543,5
12063,19551,2
12063,19552,2
12063,19553,1
12063,19554,4
12063,19555,23
12063,19556,44
12063,19557,13
12063,19559,2
12063,19561,9
12063,19562,3
12063,19568,2
12063,19600,1
12063,19601,1
12063,19602,7
12063,19618,10
12063,19619,5
12063,19620,6
12063,19621,3
12063,19622,8
12063,19624,1
12063,19626,3
12063,19631,2
12063,19633,3
12063,19634,3
12063,19635,1
12063,19636,2
12063,19637,3
12063,19644,78
12063,19645,4
12063,19650,4
12063,19651,2
12063,19652,8
12063,19655,4
12063,19656,23.5
12063,19657,46
12063,19658,50
12063,19661,2
12063,19662,5
12063,19663,3
12063,19664,5
12063,19665,4
12063,19670,4
12063,19696,5
12063,19743,2
12063,19780,3
12063,19781,6
12063,19836,5
12064,19538,5
12064,19539,8
12064,19541,11.5
12064,19543,3
12064,19544,2
12064,19545,9
12064,19546,15
12064,19547,4
12064,19548,7
12064,19549,18
12064,19550,6
12064,19551,2
12064,19553,4
12064,19554,3
12064,19555,10
12064,19556,34.5
12064,19558,1
12064,19560,9
12064,19561,5
12064,19562,4
12064,19563,6
12064,19574,1
12064,19576,4
12064,19580,2
12064,19592,4
12064,19594,3
12064,19601,5
12064,19603,3
12064,19617,3
12064,19619,7
12064,19621,3
12064,19623,2
12064,19626,2
12064,19627,2
12064,19631,1
12064,19632,2
12064,19634,6
12064,19635,8
12064,19636,4
12064,19637,3
12064,19639,4
12064,19640,2
12064,19643,4
12064,19644,3
12064,19645,17
12064,19646,11
12064,19647,15
12064,19648,1
12064,19649,3
12064,19650,1
12064,19651,2
12064,19653,6
12064,19654,20
12064,19655,46
12064,19656,67.5
12064,19657,10
12064,19658,22
12064,19659,8
12064,19660,11.5
12064,19661,1
12064,19663,7
12064,19664,7
12064,19730,4
12064,19775,6
12064,19778,2
12064,19779,6
12064,19780,10
12064,19782,6
12064,19783,6
12064,19836,10
12065,19539,1
12065,19541,2
12065,19542,123.5
12065,19543,82
12065,19544,68
12065,19545,20
12065,19551,2.5
12065,19554,4
12065,19555,2
12065,19556,4.5
12065,19557,1
12065,19560,2
12065,19561,4
12065,19562,2
12065,19563,7
12065,19564,6
12065,19565,6
12065,19569,3
12065,19592,2
12065,19600,5
12065,19610,2
12065,19616,2
12065,19620,8
12065,19626,8
12065,19632,8
12065,19633,11
12065,19634,5
12065,19635,20
12065,19636,2
12065,19641,2
12065,19642,8.5
12065,19643,32.5
12065,19644,50
12065,19645,21
12065,19646,26.5
12065,19647,17
12065,19650,4
12065,19651,8
12065,19653,26.5
12065,19654,6
12065,19655,15
12065,19656,37.5
12065,19657,12
12065,19658,24
12065,19659,11
12065,19660,5
12065,19661,15
12065,19662,1
12065,19665,3
12065,19734,3
12065,19737,3
12065,19774,6
12065,19778,17
12065,19779,4
12066,19539,71
12066,19540,167.5
12066,19541,34
12066,19542,23
12066,19543,71
12066,19544,20
12066,19547,3
12066,19550,5
12066,19551,2
12066,19554,2
12066,19556,3
12066,19557,1
12066,19559,6
12066,19560,25
12066,19561,9
12066,19562,7
12066,19563,4
12066,19564,2
12066,19565,6
12066,19568,2
12066,19574,3
12066,19580,4
12066,19599,5
12066,19601,2
12066,19603,9
12066,19610,7
12066,19611,6
12066,19612,2
12066,19622,5
12066,19624,1
12066,19625,6
12066,19627,4
12066,19630,3
12066,19631,4
12066,19632,9
12066,19633,16
12066,19634,14
12066,19635,16
12066,19636,4
12066,19638,2
12066,19639,9
12066,19640,2
12066,19641,22
12066,19642,52
12066,19643,17
12066,19644,93.5
12066,19645,27
12066,19646,52.5
12066,19647,35
12066,19648,2
12066,19650,5
12066,19651,9
12066,19652,5
12066,19653,8
12066,19654,1
12066,19655,4
12066,19656,31
12066,19657,65.5
12066,19659,6
12066,19660,9
12066,19662,2
12066,19663,2
12066,19735,1
12066,19737,4
12066,19775,3
12066,19778,2
12066,19779,4
12066,19842,7
12067,19538,4
12067,19539,9
12067,19540,70.5
12067,19541,55
12067,19542,120
12067,19543,15
12067,19544,5
12067,19546,2
12067,19548,2
12067,19550,4
12067,19551,3
12067,19552,4
12067,19558,2
12067,19559,6
12067,19562,2
12067,19563,1
12067,19564,2
12067,19566,2
12067,19567,12
12067,19568,2
12067,19569,5
12067,19594,4
12067,19598,4
12067,19599,2
12067,19600,2
12067,19601,4
12067,19603,4
12067,19604,3
12067,19609,4
12067,19610,2
12067,19613,2
12067,19614,4
12067,19615,6
12067,19616,2
12067,19621,1
12067,19624,6
12067,19626,2
12067,19628,3
12067,19629,2
12067,19630,4
12067,19631,8
12067,19632,2
12067,19633,2
12067,19634,13
12067,19635,22
12067,19637,5
12067,19641,38
12067,19642,90
12067,19643,102
12067,19644,294.5
12067,19645,40
12067,19646,130
12067,19647,6
12067,19648,1
12067,19650,10.5
12067,19651,16
12067,19652,4
12067,19653,7.5
12067,19654,2
12067,19655,1
12067,19656,2
12067,19657,75
12067,19658,38
12067,19661,8
12067,19662,6
12067,19663,2
12067,19664,2
12067,19776,2
12067,19778,2
12067,19780,6
12067,19781,2
12067,19842,6
12067,19843,5
12068,19537,2
12068,19538,1
12068,19539,4
12068,19541,5
12068,19542,98
12068,19543,34
12068,19544,6
12068,19547,5
12068,19552,1.5
12068,19556,3
12068,19557,2
12068,19558,5
12068,19569,4
12068,19584,1
12068,19585,3
12068,19592,7
12068,19594,1
12068,19605,1
12068,19609,2
12068,19612,4
12068,19613,2
12068,19615,18
12068,19616,53
12068,19617,25
12068,19621,3
12068,19623,10
12068,19624,3
12068,19625,10
12068,19626,6
12068,19627,2
12068,19628,8
12068,19629,4
12068,19631,3
12068,19632,17
12068,19633,10
12068,19634,13
12068,19635,2
12068,19636,4
12068,19638,1
12068,19639,14
12068,19640,16
12068,19641,28
12068,19642,59
12068,19643,67.5
12068,19644,83.5
12068,19645,40.5
12068,19646,5
12068,19647,2
12068,19648,3
12068,19649,7
12068,19650,11
12068,19651,2.5
12068,19652,5
12068,19653,1
12068,19657,14
12068,19658,34.5
12068,19659,4
12068,19663,1
12068,19664,3
12068,19703,3
12068,19726,2
12068,19731,3
12068,19737,12
12068,19738,6
12068,19739,4
12068,19775,10
12068,19776,2
12068,19777,6
12069,19542,56
12069,19543,76.5
12069,19544,5
12069,19546,2
12069,19548,9
12069,19551,2
12069,19557,2
12069,19558,4
12069,19576,2
12069,19587,3
12069,19590,5
12069,19598,7
12069,19599,15
12069,19600,2
12069,19604,3
12069,19605,4
12069,19606,9.5
12069,19610,2
12069,19611,3
12069,19615,4
12069,19616,16
12069,19617,21
12069,19621,3
12069,19623,9
12069,19624,6
12069,19625,4
12069,19626,7
12069,19627,5
12069,19628,7
12069,19629,1
12069,19631,17
12069,19632,3
12069,19635,2
12069,19636,2
12069,19639,6
12069,19640,6.5
12069,19642,1
12069,19643,2
12069,19644,100.5
12069,19645,35
12069,19646,29.5
12069,19647,17
12069,19657,4
12069,19658,7
12069,19660,7
12069,19664,8
12069,19676,5
12069,19736,2
12069,19737,11
12069,19738,23
12069,19776,4.5
12069,19777,4
12069,19780,7
12069,19782,2
12070,19537,6
12070,19539,6
12070,19541,7
12070,19542,5
12070,19543,6.5
12070,19544,6
12070,19547,4
12070,19556,1
12070,19575,1
12070,19584,2
12070,19591,5
12070,19593,1
12070,19597,3
12070,19598,1
12070,19599,17
12070,19600,3
12070,19601,5
12070,19604,17
12070,19605,7.5
12070,19606,7
12070,19607,9
12070,19608,2
12070,19611,5.5
12070,19613,2
12070,19615,4
12070,19620,12
12070,19621,12.5
12070,19623,2
12070,19624,3
12070,19625,4
12070,19627,8
12070,19628,7
12070,19629,4
12070,19630,5
12070,19631,1
12070,19632,5
12070,19633,4
12070,19634,4.5
12070,19635,2
12070,19637,2
12070,19639,12
12070,19640,3
12070,19641,3
12070,19643,7
12070,19644,28
12070,19645,12
12070,19646,37
12070,19647,71
12070,19648,12
12070,19649,4
12070,19650,2
12070,19658,2
12070,19659,2
12070,19661,2
12070,19662,4
12070,19664,6
12070,19665,8
12070,19705,4
12070,19736,4.5
12070,19737,30
12070,19738,10
12070,19739,5
12070,19780,2
12070,19781,2
12071,19543,14
12071,19544,4
12071,19545,4
12071,19546,4
12071,19551,2
12071,19554,3
12071,19556,1
12071,19557,3
12071,19575,8
12071,19579,2
12071,19584,3
12071,19587,7
12071,19590,4
12071,19591,2
12071,19598,2
12071,19599,15
12071,19605,3
12071,19618,2
12071,19621,2
12071,19623,14
12071,19627,4
12071,19628,15
12071,19629,7
12071,19630,3
12071,19631,7.5
12071,19632,66
12071,19633,15
12071,19635,6
12071,19636,4
12071,19638,13
12071,19640,7
12071,19641,6
12071,19645,6
12071,19646,4
12071,19647,91
12071,19648,5
12071,19659,9
12071,19663,21
12071,19664,23.5
12071,19666,1
12071,19677,1
12071,19705,2
12071,19738,4
12071,19773,5
12071,19775,5
12071,19776,15.5
12071,19777,13
12071,19779,1
12071,19784,2
12071,19786,4
12071,19823,5
12072,19529,50
12072,19542,2
12072,19543,5
12072,19544,3
12072,19545,4
12072,19548,9
12072,19553,5
12072,19555,2
12072,19557,3
12072,19558,2
12072,19575,10
12072,19579,2
12072,19587,4
12072,19590,3
12072,19592,6
12072,19596,2
12072,19598,9
12072,19599,6
12072,19600,1
12072,19601,4
12072,19603,1
12072,19604,2
12072,19605,2
12072,19606,3
12072,19607,1
12072,19609,1
12072,19614,1
12072,19615,8
12072,19616,10
12072,19617,10
12072,19620,1
12072,19621,6
12072,19623,6
12072,19624,7
12072,19626,20
12072,19627,68
12072,19628,17
12072,19629,24
12072,19630,21
12072,19631,46.5
12072,19633,4
12072,19634,3
12072,19635,72
12072,19636,100.5
12072,19637,2
12072,19638,2
12072,19640,4
12072,19641,4
12072,19647,1
12072,19648,21
12072,19662,2
12072,19663,5
12072,19664,37
12072,19665,8
12072,19678,1
12072,19680,2
12072,19704,2
12072,19741,1
12072,19773,2
12072,19774,6
12072,19775,10
12072,19776,5
12072,19777,2
12072,19778,2
12072,19822,4
12073,19537,2
12073,19538,2
12073,19540,2
12073,19541,3
12073,19543,2
12073,19544,14
12073,19548,5
12073,19551,6
12073,19553,3
12073,19555,10
12073,19556,52.5
12073,19557,28.5
12073,19574,4
12073,19575,6
12073,19585,3
12073,19589,4
12073,19595,2
12073,19597,8
12073,19598,17
12073,19599,23
12073,19600,7
12073,19601,2
12073,19603,7
12073,19605,1
12073,19606,1
12073,19607,1
12073,19609,3
12073,19614,2
12073,19615,2
12073,19616,6
12073,19617,7
12073,19619,3
12073,19620,6.5
12073,19621,3
12073,19623,4
12073,19624,7
12073,19625,22
12073,19626,38
12073,19627,136
12073,19628,123
12073,19629,65
12073,19630,149
12073,19631,15
12073,19633,57.5
12073,19634,109.5
12073,19635,262
12073,19636,109
12073,19637,16
12073,19639,4
12073,19641,2
12073,19646,6
12073,19647,6
12073,19648,2
12073,19649,2
12073,19650,2
12073,19660,6
12073,19663,3
12073,19664,7
12073,19665,2
12073,19679,4
12073,19732,2
12073,19773,5
12073,19774,2
12073,19775,4
12073,19776,3
12073,19777,5
12073,19778,11
12073,19779,10
12074,19528,17
12074,19539,2
12074,19540,1
12074,19541,3
12074,19543,2
12074,19544,10
12074,19545,4
12074,19547,5
12074,19550,5
12074,19551,3
12074,19552,2
12074,19553,5
12074,19554,5
12074,19555,2
12074,19556,1
12074,19557,2
12074,19559,7
12074,19560,4
12074,19568,2
12074,19574,3
12074,19585,4
12074,19590,19
12074,19591,1
12074,19593,4
12074,19597,23
12074,19598,27.5
12074,19599,70.5
12074,19600,2
12074,19601,11
12074,19603,5
12074,19605,2
12074,19606,3
12074,19608,1
12074,19611,1
12074,19614,3
12074,19615,2
12074,19616,2
12074,19617,3
12074,19618,12
12074,19619,2
12074,19620,3
12074,19621,14
12074,19622,6
12074,19623,12
12074,19624,4
12074,19625,20
12074,19626,110.5
12074,19627,215
12074,19628,188
12074,19629,52.5
12074,19630,74.5
12074,19631,21
12074,19632,114.5
12074,19633,118
12074,19634,184
12074,19635,78.5
12074,19636,28
12074,19637,57.5
12074,19639,2
12074,19643,3.5
12074,19644,7
12074,19648,2
12074,19649,2
12074,19663,5
12074,19664,1
12074,19705,4.5
12074,19730,1
12074,19772,6
12074,19774,1
12074,19775,12
12074,19776,33
12074,19777,13
12074,19779,11.5
12074,19780,4
12074,19794,3
12075,19535,2
12075,19536,4
12075,19539,4
12075,19541,2
12075,19542,5
12075,19545,14
12075,19548,5
12075,19549,2
12075,19550,2
12075,19552,7
12075,19553,4
12075,19556,4
12075,19557,8
12075,19574,2
12075,19578,2
12075,19579,4
12075,19580,4
12075,19585,6
12075,19586,1
12075,19587,2
12075,19590,4
12075,19593,37
12075,19594,11
12075,19597,2
12075,19598,5
12075,19599,39
12075,19600,2
12075,19602,6
12075,19603,7
12075,19604,3
12075,19605,2
12075,19607,1
12075,19608,7
12075,19616,1
12075,19618,5
12075,19619,4
12075,19620,3
12075,19621,21
12075,19622,9
12075,19623,135
12075,19624,29
12075,19626,51
12075,19627,8
12075,19628,2
12075,19629,100.5
12075,19630,447
12075,19631,397.5
12075,19632,514.5
12075,19633,259
12075,19634,106.5
12075,19635,40
12075,19636,49
12075,19637,15
12075,19638,16
12075,19639,11
12075,19640,8
12075,19641,2
12075,19642,2
12075,19643,2
12075,19649,2
12075,19653,1
12075,19655,1
12075,19659,5
12075,19662,5
12075,19665,3
12075,19668,4
12075,19680,2
12075,19681,2
12075,19683,5
12075,19706,2
12075,19768,11
12075,19772,5
12075,19774,5
12075,19775,9
12075,19776,16
12076,19534,4
12076,19535,4
12076,19538,5
12076,19541,4
12076,19542,1
12076,19544,1
12076,19545,8
12076,19546,2
12076,19547,3
12076,19548,5
12076,19549,1
12076,19553,2
12076,19557,6
12076,19569,1
12076,19580,8
12076,19582,4
12076,19583,3
12076,19584,1
12076,19586,7
12076,19587,14.5
12076,19588,20.5
12076,19589,8
12076,19590,12
12076,19592,2
12076,19593,28.5
12076,19594,7.5
12076,19596,2
12076,19599,5
12076,19600,1
12076,19601,2
12076,19603,1
12076,19620,3
12076,19621,3
12076,19623,2
12076,19626,12
12076,19627,5
12076,19628,5
12076,19629,127.5
12076,19630,179.5
12076,19631,6
12076,19632,4
12076,19633,28
12076,19634,51
12076,19635,216
12076,19636,35
12076,19637,20
12076,19638,10
12076,19639,23
12076,19640,6
12076,19663,3
12076,19677,2
12076,19769,6
12076,19770,9
12076,19771,10
12076,19772,11
12076,19773,2
12076,19774,12
12076,19775,31
12076,19779,2
12077,19535,8
12077,19538,4
12077,19539,2
12077,19544,2
12077,19545,8
12077,19548,6
12077,19549,3
12077,19551,2
12077,19553,2
12077,19555,9
12077,19556,3
12077,19579,3
12077,19580,1
12077,19586,6
12077,19587,8
12077,19588,28
12077,19589,67
12077,19590,47.5
12077,19592,5
12077,19593,12.5
12077,19594,26
12077,19595,7
12077,19596,2
12077,19598,3
12077,19603,2
12077,19607,2
12077,19609,3
12077,19612,9
12077,19617,3
12077,19618,2
12077,19621,8
12077,19624,5
12077,19625,12
12077,19626,9
12077,19627,127
12077,19628,115
12077,19629,111
12077,19630,75.5
12077,19631,9.5
12077,19632,4
12077,19633,4
12077,19634,8.5
12077,19635,21
12077,19636,9
12077,19637,1
12077,19638,2
12077,19639,3
12077,19640,3
12077,19659,5
12077,19665,6
12077,19680,1
12077,19768,5
12077,19769,13
12077,19770,25
12077,19771,23
12077,19772,8
12077,19773,49
12077,19774,91.5
12077,19775,21.5
12077,19776,2
12077,19779,4
12077,19781,3
12078,19536,5
12078,19543,1
12078,19546,2
12078,19548,5
12078,19549,3
12078,19550,8
12078,19554,3
12078,19555,6
12078,19576,1
12078,19582,1
12078,19583,3
12078,19588,11
12078,19589,35
12078,19590,53
12078,19591,9
12078,19592,15
12078,19593,61.5
12078,19594,1
12078,19595,4.5
12078,19596,6
12078,19597,2
12078,19598,4
12078,19599,1
12078,19601,10
12078,19603,6
12078,19605,2
12078,19606,1
12078,19617,2
12078,19618,2
12078,19619,2
12078,19620,14
12078,19621,8
12078,19623,8
12078,19624,144.5
12078,19625,85.5
12078,19626,63
12078,19627,31
12078,19628,186.5
12078,19629,21
12078,19630,22
12078,19631,31
12078,19632,13
12078,19633,8
12078,19634,14
12078,19635,4
12078,19638,20.5
12078,19639,2
12078,19640,1
12078,19641,10
12078,19642,3
12078,19643,4
12078,19644,4
12078,19652,7
12078,19661,9
12078,19663,2
12078,19672,2
12078,19673,2
12078,19756,1
12078,19767,2
12078,19768,15.5
12078,19769,40.5
12078,19770,78
12078,19771,103.5
12078,19772,50
12078,19773,30
12078,19774,36.5
12078,19775,8
12078,19778,3
12079,19542,11
12079,19545,22
12079,19546,13
12079,19548,39.5
12079,19549,21
12079,19550,9
12079,19551,4
12079,19553,2
12079,19554,4
12079,19555,3
12079,19581,6
12079,19587,1
12079,19589,7
12079,19590,56
12079,19591,158.5
12079,19592,79
12079,19593,35
12079,19594,9
12079,19595,7.5
12079,19596,4
12079,19597,2
12079,19598,5
12079,19601,5
12079,19603,6
12079,19604,3
12079,19605,1
12079,19606,3
12079,19617,4
12079,19618,6
12079,19619,11
12079,19620,8
12079,19621,2
12079,19622,5
12079,19623,3
12079,19624,4
12079,19625,58
12079,19626,80
12079,19627,9
12079,19628,147
12079,19629,1
12079,19630,4
12079,19631,7
12079,19632,6
12079,19634,5
12079,19635,4
12079,19636,1
12079,19637,1
12079,19638,3
12079,19639,1
12079,19640,1
12079,19643,2
12079,19649,5
12079,19651,2
12079,19659,9
12079,19677,8
12079,19768,8
12079,19769,172
12079,19770,230
12079,19771,129.5
12079,19772,41
12079,19774,21
12079,19775,8
12079,19776,6
12079,19778,3
12080,19534,1
12080,19536,5
12080,19539,4
12080,19541,1
12080,19542,3
12080,19544,5
12080,19545,4
12080,19546,2
12080,19547,16
12080,19548,22
12080,19549,15
12080,19550,12
12080,19551,1
12080,19552,3
12080,19553,5
12080,19555,7
12080,19556,4
12080,19571,13.5
12080,19572,3
12080,19575,11
12080,19581,6
12080,19582,4
12080,19583,2
12080,19586,2
12080,19588,2
12080,19590,20
12080,19591,81.5
12080,19592,78
12080,19593,38
12080,19594,4
12080,19596,4
12080,19601,1
12080,19613,18
12080,19616,5
12080,19617,13
12080,19618,2
12080,19619,2
12080,19620,4
12080,19621,4
12080,19622,12
12080,19623,2
12080,19624,4
12080,19625,11
12080,19626,23
12080,19627,3
12080,19628,19
12080,19629,4
12080,19632,4
12080,19635,6
12080,19636,2
12080,19639,1
12080,19644,2
12080,19666,3
12080,19667,2
12080,19673,7
12080,19676,2
12080,19683,3
12080,19708,4
12080,19710,6
12080,19727,28.5
12080,19728,4
12080,19764,3
12080,19766,1
12080,19768,15
12080,19769,395
12080,19770,266
12080,19771,191
12080,19772,22.5
12080,19773,18.5
12080,19774,9
12080,19777,2
12081,19533,4
12081,19539,3
12081,19540,4
12081,19542,7
12081,19545,6
12081,19546,1
12081,19547,4
12081,19548,18.5
12081,19549,4.5
12081,19550,1
12081,19551,5
12081,19552,4
12081,19553,5
12081,19554,2
12081,19555,9
12081,19575,1
12081,19582,3
12081,19583,1
12081,19584,4
12081,19588,4
12081,19591,6
12081,19592,15
12081,19593,6
12081,19595,10
12081,19602,3
12081,19612,2
12081,19613,8
12081,19615,6
12081,19617,2
12081,19618,2
12081,19619,6
12081,19620,3
12081,19621,7
12081,19622,6
12081,19625,5
12081,19626,8
12081,19628,2
12081,19629,5
12081,19630,2
12081,19635,7
12081,19638,10
12081,19641,2
12081,19645,6
12081,19649,2
12081,19654,2
12081,19665,5
12081,19673,3
12081,19674,1
12081,19676,1
12081,19677,2
12081,19678,2
12081,19679,8
12081,19708,3
12081,19727,33
12081,19728,2
12081,19763,1
12081,19766,4
12081,19767,3
12081,19768,19
12081,19769,177
12081,19770,36
12081,19771,10
12081,19772,13
12081,19773,5
12081,19774,8
12081,19775,5
12081,19776,4
12082,19534,3
12082,19535,2
12082,19536,3
12082,19537,2
12082,19539,4
12082,19540,6
12082,19543,5.5
12082,19544,3
12082,19548,18
12082,19549,16
12082,19550,2
12082,19552,2
12082,19553,6
12082,19554,1
12082,19555,2
12082,19576,3
12082,19577,5
12082,19580,3
12082,19581,7
12082,19585,2
12082,19586,3
12082,19587,2
12082,19588,3
12082,19590,1
12082,19591,8
12082,19594,2
12082,19601,3
12082,19611,4
12082,19615,6
12082,19616,5
12082,19617,3
12082,19619,6
12082,19620,4
12082,19621,6
12082,19622,4
12082,19623,4
12082,19624,6
12082,19631,15
12082,19632,2
12082,19634,4
12082,19636,8
12082,19665,5
12082,19667,3
12082,19673,8
12082,19674,1
12082,19675,2
12082,19679,11
12082,19680,5
12082,19710,1
12082,19727,36
12082,19730,4
12082,19755,10.5
12082,19763,1.5
12082,19765,17
12082,19766,3
12082,19767,4
12082,19768,69.5
12082,19769,71
12082,19770,9
12082,19772,2
12082,19773,1
12082,19774,8.5
12082,19775,7
12082,19776,22
12082,19848,1
12083,19535,9
12083,19538,2
12083,19544,10
12083,19546,4
12083,19547,10
12083,19549,7
12083,19550,5
12083,19551,2
12083,19552,4
12083,19553,2
12083,19554,6.5
12083,19576,8
12083,19577,13
12083,19581,3
12083,19585,4
12083,19586,8
12083,19587,4
12083,19590,2
12083,19591,13
12083,19593,9
12083,19596,6
12083,19599,8
12083,19600,8
12083,19611,5
12083,19614,1
12083,19615,2
12083,19617,5
12083,19618,11
12083,19619,12
12083,19620,4
12083,19621,5
12083,19622,6
12083,19623,3
12083,19624,7
12083,19625,13
12083,19626,7
12083,19627,10
12083,19634,5
12083,19644,5
12083,19649,2
12083,19650,2
12083,19664,2.5
12083,19667,7
12083,19672,5
12083,19673,3
12083,19675,2
12083,19679,2
12083,19680,5
12083,19709,1
12083,19727,11
12083,19762,3
12083,19764,9
12083,19765,13
12083,19766,28
12083,19767,48
12083,19768,97
12083,19769,36
12083,19770,9
12083,19771,1
12083,19772,4
12083,19773,1
12083,19774,8
12083,19775,7
12083,19777,2
12084,19534,10
12084,19537,4
12084,19540,2
12084,19546,4
12084,19547,7
12084,19550,3
12084,19551,6
12084,19552,6
12084,19577,6
12084,19578,2
12084,19584,2
12084,19589,6
12084,19590,2
12084,19593,2.5
12084,19596,4.5
12084,19610,1
12084,19611,1
12084,19612,5
12084,19613,2
12084,19614,1
12084,19615,4
12084,19616,9
12084,19617,7
12084,19618,6
12084,19620,13
12084,19621,7
12084,19622,17
12084,19624,2
12084,19625,5
12084,19629,2
12084,19631,3
12084,19642,3
12084,19652,1
12084,19668,2
12084,19727,8
12084,19730,4
12084,19763,1
12084,19765,124.5
12084,19766,43
12084,19767,48
12084,19768,47.5
12084,19769,16
12084,19770,61
12084,19771,13.5
12084,19772,4
12084,19773,2
12084,19774,4
12084,19775,1
12084,19778,2
12084,19779,4
12085,19535,2
12085,19537,3
12085,19538,2
12085,19540,4
12085,19543,2
12085,19545,4
12085,19546,3
12085,19547,12
12085,19549,2.5
12085,19552,2
12085,19554,1
12085,19568,2
12085,19569,4
12085,19570,3
12085,19577,10
12085,19578,2
12085,19579,2
12085,19581,3
12085,19588,4
12085,19589,5
12085,19592,2
12085,19593,2
12085,19606,3
12085,19610,5
12085,19611,3
12085,19612,14
12085,19613,6
12085,19614,1
12085,19616,1
12085,19617,2
12085,19618,8
12085,19625,20
12085,19626,2
12085,19629,6
12085,19631,4
12085,19632,4
12085,19638,1
12085,19646,5
12085,19649,2
12085,19650,7
12085,19651,1
12085,19668,2
12085,19675,2
12085,19677,4
12085,19727,8
12085,19728,4
12085,19732,4
12085,19757,2
12085,19758,4
12085,19762,9
12085,19763,11
12085,19765,27
12085,19766,32.5
12085,19767,62.5
12085,19768,14
12085,19769,49
12085,19770,54
12085,19771,40
12085,19772,6.5
12085,19773,3
12085,19775,10
12085,19776,11.5
12086,19533,5
12086,19534,3
12086,19537,5
12086,19538,2
12086,19541,2
12086,19543,2
12086,19545,3
12086,19547,2
12086,19548,13
12086,19550,12
12086,19551,18
12086,19552,10
12086,19553,4
12086,19554,2
12086,19555,4
12086,19573,2
12086,19577,2
12086,19578,13
12086,19579,13
12086,19580,4
12086,19581,4
12086,19583,1
12086,19585,4
12086,19591,1
12086,19592,1
12086,19594,2
12086,19595,1
12086,19603,2
12086,19606,3
12086,19609,9
12086,19610,15
12086,19612,4
12086,19613,3
12086,19614,7
12086,19615,2
12086,19616,4
12086,19617,4
12086,19619,2
12086,19620,2
12086,19626,11
12086,19627,4
12086,19628,4
12086,19630,7
12086,19635,1.5
12086,19643,2
12086,19651,4
12086,19670,3
12086,19678,3
12086,19679,6
12086,19732,1
12086,19757,10
12086,19762,24
12086,19763,6
12086,19764,2
12086,19766,7
12086,19767,22
12086,19770,2
12086,19771,31.5
12086,19772,10
12086,19775,5
12086,19779,1
12086,19780,2
12087,19534,7
12087,19536,4
12087,19538,2
12087,19547,69
12087,19548,3
12087,19549,16
12087,19550,34
12087,19551,33
12087,19552,15
12087,19553,2
12087,19555,4
12087,19556,4
12087,19576,1
12087,19577,1
12087,19579,9
12087,19580,9
12087,19581,4
12087,19582,4
12087,19584,5
12087,19588,3
12087,19591,4
12087,19593,5
12087,19594,4
12087,19597,5
12087,19603,1
12087,19607,5
12087,19608,6
12087,19609,4
12087,19610,1
12087,19611,6
12087,19612,1
12087,19613,5
12087,19614,13
12087,19617,2
12087,19618,9
12087,19619,2
12087,19620,7
12087,19622,2
12087,19623,3
12087,19624,4
12087,19625,3
12087,19629,2
12087,19630,9
12087,19631,4
12087,19633,2
12087,19634,1
12087,19652,2
12087,19656,3
12087,19659,2
12087,19663,6
12087,19664,2
12087,19665,1
12087,19669,1
12087,19670,2
12087,19731,1
12087,19736,5
12087,19753,7
12087,19754,2
12087,19756,6
12087,19757,5
12087,19765,1
12087,19766,22
12087,19767,48.5
12087,19768,33
12087,19769,4
12087,19770,8
12087,19771,3
12087,19772,11
12088,19532,7
12088,19535,4
12088,19536,7
12088,19537,1
12088,19538,2
12088,19539,4
12088,19541,4
12088,19544,3
12088,19546,4
12088,19547,4
12088,19548,43
12088,19549,12
12088,19550,4
12088,19551,24
12088,19552,22
12088,19553,19
12088,19554,5
12088,19573,10
12088,19575,3
12088,19576,2
12088,19577,7
12088,19578,10
12088,19581,5
12088,19582,8
12088,19584,4
12088,19593,3
12088,19595,4
12088,19596,2
12088,19607,4
12088,19609,2
12088,19611,6
12088,19612,5
12088,19613,2
12088,19614,8.5
12088,19615,10
12088,19616,2
12088,19617,30
12088,19618,8
12088,19623,2
12088,19624,1
12088,19627,4
12088,19630,4
12088,19631,6
12088,19633,1
12088,19652,5
12088,19663,3
12088,19667,4
12088,19670,12
12088,19675,5
12088,19677,3
12088,19733,1
12088,19735,4
12088,19747,1
12088,19757,3
12088,19759,2
12088,19761,4
12088,19762,4
12088,19763,3
12088,19766,41
12088,19767,5
12088,19768,4
12088,19769,9
12088,19771,5
12088,19772,1
12088,19779,1
12089,19532,8
12089,19533,14
12089,19534,3
12089,19535,2
12089,19536,2
12089,19538,4
12089,19540,4
12089,19542,2
12089,19543,2
12089,19546,11
12089,19547,135
12089,19548,76.5
12089,19549,6
12089,19550,7
12089,19551,35.5
12089,19552,46
12089,19553,30
12089,19554,3
12089,19555,2
12089,19556,2
12089,19568,3
12089,19572,1
12089,19574,2
12089,19575,4
12089,19577,4
12089,19578,3
12089,19579,3
12089,19583,2
12089,19584,3
12089,19585,5
12089,19590,3
12089,19591,14
12089,19593,3
12089,19607,4
12089,19608,4
12089,19614,3
12089,19615,3
12089,19616,7
12089,19617,39
12089,19618,11
12089,19619,2
12089,19620,2
12089,19624,2
12089,19628,5
12089,19630,2
12089,19631,5
12089,19633,2
12089,19634,1
12089,19639,3
12089,19652,3
12089,19653,7
12089,19662,1
12089,19663,9
12089,19665,2
12089,19668,2
12089,19677,7
12089,19678,1
12089,19682,1
12089,19683,16
12089,19684,5
12089,19731,1
12089,19735,2
12089,19741,2
12089,19750,3
12089,19753,2
12089,19754,3
12089,19756,1
12089,19757,1
12089,19759,2
12089,19761,19
12089,19762,26
12089,19763,19
12089,19764,2
12089,19766,7
12089,19767,14
12089,19769,11
12089,19770,6
12089,19771,3
12089,19772,3
12089,19773,2
12090,19532,3
12090,19535,6
12090,19536,4
12090,19537,7
12090,19538,4
12090,19541,8
12090,19542,2
12090,19543,1
12090,19546,5
12090,19547,59
12090,19548,92
12090,19549,96
12090,19550,13
12090,19551,53.5
12090,19552,21
12090,19553,46
12090,19554,33
12090,19555,16
12090,19565,4
12090,19570,2
12090,19572,5
12090,19573,2
12090,19575,2
12090,19577,6.5
12090,19578,11
12090,19579,3
12090,19591,9
12090,19592,5
12090,19593,5
12090,19594,8
12090,19595,3
12090,19596,6
12090,19597,5
12090,19598,2
12090,19600,4
12090,19606,2
12090,19607,2
12090,19608,22
12090,19611,2
12090,19612,9
12090,19613,17
12090,19614,2
12090,19616,20
12090,19617,47
12090,19618,30.5
12090,19619,6
12090,19620,14
12090,19627,1
12090,19644,5
12090,19653,2
12090,19662,2
12090,19666,1
12090,19667,4
12090,19668,15
12090,19670,1
12090,19673,2
12090,19676,4
12090,19683,6
12090,19684,9
12090,19735,12
12090,19736,25.5
12090,19741,4
12090,19753,2
12090,19755,4
12090,19756,4
12090,19759,1
12090,19761,2
12090,19762,2
12090,19764,1
12090,19765,4
12090,19766,17
12090,19767,12
12090,19772,6
12090,19774,6
12090,19785,21
12090,19786,9
12091,19534,4
12091,19537,6
12091,19546,2
12091,19547,56
12091,19548,133.5
12091,19549,50
12091,19550,149.5
12091,19551,37
12091,19552,14
12091,19553,12.5
12091,19554,43.5
12091,19555,5
12091,19566,2
12091,19568,2
12091,19575,6
12091,19577,17
12091,19590,3
12091,19591,1
12091,19592,2
12091,19593,9.5
12091,19594,2
12091,19598,4
12091,19600,2
12091,19601,3
12091,19602,3
12091,19604,6
12091,19608,2
12091,19612,4
12091,19613,7
12091,19614,28
12091,19616,6
12091,19617,36
12091,19618,92
12091,19619,13
12091,19620,31
12091,19621,1
12091,19622,2
12091,19627,5
12091,19630,3
12091,19632,2
12091,19653,17.5
12091,19654,5
12091,19655,2
12091,19664,8
12091,19666,3
12091,19668,2
12091,19670,6
12091,19734,13
12091,19735,18
12091,19737,6
12091,19738,1
12091,19748,1
12091,19749,4
12091,19750,3
12091,19751,3
12091,19752,6
12091,19755,2
12091,19756,8
12091,19758,3
12091,19761,3
12091,19764,15
12091,19765,14
12091,19766,13
12091,19767,5
12091,19768,3
12091,19769,36
12091,19774,9
12091,19776,6
12091,19784,24
12091,19785,4
12092,19529,3
12092,19531,1
12092,19532,4
12092,19538,1
12092,19540,3
12092,19542,3
12092,19543,4
12092,19546,2
12092,19547,11
12092,19548,68.5
12092,19549,306.5
12092,19550,63.5
12092,19551,228.5
12092,19552,54
12092,19553,49.5
12092,19554,2
12092,19555,3
12092,19558,7
12092,19559,2
12092,19560,4
12092,19567,1
12092,19571,5
12092,19589,17
12092,19590,8
12092,19591,3
12092,19592,6
12092,19596,1
12092,19597,8
12092,19600,3
12092,19604,10
12092,19609,14
12092,19614,4
12092,19615,11
12092,19616,4
12092,19617,30
12092,19618,39
12092,19619,12
12092,19620,47
12092,19621,7
12092,19624,5
12092,19625,7
12092,19627,3
12092,19632,3.5
12092,19634,8
12092,19652,9
12092,19653,2
12092,19654,15
12092,19659,5
12092,19666,2
12092,19669,2
12092,19670,11.5
12092,19671,2
12092,19678,1
12092,19736,2
12092,19737,2
12092,19752,3
12092,19760,3
12092,19761,5
12092,19764,5
12092,19765,17
12092,19766,4
12092,19785,11
12092,19786,17
12093,19529,3
12093,19530,4
12093,19532,7
12093,19535,2
12093,19536,2
12093,19538,6
12093,19539,1
12093,19540,10.5
12093,19541,4
12093,19542,3
12093,19547,35
12093,19548,74
12093,19549,34
12093,19550,6
12093,19551,59
12093,19552,391.5
12093,19553,230
12093,19554,44
12093,19555,13
12093,19556,17
12093,19557,18
12093,19558,16
12093,19559,2
12093,19560,5
12093,19561,4
12093,19562,2
12093,19566,4
12093,19567,4
12093,19568,2
12093,19584,4
12093,19587,4
12093,19590,1
12093,19591,5
12093,19592,5
12093,19594,12
12093,19595,1
12093,19599,4
12093,19600,5
12093,19603,1
12093,19605,1
12093,19609,3
12093,19615,16
12093,19616,22
12093,19617,9
12093,19618,65.5
12093,19619,50
12093,19620,49
12093,19625,7
12093,19636,3
12093,19654,19
12093,19655,4
12093,19666,21
12093,19669,3
12093,19670,2
12093,19677,1
12093,19737,4
12093,19748,4
12093,19750,1
12093,19756,3
12093,19759,4
12093,19762,6
12093,19764,1
12093,19765,2
12093,19767,4
12093,19769,3
12093,19785,25.5
12093,19786,15
12094,19531,1
12094,19532,1
12094,19533,3
12094,19534,6
12094,19535,6
12094,19538,7
12094,19539,6
12094,19541,5
12094,19545,5
12094,19546,2
12094,19547,20
12094,19548,78
12094,19549,110
12094,19550,8
12094,19551,22
12094,19552,186
12094,19553,167.5
12094,19554,74.5
12094,19556,47
12094,19557,13
12094,19558,22
12094,19559,57.5
12094,19567,2
12094,19568,2
12094,19569,2
12094,19571,7
12094,19589,7
12094,19590,18
12094,19592,6
12094,19594,7
12094,19596,2
12094,19599,3
12094,19600,3.5
12094,19601,5
12094,19602,2
12094,19603,2
12094,19604,4
12094,19605,4
12094,19607,1
12094,19610,9
12094,19611,4
12094,19616,14
12094,19617,6
12094,19619,12
12094,19620,8
12094,19621,3
12094,19622,6
12094,19631,6
12094,19654,2
12094,19655,3.5
12094,19663,1
12094,19666,7
12094,19667,2
12094,19668,2
12094,19675,4
12094,19736,3
12094,19749,2
12094,19750,3
12094,19760,4.5
12094,19761,3
12094,19767,4
12094,19785,4
12094,19786,15.5
12095,19531,3
12095,19533,7
12095,19537,5
12095,19538,4
12095,19542,4
12095,19544,19
12095,19545,9
12095,19546,4
12095,19548,58
12095,19549,54.5
12095,19550,120.5
12095,19552,66
12095,19553,26
12095,19554,25
12095,19555,21
12095,19556,85
12095,19557,143
12095,19558,44.5
12095,19559,50.5
12095,19564,3
12095,19567,1
12095,19569,7
12095,19585,6
12095,19586,6
12095,19587,4
12095,19588,6
12095,19590,1
12095,19591,7
12095,19592,9
12095,19593,9
12095,19594,2
12095,19599,7
12095,19600,1
12095,19602,2
12095,19605,2
12095,19606,2
12095,19616,2
12095,19617,2.5
12095,19618,9
12095,19619,1
12095,19622,6
12095,19623,2
12095,19626,2
12095,19630,2
12095,19635,5
12095,19652,6
12095,19659,5
12095,19671,1
12095,19673,1
12095,19676,1
12095,19678,1
12095,19681,8.5
12095,19736,2
12095,19753,1
12095,19786,8
12096,19531,4
12096,19532,8
12096,19534,2
12096,19536,3
12096,19537,10
12096,19538,4
12096,19539,6.5
12096,19540,3
12096,19542,5
12096,19544,2
12096,19546,7
12096,19549,58
12096,19550,48
12096,19551,35
12096,19552,21
12096,19553,66.5
12096,19554,37
12096,19555,12
12096,19556,7
12096,19557,18
12096,19558,58
12096,19559,4
12096,19564,3
12096,19567,5
12096,19577,4
12096,19582,3
12096,19583,9
12096,19584,2
12096,19585,1
12096,19586,2
12096,19587,10
12096,19588,1
12096,19589,1
12096,19590,1
12096,19591,71
12096,19592,44
12096,19593,55
12096,19594,17
12096,19595,42
12096,19598,8
12096,19599,12
12096,19600,2
12096,19601,3
12096,19602,2.5
12096,19605,2
12096,19606,6
12096,19615,5
12096,19616,1
12096,19618,5
12096,19624,4
12096,19626,2
12096,19627,10
12096,19628,2
12096,19636,11
12096,19637,47
12096,19638,2
12096,19656,8
12096,19659,2
12096,19667,1
12096,19668,4
12096,19674,3
12096,19762,4
12097,19532,6
12097,19534,5
12097,19535,4
12097,19536,9
12097,19537,8
12097,19539,1
12097,19544,4
12097,19545,1
12097,19548,8
12097,19550,16
12097,19551,24
12097,19552,46
12097,19553,26
12097,19554,11.5
12097,19556,1
12097,19558,3
12097,19559,1
12097,19560,4
12097,19563,2
12097,19573,2
12097,19574,13
12097,19576,2
12097,19577,2
12097,19586,2
12097,19587,51
12097,19588,71
12097,19589,45
12097,19590,72
12097,19591,159
12097,19592,38
12097,19593,31
12097,19594,19
12097,19595,30
12097,19596,11
12097,19597,44
12097,19598,7
12097,19599,15
12097,19603,2
12097,19605,6
12097,19606,1
12097,19607,4
12097,19610,7
12097,19611,5
12097,19612,3
12097,19613,4
12097,19614,4
12097,19615,1
12097,19616,2
12097,19617,10
12097,19623,2
12097,19636,13
12097,19637,39.5
12097,19638,6
12097,19666,1
12097,19668,1
12097,19671,6
12097,19677,1
12097,19678,24
12097,19679,18
12097,19680,4
12097,19683,1
12097,19748,7
12097,19751,3
12097,19752,2
12098,19535,8
12098,19537,7
12098,19538,3
12098,19539,2
12098,19540,9
12098,19541,2
12098,19545,5
12098,19547,8
12098,19548,2
12098,19550,12
12098,19551,1
12098,19552,15
12098,19554,5
12098,19557,2
12098,19558,30
12098,19559,22
12098,19560,9
12098,19571,6
12098,19572,2
12098,19574,2
12098,19577,2
12098,19578,6
12098,19580,1
12098,19585,1
12098,19586,18
12098,19587,64.5
12098,19588,70
12098,19589,81
12098,19590,70
12098,19591,66
12098,19592,54.5
12098,19593,42
12098,19595,11
12098,19596,20
12098,19598,4
12098,19599,6
12098,19600,1
12098,19606,4
12098,19607,4
12098,19610,2
12098,19615,2
12098,19619,3
12098,19621,7
12098,19634,7
12098,19637,30
12098,19638,12
12098,19641,1
12098,19677,2
12098,19678,22
12098,19679,27
12098,19680,96
12098,19681,6
12098,19750,2
12099,19532,2
12099,19533,4
12099,19534,5
12099,19536,6
12099,19539,5
12099,19540,2
12099,19544,2
12099,19545,4
12099,19546,1
12099,19547,1
12099,19548,2
12099,19550,13
12099,19554,6
12099,19559,3
12099,19560,4
12099,19577,3
12099,19579,8
12099,19580,6
12099,19581,13
12099,19582,14
12099,19583,30.5
12099,19584,20
12099,19585,2
12099,19586,15
12099,19588,20
12099,19589,56
12099,19590,56.5
12099,19591,28.5
12099,19595,3
12099,19597,4
12099,19599,20
12099,19600,2
12099,19601,3
12099,19607,3.5
12099,19610,5
12099,19611,6
12099,19614,3
12099,19619,6
12099,19621,2
12099,19622,10
12099,19626,6
12099,19632,5
12099,19633,4
12099,19634,1.5
12099,19635,4
12099,19636,3
12099,19637,8
12099,19641,9
12099,19657,4
12099,19678,3
12099,19679,29
12099,19680,93.5
12099,19681,2
12099,19749,6
12099,19750,2
12100,19532,6
12100,19535,4
12100,19536,5
12100,19537,6
12100,19538,4
12100,19540,7
12100,19544,5
12100,19545,4
12100,19546,6
12100,19550,11
12100,19554,2
12100,19556,8
12100,19574,1
12100,19575,1
12100,19579,6
12100,19580,6
12100,19582,18
12100,19583,23
12100,19584,26
12100,19586,12
12100,19587,11
12100,19588,10
12100,19589,21
12100,19590,2
12100,19591,4
12100,19592,3
12100,19594,1
12100,19595,2
12100,19599,14
12100,19600,15
12100,19602,2
12100,19605,4
12100,19608,2
12100,19630,6
12100,19631,3
12100,19633,15.5
12100,19634,4
12100,19635,2
12100,19636,3
12100,19637,7
12100,19669,5
12100,19678,6
12100,19679,16.5
12100,19680,30
12100,19681,3
12100,19749,35
12100,19771,10
12101,19531,5.5
12101,19532,2
12101,19533,4
12101,19535,4
12101,19536,6
12101,19537,5
12101,19538,16
12101,19539,4
12101,19540,2
12101,19541,3
12101,19542,1
12101,19546,2
12101,19547,12
12101,19548,2
12101,19551,4
12101,19552,5
12101,19553,2
12101,19555,8
12101,19556,5.5
12101,19560,9
12101,19561,17.5
12101,19570,4
12101,19574,3
12101,19580,2
12101,19581,4
12101,19583,2
12101,19584,6
12101,19585,2
12101,19587,7
12101,19591,5
12101,19592,4
12101,19593,4
12101,19597,2
12101,19599,6
12101,19600,19
12101,19604,2
12101,19612,7
12101,19613,3
12101,19628,1
12101,19631,7
12101,19632,2
12101,19634,1
12101,19635,8
12101,19636,2
12101,19637,3
12101,19638,4
12101,19641,1
12101,19669,1
12101,19679,6
12101,19680,15
12101,19681,13
12101,19682,1
12101,19737,2
12101,19748,4
12101,19749,6
12101,19784,17
12101,19785,35.5
12102,19531,3
12102,19532,2
12102,19533,10
12102,19534,3
12102,19535,4
12102,19536,4
12102,19537,7
12102,19551,1
12102,19552,4
12102,19553,4
12102,19558,2
12102,19559,49.5
12102,19560,49.5
12102,19561,124.5
12102,19562,21.5
12102,19564,2
12102,19565,5
12102,19569,1
12102,19582,2
12102,19583,3
12102,19584,5
12102,19588,14
12102,19589,3
12102,19592,4
12102,19594,3
12102,19596,1
12102,19597,4
12102,19598,13
12102,19601,9
12102,19604,2
12102,19610,1
12102,19627,4
12102,19629,5
12102,19631,10
12102,19632,9.5
12102,19637,1
12102,19638,3
12102,19656,6
12102,19657,4
12102,19682,6
12102,19705,1
12102,19726,4
12102,19727,9.5
12102,19747,2
12102,19748,5
12102,19785,7
12103,19531,1
12103,19533,2
12103,19534,3
12103,19544,4
12103,19556,20
12103,19557,19
12103,19558,144
12103,19559,154
12103,19560,187
12103,19561,166.5
12103,19562,239.5
12103,19563,98
12103,19564,7
12103,19565,4
12103,19566,4
12103,19568,9
12103,19569,12
12103,19571,4
12103,19580,2
12103,19584,12
12103,19585,7
12103,19588,6
12103,19590,6
12103,19591,5
12103,19592,2
12103,19597,1
12103,19606,9
12103,19608,5
12103,19609,3
12103,19610,8
12103,19612,4
12103,19632,1
12103,19633,1
12103,19637,4
12103,19683,3
12103,19724,2
12103,19725,6
12103,19726,4
12103,19727,2
12103,19730,3
12103,19731,2
12103,19764,8
12103,19775,3
12103,19776,5
12104,19536,1
12104,19541,2
12104,19547,2
12104,19553,7
12104,19554,1
12104,19555,27
12104,19556,119
12104,19557,127
12104,19558,56
12104,19559,55
12104,19560,202.5
12104,19561,148.5
12104,19562,219
12104,19563,72
12104,19564,4
12104,19565,4
12104,19566,32
12104,19573,2
12104,19579,29
12104,19581,7
12104,19582,4
12104,19588,2
12104,19589,3
12104,19592,6
12104,19593,3
12104,19594,1
12104,19595,3
12104,19600,2
12104,19602,8
12104,19603,2
12104,19617,2
12104,19631,1
12104,19636,2
12104,19638,3
12104,19657,7
12104,19669,4
12104,19672,1
12104,19682,4
12104,19683,8
12104,19701,8
12104,19702,1
12104,19775,6
12104,19776,18
12105,19544,2
12105,19546,3
12105,19547,5
12105,19548,11
12105,19550,12
12105,19553,9
12105,19554,14
12105,19555,40
12105,19556,130
12105,19557,71
12105,19558,35
12105,19559,41
12105,19560,166
12105,19561,97.5
12105,19562,40
12105,19563,268
12105,19564,48
12105,19565,35
12105,19566,19
12105,19567,3
12105,19570,2
12105,19572,4
12105,19573,3
12105,19581,5.5
12105,19582,2
12105,19588,1
12105,19589,4
12105,19592,3
12105,19593,10
12105,19596,2
12105,19597,2
12105,19598,9
12105,19599,2
12105,19600,2
12105,19601,4
12105,19608,2
12105,19610,2
12105,19611,2
12105,19612,2
12105,19613,4
12105,19627,2
12105,19635,6
12105,19677,3
12105,19683,1
12105,19701,2
12105,19776,28
12105,19777,5
12105,19778,18.5
12106,19543,6
12106,19545,10
12106,19546,7
12106,19547,1
12106,19548,4
12106,19549,5
12106,19552,3
12106,19553,4
12106,19554,6
12106,19555,3
12106,19556,107
12106,19557,142
12106,19558,33
12106,19559,106
12106,19560,67.5
12106,19562,31
12106,19563,38
12106,19564,75
12106,19565,38
12106,19566,36
12106,19567,4
12106,19568,8
12106,19569,18
12106,19579,13
12106,19580,4
12106,19581,1
12106,19584,2
12106,19586,4
12106,19587,2
12106,19590,6
12106,19593,2
12106,19595,8
12106,19596,2.5
12106,19602,6
12106,19604,1
12106,19609,4
12106,19610,4
12106,19611,3
12106,19612,2
12106,19615,4
12106,19631,4
12106,19635,6
12106,19659,5
12106,19670,8
12106,19678,2
12106,19702,2
12106,19755,17.5
12106,19777,2
12106,19778,3
12106,19779,12
12106,19780,2
12107,19539,7
12107,19540,3
12107,19542,10
12107,19544,7
12107,19545,5
12107,19551,1
12107,19552,9
12107,19553,6
12107,19554,6
12107,19555,4
12107,19556,64
12107,19557,4
12107,19558,90.5
12107,19559,132
12107,19560,116
12107,19561,67.5
12107,19562,2
12107,19563,116.5
12107,19564,8
12107,19565,93
12107,19566,56
12107,19567,17
12107,19568,4
12107,19569,2
12107,19572,4
12107,19577,5
12107,19579,5
12107,19582,3
12107,19583,2
12107,19584,4
12107,19585,2
12107,19589,4
12107,19608,4
12107,19609,6
12107,19611,1
12107,19615,11
12107,19628,1
12107,19632,2
12107,19635,1
12107,19638,2
12107,19640,4
12107,19641,5
12107,19642,21
12107,19643,3
12107,19663,1
12107,19664,25
12107,19670,2
12107,19730,2
12107,19755,2
12107,19756,15
12107,19757,1.5
12107,19758,2
12107,19759,3
12108,19536,3
12108,19537,1
12108,19538,7
12108,19539,2
12108,19543,14
12108,19548,4
12108,19550,7
12108,19551,4
12108,19552,2
12108,19555,10.5
12108,19556,23
12108,19557,86.5
12108,19558,78.5
12108,19559,57.5
12108,19560,43
12108,19561,93
12108,19562,64
12108,19563,70.5
12108,19564,23.5
12108,19565,12
12108,19566,35.5
12108,19567,18
12108,19568,2
12108,19570,2
12108,19573,1
12108,19580,2
12108,19581,1
12108,19582,3
12108,19589,4
12108,19591,4
12108,19592,4
12108,19594,17.5
12108,19598,6
12108,19601,2
12108,19602,2
12108,19603,2
12108,19604,2
12108,19605,4
12108,19607,1
12108,19608,6
12108,19609,5
12108,19612,7
12108,19613,2
12108,19618,7
12108,19632,1
12108,19633,4
12108,19635,6
12108,19639,8
12108,19640,10
12108,19642,8
12108,19643,5
12108,19644,2
12108,19659,4
12108,19665,1
12108,19666,6
12108,19668,4
12108,19676,2
12108,19726,1
12108,19727,26.5
12108,19754,2
12108,19755,8
12108,19756,22
12108,19757,20
12108,19759,13
12109,19538,2
12109,19541,2
12109,19542,6
12109,19543,13
12109,19544,2
12109,19549,2
12109,19555,10
12109,19556,25
12109,19558,67
12109,19559,2
12109,19560,6
12109,19561,99
12109,19562,86
12109,19563,87
12109,19564,54
12109,19566,32
12109,19567,49
12109,19568,4
12109,19572,3
12109,19578,2
12109,19581,14
12109,19582,1
12109,19583,8
12109,19586,2
12109,19591,2
12109,19593,4
12109,19594,2
12109,19604,6
12109,19605,5
12109,19609,1
12109,19611,2
12109,19618,2
12109,19630,7
12109,19633,13.5
12109,19634,1
12109,19638,4
12109,19639,4
12109,19640,10
12109,19643,8
12109,19644,1
12109,19659,4
12109,19660,3
12109,19667,8
12109,19714,1
12109,19751,2
12109,19755,3
12109,19761,2
12109,19762,4
12110,19535,1
12110,19538,2
12110,19539,2
12110,19543,19.5
12110,19544,8
12110,19546,1
12110,19547,1
12110,19548,2
12110,19549,3
12110,19551,5
12110,19552,5
12110,19553,14
12110,19555,5
12110,19556,12
12110,19557,14
12110,19558,13
12110,19560,22
12110,19561,78
12110,19562,106
12110,19563,106
12110,19564,13
12110,19566,8.5
12110,19567,47
12110,19568,39
12110,19570,2
12110,19571,26.5
12110,19572,3
12110,19573,4
12110,19576,5
12110,19582,1
12110,19584,4
12110,19591,2
12110,19595,4
12110,19597,4
12110,19598,1
12110,19599,7
12110,19600,5
12110,19603,4
12110,19605,3.5
12110,19609,2
12110,19610,8
12110,19618,5
12110,19631,2
12110,19637,2
12110,19640,1
12110,19642,2
12110,19660,3
12110,19678,1
12110,19679,6
12110,19681,6
12110,19682,1
12110,19712,6
12110,19725,3
12110,19726,1
12110,19727,5
12110,19762,6
12110,19763,3
12110,19793,1
12111,19535,2
12111,19537,2
12111,19538,4
12111,19539,8
12111,19540,2
12111,19543,4
12111,19551,9
12111,19561,55.5
12111,19562,65
12111,19563,22
12111,19566,4
12111,19568,19
12111,19569,5
12111,19571,3
12111,19572,5
12111,19576,4
12111,19586,2
12111,19590,10.5
12111,19597,5
12111,19598,6
12111,19602,4
12111,19605,2
12111,19606,5
12111,19607,4
12111,19608,2
12111,19610,2
12111,19611,3
12111,19634,6
12111,19635,7
12111,19660,2
12111,19661,6
12111,19662,1
12111,19671,2
12111,19681,5
12111,19706,3
12111,19707,1
12111,19710,1
12111,19711,2
12111,19712,4
12111,19727,4
12111,19762,13
12111,19763,11
12111,19764,6
12111,19794,5
12111,19796,1
12111,19797,9.5
12112,19542,4
12112,19543,14
12112,19546,2
12112,19548,1
12112,19549,2
12112,19550,3.5
12112,19552,1
12112,19554,5
12112,19555,4
12112,19556,4
12112,19557,3
12112,19558,6
12112,19561,1
12112,19562,15
12112,19563,4
12112,19564,1.5
12112,19565,12
12112,19566,3
12112,19569,13
12112,19570,21
12112,19573,5
12112,19575,6
12112,19576,1
12112,19577,6
12112,19585,2
12112,19586,4
12112,19591,3
12112,19594,1
12112,19595,2
12112,19597,4
12112,19603,4
12112,19606,2
12112,19612,5
12112,19624,7
12112,19625,2
12112,19629,6
12112,19630,4
12112,19634,17
12112,19635,2
12112,19661,3
12112,19662,10
12112,19664,3
12112,19669,9
12112,19679,8
12112,19680,17
12112,19705,3
12112,19706,2
12112,19715,4
12112,19726,3
12112,19748,5
12112,19762,2
12113,19542,1
12113,19543,5
12113,19545,1
12113,19547,2
12113,19549,12
12113,19550,4
12113,19552,6
12113,19553,7
12113,19557,6.5
12113,19562,13
12113,19563,7
12113,19564,1
12113,19568,1
12113,19569,10
12113,19570,16
12113,19573,5
12113,19577,8
12113,19584,5
12113,19586,5
12113,19588,3
12113,19589,7
12113,19596,2
12113,19601,52
12113,19602,40
12113,19603,40
12113,19604,2
12113,19610,9
12113,19612,2
12113,19613,3
12113,19621,1
12113,19623,4
12113,19624,4
12113,19626,3
12113,19628,2
12113,19629,5
12113,19632,2
12113,19638,5
12113,19664,2
12113,19669,2
12113,19670,3
12113,19731,6
12113,19748,7
12113,19763,14
12114,19541,4
12114,19543,4
12114,19545,5
12114,19546,5
12114,19547,15
12114,19548,6
12114,19553,2
12114,19554,9
12114,19559,4
12114,19560,1
12114,19562,1
12114,19565,25
12114,19568,6
12114,19569,6
12114,19573,2
12114,19575,2
12114,19578,4
12114,19587,3
12114,19588,38
12114,19593,1
12114,19595,3
12114,19596,1
12114,19599,25
12114,19600,67
12114,19601,54
12114,19602,126.5
12114,19603,11
12114,19606,10
12114,19609,5
12114,19611,2
12114,19612,2
12114,19614,1
12114,19615,2
12114,19616,3
12114,19621,3
12114,19625,11.5
12114,19632,4
12114,19633,2
12114,19639,1
12114,19641,3
12114,19642,2
12114,19731,17
12115,19544,13
12115,19545,7
12115,19549,3
12115,19552,5
12115,19556,4
12115,19559,3
12115,19564,1
12115,19566,3
12115,19569,11.5
12115,19570,16
12115,19575,3
12115,19583,8
12115,19588,27
12115,19589,7
12115,19594,4
12115,19596,3
12115,19600,49.5
12115,19601,97
12115,19602,124.5
12115,19603,2
12115,19604,5
12115,19605,1
12115,19608,3.5
12115,19609,2
12115,19610,10
12115,19615,10
12115,19621,4
12115,19622,4
12115,19623,4
12115,19625,1
12115,19627,3
12115,19637,4
12115,19640,2
12115,19641,2
12115,19642,4
12115,19645,7
12115,19646,3
12115,19684,3
12115,19711,4
12115,19731,8
12116,19544,1
12116,19547,3
12116,19549,1
12116,19550,6
12116,19552,3
12116,19553,3
12116,19554,2
12116,19557,1
12116,19562,2
12116,19564,2
12116,19569,20
12116,19570,10
12116,19572,23
12116,19573,2
12116,19574,10
12116,19575,15
12116,19576,2
12116,19577,2
12116,19578,2
12116,19582,3
12116,19585,2
12116,19586,6
12116,19587,1
12116,19589,4
12116,19595,4
12116,19597,3
12116,19598,1
12116,19599,5
12116,19600,43.5
12116,19601,118
12116,19602,122
12116,19603,25
12116,19604,2
12116,19605,13
12116,19607,1.5
12116,19610,5
12116,19612,24
12116,19613,11
12116,19614,11
12116,19615,12
12116,19616,18
12116,19617,13
12116,19618,3
12116,19620,4
12116,19621,1
12116,19624,2
12116,19625,2
12116,19626,4
12116,19631,3
12116,19641,14
12116,19643,8
12116,19644,5
12116,19645,2
12116,19648,2
12116,19691,7
12116,19781,6
12117,19545,4
12117,19546,2
12117,19549,3
12117,19556,5
12117,19557,3
12117,19559,2
12117,19560,7
12117,19562,7
12117,19564,10
12117,19565,1
12117,19567,17
12117,19569,5
12117,19570,3
12117,19571,7
12117,19572,4
12117,19574,3.5
12117,19577,5
12117,19578,4
12117,19580,4
12117,19582,7
12117,19583,7
12117,19584,2
12117,19594,2
12117,19595,2
12117,19597,5
12117,19598,1
12117,19599,6
12117,19600,48
12117,19601,10
12117,19602,81
12117,19603,42
12117,19605,4
12117,19606,6
12117,19608,1
12117,19609,4
12117,19612,17
12117,19613,36
12117,19614,10
12117,19615,24.5
12117,19616,15
12117,19617,26.5
12117,19618,55.5
12117,19619,25
12117,19620,2
12117,19621,13
12117,19622,5.5
12117,19623,8
12117,19624,2
12117,19625,5
12117,19633,4.5
12117,19638,1
12117,19640,13.5
12117,19641,15
12117,19642,1
12117,19643,2
12117,19644,10
12117,19645,11.5
12117,19690,12
12117,19691,6
12118,19546,12
12118,19549,2
12118,19553,1
12118,19554,5
12118,19555,2
12118,19558,3
12118,19559,3
12118,19560,2
12118,19562,7
12118,19564,2
12118,19566,6
12118,19567,3
12118,19569,4
12118,19570,5
12118,19573,2
12118,19574,5
12118,19575,5
12118,19576,8
12118,19577,1
12118,19578,18.5
12118,19579,7
12118,19581,4
12118,19582,6
12118,19590,2
12118,19591,1
12118,19592,5
12118,19595,2
12118,19598,11
12118,19599,5
12118,19600,2
12118,19602,7
12118,19603,3
12118,19604,3
12118,19607,3
12118,19609,6
12118,19610,10
12118,19613,10
12118,19614,12
12118,19615,38.5
12118,19616,92.5
12118,19617,128.5
12118,19618,45
12118,19619,42.5
12118,19621,3
12118,19622,2
12118,19623,8.5
12118,19625,6
12118,19634,1
12118,19636,1
12118,19637,3
12118,19640,12
12118,19641,3
12118,19646,3
12118,19683,4
12118,19690,24.5
12118,19691,10
12118,19692,7
12118,19713,2
12118,19728,2
12119,19545,4
12119,19547,4
12119,19549,3
12119,19550,3
12119,19553,21
12119,19554,8
12119,19556,2
12119,19557,1
12119,19558,3
12119,19559,6
12119,19561,1
12119,19563,2
12119,19566,6
12119,19567,2
12119,19569,1
12119,19572,5
12119,19578,2
12119,19590,5
12119,19591,3
12119,19596,4.5
12119,19599,9
12119,19600,4
12119,19601,2
12119,19602,1
12119,19603,23
12119,19604,11
12119,19605,8
12119,19607,2
12119,19609,54
12119,19610,18
12119,19612,1
12119,19614,6
12119,19615,4
12119,19616,39
12119,19617,14
12119,19618,21
12119,19619,23
12119,19620,3
12119,19621,4
12119,19622,6
12119,19631,6
12119,19633,2
12119,19636,2
12119,19637,6
12119,19639,1
12119,19677,1
12119,19690,3
12119,19691,2
12119,19694,5
12120,19550,2
12120,19551,15
12120,19552,93.5
12120,19553,84.5
12120,19554,56
12120,19556,3
12120,19557,2
12120,19558,6
12120,19559,4
12120,19561,4
12120,19563,3
12120,19567,8
12120,19568,4
12120,19569,2
12120,19570,7
12120,19572,2
12120,19574,4
12120,19576,3
12120,19577,2
12120,19594,9
12120,19597,2
12120,19600,5
12120,19601,1
12120,19602,5
12120,19603,8.5
12120,19605,15
12120,19608,1
12120,19609,26
12120,19610,8
12120,19613,13
12120,19614,3
12120,19616,6
12120,19617,6
12120,19618,9
12120,19619,2
12120,19620,3
12120,19622,6
12120,19625,2
12120,19629,4
12120,19630,5
12120,19631,2
12120,19632,2
12120,19634,12
12120,19635,3
12120,19690,2
12120,19694,3
12121,19551,19
12121,19552,132.5
12121,19553,95
12121,19554,61
12121,19555,3
12121,19558,2
12121,19559,3
12121,19562,2
12121,19567,7
12121,19568,6
12121,19569,6
12121,19571,2
12121,19572,16
12121,19573,7
12121,19578,2
12121,19583,3.5
12121,19586,15
12121,19587,7
12121,19590,7
12121,19596,2
12121,19599,5
12121,19600,2
12121,19601,18
12121,19602,21
12121,19603,2
12121,19604,3
12121,19605,26
12121,19610,4
12121,19611,7
12121,19615,5
12121,19616,3.5
12121,19617,4
12121,19618,3
12121,19619,2
12121,19621,2
12121,19622,3
12121,19623,4
12121,19624,4
12121,19625,1
12121,19626,13
12121,19631,1
12121,19634,5
12121,19642,2
12121,19690,3
12121,19727,11
12121,19732,6
12122,19549,8
12122,19551,5
12122,19552,6
12122,19553,26.5
12122,19554,10
12122,19555,2
12122,19560,3
12122,19565,4
12122,19568,13
12122,19570,5
12122,19571,39
12122,19572,79.5
12122,19573,1
12122,19580,5
12122,19581,5
12122,19586,4
12122,19592,2
12122,19593,6
12122,19595,16
12122,19598,2
12122,19599,2
12122,19601,17
12122,19602,23
12122,19605,8
12122,19606,1
12122,19609,3
12122,19610,2
12122,19612,4
12122,19614,2
12122,19615,2
12122,19618,3
12122,19620,3
12122,19621,2
12122,19623,2
12122,19626,6
12122,19630,6
12122,19633,18.5
12122,19634,22
12122,19637,5
12122,19641,5
12122,19660,5
12122,19690,1
12122,19731,5
12123,19559,1
12123,19560,3
12123,19567,3
12123,19568,2
12123,19571,26
12123,19572,25
12123,19575,1
12123,19577,6
12123,19578,2
12123,19580,3
12123,19581,6
12123,19587,3
12123,19588,4
12123,19596,5
12123,19597,6
12123,19598,4
12123,19599,7
12123,19600,22
12123,19601,9
12123,19602,3
12123,19606,2
12123,19609,2
12123,19613,6
12123,19615,2
12123,19617,1
12123,19618,14
12123,19619,3
12123,19620,6
12123,19621,2
12123,19622,8.5
12123,19623,2
12123,19625,9
12123,19629,5.5
12123,19634,12
12123,19636,1
12123,19640,14
12123,19642,3
12123,19645,4
12123,19689,1
12123,19690,1
12123,19699,2
12123,19731,2
12123,19732,2
12123,19733,4
12124,19552,9
12124,19556,7
12124,19557,2
12124,19558,1
12124,19559,4
12124,19560,2
12124,19568,12
12124,19570,4
12124,19573,4
12124,19575,3
12124,19576,1
12124,19577,5
12124,19578,8
12124,19586,2
12124,19588,3
12124,19589,9
12124,19594,5
12124,19595,2
12124,19597,5
12124,19599,2
12124,19600,3
12124,19607,1
12124,19608,1
12124,19609,8
12124,19611,10
12124,19612,5
12124,19616,2
12124,19620,1
12124,19622,2
12124,19623,2
12124,19626,10
12124,19627,5
12124,19628,9
12124,19629,2
12124,19630,2
12124,19632,4
12124,19641,4
12124,19644,1
12124,19646,2
12124,19647,3
12124,19689,4
12124,19700,2
12124,19733,2
12125,19562,1
12125,19565,3
12125,19568,12
12125,19570,9
12125,19574,5
12125,19575,4
12125,19584,2
12125,19586,2
12125,19591,7
12125,19596,2
12125,19597,2
12125,19599,4
12125,19604,2
12125,19609,7
12125,19610,4
12125,19611,4
12125,19618,3
12125,19619,2
12125,19620,3.5
12125,19622,4
12125,19625,4
12125,19628,4
12125,19629,2
12125,19633,3
12125,19635,2
12125,19636,10
12125,19638,5
12125,19640,8
12125,19642,3
12125,19643,1
12125,19729,5
12125,19730,2
12125,19731,2
12125,19735,11
12126,19558,3
12126,19559,2
12126,19560,4
12126,19562,4
12126,19568,4
12126,19569,3
12126,19572,7
12126,19573,10
12126,19585,3
12126,19586,1
12126,19588,4
12126,19594,5
12126,19599,14
12126,19600,4
12126,19603,2
12126,19604,1
12126,19605,7
12126,19608,5
12126,19610,5
12126,19611,3
12126,19612,2
12126,19613,4
12126,19614,6
12126,19615,7
12126,19617,1
12126,19619,2
12126,19620,2
12126,19621,2
12126,19622,2
12126,19623,10
12126,19624,1
12126,19627,7
12126,19630,2
12126,19632,15
12126,19633,1
12126,19634,1
12126,19636,2
12126,19638,4
12126,19639,6
12126,19640,40
12126,19641,47
12126,19642,1
12126,19685,5
12126,19686,4
12126,19687,5
12126,19703,1
12126,19704,1
12126,19705,2
12126,19707,1
12126,19734,2
12126,19735,2
12126,19737,2
12126,19738,3
12126,19786,3
12127,19560,4
12127,19561,5
12127,19562,4
12127,19563,2
12127,19570,2
12127,19571,7
12127,19573,5
12127,19575,4
12127,19584,2
12127,19586,1
12127,19587,7
12127,19588,9
12127,19589,2
12127,19593,6
12127,19594,5
12127,19595,3
12127,19599,9
12127,19601,2
12127,19603,1
12127,19607,2
12127,19610,1
12127,19611,6
12127,19613,1
12127,19614,3
12127,19618,3
12127,19620,4
12127,19621,1
12127,19623,4.5
12127,19624,7
12127,19625,10
12127,19626,6.5
12127,19629,13
12127,19631,2
12127,19632,4
12127,19635,7
12127,19640,11
12127,19641,22
12127,19642,4
12127,19643,3
12127,19644,2
12127,19685,2
12127,19686,6
12127,19739,1
12127,19741,4
12127,19743,4
12127,19786,4
12127,19787,7
12128,19548,5
12128,19549,4
12128,19558,3
12128,19561,2
12128,19562,10
12128,19564,3
12128,19565,2
12128,19571,7
12128,19577,2
12128,19579,2
12128,19586,2
12128,19587,3
12128,19588,4
12128,19589,5
12128,19592,3
12128,19594,2
12128,19596,10
12128,19598,7
12128,19599,2
12128,19600,2
12128,19601,5
12128,19602,6
12128,19603,6
12128,19604,3
12128,19605,5
12128,19608,6
12128,19609,10
12128,19614,2
12128,19616,6
12128,19618,20
12128,19619,3
12128,19620,4
12128,19621,1
12128,19622,1
12128,19623,2
12128,19625,3
12128,19626,5
12128,19627,7
12128,19628,6
12128,19629,1
12128,19630,1
12128,19631,7
12128,19632,8
12128,19633,2
12128,19634,3
12128,19635,6
12128,19637,3
12128,19638,2
12128,19639,7
12128,19640,8
12128,19641,4
12128,19642,10
12128,19687,4
12128,19740,2
12128,19741,28.5
12128,19742,3
12129,19549,38.5
12129,19561,2
12129,19569,2
12129,19573,6
12129,19583,8
12129,19587,4
12129,19588,6
12129,19589,2
12129,19592,6
12129,19597,2
12129,19598,4
12129,19599,2
12129,19603,6
12129,19607,1
12129,19616,5
12129,19617,4
12129,19619,2
12129,19622,23
12129,19623,6
12129,19624,2
12129,19629,5
12129,19631,2
12129,19634,1
12129,19636,1
12129,19639,1
12129,19641,16.5
12129,19642,9
12129,19690,1
12129,19740,4
12129,19741,7
12129,19742,2
12130,19563,5
12130,19564,1
12130,19567,9
12130,19568,11
12130,19570,9
12130,19571,2
12130,19573,4
12130,19576,9.5
12130,19578,3
12130,19580,8
12130,19583,6
12130,19585,2
12130,19587,10
12130,19588,4
12130,19589,3
12130,19591,1
12130,19595,2
12130,19597,3
12130,19599,4
12130,19600,2
12130,19602,2
12130,19604,1
12130,19609,6.5
12130,19612,3
12130,19613,6
12130,19619,4
12130,19621,2
12130,19622,7
12130,19623,10
12130,19625,2
12130,19626,4
12130,19630,4
12130,19637,1
12130,19638,2
12130,19639,7
12130,19641,7
12130,19740,2
12130,19742,1
12131,19557,8
12131,19558,9
12131,19559,2
12131,19560,3
12131,19563,3
12131,19566,2
12131,19568,3
12131,19570,2
12131,19574,3
12131,19577,19
12131,19578,4
12131,19579,20
12131,19580,12.5
12131,19581,5
12131,19586,14
12131,19588,5
12131,19590,4
12131,19592,4
12131,19600,8
12131,19601,3
12131,19602,6
12131,19603,1
12131,19605,1
12131,19611,3
12131,19614,8
12131,19615,5
12131,19616,2
12131,19621,4
12131,19622,17
12131,19623,30
12131,19625,4
12131,19626,6
12131,19629,6
12131,19630,9
12131,19635,6
12131,19639,9
12131,19641,2
12131,19642,2
12131,19645,2
12131,19660,1
12131,19700,2
12131,19703,2
12131,19744,15
12131,19749,6
12132,19557,4
12132,19558,4
12132,19559,7
12132,19560,2
12132,19563,1
12132,19564,4
12132,19568,6
12132,19569,2
12132,19571,2
12132,19573,6
12132,19576,3
12132,19578,91
12132,19579,27.5
12132,19581,3
12132,19583,6
12132,19590,2
12132,19591,9
12132,19593,3
12132,19594,2
12132,19597,3
12132,19599,2
12132,19600,4
12132,19601,3
12132,19604,2
12132,19605,3
12132,19606,1
12132,19607,9
12132,19608,2
12132,19614,3
12132,19615,1
12132,19616,3
12132,19617,13
12132,19618,20
12132,19619,24
12132,19620,5
12132,19621,2
12132,19622,6
12132,19623,11
12132,19629,8
12132,19630,1
12132,19633,2
12132,19638,5
12132,19640,7
12132,19661,4
12133,19556,3
12133,19558,3
12133,19560,2
12133,19564,6
12133,19569,4
12133,19576,2
12133,19578,4
12133,19579,3
12133,19582,2
12133,19583,6
12133,19587,10
12133,19588,5
12133,19590,3
12133,19592,2
12133,19595,7
12133,19597,3
12133,19599,4
12133,19600,4
12133,19602,2
12133,19603,5
12133,19605,3
12133,19607,5
12133,19609,1
12133,19610,1
12133,19611,2
12133,19615,21.5
12133,19616,91.5
12133,19617,57.5
12133,19618,39
12133,19619,11
12133,19621,1
12133,19623,2
12133,19624,3
12133,19625,3
12133,19626,8
12133,19632,3
12133,19641,4
12133,19642,3
12133,19644,2
12133,19645,6
12133,19693,6
12133,19743,2
12134,19559,1
12134,19562,3
12134,19567,2
12134,19576,4
12134,19577,7
12134,19581,22
12134,19582,11
12134,19583,13
12134,19585,2
12134,19588,2
12134,19589,8
12134,19590,5
12134,19599,1
12134,19603,1
12134,19604,1
12134,19608,1
12134,19609,1
12134,19613,4
12134,19614,43
12134,19615,52.5
12134,19616,263
12134,19617,59.5
12134,19618,44
12134,19621,4.5
12134,19622,1
12134,19624,8
12134,19625,36
12134,19626,26.5
12134,19631,2
12134,19635,1
12134,19636,2
12134,19658,1
12134,19743,2
12135,19557,3
12135,19564,5
12135,19565,6
12135,19570,2
12135,19577,2
12135,19581,4
12135,19582,9
12135,19583,42
12135,19584,86
12135,19585,47
12135,19586,41.5
12135,19587,7
12135,19588,11
12135,19590,8
12135,19594,5
12135,19597,2
12135,19603,2
12135,19604,1
12135,19605,4
12135,19612,4
12135,19613,87.5
12135,19614,97.5
12135,19615,123
12135,19616,34
12135,19617,10
12135,19618,21
12135,19619,2
12135,19620,7
12135,19621,3
12135,19624,2
12135,19625,46
12135,19626,2
12135,19627,43
12135,19628,5
12135,19630,1
12135,19632,5
12135,19635,4
12135,19637,2
12135,19638,2
12135,19641,2
12135,19642,4
12135,19645,2
12135,19703,3
12135,19744,4
12136,19557,3
12136,19559,2
12136,19560,4
12136,19561,2
12136,19563,5.5
12136,19565,9
12136,19568,5
12136,19570,1
12136,19572,7
12136,19581,2
12136,19582,11
12136,19583,46
12136,19584,124
12136,19585,125.5
12136,19586,140.5
12136,19587,11
12136,19588,5
12136,19592,3
12136,19593,2
12136,19594,8
12136,19595,2
12136,19597,5
12136,19598,3
12136,19600,6
12136,19603,1
12136,19604,2
12136,19605,2
12136,19606,3
12136,19607,11
12136,19608,1
12136,19612,2
12136,19613,27
12136,19614,26
12136,19615,9
12136,19616,4
12136,19617,24
12136,19618,4
12136,19620,1
12136,19621,22.5
12136,19626,10
12136,19628,4
12136,19629,11
12136,19630,4.5
12136,19634,3
12136,19639,4
12136,19642,4
12136,19688,6
12136,19702,4
12137,19557,2
12137,19564,2
12137,19565,28
12137,19567,14
12137,19571,4
12137,19578,1
12137,19579,2
12137,19580,3
12137,19581,11
12137,19582,18
12137,19583,48.5
12137,19584,96
12137,19585,86.5
12137,19586,77
12137,19588,4
12137,19591,3.5
12137,19592,11
12137,19594,2
12137,19595,4
12137,19596,12
12137,19597,4
12137,19598,4
12137,19599,5
12137,19600,2
12137,19602,1
12137,19603,3
12137,19606,2
12137,19607,1
12137,19608,1
12137,19612,7
12137,19613,16
12137,19614,37.5
12137,19616,8
12137,19617,20
12137,19618,5
12137,19621,12
12137,19623,8
12137,19624,13
12137,19625,7
12137,19626,3
12137,19629,2
12137,19632,4
12137,19636,11
12137,19639,2
12137,19641,2
12137,19642,7
12137,19663,4
12137,19702,4
12137,19712,3
12137,19746,2
12138,19558,5
12138,19560,4
12138,19561,4
12138,19562,4
12138,19563,6
12138,19565,13
12138,19568,1
12138,19572,15
12138,19574,2
12138,19575,8
12138,19576,5
12138,19579,2
12138,19582,36
12138,19583,102.5
12138,19584,283.5
12138,19585,164
12138,19586,25
12138,19590,10
12138,19591,8
12138,19592,7
12138,19594,2
12138,19595,1
12138,19596,6
12138,19597,1
12138,19598,5
12138,19600,3
12138,19604,3
12138,19608,4
12138,19610,7
12138,19611,7
12138,19612,23
12138,19613,57.5
12138,19614,21
12138,19616,15
12138,19617,2
12138,19618,4
12138,19623,4
12138,19624,6.5
12138,19632,1
12138,19634,2
12138,19635,4
12138,19638,4
12138,19639,7
12138,19642,5
12138,19695,3
12138,19712,2
12138,19713,9
12138,19714,4
12139,19557,4
12139,19558,4
12139,19560,1
12139,19561,3
12139,19562,2
12139,19563,2
12139,19564,2
12139,19565,4
12139,19566,11
12139,19567,8
12139,19569,1
12139,19570,4
12139,19572,35.5
12139,19573,14
12139,19578,10
12139,19579,15
12139,19580,137
12139,19581,135.5
12139,19582,71.5
12139,19583,89.5
12139,19584,119
12139,19585,90
12139,19586,1
12139,19587,2
12139,19588,7
12139,19590,9
12139,19592,4
12139,19593,8
12139,19594,4.5
12139,19595,2
12139,19597,1
12139,19598,5
12139,19600,5
12139,19601,9
12139,19602,1
12139,19604,9
12139,19611,10.5
12139,19612,34
12139,19613,71
12139,19614,2
12139,19615,2
12139,19616,11.5
12139,19617,3
12139,19618,1
12139,19619,4
12139,19621,7
12139,19623,16
12139,19628,2
12139,19634,4
12139,19638,2
12139,19639,2
12139,19643,4
12139,19676,3
12139,19677,5
12139,19694,4
12139,19714,1
12139,19753,2.5
12139,19754,1
12140,19560,3
12140,19561,11.5
12140,19562,5
12140,19564,10
12140,19566,8
12140,19567,10
12140,19568,8
12140,19570,2
12140,19579,2
12140,19580,45.5
12140,19581,34
12140,19582,199
12140,19583,19
12140,19584,40
12140,19585,13
12140,19586,2
12140,19588,1
12140,19589,6
12140,19591,8
12140,19592,5
12140,19593,4
12140,19594,6
12140,19595,12
12140,19596,2
12140,19597,4
12140,19598,2
12140,19599,5
12140,19601,14
12140,19602,8
12140,19604,6.5
12140,19605,3
12140,19606,1
12140,19610,9
12140,19611,4
12140,19612,16
12140,19613,61
12140,19614,28
12140,19615,9
12140,19616,12
12140,19617,1
12140,19621,4
12140,19624,2
12140,19625,3
12140,19634,3
12140,19659,3
12140,19694,2
12140,19695,5
12140,19714,3
12140,19753,2
12140,19789,4
12141,19561,4
12141,19564,5
12141,19565,2
12141,19566,1
12141,19571,2
12141,19572,20
12141,19573,6
12141,19576,2
12141,19577,4
12141,19579,4
12141,19581,65.5
12141,19582,66
12141,19583,40
12141,19584,25
12141,19588,1
12141,19589,3
12141,19590,8
12141,19594,2
12141,19598,2
12141,19599,5
12141,19600,11
12141,19601,10
12141,19602,5
12141,19604,3
12141,19610,5
12141,19611,9
12141,19612,14
12141,19613,42
12141,19614,42
12141,19615,8
12141,19616,2
12141,19617,3
12141,19619,4
12141,19621,4
12141,19623,5
12141,19626,7
12141,19627,1
12141,19629,6
12141,19630,1
12141,19632,4
12141,19640,3
12141,19642,4
12141,19643,11.5
12141,19644,1
12141,19714,2
12141,19751,2
12141,19778,2
12142,19562,1
12142,19563,10
12142,19565,5
12142,19566,1
12142,19567,2
12142,19568,3
12142,19569,2
12142,19571,1
12142,19572,2
12142,19573,4
12142,19574,4
12142,19577,8
12142,19579,9
12142,19581,26
12142,19582,110.5
12142,19583,129
12142,19584,29
12142,19593,1
12142,19598,5.5
12142,19599,2
12142,19601,6
12142,19602,8
12142,19606,7
12142,19607,2
12142,19608,12
12142,19609,9
12142,19610,3
12142,19619,2
12142,19620,7
12142,19623,2
12142,19625,4
12142,19627,1
12142,19639,1
12142,19657,1
12142,19658,1
12142,19676,4
12142,19693,2.5
12142,19695,2
12142,19743,1
12142,19746,2
12142,19791,3
12143,19565,2
12143,19571,23
12143,19572,11
12143,19573,8
12143,19574,42.5
12143,19575,10
12143,19578,6
12143,19579,1
12143,19580,4
12143,19582,14.5
12143,19583,2
12143,19584,5
12143,19585,6
12143,19588,7
12143,19591,4
12143,19592,5
12143,19595,1
12143,19596,4
12143,19597,4
12143,19600,35.5
12143,19601,20
12143,19602,6
12143,19605,18
12143,19606,18
12143,19607,18
12143,19608,6
12143,19609,10
12143,19624,7
12143,19625,3
12143,19627,9
12143,19633,2
12143,19637,2
12143,19644,2
12143,19654,2
12143,19791,9
12143,19793,2
12144,19566,5
12144,19567,6
12144,19568,9
12144,19569,2
12144,19571,19
12144,19572,79.5
12144,19574,8
12144,19575,8
12144,19578,13
12144,19579,2
12144,19580,16
12144,19583,2
12144,19584,1
12144,19585,3
12144,19588,2
12144,19589,4
12144,19590,4
12144,19591,5
12144,19592,3
12144,19593,10
12144,19595,8.5
12144,19597,3
12144,19598,58
12144,19599,3
12144,19600,79
12144,19601,72
12144,19603,10
12144,19604,10
12144,19605,15
12144,19606,1
12144,19607,6
12144,19608,11
12144,19609,4
12144,19610,1
12144,19615,17
12144,19616,17
12144,19617,2
12144,19618,2
12144,19619,10
12144,19620,14
12144,19621,4
12144,19624,2
12144,19627,4
12144,19641,12.5
12144,19642,5
12144,19644,7
12144,19645,2
12144,19662,1
12144,19713,8
12144,19768,2
12144,19776,10
12144,19781,2
12145,19571,28
12145,19572,8
12145,19578,8
12145,19579,2
12145,19580,21
12145,19584,8
12145,19585,2
12145,19586,10
12145,19590,4
12145,19591,4
12145,19593,3
12145,19596,3
12145,19598,22
12145,19599,23
12145,19600,68
12145,19601,16
12145,19602,29
12145,19604,2
12145,19606,16
12145,19607,7
12145,19608,47
12145,19609,61
12145,19610,7
12145,19611,5
12145,19612,16
12145,19615,5
12145,19616,7
12145,19620,6
12145,19621,6
12145,19624,3
12145,19631,2
12145,19638,1
12145,19641,1
12145,19643,15
12145,19745,1
12145,19767,4
12145,19770,2
12145,19771,1
12145,19773,5
12145,19776,2
12145,19779,3
12145,19780,2
12146,19570,2
12146,19571,50.5
12146,19572,69.5
12146,19573,21
12146,19574,1
12146,19576,4.5
12146,19579,2
12146,19580,9.5
12146,19587,4
12146,19589,17
12146,19590,21
12146,19593,2
12146,19598,10
12146,19600,91
12146,19601,18
12146,19602,40
12146,19603,20
12146,19606,5
12146,19607,9
12146,19608,13
12146,19609,2
12146,19621,7
12146,19622,1
12146,19626,2
12146,19636,11
12146,19638,1
12146,19639,3
12146,19643,2
12146,19646,2
12146,19715,2
12146,19744,1
12146,19774,2
12146,19776,4
12146,19777,2
12146,19793,1
12147,19572,53.5
12147,19573,19
12147,19576,2.5
12147,19577,3
12147,19578,6
12147,19579,6
12147,19584,1
12147,19586,3
12147,19587,5
12147,19588,8
12147,19589,4
12147,19590,96
12147,19591,37
12147,19592,12
12147,19593,6
12147,19596,3
12147,19597,4
12147,19599,12
12147,19600,13
12147,19601,28
12147,19602,58
12147,19603,12
12147,19604,4
12147,19606,3
12147,19607,40.5
12147,19608,96
12147,19609,6
12147,19610,3
12147,19611,5
12147,19612,1
12147,19621,2
12147,19622,2
12147,19625,4
12147,19627,5
12147,19631,8.5
12147,19632,9
12147,19633,2
12147,19635,5
12147,19636,6
12147,19637,4
12147,19638,1
12147,19646,6
12147,19647,5
12147,19648,2
12147,19656,2
12147,19657,16
12147,19793,1
12148,19573,2
12148,19575,6
12148,19576,13
12148,19577,8
12148,19579,1
12148,19586,4
12148,19587,2
12148,19590,89
12148,19591,152
12148,19592,51
12148,19593,30
12148,19595,1
12148,19599,10
12148,19601,46
12148,19602,10
12148,19603,9
12148,19604,28
12148,19605,35.5
12148,19606,55
12148,19607,89.5
12148,19608,109
12148,19609,78.5
12148,19610,8
12148,19611,4
12148,19620,14
12148,19621,4
12148,19623,13
12148,19632,11.5
12148,19634,2
12148,19635,2
12148,19638,3
12148,19640,2
12148,19643,3
12148,19644,4
12148,19647,3
12148,19656,1
12148,19657,2
12148,19662,2
12148,19663,4
12148,19685,1
12148,19714,2
12148,19715,3
12148,19749,2
12148,19777,1
12148,19778,5
12149,19568,2
12149,19569,2
12149,19576,4
12149,19579,4
12149,19580,1
12149,19587,2
12149,19588,47
12149,19589,1
12149,19590,39
12149,19591,52.5
12149,19592,170.5
12149,19593,31
12149,19594,11
12149,19597,2
12149,19598,9
12149,19601,72.5
12149,19602,17
12149,19603,59.5
12149,19604,52
12149,19605,46
12149,19606,114.5
12149,19607,56
12149,19608,20
12149,19609,20
12149,19610,6.5
12149,19611,4
12149,19615,8
12149,19626,4
12149,19627,18.5
12149,19634,2
12149,19638,4
12149,19641,4
12149,19647,12
12149,19648,2
12149,19659,4
12149,19668,3
12149,19696,2
12149,19715,2
12149,19768,1
12149,19769,6
12149,19770,1
12149,19780,2
12149,19781,4
12149,19782,1
12150,19568,4
12150,19571,4
12150,19574,7
12150,19576,3
12150,19577,25
12150,19578,50.5
12150,19579,18
12150,19584,8
12150,19587,13
12150,19588,89.5
12150,19589,316.5
12150,19590,49
12150,19591,29
12150,19592,24
12150,19593,1
12150,19596,4
12150,19598,16
12150,19600,2
12150,19601,27
12150,19602,61.5
12150,19603,185.5
12150,19604,136
12150,19605,28
12150,19606,15.5
12150,19607,27
12150,19611,7
12150,19622,3
12150,19626,2
12150,19627,5
12150,19628,2
12150,19631,1
12150,19633,4
12150,19635,2
12150,19636,4
12150,19637,2
12150,19638,5
12150,19641,4
12150,19647,11
12150,19649,4
12150,19663,5
12150,19770,1
12150,19776,4
12150,19777,1
12150,19782,6
12150,19783,1
12151,19568,5
12151,19571,7.5
12151,19575,4
12151,19576,22.5
12151,19577,9
12151,19578,19
12151,19579,9
12151,19580,2
12151,19585,1
12151,19588,4
12151,19590,6
12151,19591,18
12151,19592,10
12151,19598,8
12151,19599,3
12151,19600,5
12151,19601,1
12151,19602,14
12151,19603,11
12151,19604,67
12151,19605,74
12151,19606,94
12151,19607,46
12151,19608,2
12151,19609,5
12151,19618,2
12151,19621,3
12151,19624,6
12151,19626,2
12151,19630,3.5
12151,19637,3
12151,19638,1
12151,19644,5
12151,19646,1
12151,19647,26
12151,19648,5
12151,19649,6
12151,19657,3
12151,19663,2
12151,19667,1
12151,19769,1
12152,19571,6
12152,19576,6
12152,19577,60
12152,19578,7
12152,19579,6
12152,19580,3
12152,19582,3
12152,19583,3
12152,19585,4
12152,19586,27
12152,19587,34
12152,19588,64
12152,19597,1
12152,19599,1
12152,19601,12.5
12152,19602,73
12152,19603,10.5
12152,19604,104
12152,19605,90
12152,19606,56
12152,19607,72
12152,19611,4
12152,19615,2
12152,19618,2
12152,19621,8
12152,19622,6
12152,19624,5
12152,19625,3
12152,19627,3
12152,19634,27
12152,19635,17
12152,19636,47
12152,19637,13
12152,19640,3
12152,19644,8
12152,19646,21
12152,19647,28
12152,19648,4
12152,19649,1
12152,19657,2
12152,19659,3
12152,19667,7
12152,19780,1
12153,19573,8
12153,19574,20
12153,19576,45
12153,19577,110.5
12153,19578,47.5
12153,19579,75.5
12153,19580,93
12153,19581,11
12153,19582,13
12153,19586,3.5
12153,19587,3
12153,19588,3
12153,19589,27
12153,19595,3
12153,19600,3
12153,19601,10
12153,19602,28
12153,19603,22.5
12153,19604,99
12153,19605,113.5
12153,19606,199.5
12153,19607,3
12153,19608,3
12153,19610,6
12153,19611,3
12153,19612,4
12153,19613,8
12153,19614,2.5
12153,19615,5
12153,19618,2
12153,19619,3
12153,19620,4
12153,19631,7
12153,19632,4
12153,19633,1
12153,19634,10
12153,19635,89
12153,19636,53
12153,19637,3
12153,19639,5
12153,19642,7
12153,19643,4
12153,19646,2
12153,19647,3
12153,19649,11
12153,19650,3
12153,19657,15
12153,19658,36
12153,19659,12
12153,19660,20
12153,19661,2
12153,19794,2
12154,19574,18
12154,19575,21
12154,19576,155.5
12154,19577,129.5
12154,19578,141
12154,19579,122.5
12154,19580,235.5
12154,19581,13
12154,19583,16
12154,19585,4
12154,19591,6
12154,19594,1
12154,19599,4
12154,19600,14
12154,19601,8
12154,19602,35
12154,19603,132
12154,19604,83
12154,19605,71
12154,19606,39.5
12154,19609,5
12154,19610,9.5
12154,19611,7
12154,19612,9
12154,19613,3
12154,19616,4
12154,19618,2
12154,19620,6
12154,19624,7
12154,19629,7
12154,19633,8
12154,19635,65
12154,19636,77
12154,19637,59
12154,19638,94
12154,19639,13.5
12154,19640,3
12154,19641,6
12154,19642,8
12154,19643,3
12154,19644,2
12154,19646,3
12154,19649,4
12154,19650,4
12154,19653,1
12154,19657,7
12154,19658,112
12154,19659,20.5
12154,19660,5
12154,19684,6
12154,19701,6
12154,19769,3
12154,19796,1
12155,19575,38
12155,19577,113.5
12155,19578,73
12155,19579,276
12155,19580,32
12155,19582,4
12155,19584,2
12155,19585,2
12155,19587,1
12155,19594,2
12155,19596,2
12155,19600,2.5
12155,19601,6
12155,19602,27
12155,19603,55.5
12155,19604,49
12155,19605,93
12155,19606,6
12155,19607,2
12155,19609,2
12155,19614,3
12155,19615,4
12155,19622,3
12155,19626,4
12155,19633,2
12155,19634,7
12155,19635,17.5
12155,19636,51
12155,19637,19
12155,19638,4
12155,19639,4
12155,19641,6
12155,19649,2
12155,19650,2
12155,19651,3
12155,19657,11
12155,19658,14.5
12155,19666,4
12155,19667,3
12155,19668,9
12155,19672,6
12155,19781,3
12155,19795,6
12155,19796,4
12156,19574,3
12156,19575,163
12156,19576,3
12156,19577,226.5
12156,19578,188
12156,19579,92
12156,19580,29
12156,19581,39
12156,19582,57
12156,19586,1
12156,19587,2
12156,19597,7
12156,19603,22
12156,19604,6
12156,19605,12
12156,19607,4
12156,19608,8
12156,19611,1.5
12156,19619,2
12156,19626,2
12156,19633,4
12156,19634,2
12156,19635,4
12156,19638,2
12156,19640,2
12156,19641,1
12156,19646,6
12156,19648,4
12156,19649,2
12156,19650,1
12156,19651,3
12156,19652,4
12156,19658,15
12156,19659,2
12156,19661,4
12156,19668,2
12156,19701,4
12156,19795,8
12157,19574,121.5
12157,19575,177.5
12157,19576,37.5
12157,19577,155.5
12157,19578,90.5
12157,19579,128.5
12157,19580,103
12157,19581,198
12157,19582,89
12157,19583,3
12157,19586,4
12157,19589,1
12157,19590,12
12157,19597,3
12157,19599,4
12157,19600,1
12157,19603,5
12157,19604,9
12157,19605,1
12157,19607,4
12157,19608,12
12157,19609,7
12157,19610,4
12157,19612,1
12157,19615,3
12157,19617,7
12157,19618,2
12157,19620,3
12157,19625,1
12157,19626,4
12157,19628,9
12157,19630,4
12157,19632,4
12157,19633,4
12157,19641,1
12157,19645,3
12157,19646,2
12157,19649,13
12157,19650,2
12157,19656,1
12157,19657,2
12157,19658,12
12157,19716,1
12157,19773,2
12157,19774,20
12157,19775,3
12157,19795,11
12158,19573,6
12158,19575,175
12158,19577,143.5
12158,19578,114.5
12158,19579,258.5
12158,19580,205.5
12158,19581,38
12158,19582,104.5
12158,19583,15
12158,19586,4
12158,19590,4
12158,19595,7
12158,19600,12
12158,19602,3
12158,19603,1
12158,19604,5
12158,19608,3
12158,19610,9.5
12158,19611,6
12158,19621,10
12158,19623,12
12158,19626,3
12158,19627,1
12158,19628,2
12158,19635,5
12158,19646,5
12158,19647,2
12158,19648,6
12158,19649,1
12158,19650,2
12158,19653,2
12158,19655,4
12158,19657,1
12158,19658,15
12158,19661,5
12158,19699,3
12158,19700,14
12158,19772,14.5
12158,19773,37
12158,19774,38
12158,19775,30
12159,19573,4
12159,19575,34
12159,19576,30
12159,19577,181.5
12159,19578,78
12159,19579,127
12159,19580,98.5
12159,19581,244.5
12159,19582,172
12159,19583,57
12159,19585,9
12159,19586,6
12159,19594,26
12159,19596,1
12159,19598,2
12159,19599,7
12159,19600,4
12159,19606,5
12159,19607,3
12159,19616,4
12159,19617,10
12159,19622,2
12159,19632,4
12159,19642,2
12159,19644,2
12159,19646,6
12159,19648,4
12159,19649,2.5
12159,19651,4
12159,19652,6
12159,19657,3
12159,19658,2
12159,19684,4
12159,19690,3
12159,19691,2
12159,19699,2
12159,19700,14
12159,19772,3
12159,19773,3
12159,19774,25.5
12159,19775,13.5
12159,19787,5
12159,19796,4
12160,19575,5
12160,19576,54.5
12160,19577,15
12160,19578,355
12160,19579,154
12160,19581,35
12160,19582,194
12160,19583,49
12160,19584,15
12160,19587,2
12160,19592,2
12160,19597,5
12160,19599,4
12160,19601,5
12160,19602,14
12160,19603,8
12160,19605,3
12160,19612,8
12160,19617,2
12160,19618,3
12160,19621,6
12160,19622,8
12160,19623,2
12160,19624,3
12160,19625,9
12160,19628,2
12160,19633,9
12160,19635,10
12160,19636,3
12160,19637,6
12160,19643,2
12160,19644,2
12160,19645,2
12160,19646,1
12160,19650,7
12160,19651,2
12160,19652,2
12160,19656,3
12160,19657,3
12160,19772,13
12161,19576,1
12161,19577,5
12161,19578,152.5
12161,19579,202
12161,19580,45
12161,19581,163
12161,19582,189.5
12161,19584,13
12161,19587,2
12161,19588,3.5
12161,19598,2
12161,19599,3
12161,19600,8
12161,19601,6
12161,19602,5
12161,19606,1
12161,19607,3
12161,19610,3
12161,19613,6
12161,19616,2
12161,19619,5
12161,19627,9
12161,19628,10
12161,19629,4
12161,19632,3
12161,19634,3
12161,19635,11
12161,19636,3
12161,19637,1
12161,19642,2
12161,19643,3
12161,19649,3
12161,19651,2
12161,19652,1
12161,19653,3.5
12161,19654,3
12161,19656,2
12161,19657,2
12161,19688,6
12161,19754,2
12161,19755,2
12161,19771,5
12161,19772,7
12161,19797,2
12162,19576,2
12162,19578,141
12162,19579,61
12162,19580,249
12162,19581,293
12162,19582,97
12162,19583,18
12162,19584,13
12162,19595,10
12162,19600,8
12162,19602,15
12162,19608,17
12162,19611,1
12162,19612,1
12162,19616,2
12162,19617,6
12162,19619,3
12162,19620,9
12162,19621,5
12162,19622,9
12162,19623,5
12162,19631,4
12162,19633,1
12162,19637,10
12162,19638,5
12162,19639,2
12162,19641,2
12162,19642,2
12162,19643,2
12162,19645,2
12162,19649,4
12162,19651,1
12162,19656,3
12162,19670,6.5
12162,19756,5
12162,19797,17
12163,19577,31
12163,19578,46
12163,19579,40
12163,19580,123
12163,19581,246
12163,19582,58
12163,19583,18
12163,19584,17
12163,19588,1
12163,19589,2
12163,19592,12
12163,19595,4
12163,19596,3
12163,19598,19.5
12163,19599,4
12163,19601,4
12163,19602,9
12163,19604,2
12163,19605,1
12163,19607,2
12163,19610,2
12163,19611,3
12163,19612,7
12163,19614,1
12163,19615,4
12163,19617,8.5
12163,19618,14.5
12163,19619,2
12163,19620,6
12163,19621,7
12163,19622,6
12163,19623,4
12163,19624,3
12163,19626,3
12163,19630,1
12163,19631,5
12163,19635,2
12163,19637,15
12163,19640,2
12163,19641,3
12163,19642,1
12163,19643,2
12163,19646,2
12163,19647,1
12163,19648,4
12163,19652,1
12163,19657,6
12163,19660,1
12163,19661,5
12163,19662,6
12163,19663,1
12163,19774,5
12163,19787,3
12164,19576,5
12164,19577,24
12164,19578,28
12164,19579,107.5
12164,19580,92.5
12164,19581,164
12164,19582,5
12164,19583,5
12164,19584,25
12164,19592,5
12164,19596,6
12164,19597,4
12164,19599,5
12164,19601,1
12164,19606,2
12164,19611,2
12164,19614,4
12164,19618,2
12164,19619,1.5
12164,19620,5
12164,19621,2
12164,19622,1
12164,19623,4
12164,19626,5
12164,19627,2
12164,19628,1
12164,19635,7
12164,19636,4
12164,19637,14
12164,19639,3
12164,19646,1
12164,19648,3
12164,19649,4.5
12164,19650,5
12164,19654,4
12164,19663,4
12164,19669,4
12164,19676,1
12164,19773,2
12164,19780,2
12164,19781,8.5
12164,19782,2
12164,19788,2
12164,19797,2
12164,19798,5
12165,19575,3
12165,19576,11
12165,19579,15.5
12165,19580,21
12165,19590,2
12165,19592,1
12165,19598,4
12165,19602,3
12165,19610,5
12165,19611,1
12165,19612,2
12165,19614,1
12165,19615,4
12165,19618,2
12165,19619,1
12165,19620,6
12165,19622,4
12165,19624,2
12165,19636,2
12165,19637,5
12165,19639,6
12165,19641,7
12165,19642,3
12165,19645,1
12165,19647,3
12165,19649,3
12165,19652,3
12165,19653,2
12165,19654,1
12165,19658,3
12165,19660,6
12165,19661,2
12165,19663,29.5
12165,19664,27
12165,19665,9
12165,19669,6
12165,19788,4
12165,19798,7
12166,19576,2
12166,19577,20
12166,19580,7
12166,19586,3.5
12166,19587,4
12166,19588,5
12166,19591,2
12166,19597,7
12166,19598,5
12166,19599,5
12166,19605,3
12166,19606,5
12166,19611,6
12166,19614,14
12166,19615,13
12166,19617,9
12166,19619,7
12166,19620,2
12166,19621,1
12166,19626,2
12166,19632,3
12166,19633,12
12166,19634,3
12166,19635,16.5
12166,19637,8
12166,19638,7
12166,19639,8
12166,19643,2
12166,19644,2
12166,19645,9
12166,19647,2
12166,19648,1
12166,19649,4
12166,19650,4
12166,19659,8
12166,19660,4
12166,19663,3
12166,19664,14
12166,19665,10
12166,19667,8.5
12166,19668,20
12166,19669,2
12166,19674,3
12166,19676,5
12166,19677,2
12166,19760,1
12166,19789,1
12166,19797,1
12166,19798,11
12167,19577,5.5
12167,19580,6
12167,19584,4
12167,19589,6
12167,19591,2
12167,19592,4
12167,19594,3
12167,19595,6
12167,19596,8
12167,19597,1
12167,19598,14
12167,19599,5
12167,19602,3
12167,19607,8
12167,19614,41.5
12167,19619,1
12167,19620,2
12167,19621,2
12167,19622,10
12167,19624,7
12167,19627,2
12167,19629,21
12167,19630,3
12167,19633,35
12167,19634,17
12167,19635,135.5
12167,19636,56
12167,19637,71
12167,19638,32
12167,19639,13.5
12167,19640,2
12167,19641,1
12167,19642,2
12167,19643,4
12167,19650,1
12167,19655,3
12167,19656,11
12167,19666,15
12167,19667,10
12167,19668,5
12167,19674,1
12167,19675,6
12167,19676,1
12167,19677,6
12167,19679,1
12167,19680,1
12167,19681,8
12167,19691,2
12167,19798,2
12168,19577,13
12168,19578,6
12168,19580,1
12168,19587,7
12168,19589,2
12168,19590,3
12168,19593,2.5
12168,19594,3
12168,19596,10
12168,19597,7
12168,19598,2
12168,19605,9
12168,19607,9.5
12168,19608,3
12168,19611,5
12168,19612,2
12168,19613,20.5
12168,19614,21
12168,19615,7
12168,19616,2
12168,19617,1
12168,19619,5
12168,19621,4
12168,19623,2
12168,19627,7
12168,19628,5
12168,19630,1
12168,19631,5
12168,19632,37
12168,19633,147.5
12168,19634,12
12168,19635,73
12168,19636,30
12168,19637,70.5
12168,19638,64.5
12168,19639,4
12168,19641,7
12168,19646,3
12168,19653,5
12168,19654,1
12168,19656,5
12168,19657,1
12168,19662,1
12168,19663,8
12168,19664,21
12168,19665,27
12168,19666,82.5
12168,19667,1
12168,19674,7
12168,19678,4
12168,19690,2
12168,19778,3
12168,19800,2.5
12169,19578,4
12169,19586,3
12169,19590,5
12169,19592,2
12169,19594,4
12169,19595,4
12169,19597,2
12169,19605,2
12169,19606,3
12169,19608,1
12169,19609,10
12169,19610,4
12169,19611,9
12169,19612,71.5
12169,19613,38.5
12169,19614,20.5
12169,19617,5
12169,19618,3
12169,19621,7
12169,19622,5
12169,19623,11
12169,19625,3
12169,19627,1
12169,19631,12
12169,19632,60
12169,19633,92
12169,19634,62.5
12169,19635,84
12169,19636,279.5
12169,19637,203
12169,19638,15
12169,19645,5.5
12169,19665,7
12169,19666,12
12169,19667,2
12169,19678,4
12169,19776,2
12169,19777,1
12169,19778,1
12169,19779,2
12170,19579,1
12170,19585,2
12170,19586,13.5
12170,19589,10
12170,19590,1
12170,19591,2
12170,19595,2
12170,19596,4
12170,19597,1
12170,19606,20.5
12170,19608,10
12170,19609,18
12170,19611,97.5
12170,19612,120.5
12170,19613,73
12170,19614,7
12170,19616,1
12170,19617,12
12170,19620,12
12170,19622,4
12170,19623,7
12170,19624,9
12170,19625,8
12170,19628,2
12170,19629,1
12170,19631,9
12170,19632,217.5
12170,19633,10
12170,19634,101
12170,19635,133
12170,19636,296
12170,19639,2
12170,19640,5
12170,19648,3
12170,19651,2
12170,19652,5
12170,19653,5
12170,19654,2
12170,19658,7
12170,19665,2
12170,19667,5
12170,19673,2
12170,19680,4
12171,19576,5
12171,19579,1
12171,19580,3
12171,19581,7
12171,19582,16
12171,19593,20
12171,19594,7
12171,19596,2
12171,19597,1
12171,19603,8
12171,19604,3
12171,19605,26
12171,19606,71
12171,19607,71.5
12171,19608,86
12171,19609,44
12171,19610,56.5
12171,19611,101
12171,19612,107
12171,19613,76
12171,19614,10
12171,19615,6
12171,19616,13
12171,19617,7
12171,19621,1
12171,19622,3
12171,19623,2
12171,19624,4
12171,19627,15
12171,19630,5
12171,19631,4
12171,19632,14
12171,19633,41
12171,19634,57
12171,19635,86
12171,19636,138
12171,19637,19
12171,19638,32
12171,19639,17.5
12171,19640,13
12171,19642,3
12171,19644,4
12171,19645,2
12171,19646,9
12171,19648,5
12171,19652,2
12171,19655,2
12171,19658,28.5
12171,19674,7
12171,19676,2
12171,19678,6
12171,19689,2
12171,19697,2
12171,19704,2
12171,19705,4
12171,19800,4
12172,19572,19
12172,19581,1
12172,19584,21
12172,19585,3
12172,19586,5
12172,19590,2
12172,19593,3
12172,19598,2
12172,19603,3
12172,19604,5
12172,19605,3
12172,19606,48
12172,19607,82.5
12172,19608,92
12172,19609,50
12172,19610,49.5
12172,19611,129.5
12172,19612,81
12172,19613,75
12172,19614,11
12172,19615,2
12172,19616,1.5
12172,19617,6
12172,19618,2
12172,19622,5
12172,19623,8
12172,19624,2
12172,19626,2
12172,19628,3
12172,19630,16.5
12172,19631,7
12172,19632,21
12172,19633,75.5
12172,19634,88
12172,19635,151
12172,19636,70.5
12172,19637,48
12172,19638,37
12172,19639,52.5
12172,19640,6
12172,19642,2
12172,19646,13
12172,19653,5
12172,19655,2
12172,19657,4
12172,19658,2
12172,19667,4
12172,19669,2
12172,19673,16
12172,19674,1
12172,19681,1
12172,19704,1
12172,19706,1
12172,19796,2
12172,19799,1
12173,19580,101
12173,19581,1
12173,19582,8.5
12173,19583,1
12173,19584,29
12173,19586,9
12173,19587,2
12173,19596,3
12173,19598,5
12173,19601,1
12173,19602,7.5
12173,19603,20
12173,19604,2
12173,19606,6
12173,19607,84
12173,19608,73
12173,19609,88.5
12173,19610,43
12173,19611,56
12173,19612,83
12173,19613,30
12173,19614,23
12173,19617,2
12173,19622,5
12173,19624,2
12173,19626,2
12173,19628,2
12173,19629,1
12173,19630,6
12173,19631,4
12173,19632,12
12173,19633,56.5
12173,19634,39
12173,19635,9
12173,19636,74
12173,19637,35
12173,19638,9
12173,19642,1
12173,19643,2
12173,19644,4
12173,19649,7
12173,19650,5
12173,19652,3
12173,19656,1
12173,19664,2
12173,19665,3
12173,19667,12
12173,19668,4
12173,19669,9
12173,19672,25
12173,19673,21
12173,19674,3
12173,19706,1
12173,19732,5
12173,19801,3
12174,19578,6
12174,19582,8
12174,19583,2
12174,19584,24
12174,19585,4
12174,19592,8
12174,19597,12.5
12174,19598,2
12174,19601,2
12174,19603,13
12174,19606,6
12174,19607,53.5
12174,19608,53
12174,19609,106.5
12174,19610,24.5
12174,19611,22
12174,19612,27
12174,19620,4
12174,19621,3
12174,19625,2
12174,19628,2
12174,19630,7
12174,19632,4
12174,19635,14
12174,19636,67
12174,19637,4
12174,19638,3
12174,19639,7
12174,19640,33
12174,19641,28
12174,19642,15
12174,19643,2
12174,19645,2
12174,19647,14
12174,19652,6
12174,19668,2
12174,19669,25
12174,19670,1
12174,19671,11
12174,19672,59
12174,19673,19
12174,19732,4
12174,19733,4
12174,19796,4
12175,19576,2
12175,19580,2
12175,19581,2
12175,19582,2
12175,19583,2
12175,19584,26
12175,19585,2
12175,19586,3
12175,19590,3
12175,19596,2
12175,19598,4
12175,19603,4
12175,19604,4
12175,19605,9
12175,19607,7
12175,19608,45
12175,19609,47.5
12175,19610,14.5
12175,19611,10
12175,19612,24.5
12175,19613,14
12175,19616,15
12175,19626,3
12175,19629,3
12175,19630,8.5
12175,19633,3
12175,19634,2
12175,19635,67
12175,19636,47
12175,19637,1
12175,19639,13
12175,19640,104
12175,19641,105
12175,19642,107
12175,19643,2
12175,19644,4
12175,19645,3
12175,19647,2
12175,19648,30
12175,19649,97.5
12175,19650,27
12175,19656,4
12175,19659,2
12175,19660,1
12175,19665,3
12175,19667,3
12175,19668,8
12175,19669,57.5
12175,19670,55
12175,19671,59
12175,19672,37.5
12175,19673,4
12175,19733,21
12175,19736,1
12175,19792,2
12176,19583,38
12176,19584,157
12176,19592,2
12176,19598,8
12176,19605,21
12176,19606,2
12176,19607,2
12176,19608,6
12176,19609,11
12176,19611,12
12176,19612,7
12176,19613,18.5
12176,19617,1
12176,19619,2
12176,19623,3
12176,19625,4
12176,19626,9
12176,19627,3
12176,19631,3
12176,19632,5
12176,19633,2
12176,19634,3
12176,19640,68.5
12176,19641,32
12176,19642,69.5
12176,19643,26
12176,19644,3
12176,19646,4
12176,19647,6
12176,19648,10
12176,19649,76.5
12176,19650,42.5
12176,19663,2
12176,19664,3
12176,19668,11
12176,19669,5
12176,19670,5
12176,19671,20
12176,19714,2
12176,19732,1
12176,19733,3
12176,19800,8
12177,19576,3
12177,19577,22
12177,19578,18
12177,19582,1
12177,19583,115
12177,19584,118.5
12177,19585,1
12177,19587,6
12177,19591,4
12177,19592,68.5
12177,19593,3
12177,19596,19
12177,19597,132
12177,19598,4
12177,19606,6
12177,19607,9
12177,19608,4
12177,19611,16
12177,19613,2
12177,19620,3
12177,19621,4
12177,19622,7
12177,19623,1
12177,19624,4
12177,19625,5
12177,19626,2
12177,19627,3
12177,19628,1
12177,19629,6
12177,19634,8
12177,19636,1
12177,19639,3
12177,19642,8
12177,19643,8
12177,19650,2
12177,19651,2
12177,19654,4
12177,19668,4
12177,19669,2
12177,19670,6
12177,19679,4
12177,19733,1
12177,19800,7
12178,19578,2
12178,19581,74
12178,19582,396
12178,19583,133.5
12178,19584,37
12178,19585,4
12178,19586,2
12178,19590,2
12178,19591,46
12178,19592,170
12178,19593,118
12178,19594,10
12178,19596,80.5
12178,19597,151.5
12178,19598,29
12178,19599,1
12178,19603,3
12178,19605,1
12178,19609,1
12178,19612,1
12178,19613,2
12178,19614,2
12178,19618,1
12178,19623,3
12178,19624,4
12178,19626,2
12178,19631,1
12178,19634,1
12178,19636,1
12178,19643,4
12178,19646,5
12178,19647,16
12178,19648,22
12178,19649,10
12178,19650,3
12178,19653,4
12178,19654,1
12178,19657,7
12178,19658,3
12178,19662,6
12178,19664,2
12178,19665,3
12178,19666,7
12178,19668,2
12178,19799,4
12179,19581,105
12179,19582,313.5
12179,19583,74
12179,19584,272
12179,19585,36
12179,19586,8
12179,19589,30
12179,19590,68
12179,19591,59
12179,19592,344
12179,19593,26
12179,19595,52.5
12179,19596,142
12179,19597,110.5
12179,19598,33
12179,19599,2
12179,19602,5
12179,19603,33
12179,19607,2
12179,19609,2
12179,19619,4
12179,19620,6
12179,19628,2
12179,19631,2
12179,19637,4
12179,19639,2
12179,19642,18
12179,19644,15
12179,19646,1
12179,19647,4
12179,19648,11
12179,19649,19
12179,19650,2
12179,19661,5
12179,19662,2
12179,19663,6
12179,19671,4
12179,19672,4
12179,19678,1
12179,19683,1
12179,19726,3
12179,19799,28
12179,19800,19
12180,19581,130
12180,19582,241
12180,19583,230
12180,19584,85
12180,19585,151.5
12180,19586,11
12180,19587,8
12180,19588,20
12180,19589,100
12180,19590,58.5
12180,19591,7
12180,19593,60
12180,19594,75
12180,19595,98
12180,19596,47
12180,19603,4
12180,19605,3
12180,19609,10
12180,19610,2
12180,19611,4
12180,19612,8
12180,19614,5
12180,19619,2
12180,19620,4
12180,19621,3
12180,19622,4.5
12180,19624,2
12180,19626,3
12180,19632,7
12180,19633,2
12180,19648,2
12180,19649,15
12180,19650,21
12180,19654,2
12180,19657,4
12180,19659,2
12180,19665,1
12180,19799,23.5
12180,19800,23.5
12181,19581,425
12181,19582,497
12181,19583,582.5
12181,19584,150
12181,19585,224.5
12181,19586,201.5
12181,19587,153.5
12181,19588,178.5
12181,19589,112
12181,19590,85.5
12181,19591,19
12181,19593,102
12181,19594,27
12181,19595,28.5
12181,19596,6
12181,19599,2
12181,19604,4
12181,19606,4
12181,19607,2
12181,19608,3
12181,19609,9
12181,19613,6
12181,19620,14
12181,19621,113.5
12181,19622,7
12181,19624,2
12181,19634,2
12181,19638,5
12181,19639,4
12181,19640,6
12181,19645,2
12181,19648,22.5
12181,19652,2
12181,19654,2
12181,19657,4
12181,19661,2
12181,19668,2
12181,19682,1
12181,19724,1
12181,19799,6
12181,19800,4
12182,19581,156
12182,19582,275.5
12182,19583,287.5
12182,19584,386
12182,19585,242
12182,19586,86.5
12182,19587,190
12182,19588,267
12182,19589,145
12182,19590,50
12182,19591,71
12182,19592,68
12182,19593,8
12182,19594,2
12182,19595,2
12182,19599,17
12182,19601,5
12182,19604,4
12182,19608,4
12182,19609,5
12182,19612,3
12182,19613,18
12182,19620,27
12182,19621,53
12182,19626,10
12182,19630,2
12182,19636,2
12182,19637,2
12182,19645,3
12182,19652,2
12182,19654,3
12182,19660,3
12182,19662,2
12182,19663,2
12182,19665,2
12182,19668,2
12182,19673,3
12182,19735,4
12182,19799,3
12183,19581,2
12183,19582,117
12183,19583,450.5
12183,19584,372.5
12183,19585,170.5
12183,19586,178.5
12183,19587,99
12183,19588,258.5
12183,19589,285.5
12183,19590,328
12183,19591,201.5
12183,19592,177
12183,19593,76.5
12183,19594,262
12183,19597,4
12183,19599,28
12183,19600,6
12183,19603,9
12183,19604,3
12183,19605,1
12183,19608,1
12183,19609,4
12183,19620,20
12183,19621,16
12183,19625,1
12183,19632,2
12183,19639,7
12183,19650,7
12183,19662,1
12183,19667,2
12183,19674,2
12183,19694,3
12183,19754,4
12183,19783,5
12184,19581,1
12184,19582,141
12184,19583,363
12184,19584,205
12184,19585,303
12184,19586,185
12184,19587,87
12184,19588,151.5
12184,19589,476.5
12184,19590,418.5
12184,19591,321
12184,19592,287.5
12184,19593,127.5
12184,19594,237.5
12184,19595,37
12184,19596,79
12184,19597,4
12184,19599,12
12184,19600,10
12184,19601,12
12184,19603,2
12184,19605,8
12184,19608,2
12184,19610,2
12184,19611,1
12184,19615,1
12184,19616,1
12184,19621,8
12184,19622,4
12184,19625,7
12184,19627,4
12184,19632,5
12184,19636,6
12184,19639,1
12184,19640,11
12184,19645,3
12184,19656,3
12184,19658,5
12184,19659,9
12184,19660,7
12184,19665,2
12184,19666,2
12184,19669,5
12184,19670,3
12184,19671,7
12184,19676,1
12184,19799,2.5
12185,19582,31
12185,19583,136.5
12185,19584,362.5
12185,19585,217.5
12185,19586,114.5
12185,19587,316.5
12185,19588,84
12185,19589,220.5
12185,19590,268
12185,19591,109
12185,19592,351.5
12185,19593,162.5
12185,19594,100.5
12185,19595,46.5
12185,19596,71
12185,19597,29
12185,19598,7
12185,19599,2
12185,19600,7
12185,19601,10
12185,19602,203
12185,19605,14.5
12185,19610,4
12185,19611,2
12185,19613,12
12185,19614,3
12185,19615,4
12185,19616,5
12185,19621,5.5
12185,19626,2
12185,19631,7
12185,19634,2
12185,19635,13
12185,19636,4
12185,19637,2
12185,19638,12
12185,19639,46
12185,19640,58
12185,19644,1
12185,19646,1
12185,19652,1
12185,19659,9
12185,19660,2
12185,19661,4
12185,19663,5
12185,19668,3
12185,19669,5
12185,19672,5.5
12185,19674,5
12185,19682,1
12185,19684,2
12185,19799,4
12186,19582,1
12186,19583,77.5
12186,19584,400.5
12186,19585,23
12186,19586,169
12186,19587,227
12186,19588,217.5
12186,19589,272.5
12186,19590,231
12186,19591,182.5
12186,19592,398.5
12186,19593,174.5
12186,19594,4
12186,19595,5
12186,19596,30
12186,19597,10.5
12186,19601,78
12186,19602,205.5
12186,19603,181.5
12186,19604,3
12186,19605,6
12186,19606,7
12186,19609,2
12186,19614,4
12186,19615,8
12186,19621,9
12186,19622,8
12186,19633,3
12186,19635,9
12186,19636,8
12186,19637,4
12186,19639,72
12186,19640,8
12186,19642,3
12186,19643,9
12186,19644,5
12186,19646,6
12186,19650,5
12186,19659,2
12186,19663,8
12186,19668,3
12186,19669,2
12186,19670,6
12186,19672,3
12186,19675,6
12186,19676,2
12186,19677,2
12186,19773,2
12186,19784,3
12186,19799,1
12186,19800,15
12187,19579,21
12187,19581,4
12187,19582,9
12187,19583,5
12187,19584,326
12187,19585,99
12187,19586,221
12187,19587,418
12187,19588,310
12187,19589,232.5
12187,19590,306.5
12187,19591,204.5
12187,19592,238.5
12187,19593,315.5
12187,19594,100.5
12187,19595,80
12187,19596,75.5
12187,19598,277
12187,19599,219
12187,19600,84
12187,19601,102
12187,19602,228
12187,19603,173
12187,19604,5
12187,19606,3
12187,19607,8
12187,19609,6
12187,19610,4
12187,19617,2
12187,19621,9
12187,19624,4
12187,19629,1
12187,19631,2
12187,19634,3
12187,19637,35
12187,19638,4
12187,19639,123
12187,19640,43.5
12187,19642,14
12187,19645,5
12187,19646,8
12187,19651,3
12187,19652,10
12187,19657,9
12187,19659,2
12187,19663,1
12187,19664,2
12187,19666,16
12187,19669,5
12187,19675,38
12187,19676,17.5
12187,19677,26
12187,19678,23
12187,19689,4
12187,19690,6
12187,19719,8
12187,19723,2
12187,19799,1
12187,19800,3
12188,19580,1
12188,19582,15
12188,19583,92.5
12188,19584,211.5
12188,19585,368
12188,19586,402
12188,19587,218.5
12188,19588,268
12188,19589,507
12188,19590,249.5
12188,19591,256
12188,19592,379
12188,19593,494
12188,19594,47.5
12188,19595,80
12188,19596,184
12188,19597,540
12188,19598,109
12188,19599,2
12188,19600,343
12188,19601,1
12188,19602,143
12188,19603,50
12188,19604,17
12188,19605,3
12188,19606,1
12188,19607,6
12188,19609,1
12188,19610,2
12188,19611,1
12188,19613,3
12188,19615,4
12188,19619,4
12188,19620,11.5
12188,19621,52
12188,19622,1
12188,19625,3
12188,19627,2
12188,19631,2
12188,19632,7
12188,19637,28
12188,19638,10.5
12188,19639,26
12188,19640,100
12188,19641,107.5
12188,19642,23
12188,19643,86
12188,19644,64.5
12188,19645,49
12188,19646,11
12188,19648,5
12188,19653,4
12188,19654,5
12188,19655,6
12188,19657,3
12188,19659,5
12188,19660,2
12188,19661,7
12188,19663,6
12188,19665,1
12188,19666,75
12188,19667,12
12188,19668,5
12188,19669,6
12188,19672,2
12188,19673,6
12188,19674,51
12188,19675,17
12188,19676,18
12188,19677,42
12188,19678,24
12188,19679,2
12188,19698,4
12188,19758,2
12188,19785,2
12188,19786,7
12188,19787,1
12188,19803,4
12189,19583,46
12189,19584,122
12189,19585,164
12189,19586,526
12189,19587,329
12189,19588,353
12189,19589,396
12189,19590,191.5
12189,19591,321.5
12189,19592,235.5
12189,19593,191
12189,19594,153.5
12189,19595,107.5
12189,19596,207
12189,19597,426
12189,19598,576.5
12189,19599,491
12189,19600,124
12189,19601,43.5
12189,19602,10
12189,19603,7
12189,19604,15
12189,19606,2
12189,19612,2
12189,19614,5
12189,19615,1
12189,19617,3
12189,19618,2
12189,19619,18
12189,19620,29
12189,19621,5
12189,19624,4
12189,19629,7
12189,19635,12
12189,19636,4
12189,19639,8
12189,19640,79.5
12189,19641,90
12189,19642,60
12189,19643,89.5
12189,19644,88
12189,19645,65
12189,19646,62
12189,19650,4
12189,19654,4
12189,19659,2
12189,19660,2
12189,19661,5
12189,19665,38.5
12189,19666,123
12189,19667,21
12189,19668,4
12189,19674,48
12189,19675,48.5
12189,19676,70
12189,19677,49
12189,19678,2
12189,19679,2
12189,19692,2
12189,19693,2
12189,19787,1
12189,19797,5
12189,19800,1
12189,19803,4
12190,19585,26
12190,19586,240
12190,19587,144
12190,19588,329
12190,19589,399
12190,19590,389.5
12190,19591,236
12190,19592,392
12190,19593,283
12190,19594,86
12190,19595,270
12190,19596,104.5
12190,19597,15
12190,19598,478.5
12190,19599,15
12190,19600,4
12190,19602,206
12190,19603,4
12190,19605,9
12190,19607,3
12190,19609,3
12190,19610,5
12190,19612,4
12190,19614,53
12190,19615,60
12190,19616,55
12190,19617,8
12190,19621,9
12190,19622,16
12190,19623,2
12190,19627,29
12190,19628,4
12190,19629,4
12190,19630,3
12190,19631,4
12190,19632,6
12190,19636,2
12190,19637,6
12190,19639,7
12190,19640,77
12190,19641,100
12190,19642,105
12190,19643,52
12190,19644,82.5
12190,19645,51
12190,19646,78
12190,19647,18
12190,19649,1
12190,19655,8
12190,19656,4
12190,19657,3
12190,19661,2
12190,19664,15
12190,19665,96
12190,19666,110.5
12190,19667,6
12190,19669,30
12190,19670,3
12190,19680,2
12190,19692,3
12190,19694,4
12190,19757,3
12190,19785,9.5
12190,19798,12
12190,19802,8
12190,19803,7
12191,19582,50.5
12191,19584,106
12191,19585,281
12191,19586,462
12191,19587,367
12191,19588,344
12191,19589,480
12191,19590,260
12191,19591,142.5
12191,19592,371.5
12191,19593,386.5
12191,19594,56.5
12191,19595,143
12191,19596,180
12191,19597,551
12191,19598,49
12191,19599,388.5
12191,19602,15
12191,19603,12
12191,19604,1
12191,19605,20
12191,19606,10
12191,19607,1
12191,19608,2
12191,19610,4
12191,19611,11
12191,19612,2
12191,19614,26
12191,19615,142
12191,19616,62
12191,19617,8
12191,19622,2
12191,19623,9
12191,19624,2
12191,19625,6
12191,19626,12
12191,19627,14
12191,19628,5.5
12191,19630,27
12191,19631,2
12191,19637,3
12191,19640,113
12191,19641,99.5
12191,19642,53.5
12191,19643,71
12191,19644,26
12191,19648,1
12191,19649,3
12191,19652,6
12191,19653,2
12191,19655,15
12191,19656,5
12191,19658,4
12191,19661,5
12191,19662,10.5
12191,19663,5
12191,19665,58.5
12191,19666,15
12191,19667,5
12191,19668,2
12191,19669,13
12191,19670,11
12191,19671,2
12191,19699,4
12191,19725,2
12191,19757,4
12191,19758,3
12191,19788,2.5
12191,19789,2
12191,19790,2
12191,19791,3
12191,19797,2
12191,19798,1
12191,19802,2
12191,19803,11
12191,19804,9
12192,19583,46
12192,19585,163
12192,19586,479.5
12192,19587,172
12192,19588,279.5
12192,19589,282
12192,19590,4
12192,19592,326.5
12192,19593,314.5
12192,19594,242
12192,19595,186
12192,19596,144
12192,19597,41
12192,19598,330.5
12192,19602,2
12192,19603,3
12192,19604,8
12192,19605,8
12192,19606,8
12192,19608,9
12192,19610,2
12192,19612,8
12192,19613,35
12192,19614,32
12192,19615,4
12192,19616,22
12192,19617,11
12192,19622,6
12192,19623,33.5
12192,19624,14
12192,19625,30
12192,19626,22
12192,19627,11
12192,19628,23.5
12192,19629,4
12192,19640,6
12192,19641,27
12192,19642,31
12192,19643,133
12192,19644,21.5
12192,19645,3
12192,19653,2
12192,19654,3
12192,19655,20
12192,19656,15.5
12192,19659,2
12192,19661,4
12192,19663,2
12192,19664,10
12192,19665,53.5
12192,19666,33
12192,19667,1
12192,19670,2
12192,19671,2
12192,19675,2
12192,19676,8
12192,19680,4
12192,19688,3
12192,19699,5
12192,19703,2
12192,19729,5
12192,19790,4
12192,19791,8
12192,19792,3
12193,19586,325.5
12193,19587,110
12193,19588,244.5
12193,19589,214.5
12193,19590,11
12193,19591,1
12193,19592,319
12193,19593,205.5
12193,19594,240.5
12193,19595,97.5
12193,19596,192
12193,19597,322
12193,19598,93
12193,19599,208
12193,19600,167
12193,19601,6
12193,19602,20
12193,19605,9
12193,19606,4
12193,19610,1
12193,19612,8
12193,19613,21
12193,19615,2
12193,19616,5
12193,19617,5
12193,19620,5
12193,19623,17
12193,19624,19
12193,19625,19
12193,19626,21
12193,19627,15
12193,19628,18
12193,19634,2
12193,19641,9
12193,19642,13
12193,19643,64
12193,19645,3
12193,19646,2
12193,19647,2
12193,19649,4.5
12193,19655,24
12193,19656,36
12193,19657,1
12193,19658,6
12193,19662,8
12193,19665,2
12193,19667,7
12193,19669,6.5
12193,19676,6
12193,19677,4
12193,19678,4
12193,19734,2.5
12193,19735,4.5
12193,19736,6
12193,19738,2
12193,19759,1
12193,19760,1
12193,19792,1
12193,19793,5
12193,19797,5
12193,19802,2
12194,19586,244.5
12194,19587,281.5
12194,19588,319.5
12194,19589,306.5
12194,19590,441.5
12194,19591,610
12194,19592,610.5
12194,19595,37.5
12194,19596,73.5
12194,19597,424.5
12194,19599,508.5
12194,19600,262
12194,19601,81
12194,19602,262.5
12194,19603,73
12194,19604,4
12194,19605,5
12194,19606,2
12194,19607,5
12194,19610,9
12194,19611,4
12194,19613,3
12194,19614,2
12194,19619,5
12194,19620,21
12194,19622,4
12194,19623,24
12194,19624,15
12194,19625,23
12194,19626,22
12194,19627,29.5
12194,19628,16.5
12194,19630,8
12194,19631,8
12194,19641,4
12194,19644,5
12194,19646,8
12194,19647,3
12194,19655,5
12194,19656,3
12194,19659,2
12194,19669,9
12194,19674,5
12194,19678,11
12194,19687,17
12194,19688,9
12194,19692,1
12194,19733,2
12194,19792,22
12194,19793,18
12194,19797,2
12194,19803,12
12195,19586,76.5
12195,19587,305
12195,19588,256.5
12195,19589,245.5
12195,19590,235
12195,19591,295.5
12195,19592,136
12195,19593,30
12195,19594,16.5
12195,19595,8
12195,19596,25
12195,19597,200
12195,19599,368.5
12195,19600,308
12195,19601,126
12195,19602,201.5
12195,19603,33
12195,19608,2
12195,19611,2
12195,19612,1
12195,19623,5
12195,19624,16
12195,19625,7
12195,19626,11
12195,19627,4
12195,19628,3
12195,19629,4
12195,19630,13
12195,19631,21
12195,19641,1
12195,19642,4
12195,19643,2
12195,19644,2
12195,19646,2
12195,19650,1
12195,19651,1
12195,19656,4
12195,19662,3
12195,19664,7
12195,19665,4
12195,19666,2
12195,19670,4
12195,19675,1
12195,19676,2
12195,19677,3
12195,19679,1
12195,19682,4.5
12195,19684,3
12195,19687,6
12195,19688,4
12195,19692,4
12195,19791,3
12195,19792,3.5
12195,19793,7
12195,19794,15
12195,19795,9
12195,19805,2
12196,19586,85
12196,19587,325
12196,19588,179.5
12196,19589,132
12196,19590,125.5
12196,19591,555
12196,19592,98.5
12196,19593,130.5
12196,19594,149
12196,19595,90
12196,19596,143.5
12196,19597,8
12196,19599,112
12196,19600,253.5
12196,19601,230
12196,19602,70.5
12196,19603,2
12196,19605,4
12196,19607,6
12196,19608,2
12196,19611,1
12196,19612,5
12196,19615,5
12196,19616,1
12196,19617,4
12196,19622,49
12196,19623,14.5
12196,19624,2
12196,19626,11
12196,19630,6
12196,19639,2.5
12196,19640,2
12196,19645,7
12196,19648,5
12196,19650,2
12196,19652,6
12196,19657,1
12196,19659,4
12196,19660,3
12196,19662,8
12196,19663,3
12196,19664,4
12196,19669,3
12196,19671,5
12196,19680,12
12196,19681,2
12196,19683,7
12196,19684,6
12196,19685,22
12196,19686,30
12196,19687,27
12196,19689,1
12196,19692,1
12196,19729,1
12196,19737,3
12196,19792,5
12196,19794,7
12196,19795,10.5
12196,19796,23.5
12196,19797,6
12196,19805,10
12197,19583,2
12197,19586,13
12197,19587,146
12197,19588,271.5
12197,19589,45
12197,19591,95
12197,19592,118
12197,19593,74
12197,19594,129.5
12197,19595,480
12197,19596,422.5
12197,19598,70
12197,19599,70.5
12197,19600,5.5
12197,19601,11
12197,19605,5
12197,19606,7
12197,19608,2
12197,19609,4
12197,19610,5
12197,19611,7
12197,19614,2
12197,19615,5
12197,19619,4
12197,19620,2
12197,19622,62
12197,19623,80.5
12197,19624,10
12197,19625,11
12197,19626,13
12197,19629,4
12197,19631,2
12197,19635,18
12197,19638,2
12197,19639,8
12197,19640,20
12197,19645,7
12197,19647,4
12197,19652,11
12197,19654,6
12197,19655,3
12197,19656,4
12197,19662,6
12197,19666,6
12197,19668,4
12197,19675,9.5
12197,19679,1
12197,19682,6
12197,19683,2
12197,19684,3
12197,19685,47
12197,19686,85.5
12197,19737,1
12197,19791,2
12197,19793,6
12197,19794,47.5
12197,19795,44.5
12197,19796,15
12197,19797,10
12197,19799,4
12197,19800,13
12197,19801,4
12197,19803,5
12198,19585,3
12198,19586,83
12198,19588,173
12198,19589,225.5
12198,19590,57
12198,19591,123
12198,19592,80
12198,19593,87.5
12198,19594,90.5
12198,19595,309
12198,19596,146.5
12198,19597,86.5
12198,19598,15
12198,19599,1
12198,19602,1
12198,19604,8
12198,19605,4
12198,19608,1
12198,19610,2
12198,19611,8
12198,19614,7
12198,19618,7
12198,19619,1
12198,19622,23.5
12198,19623,44
12198,19624,17
12198,19625,3
12198,19631,3
12198,19632,7
12198,19634,3
12198,19635,8
12198,19636,6
12198,19640,4
12198,19643,12
12198,19646,2
12198,19647,2
12198,19651,1.5
12198,19653,3
12198,19654,2
12198,19656,8
12198,19657,2
12198,19660,5
12198,19661,3
12198,19664,3
12198,19666,3
12198,19668,1
12198,19676,2
12198,19679,9
12198,19680,2
12198,19682,32
12198,19683,21
12198,19684,26
12198,19685,125
12198,19686,101.5
12198,19687,7
12198,19732,3
12198,19736,2
12198,19737,8
12198,19791,11
12198,19792,4
12198,19793,23
12198,19794,71.5
12198,19795,31
12198,19796,30
12199,19584,11
12199,19585,117.5
12199,19586,108
12199,19587,257
12199,19588,269
12199,19589,158
12199,19590,139.5
12199,19591,85
12199,19592,202
12199,19593,94
12199,19594,88
12199,19595,133.5
12199,19596,128
12199,19597,150
12199,19598,87
12199,19599,6
12199,19600,3
12199,19603,5
12199,19605,5
12199,19606,6
12199,19608,9
12199,19612,14.5
12199,19616,2
12199,19622,6
12199,19623,57
12199,19624,16.5
12199,19638,1
12199,19639,5
12199,19641,4
12199,19652,6
12199,19655,10
12199,19656,1
12199,19657,8
12199,19664,4
12199,19670,2
12199,19671,5
12199,19676,8
12199,19677,8
12199,19678,1
12199,19679,5.5
12199,19681,3.5
12199,19682,8
12199,19683,36
12199,19684,100.5
12199,19685,97
12199,19686,101
12199,19687,18
12199,19706,1
12199,19737,20
12199,19792,19.5
12199,19793,2
12199,19794,8
12199,19795,23
12199,19796,20
12200,19584,54
12200,19585,132
12200,19586,194
12200,19587,36
12200,19588,133.5
12200,19589,209.5
12200,19590,353.5
12200,19591,182
12200,19592,16
12200,19593,119.5
12200,19594,162.5
12200,19595,4
12200,19596,2
12200,19597,16
12200,19598,5
12200,19599,5
12200,19600,4
12200,19604,2
12200,19610,1
12200,19618,4
12200,19622,5
12200,19638,1
12200,19650,5
12200,19651,3
12200,19652,2
12200,19656,4
12200,19657,42
12200,19660,4
12200,19661,3
12200,19664,5
12200,19666,2
12200,19672,3
12200,19673,2
12200,19674,1
12200,19675,3
12200,19678,7
12200,19683,17
12200,19684,13
12200,19685,96.5
12200,19686,24
12200,19687,2
12200,19688,2
12200,19706,2
12200,19735,7
12200,19737,10
12200,19782,10
12200,19794,4
12200,19795,15
12200,19796,14
12201,19584,45
12201,19585,349
12201,19586,268.5
12201,19587,193.5
12201,19588,1
12201,19589,20
12201,19590,319
12201,19591,358
12201,19592,176
12201,19593,28.5
12201,19594,44
12201,19595,95
12201,19596,33
12201,19597,19
12201,19598,16
12201,19599,43
12201,19600,12
12201,19604,5
12201,19607,4
12201,19610,5.5
12201,19620,2
12201,19640,4
12201,19644,2
12201,19645,8
12201,19648,11
12201,19650,2
12201,19655,8
12201,19657,34
12201,19668,6
12201,19669,5
12201,19671,10
12201,19672,3
12201,19676,1
12201,19677,2
12201,19678,2
12201,19680,7
12201,19682,4
12201,19737,1
12201,19788,2
12201,19789,4
12201,19790,6.5
12201,19791,5
12201,19795,2
12202,19583,6
12202,19584,129
12202,19585,123
12202,19586,79
12202,19587,29
12202,19590,289.5
12202,19591,495
12202,19592,81
12202,19593,29
12202,19594,43
12202,19595,123
12202,19596,38
12202,19597,103.5
12202,19598,135
12202,19599,75
12202,19600,43.5
12202,19606,17
12202,19607,28
12202,19610,2
12202,19613,2
12202,19614,5
12202,19620,11
12202,19634,3
12202,19635,3
12202,19649,2
12202,19652,7
12202,19653,6
12202,19657,3
12202,19659,3
12202,19661,17
12202,19662,3
12202,19669,2
12202,19671,7
12202,19679,2
12202,19686,1
12202,19687,4
12202,19689,7
12202,19690,3.5
12202,19691,2
12202,19700,5
12202,19740,2
12202,19741,1
12202,19781,5
12202,19789,3
12202,19790,23
12203,19583,17
12203,19584,141.5
12203,19585,77
12203,19586,60.5
12203,19587,15
12203,19591,143
12203,19592,248
12203,19593,108.5
12203,19594,74
12203,19595,121
12203,19596,96
12203,19597,114
12203,19598,104.5
12203,19599,137.5
12203,19600,61
12203,19601,19
12203,19602,4
12203,19606,5
12203,19610,5
12203,19612,37
12203,19613,30
12203,19614,35
12203,19615,15
12203,19620,4
12203,19621,4
12203,19627,2
12203,19646,2
12203,19650,4
12203,19651,5
12203,19652,2
12203,19653,2
12203,19654,4
12203,19655,7
12203,19659,1
12203,19661,3
12203,19662,41
12203,19663,6
12203,19664,6
12203,19669,3
12203,19676,5
12203,19677,7
12203,19678,3
12203,19679,2
12203,19686,4
12203,19687,4
12203,19691,2
12203,19693,3
12203,19694,5
12203,19695,4
12203,19742,1
12203,19793,2.5
12203,19804,1.5
12204,19583,78.5
12204,19584,174.5
12204,19585,145
12204,19586,66.5
12204,19587,25
12204,19590,13
12204,19591,102
12204,19592,142.5
12204,19593,244
12204,19594,93.5
12204,19595,102
12204,19596,158
12204,19597,41
12204,19598,103.5
12204,19599,149
12204,19600,17
12204,19601,5
12204,19604,2
12204,19606,3
12204,19607,3
12204,19611,10
12204,19612,3
12204,19613,16
12204,19614,5
12204,19615,7
12204,19619,4
12204,19620,2
12204,19637,6
12204,19638,5
12204,19639,3
12204,19641,8
12204,19642,4
12204,19645,7.5
12204,19646,3
12204,19647,4
12204,19650,7
12204,19651,17
12204,19652,4.5
12204,19654,6
12204,19655,6
12204,19658,2
12204,19659,2
12204,19660,37
12204,19661,105.5
12204,19662,94
12204,19663,38.5
12204,19664,24
12204,19670,14
12204,19672,2
12204,19673,1
12204,19675,1
12204,19677,2
12204,19678,5
12204,19679,11
12204,19686,9
12204,19687,1
12204,19688,2
12204,19689,5
12204,19690,21
12204,19691,1
12204,19696,2
12204,19709,1
12204,19730,1
12204,19737,1
12204,19738,8
12204,19741,6
12204,19762,5
12204,19782,2
12204,19804,7
12205,19583,147.5
12205,19584,222
12205,19585,122
12205,19586,6
12205,19587,72
12205,19588,27
12205,19591,49.5
12205,19592,124
12205,19593,79
12205,19594,210
12205,19595,154
12205,19596,64
12205,19597,6
12205,19599,19
12205,19600,8
12205,19603,1
12205,19604,5
12205,19613,10
12205,19617,3
12205,19637,4
12205,19641,5
12205,19643,6
12205,19645,6
12205,19650,8
12205,19651,2
12205,19653,1
12205,19655,1
12205,19657,1
12205,19659,78
12205,19660,132.5
12205,19661,98.5
12205,19662,77
12205,19663,41.5
12205,19665,3
12205,19666,9
12205,19669,4
12205,19674,2
12205,19676,13
12205,19679,1
12205,19680,2
12205,19686,4
12205,19688,2
12205,19689,6
12205,19690,55
12205,19695,10
12205,19696,14
12205,19737,4
12205,19738,9
12205,19741,4
12205,19783,2
12205,19805,2
12205,19806,5
12206,19583,66
12206,19585,4
12206,19586,1
12206,19587,91
12206,19588,81.5
12206,19590,12
12206,19591,127
12206,19592,97
12206,19593,328
12206,19594,159.5
12206,19595,4
12206,19596,11
12206,19599,8
12206,19600,3
12206,19603,1
12206,19605,4
12206,19607,1
12206,19608,2
12206,19612,10
12206,19617,27
12206,19618,62
12206,19619,4
12206,19625,8
12206,19628,4
12206,19633,4
12206,19637,10
12206,19642,2
12206,19644,3
12206,19645,11
12206,19647,3
12206,19652,5
12206,19656,7
12206,19659,4
12206,19660,39.5
12206,19661,24
12206,19662,16
12206,19667,2
12206,19668,2
12206,19669,1
12206,19671,2
12206,19678,2
12206,19682,9
12206,19689,12
12206,19690,62
12206,19696,6
12206,19697,17
12206,19698,5
12206,19738,14
12206,19741,2
12206,19783,9
12207,19582,12
12207,19583,27
12207,19584,4
12207,19585,7
12207,19586,13.5
12207,19587,6
12207,19588,135
12207,19589,9
12207,19590,182.5
12207,19591,227
12207,19593,50
12207,19596,2
12207,19597,2
12207,19602,2
12207,19603,4
12207,19606,6.5
12207,19607,12
12207,19608,6
12207,19609,18
12207,19610,68
12207,19611,46
12207,19612,73.5
12207,19613,61
12207,19616,5
12207,19617,111
12207,19618,103.5
12207,19619,56
12207,19620,2
12207,19621,7
12207,19625,3
12207,19626,2
12207,19631,1
12207,19637,5
12207,19639,2
12207,19641,2
12207,19645,3
12207,19646,2
12207,19647,9
12207,19659,14
12207,19660,17
12207,19662,14
12207,19663,6
12207,19665,5
12207,19668,3
12207,19669,3
12207,19671,4
12207,19672,2
12207,19674,13
12207,19675,2
12207,19676,12
12207,19677,1
12207,19682,1
12207,19684,1
12207,19685,5
12207,19690,31
12207,19691,9
12207,19696,26
12207,19697,8
12207,19698,1
12207,19729,6
12207,19739,7
12207,19741,4
12208,19581,3
12208,19582,110
12208,19583,68.5
12208,19584,11
12208,19586,20
12208,19588,89
12208,19589,31
12208,19590,24
12208,19591,10
12208,19592,2
12208,19593,9
12208,19597,16
12208,19600,1
12208,19604,5
12208,19605,1
12208,19606,1
12208,19607,5
12208,19608,34
12208,19609,55
12208,19610,206
12208,19611,131
12208,19612,110
12208,19613,161.5
12208,19614,32
12208,19616,54
12208,19617,99
12208,19618,22
12208,19619,5
12208,19620,2
12208,19639,4
12208,19642,3
12208,19643,1.5
12208,19645,3
12208,19646,8
12208,19648,6
12208,19652,3
12208,19653,11
12208,19654,6
12208,19663,3
12208,19669,1
12208,19671,9
12208,19672,2
12208,19673,9
12208,19674,10
12208,19675,3
12208,19676,8
12208,19677,6
12208,19679,4
12208,19689,1
12208,19691,18
12208,19696,1
12208,19697,5
12208,19728,3
12208,19729,12
12208,19739,2
12208,19759,1
12208,19806,7
12209,19581,7
12209,19582,60.5
12209,19583,17
12209,19584,10
12209,19586,1
12209,19587,83
12209,19588,55.5
12209,19589,5
12209,19590,7
12209,19591,4
12209,19592,3
12209,19596,3
12209,19601,4
12209,19602,1
12209,19604,1
12209,19606,6
12209,19608,111
12209,19609,199.5
12209,19610,97.5
12209,19611,83
12209,19612,85.5
12209,19613,112
12209,19614,92.5
12209,19615,19
12209,19616,83
12209,19617,58
12209,19618,6
12209,19620,7
12209,19622,12
12209,19628,2
12209,19630,2
12209,19639,7
12209,19640,14
12209,19641,15
12209,19642,5
12209,19644,5
12209,19646,7
12209,19650,1
12209,19651,5
12209,19652,5
12209,19653,12.5
12209,19656,2
12209,19660,7
12209,19661,2
12209,19662,10
12209,19663,2
12209,19665,7
12209,19666,2
12209,19670,5
12209,19671,12
12209,19672,14
12209,19673,121
12209,19674,96
12209,19675,12
12209,19676,1
12209,19677,3
12209,19679,4
12209,19689,30
12209,19690,16
12209,19728,6
12209,19735,2
12209,19738,11
12209,19740,10
12209,19795,5
12209,19796,10
12210,19581,1
12210,19582,6
12210,19583,24
12210,19584,26
12210,19587,70.5
12210,19588,34
12210,19589,7
12210,19590,12
12210,19591,2
12210,19592,12
12210,19595,2
12210,19597,9
12210,19599,6
12210,19601,5
12210,19603,3
12210,19604,27
12210,19605,19
12210,19607,11
12210,19610,57.5
12210,19611,100
12210,19612,199
12210,19613,84
12210,19614,82
12210,19615,83.5
12210,19616,25
12210,19617,1
12210,19618,6
12210,19634,2
12210,19639,6
12210,19640,65.5
12210,19641,58
12210,19642,28
12210,19643,66
12210,19644,36
12210,19646,7
12210,19649,4
12210,19650,2
12210,19660,3.5
12210,19661,2
12210,19662,2
12210,19664,5
12210,19667,2
12210,19668,2
12210,19670,4
12210,19671,28.5
12210,19672,50
12210,19673,111
12210,19674,25
12210,19675,12
12210,19676,7
12210,19677,4
12210,19679,14
12210,19680,8
12210,19681,2
12210,19682,1
12210,19683,5
12210,19685,1
12210,19688,3
12210,19689,3
12210,19690,2
12210,19696,4
12210,19737,3
12210,19738,9
12210,19739,12
12210,19740,6
12210,19741,1
12210,19749,5
12211,19581,9
12211,19582,19
12211,19583,6
12211,19584,30
12211,19585,7
12211,19586,3
12211,19587,15
12211,19588,8
12211,19589,6
12211,19591,11
12211,19592,10
12211,19596,5
12211,19597,6
12211,19598,5
12211,19601,2
12211,19602,3
12211,19604,2
12211,19605,2
12211,19608,3
12211,19609,14
12211,19610,14.5
12211,19611,138.5
12211,19612,42.5
12211,19613,156.5
12211,19614,72.5
12211,19615,88
12211,19616,136
12211,19617,4
12211,19618,6
12211,19619,5
12211,19624,5
12211,19635,3
12211,19640,31
12211,19641,210
12211,19642,76.5
12211,19643,19
12211,19644,4
12211,19649,5
12211,19655,4
12211,19656,2
12211,19661,4
12211,19667,3
12211,19669,1
12211,19671,15
12211,19673,4
12211,19679,2
12211,19683,4
12211,19684,3
12211,19685,2
12211,19687,3
12211,19729,5
12211,19732,2
12211,19733,1
12211,19737,3
12211,19738,22
12211,19739,14
12211,19740,14
12211,19741,10
12211,19742,1
12211,19743,1
12211,19790,5
12211,19791,5
12211,19805,1
12212,19583,29
12212,19584,2
12212,19585,1
12212,19587,1
12212,19588,2
12212,19589,2
12212,19591,40
12212,19594,9
12212,19596,2
12212,19601,7
12212,19602,3
12212,19603,3
12212,19604,17.5
12212,19608,8
12212,19609,27.5
12212,19610,40
12212,19611,57
12212,19612,82.5
12212,19613,181.5
12212,19614,148
12212,19615,62
12212,19616,82
12212,19617,5
12212,19618,55
12212,19619,47
12212,19620,6
12212,19629,1
12212,19634,2
12212,19641,77
12212,19642,61.5
12212,19644,2
12212,19645,18
12212,19646,41
12212,19648,3
12212,19659,2
12212,19660,7
12212,19663,4
12212,19671,1
12212,19672,6
12212,19675,16
12212,19682,6
12212,19685,2
12212,19687,3
12212,19688,3
12212,19689,27
12212,19692,4
12212,19730,8
12212,19731,6
12212,19732,8
12212,19733,6
12212,19738,7
12212,19739,10
12212,19741,3
12212,19742,4
12212,19743,24
12212,19744,5
12212,19805,6
12212,19806,2
12212,19807,7.5
12213,19580,5
12213,19583,1
12213,19584,7
12213,19585,17
12213,19586,24
12213,19587,9
12213,19588,6
12213,19590,7
12213,19591,47
12213,19592,2
12213,19596,1
12213,19598,2
12213,19605,2
12213,19606,4
12213,19607,12
12213,19608,15.5
12213,19609,47
12213,19610,78
12213,19611,117
12213,19612,44.5
12213,19613,60
12213,19614,39
12213,19615,29
12213,19616,49
12213,19617,5
12213,19618,17
12213,19619,5
12213,19622,6
12213,19623,13.5
12213,19626,4
12213,19627,8
12213,19638,8
12213,19639,7
12213,19640,1
12213,19641,6
12213,19642,34
12213,19643,50
12213,19644,14
12213,19645,10
12213,19646,15
12213,19648,12
12213,19652,2
12213,19658,3
12213,19664,4
12213,19668,1
12213,19669,3
12213,19670,2
12213,19671,5
12213,19674,1
12213,19676,7
12213,19677,2
12213,19680,5
12213,19685,3
12213,19687,2
12213,19689,6
12213,19690,4
12213,19698,6
12213,19730,3
12213,19731,2
12213,19733,7
12213,19734,10
12213,19737,4
12213,19738,1
12213,19740,3
12213,19797,5
12214,19584,5
12214,19585,6
12214,19588,2
12214,19590,17
12214,19591,78
12214,19592,4
12214,19596,10
12214,19598,16
12214,19607,4
12214,19608,19.5
12214,19609,88
12214,19610,32
12214,19611,6
12214,19612,28
12214,19613,131
12214,19614,18
12214,19622,4
12214,19629,9
12214,19630,2
12214,19638,1
12214,19640,4
12214,19643,4
12214,19644,2
12214,19645,6
12214,19648,7
12214,19654,3
12214,19659,6
12214,19660,1
12214,19664,3
12214,19667,7
12214,19670,10.5
12214,19672,6
12214,19673,4
12214,19674,3
12214,19675,2
12214,19677,2
12214,19684,5
12214,19685,2
12214,19689,1
12214,19690,1
12214,19692,4
12214,19694,2
12214,19699,3
12214,19734,3
12214,19737,14
12214,19739,1
12214,19741,4
12214,19744,4
12214,19795,6
12214,19806,5
12215,19573,14.5
12215,19576,4
12215,19577,60
12215,19582,10
12215,19583,3
12215,19585,9
12215,19587,1
12215,19590,3
12215,19592,2
12215,19597,2
12215,19598,8
12215,19602,1
12215,19605,4
12215,19609,6
12215,19610,3
12215,19612,5
12215,19613,22
12215,19615,3
12215,19617,2
12215,19618,11
12215,19619,5
12215,19621,3
12215,19625,4
12215,19629,2
12215,19636,7
12215,19637,9
12215,19638,3
12215,19641,3
12215,19642,1
12215,19644,3
12215,19645,7
12215,19646,11
12215,19647,3
12215,19648,10
12215,19651,2
12215,19654,2
12215,19658,1
12215,19664,4
12215,19665,5
12215,19670,2
12215,19674,4
12215,19683,2
12215,19685,4
12215,19686,2
12215,19692,7
12215,19693,15
12215,19696,4
12215,19733,9
12215,19734,3
12215,19735,2
12215,19737,4
12215,19738,4
12215,19739,1
12215,19740,5.5
12215,19741,3
12215,19744,3
12215,19757,2
12215,19796,4
12215,19798,2
12215,19807,1
12216,19576,3
12216,19577,8
12216,19580,3
12216,19582,4
12216,19585,7
12216,19586,4.5
12216,19587,4
12216,19589,5
12216,19591,3
12216,19598,10
12216,19599,2
12216,19606,4
12216,19609,9
12216,19610,3
12216,19611,2
12216,19613,1
12216,19615,2
12216,19616,2
12216,19617,4
12216,19618,4
12216,19619,16.5
12216,19620,2
12216,19625,4
12216,19628,7
12216,19635,2
12216,19638,11
12216,19641,4
12216,19644,3
12216,19645,5
12216,19647,7
12216,19650,3
12216,19651,10
12216,19654,2
12216,19658,2
12216,19660,1
12216,19670,2
12216,19671,4
12216,19672,6
12216,19673,3
12216,19678,1
12216,19679,9
12216,19682,3
12216,19687,15
12216,19689,4
12216,19692,5
12216,19695,2
12216,19696,1
12216,19711,2
12216,19712,2
12216,19733,2
12216,19734,12
12216,19735,2
12216,19738,15
12216,19739,5
12216,19740,16.5
12216,19743,5
12216,19744,2
12216,19798,4
12216,19799,2
12216,19808,10
12216,19810,9
12216,19812,4
12216,19813,4
12217,19581,1
12217,19582,10.5
12217,19585,2
12217,19589,5
12217,19590,6
12217,19594,13
12217,19597,6
12217,19615,4
12217,19616,8
12217,19617,2
12217,19622,2
12217,19627,10
12217,19628,9
12217,19631,9
12217,19632,7
12217,19636,3
12217,19638,3
12217,19639,3
12217,19643,12
12217,19647,12.5
12217,19648,3
12217,19651,2
12217,19652,29
12217,19653,6
12217,19654,3
12217,19655,3
12217,19658,4
12217,19671,3
12217,19672,17
12217,19673,4
12217,19674,4
12217,19677,4
12217,19682,3
12217,19686,2
12217,19688,5
12217,19690,15
12217,19692,10
12217,19699,10
12217,19708,6
12217,19712,3
12217,19736,8
12217,19737,6
12217,19738,19
12217,19739,19
12217,19740,29.5
12217,19743,3
12217,19745,3
12217,19769,3
12217,19804,1
12217,19806,8
12217,19808,1
12217,19809,28
12217,19810,22.5
12217,19811,5
12218,19580,2
12218,19583,4
12218,19586,11
12218,19591,1
12218,19594,5
12218,19597,6
12218,19599,7
12218,19612,6
12218,19613,4.5
12218,19615,6
12218,19617,8
12218,19618,2
12218,19620,7
12218,19627,4
12218,19628,4
12218,19629,2
12218,19630,5
12218,19638,2
12218,19640,4
12218,19645,3
12218,19646,5
12218,19649,3
12218,19651,3
12218,19652,3
12218,19653,10.5
12218,19660,2
12218,19663,2
12218,19664,11
12218,19669,1
12218,19671,5
12218,19673,4
12218,19677,3
12218,19681,1
12218,19687,1
12218,19690,11
12218,19701,1.5
12218,19702,5
12218,19703,5
12218,19705,6
12218,19735,2
12218,19738,4
12218,19739,12
12218,19740,32
12218,19741,11
12218,19743,4
12218,19744,2
12218,19745,2
12218,19748,4
12218,19768,4
12219,19585,4.5
12219,19586,4
12219,19587,8
12219,19591,6
12219,19592,5
12219,19599,10
12219,19603,3
12219,19604,6
12219,19605,4
12219,19610,11
12219,19611,5
12219,19613,6
12219,19617,5
12219,19619,1
12219,19620,4
12219,19632,1
12219,19639,5
12219,19642,12
12219,19643,8
12219,19646,10
12219,19647,4
12219,19651,9
12219,19672,5
12219,19686,1
12219,19688,3
12219,19690,3
12219,19691,2
12219,19693,1
12219,19698,5
12219,19703,4
12219,19704,9
12219,19705,35.5
12219,19732,3
12219,19733,1
12219,19734,10
12219,19739,5
12219,19740,3
12219,19741,3
12219,19744,5
12219,19768,1
12219,19806,8
12219,19810,4
12220,19579,14
12220,19580,2
12220,19589,13
12220,19590,7
12220,19591,7
12220,19592,15
12220,19596,3
12220,19597,3
12220,19598,4
12220,19604,2
12220,19610,3
12220,19611,6
12220,19618,2
12220,19620,3
12220,19625,5
12220,19626,83.5
12220,19627,20.5
12220,19628,30
12220,19629,3
12220,19633,6
12220,19634,5
12220,19636,1
12220,19638,5
12220,19639,3
12220,19640,5
12220,19641,22
12220,19649,5
12220,19653,5
12220,19658,4
12220,19659,2
12220,19660,5
12220,19662,3
12220,19669,6
12220,19670,3
12220,19671,2
12220,19692,2
12220,19695,4
12220,19698,4
12220,19700,3
12220,19704,18
12220,19705,68.5
12220,19706,7
12220,19734,2
12220,19737,5
12220,19738,17
12220,19740,2
12220,19741,2
12220,19744,15
12220,19746,10
12220,19747,6
12220,19750,4
12220,19800,7
12220,19806,1
12220,19810,4
12220,19811,2
12220,19819,1
12221,19580,9.5
12221,19582,1
12221,19587,6
12221,19591,5
12221,19593,6
12221,19595,2
12221,19597,18
12221,19598,2
12221,19604,7
12221,19609,3
12221,19612,1
12221,19617,7
12221,19618,3
12221,19619,11
12221,19620,4
12221,19626,26.5
12221,19627,47
12221,19628,84
12221,19629,2
12221,19632,4
12221,19635,8
12221,19638,4
12221,19639,3
12221,19641,4
12221,19643,5
12221,19649,9
12221,19651,4
12221,19652,3
12221,19653,2
12221,19661,5
12221,19662,7
12221,19663,10
12221,19665,8
12221,19670,1
12221,19676,7
12221,19678,2
12221,19682,5
12221,19687,10
12221,19688,21
12221,19692,2
12221,19697,3
12221,19698,3
12221,19701,2
12221,19705,37
12221,19706,18
12221,19733,3
12221,19736,4
12221,19740,4
12221,19741,9
12221,19742,14
12221,19743,2
12221,19745,4
12221,19748,2
12221,19767,1
12221,19800,19
12221,19802,2
12221,19805,1
12221,19806,4
12221,19810,4
12221,19811,6
12222,19579,1
12222,19580,3
12222,19581,9
12222,19582,2
12222,19583,8
12222,19584,49.5
12222,19594,6
12222,19597,3
12222,19598,7
12222,19600,12
12222,19602,12
12222,19603,26
12222,19604,30
12222,19605,3
12222,19608,16
12222,19609,7
12222,19617,5
12222,19618,8
12222,19619,4
12222,19620,6
12222,19626,31
12222,19627,87
12222,19628,56
12222,19629,41
12222,19630,19
12222,19631,29.5
12222,19633,6
12222,19635,12.5
12222,19639,4
12222,19641,8
12222,19642,4
12222,19645,5.5
12222,19647,5
12222,19648,3
12222,19654,9
12222,19658,8
12222,19662,3
12222,19664,2
12222,19668,2
12222,19670,11
12222,19671,8
12222,19673,2
12222,19675,4
12222,19676,2
12222,19677,4
12222,19679,4
12222,19680,2
12222,19682,5
12222,19683,4
12222,19685,32.5
12222,19686,10
12222,19687,2
12222,19688,23
12222,19705,5
12222,19706,3
12222,19737,9
12222,19738,13
12222,19739,2
12222,19741,10
12222,19742,18
12222,19743,9
12222,19744,34
12222,19745,2
12222,19746,2
12222,19747,12
12222,19748,4
12222,19749,12
12222,19750,1
12222,19758,8
12222,19811,3
12223,19589,2
12223,19590,4
12223,19594,4
12223,19595,1
12223,19596,8
12223,19600,20.5
12223,19601,10
12223,19602,3
12223,19603,5
12223,19604,3
12223,19608,21
12223,19609,5
12223,19612,1
12223,19613,7
12223,19614,15
12223,19617,5
12223,19618,2
12223,19621,5
12223,19622,4
12223,19629,35
12223,19630,80
12223,19631,11
12223,19633,4
12223,19635,1
12223,19636,6
12223,19640,2
12223,19641,5
12223,19643,5
12223,19646,7
12223,19650,1
12223,19653,5
12223,19654,1
12223,19656,6
12223,19660,2
12223,19663,8
12223,19664,10
12223,19665,45
12223,19666,4
12223,19671,1
12223,19676,10
12223,19677,4
12223,19678,8
12223,19680,1
12223,19681,4
12223,19683,4
12223,19685,8
12223,19686,31
12223,19687,90.5
12223,19688,60.5
12223,19689,5
12223,19692,2
12223,19694,5
12223,19695,2
12223,19735,10
12223,19739,11
12223,19740,1
12223,19744,25
12223,19745,11
12223,19746,9
12223,19747,29
12223,19749,5
12223,19750,25.5
12223,19806,3
12223,19807,1
12223,19811,1
12223,19812,4
12224,19587,42
12224,19588,6
12224,19596,1
12224,19598,6
12224,19599,8
12224,19610,4
12224,19611,12
12224,19613,4
12224,19614,2
12224,19622,6
12224,19632,6
12224,19639,9
12224,19642,1
12224,19643,4
12224,19644,2
12224,19649,1
12224,19657,12
12224,19658,27
12224,19659,19
12224,19661,5
12224,19663,2
12224,19664,6
12224,19665,124
12224,19666,69.5
12224,19667,165.5
12224,19668,76
12224,19669,4
12224,19677,2
12224,19678,1
12224,19681,4
12224,19688,47
12224,19691,8
12224,19696,1
12224,19700,4
12224,19706,2
12224,19707,5
12224,19734,2
12224,19735,11
12224,19739,5
12224,19741,2
12224,19742,3
12224,19744,1
12224,19745,36
12224,19746,24
12224,19747,42.5
12224,19748,4
12224,19749,16
12224,19750,43
12224,19751,6
12224,19790,1
12224,19806,6
12224,19808,3
12225,19583,5
12225,19586,2
12225,19588,3
12225,19596,5
12225,19600,6
12225,19601,19
12225,19602,2
12225,19610,5
12225,19611,5
12225,19613,2
12225,19617,5
12225,19631,8
12225,19641,7
12225,19642,1
12225,19643,4
12225,19648,1
12225,19650,8
12225,19657,5
12225,19658,26
12225,19659,35.5
12225,19661,4
12225,19663,24
12225,19664,23.5
12225,19665,79
12225,19666,58
12225,19667,122
12225,19668,71
12225,19669,23
12225,19671,8
12225,19672,1
12225,19675,2
12225,19678,3
12225,19680,5
12225,19681,3
12225,19682,16.5
12225,19683,3
12225,19685,6
12225,19691,2
12225,19701,5
12225,19706,1
12225,19734,2
12225,19739,11
12225,19742,3
12225,19743,2
12225,19744,8
12225,19745,2
12225,19746,8.5
12225,19747,19
12225,19749,13
12225,19750,6
12225,19752,6
12225,19806,16
12225,19807,11
12225,19808,1
12225,19809,6
12225,19810,3
12226,19583,6
12226,19586,2
12226,19589,4
12226,19591,2
12226,19601,13
12226,19602,2
12226,19606,7
12226,19616,7
12226,19617,14
12226,19620,3
12226,19631,2.5
12226,19632,3
12226,19633,1
12226,19638,4
12226,19640,4
12226,19641,5
12226,19643,1
12226,19647,4
12226,19659,4
12226,19660,29
12226,19661,16
12226,19662,7
12226,19663,37
12226,19664,146
12226,19665,79
12226,19666,97
12226,19667,111.5
12226,19668,139.5
12226,19669,29
12226,19671,15
12226,19673,5
12226,19674,4
12226,19676,2
12226,19677,7
12226,19678,4
12226,19681,5
12226,19689,2
12226,19690,5
12226,19691,10
12226,19692,4
12226,19693,9
12226,19706,1
12226,19735,1
12226,19742,2
12226,19743,4
12226,19745,15
12226,19746,79
12226,19747,77
12226,19749,18
12226,19750,12
12226,19751,20
12226,19752,6
12226,19753,11
12226,19754,9
12226,19788,2
12226,19799,2
12226,19806,5
12226,19807,8
12226,19810,13
12227,19580,2
12227,19583,3
12227,19589,4
12227,19591,9
12227,19592,11
12227,19601,6
12227,19609,4
12227,19617,3
12227,19619,5
12227,19624,9
12227,19627,7
12227,19628,2
12227,19630,5
12227,19633,2
12227,19637,10
12227,19638,3
12227,19644,2
12227,19650,8.5
12227,19658,2
12227,19659,16
12227,19660,20
12227,19664,54.5
12227,19665,82
12227,19666,52
12227,19667,114.5
12227,19668,84.5
12227,19669,4
12227,19681,3
12227,19685,5
12227,19689,3
12227,19692,2
12227,19693,15.5
12227,19698,2
12227,19701,2
12227,19703,5
12227,19706,7
12227,19737,17
12227,19738,4
12227,19739,7
12227,19742,6
12227,19743,9.5
12227,19744,15
12227,19746,126
12227,19747,177
12227,19748,44
12227,19749,53
12227,19750,53
12227,19751,24
12227,19752,18
12227,19753,3
12227,19754,6
12227,19755,2
12227,19761,1
12227,19806,10
12227,19807,60.5
12227,19811,2
12228,19579,5
12228,19580,8
12228,19581,10
12228,19593,23
12228,19594,3
12228,19602,29
12228,19609,4
12228,19621,2
12228,19624,3
12228,19629,2
12228,19630,3
12228,19633,7
12228,19634,7
12228,19635,1
12228,19636,5
12228,19637,3
12228,19638,2
12228,19645,2
12228,19650,34
12228,19659,14.5
12228,19661,4
12228,19663,1
12228,19664,24.5
12228,19665,99
12228,19666,14
12228,19667,61
12228,19671,6
12228,19673,9
12228,19675,6
12228,19676,4
12228,19684,14
12228,19692,13
12228,19693,23.5
12228,19698,3
12228,19701,4
12228,19702,2
12228,19703,5
12228,19704,2
12228,19705,1
12228,19737,24
12228,19741,9
12228,19742,4
12228,19743,19
12228,19744,15
12228,19745,5
12228,19746,26
12228,19747,138.5
12228,19748,72
12228,19749,2
12228,19750,24
12228,19751,6
12228,19752,7
12228,19753,6
12228,19756,4
12228,19758,9
12228,19759,10
12228,19761,2
12228,19762,1
12228,19784,7
12228,19785,2
12228,19807,2
12228,19809,2
12229,19572,7
12229,19576,2
12229,19578,11
12229,19579,1
12229,19581,43
12229,19591,2
12229,19593,7
12229,19594,5
12229,19596,3
12229,19600,23
12229,19602,53
12229,19603,21
12229,19604,26
12229,19605,2
12229,19615,2
12229,19622,7
12229,19635,4
12229,19641,3
12229,19645,4
12229,19649,2
12229,19651,7
12229,19654,3
12229,19658,3
12229,19659,6
12229,19660,4
12229,19661,3
12229,19664,3
12229,19666,65.5
12229,19667,16
12229,19669,8
12229,19670,22.5
12229,19671,4
12229,19672,7
12229,19674,3
12229,19678,4
12229,19682,4
12229,19692,33
12229,19699,2
12229,19700,1
12229,19702,3
12229,19703,2
12229,19737,1
12229,19738,4.5
12229,19742,6.5
12229,19744,13
12229,19745,2
12229,19746,6
12229,19747,49.5
12229,19748,80
12229,19751,1
12229,19753,5
12229,19757,3
12229,19759,4
12229,19760,12
12229,19761,30
12229,19762,2
12229,19801,1
12229,19802,1
12229,19807,4
12229,19808,3
12229,19809,11
12230,19571,3
12230,19572,4
12230,19574,9
12230,19575,9
12230,19576,10
12230,19578,47
12230,19579,91
12230,19580,79
12230,19581,75.5
12230,19582,3
12230,19591,4
12230,19594,2
12230,19597,18.5
12230,19598,2
12230,19599,4
12230,19600,5
12230,19603,2
12230,19604,3
12230,19608,4
12230,19609,10
12230,19610,6
12230,19611,4
12230,19612,3
12230,19613,4
12230,19615,2
12230,19621,15
12230,19622,40
12230,19624,4
12230,19625,2
12230,19629,10
12230,19631,2
12230,19641,15
12230,19642,2
12230,19645,6
12230,19646,5
12230,19647,3
12230,19650,1
12230,19655,1
12230,19656,6
12230,19657,4
12230,19662,4
12230,19666,34
12230,19667,22
12230,19668,22
12230,19669,49
12230,19670,15
12230,19671,7
12230,19672,3
12230,19681,2
12230,19682,4
12230,19683,7
12230,19690,23
12230,19691,63.5
12230,19692,48.5
12230,19698,1
12230,19699,7
12230,19701,8
12230,19705,12
12230,19709,4
12230,19737,5
12230,19739,2
12230,19741,2
12230,19743,2
12230,19744,15
12230,19745,37.5
12230,19746,2
12230,19747,70
12230,19748,81.5
12230,19749,9
12230,19750,2
12230,19751,3
12230,19752,3
12230,19754,3
12230,19756,2
12230,19759,1
12230,19761,38
12230,19762,19
12230,19763,3
12230,19802,5
12231,19571,14
12231,19572,4
12231,19574,5
12231,19575,3
12231,19576,3
12231,19578,137.5
12231,19579,99
12231,19580,97
12231,19581,52.5
12231,19582,85
12231,19583,5
12231,19588,4
12231,19594,6.5
12231,19599,12
12231,19600,14
12231,19605,8
12231,19606,8
12231,19612,2
12231,19615,8
12231,19621,4
12231,19622,4
12231,19623,2
12231,19624,25.5
12231,19627,1
12231,19628,28
12231,19629,14
12231,19632,9
12231,19633,4
12231,19634,11
12231,19635,6
12231,19637,1
12231,19645,3
12231,19646,2
12231,19648,5
12231,19650,6
12231,19652,3
12231,19655,5
12231,19656,8
12231,19668,20
12231,19669,14
12231,19670,5
12231,19671,2
12231,19676,6
12231,19679,5
12231,19681,3
12231,19682,44
12231,19683,82.5
12231,19684,16
12231,19686,3
12231,19689,3
12231,19690,54
12231,19691,79.5
12231,19692,7
12231,19700,8
12231,19705,21
12231,19707,1
12231,19709,1
12231,19736,4
12231,19738,4
12231,19742,5
12231,19743,7
12231,19744,1
12231,19745,11
12231,19746,19
12231,19747,80.5
12231,19748,40
12231,19749,52.5
12231,19750,3
12231,19751,1
12231,19752,23
12231,19753,2
12231,19760,6.5
12231,19761,51
12231,19762,53
12231,19763,24
12231,19764,2
12231,19781,2
12231,19784,11
12231,19785,1
12231,19799,4
12231,19805,2
12231,19809,7
12232,19570,12
12232,19572,2
12232,19573,14
12232,19574,9.5
12232,19577,9
12232,19578,125.5
12232,19579,101
12232,19580,200.5
12232,19581,133
12232,19582,77.5
12232,19583,10
12232,19584,86
12232,19585,3
12232,19586,36.5
12232,19597,19
12232,19598,13
12232,19600,2
12232,19604,99.5
12232,19605,78
12232,19606,11
12232,19609,30
12232,19610,2
12232,19611,4
12232,19612,6
12232,19615,5
12232,19616,3
12232,19618,4
12232,19625,6
12232,19633,8
12232,19635,2
12232,19639,12
12232,19640,6
12232,19641,7
12232,19642,3
12232,19646,9
12232,19647,6
12232,19648,2
12232,19649,7
12232,19650,2
12232,19651,2
12232,19652,6
12232,19653,4
12232,19656,5
12232,19657,3
12232,19660,3
12232,19662,10
12232,19663,3
12232,19667,19
12232,19668,2
12232,19670,3
12232,19671,20
12232,19672,3
12232,19673,2
12232,19676,6
12232,19679,1
12232,19681,99.5
12232,19682,34.5
12232,19683,25
12232,19684,5
12232,19685,2
12232,19687,5
12232,19688,23
12232,19689,4
12232,19690,6
12232,19691,22
12232,19692,4
12232,19693,5
12232,19697,3
12232,19702,6
12232,19705,3
12232,19709,15
12232,19737,3.5
12232,19739,12
12232,19740,2
12232,19744,4
12232,19745,18
12232,19746,10
12232,19747,114
12232,19748,61
12232,19749,27
12232,19750,16.5
12232,19751,8
12232,19752,15
12232,19756,1
12232,19757,5
12232,19758,4
12232,19759,2
12232,19760,6
12232,19761,25
12232,19762,44
12232,19763,51
12232,19764,2
12232,19784,15
12232,19799,2
12232,19800,8
12232,19801,2
12233,19569,37
12233,19570,51.5
12233,19572,2
12233,19573,88.5
12233,19574,64
12233,19575,14
12233,19576,124
12233,19577,44.5
12233,19578,115.5
12233,19579,92
12233,19580,117.5
12233,19581,89.5
12233,19582,89.5
12233,19584,9
12233,19585,6
12233,19586,12
12233,19587,2
12233,19592,2
12233,19599,4
12233,19604,68.5
12233,19605,91
12233,19606,48
12233,19608,13
12233,19609,6
12233,19610,14
12233,19611,6
12233,19614,1
12233,19618,8
12233,19619,1
12233,19625,24
12233,19629,2
12233,19632,15.5
12233,19637,4
12233,19638,2
12233,19641,12
12233,19642,4
12233,19646,4
12233,19647,4
12233,19648,2
12233,19649,2
12233,19650,8
12233,19655,2
12233,19656,6
12233,19657,1
12233,19658,2
12233,19659,8
12233,19660,17
12233,19661,6
12233,19662,2
12233,19663,8
12233,19664,8
12233,19665,8
12233,19666,7
12233,19669,6
12233,19673,8
12233,19675,15
12233,19677,5
12233,19679,5
12233,19681,6
12233,19682,14
12233,19683,16
12233,19687,4
12233,19688,4
12233,19689,8
12233,19705,9
12233,19707,2.5
12233,19709,2
12233,19736,1
12233,19738,4
12233,19740,17
12233,19741,6
12233,19743,8
12233,19744,4
12233,19745,3
12233,19746,2
12233,19747,9
12233,19748,5
12233,19749,15
12233,19750,5
12233,19753,3
12233,19756,4
12233,19757,5
12233,19759,19
12233,19760,69
12233,19761,105
12233,19762,7
12233,19763,3
12233,19784,8
12233,19785,3
12233,19800,1
12233,19809,9
12234,19569,64
12234,19570,61
12234,19572,15
12234,19573,91
12234,19574,69
12234,19575,10
12234,19577,51
12234,19578,88
12234,19579,86
12234,19580,93.5
12234,19581,58.5
12234,19582,39.5
12234,19584,9
12234,19588,9.5
12234,19589,10
12234,19591,6
12234,19592,8
12234,19598,1
12234,19599,3
12234,19600,2
12234,19603,31
12234,19604,69.5
12234,19605,87
12234,19606,82.5
12234,19607,1
12234,19608,18
12234,19609,44
12234,19610,63.5
12234,19611,4
12234,19612,7
12234,19613,5
12234,19614,4
12234,19615,3
12234,19616,3
12234,19617,8
12234,19618,3
12234,19621,4
12234,19623,11
12234,19624,2
12234,19625,7
12234,19626,2
12234,19627,1
12234,19632,4
12234,19636,5
12234,19638,6
12234,19640,3
12234,19642,11
12234,19643,4
12234,19645,1
12234,19646,3
12234,19647,4
12234,19651,7
12234,19653,2
12234,19654,4
12234,19656,11
12234,19657,5
12234,19659,3
12234,19662,7
12234,19663,37.5
12234,19664,98.5
12234,19665,1
12234,19666,3
12234,19667,3
12234,19668,3
12234,19670,2
12234,19671,11
12234,19672,6
12234,19673,27.5
12234,19674,6
12234,19676,1
12234,19679,5
12234,19681,5
12234,19682,25
12234,19684,3
12234,19689,3
12234,19697,3
12234,19698,2
12234,19700,6
12234,19701,4
12234,19702,3
12234,19711,6
12234,19735,2
12234,19737,1
12234,19738,2
12234,19739,4
12234,19741,1
12234,19745,10
12234,19746,6
12234,19749,6
12234,19750,11
12234,19751,2
12234,19755,1
12234,19757,2
12234,19760,90
12234,19761,60.5
12234,19762,84
12234,19763,24
12234,19764,22
12234,19808,9
12235,19569,16
12235,19570,41.5
12235,19571,20
12235,19572,62
12235,19573,121.5
12235,19574,97
12235,19579,50.5
12235,19580,148
12235,19581,97
12235,19582,156
12235,19583,5
12235,19587,13
12235,19589,2
12235,19590,2
12235,19593,5
12235,19603,4
12235,19604,10.5
12235,19605,33.5
12235,19606,15
12235,19608,49.5
12235,19609,115.5
12235,19610,49.5
12235,19611,6
12235,19612,20
12235,19613,10
12235,19615,2
12235,19618,15
12235,19622,10
12235,19625,5
12235,19626,4
12235,19631,22
12235,19632,4
12235,19634,4
12235,19637,1
12235,19639,2
12235,19640,1
12235,19641,8
12235,19642,3
12235,19643,6
12235,19644,5
12235,19645,6
12235,19646,13
12235,19647,5
12235,19649,2
12235,19650,2
12235,19651,1
12235,19652,9
12235,19654,15
12235,19656,5
12235,19659,1
12235,19663,25
12235,19664,1
12235,19666,4
12235,19667,5
12235,19668,11
12235,19669,3
12235,19673,26
12235,19674,16
12235,19678,15
12235,19679,21
12235,19680,12
12235,19681,2
12235,19686,3
12235,19687,11
12235,19688,19.5
12235,19689,2
12235,19690,5
12235,19700,30
12235,19701,13
12235,19704,6
12235,19708,5
12235,19709,5
12235,19711,1
12235,19712,8
12235,19734,2
12235,19735,4
12235,19736,2
12235,19738,2
12235,19744,3
12235,19747,3
12235,19749,2
12235,19750,5
12235,19751,1
12235,19752,4
12235,19756,11
12235,19757,15
12235,19759,5
12235,19760,7
12235,19762,3
12235,19763,7
12235,19764,40
12235,19765,8
12235,19803,1
12235,19805,2
12236,19570,30
12236,19571,56
12236,19572,93
12236,19573,81.5
12236,19574,42
12236,19579,22
12236,19580,47.5
12236,19581,64
12236,19582,49.5
12236,19583,16
12236,19585,1
12236,19587,2
12236,19588,7
12236,19608,142
12236,19609,118.5
12236,19610,28
12236,19611,1
12236,19612,31
12236,19613,40
12236,19614,3
12236,19617,11
12236,19618,4
12236,19624,2
12236,19627,4
12236,19636,6
12236,19637,9.5
12236,19639,4
12236,19641,6
12236,19642,2
12236,19644,2
12236,19645,1
12236,19646,1
12236,19648,3
12236,19649,7
12236,19650,14
12236,19652,3
12236,19660,13
12236,19663,5
12236,19665,4
12236,19668,2
12236,19669,4
12236,19671,5
12236,19672,2
12236,19678,11
12236,19679,32
12236,19680,31
12236,19681,3
12236,19682,8.5
12236,19686,7
12236,19687,2
12236,19688,8
12236,19689,2
12236,19700,9
12236,19701,36.5
12236,19702,60.5
12236,19703,6
12236,19704,8.5
12236,19706,10
12236,19707,4
12236,19710,2
12236,19712,9
12236,19728,2
12236,19731,11
12236,19732,7
12236,19733,1
12236,19737,11
12236,19738,4
12236,19743,1
12236,19745,2
12236,19746,2
12236,19747,7
12236,19748,19
12236,19749,4
12236,19751,4
12236,19752,14
12236,19755,1
12236,19757,5
12236,19758,8
12236,19759,5
12236,19762,10
12236,19764,6
12236,19765,7
12236,19804,5
12236,19809,6
12237,19570,34
12237,19571,164
12237,19572,134.5
12237,19573,85
12237,19574,153
12237,19576,5
12237,19577,2
12237,19579,2
12237,19580,12
12237,19581,1
12237,19582,5
12237,19586,2
12237,19587,8
12237,19589,3
12237,19593,1
12237,19594,3
12237,19601,2
12237,19603,4
12237,19604,3
12237,19611,3
12237,19612,40
12237,19613,79.5
12237,19617,1
12237,19622,5
12237,19624,3
12237,19637,5
12237,19639,3
12237,19640,1
12237,19641,4
12237,19645,8
12237,19646,4
12237,19647,1
12237,19649,36.5
12237,19650,22
12237,19651,4
12237,19652,9
12237,19653,3
12237,19654,2
12237,19655,27
12237,19656,112.5
12237,19657,155
12237,19658,98
12237,19660,12
12237,19662,8
12237,19663,2
12237,19675,5
12237,19676,1
12237,19678,3
12237,19679,6
12237,19680,13
12237,19681,5.5
12237,19697,3
12237,19698,6
12237,19701,55
12237,19702,94.5
12237,19703,4
12237,19704,4
12237,19706,1
12237,19711,7
12237,19729,4
12237,19731,8
12237,19732,8
12237,19734,6
12237,19738,3
12237,19744,4
12237,19745,3
12237,19747,2
12237,19748,3
12237,19752,5
12237,19755,8
12237,19757,17
12237,19758,8
12237,19762,12
12237,19763,11
12237,19782,4
12237,19805,5
12237,19806,2
12238,19570,1
12238,19571,71
12238,19572,97.5
12238,19573,51
12238,19574,69
12238,19579,25
12238,19580,34
12238,19581,19.5
12238,19588,2
12238,19590,7
12238,19592,5
12238,19593,2
12238,19598,1
12238,19599,13
12238,19600,49
12238,19601,65.5
12238,19602,36.5
12238,19604,18
12238,19605,14
12238,19606,57
12238,19607,41.5
12238,19613,23
12238,19616,1
12238,19621,4
12238,19622,19
12238,19624,7
12238,19628,4
12238,19630,1
12238,19634,2
12238,19640,7
12238,19641,2
12238,19642,3
12238,19645,5
12238,19646,17
12238,19647,30
12238,19648,4
12238,19649,27
12238,19650,46
12238,19651,37
12238,19652,6
12238,19655,5
12238,19656,150
12238,19657,117
12238,19658,88
12238,19659,15
12238,19660,10
12238,19661,5
12238,19662,13
12238,19665,6
12238,19668,8
12238,19669,4
12238,19673,2
12238,19676,1
12238,19677,13
12238,19684,5
12238,19685,3
12238,19697,12.5
12238,19698,4
12238,19699,9
12238,19700,2
12238,19701,61.5
12238,19702,29
12238,19703,4
12238,19704,2
12238,19712,3
12238,19714,2
12238,19728,1
12238,19733,4
12238,19734,1
12238,19739,7
12238,19746,2
12238,19747,4
12238,19752,1
12238,19757,10
12238,19758,10
12238,19764,4
12238,19781,4
12238,19806,5
12238,19811,2
12239,19572,20
12239,19573,51
12239,19576,5
12239,19580,10.5
12239,19588,4
12239,19590,1
12239,19599,61
12239,19600,98.5
12239,19601,62
12239,19602,20
12239,19606,35
12239,19607,69.5
12239,19617,2
12239,19621,4
12239,19623,3
12239,19624,10
12239,19632,4
12239,19633,1
12239,19638,9
12239,19640,3
12239,19641,10
12239,19642,3
12239,19643,4
12239,19644,10
12239,19645,10
12239,19646,12
12239,19647,25
12239,19648,6
12239,19649,7
12239,19650,31
12239,19651,22
12239,19652,20
12239,19653,3
12239,19654,8
12239,19655,5
12239,19656,4
12239,19657,33
12239,19658,108
12239,19659,130.5
12239,19660,58
12239,19661,27
12239,19662,77
12239,19663,3
12239,19665,1
12239,19666,25.5
12239,19667,28
12239,19668,31
12239,19669,40
12239,19670,9
12239,19673,13
12239,19674,48.5
12239,19675,14.5
12239,19676,5
12239,19677,6
12239,19684,5
12239,19685,8
12239,19686,4
12239,19687,1
12239,19698,17
12239,19701,27
12239,19702,32
12239,19703,16
12239,19704,4
12239,19705,2
12239,19706,4
12239,19710,2
12239,19713,7
12239,19714,3
12239,19715,13.5
12239,19729,1
12239,19730,10
12239,19733,1
12239,19736,1
12239,19745,4
12239,19746,2
12239,19749,6
12239,19750,2
12239,19754,2
12239,19759,4
12239,19760,3
12239,19768,6
12239,19780,4
12239,19808,2
12239,19809,2
12240,19574,92.5
12240,19575,77.5
12240,19576,4
12240,19577,6
12240,19579,2
12240,19580,7
12240,19587,5
12240,19596,3
12240,19599,33
12240,19600,52
12240,19601,57.5
12240,19602,50
12240,19603,3
12240,19605,2
12240,19606,12
12240,19607,18
12240,19608,4
12240,19617,7
12240,19621,1
12240,19623,2
12240,19624,14
12240,19625,3
12240,19626,1
12240,19627,4
12240,19630,9
12240,19632,1
12240,19638,3
12240,19640,1
12240,19641,2
12240,19642,9
12240,19643,2
12240,19646,4
12240,19649,4
12240,19651,15.5
12240,19653,1
12240,19655,41
12240,19656,141.5
12240,19657,93.5
12240,19658,106.5
12240,19659,111
12240,19660,45
12240,19661,97
12240,19662,106.5
12240,19663,3
12240,19664,3
12240,19666,3
12240,19667,1
12240,19669,5
12240,19670,34.5
12240,19671,7
12240,19672,4
12240,19674,7
12240,19675,3
12240,19676,10
12240,19687,3
12240,19698,20.5
12240,19700,5
12240,19701,3
12240,19702,6
12240,19703,4
12240,19708,1
12240,19710,2
12240,19712,3
12240,19715,36.5
12240,19716,3
12240,19717,4
12240,19731,1
12240,19732,3
12240,19734,4
12240,19737,2
12240,19740,2
12240,19741,2
12240,19749,4
12240,19750,13
12240,19754,9
12240,19755,4
12240,19758,2
12240,19759,1
12240,19760,13.5
12240,19767,1
12240,19768,4.5
12240,19801,2
12240,19804,2
12240,19809,10
12241,19574,134
12241,19575,3
12241,19576,5
12241,19577,4
12241,19579,4
12241,19580,5
12241,19581,7
12241,19590,4
12241,19597,4
12241,19598,5
12241,19599,10
12241,19600,6
12241,19601,5
12241,19602,2
12241,19606,9
12241,19607,2
12241,19611,5
12241,19612,18
12241,19617,7
12241,19618,8
12241,19620,8
12241,19621,5
12241,19623,3
12241,19624,2
12241,19625,10
12241,19626,6
12241,19629,4
12241,19630,3
12241,19636,6
12241,19644,4
12241,19645,9
12241,19646,10
12241,19647,5
12241,19648,31
12241,19651,2
12241,19652,2
12241,19654,21
12241,19655,240.5
12241,19656,72.5
12241,19657,76
12241,19658,115.5
12241,19659,205
12241,19660,21.5
12241,19661,31.5
12241,19662,70
12241,19663,73.5
12241,19665,14.5
12241,19666,5
12241,19667,3
12241,19668,2
12241,19670,13
12241,19671,9
12241,19690,2
12241,19692,4
12241,19693,1
12241,19697,4
12241,19700,4
12241,19701,5
12241,19703,9
12241,19704,3
12241,19708,1
12241,19709,2
12241,19710,16
12241,19711,42.5
12241,19712,38
12241,19713,6
12241,19714,20
12241,19715,3
12241,19716,10
12241,19717,6
12241,19728,2
12241,19729,10
12241,19734,2
12241,19741,1
12241,19742,11
12241,19747,1
12241,19748,1
12241,19750,7
12241,19755,3
12241,19756,2
12241,19757,8
12241,19760,7
12241,19765,1
12241,19768,31
12241,19769,5
12241,19809,13
12242,19574,20.5
12242,19575,14
12242,19576,7
12242,19578,18
12242,19579,4
12242,19587,6
12242,19588,2
12242,19590,8
12242,19597,9
12242,19599,2
12242,19600,5
12242,19601,2
12242,19602,25
12242,19604,17
12242,19611,8
12242,19612,3
12242,19616,8
12242,19617,6
12242,19620,3
12242,19622,2
12242,19623,1
12242,19624,5
12242,19629,3
12242,19630,4
12242,19631,2
12242,19632,6
12242,19635,3
12242,19636,6
12242,19638,2.5
12242,19639,3
12242,19642,3
12242,19643,12
12242,19644,4
12242,19645,2
12242,19646,5
12242,19647,29
12242,19648,56
12242,19649,5
12242,19650,2
12242,19651,28.5
12242,19652,22
12242,19653,35
12242,19654,121.5
12242,19655,84
12242,19656,151
12242,19657,99
12242,19658,142.5
12242,19659,340
12242,19660,40
12242,19661,26
12242,19662,122
12242,19663,3
12242,19664,6
12242,19665,80
12242,19666,20
12242,19667,2
12242,19669,8
12242,19670,15
12242,19671,5
12242,19673,10
12242,19680,9
12242,19681,4
12242,19687,4
12242,19690,3
12242,19692,2
12242,19693,4
12242,19695,1
12242,19698,21
12242,19703,2
12242,19707,2
12242,19709,1
12242,19710,10
12242,19711,173
12242,19712,77
12242,19713,46
12242,19715,9
12242,19716,3
12242,19717,2
12242,19719,3
12242,19724,2
12242,19738,5
12242,19740,5
12242,19741,4
12242,19742,5
12242,19743,1
12242,19744,2
12242,19747,2
12242,19750,11
12242,19752,2
12242,19753,1
12242,19755,6
12242,19756,2
12242,19757,5
12242,19766,3
12242,19767,2
12242,19768,28
12242,19769,29.5
12242,19809,8.5
12242,19810,40
12242,19811,6
12243,19572,4
12243,19573,1
12243,19574,38
12243,19575,3.5
12243,19576,7
12243,19578,6
12243,19579,17
12243,19580,4
12243,19587,1
12243,19588,5
12243,19589,4
12243,19597,1
12243,19598,4
12243,19601,4
12243,19604,10
12243,19605,16
12243,19606,2.5
12243,19610,1
12243,19611,8
12243,19612,2
12243,19614,1
12243,19624,5
12243,19625,2
12243,19626,65
12243,19627,26
12243,19628,4
12243,19629,7
12243,19635,2
12243,19636,1
12243,19637,6
12243,19643,20
12243,19644,82.5
12243,19645,83
12243,19646,60
12243,19647,36
12243,19648,45.5
12243,19649,41
12243,19650,5
12243,19651,143
12243,19652,102.5
12243,19653,73.5
12243,19654,62
12243,19655,129
12243,19656,150
12243,19657,87
12243,19658,26
12243,19659,72.5
12243,19660,50
12243,19661,107
12243,19662,63
12243,19663,32
12243,19664,6
12243,19665,8
12243,19666,6
12243,19668,18
12243,19669,16
12243,19670,5
12243,19671,12
12243,19672,13
12243,19678,9
12243,19687,2
12243,19688,4
12243,19690,2
12243,19692,5
12243,19696,7.5
12243,19697,4
12243,19698,25.5
12243,19699,2
12243,19706,14
12243,19707,2
12243,19708,4
12243,19710,3
12243,19711,85
12243,19712,38
12243,19713,13
12243,19714,1
12243,19715,6
12243,19717,8
12243,19719,6
12243,19737,2
12243,19743,5
12243,19745,2
12243,19747,5
12243,19748,25
12243,19749,6
12243,19750,4
12243,19752,4
12243,19756,8
12243,19758,3
12243,19761,1
12243,19764,2
12243,19766,3
12243,19767,28.5
12243,19768,42
12243,19769,12
12243,19809,9
12243,19810,13
12244,19573,2
12244,19574,65
12244,19575,9
12244,19579,16
12244,19580,14
12244,19581,7
12244,19582,4
12244,19586,1
12244,19592,2
12244,19600,11
12244,19601,4
12244,19610,4
12244,19611,4
12244,19613,4
12244,19616,3
12244,19623,15.5
12244,19624,5
12244,19626,135.5
12244,19627,5
12244,19639,4
12244,19640,2
12244,19641,64
12244,19642,69
12244,19643,68.5
12244,19644,90.5
12244,19645,96.5
12244,19646,101
12244,19647,117
12244,19648,122
12244,19649,49
12244,19650,26
12244,19651,355
12244,19652,216.5
12244,19653,255
12244,19654,58.5
12244,19655,113.5
12244,19656,119.5
12244,19657,109.5
12244,19658,57
12244,19659,85.5
12244,19660,63
12244,19661,75.5
12244,19662,139.5
12244,19663,64
12244,19664,24
12244,19665,2
12244,19666,57.5
12244,19667,43.5
12244,19668,27
12244,19669,5
12244,19677,9
12244,19678,9
12244,19681,6
12244,19691,4
12244,19692,1
12244,19695,2
12244,19696,3
12244,19697,3
12244,19701,5
12244,19704,3
12244,19707,2
12244,19709,3
12244,19711,3
12244,19713,4
12244,19716,4
12244,19718,8
12244,19733,4
12244,19740,1
12244,19741,7
12244,19743,2
12244,19746,2
12244,19747,2
12244,19750,10
12244,19751,1
12244,19756,4
12244,19757,4
12244,19764,20
12244,19766,19
12244,19767,112
12244,19810,22
12245,19573,22
12245,19574,8
12245,19575,9
12245,19576,11
12245,19579,2
12245,19580,8
12245,19585,6
12245,19588,11
12245,19590,2
12245,19592,2
12245,19594,1
12245,19603,5
12245,19605,3
12245,19608,13
12245,19609,12
12245,19614,16
12245,19616,3
12245,19622,1
12245,19624,5
12245,19625,5
12245,19626,48
12245,19627,1
12245,19629,3
12245,19630,9
12245,19634,3
12245,19637,5
12245,19639,2
12245,19641,41
12245,19642,136.5
12245,19643,122.5
12245,19644,56
12245,19645,84
12245,19646,199
12245,19647,99
12245,19648,105
12245,19649,147.5
12245,19650,113
12245,19651,368
12245,19652,249
12245,19653,173
12245,19654,244.5
12245,19655,47
12245,19656,78
12245,19657,60.5
12245,19658,144
12245,19659,46
12245,19660,49.5
12245,19661,66.5
12245,19662,8
12245,19666,17
12245,19667,4
12245,19674,4
12245,19676,4
12245,19677,1
12245,19678,6
12245,19682,2
12245,19688,2
12245,19692,5
12245,19697,12
12245,19698,1
12245,19699,7
12245,19713,5
12245,19714,11
12245,19715,9
12245,19716,7
12245,19717,21
12245,19718,10
12245,19734,3
12245,19739,4
12245,19746,5
12245,19747,9
12245,19749,26
12245,19750,12
12245,19751,4
12245,19753,2
12245,19756,16.5
12245,19764,18
12245,19766,1
12245,19767,25
12245,19768,9
12245,19769,4
12246,19573,7
12246,19575,7
12246,19580,2
12246,19581,7
12246,19583,2
12246,19585,7
12246,19586,15
12246,19591,8
12246,19594,6
12246,19601,6
12246,19602,5
12246,19609,4
12246,19614,16
12246,19616,6.5
12246,19621,2
12246,19624,9
12246,19628,2
12246,19629,1
12246,19631,9
12246,19632,6
12246,19638,2
12246,19640,2
12246,19641,15
12246,19642,76.5
12246,19643,101
12246,19644,78
12246,19645,93.5
12246,19646,92
12246,19647,127
12246,19648,158
12246,19649,43
12246,19650,83.5
12246,19651,489
12246,19652,497.5
12246,19653,386
12246,19654,33.5
12246,19656,125
12246,19657,28
12246,19658,49
12246,19659,15
12246,19660,24
12246,19661,104.5
12246,19662,81
12246,19663,24
12246,19665,1
12246,19666,3
12246,19670,1
12246,19674,2
12246,19677,1
12246,19682,2
12246,19684,3
12246,19690,5
12246,19693,3
12246,19695,1
12246,19698,1
12246,19699,3
12246,19700,2
12246,19704,4
12246,19710,6
12246,19717,6
12246,19718,1
12246,19735,1
12246,19737,2
12246,19738,11
12246,19739,20
12246,19741,35
12246,19742,3
12246,19743,2
12246,19746,4
12246,19748,12
12246,19749,7
12246,19761,2
12246,19762,3
12246,19764,8
12246,19768,11
12246,19769,5
12246,19812,1
12247,19572,3
12247,19574,2
12247,19575,8
12247,19581,3
12247,19585,12
12247,19586,4
12247,19592,6
12247,19601,1
12247,19602,4
12247,19606,1
12247,19614,4
12247,19617,5.5
12247,19620,9
12247,19621,1
12247,19626,20
12247,19627,15
12247,19628,6
12247,19632,1.5
12247,19633,4
12247,19634,5
12247,19635,10
12247,19636,5
12247,19638,2
12247,19639,2
12247,19640,2
12247,19641,80.5
12247,19642,86
12247,19643,75
12247,19644,7
12247,19645,98.5
12247,19646,33
12247,19647,88
12247,19648,109.5
12247,19649,52.5
12247,19650,7
12247,19651,122
12247,19652,499.5
12247,19653,244.5
12247,19654,91.5
12247,19655,4
12247,19656,167.5
12247,19657,47.5
12247,19658,12
12247,19659,46
12247,19660,99
12247,19661,62
12247,19662,168
12247,19663,120.5
12247,19664,56.5
12247,19665,82.5
12247,19666,7
12247,19668,171
12247,19669,93
12247,19670,74
12247,19677,6
12247,19678,2
12247,19680,2
12247,19683,3
12247,19684,13
12247,19688,4
12247,19690,1
12247,19701,6
12247,19704,3
12247,19718,3
12247,19721,6
12247,19729,2
12247,19730,2
12247,19731,2
12247,19732,12
12247,19738,14
12247,19741,1
12247,19742,15.5
12247,19743,4
12247,19744,2
12247,19745,2
12247,19747,2
12247,19748,7
12247,19749,5
12247,19764,3
12247,19766,8
12247,19767,2
12247,19768,25
12247,19769,2
12247,19811,9
12247,19812,14
12248,19573,3
12248,19574,1
12248,19575,2
12248,19577,1
12248,19580,2
12248,19581,5
12248,19582,8
12248,19586,2
12248,19593,4
12248,19596,5
12248,19598,5
12248,19604,2
12248,19605,11
12248,19606,2
12248,19614,3
12248,19615,2
12248,19616,2
12248,19617,1
12248,19618,3
12248,19626,13.5
12248,19627,1
12248,19629,8
12248,19630,3
12248,19633,4
12248,19634,3
12248,19637,1
12248,19638,4
12248,19640,10
12248,19642,16
12248,19643,11
12248,19644,30
12248,19645,28.5
12248,19646,59.5
12248,19647,111
12248,19648,79
12248,19650,19.5
12248,19651,171.5
12248,19652,296.5
12248,19653,268.5
12248,19654,350.5
12248,19655,468.5
12248,19656,53
12248,19657,133
12248,19658,30.5
12248,19659,61.5
12248,19660,94
12248,19661,335.5
12248,19662,60.5
12248,19663,86
12248,19664,150
12248,19665,288.5
12248,19666,28
12248,19667,1
12248,19668,78
12248,19669,77
12248,19670,69
12248,19671,2
12248,19677,2
12248,19678,22
12248,19679,5
12248,19690,4
12248,19693,7
12248,19694,9
12248,19695,13
12248,19713,1
12248,19721,1
12248,19722,11
12248,19732,3
12248,19733,1
12248,19735,6
12248,19737,5
12248,19743,5
12248,19745,3
12248,19747,10
12248,19755,1
12248,19766,7
12248,19768,14
12248,19769,12
12248,19811,8
12249,19572,3
12249,19577,3
12249,19580,4
12249,19581,13
12249,19582,9
12249,19584,2
12249,19585,3
12249,19589,5
12249,19590,4
12249,19594,3
12249,19604,10
12249,19605,4
12249,19611,6
12249,19615,2
12249,19617,3
12249,19618,7
12249,19621,2
12249,19623,5
12249,19624,4
12249,19626,3
12249,19633,6
12249,19635,2
12249,19642,4
12249,19643,3
12249,19644,9
12249,19645,16
12249,19646,140
12249,19647,115
12249,19648,104.5
12249,19649,48.5
12249,19650,325.5
12249,19651,521.5
12249,19652,631.5
12249,19653,388.5
12249,19654,44.5
12249,19655,112.5
12249,19656,83.5
12249,19657,44.5
12249,19658,179
12249,19659,74
12249,19660,397.5
12249,19661,533.5
12249,19662,157
12249,19663,94
12249,19664,102
12249,19665,171
12249,19666,3
12249,19667,1
12249,19671,1
12249,19676,3
12249,19677,8
12249,19678,22
12249,19679,11
12249,19685,3
12249,19686,5.5
12249,19689,2
12249,19694,2
12249,19695,78
12249,19696,25
12249,19697,4
12249,19699,9
12249,19702,2
12249,19721,1
12249,19722,33
12249,19723,14
12249,19724,5
12249,19729,1
12249,19731,11
12249,19732,4
12249,19733,1
12249,19736,4
12249,19737,1
12249,19743,5
12249,19745,4
12249,19746,11
12249,19747,6
12249,19751,11
12249,19752,2
12249,19761,2
12249,19762,3
12249,19764,3
12249,19766,4
12249,19767,3
12249,19768,5
12249,19769,8
12249,19811,3
12250,19574,5
12250,19575,1
12250,19576,6
12250,19578,3
12250,19579,2
12250,19580,3
12250,19581,6
12250,19582,2
12250,19583,4
12250,19584,8
12250,19586,4
12250,19588,4
12250,19589,9
12250,19590,5
12250,19596,2
12250,19598,5
12250,19601,7.5
12250,19609,5
12250,19610,2
12250,19620,1
12250,19622,1
12250,19624,3
12250,19625,1
12250,19626,2
12250,19629,4
12250,19631,1
12250,19634,7
12250,19636,2
12250,19637,10
12250,19638,9.5
12250,19641,3
12250,19642,1.5
12250,19644,5
12250,19646,15.5
12250,19647,165.5
12250,19648,95
12250,19649,162
12250,19650,174.5
12250,19651,286
12250,19652,231.5
12250,19653,288
12250,19654,185
12250,19655,314.5
12250,19656,29.5
12250,19657,213.5
12250,19658,202.5
12250,19659,281.5
12250,19660,132
12250,19661,428.5
12250,19662,545.5
12250,19663,340
12250,19664,203.5
12250,19667,6
12250,19668,4
12250,19670,13
12250,19672,1
12250,19678,15
12250,19679,4
12250,19684,4
12250,19685,1
12250,19691,2
12250,19696,17
12250,19697,4
12250,19700,5
12250,19702,4
12250,19720,2
12250,19721,6
12250,19722,81.5
12250,19723,49
12250,19724,6
12250,19730,2
12250,19731,13
12250,19732,22
12250,19733,11
12250,19738,2
12250,19745,4
12250,19746,30
12250,19747,17
12250,19748,19
12250,19749,1
12250,19750,3
12250,19751,33
12250,19752,12
12250,19764,5
12250,19765,3
12250,19766,7
12250,19767,3
12250,19768,10
12250,19769,18
12251,19574,22
12251,19576,13
12251,19577,4
12251,19579,3
12251,19580,4
12251,19581,3
12251,19582,18
12251,19583,6
12251,19584,3
12251,19588,8
12251,19590,4
12251,19591,4
12251,19592,6
12251,19593,4
12251,19595,8
12251,19596,24
12251,19601,4
12251,19605,5
12251,19607,1
12251,19612,4
12251,19613,1
12251,19619,2
12251,19620,8.5
12251,19631,11
12251,19632,2
12251,19633,2
12251,19635,13
12251,19636,8
12251,19637,11
12251,19638,3
12251,19640,7
12251,19641,2
12251,19642,4
12251,19643,9
12251,19645,3
12251,19646,78.5
12251,19647,39
12251,19648,273
12251,19649,87
12251,19650,350.5
12251,19651,252
12251,19652,301
12251,19653,416.5
12251,19654,231.5
12251,19655,219
12251,19656,106
12251,19657,124.5
12251,19658,155.5
12251,19659,144
12251,19660,75
12251,19661,102
12251,19662,19
12251,19663,338
12251,19664,38
12251,19665,17
12251,19667,7
12251,19670,6
12251,19676,17
12251,19683,8
12251,19684,6
12251,19685,2
12251,19686,5
12251,19689,4
12251,19690,1
12251,19695,5
12251,19697,4
12251,19699,5.5
12251,19700,5.5
12251,19701,1
12251,19706,4
12251,19707,3
12251,19708,3
12251,19709,2
12251,19710,2
12251,19711,1
12251,19712,7
12251,19720,14
12251,19722,67
12251,19723,19
12251,19724,8
12251,19731,6
12251,19732,44
12251,19733,65.5
12251,19735,10
12251,19736,29.5
12251,19737,55
12251,19738,31
12251,19742,1
12251,19743,4
12251,19744,10
12251,19745,2
12251,19746,1
12251,19747,1
12251,19751,13
12251,19752,2
12251,19767,2
12251,19768,5
12251,19769,142
12251,19813,3
12252,19574,8
12252,19577,2
12252,19578,9
12252,19580,5
12252,19581,18
12252,19582,47.5
12252,19583,20
12252,19584,12
12252,19585,8
12252,19586,2
12252,19590,2
12252,19592,3
12252,19593,10
12252,19594,2
12252,19595,4
12252,19596,8
12252,19597,8
12252,19598,9
12252,19599,5
12252,19600,2
12252,19602,11
12252,19603,9
12252,19605,3
12252,19607,4
12252,19611,2
12252,19612,4
12252,19618,9.5
12252,19619,11
12252,19621,5
12252,19622,5
12252,19625,4
12252,19626,3
12252,19627,3
12252,19628,6
12252,19629,34
12252,19631,6
12252,19633,4
12252,19634,4
12252,19635,4
12252,19638,6
12252,19639,2
12252,19640,2
12252,19641,9
12252,19643,4
12252,19644,4
12252,19645,4
12252,19646,7
12252,19647,107
12252,19648,115.5
12252,19649,31
12252,19650,190
12252,19651,42
12252,19652,171
12252,19653,230.5
12252,19654,292.5
12252,19655,149
12252,19656,291
12252,19657,321
12252,19658,79
12252,19659,99
12252,19660,216.5
12252,19661,169.5
12252,19662,84
12252,19663,117
12252,19664,16
12252,19666,9
12252,19667,6
12252,19668,6
12252,19669,1
12252,19675,12
12252,19676,46
12252,19681,2
12252,19682,5
12252,19683,1
12252,19690,2
12252,19691,2
12252,19694,2
12252,19696,16.5
12252,19705,2
12252,19710,16
12252,19711,4.5
12252,19716,10
12252,19717,2
12252,19722,11
12252,19730,17
12252,19731,111
12252,19732,59.5
12252,19733,110.5
12252,19734,7
12252,19736,2
12252,19737,7
12252,19738,1
12252,19742,11.5
12252,19743,4
12252,19745,2
12252,19746,1
12252,19751,1
12252,19752,1
12252,19753,5
12252,19765,6
12252,19766,4
12252,19767,36
12252,19768,71.5
12252,19814,6
12253,19574,13
12253,19576,5
12253,19577,5
12253,19578,12
12253,19579,4
12253,19580,3
12253,19581,6
12253,19583,2
12253,19585,1.5
12253,19586,4
12253,19587,7
12253,19591,2
12253,19594,6
12253,19595,3
12253,19596,7
12253,19597,8
12253,19598,2
12253,19600,2
12253,19601,3
12253,19602,12
12253,19610,7
12253,19614,1
12253,19616,1
12253,19617,7
12253,19619,3
12253,19621,2
12253,19623,4
12253,19624,2
12253,19625,5
12253,19626,3
12253,19627,39.5
12253,19630,3
12253,19631,2
12253,19634,6
12253,19636,2
12253,19637,2
12253,19638,1
12253,19641,1
12253,19642,2
12253,19646,42.5
12253,19647,71
12253,19648,81.5
12253,19649,96.5
12253,19650,9.5
12253,19651,59
12253,19652,273.5
12253,19653,211.5
12253,19654,137
12253,19655,122
12253,19656,147
12253,19657,126
12253,19658,140
12253,19659,190.5
12253,19660,107
12253,19661,39
12253,19662,57.5
12253,19663,140.5
12253,19664,25
12253,19665,2
12253,19668,2
12253,19669,9
12253,19673,12
12253,19674,19
12253,19675,4
12253,19680,4
12253,19684,4
12253,19686,12
12253,19689,4
12253,19690,2
12253,19694,5
12253,19697,3
12253,19700,2
12253,19701,3
12253,19703,2
12253,19705,2
12253,19710,4
12253,19713,4
12253,19714,5
12253,19721,2
12253,19722,43
12253,19731,100
12253,19732,2
12253,19733,11
12253,19734,13
12253,19750,2
12253,19751,24
12253,19752,40
12253,19814,10
12254,19576,9
12254,19578,10
12254,19579,6
12254,19580,2
12254,19581,11.5
12254,19582,3
12254,19594,2.5
12254,19598,2
12254,19600,3
12254,19601,2
12254,19603,1
12254,19611,1
12254,19612,6
12254,19619,6
12254,19622,2
12254,19623,5
12254,19624,4
12254,19626,41.5
12254,19627,67
12254,19628,18
12254,19630,2
12254,19632,7
12254,19635,3
12254,19636,8.5
12254,19641,1
12254,19642,10
12254,19644,2
12254,19646,37.5
12254,19647,11
12254,19648,241.5
12254,19649,241
12254,19650,115
12254,19651,185.5
12254,19652,260.5
12254,19653,129
12254,19654,132.5
12254,19655,152.5
12254,19656,79
12254,19657,118
12254,19658,112
12254,19659,39
12254,19660,15
12254,19661,36
12254,19662,5
12254,19663,2
12254,19664,63
12254,19665,43.5
12254,19666,6
12254,19675,5
12254,19677,4
12254,19678,9
12254,19679,2
12254,19682,1
12254,19686,3
12254,19687,5
12254,19692,7
12254,19694,2
12254,19699,4
12254,19703,2
12254,19706,4
12254,19712,2
12254,19713,2
12254,19714,9
12254,19715,15
12254,19719,3
12254,19720,4
12254,19722,24
12254,19723,5
12254,19724,11
12254,19730,1
12254,19749,2
12254,19814,5
12255,19578,1
12255,19581,6
12255,19582,4
12255,19584,1
12255,19589,2
12255,19603,2
12255,19612,5
12255,19613,6
12255,19618,1
12255,19622,4
12255,19626,44
12255,19627,92.5
12255,19628,74
12255,19633,12.5
12255,19635,4
12255,19637,6
12255,19638,3
12255,19641,8
12255,19643,3
12255,19644,6
12255,19647,10
12255,19648,76
12255,19649,112.5
12255,19650,81
12255,19651,110
12255,19652,258.5
12255,19653,264
12255,19654,90
12255,19655,74
12255,19656,245
12255,19657,92
12255,19658,56
12255,19659,38
12255,19660,3
12255,19661,37
12255,19662,5
12255,19663,71
12255,19664,117
12255,19665,57.5
12255,19671,1
12255,19674,8
12255,19675,6
12255,19680,9
12255,19682,2
12255,19683,1
12255,19695,9
12255,19698,1
12255,19708,2
12255,19709,1
12255,19710,1
12255,19723,4
12255,19725,2
12255,19729,22
12255,19814,2
12256,19578,14
12256,19579,3
12256,19581,27
12256,19582,11
12256,19583,8
12256,19584,5
12256,19586,6
12256,19601,8
12256,19603,8
12256,19609,4
12256,19610,3
12256,19611,13
12256,19612,10
12256,19613,8
12256,19617,2
12256,19623,8
12256,19626,20.5
12256,19627,104.5
12256,19628,75
12256,19637,3
12256,19638,2
12256,19639,13
12256,19640,1
12256,19641,7
12256,19643,8.5
12256,19645,2
12256,19646,3
12256,19647,8
12256,19648,47.5
12256,19649,109.5
12256,19650,172
12256,19651,80
12256,19652,54
12256,19653,46.5
12256,19654,71
12256,19655,170.5
12256,19656,127
12256,19657,113
12256,19658,70
12256,19659,33
12256,19660,17
12256,19662,4
12256,19663,22.5
12256,19664,17.5
12256,19665,5
12256,19670,5
12256,19671,4
12256,19673,2
12256,19674,3
12256,19677,48
12256,19681,5
12256,19683,3
12256,19685,3
12256,19688,12
12256,19693,4
12256,19694,3
12256,19695,4
12256,19699,6
12256,19705,2
12256,19706,2
12256,19708,4.5
12256,19710,5
12256,19711,11
12256,19717,5
12256,19718,2
12256,19720,1
12256,19726,4
12256,19729,9
12256,19730,5
12256,19815,2
12257,19579,4
12257,19581,2
12257,19582,4
12257,19584,9
12257,19586,4
12257,19589,16.5
12257,19603,1
12257,19604,2
12257,19605,2
12257,19606,15
12257,19607,6
12257,19612,10
12257,19613,21
12257,19614,3
12257,19615,10
12257,19616,4
12257,19618,8
12257,19627,26.5
12257,19628,21
12257,19643,5
12257,19644,2
12257,19646,1
12257,19647,15
12257,19648,8
12257,19649,94
12257,19650,101.5
12257,19651,164
12257,19652,94.5
12257,19653,97
12257,19654,97.5
12257,19655,154.5
12257,19656,170
12257,19657,54
12257,19658,35
12257,19659,31
12257,19660,9
12257,19661,4
12257,19662,9
12257,19663,2
12257,19664,9
12257,19666,9
12257,19668,2
12257,19676,1
12257,19677,6
12257,19685,12
12257,19686,4
12257,19687,6
12257,19688,67
12257,19689,5
12257,19693,8
12257,19694,2
12257,19703,10
12257,19704,6
12257,19706,2
12257,19712,1
12257,19716,2
12257,19717,1
12257,19720,6
12257,19721,9
12257,19723,4
12257,19726,8
12257,19730,9
12257,19815,3
12257,19816,4
12258,19579,1
12258,19580,7
12258,19581,30.5
12258,19589,4
12258,19604,16
12258,19605,11
12258,19606,21
12258,19607,4
12258,19608,4
12258,19620,1
12258,19621,1
12258,19622,2
12258,19633,4
12258,19636,1
12258,19639,5
12258,19641,2
12258,19642,6
12258,19646,4
12258,19647,2
12258,19648,8
12258,19650,37
12258,19651,89
12258,19652,69.5
12258,19653,89
12258,19654,119.5
12258,19655,43
12258,19656,23
12258,19657,21
12258,19658,7
12258,19659,46
12258,19660,29
12258,19661,9
12258,19663,3
12258,19664,4
12258,19665,2
12258,19667,6
12258,19668,4
12258,19676,3
12258,19679,2
12258,19681,2
12258,19684,2
12258,19685,39
12258,19686,48.5
12258,19687,82
12258,19688,85.5
12258,19689,52
12258,19690,2
12258,19693,1
12258,19694,2
12258,19695,9
12258,19697,2
12258,19701,2
12258,19703,2
12258,19709,1
12258,19711,3
12258,19714,2
12258,19719,8
12258,19720,30.5
12258,19721,4
12258,19724,2
12258,19725,3
12259,19580,2
12259,19581,4
12259,19583,4
12259,19584,9
12259,19586,12
12259,19588,1
12259,19589,2
12259,19603,16
12259,19604,41
12259,19605,9
12259,19607,4
12259,19608,3
12259,19610,2
12259,19616,5
12259,19621,41
12259,19622,11
12259,19623,13
12259,19629,3
12259,19634,1
12259,19636,3.5
12259,19637,1
12259,19638,4
12259,19639,5
12259,19640,6
12259,19641,9
12259,19643,1
12259,19644,5
12259,19647,5
12259,19648,4
12259,19650,5
12259,19651,3
12259,19652,6
12259,19653,8
12259,19654,74
12259,19655,35
12259,19656,20.5
12259,19657,2
12259,19658,23
12259,19659,39
12259,19660,67
12259,19661,63
12259,19662,9
12259,19664,4
12259,19666,6
12259,19669,2
12259,19670,5
12259,19671,5
12259,19682,11
12259,19684,46
12259,19685,58
12259,19686,78
12259,19687,53
12259,19688,2
12259,19689,5.5
12259,19693,1
12259,19703,3
12259,19713,3
12259,19724,5
12259,19726,2
12259,19826,5
12260,19583,34
12260,19584,35
12260,19587,11
12260,19588,7
12260,19598,1
12260,19599,3
12260,19600,8
12260,19601,4
12260,19603,7
12260,19604,31
12260,19608,2
12260,19620,62
12260,19621,22
12260,19622,2
12260,19623,17
12260,19624,46
12260,19627,4
12260,19628,3
12260,19629,4
12260,19630,2
12260,19631,6
12260,19633,1
12260,19635,13
12260,19636,7
12260,19637,4
12260,19638,5
12260,19639,6
12260,19641,5
12260,19642,8
12260,19643,2
12260,19644,4
12260,19648,6
12260,19649,4
12260,19650,5
12260,19651,8
12260,19652,6
12260,19653,4
12260,19654,156
12260,19655,59
12260,19656,12
12260,19657,2
12260,19658,3
12260,19659,25
12260,19660,16
12260,19661,32
12260,19666,8
12260,19669,3
12260,19670,4
12260,19671,12
12260,19682,4
12260,19683,26
12260,19684,22
12260,19685,72
12260,19686,160
12260,19687,32
12260,19693,1
12260,19695,5
12260,19704,7
12260,19710,7
12260,19711,4
12260,19712,1
12260,19825,4
12261,19580,29
12261,19581,25
12261,19582,3
12261,19588,4
12261,19598,1
12261,19599,32.5
12261,19600,67
12261,19601,81
12261,19602,4
12261,19603,4
12261,19604,4
12261,19606,3
12261,19620,5.5
12261,19621,2
12261,19624,21
12261,19629,2
12261,19630,2
12261,19631,6
12261,19637,4
12261,19641,3
12261,19642,2
12261,19643,2
12261,19644,2
12261,19645,1
12261,19646,4
12261,19647,3
12261,19648,6
12261,19649,12
12261,19650,4
12261,19651,1
12261,19653,8
12261,19654,129
12261,19655,130
12261,19656,67
12261,19657,68.5
12261,19658,14
12261,19659,6
12261,19666,9
12261,19668,9
12261,19672,3
12261,19674,5
12261,19675,3
12261,19684,4
12261,19685,5
12261,19686,89
12261,19687,103
12261,19688,13
12261,19690,2
12261,19704,2
12261,19706,5
12261,19707,6
12261,19709,9
12261,19710,6
12261,19725,10
12261,19819,2
12261,19821,4
12261,19822,2
12262,19579,5
12262,19580,13
12262,19581,44
12262,19582,20
12262,19584,3
12262,19587,2
12262,19596,3
12262,19598,31.5
12262,19599,98.5
12262,19600,105
12262,19601,41
12262,19602,33
12262,19603,16
12262,19607,2
12262,19608,12
12262,19626,2
12262,19627,2
12262,19629,6
12262,19631,3
12262,19632,5
12262,19633,6
12262,19635,2
12262,19641,4
12262,19643,2
12262,19644,3
12262,19647,2
12262,19649,8
12262,19653,22
12262,19654,120.5
12262,19655,123.5
12262,19656,105
12262,19657,51
12262,19658,5
12262,19662,4
12262,19663,7
12262,19666,1
12262,19667,4
12262,19673,3
12262,19675,4
12262,19676,2
12262,19677,2
12262,19685,1
12262,19686,13
12262,19687,10
12262,19688,7
12262,19689,12
12262,19690,2
12262,19703,1
12262,19704,23
12262,19705,82
12262,19706,11
12262,19709,4
12262,19710,1
12262,19719,5
12262,19720,6
12262,19816,1
12262,19818,7
12262,19819,8
12262,19820,7
12263,19585,11
12263,19586,3
12263,19587,7
12263,19597,2
12263,19598,12
12263,19599,34
12263,19600,22
12263,19601,12
12263,19602,8
12263,19603,47.5
12263,19604,12
12263,19605,2
12263,19607,5
12263,19608,5
12263,19618,5
12263,19620,18
12263,19627,1
12263,19629,1
12263,19632,1
12263,19635,2
12263,19637,2
12263,19638,1
12263,19639,8
12263,19640,1
12263,19642,1
12263,19646,1
12263,19648,6
12263,19649,12
12263,19650,21.5
12263,19652,12
12263,19653,72
12263,19654,43
12263,19655,124.5
12263,19656,99
12263,19657,21.5
12263,19659,25
12263,19660,3
12263,19662,1
12263,19663,3
12263,19664,2
12263,19666,3
12263,19668,5
12263,19675,2
12263,19677,5
12263,19679,3
12263,19684,7
12263,19687,6
12263,19688,7
12263,19703,13
12263,19704,101.5
12263,19705,83.5
12263,19706,19
12263,19708,3
12263,19709,6
12263,19710,2
12263,19711,5
12263,19819,48
12263,19820,3
12264,19579,14
12264,19582,22
12264,19585,26.5
12264,19586,6
12264,19587,21
12264,19588,1
12264,19589,6
12264,19590,6
12264,19591,21
12264,19594,2
12264,19601,12
12264,19603,12
12264,19605,4
12264,19607,6
12264,19608,2
12264,19611,2
12264,19613,5
12264,19619,20
12264,19620,48.5
12264,19623,2
12264,19627,4
12264,19640,1
12264,19641,2
12264,19644,4
12264,19645,10
12264,19652,8
12264,19653,69
12264,19654,73.5
12264,19655,81
12264,19656,73
12264,19657,8
12264,19658,24
12264,19659,51
12264,19660,9
12264,19661,3
12264,19664,6
12264,19665,2
12264,19669,1
12264,19676,4
12264,19682,2
12264,19702,13.5
12264,19703,7
12264,19704,90.5
12264,19705,78
12264,19706,32
12264,19707,9
12264,19708,2
12264,19709,1
12264,19714,2
12264,19715,5
12265,19575,13
12265,19578,15
12265,19579,2
12265,19581,3
12265,19585,21
12265,19586,26.5
12265,19587,18
12265,19596,3
12265,19599,3
12265,19600,17
12265,19604,2
12265,19606,4
12265,19607,4
12265,19608,4
12265,19609,4
12265,19611,6
12265,19614,6
12265,19618,5
12265,19619,36
12265,19620,46
12265,19621,8
12265,19622,6
12265,19624,2
12265,19625,2
12265,19626,10
12265,19627,4
12265,19629,5
12265,19637,5
12265,19641,4
12265,19644,10
12265,19645,4
12265,19646,2
12265,19652,7
12265,19653,27
12265,19654,44
12265,19655,24
12265,19656,41.5
12265,19657,43
12265,19658,59
12265,19659,39
12265,19660,26.5
12265,19661,25
12265,19662,12
12265,19665,4
12265,19668,1
12265,19704,6.5
12265,19705,83.5
12265,19706,8
12265,19710,3
12265,19716,2
12265,19718,3
12266,19573,6
12266,19575,1
12266,19576,45
12266,19577,85.5
12266,19578,67.5
12266,19579,17
12266,19580,31.5
12266,19581,8
12266,19585,3
12266,19586,58
12266,19587,25
12266,19588,6
12266,19589,3
12266,19591,2
12266,19595,7
12266,19597,5
12266,19598,6
12266,19600,3
12266,19603,1
12266,19608,13
12266,19609,2
12266,19614,5
12266,19618,27
12266,19619,71
12266,19620,28
12266,19621,9
12266,19622,6
12266,19625,4
12266,19626,6
12266,19627,3
12266,19629,2
12266,19639,8
12266,19646,1
12266,19653,8
12266,19654,76.5
12266,19655,10
12266,19656,10
12266,19657,3
12266,19658,13
12266,19659,22
12266,19660,52.5
12266,19661,37.5
12266,19662,17
12266,19667,18
12266,19668,26
12266,19670,5
12266,19688,3
12266,19691,2
12266,19695,9
12266,19705,28
12266,19706,19
12266,19712,2
12266,19719,1
12267,19573,12
12267,19574,18
12267,19575,63
12267,19576,116
12267,19577,187
12267,19578,90
12267,19579,221
12267,19580,163
12267,19584,2
12267,19585,16
12267,19586,5
12267,19589,4
12267,19591,33
12267,19592,45
12267,19593,13
12267,19597,5
12267,19598,3
12267,19599,7
12267,19600,9
12267,19604,3
12267,19610,4
12267,19613,2
12267,19617,2
12267,19618,73
12267,19619,31
12267,19620,22
12267,19623,9
12267,19627,5
12267,19628,1
12267,19630,9
12267,19631,6
12267,19633,4
12267,19641,4
12267,19643,1
12267,19646,7
12267,19651,2
12267,19653,7
12267,19654,48
12267,19655,27
12267,19656,4
12267,19660,9
12267,19663,2
12267,19666,1
12267,19667,5
12267,19668,11
12267,19669,26
12267,19670,18
12267,19671,4
12267,19673,3
12267,19674,10
12267,19683,1
12267,19684,6
12267,19689,5
12267,19691,10
12267,19692,15.5
12267,19706,17
12267,19707,15
12267,19718,8
12268,19569,36.5
12268,19570,13
12268,19571,230.5
12268,19572,104
12268,19573,103.5
12268,19574,225
12268,19575,192.5
12268,19576,126
12268,19577,139.5
12268,19578,84.5
12268,19579,76
12268,19580,136
12268,19583,5
12268,19584,1
12268,19585,1
12268,19586,8
12268,19587,2
12268,19588,4
12268,19589,9
12268,19590,32
12268,19591,19
12268,19592,33.5
12268,19593,35
12268,19599,5
12268,19606,4
12268,19610,2
12268,19611,10
12268,19612,10
12268,19613,17
12268,19614,2
12268,19616,6
12268,19617,20
12268,19618,37
12268,19621,2
12268,19624,6
12268,19625,5
12268,19628,20
12268,19630,8
12268,19632,4
12268,19633,1
12268,19634,12
12268,19637,1
12268,19638,5
12268,19641,6
12268,19643,4
12268,19645,2
12268,19649,5
12268,19650,3
12268,19653,5
12268,19654,25
12268,19655,28
12268,19656,2
12268,19660,3
12268,19661,8
12268,19662,4
12268,19663,6
12268,19665,4
12268,19666,7
12268,19667,24
12268,19668,69
12268,19669,3
12268,19672,3
12268,19683,7
12268,19684,9
12268,19685,7
12268,19686,3
12268,19689,4
12268,19691,15
12268,19692,21
12268,19693,29
12268,19706,5
12268,19707,14
12268,19708,4
12268,19709,13
12269,19569,164
12269,19570,380.5
12269,19571,216
12269,19572,152
12269,19573,94.5
12269,19574,90.5
12269,19575,75.5
12269,19576,154.5
12269,19577,116
12269,19578,130.5
12269,19579,25.5
12269,19580,1
12269,19585,5
12269,19587,4
12269,19588,13
12269,19589,49
12269,19590,91.5
12269,19591,10
12269,19592,11
12269,19593,19
12269,19600,9.5
12269,19603,2
12269,19607,9
12269,19609,4
12269,19613,8
12269,19614,2
12269,19617,16
12269,19618,148
12269,19619,14
12269,19626,4
12269,19629,6
12269,19631,6
12269,19632,2
12269,19633,2
12269,19634,2
12269,19637,4
12269,19638,1
12269,19639,2
12269,19642,3
12269,19644,3
12269,19647,4
12269,19649,9
12269,19650,5
12269,19653,3
12269,19654,20
12269,19655,9
12269,19656,2
12269,19657,4
12269,19661,8
12269,19662,3
12269,19663,4
12269,19665,8
12269,19666,43
12269,19667,91
12269,19668,136
12269,19669,93
12269,19670,56
12269,19672,2
12269,19684,4
12269,19685,43
12269,19686,94
12269,19687,62
12269,19689,8
12269,19690,4.5
12269,19692,1
12270,19567,6
12270,19568,173.5
12270,19569,79.5
12270,19570,193
12270,19571,93
12270,19572,90
12270,19573,83.5
12270,19574,33
12270,19575,107.5
12270,19576,40.5
12270,19577,27
12270,19578,37
12270,19579,7
12270,19580,13
12270,19581,3
12270,19583,2
12270,19585,3
12270,19588,29
12270,19589,77
12270,19590,4
12270,19591,55
12270,19592,31
12270,19593,4
12270,19595,3
12270,19596,4
12270,19602,5
12270,19605,7
12270,19611,3
12270,19613,2
12270,19614,2
12270,19616,8
12270,19617,12
12270,19618,152
12270,19619,44
12270,19621,1
12270,19623,2
12270,19625,8
12270,19626,4
12270,19627,4
12270,19628,1
12270,19629,9
12270,19630,1
12270,19637,1
12270,19638,2
12270,19639,4
12270,19641,3
12270,19642,8
12270,19643,3
12270,19644,6
12270,19646,2
12270,19647,3
12270,19649,2
12270,19653,1
12270,19654,122
12270,19655,18
12270,19656,3
12270,19661,1
12270,19662,2
12270,19663,12
12270,19664,9
12270,19665,45
12270,19666,71
12270,19667,70
12270,19668,86
12270,19669,127.5
12270,19670,61
12270,19671,8
12270,19672,31
12270,19673,13
12270,19679,2
12270,19685,37
12270,19686,143
12270,19687,89
12270,19688,3
12270,19690,7
12271,19567,1
12271,19568,195
12271,19569,2
12271,19570,113
12271,19571,5
12271,19572,5
12271,19573,2
12271,19580,6
12271,19581,7
12271,19582,2
12271,19586,10
12271,19587,3
12271,19588,27
12271,19589,1
12271,19590,6
12271,19591,31
12271,19592,70
12271,19595,11
12271,19596,8
12271,19597,18
12271,19598,12
12271,19599,10
12271,19604,7
12271,19605,14
12271,19613,2
12271,19614,4
12271,19618,77
12271,19619,47
12271,19624,1
12271,19625,5
12271,19630,4
12271,19631,4
12271,19636,1.5
12271,19639,2
12271,19644,2
12271,19646,6
12271,19647,1
12271,19648,7
12271,19649,8
12271,19651,2
12271,19653,5
12271,19654,20.5
12271,19655,2
12271,19660,2
12271,19663,34.5
12271,19664,36
12271,19665,56
12271,19666,76.5
12271,19667,76
12271,19668,13.5
12271,19669,53
12271,19670,37
12271,19671,5
12271,19672,41
12271,19673,19
12271,19674,5
12271,19675,1
12271,19678,1
12271,19683,3
12271,19684,1
12271,19685,34
12271,19686,136
12271,19687,39
12272,19567,37.5
12272,19568,17.5
12272,19581,9
12272,19582,3
12272,19588,21
12272,19589,1
12272,19590,4
12272,19591,8
12272,19592,26
12272,19593,9
12272,19595,7
12272,19596,1
12272,19597,6
12272,19598,63
12272,19599,29
12272,19600,9
12272,19602,7
12272,19603,3
12272,19605,2
12272,19609,1
12272,19613,2
12272,19614,5
12272,19616,7
12272,19617,15
12272,19618,25.5
12272,19619,27
12272,19624,4
12272,19625,3
12272,19626,4
12272,19630,4
12272,19635,1
12272,19639,9
12272,19641,3
12272,19646,19
12272,19647,15
12272,19648,5
12272,19651,4
12272,19652,5
12272,19653,2
12272,19654,11
12272,19655,1
12272,19660,6
12272,19663,26
12272,19664,46.5
12272,19665,13
12272,19666,74
12272,19667,103
12272,19668,29
12272,19672,10
12272,19673,20
12272,19674,10
12272,19675,7
12272,19677,7.5
12272,19683,2
12272,19684,10
12272,19685,64
12272,19686,11
12272,19687,56.5
12272,19688,3
12272,19694,7
12273,19567,2
12273,19572,4
12273,19574,2
12273,19577,5
12273,19579,12
12273,19580,11
12273,19581,5
12273,19583,17.5
12273,19587,2
12273,19588,6
12273,19590,4
12273,19592,11
12273,19593,4
12273,19595,17
12273,19596,4
12273,19597,3
12273,19598,3
12273,19599,20
12273,19600,7
12273,19601,34
12273,19602,7
12273,19603,17
12273,19604,8
12273,19605,2
12273,19611,6
12273,19612,2
12273,19613,2
12273,19616,15
12273,19617,3
12273,19618,89.5
12273,19619,5
12273,19624,10
12273,19625,2
12273,19626,4
12273,19639,4
12273,19642,1
12273,19643,3
12273,19645,2
12273,19646,9
12273,19647,10
12273,19648,2
12273,19649,4
12273,19651,28
12273,19652,31.5
12273,19656,6
12273,19663,18
12273,19664,15
12273,19665,3
12273,19666,12
12273,19667,4
12273,19668,2
12273,19669,7
12273,19671,3
12273,19672,27
12273,19673,5
12273,19674,7
12273,19675,4
12273,19680,2
12273,19683,4
12273,19684,47
12273,19685,26
12273,19686,6
12273,19687,8
12273,19689,4
12273,19691,2
12273,19695,3
12274,19575,4
12274,19576,15
12274,19577,42
12274,19578,47
12274,19579,2
12274,19582,2
12274,19583,8
12274,19584,4
12274,19587,14
12274,19588,16
12274,19591,15
12274,19592,4
12274,19593,7
12274,19594,1
12274,19595,3
12274,19596,2
12274,19602,2
12274,19603,38
12274,19604,22
12274,19610,2
12274,19611,2
12274,19612,11
12274,19617,6
12274,19618,85
12274,19619,13
12274,19624,22
12274,19625,3
12274,19629,7
12274,19630,6
12274,19631,2
12274,19632,1.5
12274,19636,4
12274,19637,6
12274,19638,6
12274,19639,2
12274,19640,3
12274,19641,2
12274,19646,11
12274,19647,2
12274,19649,3
12274,19650,18
12274,19651,87.5
12274,19652,17
12274,19653,3
12274,19655,2
12274,19659,1
12274,19661,5
12274,19666,19
12274,19667,5.5
12274,19668,1
12274,19669,19
12274,19670,4
12274,19672,5
12274,19673,2
12274,19674,4
12274,19675,15
12274,19676,5
12274,19682,2
12274,19683,2
12274,19684,12
12274,19685,8
12274,19686,3
12274,19687,8
12274,19688,1
12274,19689,5
12274,19690,2
12274,19691,1
12274,19692,2
12275,19574,8
12275,19575,20
12275,19577,3
12275,19578,5
12275,19582,2
12275,19584,4
12275,19587,14
12275,19591,1
12275,19592,15
12275,19593,5
12275,19595,2
12275,19597,3
12275,19598,2
12275,19602,12
12275,19603,27.5
12275,19604,23
12275,19605,1
12275,19610,3
12275,19611,2
12275,19612,12
12275,19617,29
12275,19618,54
12275,19619,10
12275,19624,14
12275,19625,7
12275,19626,4
12275,19627,3
12275,19628,14
12275,19631,3
12275,19632,3
12275,19634,10
12275,19637,2
12275,19638,2
12275,19645,6
12275,19646,14
12275,19647,3
12275,19650,9
12275,19651,82
12275,19652,61
12275,19653,47.5
12275,19654,35.5
12275,19655,4
12275,19665,13
12275,19666,4
12275,19667,3
12275,19668,6
12275,19669,8
12275,19671,6
12275,19672,2
12275,19673,1
12275,19675,18
12275,19677,2
12275,19680,4
12275,19683,4
12275,19684,4
12275,19685,30
12275,19687,8
12275,19688,5
12275,19691,5
12275,19692,5
12275,19693,9
12275,19694,8.5
12276,19567,2
12276,19573,5
12276,19574,7
12276,19576,1
12276,19577,5
12276,19578,5
12276,19579,15
12276,19582,2
12276,19583,1
12276,19584,7.5
12276,19587,3
12276,19588,24
12276,19589,3
12276,19591,8
12276,19592,2
12276,19597,2
12276,19598,8
12276,19611,4
12276,19612,3
12276,19618,32
12276,19621,4
12276,19625,10
12276,19627,2
12276,19629,7
12276,19630,2
12276,19631,2
12276,19640,4
12276,19641,2
12276,19644,2
12276,19646,3
12276,19647,8
12276,19651,19
12276,19652,73
12276,19653,82
12276,19654,120.5
12276,19655,8
12276,19656,3
12276,19659,2
12276,19660,2
12276,19665,4
12276,19666,2
12276,19667,1
12276,19668,7
12276,19669,9
12276,19670,22
12276,19671,25
12276,19672,2
12276,19673,2
12276,19677,5
12276,19678,6
12276,19679,12
12276,19680,22
12276,19681,10
12276,19682,4
12276,19683,3
12276,19684,2
12276,19685,7
12276,19686,1
12276,19687,6
12276,19688,3
12276,19693,6
12276,19694,4
12276,19696,4
12276,19697,4
12276,19698,5
12276,19699,3
12276,19700,2
12277,19572,2
12277,19573,13
12277,19576,25
12277,19578,18
12277,19579,36
12277,19583,3
12277,19585,5.5
12277,19588,26
12277,19590,1
12277,19591,2
12277,19592,2
12277,19593,2
12277,19594,4
12277,19598,6
12277,19606,6
12277,19609,3
12277,19610,8
12277,19611,4
12277,19612,2
12277,19616,8.5
12277,19618,1
12277,19624,10
12277,19625,22
12277,19626,6
12277,19627,8
12277,19630,2
12277,19632,4
12277,19633,4
12277,19634,2.5
12277,19635,4
12277,19639,3
12277,19640,7
12277,19642,2
12277,19645,8
12277,19646,7
12277,19648,1
12277,19649,4
12277,19651,3
12277,19652,80.5
12277,19653,61
12277,19654,35
12277,19656,7
12277,19657,2
12277,19658,3
12277,19661,3
12277,19663,4
12277,19664,3
12277,19665,4
12277,19666,1
12277,19668,2
12277,19669,9
12277,19670,9
12277,19671,35.5
12277,19673,3
12277,19675,2
12277,19676,20
12277,19677,11
12277,19678,23
12277,19679,39
12277,19680,157
12277,19681,18
12277,19682,2
12277,19683,8
12277,19686,1
12277,19699,1
12278,19573,4
12278,19574,6
12278,19575,13
12278,19576,30.5
12278,19577,11
12278,19578,2
12278,19583,5
12278,19586,2
12278,19587,6
12278,19588,3
12278,19591,4
12278,19603,4
12278,19604,24
12278,19609,1
12278,19611,3
12278,19622,3
12278,19625,2
12278,19629,2
12278,19633,9
12278,19635,3
12278,19637,1
12278,19638,5
12278,19645,5
12278,19646,9.5
12278,19647,10
12278,19648,4
12278,19649,12
12278,19650,7
12278,19652,42
12278,19653,100.5
12278,19654,4
12278,19657,6
12278,19658,9
12278,19660,1
12278,19662,5
12278,19665,6
12278,19668,4
12278,19669,8
12278,19672,12.5
12278,19673,23.5
12278,19674,3
12278,19675,2
12278,19679,9
12278,19680,4
12278,19682,10
12278,19683,3
12278,19689,5
12278,19694,1
12278,19697,3
12278,19701,1
12278,19702,1
12279,19572,7
12279,19573,15
12279,19574,24.5
12279,19575,43.5
12279,19576,33
12279,19578,2
12279,19580,1
12279,19581,2
12279,19582,3
12279,19583,2
12279,19584,4
12279,19586,2
12279,19588,4
12279,19589,2
12279,19591,5
12279,19592,3
12279,19601,10
12279,19603,27
12279,19604,6
12279,19610,8
12279,19611,4
12279,19613,4.5
12279,19621,2
12279,19624,6
12279,19626,6
12279,19627,8
12279,19628,4
12279,19629,14
12279,19630,9
12279,19631,1
12279,19632,4
12279,19635,4
12279,19639,6
12279,19640,3
12279,19641,4
12279,19643,1
12279,19644,3
12279,19645,4
12279,19646,7
12279,19647,3
12279,19650,6
12279,19652,40
12279,19653,7
12279,19654,2
12279,19655,5
12279,19656,4
12279,19657,10
12279,19667,3
12279,19672,20
12279,19673,12
12279,19674,9
12279,19678,2
12279,19681,11
12279,19682,17
12279,19683,2
12279,19684,3
12279,19685,38.5
12279,19686,19
12279,19688,4
12279,19697,2
12279,19701,2
12279,19702,4
12279,19703,1
12279,19704,3
12280,19573,62.5
12280,19574,83
12280,19575,73.5
12280,19576,5
12280,19577,2
12280,19578,2
12280,19580,2
12280,19583,5
12280,19584,4
12280,19585,4
12280,19586,2
12280,19589,3
12280,19590,1
12280,19595,6
12280,19602,16
12280,19603,35
12280,19604,2
12280,19610,2
12280,19611,7
12280,19612,4
12280,19613,2
12280,19615,1
12280,19618,8
12280,19619,1
12280,19620,3
12280,19625,2
12280,19626,3
12280,19630,26.5
12280,19632,9
12280,19641,1
12280,19644,4.5
12280,19645,2
12280,19647,8
12280,19648,6
12280,19649,2
12280,19650,3.5
12280,19651,1
12280,19652,4
12280,19654,5
12280,19656,2
12280,19657,1
12280,19670,8
12280,19672,6
12280,19673,26
12280,19674,12
12280,19677,2
12280,19678,2
12280,19679,6
12280,19681,10
12280,19686,9
12280,19687,6
12280,19690,2
12280,19691,4
12280,19694,2
12280,19696,6
12280,19697,27
12280,19698,2
12280,19703,1
12281,19573,14
12281,19574,23.5
12281,19575,7.5
12281,19580,14
12281,19581,47
12281,19582,43
12281,19583,2
12281,19584,2
12281,19585,6
12281,19586,2
12281,19587,4
12281,19589,4
12281,19591,12.5
12281,19601,27
12281,19602,13
12281,19603,2
12281,19605,3
12281,19613,5
12281,19614,3
12281,19617,2
12281,19619,2
12281,19620,1
12281,19622,2
12281,19630,6
12281,19631,14
12281,19632,14.5
12281,19633,6
12281,19635,2
12281,19636,2
12281,19637,4
12281,19638,8
12281,19639,7
12281,19640,4
12281,19642,2
12281,19644,4
12281,19647,5
12281,19648,2
12281,19651,6
12281,19653,2
12281,19654,3
12281,19655,1
12281,19656,11
12281,19657,4
12281,19658,2
12281,19659,1
12281,19668,5
12281,19670,7
12281,19671,1
12281,19673,21
12281,19674,36
12281,19675,4
12281,19678,2
12281,19680,1
12281,19681,6
12281,19682,5
12281,19683,2
12281,19685,7
12281,19686,2
12281,19688,2
12281,19689,1
12281,19690,5
12281,19691,7
12281,19696,2
12281,19697,50.5
12281,19698,11
12281,19703,5
12281,19704,2
12282,19570,18
12282,19571,3
12282,19573,4
12282,19575,6
12282,19576,1
12282,19579,9
12282,19581,44.5
12282,19582,48
12282,19583,2
12282,19584,8
12282,19585,4
12282,19586,2
12282,19589,8
12282,19590,1
12282,19594,2
12282,19599,7
12282,19600,10
12282,19601,15
12282,19602,13
12282,19610,22
12282,19611,6
12282,19613,10
12282,19614,2
12282,19615,2
12282,19629,3
12282,19632,6
12282,19633,5
12282,19636,5
12282,19639,2
12282,19647,3
12282,19648,15
12282,19649,19
12282,19650,13
12282,19651,7
12282,19652,16
12282,19654,13
12282,19656,2
12282,19661,4
12282,19665,2
12282,19666,4
12282,19669,3
12282,19672,8
12282,19673,8
12282,19674,7
12282,19675,4
12282,19678,4
12282,19679,3
12282,19680,4
12282,19681,3
12282,19686,14
12282,19691,4
12282,19692,24
12282,19693,10
12282,19696,7
12282,19697,18
12282,19704,1
12282,19706,2
12283,19570,13
12283,19579,2
12283,19581,79
12283,19582,51
12283,19583,17
12283,19585,1
12283,19589,4
12283,19591,6
12283,19597,3
12283,19598,4
12283,19601,29.5
12283,19602,5
12283,19614,1
12283,19615,1
12283,19616,3
12283,19620,5
12283,19621,3
12283,19624,3
12283,19633,8
12283,19634,9
12283,19637,5
12283,19647,5
12283,19648,6
12283,19649,17
12283,19650,9
12283,19651,2
12283,19652,10
12283,19653,9
12283,19654,6
12283,19655,2
12283,19656,9
12283,19657,4
12283,19661,7
12283,19664,5
12283,19665,1
12283,19668,2
12283,19669,6
12283,19670,3
12283,19672,4
12283,19674,2
12283,19678,3
12283,19679,6
12283,19680,2
12283,19681,2
12283,19683,7
12283,19684,2
12283,19686,1
12283,19688,1
12283,19691,24
12283,19692,9
12283,19693,128
12283,19694,1
12283,19696,3
12283,19697,4
12283,19702,2
12283,19703,12
12283,19704,4
12283,19706,2
12284,19570,3
12284,19579,11
12284,19580,61
12284,19581,56
12284,19582,55
12284,19583,33.5
12284,19584,1
12284,19585,4
12284,19586,5
12284,19588,4
12284,19589,2
12284,19595,4
12284,19596,4
12284,19597,8
12284,19600,7
12284,19606,5
12284,19615,5
12284,19622,2
12284,19624,4
12284,19625,6
12284,19626,1
12284,19633,4
12284,19637,3
12284,19638,5
12284,19644,3
12284,19645,5
12284,19647,3
12284,19648,9
12284,19649,19
12284,19650,2
12284,19651,6
12284,19652,22
12284,19653,13
12284,19654,9
12284,19656,11
12284,19657,4
12284,19658,1
12284,19660,2
12284,19662,1
12284,19663,8
12284,19673,5
12284,19674,3
12284,19675,4
12284,19676,4
12284,19677,6
12284,19679,1
12284,19680,1
12284,19683,1
12284,19684,2
12284,19686,1
12284,19692,8
12284,19693,46
12284,19694,12.5
12284,19696,7
12284,19699,3
12284,19701,1
12284,19707,5
12285,19570,3
12285,19575,2
12285,19579,5
12285,19580,1
12285,19581,2
12285,19582,43
12285,19583,54
12285,19584,4
12285,19585,6
12285,19591,6
12285,19593,2
12285,19596,3
12285,19599,5
12285,19600,2
12285,19601,1
12285,19602,3
12285,19603,1
12285,19605,12
12285,19606,94
12285,19607,35
12285,19608,30.5
12285,19609,4
12285,19610,5
12285,19612,6
12285,19614,6
12285,19615,15
12285,19616,12.5
12285,19621,1
12285,19622,2
12285,19625,6
12285,19626,1
12285,19630,2
12285,19632,8
12285,19633,2
12285,19634,3
12285,19635,3
12285,19638,24
12285,19639,9
12285,19642,6
12285,19643,3
12285,19646,4
12285,19648,5
12285,19650,2
12285,19651,20.5
12285,19652,2
12285,19653,1
12285,19654,17
12285,19655,4
12285,19656,9
12285,19657,3
12285,19658,1
12285,19662,9
12285,19670,9
12285,19675,7
12285,19676,1
12285,19688,4
12285,19693,12
12285,19694,2
12285,19698,3
12285,19699,4
12285,19700,6
12285,19702,1
12285,19707,7
12286,19575,6
12286,19576,1
12286,19580,2
12286,19581,5
12286,19582,5
12286,19583,9
12286,19584,6
12286,19586,5
12286,19587,5
12286,19591,4
12286,19592,19.5
12286,19593,3
12286,19594,2
12286,19596,9
12286,19597,1
12286,19598,1
12286,19599,1
12286,19601,6
12286,19603,4
12286,19604,3
12286,19605,1
12286,19606,22.5
12286,19607,40
12286,19608,31
12286,19609,1
12286,19610,2
12286,19615,8
12286,19616,4
12286,19617,2
12286,19618,4
12286,19626,7
12286,19628,1
12286,19629,1
12286,19631,5
12286,19633,5
12286,19636,2
12286,19637,4
12286,19639,4
12286,19641,1
12286,19642,1
12286,19646,4
12286,19648,6.5
12286,19650,2
12286,19652,4
12286,19659,2
12286,19661,6
12286,19662,2
12286,19672,3
12286,19673,2
12286,19677,2
12286,19680,4
12286,19682,6
12286,19683,2
12286,19688,2
12286,19694,3
12286,19697,1
12286,19698,13
12286,19707,1
12286,19708,2
12287,19574,2
12287,19581,6
12287,19582,12
12287,19584,9
12287,19592,66
12287,19593,28.5
12287,19596,3
12287,19597,6
12287,19600,12
12287,19601,3
12287,19603,4
12287,19606,23
12287,19607,55
12287,19615,2
12287,19616,8
12287,19623,4
12287,19626,7
12287,19628,2
12287,19629,2
12287,19630,2
12287,19634,6
12287,19636,2
12287,19637,8
12287,19638,5
12287,19639,2
12287,19642,4
12287,19646,4
12287,19648,6
12287,19649,3
12287,19650,2
12287,19654,4
12287,19655,2
12287,19656,3
12287,19658,2
12287,19660,2
12287,19662,2
12287,19663,6
12287,19666,1
12287,19669,8
12287,19673,1
12287,19674,4
12287,19678,1
12287,19679,5
12287,19682,3
12287,19688,5
12287,19694,2
12287,19697,10
12287,19707,2
12287,19709,4.5
12288,19568,1
12288,19570,1
12288,19574,6
12288,19585,8
12288,19592,3
12288,19593,50
12288,19596,4
12288,19599,3
12288,19600,2
12288,19601,9
12288,19602,2
12288,19603,12
12288,19607,46
12288,19608,20
12288,19611,2
12288,19617,12
12288,19618,1
12288,19620,5
12288,19624,2
12288,19626,2
12288,19628,19
12288,19629,5
12288,19631,2
12288,19632,1
12288,19635,11
12288,19637,36
12288,19638,35
12288,19640,4
12288,19647,1
12288,19648,2
12288,19649,2
12288,19660,6
12288,19663,7
12288,19665,5
12288,19667,4.5
12288,19672,6
12288,19673,2
12288,19674,4
12288,19675,4
12288,19676,5
12288,19680,4
12288,19684,3
12288,19688,6
12288,19691,3
12288,19692,4
12288,19699,1
12288,19701,8
12288,19702,6
12288,19705,4
12289,19567,5
12289,19568,18
12289,19569,4
12289,19570,10.5
12289,19574,2
12289,19576,4
12289,19582,7
12289,19583,1
12289,19587,2
12289,19588,9
12289,19590,2
12289,19594,12
12289,19595,15.5
12289,19599,4
12289,19604,29
12289,19607,7
12289,19608,40
12289,19609,1
12289,19610,4
12289,19616,1
12289,19619,4
12289,19620,2
12289,19621,2
12289,19628,1
12289,19629,46
12289,19630,21
12289,19635,8
12289,19636,8
12289,19637,13
12289,19638,12
12289,19639,5
12289,19646,2
12289,19648,1
12289,19652,13
12289,19655,4
12289,19656,2
12289,19661,4
12289,19662,6
12289,19666,4
12289,19669,3
12289,19672,67.5
12289,19673,11
12289,19676,6
12289,19682,8
12289,19688,3
12289,19689,2
12289,19698,2
12289,19699,2
12289,19702,4
12289,19709,1
12289,19710,2
12290,19567,3.5
12290,19568,27
12290,19569,98.5
12290,19570,54
12290,19571,15
12290,19580,4
12290,19582,1
12290,19583,5
12290,19587,2
12290,19592,4
12290,19593,4
12290,19594,15
12290,19595,103
12290,19596,23
12290,19597,43.5
12290,19600,5
12290,19601,3
12290,19602,2
12290,19606,11
12290,19610,2
12290,19613,13
12290,19614,1
12290,19615,1
12290,19617,2
12290,19618,1
12290,19620,29
12290,19621,10
12290,19624,3
12290,19628,1
12290,19629,4
12290,19630,1
12290,19634,5
12290,19635,1
12290,19636,14
12290,19639,7
12290,19641,3
12290,19647,3
12290,19648,20.5
12290,19649,9
12290,19653,4
12290,19654,4
12290,19655,5
12290,19656,2
12290,19657,2
12290,19658,3
12290,19661,3
12290,19663,1
12290,19669,3
12290,19672,51
12290,19673,58
12290,19674,9
12290,19675,2
12290,19681,2
12290,19683,5
12290,19688,4
12290,19689,2
12290,19690,2
12290,19698,3.5
12290,19702,3
12291,19567,70.5
12291,19568,33
12291,19569,18
12291,19570,35
12291,19575,3
12291,19581,2
12291,19583,1.5
12291,19587,2
12291,19590,4
12291,19592,4
12291,19593,4
12291,19594,3
12291,19595,39.5
12291,19596,29
12291,19597,99.5
12291,19599,1
12291,19608,1
12291,19609,5
12291,19610,2
12291,19613,36
12291,19614,67
12291,19615,22
12291,19618,2
12291,19619,21
12291,19620,60
12291,19621,64
12291,19622,5
12291,19623,3
12291,19625,4
12291,19628,23
12291,19634,2
12291,19635,17
12291,19636,7
12291,19637,6
12291,19640,3
12291,19650,2
12291,19655,6
12291,19656,6
12291,19657,2
12291,19662,4
12291,19668,2
12291,19670,2
12291,19671,5
12291,19672,35.5
12291,19673,29
12291,19674,35
12291,19680,1.5
12291,19681,3
12291,19684,2
12291,19688,2
12291,19695,5
12291,19696,3
12291,19699,4
12291,19700,6
12291,19709,3
12291,19710,3
12292,19567,11
12292,19568,16.5
12292,19569,29
12292,19570,14.5
12292,19575,1
12292,19577,3
12292,19578,2
12292,19582,5
12292,19587,2
12292,19588,2
12292,19592,2
12292,19594,16
12292,19595,19
12292,19596,15
12292,19597,12
12292,19600,4
12292,19601,4
12292,19602,2
12292,19609,16.5
12292,19612,33
12292,19613,36
12292,19614,54
12292,19616,4
12292,19618,3
12292,19619,26
12292,19620,54
12292,19621,60.5
12292,19622,40.5
12292,19623,29.5
12292,19624,4
12292,19625,8
12292,19627,28
12292,19628,68.5
12292,19629,102.5
12292,19630,2
12292,19633,2
12292,19634,5
12292,19635,7
12292,19636,8
12292,19637,8
12292,19638,6
12292,19640,7
12292,19641,3
12292,19646,3
12292,19654,7
12292,19655,12
12292,19658,7
12292,19660,2
12292,19661,2
12292,19667,2
12292,19671,1
12292,19672,3
12292,19673,6
12292,19674,18
12292,19680,3
12292,19684,5
12292,19686,5
12292,19688,2
12292,19690,1
12292,19691,2
12292,19694,2
12292,19695,2
12292,19705,1
12292,19710,4
12293,19562,1
12293,19568,6
12293,19569,23
12293,19570,11
12293,19576,5
12293,19578,2
12293,19584,3
12293,19588,4
12293,19590,4
12293,19593,2
12293,19594,3
12293,19595,23
12293,19598,12
12293,19599,3
12293,19601,4
12293,19602,9.5
12293,19607,5
12293,19608,3
12293,19609,4
12293,19610,2
12293,19612,5
12293,19613,25
12293,19614,2
12293,19618,1
12293,19620,13
12293,19621,2
12293,19622,3
12293,19623,11
12293,19624,60
12293,19625,61.5
12293,19626,21
12293,19627,70.5
12293,19628,62.5
12293,19629,157.5
12293,19630,32
12293,19631,63.5
12293,19633,28.5
12293,19638,5
12293,19640,5
12293,19646,5
12293,19651,6
12293,19652,3
12293,19654,4
12293,19655,2
12293,19656,4
12293,19657,3
12293,19659,2
12293,19660,3
12293,19668,7
12293,19669,8
12293,19672,6
12293,19674,5
12293,19675,5
12293,19678,9
12293,19687,2
12293,19690,2
12293,19693,5
12293,19694,5
12293,19699,2
12293,19700,1
12293,19702,2
12293,19703,4
12293,19704,6
12293,19710,1
12294,19564,6.5
12294,19568,10
12294,19569,9
12294,19570,5
12294,19577,6
12294,19578,8
12294,19581,1
12294,19585,1
12294,19587,3
12294,19590,7
12294,19591,4
12294,19594,3
12294,19595,10
12294,19598,36
12294,19599,69
12294,19600,4
12294,19606,2
12294,19610,5
12294,19611,5
12294,19613,5
12294,19617,3
12294,19620,3
12294,19621,9.5
12294,19622,2
12294,19623,6
12294,19624,2
12294,19625,50.5
12294,19626,56
12294,19627,51.5
12294,19628,206
12294,19629,286
12294,19630,227
12294,19631,143
12294,19632,64
12294,19633,112.5
12294,19634,75
12294,19638,6
12294,19640,2
12294,19642,4
12294,19651,5
12294,19652,1
12294,19653,2
12294,19654,6
12294,19655,49.5
12294,19656,3
12294,19659,1
12294,19663,1
12294,19671,4
12294,19674,2
12294,19675,4
12294,19677,4
12294,19678,1
12294,19681,1
12294,19682,4
12294,19683,3
12294,19686,3
12294,19693,5
12294,19696,5
12294,19698,2
12294,19702,3
12294,19706,2
12294,19707,9
12295,19564,2
12295,19566,2
12295,19567,14.5
12295,19578,5
12295,19587,4
12295,19589,2
12295,19593,2
12295,19595,2
12295,19597,2
12295,19598,23
12295,19599,40
12295,19602,10
12295,19603,4
12295,19606,1
12295,19607,9
12295,19609,4.5
12295,19611,25
12295,19616,1
12295,19617,4
12295,19621,11
12295,19622,5
12295,19627,51
12295,19628,46
12295,19629,156.5
12295,19630,85
12295,19631,25.5
12295,19632,4
12295,19634,7
12295,19635,5
12295,19638,1
12295,19640,3
12295,19646,1
12295,19651,7
12295,19652,4.5
12295,19654,16
12295,19655,38
12295,19656,13
12295,19671,5
12295,19674,1
12295,19676,1
12295,19684,4
12295,19685,2
12295,19690,6
12295,19698,2
12296,19564,7
12296,19565,53
12296,19566,92
12296,19567,36
12296,19578,10
12296,19579,2
12296,19585,5
12296,19587,4
12296,19588,3
12296,19591,5
12296,19593,4
12296,19594,4
12296,19595,3
12296,19597,5
12296,19598,32.5
12296,19599,8.5
12296,19602,5
12296,19606,2
12296,19607,4
12296,19608,5
12296,19611,4
12296,19616,7
12296,19619,2
12296,19623,6
12296,19627,3.5
12296,19628,5
12296,19629,17
12296,19630,36
12296,19631,29
12296,19634,4
12296,19635,4
12296,19636,1
12296,19645,3
12296,19649,1
12296,19650,2
12296,19653,3
12296,19654,3
12296,19655,43.5
12296,19656,25.5
12296,19657,14
12296,19660,2
12296,19663,2
12296,19664,2
12296,19679,1
12296,19680,4
12296,19683,2
12296,19684,2
12296,19685,2
12296,19702,4
12296,19706,6
12296,19710,3
12297,19563,2
12297,19564,5
12297,19565,71.5
12297,19566,105
12297,19567,26
12297,19584,3
12297,19589,9
12297,19594,2
12297,19595,4
12297,19598,2
12297,19599,3
12297,19602,3
12297,19604,3
12297,19606,6
12297,19607,15
12297,19611,10
12297,19613,2
12297,19615,8
12297,19619,3
12297,19620,6
12297,19624,5
12297,19628,5
12297,19629,5
12297,19631,38
12297,19632,17.5
12297,19635,3
12297,19637,4
12297,19642,9
12297,19647,3
12297,19653,3
12297,19654,2
12297,19655,41
12297,19656,28
12297,19658,9
12297,19659,13
12297,19660,10.5
12297,19661,48.5
12297,19662,8
12297,19665,4
12297,19677,4
12297,19678,6
12297,19679,4
12297,19680,4
12297,19681,3
12297,19690,1
12297,19702,7
12297,19703,2
12297,19704,1
12297,19705,3
12297,19706,10
12297,19711,2
12298,19563,34
12298,19564,36
12298,19565,55.5
12298,19566,31
12298,19567,28
12298,19579,3
12298,19582,6
12298,19583,2
12298,19584,4
12298,19589,2
12298,19594,2
12298,19598,10
12298,19599,2
12298,19603,3
12298,19606,4
12298,19607,14
12298,19615,2
12298,19620,5
12298,19623,3
12298,19624,6
12298,19625,3
12298,19626,5
12298,19629,4
12298,19630,2
12298,19631,23
12298,19632,8
12298,19633,3
12298,19636,2
12298,19637,2
12298,19647,7
12298,19649,12
12298,19650,2
12298,19651,1
12298,19652,1
12298,19653,8
12298,19654,3
12298,19655,58.5
12298,19656,18
12298,19660,14
12298,19661,18.5
12298,19663,9
12298,19665,3
12298,19676,2
12298,19678,2
12298,19680,6
12298,19681,3
12298,19690,3
12298,19691,2
12298,19694,3
12298,19705,9
12298,19706,3
12298,19712,19
12299,19565,10
12299,19566,6
12299,19567,8
12299,19568,16
12299,19569,12
12299,19579,2
12299,19581,9
12299,19582,1
12299,19584,5
12299,19593,5
12299,19598,13.5
12299,19599,1
12299,19603,4
12299,19604,2
12299,19605,3
12299,19606,2
12299,19607,4
12299,19608,4
12299,19614,3
12299,19619,2
12299,19620,1
12299,19626,4
12299,19628,4
12299,19629,4
12299,19630,11
12299,19631,36
12299,19632,93
12299,19633,38
12299,19644,11
12299,19646,9
12299,19648,6
12299,19649,6
12299,19650,3
12299,19651,5
12299,19654,2
12299,19655,7
12299,19676,1
12299,19680,1
12299,19686,3
12299,19693,9
12299,19703,4
12299,19705,2.5
12299,19711,10
12299,19712,18
12300,19565,4
12300,19572,4
12300,19576,1
12300,19577,8
12300,19578,20
12300,19579,9
12300,19580,5
12300,19582,4.5
12300,19585,4
12300,19586,3
12300,19587,4
12300,19592,6
12300,19594,2
12300,19596,1
12300,19599,4
12300,19603,10
12300,19604,17
12300,19605,13
12300,19606,2
12300,19608,2
12300,19611,7
12300,19613,2
12300,19616,6
12300,19617,2
12300,19619,4
12300,19620,3
12300,19624,2
12300,19625,2
12300,19626,2
12300,19629,2
12300,19631,14
12300,19632,29
12300,19633,30
12300,19634,2
12300,19637,6
12300,19648,2
12300,19649,2
12300,19650,15
12300,19651,1
12300,19652,2
12300,19653,2
12300,19654,1
12300,19657,6
12300,19658,5
12300,19661,4
12300,19681,3
12300,19683,2
12300,19686,4
12300,19687,10
12300,19690,4
12300,19691,1
12300,19692,1
12300,19694,1
12300,19697,5
12300,19700,3
12300,19701,3.5
12300,19703,3
12300,19707,1
12301,19576,2
12301,19577,25.5
12301,19578,12
12301,19579,14
12301,19581,10
12301,19585,4
12301,19586,2
12301,19587,2
12301,19588,3
12301,19589,2
12301,19591,2
12301,19592,4.5
12301,19594,7
12301,19596,8
12301,19598,6
12301,19600,4
12301,19603,2
12301,19604,6
12301,19605,3
12301,19610,5
12301,19615,2
12301,19616,36
12301,19617,2
12301,19618,10
12301,19619,2
12301,19626,2
12301,19627,5
12301,19628,4
12301,19629,5
12301,19630,3.5
12301,19647,1
12301,19648,2
12301,19649,3
12301,19650,9
12301,19651,3
12301,19654,5
12301,19662,13
12301,19663,3
12301,19676,2
12301,19682,1
12301,19683,11.5
12301,19684,11
12301,19691,3
12301,19693,4
12301,19700,5
12301,19701,3
12302,19576,2
12302,19580,3
12302,19586,2
12302,19589,3
12302,19594,2
12302,19597,7
12302,19598,3
12302,19600,1
12302,19602,2
12302,19603,5
12302,19604,5
12302,19605,4
12302,19607,6
12302,19611,6
12302,19612,4
12302,19613,5
12302,19614,2
12302,19616,72.5
12302,19617,62
12302,19618,30
12302,19621,5
12302,19625,2
12302,19626,4
12302,19627,1
12302,19630,12
12302,19631,4
12302,19633,6
12302,19635,4
12302,19639,4
12302,19645,2
12302,19648,2
12302,19650,2
12302,19651,2
12302,19653,4
12302,19654,7
12302,19657,2
12302,19658,5
12302,19660,9
12302,19662,2
12302,19666,7
12302,19682,4
12302,19683,1
12302,19684,58
12302,19685,28
12302,19686,3
12302,19687,4
12302,19693,3
12302,19695,5
12302,19696,4
12302,19697,4
12302,19698,2
12302,19701,4
12302,19710,3
12303,19563,85
12303,19564,42
12303,19565,35
12303,19581,2
12303,19587,2
12303,19591,6
12303,19595,3
12303,19596,3
12303,19597,2
12303,19601,2
12303,19602,2
12303,19604,2
12303,19605,1
12303,19607,3
12303,19614,2
12303,19615,12
12303,19616,19
12303,19617,7
12303,19622,5
12303,19624,2
12303,19630,14.5
12303,19633,2
12303,19636,4
12303,19640,5
12303,19643,2
12303,19650,2
12303,19652,2
12303,19653,6
12303,19655,5
12303,19656,4
12303,19657,2
12303,19658,54.5
12303,19659,8
12303,19663,6
12303,19682,5.5
12303,19683,21
12303,19684,64
12303,19685,62
12303,19686,9
12303,19694,2
12303,19698,1
12303,19700,3
12303,19703,8
12304,19563,53
12304,19564,60
12304,19565,36
12304,19566,15
12304,19575,5
12304,19576,2
12304,19584,9.5
12304,19586,2
12304,19595,2
12304,19596,2
12304,19597,2
12304,19599,5
12304,19604,2
12304,19605,4
12304,19612,2
12304,19615,25
12304,19616,11
12304,19617,3
12304,19620,2
12304,19621,3
12304,19624,1
12304,19627,1
12304,19628,6
12304,19630,21
12304,19633,3
12304,19639,2
12304,19646,2
12304,19652,4
12304,19653,6
12304,19654,22
12304,19655,5
12304,19658,28
12304,19661,1
12304,19663,9
12304,19664,5
12304,19671,3
12304,19672,3
12304,19682,3
12304,19684,32.5
12304,19685,31
12304,19698,1
12304,19699,4
12304,19703,6
12304,19704,2
12305,19563,8
12305,19564,86
12305,19565,5
12305,19570,2.5
12305,19571,1
12305,19576,5
12305,19594,2
12305,19596,2
12305,19597,4
12305,19599,4
12305,19600,4
12305,19603,8
12305,19604,2
12305,19605,6
12305,19609,5
12305,19611,3
12305,19612,3
12305,19617,12
12305,19618,8
12305,19619,2
12305,19622,6
12305,19625,2
12305,19629,4
12305,19630,29
12305,19631,12
12305,19634,3
12305,19639,2
12305,19640,3
12305,19641,4
12305,19650,3
12305,19651,72.5
12305,19652,41
12305,19653,91
12305,19654,37.5
12305,19655,1
12305,19656,3
12305,19658,1
12305,19660,1
12305,19665,6
12305,19666,3
12305,19669,6
12305,19672,4
12305,19684,1
12305,19685,2
12305,19688,3
12305,19701,1
12305,19703,3
12306,19564,29
12306,19565,7
12306,19569,4
12306,19571,1
12306,19576,3
12306,19581,5
12306,19585,2
12306,19589,4
12306,19596,1
12306,19600,5
12306,19604,2
12306,19613,4
12306,19614,6
12306,19615,8
12306,19617,7
12306,19626,2
12306,19629,19
12306,19630,5
12306,19631,15
12306,19633,5
12306,19640,2
12306,19641,17
12306,19642,2
12306,19643,17
12306,19644,1
12306,19647,9
12306,19648,3
12306,19650,27
12306,19651,49.5
12306,19652,25
12306,19653,75
12306,19654,33
12306,19655,3.5
12306,19656,4
12306,19658,3
12306,19660,2
12306,19666,3
12306,19670,5
12306,19675,4
12306,19682,4
12306,19683,2
12306,19685,9
12306,19686,4
12306,19692,3
12306,19693,1
12306,19694,2
12306,19705,2
12306,19711,2
12307,19565,59.5
12307,19577,4
12307,19585,4
12307,19592,3
12307,19593,3
12307,19599,2
12307,19600,2
12307,19603,3
12307,19604,1
12307,19605,3
12307,19606,2
12307,19607,2
12307,19611,2
12307,19612,5
12307,19613,3
12307,19614,1
12307,19617,2
12307,19624,1
12307,19628,6
12307,19629,11
12307,19630,2
12307,19631,24
12307,19632,7
12307,19634,2
12307,19638,7
12307,19640,3
12307,19641,14
12307,19642,4
12307,19643,57
12307,19644,33
12307,19645,7
12307,19648,5
12307,19650,2
12307,19651,48
12307,19652,60.5
12307,19653,37
12307,19654,3
12307,19655,14
12307,19656,1
12307,19657,4
12307,19660,2
12307,19665,1
12307,19668,8
12307,19669,2
12307,19670,2
12307,19671,1
12307,19672,3
12307,19674,3
12307,19675,1
12307,19689,2
12307,19692,1
12307,19695,43.5
12307,19696,14
12307,19698,11
12307,19699,2
12307,19700,4
12307,19704,2
12307,19709,1
12307,19710,1
12308,19565,91
12308,19566,6
12308,19578,9
12308,19587,4
12308,19588,1
12308,19590,1
12308,19592,3
12308,19595,4
12308,19598,4
12308,19601,44
12308,19602,4
12308,19606,11
12308,19607,2
12308,19611,4
12308,19612,5
12308,19628,1
12308,19629,11
12308,19630,4
12308,19631,26
12308,19632,3
12308,19636,2
12308,19637,1
12308,19640,11
12308,19641,3
12308,19642,10
12308,19643,83
12308,19644,78
12308,19645,23
12308,19649,3
12308,19650,1
12308,19651,1
12308,19652,46.5
12308,19653,31
12308,19654,3
12308,19674,2
12308,19683,2
12308,19684,2
12308,19685,4
12308,19686,7
12308,19690,2
12308,19692,2
12308,19694,2
12308,19695,4
12308,19696,22
12308,19697,2
12308,19698,30
12308,19699,51
12308,19700,27
12308,19703,4
12308,19704,1.5
12308,19705,8
12308,19708,3
12308,19711,1
12308,19713,1
12309,19565,8
12309,19566,25.5
12309,19567,12
12309,19573,2
12309,19575,2
12309,19584,4
12309,19585,4
12309,19599,2
12309,19601,12.5
12309,19603,6
12309,19604,3
12309,19605,3
12309,19608,3
12309,19609,2
12309,19612,5
12309,19616,2
12309,19620,2
12309,19629,3
12309,19638,3
12309,19639,4
12309,19640,2
12309,19644,35.5
12309,19645,39
12309,19648,1
12309,19651,5
12309,19660,2
12309,19665,6
12309,19666,2
12309,19667,3
12309,19668,5
12309,19669,2
12309,19671,9
12309,19672,30
12309,19678,4
12309,19679,3
12309,19681,3
12309,19684,5.5
12309,19692,1
12309,19701,3
12309,19704,3
12309,19706,2
12309,19707,5
12309,19710,2
12309,19712,2
12310,19572,2
12310,19576,1
12310,19588,4
12310,19590,2
12310,19595,7
12310,19597,1
12310,19598,4
12310,19604,3
12310,19608,3
12310,19614,5
12310,19615,8
12310,19618,2
12310,19619,4
12310,19620,6
12310,19622,3
12310,19628,1
12310,19640,4
12310,19641,3
12310,19644,4
12310,19645,39.5
12310,19647,2
12310,19653,5
12310,19654,5
12310,19664,2
12310,19665,2
12310,19669,4
12310,19670,1
12310,19671,3
12310,19672,11
12310,19673,3
12310,19690,1
12310,19691,3
12310,19693,3
12310,19695,2
12310,19697,2
12310,19698,1
12310,19701,1
12310,19702,10
12310,19704,6
12310,19705,10
12310,19706,8
12311,19574,4
12311,19575,4
12311,19576,2
12311,19577,3
12311,19582,1
12311,19588,5
12311,19589,5
12311,19592,1
12311,19600,2
12311,19603,1
12311,19605,2
12311,19608,4
12311,19609,1
12311,19611,6
12311,19612,4
12311,19615,4
12311,19620,1
12311,19626,1
12311,19627,2
12311,19629,12
12311,19630,4
12311,19642,5
12311,19646,3
12311,19647,8
12311,19657,4
12311,19664,2
12311,19670,2
12311,19671,6
12311,19674,2
12311,19677,3
12311,19684,6
12311,19688,4
12311,19693,4
12311,19699,5
12311,19701,3
12311,19702,33
12311,19703,1
12311,19704,2
12312,19576,4
12312,19577,4
12312,19589,7
12312,19600,3
12312,19602,6
12312,19605,2
12312,19606,1
12312,19615,9
12312,19616,2
12312,19642,16
12312,19643,8
12312,19646,6
12312,19647,2
12312,19648,2
12312,19651,4
12312,19659,2
12312,19661,8
12312,19662,2
12312,19668,5
12312,19671,4
12312,19672,4
12312,19674,5
12312,19678,2
12312,19684,2
12312,19685,4
12312,19686,1
12312,19699,3
12312,19702,11
12312,19706,1
12313,19577,6
12313,19579,5
12313,19583,4
12313,19584,4
12313,19585,4
12313,19602,9
12313,19603,7
12313,19614,2
12313,19619,3
12313,19629,2
12313,19641,3
12313,19642,3
12313,19643,15
12313,19647,21.5
12313,19648,14
12313,19652,3
12313,19653,5
12313,19655,4
12313,19662,2
12313,19663,4
12313,19665,4
12313,19670,5
12313,19675,2
12313,19676,8
12313,19684,2
12313,19701,2
12313,19702,5
12314,19576,1
12314,19577,3
12314,19581,3
12314,19583,4
12314,19587,1
12314,19595,4
12314,19597,4
12314,19598,4
12314,19599,2
12314,19602,1
12314,19603,7.5
12314,19605,2
12314,19609,3
12314,19611,2
12314,19616,5
12314,19619,4
12314,19629,4
12314,19649,3
12314,19650,5
12314,19652,8
12314,19653,3
12314,19654,5
12314,19655,4
12314,19658,6
12314,19659,1
12314,19662,4
12314,19664,1
12314,19665,5
12314,19676,2
12314,19677,4
12314,19679,1.5
12314,19683,3
12314,19686,2
12314,19700,3
12315,19571,2
12315,19582,13.5
12315,19583,1
12315,19584,9
12315,19594,13
12315,19596,3
12315,19597,2
12315,19598,5
12315,19599,3.5
12315,19600,8
12315,19601,4
12315,19607,1
12315,19611,6
12315,19613,1
12315,19615,5
12315,19616,1
12315,19618,2
12315,19619,2
12315,19627,4
12315,19641,4
12315,19644,1
12315,19645,2
12315,19646,1
12315,19647,5
12315,19651,3
12315,19652,3
12315,19653,5
12315,19656,1
12315,19657,3
12315,19659,6
12315,19660,1
12315,19662,2
12315,19666,3.5
12315,19669,3
12315,19674,1
12315,19682,5
12315,19702,1
12316,19581,3
12316,19583,1
12316,19584,1
12316,19595,1
12316,19597,10
12316,19598,3
12316,19601,3
12316,19603,2
12316,19604,4
12316,19605,1
12316,19607,6
12316,19609,2
12316,19611,3
12316,19612,2
12316,19613,2
12316,19617,2
12316,19619,11
12316,19629,2
12316,19634,3
12316,19635,1
12316,19636,1
12316,19638,1
12316,19645,2
12316,19646,4
12316,19649,1.5
12316,19653,3
12316,19660,1
12316,19661,4
12316,19664,3
12316,19666,1
12316,19667,2
12316,19669,1
12316,19671,2
12316,19675,4
12316,19677,2
12316,19678,7
12316,19691,2
12316,19695,3
12316,19703,1
12317,19573,2
12317,19574,1
12317,19581,1
12317,19582,6
12317,19591,4
12317,19592,10
12317,19593,5
12317,19594,1
12317,19595,2
12317,19600,3
12317,19601,5
12317,19602,2
12317,19604,2
12317,19607,2
12317,19610,3
12317,19612,1
12317,19619,4
12317,19620,8
12317,19627,4
12317,19631,2
12317,19640,10
12317,19646,6
12317,19652,2
12317,19655,4
12317,19656,6
12317,19662,2
12317,19667,2
12317,19668,3
12317,19669,5
12317,19670,2
12317,19675,7
12317,19677,2
12317,19689,4
12317,19692,13
12317,19693,23
12318,19572,42
12318,19573,112
12318,19574,31
12318,19585,5
12318,19591,5
12318,19599,6
12318,19600,2
12318,19605,2
12318,19608,10
12318,19609,2
12318,19611,1
12318,19616,16
12318,19619,3
12318,19620,14.5
12318,19623,1
12318,19627,1
12318,19628,1
12318,19629,3.5
12318,19632,4
12318,19633,4
12318,19634,3
12318,19636,13
12318,19643,2
12318,19646,9
12318,19651,2
12318,19653,6
12318,19663,5
12318,19664,43.5
12318,19669,8
12318,19670,4
12318,19672,2
12318,19680,3
12318,19682,2
12318,19683,2
12318,19693,14
12319,19571,9
12319,19572,57
12319,19573,64
12319,19574,41
12319,19575,1
12319,19577,5
12319,19578,1
12319,19582,1
12319,19588,1
12319,19589,4
12319,19591,1
12319,19596,2
12319,19597,7
12319,19598,1
12319,19602,1
12319,19606,4
12319,19608,4
12319,19610,2
12319,19613,2
12319,19617,5
12319,19618,2
12319,19620,3
12319,19627,2
12319,19629,3
12319,19630,6
12319,19634,2
12319,19636,11
12319,19642,2
12319,19643,3
12319,19644,9
12319,19649,8
12319,19653,15.5
12319,19664,5
12319,19665,1
12319,19666,6
12319,19669,7
12319,19670,2
12319,19671,6
12319,19676,5
12319,19678,1
12319,19683,7
12320,19570,4
12320,19571,28
12320,19572,32
12320,19573,8
12320,19574,6
12320,19581,5
12320,19583,5
12320,19584,2
12320,19588,4
12320,19589,15.5
12320,19590,9
12320,19591,26
12320,19600,2
12320,19604,4
12320,19608,5
12320,19610,2
12320,19612,7
12320,19618,2
12320,19620,2
12320,19624,6
12320,19626,6
12320,19629,3
12320,19630,3
12320,19640,10
12320,19644,24
12320,19646,4
12320,19650,11
12320,19653,6
12320,19654,1
12320,19656,12
12320,19657,3
12320,19659,1
12320,19665,54
12320,19666,42
12320,19667,1
12320,19668,4
12320,19672,1
12320,19676,2
12320,19679,2
12321,19570,13
12321,19571,19
12321,19572,7
12321,19573,1
12321,19582,3
12321,19584,4
12321,19586,2
12321,19587,29
12321,19588,9
12321,19589,36
12321,19590,38.5
12321,19591,21
12321,19592,1
12321,19607,1
12321,19621,1
12321,19627,7
12321,19629,2
12321,19633,3
12321,19634,1
12321,19641,2
12321,19645,2
12321,19646,2
12321,19654,2
12321,19658,13
12321,19659,6
12321,19660,2
12321,19664,2
12321,19665,14
12321,19666,57.5
12321,19667,27
12321,19671,2
12321,19673,1
12321,19676,6
12321,19677,1
12321,19688,2
12321,19690,1
12322,19568,4
12322,19569,17.5
12322,19570,3
12322,19573,2
12322,19579,2
12322,19582,5
12322,19583,3
12322,19584,12
12322,19585,8
12322,19586,25
12322,19587,58
12322,19588,57.5
12322,19589,89.5
12322,19590,44
12322,19593,3
12322,19595,2
12322,19599,4
12322,19600,2
12322,19601,4
12322,19604,2
12322,19605,5
12322,19608,7
12322,19615,10
12322,19627,13
12322,19628,3
12322,19639,4
12322,19644,2
12322,19646,7
12322,19647,1
12322,19657,5
12322,19658,10
12322,19659,13
12322,19665,3
12322,19666,12
12322,19667,5
12322,19669,4
12322,19673,10
12322,19682,7
12323,19568,6
12323,19569,14
12323,19570,25
12323,19579,11
12323,19584,34
12323,19585,44
12323,19586,49
12323,19587,80
12323,19588,91.5
12323,19589,76
12323,19590,26
12323,19591,15
12323,19593,8
12323,19594,3
12323,19595,10
12323,19597,8
12323,19598,5
12323,19599,2
12323,19605,3
12323,19607,4
12323,19608,9
12323,19609,5
12323,19611,1
12323,19618,1
12323,19620,3
12323,19630,2
12323,19631,2
12323,19633,4
12323,19634,4
12323,19637,1
12323,19638,3
12323,19639,11
12323,19640,2
12323,19641,2
12323,19642,6
12323,19644,9
12323,19645,2
12323,19646,8
12323,19656,1
12323,19657,3
12323,19662,1
12323,19664,1
12323,19665,6
12323,19666,2
12323,19667,4
12323,19672,3
12323,19674,6
12323,19677,2
12323,19678,1
12323,19680,4
12323,19685,2
12323,19686,2
12324,19566,2
12324,19567,11
12324,19569,74.5
12324,19570,2
12324,19573,4
12324,19582,2
12324,19584,48
12324,19585,107.5
12324,19586,69.5
12324,19587,21
12324,19588,2
12324,19589,4
12324,19593,2
12324,19594,6
12324,19595,15
12324,19596,30
12324,19599,4
12324,19602,2
12324,19605,2
12324,19608,2
12324,19609,2
12324,19611,3
12324,19612,6
12324,19616,2
12324,19618,2
12324,19620,4
12324,19628,2
12324,19629,4
12324,19630,7.5
12324,19631,3
12324,19633,2
12324,19634,4.5
12324,19635,3
12324,19638,5.5
12324,19639,21
12324,19643,2
12324,19646,1
12324,19652,4
12324,19660,2
12324,19661,1
12324,19663,6
12324,19664,4
12324,19666,2
12324,19667,1
12324,19677,7
12324,19678,41
12324,19680,8
12325,19565,18
12325,19566,87
12325,19567,25
12325,19568,8
12325,19569,44
12325,19570,2
12325,19571,5
12325,19572,4
12325,19574,1
12325,19575,5
12325,19583,1
12325,19584,4
12325,19585,27
12325,19586,15
12325,19594,22
12325,19595,44
12325,19596,8
12325,19598,4
12325,19608,3
12325,19609,13
12325,19610,3
12325,19611,25
12325,19612,14
12325,19628,1
12325,19633,3
12325,19635,2
12325,19636,29
12325,19637,1
12325,19638,4
12325,19639,5
12325,19642,4.5
12325,19645,1
12325,19646,2
12325,19657,3
12325,19659,2
12325,19661,1
12325,19668,3
12325,19674,2
12325,19678,10
12325,19679,6
12325,19682,3
12325,19686,5
12325,19694,6
12325,19695,2
12326,19565,59.5
12326,19566,100
12326,19567,31
12326,19569,2
12326,19570,1
12326,19572,3
12326,19573,2
12326,19578,3
12326,19580,4
12326,19582,4
12326,19583,18
12326,19584,6
12326,19585,5
12326,19595,48
12326,19596,5
12326,19598,3
12326,19599,5
12326,19604,2
12326,19609,38
12326,19610,48.5
12326,19611,33
12326,19612,13
12326,19624,13.5
12326,19625,5
12326,19626,2
12326,19632,5
12326,19633,4
12326,19636,8
12326,19637,6
12326,19642,2
12326,19650,1
12326,19651,2
12326,19653,5
12326,19655,5
12326,19656,3
12326,19660,5
12326,19669,2
12326,19683,4
12326,19691,1
12326,19692,10
12326,19694,5
12327,19564,7
12327,19565,105.5
12327,19566,86
12327,19569,12
12327,19576,2
12327,19577,2
12327,19578,2
12327,19582,4
12327,19584,1
12327,19595,13
12327,19597,2
12327,19600,5
12327,19601,2
12327,19603,5
12327,19604,4
12327,19609,11
12327,19610,31
12327,19611,11
12327,19612,8
12327,19613,5
12327,19616,3
12327,19617,8
12327,19619,2
12327,19621,4
12327,19625,22
12327,19626,15
12327,19627,2
12327,19633,3
12327,19635,9
12327,19636,9
12327,19640,1
12327,19642,1
12327,19643,4
12327,19647,1
12327,19650,3
12327,19651,7
12327,19654,5
12327,19655,4
12327,19668,3
12327,19670,1
12327,19671,5
12327,19672,4
12327,19677,4
12327,19679,1
12327,19680,2
12327,19685,3
12327,19698,1
12328,19564,6
12328,19565,43
12328,19566,143.5
12328,19567,28
12328,19568,16
12328,19569,9
12328,19584,1
12328,19586,6
12328,19587,2
12328,19591,4
12328,19599,4
12328,19603,3
12328,19608,4
12328,19609,4
12328,19610,64.5
12328,19611,47
12328,19612,25
12328,19613,9
12328,19614,3
12328,19617,5
12328,19619,2
12328,19626,2
12328,19627,1
12328,19628,2
12328,19633,11
12328,19635,6
12328,19636,5.5
12328,19637,14
12328,19647,3
12328,19649,3
12328,19650,6
12328,19651,8
12328,19652,3
12328,19662,3
12328,19667,1
12328,19680,2
12328,19682,2.5
12328,19684,4
12328,19686,2
12328,19687,1
12328,19688,2
12328,19693,2
12329,19564,3
12329,19565,138
12329,19566,34.5
12329,19567,21
12329,19568,9
12329,19569,2
12329,19573,1
12329,19576,4
12329,19577,4
12329,19578,1
12329,19581,4
12329,19582,18
12329,19583,8
12329,19584,31
12329,19587,5
12329,19588,7
12329,19591,2
12329,19593,6
12329,19596,2
12329,19598,1
12329,19600,4
12329,19604,1
12329,19608,15
12329,19609,3
12329,19610,7
12329,19613,16
12329,19614,7
12329,19615,2
12329,19616,5
12329,19617,2
12329,19621,2
12329,19622,6
12329,19623,4
12329,19626,1
12329,19629,5
12329,19630,1
12329,19641,1
12329,19643,6
12329,19646,2
12329,19651,8.5
12329,19652,3
12329,19663,4
12329,19665,2
12329,19669,3
12329,19672,2
12329,19677,7
12329,19680,3
12329,19686,1
12329,19690,2
12329,19694,3
12329,19696,1
12330,19565,268
12330,19566,155
12330,19569,2
12330,19576,10
12330,19578,3
12330,19579,3
12330,19581,19.5
12330,19582,87
12330,19583,82
12330,19584,49
12330,19585,23
12330,19588,26
12330,19589,10
12330,19591,2
12330,19592,2
12330,19593,4
12330,19598,4
12330,19600,3
12330,19602,1.5
12330,19604,1
12330,19605,2
12330,19608,2
12330,19610,4
12330,19611,2
12330,19616,2
12330,19618,4
12330,19619,2
12330,19620,2
12330,19621,1
12330,19623,3
12330,19626,5
12330,19628,1
12330,19632,2
12330,19642,3
12330,19643,2
12330,19646,3
12330,19647,10
12330,19648,2
12330,19651,9
12330,19652,2
12330,19656,2
12330,19657,6
12330,19658,5
12330,19659,6
12330,19662,3
12330,19663,12
12330,19664,3
12330,19666,2
12330,19671,1
12330,19674,3
12330,19675,1
12330,19681,2
12330,19682,1
12330,19683,16
12330,19689,2
12330,19690,2
12330,19691,2
12330,19692,4
12330,19693,8
12330,19694,31
12330,19695,24
12330,19696,9
12330,19697,1
12330,19698,7
12330,19699,3
12331,19565,143.5
12331,19566,105.5
12331,19567,10
12331,19568,7
12331,19580,7
12331,19581,76
12331,19582,93
12331,19583,75.5
12331,19584,125.5
12331,19585,64.5
12331,19586,29
12331,19587,52
12331,19588,34
12331,19589,36
12331,19590,40
12331,19591,8
12331,19592,3
12331,19593,7
12331,19594,4
12331,19603,3
12331,19604,2
12331,19605,2
12331,19609,8.5
12331,19610,31
12331,19615,7
12331,19618,13
12331,19623,5
12331,19626,3
12331,19636,3
12331,19638,6
12331,19642,5
12331,19645,4
12331,19647,1
12331,19648,2
12331,19651,2
12331,19652,3
12331,19656,2
12331,19657,4.5
12331,19658,2
12331,19659,3
12331,19663,7
12331,19669,2
12331,19677,11
12331,19679,1
12331,19680,3
12331,19681,3
12331,19684,8
12331,19685,1
12331,19687,1
12331,19688,1
12331,19689,5
12331,19690,2
12331,19694,7
12331,19695,10
12331,19696,2
12331,19697,9
12331,19700,2
12331,19701,3
12332,19564,32.5
12332,19565,168.5
12332,19566,46
12332,19570,5
12332,19578,3
12332,19579,6
12332,19581,47
12332,19582,62
12332,19583,67.5
12332,19584,196.5
12332,19585,106.5
12332,19586,93
12332,19587,56
12332,19588,9
12332,19594,1
12332,19601,2
12332,19602,2
12332,19603,2
12332,19604,2
12332,19609,1
12332,19610,15
12332,19611,6
12332,19612,2
12332,19619,2
12332,19620,1
12332,19621,4
12332,19622,2
12332,19623,2
12332,19626,3
12332,19637,1
12332,19641,5
12332,19645,4
12332,19646,5
12332,19649,2
12332,19651,27
12332,19652,8
12332,19656,1
12332,19660,7
12332,19664,6
12332,19665,5
12332,19677,11
12332,19678,3
12332,19679,5
12332,19680,2
12332,19681,4
12332,19682,4
12332,19683,5
12332,19684,24
12332,19685,8
12332,19688,3
12332,19696,4
12332,19697,1
12333,19565,85
12333,19566,20
12333,19567,3
12333,19568,5
12333,19572,1
12333,19578,3
12333,19579,2
12333,19580,7
12333,19581,38
12333,19582,44.5
12333,19583,24.5
12333,19584,28
12333,19585,13.5
12333,19586,6
12333,19587,26
12333,19590,5
12333,19591,4
12333,19601,4
12333,19602,22.5
12333,19603,3
12333,19611,9
12333,19615,4
12333,19616,1
12333,19617,2
12333,19619,4
12333,19622,7
12333,19627,2
12333,19628,2
12333,19631,2
12333,19634,2
12333,19638,7
12333,19639,3
12333,19642,1
12333,19643,9
12333,19645,2
12333,19647,2
12333,19648,6
12333,19649,1
12333,19651,42
12333,19652,2
12333,19653,4
12333,19654,2
12333,19661,4
12333,19662,15
12333,19663,5
12333,19664,2
12333,19665,4
12333,19672,4
12333,19678,6
12333,19679,7
12333,19680,11
12333,19682,41
12333,19685,6
12333,19697,1
12333,19698,3
12333,19699,4
12333,19701,4
12333,19702,8
12333,19703,6
12333,19704,2
12334,19565,182
12334,19566,19
12334,19574,5
12334,19580,3
12334,19581,5
12334,19582,2
12334,19583,2
12334,19584,14
12334,19588,2
12334,19596,6
12334,19597,19.5
12334,19598,4
12334,19602,3
12334,19603,31
12334,19604,8
12334,19607,6
12334,19608,13
12334,19609,5
12334,19621,9
12334,19622,3
12334,19626,4
12334,19627,17
12334,19628,5
12334,19646,3.5
12334,19647,3
12334,19652,23
12334,19653,9
12334,19654,1
12334,19655,4
12334,19657,2
12334,19661,5
12334,19662,4
12334,19663,1
12334,19667,15
12334,19669,1
12334,19679,17
12334,19680,9
12334,19683,2
12334,19685,2
12334,19693,2
12334,19700,1
12334,19701,15
12334,19702,6
12334,19703,2
12334,19704,2
12335,19565,22
12335,19566,75
12335,19571,1
12335,19573,1
12335,19579,5
12335,19581,1
12335,19583,4
12335,19584,5
12335,19587,2
12335,19597,2
12335,19598,10.5
12335,19600,13
12335,19604,20
12335,19605,4
12335,19609,2
12335,19611,2
12335,19617,6
12335,19619,4
12335,19624,5
12335,19626,46
12335,19627,59.5
12335,19630,3
12335,19634,3
12335,19638,2
12335,19641,2
12335,19646,4
12335,19647,3
12335,19655,2
12335,19656,3
12335,19662,1
12335,19663,7
12335,19664,1
12335,19676,4
12335,19679,13
12335,19681,12
12335,19684,6
12335,19685,2
12335,19690,1
12335,19696,2
12335,19704,6
12336,19565,10
12336,19566,231
12336,19571,2
12336,19584,2
12336,19589,12
12336,19592,1
12336,19599,1
12336,19600,91
12336,19601,70
12336,19602,6
12336,19605,5
12336,19608,6
12336,19617,1
12336,19625,1
12336,19626,3
12336,19627,9
12336,19630,13
12336,19637,1
12336,19639,3
12336,19640,4
12336,19641,2
12336,19647,2
12336,19653,4
12336,19654,2
12336,19655,2
12336,19657,2
12336,19662,1
12336,19663,10
12336,19664,22
12336,19672,2
12336,19684,1
12336,19685,2
12336,19686,2
12336,19692,2
12336,19697,1
12337,19564,20
12337,19565,37
12337,19566,200
12337,19567,200
12337,19568,2
12337,19570,1
12337,19578,2
12337,19581,5
12337,19582,2
12337,19583,2
12337,19586,3
12337,19594,1
12337,19595,1
12337,19598,5
12337,19599,7
12337,19600,21
12337,19601,78
12337,19602,99
12337,19609,2
12337,19623,4
12337,19625,2
12337,19630,2
12337,19636,4
12337,19637,3
12337,19638,1
12337,19650,9
12337,19657,4
12337,19663,12
12337,19664,68.5
12337,19665,21
12337,19668,6
12337,19669,6
12337,19675,5
12337,19679,4
12337,19687,1
12337,19689,4
12337,19692,2
12337,19695,3
12338,19564,26
12338,19566,130
12338,19567,50
12338,19568,2
12338,19570,2
12338,19573,3
12338,19584,3
12338,19588,2
12338,19592,5
12338,19601,18
12338,19602,41
12338,19603,8
12338,19604,6
12338,19605,3
12338,19611,3
12338,19612,1
12338,19618,3
12338,19622,4
12338,19630,2
12338,19641,1
12338,19651,5
12338,19652,5
12338,19653,2
12338,19660,1
12338,19664,17
12338,19665,30
12338,19666,9.5
12338,19667,5
12338,19670,1
12338,19673,2
12338,19675,3
12338,19686,2
12338,19687,1
12339,19564,112.5
12339,19565,41
12339,19566,2
12339,19567,32
12339,19570,1
12339,19578,1
12339,19581,2
12339,19582,4
12339,19586,2
12339,19588,6
12339,19594,5
12339,19599,4
12339,19602,4
12339,19603,15
12339,19604,25
12339,19605,3
12339,19606,1
12339,19612,2
12339,19617,1
12339,19618,2
12339,19620,2
12339,19628,5
12339,19635,2
12339,19641,3
12339,19644,4
12339,19654,5
12339,19657,2
12339,19666,13
12339,19667,2
12339,19674,2
12339,19677,4
12339,19685,1
12339,19689,4
12339,19699,6
12340,19564,43
12340,19565,14
12340,19566,22
12340,19567,11
12340,19568,2
12340,19575,1
12340,19576,1
12340,19578,3
12340,19585,4
12340,19594,2
12340,19598,7
12340,19599,3
12340,19604,6
12340,19606,11
12340,19607,2
12340,19616,1
12340,19617,2
12340,19621,1
12340,19622,9
12340,19623,3
12340,19626,1
12340,19641,3
12340,19644,1
12340,19655,1
12340,19656,3
12340,19657,2
12340,19658,2
12340,19663,3
12340,19667,24
12340,19668,2
12340,19684,5
12340,19688,6
12340,19695,3
12341,19562,9
12341,19564,2
12341,19565,2
12341,19566,74
12341,19567,44
12341,19577,4
12341,19578,4
12341,19582,3
12341,19597,3
12341,19600,2
12341,19602,2
12341,19603,4
12341,19606,2
12341,19607,2
12341,19611,13
12341,19612,3
12341,19616,10
12341,19617,2
12341,19620,4
12341,19622,4
12341,19626,2
12341,19627,5
12341,19638,2
12341,19641,2
12341,19647,1
12341,19650,2
12341,19651,2
12341,19656,4
12341,19658,2
12341,19659,3
12341,19660,2
12341,19661,2
12341,19664,4
12341,19665,3
12341,19667,4
12341,19668,8
12341,19671,3
12341,19678,2
12341,19679,2
12341,19688,2
12341,19690,2
12341,19699,3
12342,19565,3
12342,19566,50
12342,19567,49
12342,19582,2
12342,19587,3
12342,19596,2
12342,19597,2
12342,19598,2
12342,19603,4
12342,19604,5
12342,19607,2
12342,19608,6
12342,19609,9
12342,19611,2
12342,19612,2
12342,19616,15.5
12342,19617,8
12342,19620,5
12342,19622,4
12342,19637,2
12342,19639,2
12342,19641,2
12342,19646,1
12342,19651,1
12342,19655,2
12342,19660,1
12342,19662,6
12342,19668,4
12342,19671,2
12342,19692,4
12342,19694,2
12342,19696,3
12342,19699,2
12342,19703,5
12343,19566,72
12343,19567,8
12343,19569,5
12343,19571,2
12343,19584,5
12343,19587,1
12343,19588,2
12343,19594,2
12343,19596,3
12343,19597,2
12343,19603,1
12343,19604,4
12343,19606,3
12343,19608,5
12343,19610,1
12343,19611,25
12343,19612,37
12343,19613,7
12343,19620,3
12343,19626,1
12343,19628,2
12343,19645,9
12343,19646,2
12343,19653,7
12343,19664,3
12343,19665,4
12343,19668,2
12343,19673,2
12343,19690,17
12343,19691,28
12343,19694,9
12343,19695,7
12343,19696,2
12343,19697,6
12343,19703,2
12343,19707,3
12344,19566,5
12344,19567,4
12344,19577,7
12344,19578,10
12344,19582,2
12344,19584,2
12344,19591,2
12344,19596,5
12344,19597,4
12344,19600,9
12344,19604,1
12344,19607,5
12344,19612,25
12344,19613,8
12344,19623,13
12344,19624,10
12344,19625,2
12344,19628,5
12344,19630,2
12344,19642,3
12344,19643,1
12344,19648,1.5
12344,19652,3
12344,19667,1
12344,19668,1
12344,19690,32
12344,19691,21
12344,19692,17
12344,19697,7
12344,19701,3
12344,19705,4.5
12344,19706,2
12344,19707,5
12344,19708,4
12345,19567,21
12345,19568,7
12345,19573,4
12345,19576,5
12345,19577,14
12345,19578,15
12345,19584,4
12345,19591,1
12345,19592,1
12345,19596,4
12345,19600,1
12345,19601,4
12345,19602,16
12345,19604,9
12345,19608,4
12345,19610,8
12345,19612,39
12345,19613,5
12345,19614,3
12345,19620,5
12345,19621,5
12345,19623,7.5
12345,19624,5
12345,19626,3
12345,19627,4
12345,19629,4
12345,19631,1
12345,19632,2
12345,19636,2
12345,19646,2
12345,19658,5
12345,19662,1
12345,19664,9
12345,19676,3.5
12345,19677,1
12345,19687,1
12345,19690,7
12345,19691,8
12345,19694,1
12345,19700,4
12345,19701,3
12345,19702,3
12345,19703,8
12345,19705,10
12345,19706,2
12345,19710,3
12345,19712,1
12345,19713,3
12345,19714,4
12345,19716,3
12346,19566,52
12346,19567,68
12346,19568,54
12346,19569,31
12346,19570,3
12346,19571,2
12346,19572,4
12346,19573,6
12346,19575,1
12346,19576,6
12346,19577,2
12346,19578,13
12346,19579,2
12346,19597,4
12346,19600,4
12346,19601,5
12346,19602,13
12346,19603,4
12346,19604,3
12346,19606,1
12346,19607,3
12346,19608,12
12346,19611,5
12346,19614,2
12346,19621,4
12346,19623,2
12346,19625,1
12346,19628,10
12346,19629,13
12346,19633,24
12346,19634,6
12346,19635,3
12346,19646,3
12346,19648,3.5
12346,19651,5
12346,19667,4
12346,19670,3
12346,19673,3
12346,19682,4
12346,19687,4.5
12346,19690,3
12346,19691,21
12346,19694,2
12346,19695,2
12346,19709,4
12346,19710,3
12346,19711,9
12347,19565,2
12347,19566,9
12347,19568,47
12347,19569,56
12347,19570,8
12347,19571,27
12347,19572,17
12347,19573,7
12347,19576,1
12347,19579,14
12347,19585,2
12347,19588,4
12347,19589,5
12347,19598,7
12347,19599,18.5
12347,19602,30
12347,19603,1
12347,19604,2
12347,19606,7
12347,19607,25
12347,19608,7
12347,19610,2
12347,19611,14
12347,19615,6
12347,19616,5
12347,19623,6
12347,19626,4
12347,19627,9
12347,19628,1
12347,19633,36.5
12347,19634,5
12347,19638,3
12347,19644,3
12347,19645,2
12347,19651,4
12347,19652,2
12347,19659,3
12347,19664,5
12347,19666,2
12347,19673,2
12347,19678,3
12347,19684,1
12347,19689,4
12347,19690,9
12347,19691,15
12347,19692,2
12347,19696,2
12347,19697,4
12348,19567,1
12348,19568,32
12348,19569,18
12348,19570,13
12348,19571,19
12348,19572,33
12348,19573,3
12348,19576,1
12348,19579,4
12348,19581,3
12348,19588,3
12348,19589,3
12348,19592,3
12348,19598,2
12348,19602,4
12348,19604,2
12348,19606,12
12348,19607,20.5
12348,19608,5
12348,19609,2
12348,19610,3
12348,19611,13
12348,19612,6
12348,19614,2
12348,19615,23
12348,19616,45.5
12348,19617,36
12348,19618,1
12348,19619,2
12348,19621,6
12348,19622,1
12348,19624,2
12348,19626,4
12348,19628,16
12348,19633,46
12348,19634,8
12348,19635,5
12348,19636,5
12348,19643,1
12348,19646,6
12348,19647,5
12348,19648,2
12348,19651,3
12348,19652,3
12348,19658,2
12348,19661,2
12348,19667,4
12348,19670,2
12348,19674,1
12348,19679,5
12348,19690,2
12348,19692,2
12348,19696,3
12348,19714,2
12349,19567,4
12349,19568,11
12349,19569,35
12349,19570,20
12349,19572,11
12349,19573,9
12349,19574,20
12349,19575,21
12349,19579,10
12349,19582,3
12349,19588,6
12349,19591,1.5
12349,19593,1
12349,19598,4
12349,19600,2
12349,19601,2
12349,19604,1
12349,19605,3
12349,19610,4
12349,19611,14
12349,19613,1
12349,19616,25
12349,19617,3
12349,19618,3
12349,19619,4
12349,19625,2
12349,19626,5
12349,19627,4
12349,19628,10
12349,19631,4
12349,19632,7
12349,19633,21
12349,19634,7
12349,19635,5
12349,19636,3
12349,19639,6
12349,19642,7
12349,19647,1
12349,19649,4
12349,19650,2
12349,19655,1
12349,19671,1
12349,19676,3
12349,19677,12.5
12349,19680,2
12349,19693,3
12349,19696,12
12349,19713,5
12350,19567,8
12350,19572,43
12350,19573,90.5
12350,19574,49
12350,19575,53
12350,19578,7
12350,19580,3
12350,19584,5
12350,19588,2
12350,19592,3
12350,19600,2
12350,19603,1
12350,19608,2
12350,19611,2
12350,19613,3
12350,19614,2
12350,19617,2
12350,19618,17
12350,19619,7
12350,19620,5
12350,19625,4
12350,19626,3
12350,19628,14
12350,19632,3
12350,19633,1
12350,19634,7
12350,19636,5
12350,19637,2
12350,19638,4
12350,19642,4
12350,19643,4
12350,19644,6
12350,19645,29
12350,19646,18
12350,19647,25
12350,19651,3
12350,19653,3
12350,19660,5
12350,19665,1
12350,19667,4
12350,19678,2
12350,19692,4
12350,19693,1
12350,19696,9
12350,19701,5
12350,19702,2
12351,19567,5
12351,19572,113
12351,19573,111
12351,19574,41.5
12351,19575,61
12351,19581,5
12351,19582,2
12351,19583,1
12351,19585,14
12351,19597,2
12351,19602,2
12351,19603,2
12351,19607,1
12351,19608,10.5
12351,19609,2
12351,19610,8
12351,19613,3
12351,19617,4
12351,19618,14
12351,19619,26
12351,19620,5.5
12351,19625,3
12351,19626,8
12351,19629,4
12351,19630,13
12351,19633,1
12351,19636,6
12351,19637,9
12351,19639,2
12351,19645,57
12351,19646,63
12351,19647,4
12351,19649,1
12351,19650,3
12351,19652,3
12351,19656,2
12351,19660,2
12351,19661,2
12351,19667,2
12351,19668,1
12351,19670,9
12351,19674,4
12351,19692,2
12351,19698,3
12352,19567,5
12352,19568,2
12352,19572,28
12352,19573,29
12352,19574,23
12352,19576,6
12352,19577,17
12352,19578,14
12352,19580,3
12352,19581,1
12352,19582,4
12352,19584,5
12352,19585,3
12352,19589,3
12352,19594,4
12352,19595,2
12352,19596,4
12352,19599,1
12352,19603,6
12352,19608,1
12352,19609,7
12352,19613,5
12352,19614,4
12352,19620,1
12352,19621,2
12352,19622,32
12352,19626,2
12352,19631,4
12352,19633,1
12352,19636,3
12352,19639,4
12352,19645,5
12352,19646,12
12352,19652,2
12352,19655,2
12352,19662,14
12352,19670,3
12352,19678,3
12353,19567,20
12353,19568,5
12353,19573,5
12353,19575,12
12353,19576,32.5
12353,19577,16
12353,19578,6
12353,19582,4
12353,19585,2
12353,19588,6
12353,19593,4
12353,19594,2
12353,19597,1
12353,19598,1
12353,19607,2
12353,19610,8
12353,19614,6
12353,19615,2
12353,19620,2
12353,19621,12
12353,19622,65.5
12353,19623,33.5
12353,19624,36.5
12353,19625,3
12353,19626,5
12353,19628,2
12353,19632,1
12353,19636,2
12353,19639,2
12353,19644,2
12353,19646,8
12353,19653,5
12353,19656,3
12353,19661,5
12353,19662,2
12353,19663,7
12353,19669,1
12353,19672,5
12353,19679,2
12353,19700,2
12353,19701,2
12354,19565,5
12354,19566,9
12354,19567,14
12354,19568,9
12354,19574,2
12354,19575,2
12354,19576,4
12354,19577,34
12354,19578,4
12354,19586,5
12354,19593,6
12354,19594,2
12354,19596,1
12354,19602,2
12354,19603,1
12354,19604,2
12354,19605,2
12354,19607,1
12354,19612,4
12354,19613,1
12354,19614,3
12354,19619,6
12354,19621,3
12354,19622,43.5
12354,19623,82.5
12354,19624,5
12354,19625,6
12354,19633,1
12354,19656,4
12354,19679,1
12354,19702,1
12355,19565,2
12355,19568,10
12355,19569,3
12355,19575,19
12355,19576,58.5
12355,19577,15.5
12355,19578,34.5
12355,19593,4
12355,19600,2
12355,19601,2
12355,19603,11
12355,19605,2
12355,19606,1
12355,19611,2
12355,19613,7
12355,19622,55.5
12355,19623,133.5
12355,19624,15
12355,19625,4
12355,19628,30
12355,19629,4
12355,19630,2
12355,19639,4
12355,19644,2
12355,19645,2
12355,19663,3.5
12355,19664,4
12355,19670,2
12355,19681,3
12355,19704,3
12355,19706,5
12356,19564,3
12356,19567,1
12356,19568,3
12356,19569,4
12356,19576,24.5
12356,19578,11
12356,19582,2
12356,19585,2
12356,19597,1
12356,19601,2
12356,19602,2
12356,19603,3
12356,19604,2
12356,19606,1
12356,19615,4
12356,19618,2
12356,19622,14.5
12356,19623,144.5
12356,19624,11
12356,19626,6
12356,19627,1
12356,19629,3
12356,19631,1.5
12356,19632,1
12356,19644,2
12356,19648,2
12356,19654,2
12356,19658,3
12356,19659,2
12356,19673,2
12356,19702,3
12357,19567,5
12357,19568,6
12357,19569,1
12357,19570,2
12357,19576,2
12357,19578,2
12357,19598,1
12357,19599,5
12357,19605,3
12357,19607,1
12357,19609,2
12357,19611,2
12357,19615,2
12357,19616,2
12357,19620,2
12357,19621,2
12357,19622,3
12357,19623,44
12357,19626,1
12357,19628,9
12357,19631,2
12357,19637,2
12357,19638,1
12357,19639,1
12357,19643,2
12357,19644,3
12357,19653,3
12357,19666,2
12357,19703,5
12357,19710,1
12357,19711,3
12358,19568,5
12358,19569,3
12358,19570,5
12358,19588,4
12358,19591,5
12358,19595,8
12358,19602,1
12358,19613,2
12358,19615,2
12358,19617,2
12358,19620,7
12358,19621,5
12358,19622,2
12358,19623,28
12358,19628,6
12358,19629,3
12358,19630,3
12358,19632,2
12358,19633,14
12358,19636,5
12358,19638,7
12358,19639,2
12358,19649,2
12358,19655,11
12358,19658,2
12358,19659,1
12358,19701,2
12359,19567,4
12359,19568,22
12359,19569,45
12359,19570,2
12359,19586,2
12359,19587,7
12359,19589,11
12359,19590,16.5
12359,19596,4
12359,19599,5
12359,19611,6
12359,19612,6
12359,19622,9
12359,19624,1
12359,19626,2
12359,19627,4
12359,19630,7
12359,19631,3
12359,19633,5
12359,19637,8
12359,19639,2
12359,19640,2
12359,19641,3
12359,19653,2
12359,19655,1
12359,19657,1
12359,19663,4
12360,19567,4
12360,19569,11
12360,19572,3
12360,19583,2
12360,19584,1
12360,19590,45
12360,19591,47
12360,19592,41.5
12360,19593,3
12360,19599,5
12360,19600,1
12360,19607,7
12360,19611,7
12360,19613,9
12360,19621,1
12360,19623,5
12360,19628,6
12360,19630,6
12360,19632,6
12360,19638,2
12360,19647,3
12360,19650,5
12360,19653,4
12360,19655,1
12360,19656,1.5
12360,19665,2
12360,19666,3
12360,19667,1
12360,19702,2
12361,19569,25
12361,19572,3
12361,19576,26.5
12361,19582,4.5
12361,19583,28
12361,19584,3
12361,19590,5
12361,19591,20
12361,19592,92
12361,19593,57
12361,19594,19
12361,19595,3
12361,19605,2
12361,19611,1
12361,19619,5
12361,19623,2
12361,19624,3
12361,19627,7
12361,19631,4
12361,19635,6
12361,19636,2
12361,19637,4
12361,19638,16
12361,19641,2
12361,19646,5
12361,19648,2
12361,19649,1
12361,19651,4
12361,19652,1.5
12361,19653,4
12361,19654,3
12361,19655,1
12361,19657,1
12361,19659,2
12361,19662,10
12361,19663,2
12362,19569,4
12362,19570,4
12362,19571,6
12362,19575,10
12362,19576,15
12362,19579,10
12362,19583,6
12362,19605,3
12362,19608,2
12362,19610,5
12362,19614,2
12362,19618,3
12362,19627,1
12362,19632,2
12362,19633,2
12362,19634,4
12362,19638,10
12362,19639,8.5
12362,19648,3
12362,19660,4
12362,19661,4
12362,19688,4
12363,19563,3
12363,19567,8
12363,19568,38
12363,19569,56
12363,19570,2
12363,19571,7
12363,19575,6
12363,19593,2
12363,19594,2
12363,19595,3
12363,19596,3
12363,19600,9
12363,19601,3
12363,19608,2
12363,19620,2
12363,19623,3
12363,19626,1
12363,19627,2
12363,19630,2
12363,19633,8
12363,19636,14
12363,19637,2
12363,19638,3
12363,19639,9
12363,19640,4
12363,19641,2
12363,19644,2
12363,19653,2
12363,19656,2
12363,19659,8
12363,19660,2
12363,19663,1
12363,19678,2
12363,19683,2
12364,19562,17
12364,19563,30
12364,19564,77.5
12364,19565,4
12364,19566,2
12364,19567,26
12364,19568,44.5
12364,19569,54
12364,19570,11
12364,19571,4
12364,19572,6
12364,19573,4
12364,19578,1
12364,19581,8
12364,19582,3
12364,19583,2
12364,19586,6
12364,19601,2
12364,19602,3
12364,19609,2
12364,19611,5
12364,19613,4
12364,19618,1
12364,19622,6
12364,19624,2
12364,19626,2
12364,19628,1
12364,19635,16
12364,19636,7
12364,19638,49
12364,19639,38
12364,19641,2
12364,19642,5
12364,19643,5
12364,19645,12
12364,19646,2
12364,19647,53.5
12364,19648,52.5
12364,19649,14
12364,19651,1
12364,19652,7
12364,19653,27.5
12364,19654,35
12364,19656,1
12364,19657,3
12364,19658,1
12364,19667,2
12364,19671,2
12364,19673,6
12364,19676,4
12364,19678,1
12365,19562,57.5
12365,19563,54.5
12365,19564,115
12365,19565,56
12365,19566,127.5
12365,19567,20
12365,19570,3
12365,19572,2
12365,19578,33
12365,19579,15
12365,19580,21
12365,19581,96.5
12365,19582,66.5
12365,19583,30.5
12365,19584,20
12365,19585,1
12365,19586,3
12365,19587,8
12365,19590,4
12365,19595,3
12365,19598,6
12365,19608,1
12365,19609,7
12365,19611,2
12365,19612,2
12365,19614,2
12365,19619,3
12365,19620,7
12365,19624,4
12365,19629,1
12365,19637,2
12365,19638,7
12365,19639,13
12365,19640,10
12365,19642,4
12365,19643,3
12365,19644,2
12365,19645,17
12365,19646,27
12365,19647,21
12365,19648,75.5
12365,19649,31
12365,19650,8
12365,19651,12
12365,19652,2
12365,19653,1
12365,19654,1
12365,19669,4
12365,19673,4
12365,19674,5
12365,19685,2
12365,19686,3
12365,19688,2
12366,19562,36
12366,19563,19
12366,19564,27.5
12366,19565,8
12366,19566,61
12366,19567,2
12366,19570,1
12366,19578,28
12366,19579,39
12366,19580,9
12366,19581,121
12366,19582,112.5
12366,19583,39
12366,19584,8
12366,19589,7
12366,19590,3
12366,19597,5
12366,19606,4
12366,19607,6
12366,19608,5
12366,19610,2
12366,19612,4
12366,19620,2
12366,19623,2
12366,19624,1
12366,19630,2
12366,19637,4
12366,19642,4
12366,19643,3
12366,19644,3.5
12366,19646,7
12366,19647,10
12366,19648,9
12366,19649,25
12366,19650,69
12366,19651,52
12366,19654,7
12366,19659,3
12366,19670,1
12366,19674,2
12366,19681,2
12366,19682,3
12366,19687,2
12366,19688,2
12366,19689,4
12367,19562,23
12367,19570,8
12367,19571,3
12367,19580,13
12367,19581,46
12367,19582,4
12367,19583,4
12367,19584,24
12367,19585,34
12367,19587,1
12367,19588,4
12367,19589,37
12367,19591,5
12367,19592,7
12367,19593,7
12367,19595,5
12367,19599,1
12367,19600,3
12367,19608,1
12367,19609,8
12367,19610,33
12367,19611,8
12367,19612,3
12367,19613,5
12367,19614,3
12367,19618,2
12367,19621,5
12367,19623,8
12367,19627,2
12367,19628,4
12367,19638,7
12367,19640,5
12367,19643,2
12367,19644,4
12367,19647,24
12367,19648,39
12367,19649,27
12367,19651,62.5
12367,19652,16
12367,19653,2
12367,19658,4
12367,19660,7
12367,19661,4
12367,19670,12
12367,19673,1
12367,19682,2
12367,19685,5
12367,19686,4
12367,19690,2
12368,19571,5
12368,19584,4
12368,19594,6
12368,19595,1
12368,19602,2
12368,19610,5
12368,19612,5
12368,19613,4
12368,19614,7
12368,19616,3
12368,19620,2
12368,19621,7
12368,19624,11
12368,19628,4
12368,19631,2
12368,19638,3
12368,19644,2
12368,19646,2.5
12368,19647,19
12368,19648,19
12368,19649,2
12368,19650,5
12368,19652,25
12368,19653,45
12368,19661,6
12368,19662,3
12368,19664,2
12368,19668,5
12368,19669,3
12368,19671,5
12368,19673,2
12368,19676,7
12368,19679,8
12368,19680,1
12368,19682,3
12368,19686,2
12369,19584,5.5
12369,19589,2
12369,19590,2
12369,19591,3
12369,19592,1
12369,19603,7
12369,19605,1
12369,19616,3
12369,19617,1
12369,19628,2
12369,19633,2
12369,19638,4
12369,19641,1
12369,19642,11
12369,19643,3
12369,19646,2
12369,19648,9
12369,19651,4
12369,19653,33
12369,19654,58
12369,19655,19
12369,19664,4
12369,19666,2
12369,19674,2
12369,19678,9
12369,19680,2
12369,19682,4
12369,19684,13
12369,19685,51.5
12369,19686,6
12369,19691,2
12370,19568,8
12370,19569,10
12370,19584,2
12370,19585,3
12370,19586,1
12370,19589,4
12370,19590,5
12370,19592,4
12370,19611,2
12370,19614,6
12370,19615,2
12370,19618,5
12370,19621,3
12370,19622,7
12370,19624,4
12370,19628,4
12370,19629,4
12370,19630,2
12370,19632,1.5
12370,19638,4
12370,19643,1
12370,19645,3
12370,19647,7
12370,19648,4
12370,19651,8
12370,19652,3
12370,19653,19
12370,19654,12
12370,19655,20
12370,19656,4
12370,19657,8
12370,19662,2
12370,19674,1
12370,19676,1
12370,19678,2
12370,19680,13
12370,19681,2
12370,19684,20
12370,19685,21.5
12370,19687,8
12370,19690,2
12371,19566,3
12371,19570,2
12371,19589,8
12371,19593,3
12371,19594,1
12371,19596,2
12371,19597,4
12371,19598,5
12371,19599,1
12371,19601,2
12371,19602,3
12371,19605,2
12371,19606,5
12371,19617,7
12371,19619,6
12371,19621,4
12371,19622,6
12371,19623,1
12371,19628,3
12371,19629,2
12371,19648,8
12371,19649,4
12371,19650,3
12371,19651,2
12371,19652,4
12371,19653,3
12371,19654,4
12371,19658,25.5
12371,19659,11
12371,19660,5
12371,19663,13
12371,19665,3
12371,19666,11
12371,19667,9
12371,19669,4
12371,19676,3
12371,19678,1
12371,19679,9.5
12371,19681,4
12371,19682,3
12371,19683,24
12371,19684,8
12371,19685,1
12372,19569,9
12372,19570,38
12372,19571,22
12372,19584,6
12372,19585,2
12372,19595,5
12372,19597,1
12372,19600,4
12372,19601,4
12372,19606,1
12372,19608,2
12372,19616,2
12372,19617,1
12372,19618,6
12372,19622,14
12372,19626,4
12372,19627,1
12372,19629,1
12372,19634,4
12372,19635,7
12372,19658,11
12372,19659,15
12372,19660,8
12372,19662,3
12372,19663,14
12372,19665,6
12372,19666,4
12372,19674,1
12372,19675,4
12372,19677,2
12372,19678,10
12372,19680,25.5
12372,19681,24
12372,19682,102.5
12372,19683,50
12372,19684,37
12372,19685,12
12372,19687,2
12372,19688,2
12372,19691,6
12373,19569,16
12373,19570,116
12373,19571,41
12373,19582,3
12373,19586,3
12373,19587,12
12373,19589,5
12373,19590,2
12373,19591,4
12373,19592,2
12373,19594,1
12373,19595,6
12373,19596,3
12373,19601,4
12373,19602,8
12373,19603,2
12373,19608,2
12373,19609,2
12373,19610,2
12373,19615,1
12373,19617,2
12373,19618,1
12373,19620,4
12373,19622,2
12373,19623,1
12373,19626,4
12373,19627,1
12373,19632,2
12373,19633,2
12373,19634,4
12373,19636,2
12373,19649,8
12373,19656,2
12373,19659,2
12373,19660,3
12373,19662,3
12373,19666,6
12373,19667,3
12373,19671,2
12373,19679,1
12373,19680,60.5
12373,19681,67.5
12373,19682,76.5
12373,19683,25
12373,19684,15.5
12373,19685,2
12374,19570,18
12374,19571,41
12374,19572,12
12374,19573,4
12374,19581,3
12374,19582,4
12374,19583,2
12374,19587,5
12374,19588,5
12374,19589,18
12374,19590,17
12374,19591,14
12374,19592,22
12374,19593,3
12374,19594,22
12374,19595,1
12374,19597,1
12374,19605,3
12374,19608,5
12374,19610,4.5
12374,19612,2
12374,19619,1
12374,19620,9
12374,19623,1
12374,19624,7
12374,19627,1
12374,19628,1
12374,19629,2
12374,19637,4
12374,19651,3
12374,19659,4
12374,19662,4
12374,19664,2
12374,19665,4
12374,19667,1
12374,19680,2
12374,19689,1
12374,19692,1
12375,19570,9
12375,19571,54
12375,19572,37
12375,19573,24
12375,19583,3.5
12375,19588,12
12375,19589,8
12375,19590,1
12375,19594,6
12375,19595,3
12375,19596,12
12375,19597,7
12375,19598,1
12375,19606,24
12375,19607,7
12375,19608,25.5
12375,19609,7
12375,19610,6.5
12375,19614,4
12375,19615,2
12375,19616,1
12375,19619,2
12375,19620,3
12375,19622,2
12375,19624,1
12375,19629,3
12375,19630,2
12375,19660,2
12375,19662,4
12375,19663,3
12375,19664,1
12375,19666,3
12375,19675,2
12375,19676,6
12375,19678,2
12375,19688,2
12375,19692,1
12376,19570,8
12376,19571,10
12376,19572,12
12376,19573,19.5
12376,19574,27
12376,19575,14
12376,19577,37
12376,19578,13
12376,19595,2
12376,19598,2
12376,19607,3
12376,19608,12
12376,19609,15
12376,19610,9
12376,19611,3
12376,19613,8
12376,19614,18
12376,19615,2
12376,19616,4
12376,19618,3
12376,19621,1
12376,19623,6
12376,19631,2
12376,19662,4
12376,19667,2
12376,19671,6
12376,19681,2
12376,19682,2
12376,19684,9
12376,19688,2
12377,19572,2
12377,19573,4
12377,19574,32
12377,19575,2
12377,19577,5
12377,19578,13
12377,19581,4
12377,19587,2
12377,19588,2
12377,19590,3
12377,19593,2
12377,19594,3
12377,19602,9
12377,19603,3
12377,19609,11
12377,19612,1
12377,19613,23
12377,19614,20
12377,19615,1
12377,19623,5
12377,19626,1
12377,19629,1
12377,19674,3
12377,19676,1
12377,19678,5
12377,19680,1
12378,19569,8
12378,19572,1
12378,19573,1
12378,19574,19
12378,19575,1
12378,19587,2
12378,19591,7
12378,19592,14
12378,19593,19
12378,19594,14
12378,19595,39
12378,19596,90.5
12378,19597,112
12378,19598,98.5
12378,19599,16
12378,19600,14
12378,19601,18
12378,19602,7
12378,19605,1
12378,19607,2
12378,19613,5
12378,19614,14
12378,19615,26.5
12378,19616,14
12378,19617,5
12378,19619,5
12378,19622,1
12378,19628,4
12378,19630,5
12378,19635,1
12378,19636,2
12378,19658,5
12378,19659,1
12378,19676,3
12379,19572,1
12379,19586,4
12379,19587,19
12379,19588,34
12379,19589,20.5
12379,19591,2
12379,19592,34.5
12379,19593,52
12379,19594,39
12379,19595,40.5
12379,19596,110.5
12379,19597,127.5
12379,19598,114
12379,19599,73
12379,19600,49
12379,19601,30
12379,19602,2
12379,19603,2
12379,19609,2
12379,19615,2
12379,19616,1
12379,19618,8
12379,19619,14
12379,19620,5
12379,19621,7
12379,19622,8
12379,19625,2
12379,19629,2
12379,19633,1
12379,19681,1
12379,19682,10
12380,19568,51
12380,19569,19
12380,19572,5
12380,19576,3
12380,19586,1
12380,19587,5
12380,19588,6
12380,19589,22
12380,19590,26
12380,19591,14
12380,19592,3
12380,19593,23
12380,19594,74
12380,19595,41
12380,19596,68
12380,19597,54
12380,19598,104.5
12380,19599,55
12380,19600,75
12380,19601,53
12380,19602,12
12380,19603,2
12380,19605,2
12380,19609,19
12380,19619,4
12380,19620,1
12380,19623,1
12380,19627,1
12380,19628,1
12380,19634,19
12380,19635,8
12381,19568,54
12381,19569,15
12381,19572,7
12381,19577,2
12381,19582,3
12381,19583,5
12381,19587,2
12381,19588,1
12381,19590,3
12381,19591,3
12381,19593,26
12381,19594,32
12381,19595,41.5
12381,19596,78
12381,19597,73
12381,19598,41
12381,19599,24
12381,19600,66.5
12381,19601,21
12381,19605,7
12381,19606,4
12381,19607,2
12381,19608,4
12381,19609,9
12381,19618,4
12381,19620,2
12381,19623,2
12381,19624,9
12381,19625,9
12381,19626,11
12381,19627,4
12381,19628,5
12381,19635,2
12381,19636,2
12381,19637,1
12381,19638,5
12381,19639,5
12381,19640,7
12381,19641,8
12382,19568,42
12382,19585,1
12382,19586,6
12382,19589,1
12382,19590,3
12382,19591,10
12382,19593,22
12382,19594,4
12382,19596,3
12382,19597,28.5
12382,19598,16
12382,19605,3
12382,19607,2
12382,19617,2
12382,19624,10
12382,19625,12
12382,19630,4
12382,19631,7
12382,19632,4
12382,19635,1
12382,19641,7
12382,19646,5
12383,19568,57
12383,19577,2
12383,19585,2
12383,19587,8
12383,19591,21
12383,19592,16
12383,19593,1
12383,19602,5
12383,19603,4
12383,19604,4
12383,19605,1
12383,19609,1
12383,19620,4
12383,19621,21
12383,19622,2
12383,19624,7
12383,19631,2
12383,19637,4
12383,19638,5
12383,19639,8
12383,19640,2
12383,19641,4
12383,19642,3
12383,19643,4
12384,19572,1
12384,19577,1
12384,19587,18
12384,19591,4
12384,19592,2
12384,19604,3
12384,19609,2
12384,19610,12
12384,19611,5
12384,19612,3
12384,19613,2
12384,19615,8
12384,19617,2
12384,19620,14
12384,19621,27
12384,19624,8
12384,19629,9
12384,19633,1
12384,19638,4.5
12384,19639,2
12384,19640,5
12384,19641,2
12384,19642,1
12384,19643,2
12384,19644,3
12384,19645,1
12384,19659,2
12385,19571,1
12385,19581,6
12385,19593,7
12385,19598,7
12385,19604,2
12385,19605,5
12385,19612,9
12385,19613,2
12385,19614,2
12385,19615,8
12385,19617,3
12385,19620,64.5
12385,19621,29
12385,19622,12
12385,19623,15
12385,19624,31
12385,19629,3
12385,19630,5
12385,19633,1
12385,19637,4
12385,19638,3
12385,19641,1
12385,19642,9
12385,19646,2
12385,19651,2
12385,19658,5
12385,19659,11
12385,19660,6
12385,19663,2
12386,19568,2
12386,19570,45
12386,19571,30
12386,19572,10
12386,19594,2
12386,19595,7
12386,19600,10
12386,19601,8
12386,19602,2
12386,19604,2
12386,19606,8
12386,19612,11
12386,19613,8.5
12386,19616,3
12386,19617,3
12386,19619,13
12386,19620,47
12386,19621,19
12386,19622,20
12386,19623,69.5
12386,19624,78
12386,19628,13
12386,19629,30
12386,19630,4
12386,19633,8
12386,19634,33
12386,19635,2
12386,19637,14
12386,19638,55
12386,19639,22.5
12386,19640,4
12386,19641,1
12386,19642,1
12386,19644,1
12386,19647,2
12386,19653,2
12386,19655,2
12386,19656,28
12386,19657,12
12386,19658,67.5
12386,19659,62
12386,19660,17
12386,19661,5
12386,19663,10
12386,19664,19
12386,19692,2
12387,19570,39.5
12387,19571,87
12387,19572,8
12387,19575,2
12387,19586,42
12387,19590,4
12387,19592,25
12387,19593,41
12387,19594,32
12387,19596,5
12387,19597,17
12387,19598,24
12387,19599,24
12387,19600,33
12387,19601,28
12387,19602,8
12387,19603,2
12387,19605,4
12387,19607,6
12387,19616,7
12387,19617,6
12387,19618,2
12387,19619,60
12387,19620,61
12387,19621,43
12387,19622,50.5
12387,19623,111
12387,19624,35
12387,19625,2
12387,19626,29
12387,19627,13
12387,19628,45.5
12387,19629,19
12387,19634,4
12387,19636,7
12387,19637,28
12387,19638,47
12387,19639,79.5
12387,19640,54
12387,19641,42
12387,19642,11
12387,19643,6
12387,19644,2
12387,19646,11
12387,19647,2
12387,19648,2
12387,19656,11
12387,19657,56.5
12387,19658,32
12387,19659,57.5
12387,19660,27
12387,19661,18
12387,19663,4
12387,19664,4
12387,19689,6
12387,19690,2
12388,19568,1
12388,19569,9
12388,19570,76
12388,19571,109
12388,19583,2
12388,19585,7
12388,19586,60
12388,19587,47
12388,19590,1
12388,19594,24
12388,19596,4
12388,19597,16
12388,19598,12
12388,19600,6
12388,19601,9
12388,19608,6
12388,19609,2
12388,19612,6
12388,19616,3
12388,19621,43
12388,19622,1.5
12388,19623,35
12388,19624,1
12388,19628,14
12388,19633,2
12388,19634,2
12388,19635,2
12388,19637,19
12388,19638,64
12388,19639,3
12388,19643,2
12388,19645,10
12388,19654,1
12388,19655,22
12388,19656,44.5
12388,19657,12
12388,19659,8
12388,19661,8
12388,19662,2
12388,19690,1
12389,19568,6
12389,19569,81
12389,19570,106
12389,19571,181.5
12389,19573,3
12389,19574,33
12389,19575,5
12389,19582,2
12389,19583,56
12389,19584,42
12389,19585,116
12389,19586,102.5
12389,19587,49
12389,19588,12
12389,19606,6
12389,19609,3
12389,19610,2
12389,19613,4
12389,19616,3
12389,19619,2
12389,19620,11
12389,19621,25
12389,19622,60.5
12389,19623,44
12389,19627,2
12389,19628,5
12389,19629,6
12389,19638,2
12389,19655,8
12389,19656,16
12389,19657,1
12389,19658,2
12389,19659,2
12390,19568,5
12390,19569,87
12390,19570,103
12390,19571,79
12390,19572,37
12390,19573,24
12390,19574,110
12390,19575,125
12390,19576,31
12390,19582,8
12390,19583,87
12390,19584,85.5
12390,19585,80
12390,19586,84.5
12390,19587,16
12390,19588,9.5
12390,19612,6
12390,19613,12
12390,19615,1
12390,19616,1
12390,19620,20
12390,19621,108
12390,19622,84.5
12390,19629,10
12390,19641,3
12390,19655,3
12390,19657,9
12390,19658,19.5
12390,19659,8
12390,19660,2
12390,19664,1
12391,19569,110.5
12391,19570,80.5
12391,19571,83
12391,19572,84
12391,19573,41.5
12391,19574,65
12391,19575,88
12391,19576,36
12391,19582,5
12391,19583,35
12391,19584,7
12391,19585,41
12391,19586,32
12391,19589,3
12391,19596,4
12391,19597,1
12391,19598,4
12391,19610,2
12391,19612,5
12391,19613,2
12391,19620,2
12391,19621,3
12391,19623,6
12391,19627,4
12391,19640,4
12391,19644,23
12391,19645,1
12391,19654,14
12391,19655,15
12391,19658,8
12391,19659,12.5
12391,19660,3
12391,19661,4
12391,19662,2.5
12391,19663,1
12391,19664,22.5
12391,19665,12
12391,19667,20
12391,19668,5
12392,19569,196.5
12392,19570,78
12392,19571,62
12392,19572,35
12392,19574,71
12392,19575,22
12392,19583,10
12392,19590,3
12392,19591,5
12392,19593,3
12392,19597,6
12392,19598,7
12392,19612,4
12392,19616,5
12392,19620,3
12392,19629,4
12392,19640,2
12392,19641,6
12392,19642,8
12392,19643,12
12392,19644,39
12392,19645,30
12392,19646,5
12392,19655,2
12392,19657,2
12392,19660,1
12392,19663,2
12392,19666,5
12392,19667,6
12393,19568,15
12393,19569,172.5
12393,19570,100
12393,19571,25
12393,19572,149
12393,19573,22
12393,19586,4
12393,19587,9
12393,19589,1
12393,19590,8
12393,19591,4
12393,19592,6
12393,19594,3
12393,19595,4
12393,19598,5
12393,19599,1
12393,19606,5
12393,19612,2
12393,19613,3
12393,19615,3
12393,19619,4
12393,19643,49.5
12393,19644,59.5
12393,19645,59.5
12393,19646,10.5
12393,19648,25
12394,19568,17
12394,19569,132.5
12394,19570,40
12394,19571,69.5
12394,19572,130.5
12394,19573,45.5
12394,19576,3
12394,19584,19
12394,19585,32
12394,19586,24
12394,19587,3
12394,19588,6
12394,19589,2
12394,19590,6
12394,19601,8
12394,19603,6.5
12394,19605,10
12394,19606,4
12394,19611,2
12394,19618,3
12394,19620,3
12394,19628,1.5
12394,19643,19
12394,19644,21
12394,19646,40
12394,19647,5
12394,19648,20
12394,19649,7
12395,19567,4
12395,19568,42.5
12395,19569,119
12395,19570,63
12395,19571,77
12395,19572,203
12395,19573,6
12395,19574,25
12395,19575,62.5
12395,19576,19
12395,19580,2
12395,19581,2
12395,19582,22
12395,19583,37.5
12395,19584,18
12395,19585,5
12395,19606,2
12395,19611,2
12395,19612,10
12395,19613,4
12395,19614,2
12395,19616,7
12395,19617,19.5
12395,19618,5
12395,19621,1
12395,19626,2
12395,19627,6
12395,19629,6
12395,19644,1
12395,19645,2
12395,19646,21
12395,19647,21
12395,19648,4
12396,19567,4
12396,19568,63
12396,19569,285.5
12396,19570,158
12396,19571,75.5
12396,19572,35
12396,19573,7
12396,19574,3
12396,19575,39
12396,19576,33
12396,19579,6
12396,19580,17
12396,19582,4
12396,19583,6
12396,19585,10
12396,19599,5
12396,19602,3
12396,19608,2
12396,19609,2
12396,19611,2
12396,19612,8
12396,19613,4
12396,19615,7
12396,19616,11
12396,19617,13
12396,19621,2
12396,19626,3
12396,19635,6
12396,19637,4
12396,19638,9
12396,19642,4
12396,19643,7
12396,19644,14
12396,19645,22
12396,19646,2
12397,19567,9
12397,19568,122.5
12397,19569,116
12397,19570,174
12397,19571,17
12397,19572,11
12397,19573,6
12397,19574,9
12397,19575,1
12397,19576,15
12397,19577,4
12397,19580,11
12397,19581,5
12397,19582,11
12397,19585,8
12397,19602,7
12397,19605,2
12397,19607,3
12397,19608,6
12397,19614,2
12397,19616,16
12397,19626,1
12397,19627,2
12397,19629,3
12397,19630,2
12397,19631,3
12397,19632,7
12397,19634,4
12397,19637,3
12397,19638,2
12397,19639,9
12397,19640,14
12397,19641,12
12397,19642,11
12397,19643,4
12397,19650,4
12397,19659,6
12398,19570,39
12398,19571,20
12398,19572,12
12398,19574,1
12398,19575,7
12398,19578,9
12398,19584,1
12398,19603,10
12398,19606,1
12398,19608,6
12398,19613,3
12398,19614,1
12398,19615,10.5
12398,19616,4
12398,19617,52.5
12398,19618,34
12398,19619,51.5
12398,19620,46.5
12398,19621,11
12398,19622,3
12398,19623,10
12398,19624,10
12398,19625,1
12398,19632,2
12398,19634,2
12398,19639,13
12398,19640,7
12398,19641,2
12398,19643,1
12398,19650,2
12398,19651,10
12398,19652,11
12398,19659,13.5
12399,19578,2
12399,19581,7
12399,19582,4
12399,19583,9
12399,19603,4
12399,19609,6
12399,19610,13
12399,19611,3
12399,19612,11
12399,19613,54
12399,19614,25
12399,19615,66
12399,19616,60
12399,19617,16.5
12399,19618,8
12399,19619,7
12399,19620,1
12399,19621,5
12399,19622,6
12399,19626,27
12399,19627,29
12399,19628,13
12399,19632,2
12399,19638,6
12399,19643,4
12399,19649,2
12399,19651,4
12399,19652,2
12399,19653,18
12399,19654,19
12399,19657,2
12400,19582,15
12400,19583,6
12400,19584,41
12400,19585,18
12400,19586,5
12400,19587,18.5
12400,19604,2
12400,19608,9
12400,19609,4
12400,19610,5
12400,19611,5
12400,19614,19
12400,19615,31
12400,19616,27
12400,19617,61.5
12400,19618,102
12400,19619,62
12400,19620,9
12400,19621,3
12400,19627,6
12400,19628,16
12400,19631,15
12400,19637,3
12400,19642,1
12400,19643,7
12400,19647,4
12400,19648,9
12400,19649,4
12400,19650,5
12400,19651,2
12400,19652,5
12400,19653,1
12400,19654,5
12400,19657,5
12401,19605,7
12401,19608,7
12401,19610,3
12401,19613,4
12401,19614,7
12401,19615,4
12401,19616,8
12401,19617,26
12401,19618,17
12401,19620,8
12401,19621,11
12401,19625,2
12401,19626,7
12401,19627,13
12401,19628,6
12401,19631,8
12401,19632,20
12401,19633,7
12401,19634,9
12401,19647,3
12402,19610,2
12402,19611,7
12402,19613,3
12402,19614,3
12402,19618,18
12402,19619,19
12402,19620,28
12402,19621,27
12402,19622,3
12402,19623,3
12402,19624,3
12402,19625,7
12402,19626,9
12402,19627,26
12402,19632,2
12402,19633,21
12402,19634,32.5
12402,19635,12
12402,19636,4
12402,19637,6
12403,19611,2
12403,19612,7
12403,19615,3
12403,19616,5
12403,19618,10
12403,19624,2
12403,19625,3
12403,19626,17
12403,19627,3
12403,19628,2
12403,19633,11
12403,19634,21
12403,19635,1
12403,19638,2
12403,19639,13.5
12403,19640,17.5
12403,19642,6
12403,19643,1
12403,19645,10
12403,19647,4
12403,19648,1
12404,19613,2
12404,19614,2
12404,19616,6
12404,19617,2
12404,19618,1
12404,19624,4
12404,19625,7
12404,19627,1
12404,19633,11
12404,19634,17
12404,19635,3
12404,19639,7
12404,19640,165
12404,19641,33
12404,19642,3
12404,19645,18
12404,19647,10
12404,19648,2
12404,19650,10
12405,19613,1
12405,19616,1
12405,19624,7
12405,19636,4
12405,19640,52
12405,19641,47
12405,19642,14
12405,19643,4
12405,19645,18
12405,19646,21
12405,19647,28
12405,19648,14
12405,19649,4
12405,19650,2
12406,19621,4
12406,19628,10
12406,19634,4
12406,19636,3
12406,19637,3
12406,19638,2
12406,19640,22.5
12406,19641,5
12406,19642,28.5
12406,19643,1
12406,19645,1
12406,19646,4
12406,19647,29.5
12406,19648,15
12406,19649,2
12406,19650,3
12407,19624,3
12407,19625,16
12407,19626,20
12407,19627,5
12407,19628,6
12407,19633,8
12407,19634,6
12407,19637,2
12407,19641,2
12407,19642,3
12407,19646,4
12408,19623,2
12408,19624,4
12408,19626,1
12408,19627,6
12408,19631,2
12408,19632,2
12408,19634,2
12408,19640,9
12408,19641,2
12408,19642,2
12408,19647,4
12408,19649,2
12408,19650,1
12409,19621,2
12409,19622,2
12409,19623,2
12409,19631,7
12409,19632,1
12409,19634,2
12409,19641,3
12409,19649,4
12410,19630,2
12410,19631,3.5
12410,19641,2
12410,19642,2
12411,19630,3
12411,19631,1
12411,19632,2
12411,19633,1
12411,19638,4
12411,19639,12
12411,19640,20
12411,19641,6
12411,19644,3
12411,19645,3
12411,19646,7
12412,19630,4
12412,19633,7
12412,19638,2
12412,19639,32
12412,19640,25.5
12412,19641,16
12412,19645,11.5
12412,19646,4
12412,19647,4
12413,19633,4
12413,19637,1
12413,19639,9
12413,19640,14
12413,19641,5
12413,19642,2
12413,19645,2
12413,19646,2
12414,19636,6
12414,19637,4
12414,19638,5
12414,19639,1
12414,19640,5
12414,19645,2
12415,19637,4
12415,19639,6
12415,19640,4
12415,19645,2
12415,19646,6
12415,19647,5
12416,19639,3
12416,19640,7
12417,19639,2
12417,19640,2
