n,e,ind
13100,18309,3
13101,18304,2
13101,18308,8
13101,18309,8
13102,18305,1
13102,18309,1
13102,18314,2
13102,18315,12
13103,18309,1
13103,18314,1
13103,18315,9
13104,18304,1
13104,18566,6
13104,18567,4
13105,18304,1
13105,18308,3
13105,18565,1
13105,18569,1
13105,18572,1
13106,18304,4
13106,18308,4
13106,18564,2
13106,18571,2
13107,18307,4
13107,18308,5
13107,18573,13
13107,18574,4
13108,18307,7
13108,18308,7
13108,18309,2
13108,18566,2
13108,18568,3
13108,18573,5
13108,18574,2
13108,18584,3
13109,18304,3
13109,18307,2
13109,18564,3
13109,18573,3
13109,18574,3
13109,18580,1
13110,18303,7
13110,18307,2
13110,18394,2
13110,18395,3
13110,18561,2
13110,18572,2
13110,18592,2
13111,18306,4
13111,18316,3
13111,18396,7.5
13111,18420,1
13111,18564,2
13111,18570,1
13111,18572,6
13111,18575,2
13111,18583,1
13111,18592,3
13112,18315,2
13112,18316,5.5
13112,18394,2
13112,18395,6
13112,18397,4
13112,18423,2
13112,18553,2
13112,18571,2
13112,18580,2
13112,18587,1
13112,18593,3
13112,18594,10
13113,18316,1
13113,18326,2
13113,18394,2
13113,18395,1
13113,18396,2
13113,18424,3
13113,18425,3
13113,18553,2
13113,18567,6
13113,18588,6
13113,18590,2
13114,18310,2
13114,18311,2
13114,18318,3
13114,18324,2
13114,18325,9
13114,18326,5
13114,18389,2
13114,18394,7
13114,18395,1
13114,18425,11
13114,18553,2
13114,18566,3
13114,18567,2
13114,18575,1
13114,18578,2
13114,18579,13
13114,18580,3
13114,18590,2
13114,18593,1
13115,18310,2
13115,18315,2
13115,18326,2
13115,18395,3
13115,18398,2
13115,18399,2
13115,18400,1
13115,18422,1
13115,18425,5
13115,18426,2
13115,18432,11
13115,18433,3
13115,18546,1
13115,18554,3
13115,18565,2
13115,18566,7
13115,18567,1
13115,18572,4
13115,18587,1
13116,18312,7
13116,18315,9
13116,18318,1
13116,18421,6
13116,18422,14
13116,18426,1
13116,18430,1
13116,18432,8
13116,18545,1
13116,18553,1
13116,18554,14
13116,18555,4
13116,18563,2
13116,18565,4
13116,18566,2
13116,18588,2
13117,18298,2
13117,18313,3
13117,18314,41.5
13117,18315,4
13117,18318,8
13117,18319,2
13117,18402,2
13117,18419,1
13117,18553,2
13117,18554,3
13117,18564,2
13117,18565,2
13117,18569,2
13118,18299,14
13118,18300,5
13118,18304,1
13118,18305,1
13118,18313,14
13118,18314,2
13118,18316,1
13118,18387,3
13118,18388,3
13118,18391,4
13118,18402,3
13118,18403,6
13118,18435,2
13118,18535,2
13118,18538,2
13118,18539,3
13118,18541,4
13118,18555,2
13118,18559,3
13118,18582,4
13119,18299,8
13119,18319,7
13119,18320,11.5
13119,18322,1
13119,18389,5
13119,18390,7
13119,18391,8
13119,18393,3
13119,18415,3
13119,18416,1
13119,18428,9
13119,18539,2
13119,18555,6
13119,18557,3
13119,18581,6
13119,18582,6.5
13119,18584,1
13120,18232,2
13120,18242,2
13120,18300,2
13120,18322,3
13120,18389,3
13120,18390,13
13120,18392,4
13120,18415,2
13120,18416,2
13120,18429,2
13120,18531,6
13120,18532,2
13120,18538,3
13120,18539,1
13120,18548,4
13120,18552,1
13120,18560,3
13120,18561,5
13120,18581,1
13120,18587,1
13121,18231,1
13121,18232,5
13121,18234,5
13121,18235,10
13121,18236,2
13121,18265,1
13121,18300,7
13121,18314,1
13121,18322,5
13121,18323,4
13121,18358,5
13121,18359,4
13121,18360,3
13121,18390,2
13121,18406,5
13121,18429,1
13121,18431,6
13121,18436,3
13121,18532,2
13121,18537,5
13121,18538,10
13121,18539,4
13121,18548,1
13121,18550,1
13121,18561,7
13121,18582,4
13121,18590,1
13122,18233,1
13122,18234,1
13122,18235,6
13122,18236,5
13122,18237,1
13122,18268,4
13122,18269,1
13122,18307,2
13122,18309,2
13122,18310,5
13122,18311,6
13122,18312,2
13122,18323,5
13122,18324,7
13122,18325,3
13122,18406,2
13122,18407,1
13122,18420,9
13122,18421,3
13122,18431,2
13122,18437,1
13122,18540,2
13122,18556,4
13122,18560,1
13122,18565,2
13122,18566,3
13122,18567,5
13122,18572,3
13122,18573,3
13122,18591,8
13123,18236,5
13123,18265,6
13123,18299,2
13123,18307,5
13123,18312,1
13123,18324,1
13123,18325,7
13123,18326,11
13123,18339,6
13123,18361,3
13123,18395,2
13123,18397,3
13123,18417,2
13123,18428,2
13123,18432,2
13123,18439,2
13123,18505,2
13123,18533,6
13123,18556,1
13123,18557,4
13123,18565,2
13123,18576,3
13123,18590,7
13123,18591,17
13124,18221,4
13124,18230,4
13124,18265,3
13124,18266,4
13124,18267,2
13124,18299,14
13124,18300,1
13124,18307,2
13124,18308,1
13124,18316,6
13124,18325,7
13124,18327,2
13124,18361,3
13124,18395,5
13124,18423,2
13124,18427,3
13124,18438,5
13124,18439,4
13124,18532,5
13124,18533,2
13124,18535,1
13124,18536,6
13124,18546,1
13124,18547,4
13124,18549,4
13124,18561,3
13124,18562,1
13124,18574,1
13124,18575,2
13124,18576,7
13124,18581,3
13124,18585,4
13124,18586,3
13124,18590,5
13124,18591,8
13125,18237,2
13125,18238,1
13125,18244,5
13125,18245,4
13125,18265,3
13125,18266,19
13125,18315,5
13125,18325,9
13125,18378,1
13125,18391,1
13125,18395,10
13125,18396,3
13125,18399,1
13125,18402,2
13125,18414,4
13125,18415,4
13125,18420,1
13125,18425,2
13125,18430,4
13125,18431,2
13125,18439,2
13125,18440,5
13125,18467,3
13125,18468,35
13125,18469,4
13125,18472,5
13125,18489,1
13125,18539,1
13125,18540,3
13125,18542,1
13125,18580,7
13125,18583,3
13125,18585,4
13125,18586,4
13125,18590,1
13125,18591,9
13126,18267,5
13126,18303,3
13126,18326,3
13126,18327,5
13126,18336,2
13126,18341,2
13126,18363,12
13126,18375,5
13126,18391,1
13126,18396,1
13126,18397,1
13126,18401,1
13126,18402,8
13126,18405,2
13126,18431,3
13126,18465,4
13126,18466,6
13126,18467,3
13126,18468,41
13126,18469,13
13126,18472,10
13126,18473,17
13126,18474,1
13126,18475,3
13126,18476,7
13126,18477,2
13126,18482,2
13126,18485,2
13126,18486,3
13126,18488,2
13126,18530,2
13126,18531,4
13126,18541,6
13126,18542,1
13126,18559,5
13126,18566,1
13126,18576,1
13126,18583,2
13127,18261,3
13127,18296,3
13127,18297,4
13127,18302,2
13127,18303,6
13127,18304,1
13127,18306,5
13127,18339,6
13127,18340,7
13127,18362,12
13127,18363,7
13127,18371,2
13127,18396,8
13127,18403,5
13127,18411,4
13127,18415,2
13127,18416,6
13127,18417,7
13127,18418,2
13127,18428,8
13127,18429,3
13127,18430,1
13127,18431,2
13127,18432,2
13127,18464,3
13127,18466,50
13127,18468,34
13127,18469,23
13127,18470,13
13127,18471,2
13127,18472,8
13127,18473,1
13127,18474,2
13127,18475,3
13127,18478,2
13127,18479,3
13127,18485,5
13127,18488,1
13127,18541,3
13127,18544,5
13127,18549,1
13127,18573,2
13128,18218,2
13128,18220,1
13128,18225,1
13128,18226,3
13128,18233,1
13128,18234,2
13128,18246,5
13128,18297,1
13128,18302,1
13128,18303,2
13128,18319,2
13128,18320,3
13128,18362,5
13128,18370,2
13128,18371,2
13128,18375,10
13128,18376,2
13128,18391,2
13128,18428,4
13128,18429,16
13128,18430,32.5
13128,18464,1
13128,18465,18
13128,18466,58
13128,18467,42
13128,18468,48.5
13128,18469,42
13128,18470,35
13128,18471,13
13128,18497,2
13128,18498,2
13128,18503,2
13128,18520,3
13128,18532,4
13128,18537,6
13128,18538,3
13128,18539,1
13128,18548,3
13128,18558,1
13128,18559,7
13128,18564,4
13128,18574,11
13128,18575,1
13129,18218,2
13129,18219,2
13129,18221,3
13129,18225,1
13129,18293,2
13129,18319,2
13129,18320,1
13129,18327,1
13129,18328,1
13129,18360,3
13129,18362,2
13129,18363,2
13129,18375,5
13129,18376,3
13129,18391,12
13129,18423,1
13129,18429,7
13129,18430,2
13129,18431,6
13129,18442,1
13129,18464,1
13129,18465,6
13129,18466,25
13129,18467,26
13129,18468,34
13129,18469,59
13129,18470,53
13129,18471,9
13129,18481,1
13129,18496,4
13129,18497,2
13129,18514,1
13129,18519,6
13129,18520,1
13129,18537,2
13129,18538,2
13129,18539,1
13129,18551,9
13129,18552,4
13129,18557,2
13129,18560,2
13129,18568,2
13129,18570,8
13129,18576,1
13129,18585,2
13129,18587,2
13129,18588,3
13129,18589,2
13130,18222,4
13130,18266,1
13130,18268,3
13130,18269,1
13130,18295,2
13130,18296,4
13130,18301,2
13130,18305,2
13130,18306,15
13130,18307,5
13130,18317,1
13130,18318,1
13130,18328,7
13130,18329,3
13130,18342,4.5
13130,18343,7
13130,18363,7
13130,18364,7
13130,18365,2
13130,18377,4
13130,18378,2
13130,18411,2
13130,18420,3
13130,18421,1
13130,18423,4
13130,18427,2
13130,18428,1
13130,18429,5
13130,18430,2
13130,18431,5
13130,18442,4
13130,18464,7
13130,18465,3
13130,18466,15
13130,18467,20
13130,18468,13
13130,18469,1
13130,18470,41
13130,18471,3
13130,18481,5
13130,18503,4
13130,18514,3
13130,18516,6
13130,18538,2
13130,18539,3
13130,18563,5
13130,18576,2
13130,18577,8
13130,18581,2
13130,18586,11
13130,18587,11
13130,18588,3
13131,18222,1
13131,18240,3
13131,18252,4
13131,18258,3
13131,18294,5
13131,18295,9
13131,18297,2
13131,18301,3
13131,18302,2
13131,18305,9
13131,18306,20
13131,18307,1
13131,18320,3
13131,18368,6
13131,18411,3
13131,18414,3
13131,18415,2
13131,18420,5
13131,18431,8
13131,18432,4
13131,18465,5
13131,18466,9
13131,18467,4
13131,18468,9
13131,18470,12
13131,18471,4
13131,18478,1
13131,18479,2
13131,18482,5
13131,18483,4
13131,18490,6
13131,18494,2
13131,18495,5
13131,18516,8
13131,18539,9
13131,18543,10
13131,18560,1
13131,18570,5
13131,18571,1
13131,18578,2
13131,18587,10
13131,18595,2
13131,18597,2
13132,18295,10
13132,18298,6
13132,18299,10
13132,18300,2
13132,18320,9
13132,18321,1
13132,18344,1
13132,18369,4
13132,18385,1
13132,18386,3
13132,18405,2
13132,18419,3
13132,18432,3
13132,18433,1
13132,18465,2
13132,18466,21
13132,18467,5
13132,18470,12
13132,18471,30
13132,18472,26
13132,18473,2
13132,18493,11
13132,18494,11
13132,18495,1
13132,18515,11
13132,18524,2
13132,18550,2
13132,18551,1
13132,18555,4
13132,18557,2
13132,18565,6
13132,18566,1
13132,18571,6
13132,18576,3
13132,18580,4
13132,18581,4
13132,18586,3
13132,18595,4
13132,18596,4
13132,18597,5
13133,18298,11
13133,18299,48
13133,18300,15
13133,18356,4
13133,18373,2
13133,18374,2
13133,18389,3
13133,18397,3
13133,18398,2
13133,18410,1
13133,18430,2
13133,18432,1
13133,18463,1
13133,18465,8
13133,18466,24
13133,18467,4
13133,18470,11
13133,18471,8
13133,18472,4
13133,18473,4
13133,18483,8
13133,18493,4
13133,18509,2
13133,18517,3
13133,18523,1
13133,18532,1
13133,18540,3
13133,18542,2
13133,18551,5
13133,18561,1
13133,18586,8
13133,18587,11
13133,18597,8
13134,18245,3
13134,18262,3
13134,18289,17
13134,18290,6
13134,18299,16
13134,18300,10
13134,18337,2
13134,18373,3
13134,18376,3
13134,18386,2
13134,18388,2
13134,18389,7
13134,18390,2
13134,18392,2
13134,18397,5
13134,18398,3
13134,18401,2
13134,18406,4
13134,18407,3
13134,18409,2
13134,18416,1
13134,18417,1
13134,18418,5
13134,18420,4
13134,18422,1
13134,18427,2
13134,18461,1
13134,18464,2
13134,18465,8
13134,18466,2
13134,18468,2
13134,18470,8
13134,18471,3
13134,18482,3
13134,18492,1
13134,18506,2
13134,18508,1
13134,18517,2
13134,18520,6
13134,18524,7
13134,18525,3
13134,18531,3
13134,18536,4
13134,18550,1
13134,18556,4
13134,18557,3
13134,18566,4
13134,18573,2
13134,18576,4
13134,18578,4
13134,18582,2
13134,18589,1
13134,18594,1
13134,18597,4
13134,18602,2
13135,18265,4
13135,18312,7
13135,18313,6
13135,18336,1
13135,18375,1
13135,18376,3
13135,18380,8
13135,18381,4
13135,18384,3
13135,18387,2
13135,18406,1
13135,18407,2
13135,18409,2
13135,18416,6
13135,18417,6
13135,18420,2
13135,18421,9
13135,18460,12
13135,18461,2
13135,18462,5
13135,18463,3
13135,18464,12
13135,18465,4
13135,18467,1
13135,18470,1
13135,18480,2
13135,18506,3
13135,18507,1
13135,18511,3
13135,18515,2
13135,18521,1
13135,18529,3
13135,18554,1
13135,18558,2
13135,18559,2
13135,18561,2
13135,18562,1
13135,18564,1
13135,18565,3
13135,18566,4
13135,18593,5
13135,18594,6
13135,18601,2
13136,18324,4
13136,18354,15
13136,18355,4
13136,18371,3
13136,18384,5
13136,18385,4
13136,18387,4
13136,18398,2
13136,18399,6
13136,18400,12
13136,18414,1
13136,18417,2
13136,18422,2
13136,18460,4
13136,18461,7
13136,18462,5
13136,18463,12
13136,18464,10
13136,18465,7
13136,18472,2
13136,18473,1
13136,18488,2
13136,18495,2
13136,18501,9
13136,18506,2
13136,18507,1
13136,18520,11
13136,18521,3
13136,18522,3
13136,18526,1
13136,18547,5
13136,18554,2
13136,18555,3
13136,18579,2
13136,18582,1
13136,18592,24
13136,18593,12
13136,18594,5
13136,18604,5
13136,18611,2
13137,18228,2
13137,18269,2
13137,18273,5
13137,18325,9
13137,18369,2
13137,18370,4
13137,18374,16
13137,18383,2
13137,18385,18
13137,18388,1
13137,18400,1
13137,18401,2
13137,18407,6
13137,18409,6
13137,18417,2
13137,18418,1
13137,18419,2
13137,18459,2
13137,18460,4
13137,18465,4
13137,18472,7
13137,18473,2
13137,18485,2
13137,18491,2
13137,18497,3
13137,18500,5
13137,18509,7
13137,18515,6
13137,18520,7
13137,18521,2
13137,18541,9
13137,18544,6
13137,18550,4
13137,18554,3
13137,18555,3
13137,18556,2
13137,18557,4
13137,18580,2
13137,18582,4
13138,18229,1
13138,18230,1
13138,18240,2
13138,18242,3
13138,18261,3
13138,18369,2
13138,18374,2
13138,18375,4
13138,18383,1
13138,18384,6
13138,18385,1
13138,18389,4
13138,18395,8
13138,18411,1
13138,18415,3
13138,18458,4
13138,18464,2
13138,18465,6
13138,18471,2
13138,18472,12
13138,18473,4
13138,18474,6
13138,18497,4
13138,18506,3
13138,18509,1
13138,18510,13
13138,18520,6
13138,18521,1
13138,18531,1
13138,18546,1
13138,18549,1
13138,18558,8
13138,18559,2
13138,18572,2
13138,18599,1
13138,18609,5
13139,18227,3
13139,18240,3
13139,18242,3
13139,18257,3
13139,18258,8
13139,18274,4
13139,18288,2
13139,18342,2
13139,18343,6
13139,18352,2
13139,18376,3
13139,18377,13
13139,18378,1
13139,18383,8
13139,18384,3
13139,18388,1
13139,18395,4
13139,18396,2
13139,18407,1
13139,18408,3
13139,18412,2
13139,18435,3
13139,18459,2
13139,18465,4
13139,18473,4
13139,18474,13
13139,18490,5
13139,18491,2
13139,18492,2
13139,18497,1
13139,18521,3
13139,18524,1
13139,18531,2
13139,18535,3
13139,18552,2
13139,18574,2
13139,18578,1
13139,18585,2
13139,18593,3
13139,18599,2
13139,18609,2
13140,18223,2
13140,18224,4
13140,18225,5
13140,18227,23
13140,18228,1
13140,18241,3
13140,18273,2
13140,18277,4
13140,18283,3
13140,18288,2
13140,18290,10
13140,18291,9
13140,18321,4
13140,18342,1
13140,18343,6
13140,18344,3
13140,18355,1
13140,18361,5
13140,18364,2
13140,18373,1
13140,18374,4
13140,18375,1
13140,18377,6
13140,18378,16
13140,18383,7.5
13140,18384,4
13140,18387,2
13140,18388,1
13140,18396,4
13140,18421,2
13140,18422,3
13140,18458,1
13140,18459,1
13140,18460,1
13140,18464,2
13140,18465,1
13140,18466,4
13140,18474,1
13140,18475,2
13140,18491,7
13140,18493,10
13140,18494,13
13140,18504,7
13140,18509,5
13140,18510,1
13140,18523,1
13140,18524,1
13140,18535,3
13140,18540,5
13140,18541,1
13140,18576,5
13140,18579,2
13140,18599,2
13140,18600,3
13140,18604,3
13140,18606,6
13141,18223,15
13141,18224,9
13141,18225,2
13141,18226,2
13141,18227,19
13141,18228,2
13141,18233,3
13141,18270,2
13141,18272,4
13141,18273,12
13141,18278,6
13141,18284,3
13141,18285,3
13141,18286,9
13141,18287,1
13141,18289,12
13141,18290,2
13141,18291,1
13141,18292,2
13141,18305,2
13141,18307,2
13141,18308,2
13141,18323,2
13141,18340,2
13141,18344,2
13141,18350,1
13141,18360,5
13141,18361,10
13141,18364,5
13141,18371,2
13141,18373,18
13141,18374,34
13141,18375,3
13141,18382,1
13141,18383,19
13141,18384,9
13141,18387,4
13141,18388,1
13141,18389,2
13141,18404,1
13141,18423,2
13141,18457,1
13141,18464,1
13141,18466,2
13141,18467,1
13141,18474,3
13141,18475,2
13141,18491,1
13141,18492,7
13141,18509,2
13141,18510,6
13141,18519,3
13141,18522,2
13141,18524,3
13141,18535,1
13141,18539,2
13141,18540,6
13141,18579,3
13141,18580,1
13141,18598,1
13141,18599,8
13141,18609,3
13142,18277,4
13142,18278,4
13142,18282,1
13142,18283,21.5
13142,18289,1
13142,18292,4
13142,18333,1
13142,18339,5
13142,18340,2
13142,18350,1
13142,18351,7
13142,18368,2
13142,18373,5
13142,18374,37
13142,18375,33
13142,18376,32
13142,18377,1
13142,18383,6
13142,18389,2
13142,18390,13
13142,18391,11
13142,18392,8
13142,18393,2
13142,18405,1
13142,18424,1
13142,18433,5
13142,18467,2
13142,18469,3
13142,18470,2
13142,18486,2
13142,18490,2
13142,18507,2
13142,18513,3
13142,18514,4
13142,18516,1
13142,18528,3
13142,18535,2
13142,18538,19
13142,18539,7
13142,18542,5
13142,18543,2
13142,18551,6
13142,18572,2
13142,18578,1
13142,18586,11
13142,18587,6
13142,18588,13
13142,18604,1
13142,18608,2
13142,18609,3
13142,18610,8
13143,18247,1
13143,18248,3
13143,18277,2
13143,18282,8
13143,18283,11
13143,18284,3
13143,18324,7
13143,18333,4
13143,18351,3
13143,18352,4
13143,18363,5
13143,18371,14
13143,18372,66
13143,18373,26
13143,18374,20
13143,18375,51
13143,18376,9
13143,18377,9
13143,18378,2
13143,18382,1
13143,18383,9
13143,18384,3
13143,18391,9
13143,18392,2
13143,18400,1
13143,18401,6
13143,18412,4
13143,18416,2
13143,18423,4
13143,18427,1
13143,18433,3
13143,18445,4
13143,18447,2
13143,18448,1
13143,18461,4
13143,18463,3
13143,18482,2
13143,18504,4
13143,18505,1
13143,18515,2
13143,18528,2
13143,18529,4
13143,18533,2
13143,18537,1
13143,18538,3
13143,18539,3
13143,18542,2
13143,18551,2
13143,18552,7
13143,18567,2
13143,18576,3
13143,18587,2
13143,18588,4
13143,18590,2
13144,18247,6
13144,18248,1
13144,18261,3
13144,18262,12
13144,18263,1
13144,18283,15
13144,18329,1
13144,18330,5
13144,18347,1
13144,18348,3
13144,18355,2
13144,18363,1
13144,18367,1
13144,18372,3
13144,18373,28
13144,18374,23
13144,18375,39
13144,18376,54
13144,18383,2
13144,18384,16
13144,18385,2
13144,18391,2
13144,18392,4
13144,18407,4
13144,18415,2
13144,18416,7
13144,18421,3
13144,18443,2
13144,18444,3
13144,18445,13
13144,18446,6
13144,18448,1
13144,18449,2
13144,18450,2
13144,18451,11
13144,18452,2
13144,18453,1
13144,18457,2
13144,18462,1
13144,18468,2
13144,18472,3
13144,18478,2
13144,18485,2
13144,18492,1
13144,18505,4
13144,18514,2
13144,18515,2
13144,18529,3
13144,18539,2
13144,18549,2
13144,18556,7
13144,18564,4
13144,18582,7
13144,18583,3
13144,18597,2
13144,18601,4
13144,18602,1
13144,18610,4
13144,18613,4
13144,18614,2
13145,18261,2
13145,18262,2
13145,18300,2
13145,18301,6
13145,18303,2
13145,18304,4
13145,18305,3
13145,18307,3
13145,18330,3
13145,18331,11.5
13145,18347,2
13145,18348,12
13145,18357,3
13145,18363,1
13145,18372,50
13145,18373,17
13145,18374,7
13145,18375,10
13145,18376,10
13145,18383,4
13145,18384,2
13145,18385,27
13145,18400,2
13145,18401,4
13145,18416,3
13145,18446,4
13145,18447,2
13145,18449,3
13145,18452,9
13145,18453,12
13145,18454,3
13145,18456,2
13145,18473,2
13145,18479,4
13145,18485,4
13145,18486,1
13145,18504,2
13145,18514,1
13145,18538,5
13145,18539,6
13145,18543,2
13145,18545,2
13145,18546,4
13145,18559,2
13145,18595,2
13145,18596,1
13145,18597,1
13145,18602,7
13145,18615,5
13146,18249,3
13146,18260,1
13146,18261,6
13146,18262,9
13146,18263,14
13146,18269,4
13146,18300,5
13146,18301,3
13146,18302,6
13146,18303,6
13146,18304,2
13146,18321,4
13146,18327,3
13146,18330,4
13146,18331,3
13146,18353,5
13146,18357,25
13146,18358,27
13146,18359,9
13146,18360,7
13146,18361,2
13146,18362,7
13146,18363,3
13146,18372,10
13146,18373,17
13146,18374,2
13146,18375,8
13146,18376,13
13146,18377,9
13146,18385,10
13146,18399,3
13146,18400,5
13146,18401,3
13146,18408,2
13146,18410,2
13146,18416,2
13146,18419,2
13146,18427,2
13146,18445,4
13146,18446,6
13146,18452,3
13146,18460,1
13146,18466,1
13146,18468,6
13146,18473,7
13146,18485,2
13146,18490,3
13146,18499,2
13146,18505,3
13146,18506,3
13146,18512,4
13146,18514,6
13146,18526,3
13146,18528,6
13146,18532,2
13146,18537,6
13146,18538,10
13146,18539,10
13146,18545,3
13146,18546,9
13146,18554,5
13146,18563,2
13146,18564,40
13146,18565,3
13146,18596,2
13147,18235,4
13147,18254,6
13147,18255,2
13147,18263,15
13147,18264,5
13147,18296,4
13147,18297,1
13147,18298,18
13147,18299,6
13147,18300,11.5
13147,18314,1
13147,18327,3
13147,18328,1
13147,18338,5
13147,18339,1
13147,18341,4
13147,18358,5
13147,18359,6
13147,18360,4
13147,18372,2
13147,18373,10
13147,18377,2.5
13147,18378,2
13147,18386,1
13147,18393,3
13147,18399,3
13147,18400,6
13147,18408,4
13147,18409,11
13147,18410,15
13147,18415,4
13147,18426,3
13147,18437,2
13147,18438,4
13147,18440,2
13147,18445,5
13147,18446,1
13147,18460,1
13147,18462,1
13147,18464,3
13147,18465,1
13147,18470,2
13147,18478,2
13147,18487,1
13147,18491,4
13147,18494,4
13147,18498,2
13147,18499,4
13147,18501,1
13147,18512,7
13147,18513,9
13147,18525,10
13147,18538,59
13147,18542,3
13147,18544,3
13147,18551,2
13147,18553,2
13147,18562,4
13147,18563,23
13147,18564,80.5
13147,18565,26
13147,18570,2
13147,18580,4
13147,18581,4
13147,18596,2
13148,18228,6
13148,18235,4
13148,18236,5
13148,18243,4
13148,18255,1
13148,18264,3
13148,18265,2
13148,18278,14.5
13148,18298,4
13148,18299,4
13148,18300,6
13148,18302,4
13148,18322,5
13148,18337,3
13148,18343,4
13148,18344,8
13148,18357,1
13148,18359,3
13148,18370,2
13148,18371,2
13148,18372,2
13148,18378,10
13148,18379,7
13148,18380,9
13148,18394,2
13148,18409,31
13148,18411,4
13148,18415,5
13148,18423,2
13148,18424,1
13148,18425,5
13148,18431,2
13148,18437,2
13148,18438,1
13148,18439,3
13148,18440,6
13148,18445,3
13148,18455,4
13148,18460,1
13148,18461,1
13148,18475,2
13148,18497,2
13148,18498,10
13148,18510,2
13148,18511,1
13148,18513,2
13148,18524,1
13148,18537,3
13148,18538,52
13148,18539,2
13148,18553,1
13148,18562,41
13148,18563,31
13148,18564,33
13148,18565,31
13148,18566,17
13148,18587,3
13148,18592,2
13148,18593,1
13148,18609,5
13149,18234,2
13149,18236,2
13149,18243,7
13149,18244,2
13149,18255,1
13149,18264,1
13149,18265,6
13149,18267,3
13149,18272,6
13149,18273,4
13149,18274,4
13149,18297,1
13149,18300,5
13149,18302,5
13149,18303,7
13149,18305,7
13149,18315,2
13149,18316,6
13149,18321,5
13149,18322,1
13149,18338,2
13149,18339,8
13149,18344,6
13149,18353,3
13149,18366,1
13149,18374,3
13149,18379,10
13149,18380,10
13149,18392,1
13149,18393,3
13149,18398,4
13149,18402,5
13149,18403,3
13149,18409,3
13149,18410,3
13149,18424,3
13149,18425,8
13149,18437,4
13149,18438,18
13149,18439,1
13149,18461,4
13149,18462,2
13149,18463,1
13149,18498,1
13149,18525,3
13149,18537,11
13149,18538,2
13149,18547,2
13149,18553,3
13149,18562,9
13149,18563,13
13149,18564,11
13149,18565,35
13149,18566,28
13149,18575,4
13149,18592,3
13149,18604,3
13149,18609,3
13150,18232,1
13150,18233,2
13150,18242,1
13150,18244,4
13150,18255,5
13150,18256,6
13150,18264,2
13150,18265,16
13150,18266,14
13150,18300,4
13150,18301,23
13150,18302,28
13150,18303,4
13150,18308,3
13150,18314,5
13150,18315,2
13150,18327,2
13150,18339,1
13150,18353,2
13150,18387,3
13150,18391,8
13150,18392,8
13150,18393,4
13150,18394,2
13150,18398,2
13150,18402,1
13150,18403,4
13150,18409,2
13150,18410,2
13150,18424,4
13150,18425,1.5
13150,18437,1
13150,18456,1
13150,18463,1
13150,18466,4
13150,18478,2
13150,18479,3
13150,18497,1
13150,18498,7
13150,18505,8
13150,18506,2
13150,18514,4
13150,18524,4
13150,18525,4
13150,18526,3
13150,18529,5
13150,18537,13
13150,18541,14
13150,18542,2
13150,18546,2
13150,18552,1
13150,18556,1
13150,18557,1
13150,18563,1
13150,18565,31
13150,18566,13
13150,18567,2
13150,18582,1
13150,18583,1
13150,18588,4
13150,18592,4
13150,18601,1
13150,18609,2
13150,18612,1
13150,18613,5
13151,18233,2
13151,18242,17
13151,18243,4
13151,18244,2
13151,18255,11.5
13151,18256,6
13151,18257,3
13151,18264,12
13151,18265,70
13151,18266,47.5
13151,18267,3
13151,18274,4
13151,18275,3
13151,18285,4
13151,18300,1
13151,18301,74
13151,18302,33
13151,18303,5
13151,18306,6
13151,18307,1
13151,18308,2
13151,18341,5
13151,18348,4
13151,18383,1.5
13151,18385,1
13151,18388,4
13151,18391,4
13151,18392,11
13151,18398,1.5
13151,18399,3
13151,18403,1
13151,18411,1
13151,18416,6
13151,18417,4
13151,18437,1
13151,18458,1
13151,18485,2
13151,18498,3
13151,18505,4
13151,18506,2
13151,18507,1
13151,18509,2
13151,18515,11
13151,18516,3
13151,18518,2
13151,18525,1
13151,18526,4
13151,18535,3
13151,18536,3
13151,18537,10
13151,18541,28
13151,18542,7
13151,18544,4
13151,18545,2
13151,18547,2
13151,18548,2
13151,18563,7
13151,18564,2
13151,18565,4
13151,18566,7
13151,18567,3
13151,18581,3
13151,18599,2
13151,18613,21
13152,18250,2
13152,18255,4
13152,18263,2
13152,18264,6
13152,18265,33.5
13152,18266,64.5
13152,18267,8
13152,18275,2
13152,18276,3
13152,18284,2
13152,18286,1
13152,18291,1
13152,18301,53
13152,18302,18
13152,18303,31
13152,18304,3
13152,18329,4
13152,18340,2
13152,18348,2
13152,18375,5
13152,18379,5
13152,18380,4
13152,18389,2
13152,18399,1
13152,18400,3
13152,18404,2
13152,18405,3
13152,18416,7
13152,18417,1
13152,18419,2
13152,18422,2
13152,18431,3
13152,18435,2
13152,18452,1
13152,18453,1
13152,18457,4
13152,18472,1
13152,18473,1
13152,18481,2
13152,18484,4
13152,18485,3
13152,18504,2
13152,18515,3
13152,18516,27
13152,18517,39
13152,18518,6
13152,18520,2
13152,18521,1
13152,18526,6
13152,18536,2
13152,18538,9
13152,18539,15
13152,18540,1
13152,18545,4
13152,18551,2
13152,18560,2
13152,18563,1
13152,18564,2
13152,18567,1
13152,18568,3
13152,18597,2
13152,18611,1
13152,18612,5
13153,18250,6
13153,18263,9
13153,18264,6
13153,18266,8
13153,18274,1
13153,18285,2
13153,18291,1
13153,18300,2
13153,18301,9
13153,18302,2
13153,18303,16
13153,18304,27
13153,18305,7
13153,18311,1
13153,18327,4
13153,18328,23
13153,18329,12
13153,18340,5
13153,18356,2
13153,18362,1
13153,18363,2
13153,18380,4
13153,18387,1
13153,18388,11
13153,18389,9
13153,18390,18
13153,18416,1
13153,18422,3
13153,18432,2
13153,18437,4
13153,18439,1
13153,18452,1
13153,18453,1
13153,18458,1
13153,18467,2
13153,18471,5
13153,18472,4
13153,18478,2
13153,18479,6
13153,18487,4
13153,18490,5
13153,18493,1
13153,18496,5
13153,18497,1
13153,18505,2
13153,18507,2
13153,18515,17
13153,18516,28
13153,18517,19
13153,18518,2
13153,18536,5
13153,18559,2
13153,18564,1
13153,18568,4
13153,18569,2
13153,18577,2
13153,18578,4
13153,18581,3
13153,18587,5
13153,18603,3
13154,18225,2
13154,18236,3
13154,18237,2
13154,18266,14
13154,18267,2
13154,18285,1
13154,18286,3
13154,18287,2.5
13154,18291,1
13154,18297,5
13154,18298,11
13154,18301,10
13154,18302,4
13154,18303,11
13154,18304,35
13154,18305,34.5
13154,18306,12
13154,18311,13
13154,18312,4
13154,18327,5
13154,18340,1
13154,18341,2
13154,18352,8
13154,18362,2
13154,18388,9
13154,18389,4
13154,18390,9
13154,18401,1
13154,18412,2
13154,18413,2
13154,18416,1
13154,18422,2
13154,18423,3
13154,18424,2
13154,18430,2
13154,18444,2
13154,18449,3
13154,18450,6
13154,18451,6
13154,18487,2
13154,18488,2
13154,18498,3
13154,18501,2
13154,18515,21
13154,18516,11
13154,18517,15.5
13154,18527,2
13154,18533,13
13154,18544,5
13154,18564,2
13154,18568,4
13154,18569,6
13154,18583,2
13154,18591,7
13154,18592,4
13154,18604,2
13154,18607,2
13155,18248,3
13155,18249,14.5
13155,18265,5
13155,18266,17
13155,18268,1
13155,18270,8
13155,18277,2
13155,18297,4
13155,18298,6
13155,18299,2
13155,18301,5
13155,18302,2
13155,18304,3
13155,18305,26
13155,18306,56
13155,18307,14
13155,18308,3
13155,18311,3
13155,18312,13
13155,18321,4
13155,18322,6
13155,18341,2
13155,18347,1
13155,18348,5
13155,18368,2
13155,18373,8
13155,18388,9
13155,18389,1
13155,18403,1
13155,18404,2
13155,18413,9
13155,18414,6
13155,18415,17
13155,18416,5
13155,18419,4
13155,18424,16.5
13155,18425,1
13155,18431,3
13155,18444,1
13155,18449,2
13155,18450,4
13155,18456,5
13155,18474,1
13155,18478,2
13155,18484,1
13155,18485,1
13155,18490,2
13155,18497,2
13155,18499,2
13155,18509,7
13155,18510,1
13155,18515,2
13155,18516,2
13155,18537,2
13155,18557,2
13155,18564,5
13155,18570,4
13155,18579,5
13155,18589,4
13155,18591,2
13155,18592,2
13155,18596,2
13155,18605,2
13156,18235,2
13156,18249,8.5
13156,18265,2
13156,18266,4
13156,18272,2
13156,18275,3
13156,18276,14
13156,18277,4
13156,18299,2
13156,18305,16
13156,18306,10.5
13156,18308,10
13156,18312,1
13156,18321,18
13156,18322,24
13156,18323,11
13156,18324,2
13156,18341,13
13156,18342,11
13156,18346,1
13156,18347,3
13156,18387,4
13156,18388,6
13156,18389,11
13156,18390,5
13156,18400,1
13156,18401,3
13156,18402,2
13156,18403,5
13156,18404,3
13156,18406,2
13156,18409,2
13156,18412,2
13156,18413,10
13156,18415,11
13156,18424,5
13156,18425,8
13156,18438,2
13156,18441,1
13156,18442,2
13156,18444,5
13156,18449,5
13156,18469,3
13156,18470,1
13156,18471,3
13156,18484,2
13156,18487,5
13156,18490,2
13156,18491,2
13156,18492,2
13156,18505,4
13156,18506,4
13156,18507,1
13156,18515,3
13156,18516,5
13156,18520,7
13156,18521,4
13156,18529,2
13156,18536,2
13156,18553,1
13156,18564,4
13156,18569,2
13156,18605,12
13156,18606,2
13157,18226,3
13157,18264,8
13157,18271,2
13157,18272,1
13157,18275,1
13157,18309,10
13157,18323,2
13157,18341,1
13157,18342,3
13157,18343,6
13157,18381,4
13157,18390,2
13157,18401,2
13157,18402,5
13157,18412,1
13157,18413,9
13157,18414,15
13157,18415,15
13157,18416,2
13157,18422,2
13157,18437,4
13157,18438,8
13157,18439,2
13157,18440,2
13157,18441,4
13157,18477,2
13157,18481,1
13157,18482,3
13157,18487,14.5
13157,18488,1
13157,18495,1
13157,18506,2
13157,18507,5
13157,18513,2
13157,18514,9
13157,18515,10
13157,18516,9
13157,18519,2
13157,18522,2
13157,18523,3
13157,18525,6
13157,18526,3
13157,18528,4
13157,18529,2
13157,18554,1
13157,18564,1
13157,18584,1
13158,18238,1
13158,18243,5.5
13158,18244,1
13158,18263,2
13158,18264,2
13158,18265,2
13158,18272,6
13158,18295,8
13158,18299,2
13158,18303,4
13158,18309,2
13158,18310,7
13158,18312,2
13158,18342,7
13158,18347,2
13158,18353,5
13158,18354,2
13158,18357,4
13158,18359,3
13158,18367,1
13158,18379,2
13158,18380,8
13158,18381,22
13158,18384,1
13158,18412,5
13158,18413,4
13158,18415,48
13158,18416,9
13158,18429,2
13158,18438,25
13158,18439,3
13158,18452,3
13158,18468,5
13158,18470,1
13158,18472,2
13158,18477,3
13158,18480,5
13158,18485,1
13158,18487,4
13158,18492,2
13158,18498,2
13158,18507,5
13158,18508,10
13158,18510,1
13158,18514,4
13158,18515,1
13158,18516,1
13158,18526,4
13158,18569,1
13158,18571,2
13158,18572,2
13158,18605,2
13159,18235,1
13159,18237,3
13159,18238,2
13159,18242,1
13159,18256,15
13159,18264,6
13159,18265,2
13159,18291,5
13159,18295,1
13159,18297,7
13159,18298,2
13159,18308,2
13159,18310,7
13159,18311,7
13159,18324,2
13159,18336,7
13159,18337,2
13159,18340,2
13159,18347,2
13159,18352,2
13159,18356,2
13159,18357,3
13159,18363,2
13159,18367,3
13159,18380,2
13159,18381,12
13159,18384,4
13159,18396,3
13159,18398,1
13159,18400,5
13159,18401,8
13159,18414,3
13159,18416,11
13159,18435,3
13159,18453,3
13159,18468,3
13159,18469,2
13159,18470,5
13159,18471,2
13159,18472,3
13159,18476,2
13159,18479,1
13159,18483,2
13159,18488,1
13159,18489,3
13159,18514,3
13159,18516,5
13159,18548,3
13159,18550,3
13159,18551,6
13159,18557,2
13159,18562,3
13159,18564,2
13159,18573,2
13159,18601,1
13159,18605,2
13160,18237,5
13160,18238,2
13160,18242,3
13160,18245,2
13160,18258,4
13160,18269,3
13160,18271,1
13160,18290,2
13160,18291,2
13160,18311,6
13160,18312,6
13160,18336,3
13160,18341,12
13160,18356,8
13160,18357,5
13160,18365,4
13160,18371,5
13160,18380,2
13160,18381,4
13160,18400,1
13160,18402,1
13160,18416,3
13160,18420,1
13160,18436,4
13160,18453,5
13160,18471,2
13160,18485,1
13160,18490,2
13160,18496,1
13160,18505,2
13160,18517,5
13160,18520,2
13160,18525,3
13160,18532,3
13160,18533,12
13160,18534,6
13160,18551,3
13160,18560,11
13160,18561,1.5
13160,18562,3
13160,18564,11
13160,18565,5
13160,18566,8
13160,18587,1
13160,18599,4
13161,18255,6
13161,18258,3
13161,18313,7
13161,18343,3
13161,18347,3
13161,18355,4
13161,18356,1
13161,18370,2
13161,18380,9
13161,18381,1
13161,18386,2
13161,18388,2
13161,18398,1
13161,18399,4
13161,18415,7
13161,18446,8
13161,18447,3
13161,18448,2
13161,18467,2
13161,18468,1
13161,18475,8
13161,18477,2
13161,18481,1
13161,18484,4
13161,18487,4
13161,18488,1
13161,18490,4
13161,18491,8
13161,18496,3
13161,18504,4
13161,18512,2
13161,18516,5
13161,18523,3
13161,18525,7
13161,18533,2
13161,18536,4
13161,18537,5
13161,18559,2
13161,18560,1
13161,18564,7
13161,18571,6
13161,18574,2
13161,18581,4
13161,18605,2
13162,18219,2
13162,18222,11
13162,18223,2
13162,18224,2
13162,18250,7
13162,18252,3
13162,18264,5
13162,18268,4
13162,18313,1
13162,18314,2
13162,18335,5
13162,18348,2
13162,18349,2
13162,18350,3
13162,18355,4
13162,18368,10
13162,18369,1
13162,18379,6
13162,18380,14
13162,18381,3
13162,18385,12
13162,18386,15
13162,18387,5
13162,18388,5
13162,18395,2
13162,18396,3
13162,18398,2
13162,18413,2
13162,18427,2
13162,18432,4
13162,18444,2
13162,18446,6
13162,18447,9
13162,18458,2
13162,18461,10
13162,18463,1
13162,18474,1
13162,18475,3
13162,18476,4
13162,18477,8
13162,18484,2
13162,18488,2
13162,18491,2
13162,18492,5
13162,18509,2
13162,18511,2
13162,18526,3
13162,18528,2
13162,18536,3
13162,18546,6
13162,18547,1
13162,18552,4
13162,18553,3
13162,18561,4
13162,18564,2
13162,18570,2
13162,18580,6
13162,18581,4
13163,18219,2
13163,18226,3
13163,18227,9
13163,18264,5
13163,18265,1
13163,18288,3.5
13163,18295,1
13163,18349,3
13163,18350,4
13163,18368,3
13163,18369,6
13163,18370,5
13163,18380,4
13163,18381,2
13163,18385,5
13163,18386,33
13163,18387,20
13163,18388,18
13163,18396,11
13163,18414,5
13163,18425,3
13163,18436,1
13163,18443,1
13163,18444,1
13163,18458,1
13163,18460,3
13163,18462,5
13163,18463,4
13163,18472,4
13163,18473,7
13163,18474,1
13163,18489,2
13163,18490,5
13163,18494,1
13163,18495,4
13163,18501,4
13163,18502,2
13163,18503,4
13163,18504,4
13163,18518,4
13163,18531,2
13163,18546,4
13163,18560,1
13163,18561,3
13163,18562,2
13163,18572,2
13163,18575,5
13163,18581,5
13163,18587,2
13163,18589,1
13163,18590,2
13163,18591,1
13163,18601,3
13164,18271,1
13164,18293,4
13164,18296,2
13164,18308,2
13164,18350,4
13164,18351,3
13164,18371,1
13164,18373,8
13164,18374,6
13164,18375,1
13164,18376,12
13164,18387,2
13164,18397,4
13164,18402,3
13164,18403,10
13164,18404,8
13164,18406,2
13164,18443,2
13164,18444,2
13164,18459,5
13164,18464,2
13164,18472,1
13164,18476,5
13164,18479,1
13164,18481,1
13164,18491,1
13164,18502,15.5
13164,18529,4
13164,18549,5
13164,18562,1
13164,18572,1
13164,18573,2
13164,18574,5
13164,18598,2
13164,18599,26
13164,18601,2
13165,18271,2
13165,18272,10
13165,18289,11
13165,18294,1
13165,18303,5
13165,18307,1
13165,18308,6
13165,18373,11
13165,18374,15
13165,18375,4
13165,18376,16
13165,18390,2
13165,18402,2
13165,18407,1
13165,18408,1
13165,18409,1
13165,18447,4
13165,18459,2
13165,18465,3
13165,18474,2
13165,18480,2
13165,18486,4
13165,18488,2
13165,18502,3
13165,18514,4
13165,18538,2
13165,18544,2
13165,18549,1
13165,18562,4
13165,18564,1
13165,18565,2
13165,18575,7
13165,18576,4
13165,18577,9
13165,18578,6
13165,18597,1
13165,18598,2
13166,18264,7
13166,18271,5
13166,18273,1
13166,18282,3
13166,18294,2
13166,18298,4
13166,18302,1
13166,18303,14
13166,18304,6
13166,18308,3
13166,18344,1
13166,18345,1
13166,18373,3
13166,18376,9
13166,18418,1
13166,18440,7
13166,18442,6
13166,18443,3
13166,18447,3
13166,18452,1
13166,18453,2
13166,18454,3
13166,18455,1
13166,18460,2
13166,18466,4
13166,18474,1
13166,18478,2
13166,18480,2
13166,18495,6
13166,18507,2
13166,18508,2
13166,18510,2
13166,18514,8
13166,18536,2
13166,18537,5
13166,18544,17
13166,18545,22
13166,18546,16
13166,18548,4
13166,18549,2
13166,18553,4
13166,18565,5
13166,18572,4
13166,18573,4
13166,18574,2
13166,18577,6
13166,18578,12
13166,18580,1
13166,18582,1
13166,18587,2
13166,18589,4
13166,18596,1
13166,18597,4
13166,18601,1
13167,18248,7
13167,18249,2
13167,18291,2
13167,18292,4
13167,18294,2
13167,18302,15
13167,18303,21
13167,18308,2
13167,18344,1
13167,18363,2
13167,18364,9
13167,18366,1
13167,18377,1.5
13167,18385,3
13167,18420,4
13167,18430,2
13167,18436,2
13167,18437,6
13167,18446,1
13167,18480,3
13167,18487,6
13167,18506,1
13167,18511,2
13167,18512,2
13167,18525,3
13167,18526,9
13167,18527,4
13167,18533,4
13167,18549,2
13167,18552,3
13167,18553,5
13167,18558,2
13167,18559,2
13167,18572,5
13167,18573,11.5
13167,18574,2
13167,18579,11
13167,18580,5
13167,18586,5
13167,18587,2
13167,18590,2
13168,18227,2
13168,18228,1
13168,18245,3
13168,18257,2
13168,18266,2
13168,18282,13
13168,18283,14
13168,18284,11
13168,18290,1
13168,18291,3
13168,18292,6
13168,18302,10
13168,18303,10
13168,18304,7
13168,18305,2
13168,18329,1
13168,18364,2
13168,18384,4
13168,18398,3
13168,18402,1
13168,18419,1
13168,18420,5
13168,18427,2
13168,18428,1
13168,18446,1
13168,18462,1
13168,18469,2
13168,18485,4
13168,18490,1
13168,18494,3
13168,18496,2
13168,18497,2
13168,18500,2
13168,18511,3
13168,18513,1
13168,18514,3
13168,18523,2
13168,18526,2
13168,18536,1
13168,18549,4
13168,18571,7
13168,18572,1
13168,18579,6
13168,18580,12
13168,18582,1
13168,18586,5
13168,18587,4
13168,18591,7
13169,18221,2
13169,18222,9
13169,18223,1
13169,18227,2
13169,18228,7
13169,18229,13
13169,18280,3
13169,18283,28
13169,18284,7
13169,18291,2
13169,18292,1
13169,18303,1
13169,18304,4
13169,18323,6
13169,18328,1
13169,18329,4
13169,18330,8
13169,18369,2
13169,18370,5
13169,18382,6
13169,18383,4
13169,18384,6
13169,18385,11
13169,18398,1
13169,18399,5
13169,18418,2
13169,18419,4
13169,18433,2
13169,18446,1
13169,18468,1
13169,18473,2
13169,18481,5
13169,18486,5
13169,18503,2
13169,18511,5
13169,18536,3
13169,18542,4
13169,18547,1
13169,18552,2
13169,18555,2
13169,18564,4
13169,18565,2
13169,18573,9
13169,18580,3
13169,18586,1
13169,18587,5
13169,18598,2
13169,18600,3
13169,18601,4
13169,18606,1
13170,18223,5
13170,18238,4
13170,18248,8
13170,18259,1
13170,18261,2
13170,18265,7
13170,18273,2
13170,18283,4
13170,18284,3
13170,18327,2
13170,18329,8
13170,18330,6
13170,18341,2
13170,18369,18
13170,18370,11
13170,18387,3
13170,18399,1
13170,18414,3
13170,18419,4
13170,18421,6
13170,18439,4
13170,18449,1
13170,18452,3
13170,18453,3
13170,18456,2
13170,18458,1
13170,18460,1
13170,18463,2
13170,18467,2
13170,18469,4
13170,18470,5
13170,18475,4
13170,18476,3
13170,18479,1
13170,18481,1
13170,18482,8
13170,18488,4
13170,18489,3
13170,18494,3
13170,18502,6
13170,18510,4
13170,18517,4
13170,18553,1
13170,18567,2
13170,18580,4
13170,18581,1
13170,18587,6
13170,18590,3
13170,18596,1
13170,18599,2
13170,18600,14
13170,18601,6
13170,18606,5
13171,18211,1
13171,18237,5
13171,18248,2
13171,18249,8
13171,18257,3
13171,18258,7
13171,18259,4
13171,18265,4
13171,18266,3
13171,18270,4
13171,18282,5
13171,18283,2
13171,18342,7
13171,18367,5
13171,18368,2
13171,18387,3
13171,18399,1
13171,18415,2
13171,18419,7
13171,18420,9
13171,18434,1
13171,18438,2
13171,18439,3
13171,18444,1
13171,18458,2
13171,18469,4
13171,18475,5
13171,18476,3
13171,18477,2
13171,18480,5
13171,18481,4
13171,18482,4
13171,18489,5
13171,18493,2
13171,18494,9
13171,18495,1
13171,18502,2
13171,18514,4
13171,18515,2
13171,18526,1
13171,18528,8
13171,18531,10
13171,18532,4
13171,18557,2
13171,18585,2
13171,18588,4
13171,18589,4
13171,18590,8
13171,18598,6
13171,18604,1
13171,18605,8
13172,18223,3
13172,18224,4
13172,18236,2
13172,18237,26
13172,18238,10
13172,18239,2
13172,18245,19
13172,18247,1
13172,18249,8
13172,18250,2.5
13172,18285,2
13172,18287,3
13172,18339,2
13172,18353,4
13172,18380,16
13172,18381,2
13172,18398,2
13172,18399,1
13172,18405,2
13172,18406,25
13172,18411,2
13172,18415,4
13172,18427,2
13172,18439,2
13172,18440,1
13172,18441,1
13172,18443,4
13172,18448,1
13172,18457,1
13172,18469,1
13172,18483,5
13172,18484,6
13172,18490,1
13172,18493,4
13172,18495,5
13172,18496,2
13172,18504,5
13172,18509,2
13172,18514,3
13172,18521,1
13172,18522,4
13172,18525,6
13172,18526,7
13172,18530,7
13172,18589,26
13172,18590,15
13172,18591,5
13172,18592,4
13172,18596,1
13172,18597,1
13172,18605,10
13173,18212,1
13173,18224,2
13173,18227,3
13173,18228,2
13173,18236,16
13173,18237,39.5
13173,18238,21
13173,18239,8
13173,18240,19
13173,18244,2
13173,18245,11
13173,18246,3
13173,18286,2
13173,18332,4
13173,18338,2
13173,18339,4
13173,18341,2
13173,18353,2
13173,18399,1
13173,18400,3
13173,18406,3
13173,18414,2
13173,18427,2
13173,18457,4
13173,18461,1
13173,18475,9
13173,18479,2
13173,18483,3
13173,18484,8
13173,18485,2
13173,18486,4
13173,18489,1
13173,18495,1
13173,18498,4
13173,18506,2
13173,18512,3
13173,18513,2
13173,18516,3
13173,18549,10
13173,18554,5
13173,18555,4
13173,18589,6
13174,18238,1
13174,18261,1
13174,18270,3
13174,18271,4
13174,18272,7
13174,18274,3
13174,18275,1
13174,18285,2
13174,18286,4
13174,18298,11
13174,18306,2
13174,18307,15
13174,18316,3
13174,18317,2
13174,18323,2
13174,18325,1
13174,18329,1
13174,18339,2
13174,18340,2
13174,18352,4
13174,18353,12.5
13174,18354,5
13174,18388,5
13174,18411,1
13174,18420,3
13174,18451,1
13174,18454,1.5
13174,18455,1
13174,18457,5
13174,18461,1
13174,18470,3
13174,18476,1
13174,18479,2
13174,18481,1
13174,18484,2
13174,18485,3
13174,18486,1
13174,18487,3.5
13174,18504,1
13174,18505,5
13174,18506,4
13174,18507,3
13174,18508,6
13174,18525,5
13174,18526,1
13174,18542,8
13174,18545,2
13174,18546,3
13174,18547,3
13174,18548,1
13174,18549,1
13174,18550,2
13174,18570,1
13174,18590,5
13175,18251,3
13175,18261,1
13175,18262,3
13175,18270,2
13175,18298,6
13175,18307,7
13175,18316,1
13175,18317,6
13175,18328,2
13175,18329,4
13175,18336,2
13175,18363,3
13175,18370,3
13175,18371,2
13175,18375,4
13175,18376,3
13175,18420,1
13175,18427,4
13175,18452,3
13175,18454,4
13175,18455,4
13175,18459,2
13175,18480,2
13175,18485,1
13175,18486,5
13175,18487,2
13175,18516,3
13175,18523,4
13175,18536,1
13175,18537,3
13175,18543,2
13175,18544,4
13175,18545,7
13175,18546,6
13175,18552,1
13175,18556,1
13175,18576,2
13175,18587,1
13176,18213,2
13176,18315,5
13176,18318,1
13176,18328,2
13176,18349,1
13176,18350,4
13176,18352,3
13176,18360,17
13176,18361,10
13176,18362,8
13176,18375,3
13176,18376,7
13176,18385,7
13176,18420,2
13176,18431,2
13176,18440,4
13176,18445,1
13176,18464,3
13176,18465,2
13176,18473,1
13176,18479,6
13176,18482,1
13176,18484,8
13176,18485,6
13176,18486,11
13176,18493,6
13176,18494,2
13176,18517,4
13176,18522,1.5
13176,18537,2
13176,18538,6
13176,18540,1
13176,18543,1
13176,18545,2
13176,18550,3
13176,18551,4
13176,18574,3
13176,18575,1
13177,18316,18
13177,18325,1
13177,18343,3
13177,18344,7
13177,18350,6
13177,18358,1
13177,18359,25
13177,18360,14
13177,18361,6
13177,18374,8
13177,18375,2
13177,18384,2
13177,18394,5
13177,18417,2
13177,18419,9
13177,18420,3
13177,18421,2
13177,18422,4
13177,18431,10.5
13177,18443,2
13177,18462,5
13177,18463,2
13177,18465,2
13177,18466,2
13177,18472,2
13177,18473,6
13177,18476,6.5
13177,18479,2
13177,18480,6
13177,18482,1
13177,18484,2
13177,18485,7
13177,18489,4
13177,18490,2
13177,18492,1
13177,18499,4
13177,18500,2
13177,18511,5
13177,18539,5
13177,18540,2.5
13177,18546,5
13177,18547,16
13177,18574,6
13177,18575,9
13177,18585,7
13177,18586,1
13177,18587,2
13178,18252,7
13178,18253,1
13178,18263,6
13178,18264,2
13178,18325,16
13178,18326,3
13178,18342,6
13178,18343,3
13178,18344,7
13178,18345,2
13178,18361,3
13178,18377,3
13178,18383,4
13178,18385,2
13178,18388,2
13178,18394,15
13178,18395,13
13178,18396,10
13178,18397,1
13178,18416,4
13178,18417,13
13178,18418,3
13178,18419,5
13178,18445,1
13178,18449,4
13178,18450,4
13178,18473,3
13178,18475,3
13178,18485,19
13178,18486,23
13178,18487,7
13178,18490,3
13178,18491,7
13178,18492,2
13178,18508,2
13178,18511,5
13178,18517,3
13178,18532,4
13178,18539,5
13178,18540,7
13178,18547,4
13178,18548,1
13178,18575,5
13178,18586,2
13178,18587,1
13179,18224,5
13179,18225,4
13179,18226,6
13179,18262,6
13179,18263,4
13179,18278,3
13179,18295,3
13179,18325,12
13179,18326,7
13179,18357,1
13179,18377,2
13179,18379,6
13179,18381,2
13179,18383,1
13179,18385,5
13179,18389,4
13179,18394,3
13179,18395,3.5
13179,18449,1
13179,18484,4
13179,18486,31
13179,18487,43.5
13179,18488,16
13179,18489,8
13179,18490,1
13179,18491,20
13179,18493,6
13179,18494,8
13179,18496,3
13179,18497,3
13179,18501,2
13179,18509,4
13179,18510,4
13179,18512,1
13179,18531,4
13179,18532,5
13179,18545,1
13179,18547,4
13179,18548,4
13179,18554,4
13179,18575,7
13179,18579,2
13179,18581,1
13179,18583,2
13179,18584,14
13179,18585,3
13179,18586,3
13180,18261,2
13180,18262,6
13180,18266,3
13180,18278,7
13180,18295,7
13180,18296,8
13180,18305,3
13180,18306,1
13180,18308,5
13180,18309,4
13180,18323,6
13180,18325,6
13180,18327,2
13180,18351,2
13180,18380,4
13180,18381,4
13180,18385,1
13180,18388,4
13180,18389,1
13180,18403,1
13180,18404,5
13180,18432,1
13180,18442,6
13180,18443,14.5
13180,18444,6
13180,18465,1
13180,18471,4
13180,18477,2
13180,18485,6
13180,18486,20
13180,18487,22
13180,18488,9
13180,18489,21
13180,18490,33.5
13180,18491,7
13180,18492,2
13180,18494,2
13180,18497,4
13180,18498,5
13180,18501,3
13180,18508,1
13180,18509,1
13180,18515,2
13180,18538,2
13180,18541,2
13180,18542,2
13180,18546,1
13180,18547,2
13180,18548,6
13180,18553,1
13180,18557,1
13180,18575,2
13180,18582,7
13180,18583,7
13180,18584,2
13180,18585,6
13180,18586,9
13180,18588,1
13180,18591,1
13181,18225,4
13181,18227,1
13181,18228,2
13181,18255,2
13181,18256,2
13181,18257,5
13181,18260,4
13181,18261,2
13181,18277,3
13181,18278,12
13181,18294,3
13181,18304,3
13181,18305,9
13181,18306,7
13181,18328,2
13181,18331,4
13181,18334,1
13181,18335,6
13181,18336,11
13181,18337,3
13181,18379,13
13181,18380,15
13181,18381,3
13181,18383,2
13181,18385,1
13181,18386,1
13181,18388,3
13181,18403,6
13181,18404,8
13181,18405,11
13181,18410,3
13181,18411,10
13181,18412,12
13181,18413,3
13181,18425,1
13181,18431,1
13181,18437,4
13181,18447,2
13181,18450,2
13181,18456,2
13181,18465,2
13181,18472,1
13181,18474,5
13181,18475,2
13181,18482,4
13181,18485,2
13181,18487,9
13181,18489,12
13181,18490,7
13181,18498,2
13181,18499,4
13181,18500,3
13181,18515,15.5
13181,18527,6
13181,18538,3
13181,18542,19
13181,18543,8
13181,18552,2
13181,18579,3
13181,18580,3
13181,18581,6
13181,18582,8
13181,18586,5
13181,18602,3
13182,18224,1
13182,18225,2
13182,18256,2
13182,18262,7
13182,18265,2
13182,18271,7
13182,18293,3
13182,18294,7
13182,18295,10
13182,18296,24
13182,18297,3
13182,18303,2
13182,18304,12
13182,18305,25
13182,18306,2
13182,18322,1
13182,18337,1
13182,18356,9
13182,18357,6
13182,18366,8
13182,18383,4
13182,18384,7
13182,18385,23
13182,18386,3
13182,18406,4
13182,18410,3
13182,18412,12
13182,18444,5
13182,18450,2
13182,18451,6
13182,18452,1
13182,18462,9.5
13182,18470,2
13182,18472,1
13182,18474,1
13182,18485,2
13182,18500,2
13182,18504,1
13182,18507,2
13182,18516,24
13182,18517,6
13182,18518,14
13182,18521,2
13182,18522,6
13182,18528,1
13182,18537,2
13182,18538,2
13182,18543,7
13182,18544,7
13182,18558,3
13182,18569,4
13182,18576,2
13182,18578,1
13182,18582,2
13182,18602,3
13183,18262,4
13183,18354,4
13183,18356,2
13183,18360,9
13183,18365,4
13183,18366,2
13183,18367,8
13183,18371,1
13183,18372,1
13183,18381,2
13183,18382,2
13183,18383,3
13183,18407,3
13183,18434,3
13183,18441,5
13183,18442,6.5
13183,18443,4
13183,18444,8
13183,18449,3
13183,18450,3
13183,18452,3
13183,18462,2
13183,18463,4
13183,18464,3
13183,18466,2
13183,18467,2
13183,18468,2
13183,18471,1
13183,18479,2
13183,18480,1
13183,18485,3
13183,18486,4
13183,18487,1
13183,18500,1
13183,18516,12
13183,18517,16
13183,18518,10
13183,18519,7
13183,18537,15
13183,18538,2
13183,18542,9
13183,18543,3
13183,18544,16
13183,18557,1
13183,18560,2
13183,18572,8
13183,18573,6.5
13183,18575,1
13184,18262,2
13184,18263,3
13184,18275,3
13184,18307,3
13184,18342,6
13184,18343,10
13184,18344,2
13184,18356,3
13184,18371,2
13184,18372,2
13184,18376,3
13184,18380,1
13184,18393,2
13184,18408,6
13184,18409,3
13184,18428,6
13184,18430,1
13184,18434,9
13184,18435,12
13184,18441,2
13184,18442,5
13184,18444,1
13184,18446,2
13184,18448,2
13184,18449,4
13184,18456,1
13184,18466,2
13184,18467,4
13184,18468,7
13184,18469,4
13184,18470,1
13184,18471,5
13184,18472,5
13184,18474,1
13184,18502,3
13184,18510,1
13184,18514,7
13184,18515,20
13184,18516,9
13184,18543,4
13184,18544,3
13184,18545,2
13184,18560,5
13184,18562,1
13184,18573,3
13184,18586,2
13185,18236,3
13185,18261,2
13185,18262,1
13185,18275,11
13185,18289,3
13185,18294,2
13185,18307,6
13185,18313,6
13185,18314,11
13185,18320,6
13185,18326,13
13185,18341,3
13185,18342,17
13185,18343,40.5
13185,18344,21
13185,18347,3
13185,18371,19
13185,18372,12
13185,18380,6
13185,18381,3
13185,18393,1
13185,18407,7
13185,18408,39
13185,18409,1
13185,18411,3
13185,18435,5
13185,18441,3
13185,18442,3
13185,18450,5
13185,18451,1
13185,18452,3
13185,18453,4
13185,18457,3
13185,18471,1
13185,18472,17
13185,18473,2
13185,18474,1
13185,18477,2
13185,18481,1
13185,18512,1
13185,18515,2
13185,18516,1
13185,18518,13
13185,18523,1
13185,18535,4
13185,18537,2
13185,18553,7
13185,18554,5
13185,18555,1
13185,18561,3
13185,18578,1
13185,18588,3
13185,18592,1
13186,18229,5
13186,18230,2
13186,18254,5
13186,18261,7
13186,18262,1
13186,18288,2
13186,18295,2
13186,18325,15
13186,18326,14
13186,18327,2
13186,18328,3
13186,18343,15
13186,18344,16
13186,18346,7
13186,18347,18
13186,18371,3
13186,18372,12
13186,18373,3
13186,18380,12
13186,18381,11
13186,18382,2
13186,18398,1
13186,18407,2
13186,18408,5
13186,18422,2
13186,18433,2
13186,18452,2
13186,18457,1
13186,18458,4
13186,18477,1
13186,18480,4
13186,18481,6
13186,18490,2
13186,18493,2
13186,18508,4
13186,18512,5
13186,18513,6
13186,18516,3
13186,18518,2
13186,18520,1
13186,18531,2
13186,18534,2
13186,18541,8
13186,18549,19.5
13186,18550,4
13186,18560,4
13186,18563,1
13186,18589,7
13186,18597,2
13186,18601,1
13187,18229,8
13187,18232,11
13187,18263,2
13187,18285,1
13187,18286,2
13187,18294,2
13187,18295,2
13187,18324,3
13187,18325,1
13187,18326,2
13187,18327,4
13187,18342,7
13187,18343,1
13187,18348,1
13187,18371,8
13187,18372,2
13187,18383,1
13187,18384,7
13187,18390,1
13187,18407,2
13187,18422,23
13187,18432,5
13187,18439,4
13187,18442,2
13187,18444,10
13187,18478,4
13187,18479,2
13187,18481,1
13187,18484,1
13187,18491,2
13187,18508,5
13187,18509,3
13187,18516,5
13187,18519,3
13187,18524,3
13187,18530,3
13187,18531,5
13187,18539,5
13187,18540,4
13187,18541,12
13187,18549,21
13187,18550,2
13187,18598,2
13188,18233,2
13188,18262,1
13188,18263,1
13188,18269,4
13188,18270,5
13188,18285,4.5
13188,18286,1
13188,18287,14
13188,18319,12
13188,18333,2
13188,18347,20
13188,18348,16
13188,18349,5
13188,18370,6
13188,18371,22.5
13188,18377,8.5
13188,18378,6
13188,18379,2
13188,18382,2
13188,18407,23.5
13188,18421,2
13188,18422,3
13188,18423,9
13188,18441,7
13188,18443,4
13188,18444,4
13188,18473,6
13188,18474,2
13188,18484,2
13188,18485,1
13188,18490,1
13188,18491,2
13188,18507,9
13188,18508,2
13188,18510,6
13188,18513,3
13188,18520,2
13188,18524,23
13188,18534,1
13188,18536,3
13188,18539,2
13188,18540,11
13188,18541,5
13188,18548,1
13188,18549,27
13188,18550,23
13188,18551,6
13188,18553,1
13188,18554,4
13188,18555,3
13188,18558,2
13188,18560,4
13188,18598,2
13188,18599,12
13188,18600,4
13188,18606,7
13189,18230,6
13189,18243,2
13189,18262,2
13189,18263,3
13189,18275,2
13189,18285,8
13189,18286,4
13189,18287,5
13189,18288,7
13189,18295,2
13189,18318,7
13189,18319,3
13189,18334,4
13189,18347,16.5
13189,18348,26
13189,18349,19
13189,18350,1
13189,18361,2
13189,18363,2
13189,18370,4
13189,18371,6
13189,18377,1
13189,18378,8
13189,18379,7
13189,18383,2
13189,18387,4
13189,18388,5
13189,18389,2
13189,18406,2
13189,18407,7
13189,18413,2
13189,18414,2
13189,18416,1
13189,18421,5
13189,18422,11.5
13189,18423,3
13189,18436,2
13189,18445,6
13189,18448,2
13189,18451,1
13189,18456,1
13189,18468,1
13189,18473,3
13189,18477,1
13189,18481,4
13189,18483,7
13189,18485,7
13189,18508,5
13189,18520,3
13189,18524,4
13189,18531,2
13189,18532,6
13189,18533,9
13189,18534,14
13189,18535,3
13189,18536,4
13189,18537,4
13189,18540,6
13189,18541,2
13189,18543,2
13189,18544,1
13189,18548,2
13189,18549,10
13189,18550,4
13189,18551,8
13189,18552,2
13189,18559,2
13189,18560,3
13189,18561,6
13189,18597,3
13189,18598,10
13189,18599,4
13190,18222,1
13190,18285,3
13190,18286,8
13190,18287,3
13190,18319,4
13190,18333,5
13190,18347,21
13190,18348,60
13190,18349,25
13190,18350,1
13190,18352,3.5
13190,18355,2
13190,18356,2
13190,18365,22
13190,18366,1
13190,18379,3
13190,18382,3
13190,18383,20.5
13190,18387,5
13190,18413,1
13190,18414,7
13190,18416,5
13190,18423,4
13190,18438,3
13190,18440,10
13190,18441,24
13190,18444,2
13190,18445,10.5
13190,18448,14
13190,18449,2
13190,18457,1
13190,18459,3
13190,18460,2
13190,18473,1
13190,18474,3
13190,18483,3
13190,18493,3
13190,18510,20
13190,18511,5
13190,18533,9
13190,18534,19
13190,18535,5
13190,18536,9
13190,18537,2
13190,18542,2
13190,18559,3
13190,18566,2.5
13190,18595,2
13190,18596,3
13190,18597,3
13190,18598,31
13190,18599,5
13190,18600,1
13191,18254,3
13191,18273,2
13191,18274,9
13191,18303,2
13191,18333,2
13191,18349,6
13191,18354,5
13191,18355,10
13191,18356,3
13191,18357,4
13191,18365,9
13191,18366,3
13191,18367,6
13191,18382,5
13191,18383,12
13191,18393,2
13191,18414,8
13191,18435,3
13191,18440,2
13191,18441,15
13191,18442,5
13191,18444,20
13191,18445,13
13191,18446,4
13191,18448,3
13191,18451,2
13191,18461,2
13191,18473,1
13191,18506,3
13191,18510,3
13191,18511,5
13191,18523,7
13191,18524,4
13191,18533,11
13191,18534,19
13191,18535,16
13191,18536,6
13191,18540,5
13191,18546,2
13191,18547,6
13191,18548,2
13191,18553,1
13191,18554,2
13191,18559,4
13191,18563,2
13191,18573,3
13191,18574,1
13191,18593,1
13191,18594,1
13191,18595,3
13191,18598,3
13191,18599,3
13191,18600,4
13192,18239,1
13192,18251,1
13192,18254,3
13192,18273,2
13192,18274,17
13192,18275,5
13192,18277,3
13192,18278,2
13192,18286,6
13192,18327,1
13192,18348,2
13192,18349,1
13192,18355,3
13192,18366,13
13192,18383,4
13192,18393,2
13192,18435,2
13192,18436,5
13192,18443,22
13192,18444,58
13192,18445,58
13192,18446,4
13192,18452,3
13192,18453,1
13192,18461,4
13192,18463,2
13192,18473,4
13192,18474,1
13192,18481,2
13192,18482,4
13192,18490,3
13192,18493,1
13192,18503,1
13192,18511,4
13192,18524,11.5
13192,18525,16
13192,18526,2
13192,18533,12
13192,18534,25
13192,18535,19
13192,18536,17
13192,18539,1
13192,18544,3
13192,18545,6
13192,18546,16
13192,18547,2
13192,18572,2
13192,18573,4
13192,18592,2
13192,18599,9
13192,18600,6
13193,18248,1
13193,18255,5
13193,18273,24
13193,18274,44
13193,18275,29
13193,18276,11
13193,18277,10
13193,18347,4
13193,18348,1
13193,18349,13
13193,18356,3
13193,18368,12
13193,18369,14.5
13193,18370,2
13193,18379,2
13193,18380,5
13193,18382,1
13193,18383,1
13193,18385,2
13193,18403,4
13193,18430,2
13193,18441,13
13193,18442,6
13193,18443,30
13193,18444,39.5
13193,18445,23.5
13193,18462,4
13193,18464,1
13193,18485,8
13193,18486,2
13193,18499,5
13193,18510,4
13193,18511,6
13193,18512,3
13193,18513,5
13193,18524,4
13193,18525,8
13193,18526,8
13193,18529,3
13193,18533,10
13193,18534,17
13193,18535,12
13193,18536,30
13193,18537,25.5
13193,18539,1
13193,18545,11
13193,18546,18
13193,18573,6
13193,18574,6
13193,18589,2
13193,18590,3
13194,18248,1
13194,18266,17
13194,18269,2
13194,18271,3
13194,18272,10
13194,18273,1
13194,18275,16
13194,18276,2
13194,18277,2
13194,18300,4
13194,18344,2
13194,18345,4
13194,18348,3
13194,18349,8
13194,18350,3
13194,18368,7
13194,18369,16
13194,18383,3
13194,18385,21.5
13194,18402,2
13194,18404,4.5
13194,18410,4
13194,18411,3
13194,18430,6
13194,18432,1
13194,18443,7
13194,18444,25
13194,18445,12
13194,18446,2
13194,18463,2
13194,18468,4
13194,18487,4
13194,18491,2.5
13194,18498,4
13194,18499,4
13194,18500,3
13194,18508,1
13194,18509,3
13194,18511,3
13194,18512,10
13194,18524,13
13194,18525,42
13194,18526,48
13194,18527,8
13194,18533,16
13194,18534,7
13194,18535,10
13194,18536,30
13194,18537,40
13194,18538,14
13194,18544,1
13194,18554,1
13194,18573,3
13194,18588,4
13194,18589,5
13195,18253,12
13195,18256,2
13195,18267,10
13195,18270,4
13195,18271,2
13195,18300,4
13195,18301,11
13195,18302,4
13195,18303,2
13195,18344,10
13195,18345,1
13195,18347,7
13195,18348,4
13195,18349,3
13195,18351,4
13195,18356,2
13195,18367,4
13195,18368,12
13195,18369,13
13195,18377,5
13195,18381,2
13195,18382,16
13195,18383,4
13195,18384,19
13195,18385,8
13195,18389,11
13195,18390,4
13195,18404,1
13195,18407,2
13195,18410,1
13195,18411,7
13195,18431,5
13195,18443,2
13195,18444,10
13195,18447,2
13195,18448,1
13195,18469,7
13195,18472,1
13195,18489,6
13195,18490,7
13195,18497,2
13195,18498,2
13195,18501,9
13195,18511,5
13195,18512,2
13195,18524,11
13195,18525,39
13195,18526,33.5
13195,18527,9
13195,18533,5
13195,18534,3
13195,18535,2
13195,18536,26
13195,18537,26.5
13195,18538,2
13195,18539,3
13195,18541,3
13195,18542,9
13195,18543,28
13195,18545,3
13195,18546,5
13195,18587,5
13196,18232,2
13196,18252,2
13196,18255,19
13196,18256,6
13196,18262,1
13196,18301,2
13196,18302,10
13196,18315,10
13196,18338,1
13196,18341,1
13196,18349,11
13196,18350,2
13196,18352,1
13196,18353,3
13196,18356,3
13196,18357,8
13196,18369,1
13196,18379,3
13196,18381,21
13196,18382,28.5
13196,18383,25
13196,18384,24
13196,18385,31
13196,18386,19
13196,18389,1
13196,18390,16
13196,18391,2
13196,18412,3
13196,18431,2
13196,18439,1
13196,18442,4
13196,18443,6
13196,18444,14
13196,18445,5
13196,18447,10
13196,18448,11
13196,18451,1
13196,18455,4
13196,18456,2
13196,18463,10
13196,18472,3.5
13196,18477,9
13196,18489,4
13196,18490,5
13196,18491,5.5
13196,18504,1
13196,18506,2
13196,18512,5
13196,18514,3
13196,18521,2
13196,18524,7
13196,18525,7
13196,18526,29
13196,18528,3
13196,18529,21.5
13196,18536,11
13196,18537,20
13196,18541,1
13196,18542,26
13196,18543,14
13196,18544,4
13196,18562,3
13196,18571,1
13196,18603,4
13197,18251,1
13197,18252,13
13197,18254,1
13197,18255,2
13197,18293,1
13197,18302,2
13197,18314,4
13197,18315,7
13197,18318,2
13197,18340,7
13197,18342,4
13197,18350,3
13197,18351,2
13197,18353,6
13197,18370,1
13197,18373,2
13197,18375,6
13197,18378,2
13197,18379,4
13197,18380,4
13197,18381,15.5
13197,18382,7
13197,18383,20
13197,18384,25
13197,18385,46
13197,18386,27
13197,18387,11
13197,18422,1
13197,18443,2
13197,18444,17
13197,18445,20
13197,18446,14
13197,18447,4
13197,18448,3
13197,18449,2
13197,18450,2
13197,18451,5
13197,18454,1
13197,18455,5
13197,18458,2
13197,18460,1
13197,18489,2
13197,18490,1
13197,18492,2
13197,18493,3
13197,18523,9
13197,18524,10
13197,18525,40
13197,18526,17
13197,18529,9
13197,18530,17
13197,18534,18
13197,18535,121.5
13197,18536,11
13197,18537,52.5
13197,18538,11
13197,18542,2
13197,18543,4
13197,18544,1
13197,18561,1
13197,18568,3
13197,18569,10
13198,18247,4
13198,18252,2
13198,18293,1
13198,18315,4
13198,18335,5
13198,18339,1
13198,18342,8
13198,18347,1
13198,18373,22
13198,18374,17
13198,18375,12
13198,18381,15
13198,18382,30
13198,18383,32
13198,18384,37
13198,18385,14
13198,18386,19
13198,18387,4
13198,18421,2
13198,18443,3
13198,18445,6
13198,18446,14
13198,18451,3
13198,18452,2
13198,18457,3
13198,18475,1
13198,18489,7
13198,18490,13
13198,18491,22
13198,18492,2
13198,18502,5
13198,18503,4
13198,18522,6
13198,18523,10
13198,18524,22
13198,18525,13
13198,18526,2
13198,18529,13
13198,18530,6
13198,18531,7
13198,18532,5
13198,18533,7
13198,18534,33
13198,18535,175
13198,18536,57.5
13198,18537,41
13198,18538,15
13198,18539,3
13198,18541,5
13198,18546,15
13198,18568,4
13198,18569,21
13198,18570,4
13198,18587,1
13198,18591,3
13198,18593,4
13198,18594,2
13198,18599,2
13199,18220,4
13199,18234,2
13199,18243,4
13199,18247,3
13199,18293,7
13199,18318,3
13199,18356,2
13199,18359,1
13199,18361,6
13199,18372,20
13199,18373,5
13199,18374,4
13199,18385,3
13199,18417,2
13199,18452,4
13199,18490,21
13199,18491,10
13199,18501,2
13199,18502,13
13199,18523,7
13199,18524,8
13199,18525,7
13199,18526,3
13199,18532,5
13199,18533,10
13199,18534,103
13199,18535,79
13199,18536,59
13199,18537,96.5
13199,18538,23
13199,18539,2
13199,18541,8
13199,18542,20
13199,18561,4
13199,18562,2
13199,18593,5
13199,18601,2
13200,18220,1
13200,18234,1
13200,18255,6
13200,18261,2
13200,18298,2
13200,18299,7
13200,18318,3
13200,18339,4
13200,18357,2
13200,18364,13
13200,18371,1
13200,18372,13
13200,18374,2
13200,18378,1
13200,18387,9
13200,18388,4
13200,18390,2
13200,18394,6
13200,18397,8
13200,18412,1
13200,18445,2
13200,18446,8
13200,18471,2
13200,18480,2
13200,18485,4
13200,18488,3
13200,18490,2
13200,18491,6
13200,18506,2
13200,18510,3
13200,18512,2
13200,18514,3
13200,18520,2
13200,18522,5
13200,18524,3
13200,18525,27
13200,18526,2
13200,18533,17
13200,18534,73
13200,18535,30
13200,18536,23
13200,18537,25
13200,18538,1
13200,18539,12
13200,18541,20
13200,18542,9
13200,18551,8
13200,18561,7
13200,18581,1
13200,18592,2
13201,18261,3
13201,18265,2
13201,18294,2
13201,18295,5
13201,18298,6
13201,18318,7
13201,18339,4
13201,18346,4
13201,18360,1
13201,18372,3
13201,18373,28
13201,18374,9
13201,18375,2
13201,18376,3
13201,18377,7.5
13201,18381,3
13201,18386,3
13201,18387,3
13201,18388,11
13201,18390,4
13201,18395,4
13201,18433,4
13201,18434,2
13201,18436,2
13201,18446,10
13201,18452,3
13201,18454,1
13201,18470,4
13201,18508,2
13201,18510,3
13201,18512,1
13201,18519,1
13201,18520,2
13201,18524,2
13201,18526,6
13201,18527,10.5
13201,18529,11
13201,18530,9
13201,18532,15
13201,18533,3
13201,18534,9
13201,18535,51.5
13201,18536,23
13201,18537,91
13201,18538,27.5
13201,18539,16.5
13201,18540,4
13201,18541,14
13201,18545,8
13201,18550,1
13201,18551,16
13201,18552,5
13201,18580,1
13201,18581,3
13201,18593,9
13201,18594,6
13202,18212,1
13202,18287,9
13202,18338,4
13202,18339,12
13202,18340,8
13202,18357,3
13202,18371,11
13202,18372,6
13202,18373,13
13202,18374,11
13202,18376,7
13202,18411,6
13202,18432,3
13202,18446,11
13202,18456,17.5
13202,18457,2
13202,18466,2
13202,18470,4
13202,18478,1
13202,18479,9
13202,18485,4
13202,18486,4
13202,18490,3
13202,18492,1
13202,18500,2
13202,18507,6
13202,18508,10
13202,18524,1
13202,18527,2
13202,18528,5
13202,18529,25
13202,18530,28.5
13202,18531,12
13202,18532,89.5
13202,18533,41.5
13202,18534,25
13202,18535,37
13202,18536,30
13202,18537,124
13202,18538,100
13202,18539,48.5
13202,18540,9.5
13202,18541,9
13202,18542,10
13202,18543,5
13202,18544,15
13202,18545,10
13202,18546,12
13202,18550,15
13202,18551,21
13202,18552,23
13202,18553,2
13202,18576,6
13202,18577,2
13202,18578,1
13203,18265,1
13203,18268,3
13203,18287,8
13203,18288,5
13203,18339,11
13203,18340,6
13203,18347,4
13203,18348,1
13203,18371,3
13203,18374,3
13203,18375,1
13203,18376,6
13203,18393,2
13203,18394,3.5
13203,18413,2
13203,18438,4
13203,18439,1
13203,18453,4
13203,18454,2
13203,18456,10
13203,18457,3
13203,18465,2
13203,18466,3
13203,18470,3
13203,18471,3
13203,18477,5
13203,18478,2
13203,18485,2
13203,18491,2
13203,18495,2
13203,18499,2
13203,18500,3
13203,18501,7
13203,18502,2
13203,18504,4
13203,18509,3
13203,18515,4
13203,18529,4
13203,18530,2
13203,18531,30
13203,18532,63
13203,18533,70
13203,18534,5
13203,18535,30
13203,18536,43.5
13203,18537,66
13203,18538,83.5
13203,18539,47
13203,18540,3
13203,18541,14
13203,18542,9
13203,18544,6
13203,18545,22
13203,18546,40.5
13203,18547,1
13203,18551,6
13203,18552,12
13203,18553,35
13203,18554,15.5
13203,18557,1
13203,18576,4
13203,18577,4
13203,18607,5
13204,18240,1
13204,18243,9
13204,18263,3
13204,18338,8
13204,18366,4
13204,18367,6
13204,18368,10
13204,18369,4
13204,18370,6
13204,18374,6
13204,18375,7
13204,18376,16
13204,18377,10
13204,18378,8
13204,18385,1
13204,18396,10
13204,18400,2
13204,18429,2
13204,18436,2
13204,18447,2
13204,18450,2
13204,18455,2
13204,18456,3
13204,18457,3
13204,18471,12
13204,18475,3
13204,18476,8
13204,18479,4
13204,18485,1
13204,18490,4
13204,18498,2
13204,18499,1
13204,18501,6
13204,18509,3
13204,18520,2
13204,18521,7
13204,18522,2
13204,18528,8
13204,18529,8
13204,18530,9
13204,18531,18
13204,18532,13
13204,18533,7
13204,18534,6
13204,18535,53
13204,18536,33
13204,18537,105
13204,18538,221.5
13204,18539,86.5
13204,18540,31
13204,18541,12
13204,18542,15
13204,18543,10
13204,18544,6.5
13204,18545,57.5
13204,18546,44
13204,18547,12
13204,18548,2
13204,18549,3
13204,18550,24.5
13204,18551,51.5
13204,18552,19
13204,18553,3
13204,18554,9
13204,18555,3
13204,18561,3
13204,18578,4
13204,18597,2
13204,18602,2
13204,18604,4
13205,18224,1
13205,18225,3
13205,18238,4
13205,18243,2
13205,18272,4
13205,18282,1
13205,18296,5
13205,18307,5
13205,18308,7
13205,18331,7
13205,18335,6
13205,18336,5
13205,18343,2
13205,18364,3
13205,18366,5
13205,18367,2
13205,18368,4
13205,18369,2
13205,18370,30
13205,18371,5
13205,18372,10
13205,18373,3
13205,18374,2
13205,18375,2
13205,18376,21
13205,18377,35
13205,18378,12.5
13205,18397,1
13205,18430,3
13205,18453,4
13205,18463,3
13205,18464,2
13205,18466,4
13205,18470,6
13205,18476,5
13205,18479,3
13205,18486,9
13205,18487,2
13205,18491,5
13205,18496,2
13205,18501,11
13205,18508,3
13205,18509,2
13205,18519,2
13205,18521,8
13205,18522,2
13205,18528,8
13205,18529,10
13205,18530,2
13205,18532,20
13205,18533,16
13205,18534,24.5
13205,18535,51
13205,18536,59
13205,18537,78.5
13205,18538,98
13205,18539,16
13205,18540,21.5
13205,18541,25
13205,18542,18
13205,18543,16
13205,18544,33
13205,18545,31
13205,18548,6
13205,18549,1
13205,18551,3
13205,18552,6
13205,18595,1
13205,18598,1
13205,18604,3
13206,18224,5
13206,18225,1
13206,18229,2
13206,18239,16
13206,18276,25
13206,18277,4
13206,18278,1
13206,18289,2
13206,18308,6
13206,18313,5
13206,18317,4
13206,18319,2
13206,18329,1
13206,18330,4
13206,18336,3
13206,18337,2.5
13206,18370,7
13206,18371,17
13206,18372,4
13206,18375,12
13206,18376,25.5
13206,18377,56
13206,18378,27
13206,18380,2
13206,18381,2
13206,18385,3
13206,18390,4
13206,18392,6.5
13206,18395,1
13206,18396,5
13206,18409,1
13206,18430,1
13206,18445,3
13206,18448,5
13206,18450,3
13206,18463,6
13206,18464,7
13206,18465,3
13206,18467,2
13206,18476,4
13206,18477,3
13206,18478,1
13206,18479,1
13206,18484,2
13206,18485,2
13206,18491,11.5
13206,18503,1
13206,18508,7
13206,18519,2
13206,18520,6
13206,18523,3
13206,18528,30
13206,18529,6
13206,18530,20
13206,18531,9
13206,18532,15
13206,18533,2
13206,18536,24.5
13206,18537,28
13206,18538,22
13206,18539,13
13206,18541,6
13206,18544,11
13206,18545,9
13206,18546,5
13206,18547,2
13206,18551,7.5
13206,18588,3
13206,18589,2
13206,18599,2
13206,18604,3
13207,18225,1
13207,18239,13
13207,18242,4
13207,18244,4
13207,18260,3
13207,18270,4
13207,18276,3
13207,18286,1
13207,18307,4
13207,18308,18
13207,18309,3
13207,18318,8
13207,18319,16.5
13207,18320,3
13207,18328,4
13207,18329,6
13207,18366,13
13207,18367,14
13207,18369,3
13207,18370,4
13207,18371,1
13207,18373,3
13207,18374,5
13207,18375,7
13207,18376,28.5
13207,18377,28
13207,18378,24
13207,18379,7
13207,18386,7
13207,18387,2
13207,18392,5
13207,18393,3
13207,18394,2
13207,18400,4
13207,18408,7
13207,18411,4
13207,18418,8
13207,18466,1
13207,18472,4
13207,18484,7
13207,18485,2
13207,18490,1
13207,18504,2
13207,18520,2
13207,18528,3
13207,18532,7
13207,18535,17
13207,18536,8
13207,18537,44
13207,18538,30
13207,18539,4
13207,18547,3
13207,18552,2
13207,18594,1
13208,18226,6
13208,18227,10
13208,18228,11
13208,18239,8
13208,18240,4
13208,18270,1
13208,18272,1
13208,18280,11
13208,18283,9
13208,18284,1
13208,18308,5
13208,18309,2
13208,18318,4
13208,18319,2
13208,18320,6
13208,18330,3
13208,18355,4
13208,18365,5
13208,18367,2
13208,18373,14
13208,18375,13
13208,18376,8
13208,18377,7
13208,18392,12.5
13208,18393,36
13208,18394,2
13208,18400,1
13208,18418,2
13208,18419,2
13208,18426,6
13208,18430,7
13208,18445,1
13208,18462,2
13208,18469,9
13208,18484,2
13208,18519,7
13208,18527,7
13208,18534,2
13208,18535,22
13208,18536,8
13208,18537,41.5
13208,18538,4
13208,18539,1
13208,18568,4
13208,18573,2
13208,18593,1
13209,18227,3
13209,18228,14
13209,18272,9
13209,18276,3
13209,18277,6
13209,18330,7
13209,18355,1
13209,18358,2
13209,18359,1
13209,18364,5
13209,18366,11
13209,18368,2
13209,18369,2
13209,18371,2
13209,18372,8
13209,18394,2
13209,18401,1
13209,18445,4
13209,18450,5
13209,18451,7
13209,18471,3
13209,18495,12.5
13209,18496,9
13209,18507,5
13209,18523,2
13209,18525,8
13209,18526,23
13209,18527,3
13209,18534,7
13209,18535,43
13209,18536,36.5
13209,18537,3
13209,18539,1
13209,18541,3
13209,18560,4
13209,18582,2
13209,18611,1
13210,18296,2
13210,18309,4
13210,18355,8
13210,18356,27
13210,18357,3
13210,18359,4
13210,18360,2
13210,18365,2
13210,18366,3
13210,18368,9
13210,18369,11
13210,18371,5.5
13210,18380,1
13210,18387,4
13210,18388,10
13210,18389,13
13210,18390,4
13210,18393,6
13210,18419,5
13210,18427,2
13210,18428,3
13210,18433,2
13210,18434,7
13210,18439,4
13210,18450,5
13210,18451,7
13210,18459,2
13210,18471,2
13210,18473,3
13210,18478,1
13210,18492,1
13210,18495,8
13210,18496,16
13210,18516,1
13210,18524,9
13210,18525,4
13210,18526,1
13210,18534,16
13210,18535,23
13210,18536,5
13210,18538,9
13210,18541,1
13210,18546,1
13210,18547,9
13210,18549,1
13210,18551,12
13210,18552,7
13210,18553,20
13210,18554,7
13210,18560,1
13210,18561,15.5
13210,18563,2
13210,18567,2
13210,18589,2
13211,18234,1
13211,18237,1
13211,18246,4
13211,18252,4
13211,18269,1
13211,18355,4
13211,18357,7
13211,18358,5.5
13211,18367,9
13211,18368,21
13211,18369,2
13211,18390,12
13211,18419,14
13211,18420,7
13211,18421,5
13211,18428,3
13211,18434,1
13211,18435,11
13211,18438,3
13211,18443,2
13211,18451,5
13211,18459,2
13211,18466,3
13211,18478,2
13211,18490,2
13211,18495,3
13211,18496,7
13211,18497,12
13211,18500,2
13211,18501,1
13211,18523,7
13211,18524,17
13211,18525,1
13211,18532,1
13211,18534,5
13211,18535,4
13211,18547,1
13211,18548,6
13211,18549,11
13211,18551,9
13211,18563,11
13211,18564,1
13211,18603,1
13212,18233,4
13212,18234,7
13212,18307,2
13212,18316,6
13212,18356,11
13212,18357,13
13212,18358,2
13212,18364,4
13212,18366,6
13212,18367,38.5
13212,18368,7
13212,18369,2
13212,18378,5
13212,18390,24.5
13212,18412,3
13212,18418,6
13212,18419,7
13212,18420,5
13212,18477,2
13212,18484,2
13212,18492,2
13212,18495,3
13212,18496,2
13212,18498,3
13212,18499,2
13212,18500,2
13212,18501,11
13212,18522,5
13212,18523,13
13212,18524,6
13212,18534,2
13212,18537,1
13212,18539,3
13212,18540,3
13212,18541,16.5
13212,18542,22
13212,18543,8
13212,18547,1
13212,18548,5
13212,18550,1
13212,18564,12
13212,18567,4
13212,18593,4
13213,18202,1
13213,18226,10
13213,18227,11
13213,18229,1
13213,18233,2
13213,18234,4
13213,18242,2
13213,18248,2
13213,18276,6
13213,18277,1
13213,18345,2
13213,18356,8
13213,18364,2
13213,18366,20
13213,18367,38
13213,18368,2
13213,18378,4
13213,18390,2
13213,18391,2
13213,18398,4
13213,18413,2
13213,18414,2
13213,18415,1
13213,18416,8
13213,18441,2
13213,18456,3
13213,18473,4
13213,18474,10
13213,18475,10
13213,18488,3
13213,18489,5
13213,18501,10
13213,18507,4
13213,18517,2
13213,18533,3
13213,18534,4
13213,18535,2
13213,18537,1
13213,18538,13.5
13213,18539,7
13213,18540,10
13213,18541,2
13213,18542,9
13213,18543,4
13213,18563,1
13213,18567,2
13213,18569,3
13213,18579,3
13214,18208,3
13214,18227,4
13214,18276,4
13214,18289,2
13214,18346,4
13214,18357,17
13214,18358,14
13214,18361,9
13214,18364,25
13214,18365,5
13214,18366,22.5
13214,18367,15
13214,18368,3
13214,18391,2
13214,18407,15
13214,18408,17
13214,18409,3
13214,18412,1
13214,18437,8
13214,18438,5
13214,18439,10
13214,18440,5
13214,18458,8.5
13214,18470,8
13214,18471,19
13214,18472,6
13214,18475,11
13214,18512,1
13214,18513,5
13214,18521,3
13214,18522,6
13214,18531,3
13214,18535,6
13214,18536,18
13214,18537,13
13214,18538,81.5
13214,18539,11
13214,18542,6
13214,18545,4.5
13214,18608,1
13215,18208,3
13215,18216,1
13215,18217,2
13215,18219,1
13215,18225,7
13215,18226,2
13215,18227,1
13215,18243,2
13215,18277,5
13215,18351,4
13215,18353,5
13215,18356,3
13215,18357,10
13215,18358,8
13215,18359,3
13215,18360,7
13215,18363,3
13215,18364,28
13215,18365,4
13215,18366,40.5
13215,18368,3
13215,18394,1
13215,18408,21
13215,18410,1
13215,18440,27.5
13215,18444,3
13215,18445,1
13215,18457,5
13215,18458,3
13215,18459,2
13215,18464,4
13215,18470,68
13215,18471,99
13215,18472,11
13215,18473,7
13215,18475,5
13215,18476,7
13215,18487,3
13215,18502,1
13215,18507,6
13215,18513,4
13215,18514,2
13215,18515,2
13215,18521,3
13215,18522,1
13215,18531,15
13215,18535,5
13215,18536,28
13215,18537,42.5
13215,18538,27.5
13215,18539,8.5
13215,18545,7
13215,18546,1
13215,18555,3
13215,18556,2
13215,18565,5
13215,18572,2
13215,18573,4
13215,18599,1
13215,18606,4
13215,18608,6
13216,18206,1
13216,18210,5
13216,18218,3
13216,18225,1
13216,18229,2
13216,18230,4
13216,18293,3
13216,18333,4
13216,18339,2
13216,18353,2
13216,18357,9
13216,18358,11
13216,18361,3
13216,18363,20
13216,18364,13
13216,18365,20
13216,18366,22
13216,18369,5
13216,18370,1
13216,18391,2
13216,18392,1
13216,18393,7
13216,18394,9
13216,18399,1
13216,18401,3
13216,18420,2
13216,18440,1
13216,18441,1
13216,18443,1
13216,18445,5
13216,18447,7
13216,18461,6
13216,18468,2
13216,18470,50.5
13216,18471,24
13216,18472,14
13216,18473,8
13216,18474,4
13216,18476,3
13216,18477,1
13216,18487,6
13216,18492,3
13216,18519,5
13216,18520,6
13216,18521,12
13216,18522,2
13216,18530,2
13216,18531,4
13216,18535,7
13216,18536,17.5
13216,18537,33
13216,18538,27
13216,18539,12
13216,18555,1
13216,18564,4
13216,18572,2
13216,18593,4
13216,18594,1
13216,18597,1
13216,18598,1
13217,18215,5
13217,18216,7
13217,18217,4
13217,18218,14
13217,18221,2
13217,18262,4
13217,18357,3
13217,18363,2
13217,18364,4
13217,18365,19
13217,18366,3
13217,18369,13
13217,18370,12
13217,18399,4
13217,18403,6
13217,18404,8
13217,18405,6
13217,18406,6
13217,18421,3
13217,18446,3.5
13217,18448,1
13217,18468,2
13217,18469,28
13217,18470,36.5
13217,18471,36
13217,18472,9
13217,18477,8
13217,18486,2
13217,18487,4
13217,18491,7
13217,18492,5
13217,18503,7
13217,18506,2
13217,18507,2
13217,18514,5
13217,18515,3
13217,18520,5
13217,18524,2
13217,18533,2
13217,18537,25
13217,18556,4
13217,18557,3
13217,18567,2
13217,18587,4
13217,18589,2
13217,18613,2
13218,18201,4
13218,18216,2
13218,18217,7
13218,18218,6
13218,18219,3
13218,18220,2
13218,18341,3
13218,18343,2
13218,18347,1
13218,18354,5
13218,18357,21
13218,18358,16
13218,18362,1
13218,18365,61
13218,18366,1
13218,18369,13
13218,18370,11
13218,18381,5
13218,18404,4
13218,18405,3.5
13218,18406,4
13218,18408,2
13218,18451,5
13218,18456,2
13218,18468,5
13218,18469,1
13218,18470,76
13218,18471,44
13218,18472,20
13218,18473,5
13218,18487,10
13218,18488,1
13218,18507,12
13218,18508,17
13218,18512,1
13218,18513,13
13218,18524,11
13218,18528,4
13218,18529,3
13218,18530,17.5
13218,18557,3
13218,18565,3
13218,18566,3
13218,18588,3
13218,18597,2
13218,18614,1
13219,18217,11
13219,18218,3
13219,18219,3
13219,18220,4
13219,18221,3
13219,18222,1
13219,18224,3
13219,18225,1
13219,18302,2
13219,18339,2
13219,18354,6
13219,18355,6
13219,18357,8
13219,18358,6
13219,18360,18
13219,18361,9
13219,18364,5
13219,18365,126.5
13219,18366,101
13219,18369,10
13219,18370,22.5
13219,18378,1
13219,18379,1
13219,18380,2
13219,18381,3
13219,18382,1
13219,18386,4
13219,18405,1
13219,18418,3
13219,18441,4
13219,18451,16
13219,18455,4
13219,18456,1
13219,18462,3
13219,18468,6
13219,18469,34.5
13219,18470,56
13219,18471,41
13219,18472,30
13219,18473,4
13219,18476,3
13219,18477,1
13219,18494,4
13219,18495,3
13219,18498,3
13219,18504,3
13219,18505,3
13219,18506,1
13219,18507,3
13219,18508,2
13219,18509,9
13219,18510,2
13219,18511,1
13219,18513,2
13219,18523,2
13219,18529,1
13219,18557,4
13219,18559,4
13219,18565,2
13219,18601,2
13220,18182,2
13220,18215,9
13220,18216,2
13220,18217,3
13220,18218,9.5
13220,18219,30
13220,18220,3
13220,18224,2
13220,18225,1
13220,18228,3
13220,18354,11
13220,18356,4
13220,18357,7
13220,18358,7
13220,18359,7.5
13220,18360,102
13220,18361,62
13220,18364,71.5
13220,18365,37
13220,18366,6
13220,18367,18
13220,18368,22
13220,18369,28
13220,18370,18
13220,18371,1
13220,18372,1
13220,18376,2
13220,18377,8
13220,18409,8
13220,18419,5
13220,18437,1
13220,18441,5
13220,18454,5
13220,18456,3
13220,18460,2
13220,18461,13
13220,18462,2
13220,18463,9
13220,18465,3
13220,18466,11
13220,18467,10
13220,18468,23
13220,18469,51
13220,18470,28
13220,18471,3
13220,18472,3
13220,18473,3
13220,18474,3
13220,18475,7
13220,18477,6.5
13220,18478,11
13220,18496,2
13220,18499,1
13220,18501,4
13220,18507,1
13220,18508,5
13220,18511,2
13220,18512,7
13220,18513,2
13220,18531,2
13220,18535,3
13220,18557,2
13220,18558,12
13220,18561,2
13220,18565,4
13220,18566,3
13220,18575,3
13220,18580,1
13220,18581,4
13220,18582,7
13220,18596,2
13220,18610,2
13221,18182,2
13221,18183,3
13221,18188,2
13221,18216,2
13221,18217,14
13221,18218,22
13221,18219,19
13221,18229,1
13221,18247,4
13221,18320,1
13221,18357,6
13221,18358,15
13221,18360,65.5
13221,18361,17
13221,18363,2
13221,18364,61
13221,18365,13
13221,18366,27
13221,18367,21
13221,18368,5
13221,18369,15
13221,18370,19
13221,18371,22
13221,18372,45
13221,18373,4
13221,18377,17
13221,18378,4
13221,18410,11
13221,18454,5
13221,18455,2
13221,18456,1
13221,18459,6
13221,18460,4
13221,18461,9
13221,18462,14
13221,18465,5
13221,18466,10
13221,18467,20
13221,18468,16
13221,18469,20
13221,18470,14
13221,18471,24
13221,18472,4
13221,18473,2
13221,18474,2
13221,18485,2
13221,18497,3
13221,18512,2
13221,18518,4
13221,18519,13
13221,18547,2
13221,18548,12
13221,18558,9
13221,18562,1
13221,18563,3
13221,18565,1
13221,18566,2
13221,18601,3
13221,18608,2
13221,18609,2
13221,18610,1
13222,18182,2
13222,18183,2
13222,18184,2
13222,18185,1
13222,18186,3
13222,18190,2
13222,18217,1
13222,18219,19
13222,18220,66.5
13222,18298,3
13222,18354,1
13222,18355,8
13222,18356,17
13222,18357,25
13222,18358,12
13222,18359,25
13222,18360,39
13222,18361,2
13222,18363,23.5
13222,18364,14
13222,18365,19
13222,18366,33
13222,18367,1
13222,18369,18
13222,18370,19
13222,18371,20
13222,18372,11
13222,18373,24
13222,18374,30
13222,18375,23
13222,18378,5
13222,18379,2
13222,18410,2
13222,18424,4
13222,18430,4
13222,18434,5
13222,18456,3
13222,18463,3
13222,18464,2
13222,18465,4
13222,18467,10
13222,18468,14
13222,18469,30
13222,18470,4
13222,18471,20
13222,18479,2
13222,18485,6
13222,18492,2
13222,18500,4
13222,18519,1
13222,18530,4
13222,18531,4
13222,18534,2
13222,18547,3
13222,18548,6
13222,18558,3
13222,18563,6
13222,18574,4
13222,18598,1
13222,18599,7
13222,18602,3
13222,18606,5
13223,18177,3
13223,18182,2
13223,18183,3
13223,18210,4
13223,18218,5
13223,18219,22
13223,18220,80
13223,18221,23
13223,18222,1
13223,18268,5
13223,18304,5
13223,18305,7
13223,18333,2
13223,18351,7
13223,18352,11
13223,18356,25
13223,18357,33
13223,18358,10
13223,18359,26
13223,18360,9
13223,18362,38
13223,18363,27
13223,18364,38
13223,18365,50
13223,18366,2
13223,18368,2
13223,18369,8
13223,18370,14
13223,18371,15
13223,18372,29
13223,18373,10
13223,18374,27.5
13223,18375,10
13223,18385,2
13223,18411,6
13223,18412,1
13223,18413,6
13223,18424,4
13223,18430,1
13223,18436,1
13223,18437,5
13223,18463,2
13223,18464,10
13223,18465,32
13223,18468,4
13223,18469,4
13223,18479,5.5
13223,18492,9
13223,18493,5
13223,18505,10
13223,18525,2
13223,18526,5
13223,18529,1
13223,18530,3
13223,18532,3
13223,18547,9
13223,18548,21
13223,18549,11
13223,18559,3
13223,18573,6
13223,18596,3
13223,18597,2
13223,18598,12
13223,18599,20
13223,18600,6
13223,18603,2
13223,18606,3
13224,18181,2
13224,18182,1
13224,18187,1
13224,18209,2
13224,18215,2
13224,18216,2
13224,18218,12
13224,18219,8
13224,18220,26
13224,18221,16
13224,18222,12
13224,18223,11
13224,18237,13
13224,18345,7
13224,18350,31
13224,18351,19
13224,18352,1
13224,18357,48.5
13224,18358,45
13224,18359,7
13224,18360,7
13224,18361,6
13224,18362,79
13224,18363,22
13224,18364,6
13224,18365,12
13224,18366,5
13224,18372,13
13224,18373,2
13224,18413,1
13224,18416,2
13224,18437,3
13224,18438,6
13224,18439,2
13224,18466,9
13224,18467,4
13224,18468,3
13224,18469,1
13224,18475,1
13224,18479,2
13224,18492,5
13224,18493,1
13224,18507,1
13224,18510,3
13224,18525,9
13224,18526,6
13224,18548,8
13224,18549,19
13224,18550,2
13224,18572,2
13224,18579,5
13224,18597,2
13224,18598,8
13224,18599,4
13224,18600,6
13224,18606,2
13224,18607,2
13224,18608,1
13224,18617,1
13225,18183,1
13225,18189,12
13225,18190,6
13225,18209,17
13225,18210,6
13225,18211,4
13225,18216,2
13225,18217,10
13225,18218,2
13225,18219,2
13225,18220,22
13225,18221,53
13225,18222,5
13225,18223,13
13225,18231,4
13225,18269,2
13225,18350,6
13225,18351,32.5
13225,18352,2
13225,18353,8
13225,18356,4
13225,18357,19
13225,18358,115
13225,18359,50
13225,18360,56
13225,18361,54
13225,18362,36
13225,18363,2
13225,18364,8
13225,18365,8
13225,18366,3
13225,18371,7
13225,18372,25
13225,18414,6
13225,18415,9
13225,18416,6
13225,18426,1
13225,18437,5
13225,18439,3
13225,18459,5
13225,18466,6
13225,18468,11
13225,18469,8
13225,18470,11
13225,18475,3
13225,18491,1
13225,18492,8
13225,18506,9
13225,18507,2
13225,18509,4
13225,18525,3
13225,18528,2
13225,18531,2
13225,18548,2
13225,18549,13
13225,18550,17
13225,18592,3
13225,18595,2
13225,18596,1
13225,18597,5
13225,18609,6
13225,18610,3
13225,18611,3
13225,18612,6
13225,18617,2
13226,18190,2
13226,18195,1.5
13226,18206,2
13226,18209,6
13226,18214,1
13226,18217,7
13226,18218,6
13226,18219,3
13226,18220,3
13226,18221,15
13226,18222,2
13226,18223,1
13226,18353,35
13226,18354,5
13226,18355,25
13226,18356,12
13226,18357,16
13226,18358,81
13226,18359,100
13226,18360,69.5
13226,18361,64
13226,18362,19
13226,18363,63.5
13226,18364,63
13226,18367,2
13226,18370,2
13226,18371,9.5
13226,18372,6
13226,18415,8
13226,18416,4
13226,18425,19
13226,18426,1
13226,18437,1
13226,18445,4.5
13226,18446,1
13226,18449,1
13226,18464,3
13226,18470,1
13226,18471,6
13226,18478,3
13226,18490,2
13226,18491,7
13226,18509,1
13226,18515,2
13226,18519,2
13226,18529,4
13226,18531,7
13226,18535,4
13226,18549,22
13226,18550,5
13226,18593,2
13226,18595,1
13226,18609,2
13226,18611,11
13227,18191,2
13227,18203,1
13227,18210,2
13227,18218,4
13227,18219,18
13227,18220,12
13227,18224,2
13227,18235,3
13227,18311,4
13227,18353,2
13227,18354,5
13227,18355,11
13227,18356,7
13227,18357,22
13227,18358,117.5
13227,18359,69.5
13227,18360,118
13227,18361,38.5
13227,18362,37
13227,18363,76
13227,18364,189.5
13227,18365,22
13227,18367,1
13227,18370,8
13227,18371,6
13227,18381,2
13227,18389,3
13227,18403,2
13227,18404,5
13227,18405,8
13227,18416,2
13227,18418,9
13227,18425,4
13227,18426,12.5
13227,18427,1
13227,18444,2
13227,18445,4
13227,18447,3
13227,18449,2
13227,18456,2
13227,18457,5
13227,18458,3
13227,18463,3
13227,18464,4
13227,18490,7
13227,18505,1
13227,18507,4
13227,18520,6
13227,18521,3
13227,18527,2
13227,18528,4
13227,18529,2
13227,18535,5
13227,18537,6
13227,18538,2
13227,18548,2
13227,18549,21.5
13227,18551,4
13227,18590,6
13227,18591,4
13227,18593,2
13227,18603,3
13228,18175,2
13228,18181,7
13228,18182,2
13228,18196,1
13228,18197,2
13228,18202,4
13228,18203,2
13228,18209,3
13228,18210,17
13228,18214,15
13228,18215,1
13228,18218,1
13228,18219,13.5
13228,18222,2
13228,18351,3
13228,18356,1
13228,18357,46.5
13228,18358,92.5
13228,18359,54
13228,18360,79.5
13228,18361,17
13228,18362,65
13228,18363,81
13228,18364,235.5
13228,18365,58
13228,18370,1
13228,18371,1
13228,18418,4.5
13228,18419,1
13228,18426,2
13228,18434,6.5
13228,18449,3
13228,18450,1
13228,18453,2
13228,18455,3
13228,18462,1
13228,18503,4
13228,18505,3
13228,18506,5
13228,18507,1
13228,18508,3
13228,18515,2
13228,18519,3
13228,18529,12
13228,18534,2
13228,18535,10
13228,18537,9
13228,18549,4
13228,18550,7
13228,18553,3
13228,18561,1
13228,18569,5
13228,18570,7
13228,18581,2
13228,18582,1
13228,18590,7
13228,18605,2
13228,18606,2
13228,18612,6
13229,18181,1
13229,18185,1
13229,18190,9
13229,18198,1
13229,18203,6
13229,18204,2
13229,18207,4
13229,18210,4
13229,18214,7
13229,18216,5
13229,18221,2
13229,18222,2
13229,18270,4
13229,18311,1
13229,18312,2
13229,18319,2
13229,18341,2
13229,18342,2
13229,18343,4
13229,18345,3
13229,18353,2
13229,18355,4
13229,18356,13
13229,18357,33.5
13229,18358,63.5
13229,18359,59.5
13229,18360,18
13229,18361,42.5
13229,18362,56
13229,18363,111
13229,18364,40
13229,18379,2
13229,18391,2
13229,18392,2
13229,18402,2
13229,18420,6
13229,18433,1.5
13229,18434,13
13229,18435,2
13229,18450,1
13229,18451,2
13229,18479,2
13229,18484,13
13229,18485,1
13229,18492,2
13229,18503,1
13229,18504,1
13229,18506,10
13229,18514,6
13229,18515,5
13229,18522,1
13229,18527,5
13229,18534,2
13229,18535,6
13229,18537,5.5
13229,18540,4
13229,18542,1
13229,18549,3
13229,18561,2
13229,18563,5
13229,18570,3
13229,18572,3
13229,18573,31.5
13229,18581,2
13229,18589,6
13229,18590,5
13229,18595,1
13229,18606,7
13229,18614,1
13230,18186,2
13230,18190,6
13230,18191,3
13230,18193,2
13230,18204,4
13230,18214,1
13230,18217,1
13230,18218,3
13230,18221,8
13230,18285,3
13230,18319,2
13230,18320,2
13230,18338,4
13230,18342,4
13230,18343,2
13230,18344,4
13230,18354,43.5
13230,18355,16
13230,18356,3
13230,18357,20
13230,18358,58
13230,18359,38
13230,18360,57.5
13230,18361,42.5
13230,18362,40.5
13230,18363,45
13230,18364,9
13230,18389,2
13230,18431,1
13230,18432,5
13230,18433,3
13230,18434,2
13230,18450,3
13230,18464,3
13230,18471,2
13230,18472,7
13230,18473,8
13230,18474,1
13230,18478,1
13230,18479,1
13230,18484,2
13230,18488,1
13230,18489,9
13230,18491,7
13230,18495,3
13230,18504,9
13230,18505,3
13230,18514,4
13230,18515,3
13230,18526,11
13230,18537,5
13230,18540,2
13230,18559,3
13230,18570,3
13230,18571,8
13230,18572,14
13230,18573,5
13230,18581,1
13230,18590,6
13230,18592,4
13230,18597,3
13230,18606,2
13230,18607,1
13230,18611,3
13230,18612,3
13231,18188,7
13231,18189,1
13231,18190,1
13231,18213,2
13231,18217,15
13231,18282,10
13231,18284,4
13231,18285,4
13231,18286,1
13231,18319,4
13231,18341,7
13231,18345,6
13231,18354,3
13231,18355,10
13231,18356,24
13231,18357,113
13231,18358,39.5
13231,18359,31.5
13231,18360,11
13231,18362,38
13231,18363,20
13231,18364,7
13231,18365,4
13231,18389,12
13231,18390,4
13231,18404,4
13231,18407,2
13231,18421,3
13231,18422,1
13231,18430,2
13231,18472,2
13231,18477,5
13231,18479,2
13231,18490,5
13231,18491,2
13231,18499,1
13231,18503,1
13231,18516,2
13231,18520,1
13231,18537,7
13231,18540,4
13231,18568,1
13231,18569,9
13231,18570,20
13231,18571,40
13231,18572,49
13231,18573,10
13231,18576,1
13231,18589,2
13231,18590,1
13231,18597,2
13232,18174,4
13232,18188,9
13232,18189,10
13232,18197,1
13232,18205,2
13232,18206,3
13232,18220,1
13232,18284,1
13232,18285,3
13232,18329,1
13232,18354,13.5
13232,18355,19
13232,18356,25
13232,18357,44
13232,18358,10
13232,18360,9
13232,18361,22
13232,18362,9
13232,18363,14
13232,18364,3
13232,18377,2
13232,18389,3
13232,18404,2
13232,18410,6
13232,18413,1
13232,18441,3
13232,18472,4
13232,18478,2
13232,18496,3
13232,18499,5
13232,18500,1
13232,18511,5
13232,18514,3
13232,18515,2
13232,18532,1
13232,18533,5
13232,18542,2
13232,18547,1
13232,18560,1
13232,18569,6
13232,18590,2
13232,18597,1
13232,18603,1
13233,18173,4
13233,18175,6
13233,18186,3
13233,18187,16
13233,18188,18
13233,18189,2
13233,18202,3
13233,18229,3
13233,18243,2
13233,18314,5
13233,18315,3
13233,18316,10
13233,18317,2
13233,18329,2
13233,18353,4
13233,18354,26
13233,18355,5
13233,18356,5
13233,18357,6
13233,18358,10
13233,18360,5
13233,18361,23
13233,18362,4
13233,18363,12
13233,18364,10.5
13233,18373,3
13233,18399,4
13233,18410,3
13233,18431,3
13233,18432,1
13233,18441,12
13233,18455,2
13233,18504,2
13233,18511,4
13233,18515,2
13233,18523,1
13233,18524,6
13233,18525,5
13233,18526,9
13233,18532,3.5
13233,18533,3
13233,18588,1
13233,18591,3
13233,18597,3
13234,18173,10
13234,18174,2
13234,18176,7
13234,18177,2
13234,18187,7
13234,18188,3
13234,18191,2
13234,18198,1
13234,18201,5
13234,18202,3
13234,18206,1
13234,18221,5
13234,18226,2
13234,18228,2
13234,18246,2
13234,18297,3
13234,18315,1
13234,18316,12
13234,18317,23
13234,18327,4
13234,18353,6
13234,18356,43
13234,18357,33
13234,18358,66.5
13234,18359,81
13234,18360,34
13234,18361,6
13234,18362,2
13234,18390,6
13234,18391,4
13234,18392,1
13234,18400,1
13234,18411,4
13234,18421,4
13234,18422,1
13234,18423,2
13234,18425,2
13234,18426,4
13234,18442,4
13234,18456,6
13234,18462,2
13234,18476,7
13234,18496,2
13234,18497,1
13234,18498,7
13234,18499,10.5
13234,18523,3
13234,18526,1
13234,18531,6
13234,18532,9
13234,18543,1
13234,18544,5
13234,18562,1
13234,18586,2
13234,18592,1
13234,18596,1
13234,18613,7
13235,18180,1
13235,18181,3
13235,18200,2
13235,18206,2
13235,18207,8
13235,18229,1
13235,18317,18
13235,18318,2
13235,18355,16.5
13235,18356,75
13235,18357,36
13235,18358,109.5
13235,18359,43.5
13235,18360,33
13235,18361,52
13235,18362,4
13235,18383,5
13235,18385,5
13235,18419,4
13235,18424,4.5
13235,18425,33
13235,18426,20
13235,18427,10.5
13235,18456,3
13235,18476,1
13235,18487,1
13235,18488,17
13235,18489,11
13235,18494,2
13235,18516,2
13235,18521,1
13235,18522,4
13235,18529,2
13235,18530,11
13235,18531,18
13235,18534,3
13235,18535,1.5
13235,18536,4
13235,18539,3
13235,18556,1
13235,18558,4
13235,18563,1
13235,18576,5
13235,18580,2
13235,18588,5
13235,18595,1
13235,18596,4
13235,18597,6
13235,18598,2
13235,18606,6
13235,18609,2
13236,18186,3
13236,18192,4
13236,18206,2
13236,18316,5
13236,18317,2
13236,18352,6
13236,18354,2
13236,18355,11
13236,18356,18
13236,18357,43
13236,18358,36
13236,18359,16
13236,18360,19
13236,18362,2
13236,18363,5
13236,18392,16
13236,18393,2
13236,18425,6
13236,18426,42
13236,18427,22
13236,18432,5
13236,18468,3
13236,18475,2
13236,18476,1
13236,18487,11
13236,18488,22
13236,18489,23
13236,18509,3
13236,18516,3
13236,18521,2.5
13236,18527,5
13236,18529,13
13236,18530,36.5
13236,18531,24
13236,18537,2
13236,18538,2
13236,18545,2
13236,18547,2
13236,18557,1
13236,18562,3
13236,18571,2
13236,18579,2
13236,18580,4
13236,18581,2
13236,18582,3
13236,18591,4
13236,18594,3
13236,18596,4
13236,18597,12
13236,18609,1
13237,18180,3
13237,18191,5
13237,18192,2
13237,18196,1
13237,18199,1
13237,18201,1
13237,18254,1
13237,18315,8
13237,18351,5
13237,18352,12
13237,18354,2
13237,18356,2
13237,18357,30
13237,18358,10
13237,18359,3.5
13237,18360,2
13237,18392,1
13237,18393,7
13237,18402,2
13237,18427,1
13237,18428,4
13237,18429,1
13237,18432,5
13237,18448,1
13237,18457,2
13237,18460,2
13237,18466,7
13237,18471,4
13237,18475,1
13237,18485,4
13237,18486,3
13237,18487,25
13237,18488,8.5
13237,18489,24
13237,18502,1
13237,18508,7.5
13237,18509,13
13237,18529,4
13237,18530,2
13237,18531,5
13237,18538,2
13237,18544,1
13237,18571,3
13237,18579,7
13237,18580,10.5
13237,18588,2
13237,18593,4
13237,18595,1
13238,18178,5.5
13238,18179,6
13238,18190,3
13238,18195,21
13238,18196,11
13238,18199,2
13238,18220,1
13238,18223,1
13238,18224,6
13238,18308,1
13238,18350,4
13238,18351,2
13238,18352,6
13238,18357,2
13238,18367,5
13238,18400,1
13238,18402,3
13238,18406,7
13238,18428,3
13238,18430,4
13238,18448,1
13238,18463,1
13238,18471,2
13238,18472,3
13238,18486,4
13238,18487,9
13238,18496,4
13238,18504,2
13238,18508,10
13238,18509,5
13238,18517,1
13238,18550,1.5
13238,18572,9
13238,18573,2
13238,18588,5
13238,18592,1
13238,18597,2
13239,18178,5
13239,18179,4
13239,18186,2
13239,18189,2
13239,18194,10
13239,18195,25.5
13239,18196,4
13239,18223,3
13239,18237,2
13239,18350,7
13239,18353,11
13239,18367,2
13239,18377,4
13239,18392,1
13239,18394,7
13239,18395,6
13239,18403,2
13239,18404,4
13239,18405,19
13239,18406,58
13239,18445,2
13239,18465,4
13239,18466,3
13239,18470,6
13239,18471,4
13239,18472,1
13239,18473,2
13239,18483,6
13239,18484,4
13239,18486,4
13239,18487,3
13239,18496,6
13239,18497,7
13239,18504,3
13239,18511,4
13239,18517,2
13239,18523,4
13239,18526,3
13239,18537,2
13239,18538,2
13239,18539,1
13239,18540,2
13239,18541,1
13239,18543,3
13239,18544,7
13239,18545,4
13239,18546,4.5
13239,18548,2
13239,18552,2
13239,18556,9
13239,18573,2
13239,18587,2
13239,18588,1
13239,18598,1
13240,18161,2
13240,18180,2
13240,18186,1
13240,18192,4
13240,18193,8
13240,18194,4
13240,18195,1
13240,18281,9
13240,18350,1
13240,18377,10
13240,18394,3
13240,18395,7
13240,18396,1
13240,18398,6
13240,18399,3
13240,18400,2
13240,18401,6
13240,18403,12
13240,18404,24.5
13240,18405,9
13240,18420,7
13240,18425,2
13240,18426,1
13240,18432,10.5
13240,18444,2
13240,18467,2
13240,18473,4
13240,18474,2
13240,18482,1
13240,18483,4
13240,18485,2
13240,18486,6
13240,18489,1
13240,18496,4
13240,18497,3.5
13240,18513,4
13240,18524,2
13240,18526,4
13240,18527,3
13240,18528,6
13240,18536,1
13240,18537,35
13240,18538,17
13240,18539,2
13240,18541,3
13240,18542,16
13240,18554,2
13240,18572,2
13240,18573,2
13240,18585,1
13240,18586,1
13241,18169,3
13241,18192,14
13241,18193,2.5
13241,18248,2
13241,18347,4
13241,18348,3
13241,18349,1
13241,18350,10
13241,18351,6
13241,18394,1.5
13241,18395,4
13241,18397,2
13241,18398,5
13241,18399,1
13241,18400,1
13241,18402,22
13241,18403,38
13241,18404,8
13241,18426,7
13241,18431,1
13241,18451,3
13241,18452,9
13241,18455,2
13241,18473,2
13241,18475,8
13241,18484,4
13241,18496,2
13241,18497,7
13241,18508,3.5
13241,18519,1
13241,18527,1
13241,18537,19.5
13241,18538,15
13241,18541,9
13241,18542,5
13241,18548,2
13241,18559,1
13241,18571,2
13241,18573,7
13241,18579,3
13242,18155,1
13242,18156,13.5
13242,18180,4
13242,18192,8
13242,18193,10
13242,18248,4
13242,18279,2
13242,18280,3
13242,18346,8
13242,18347,21
13242,18348,23.5
13242,18349,13
13242,18350,9
13242,18404,3
13242,18405,4
13242,18406,2
13242,18415,1
13242,18424,9
13242,18452,1
13242,18453,5
13242,18473,9
13242,18475,2
13242,18477,1
13242,18483,2
13242,18484,4
13242,18485,1
13242,18495,1
13242,18496,5
13242,18497,18
13242,18498,8
13242,18508,9
13242,18527,1
13242,18529,5
13242,18537,29
13242,18538,2
13242,18539,7
13242,18540,7
13242,18541,14
13242,18542,5
13242,18545,4
13242,18546,4
13242,18547,2
13242,18548,17
13242,18549,6
13242,18550,7
13242,18557,4
13242,18561,3
13242,18571,9
13242,18572,4
13242,18573,2
13242,18585,4
13242,18587,3
13243,18156,7
13243,18249,1
13243,18279,2
13243,18283,2
13243,18319,2
13243,18334,1
13243,18345,2
13243,18348,9.5
13243,18349,3
13243,18350,2
13243,18403,1
13243,18404,6
13243,18407,4
13243,18416,2
13243,18467,10
13243,18473,2
13243,18477,3
13243,18478,6
13243,18479,10
13243,18483,4
13243,18484,1
13243,18496,8
13243,18497,3
13243,18498,14
13243,18502,2
13243,18507,4
13243,18508,22
13243,18509,20
13243,18510,4
13243,18514,4
13243,18527,2
13243,18528,4
13243,18533,2
13243,18537,19.5
13243,18538,2
13243,18539,4
13243,18540,7
13243,18541,2
13243,18546,3
13243,18547,4
13243,18549,20
13243,18550,30
13243,18551,17
13243,18552,11
13243,18553,5
13243,18554,11
13243,18555,2
13243,18556,7
13243,18557,2
13243,18558,1
13243,18559,2
13243,18561,5
13243,18565,2
13243,18566,4
13243,18570,7
13243,18571,9
13243,18587,6
13244,18151,4
13244,18245,3
13244,18248,5.5
13244,18279,2
13244,18280,3
13244,18316,2
13244,18345,10
13244,18353,5
13244,18364,2
13244,18403,9
13244,18409,9
13244,18451,4
13244,18452,1
13244,18453,1
13244,18471,2
13244,18479,2
13244,18483,2
13244,18484,3
13244,18491,1
13244,18496,2
13244,18508,15.5
13244,18509,44
13244,18510,5
13244,18511,5
13244,18514,3
13244,18515,3
13244,18519,3
13244,18532,1
13244,18536,1
13244,18537,5
13244,18541,4
13244,18546,5
13244,18547,2
13244,18548,6
13244,18549,2
13244,18550,17
13244,18551,9
13244,18552,10
13244,18553,10
13244,18554,16
13244,18565,2
13244,18570,10
13244,18571,34
13244,18574,2
13244,18575,7
13244,18576,1
13244,18577,2
13244,18587,3
13244,18588,7
13245,18210,4
13245,18234,5
13245,18245,5
13245,18277,6
13245,18278,6
13245,18279,14
13245,18344,9
13245,18345,7
13245,18356,2
13245,18362,2
13245,18403,1
13245,18451,10
13245,18471,1
13245,18481,5
13245,18482,3
13245,18483,5
13245,18496,4
13245,18497,4
13245,18498,2
13245,18499,6
13245,18507,1
13245,18508,26
13245,18509,3
13245,18511,11
13245,18519,2
13245,18520,1
13245,18529,1
13245,18537,5
13245,18538,7
13245,18539,8
13245,18541,1
13245,18542,4
13245,18550,4
13245,18552,15
13245,18553,8.5
13245,18571,1
13245,18577,5
13245,18588,2
13245,18600,2
13246,18174,5
13246,18178,5
13246,18228,4
13246,18278,12
13246,18279,2
13246,18300,2
13246,18332,4
13246,18344,24.5
13246,18345,3
13246,18354,10
13246,18356,8
13246,18369,6
13246,18374,2
13246,18421,2
13246,18430,2
13246,18433,1
13246,18448,11
13246,18449,2
13246,18450,3
13246,18451,12
13246,18471,8
13246,18481,8
13246,18497,1
13246,18499,8
13246,18503,4
13246,18508,9
13246,18509,15.5
13246,18514,3
13246,18515,12
13246,18519,10.5
13246,18521,1
13246,18526,1
13246,18529,1
13246,18540,4
13246,18541,5
13246,18542,1
13246,18560,4
13246,18582,1
13246,18584,1
13246,18598,2
13246,18600,6
13247,18216,2
13247,18299,4
13247,18300,1
13247,18301,4
13247,18307,2
13247,18327,5
13247,18342,4
13247,18344,3
13247,18345,8
13247,18352,7
13247,18353,13
13247,18354,48
13247,18355,20
13247,18356,17
13247,18357,5
13247,18358,1
13247,18413,4
13247,18417,9
13247,18419,1
13247,18420,24
13247,18421,11
13247,18422,4
13247,18447,5
13247,18448,16
13247,18449,3
13247,18450,6
13247,18451,2
13247,18470,4
13247,18471,3
13247,18481,1
13247,18482,4
13247,18499,10
13247,18500,5
13247,18501,4
13247,18508,2
13247,18509,7
13247,18510,1
13247,18515,3
13247,18528,2
13247,18529,6
13247,18544,4
13247,18549,1
13247,18550,3
13247,18562,3.5
13248,18153,2
13248,18246,1
13248,18325,1
13248,18343,2
13248,18349,7
13248,18350,8
13248,18351,6
13248,18352,3
13248,18353,9
13248,18357,1
13248,18380,10
13248,18401,2
13248,18405,4
13248,18415,10
13248,18416,4
13248,18421,3
13248,18422,1
13248,18447,4
13248,18448,5
13248,18450,7
13248,18458,4
13248,18470,2
13248,18471,9
13248,18472,2
13248,18482,8
13248,18483,5
13248,18497,4
13248,18498,2
13248,18500,2
13248,18501,27
13248,18507,8
13248,18510,3
13248,18523,2
13248,18529,2
13248,18531,2
13248,18544,2
13248,18550,7
13248,18551,2
13248,18556,2
13248,18559,2
13248,18580,4
13248,18582,6
13248,18597,2
13249,18174,10.5
13249,18183,4
13249,18191,15
13249,18192,19.5
13249,18193,2
13249,18194,6
13249,18216,4
13249,18243,1
13249,18247,2
13249,18274,6
13249,18289,3
13249,18325,5
13249,18336,4
13249,18338,3
13249,18346,10
13249,18347,39.5
13249,18348,9
13249,18349,17
13249,18350,121.5
13249,18351,46
13249,18352,4
13249,18358,2
13249,18375,1
13249,18381,1
13249,18386,2
13249,18387,7
13249,18388,4
13249,18406,6
13249,18412,10
13249,18414,7
13249,18439,1
13249,18445,3
13249,18446,4
13249,18447,3
13249,18471,1
13249,18472,4
13249,18482,9
13249,18483,16
13249,18498,20
13249,18501,16
13249,18502,13
13249,18511,2
13249,18512,2
13249,18531,3
13249,18546,5
13249,18552,2
13249,18556,5
13249,18559,4
13249,18567,3
13249,18578,2
13249,18579,1
13249,18580,2
13249,18591,5
13249,18596,6
13250,18162,1
13250,18164,10
13250,18174,1
13250,18175,13
13250,18184,3
13250,18185,7
13250,18191,15
13250,18192,19
13250,18193,10
13250,18194,5
13250,18243,12
13250,18277,2
13250,18278,3
13250,18288,2
13250,18290,2
13250,18325,5
13250,18326,4
13250,18346,12
13250,18347,47
13250,18348,33
13250,18349,16
13250,18350,58.5
13250,18358,2
13250,18378,1
13250,18389,4
13250,18397,3
13250,18406,4
13250,18408,1
13250,18411,4
13250,18412,6
13250,18436,2
13250,18439,4
13250,18447,8
13250,18448,5
13250,18450,5
13250,18482,10
13250,18483,3
13250,18491,4
13250,18499,7
13250,18500,3
13250,18501,32
13250,18502,21
13250,18532,3
13250,18545,1
13250,18546,1
13250,18551,1
13250,18552,2
13250,18565,2
13250,18573,4
13250,18591,3
13250,18592,1
13250,18593,7
13250,18594,10
13250,18595,5
13250,18599,2
13251,18152,2
13251,18153,2
13251,18160,4
13251,18162,4
13251,18163,4
13251,18168,1
13251,18169,5
13251,18174,2
13251,18184,7
13251,18185,15
13251,18242,2
13251,18271,1
13251,18276,30
13251,18277,15
13251,18291,2
13251,18312,1
13251,18314,2
13251,18316,5
13251,18326,15
13251,18338,14
13251,18339,2
13251,18345,1
13251,18346,5
13251,18347,38
13251,18348,29
13251,18351,4
13251,18358,2
13251,18364,1
13251,18408,1
13251,18410,5.5
13251,18424,1
13251,18432,6
13251,18441,2
13251,18448,8
13251,18487,7
13251,18488,3
13251,18489,5.5
13251,18491,5
13251,18493,1
13251,18496,4
13251,18497,2
13251,18499,24
13251,18500,26
13251,18501,23
13251,18512,4
13251,18520,4
13251,18531,1
13251,18532,1
13251,18544,2
13251,18552,1
13251,18571,3
13251,18577,4
13251,18585,5
13251,18592,4
13251,18593,20
13251,18594,17
13251,18595,9
13252,18152,13
13252,18153,6
13252,18154,1
13252,18157,4
13252,18160,7
13252,18161,8
13252,18162,6
13252,18163,6
13252,18179,2
13252,18180,6
13252,18185,2
13252,18245,5
13252,18248,9
13252,18274,2
13252,18276,28
13252,18277,36
13252,18278,24
13252,18326,17
13252,18327,7
13252,18328,23
13252,18329,6
13252,18337,7
13252,18338,2
13252,18342,1
13252,18345,1
13252,18346,11
13252,18347,61
13252,18348,26
13252,18349,32
13252,18350,4
13252,18362,4
13252,18385,3
13252,18402,8
13252,18405,3
13252,18420,4
13252,18432,2
13252,18435,1
13252,18440,1
13252,18487,2
13252,18488,13
13252,18489,3
13252,18491,1
13252,18496,23
13252,18497,4
13252,18500,4
13252,18515,2
13252,18519,1
13252,18520,2
13252,18522,1
13252,18525,3
13252,18530,4
13252,18531,8
13252,18542,1
13252,18545,2
13252,18567,1
13252,18573,1
13252,18594,4
13253,18144,4
13253,18148,24
13253,18149,3
13253,18152,3
13253,18156,2
13253,18157,2
13253,18158,1
13253,18179,2
13253,18195,2
13253,18245,4
13253,18275,2
13253,18276,8
13253,18277,2
13253,18278,7
13253,18307,3
13253,18324,7
13253,18325,16
13253,18326,16
13253,18327,48
13253,18328,16
13253,18329,15
13253,18330,8
13253,18331,3
13253,18336,23.5
13253,18337,10
13253,18342,1
13253,18346,1
13253,18347,8
13253,18348,8
13253,18349,42
13253,18350,13.5
13253,18359,1
13253,18376,1
13253,18377,4
13253,18402,3
13253,18403,3
13253,18404,2
13253,18416,5
13253,18419,2
13253,18431,5
13253,18433,2
13253,18471,3
13253,18473,2
13253,18488,1
13253,18489,1
13253,18496,11
13253,18500,1
13253,18512,5
13253,18516,8
13253,18517,6
13253,18518,1
13253,18519,3
13253,18520,2
13253,18530,16
13253,18531,5.5
13253,18536,3
13253,18537,1
13253,18542,4
13253,18543,2
13253,18545,1
13253,18546,2
13253,18556,2
13253,18566,2
13253,18568,10
13253,18569,6.5
13253,18574,1
13253,18590,2
13253,18596,1
13254,18142,5
13254,18146,2
13254,18149,2
13254,18156,5
13254,18165,25
13254,18166,21
13254,18167,11
13254,18168,25.5
13254,18169,37.5
13254,18170,28
13254,18171,3
13254,18172,9
13254,18178,4
13254,18179,6
13254,18195,3
13254,18266,12
13254,18275,4
13254,18306,5
13254,18307,4
13254,18308,4
13254,18325,3
13254,18327,28
13254,18328,70
13254,18329,28
13254,18330,46.5
13254,18331,1
13254,18335,10
13254,18336,12
13254,18339,1
13254,18340,2
13254,18341,13
13254,18342,2
13254,18349,2
13254,18350,1
13254,18352,2
13254,18362,1
13254,18364,4
13254,18365,2
13254,18373,4
13254,18374,3
13254,18376,12
13254,18377,11.5
13254,18378,3
13254,18394,5
13254,18403,3
13254,18406,2
13254,18415,1
13254,18431,2
13254,18432,2
13254,18442,2
13254,18487,2
13254,18511,8
13254,18512,8
13254,18513,9
13254,18514,10
13254,18515,2
13254,18517,4
13254,18519,1
13254,18520,10
13254,18521,3
13254,18529,4
13254,18530,7
13254,18531,8
13254,18532,1
13254,18534,3
13254,18535,8
13254,18536,2
13254,18537,2
13254,18543,1
13254,18546,4
13254,18547,1
13254,18556,1
13254,18557,2
13254,18577,2
13254,18579,2
13255,18141,16
13255,18142,2
13255,18146,1
13255,18147,11
13255,18161,9
13255,18165,5
13255,18166,4
13255,18168,16
13255,18169,17
13255,18170,28.5
13255,18178,4
13255,18179,22
13255,18238,2
13255,18239,5
13255,18266,1
13255,18301,6
13255,18302,2
13255,18303,5
13255,18304,9
13255,18305,6
13255,18306,18
13255,18307,7
13255,18308,4
13255,18309,3
13255,18312,5
13255,18324,5
13255,18327,35
13255,18328,16
13255,18329,6
13255,18330,56
13255,18333,5
13255,18334,18
13255,18335,14
13255,18336,4
13255,18339,17
13255,18340,35
13255,18341,23.5
13255,18350,4
13255,18377,15
13255,18378,50
13255,18379,45
13255,18381,3
13255,18418,2
13255,18422,2
13255,18432,2
13255,18433,3
13255,18436,2
13255,18440,16
13255,18441,7
13255,18501,1
13255,18506,2
13255,18510,4
13255,18511,4
13255,18519,3
13255,18520,8
13255,18521,4
13255,18527,6
13255,18528,1
13255,18531,6
13255,18533,2
13255,18534,6
13255,18535,5
13255,18544,2
13255,18547,2
13255,18567,2
13255,18571,3
13255,18580,3
13255,18606,1
13256,18142,3
13256,18149,3
13256,18161,3
13256,18168,15
13256,18169,29.5
13256,18170,13.5
13256,18171,6
13256,18178,6
13256,18179,12
13256,18212,1
13256,18228,2
13256,18236,6
13256,18237,5
13256,18238,2
13256,18264,2
13256,18302,13
13256,18311,4
13256,18312,8
13256,18313,20
13256,18320,1
13256,18323,1
13256,18324,21
13256,18325,40
13256,18326,6
13256,18327,13
13256,18328,19
13256,18329,11
13256,18330,15
13256,18331,20
13256,18332,5
13256,18333,3
13256,18340,23
13256,18348,1
13256,18350,6
13256,18377,17
13256,18378,50
13256,18379,37
13256,18391,2
13256,18423,1
13256,18435,5
13256,18440,6.5
13256,18441,8
13256,18442,3
13256,18500,3
13256,18507,3
13256,18508,3
13256,18527,1
13256,18532,4
13256,18534,1
13256,18535,6
13256,18541,5.5
13256,18542,2
13256,18547,3
13256,18570,4
13256,18603,2
13256,18604,5
13256,18605,4
13257,18145,1
13257,18148,25
13257,18149,50
13257,18150,7
13257,18151,1
13257,18159,1
13257,18169,8
13257,18170,5
13257,18171,4
13257,18178,9
13257,18188,8
13257,18189,2
13257,18195,10
13257,18196,1
13257,18228,1
13257,18229,1
13257,18235,2
13257,18236,21
13257,18237,2
13257,18254,2
13257,18264,1
13257,18276,7
13257,18311,2
13257,18312,33
13257,18313,31
13257,18314,15
13257,18320,15
13257,18321,21
13257,18322,36
13257,18323,15
13257,18324,53.5
13257,18325,160.5
13257,18326,64.5
13257,18327,43
13257,18328,28
13257,18329,16
13257,18330,6
13257,18376,9
13257,18378,4
13257,18379,39
13257,18383,2
13257,18401,2
13257,18421,3
13257,18436,9
13257,18439,5
13257,18440,2
13257,18509,3
13257,18525,2
13257,18535,4
13257,18558,1
13257,18560,2
13257,18600,2
13257,18602,1
13257,18603,1
13258,18147,2
13258,18148,15
13258,18149,23
13258,18150,21
13258,18151,8
13258,18153,5
13258,18154,2
13258,18156,13
13258,18188,1
13258,18189,8
13258,18190,2
13258,18195,5
13258,18196,2
13258,18235,11
13258,18254,7
13258,18275,7
13258,18276,17
13258,18310,2
13258,18311,2
13258,18312,21
13258,18313,13
13258,18314,3
13258,18318,1
13258,18319,16
13258,18320,23
13258,18321,23
13258,18322,36
13258,18323,61.5
13258,18324,68
13258,18325,47
13258,18326,41.5
13258,18327,29.5
13258,18328,3
13258,18329,29.5
13258,18330,17
13258,18331,16.5
13258,18332,6
13258,18333,8
13258,18334,4
13258,18344,4
13258,18345,12.5
13258,18346,21
13258,18379,3
13258,18405,1
13258,18412,2
13258,18420,2
13258,18421,4
13258,18442,2
13258,18446,3
13258,18459,4
13258,18464,2
13258,18523,2
13258,18557,1
13258,18562,6
13258,18563,2
13258,18573,2
13258,18585,2
13258,18588,1
13258,18593,1
13259,18144,4
13259,18147,5
13259,18151,20
13259,18152,4
13259,18206,4
13259,18249,2
13259,18262,1
13259,18264,4
13259,18267,1
13259,18275,4
13259,18276,19
13259,18277,2
13259,18302,1
13259,18303,9
13259,18305,9
13259,18306,3
13259,18311,38.5
13259,18312,19
13259,18313,1
13259,18318,2
13259,18319,3
13259,18321,47
13259,18322,91.5
13259,18323,107
13259,18324,31
13259,18325,24
13259,18326,31
13259,18327,43
13259,18329,4
13259,18332,4
13259,18344,2
13259,18345,2
13259,18354,1
13259,18396,2
13259,18398,1
13259,18410,2
13259,18411,3
13259,18420,10.5
13259,18421,11
13259,18422,18
13259,18445,5
13259,18458,1
13259,18459,17
13259,18460,3
13259,18463,3
13259,18464,2
13259,18470,4
13259,18510,8
13259,18555,2
13259,18562,4
13259,18574,5
13259,18575,4
13259,18592,2
13259,18593,2
13259,18596,2
13260,18142,1
13260,18143,2
13260,18145,3
13260,18151,5
13260,18152,2
13260,18185,2
13260,18218,1
13260,18226,4
13260,18246,5
13260,18247,3
13260,18250,5
13260,18254,2
13260,18255,1
13260,18257,11
13260,18258,4
13260,18275,1
13260,18276,9
13260,18301,14
13260,18302,7
13260,18316,1
13260,18321,8
13260,18322,6
13260,18323,4
13260,18324,1
13260,18325,14
13260,18326,31
13260,18331,3.5
13260,18332,35
13260,18333,2
13260,18337,2
13260,18338,6
13260,18339,5
13260,18340,2
13260,18347,1
13260,18348,6
13260,18352,2
13260,18353,3
13260,18354,29
13260,18411,7
13260,18420,3
13260,18421,11.5
13260,18422,26
13260,18423,23
13260,18424,4
13260,18445,2
13260,18446,1
13260,18458,1
13260,18460,2
13260,18461,3
13260,18463,12
13260,18464,9
13260,18465,2
13260,18471,19
13260,18472,12.5
13260,18501,15
13260,18502,1
13260,18504,4
13260,18548,1
13260,18573,2
13260,18574,2
13260,18598,1
13260,18600,6
13260,18602,2
13261,18151,1
13261,18168,3
13261,18229,3
13261,18230,10
13261,18247,7
13261,18251,3
13261,18258,17
13261,18259,4
13261,18260,19
13261,18261,31
13261,18276,3.5
13261,18299,2
13261,18300,5
13261,18301,3
13261,18303,1
13261,18304,2
13261,18315,2
13261,18317,21
13261,18318,13
13261,18332,2
13261,18333,6
13261,18339,5
13261,18342,1
13261,18347,3
13261,18348,3
13261,18353,5
13261,18354,18
13261,18355,9
13261,18357,13
13261,18378,2
13261,18413,2
13261,18419,5
13261,18422,2
13261,18423,5
13261,18425,1
13261,18442,4
13261,18445,1
13261,18449,2
13261,18465,4
13261,18470,22
13261,18471,44
13261,18472,4
13261,18474,1
13261,18495,1
13261,18502,7
13261,18525,3
13261,18550,4
13261,18551,4
13261,18565,2
13261,18586,3
13261,18587,3
13262,18165,4
13262,18170,1
13262,18171,2
13262,18183,6
13262,18230,20.5
13262,18231,9
13262,18232,11
13262,18233,6
13262,18258,10
13262,18259,19
13262,18260,10
13262,18261,56
13262,18262,17
13262,18274,2
13262,18283,4
13262,18284,2
13262,18291,5
13262,18300,6
13262,18301,18.5
13262,18304,20
13262,18314,1
13262,18316,2
13262,18317,6
13262,18318,9
13262,18321,8
13262,18325,1
13262,18336,1
13262,18341,4
13262,18342,5
13262,18347,3
13262,18348,2
13262,18352,1
13262,18354,5
13262,18357,2
13262,18362,2
13262,18377,3
13262,18378,12
13262,18410,2
13262,18418,2
13262,18421,3.5
13262,18435,1
13262,18436,4
13262,18444,2
13262,18453,1
13262,18462,5
13262,18463,27
13262,18464,2
13262,18469,3
13262,18470,28.5
13262,18471,10
13262,18488,1
13262,18494,15
13262,18495,4
13262,18496,6
13262,18525,2
13262,18544,7
13262,18569,2
13262,18570,3
13262,18585,2
13262,18589,6
13262,18590,3
13263,18133,3
13263,18134,3
13263,18141,3
13263,18161,4
13263,18171,2
13263,18184,2
13263,18191,2
13263,18230,3
13263,18231,9
13263,18242,3
13263,18258,34
13263,18260,4
13263,18261,3
13263,18262,14
13263,18271,2
13263,18272,6
13263,18273,20
13263,18274,11
13263,18275,16
13263,18276,13
13263,18277,4
13263,18278,3
13263,18279,4
13263,18283,6
13263,18284,12
13263,18287,7
13263,18291,7
13263,18292,3
13263,18298,1
13263,18304,1
13263,18308,2
13263,18326,2
13263,18337,2
13263,18350,5
13263,18352,1
13263,18362,1
13263,18377,33
13263,18378,16
13263,18408,15
13263,18409,3
13263,18417,7
13263,18437,3
13263,18441,2
13263,18463,2
13263,18470,4
13263,18475,1.5
13263,18488,3
13263,18490,4
13263,18493,2
13263,18495,2
13263,18504,5
13263,18505,16
13263,18506,4
13263,18524,4
13263,18544,2
13263,18555,2
13263,18561,1
13263,18570,11
13263,18579,3
13263,18580,1
13264,18134,1
13264,18140,2
13264,18141,1
13264,18150,1
13264,18175,4
13264,18176,3
13264,18180,2
13264,18181,4
13264,18189,13.5
13264,18190,3
13264,18191,7
13264,18192,7.5
13264,18202,2
13264,18207,2
13264,18230,11
13264,18242,1
13264,18243,4
13264,18258,10
13264,18269,1
13264,18271,2
13264,18273,2
13264,18274,13
13264,18275,18
13264,18276,10
13264,18287,5
13264,18305,4
13264,18309,1
13264,18311,1
13264,18316,3
13264,18337,4
13264,18338,9
13264,18339,6
13264,18348,4
13264,18355,7
13264,18357,1
13264,18377,48
13264,18387,5
13264,18400,1
13264,18411,4
13264,18441,2
13264,18442,2
13264,18471,19
13264,18488,2
13264,18504,2
13264,18505,4
13264,18514,1
13264,18524,1
13264,18528,2
13264,18543,1
13264,18556,3
13264,18557,5
13264,18591,1
13265,18141,8
13265,18142,2
13265,18147,3
13265,18182,2
13265,18187,4
13265,18188,6
13265,18189,4
13265,18190,19
13265,18191,15
13265,18192,6
13265,18201,4
13265,18202,13
13265,18203,12
13265,18205,2
13265,18207,18
13265,18224,4
13265,18225,16
13265,18226,16
13265,18227,9
13265,18228,10
13265,18229,12
13265,18230,26
13265,18231,1
13265,18232,1
13265,18235,4
13265,18255,2
13265,18263,2
13265,18273,4
13265,18274,18.5
13265,18276,1
13265,18295,1
13265,18296,15
13265,18297,3
13265,18325,2
13265,18338,13
13265,18339,9
13265,18347,2
13265,18357,4
13265,18365,3
13265,18368,7
13265,18377,17.5
13265,18378,2
13265,18406,4
13265,18407,3
13265,18408,5
13265,18419,3
13265,18441,26
13265,18442,3
13265,18445,2
13265,18471,21
13265,18472,10
13265,18473,1
13265,18475,2
13265,18503,3
13265,18505,7
13265,18506,7
13265,18508,4
13265,18509,11
13265,18510,4
13265,18513,4
13265,18514,2
13265,18515,1
13265,18516,1
13265,18519,5
13265,18525,1
13265,18557,6
13266,18137,1
13266,18144,2
13266,18145,2
13266,18171,11
13266,18178,2
13266,18179,1
13266,18180,2
13266,18183,1
13266,18185,7
13266,18187,17
13266,18188,25
13266,18189,22
13266,18201,12
13266,18202,19
13266,18203,11
13266,18211,1
13266,18218,4
13266,18220,4
13266,18221,10
13266,18222,8
13266,18225,8
13266,18226,23
13266,18227,19
13266,18228,10
13266,18229,20
13266,18230,10
13266,18231,18
13266,18232,6
13266,18273,2
13266,18274,7
13266,18275,13
13266,18285,1
13266,18295,1
13266,18299,4
13266,18314,2
13266,18359,10
13266,18363,2
13266,18368,3
13266,18404,3
13266,18407,12
13266,18408,5
13266,18409,3
13266,18414,2
13266,18420,2
13266,18441,21.5
13266,18442,8
13266,18464,5
13266,18495,3
13266,18505,4
13266,18510,5
13266,18518,2
13266,18519,2
13266,18566,3
13266,18571,1
13266,18572,4
13266,18580,3
13266,18581,2
13266,18585,2
13267,18178,3
13267,18180,2
13267,18184,4
13267,18185,12
13267,18187,26
13267,18189,14
13267,18191,1
13267,18192,4
13267,18194,8
13267,18195,2
13267,18198,21
13267,18199,1
13267,18200,3
13267,18201,11
13267,18207,5
13267,18208,6
13267,18212,2
13267,18220,6
13267,18221,18
13267,18222,12
13267,18227,8
13267,18232,2
13267,18235,3
13267,18238,2
13267,18288,2
13267,18290,3
13267,18291,3
13267,18330,1
13267,18344,4
13267,18357,2
13267,18358,8
13267,18362,1
13267,18363,5
13267,18367,4
13267,18421,2
13267,18438,2
13267,18440,6
13267,18441,18
13267,18442,2
13267,18469,2
13267,18475,2
13267,18488,2
13267,18489,2
13267,18494,2
13267,18517,3
13267,18521,1
13267,18536,2
13267,18565,3
13267,18571,5
13267,18572,3
13267,18577,1.5
13267,18578,4
13267,18579,1
13267,18580,1
13267,18597,2
13268,18139,3
13268,18154,5
13268,18156,5
13268,18178,6.5
13268,18180,1.5
13268,18181,18
13268,18182,3
13268,18184,1
13268,18185,17
13268,18186,26
13268,18187,31.5
13268,18188,33
13268,18189,19
13268,18193,20
13268,18194,26
13268,18195,26
13268,18196,34
13268,18197,38
13268,18198,28.5
13268,18199,2
13268,18201,33
13268,18202,1
13268,18207,3
13268,18208,6.5
13268,18209,3
13268,18214,4
13268,18215,11
13268,18220,2
13268,18221,3
13268,18227,7
13268,18228,2
13268,18240,3
13268,18242,2
13268,18270,1
13268,18348,7
13268,18363,3
13268,18367,4
13268,18373,4
13268,18385,1
13268,18413,1
13268,18421,6
13268,18440,8
13268,18494,4
13268,18495,16
13268,18496,4
13268,18534,2
13268,18536,1
13268,18547,3
13268,18553,5
13268,18571,7
13268,18575,2
13268,18579,2
13268,18580,4
13268,18596,1
13268,18597,5
13269,18154,1
13269,18155,2
13269,18182,5
13269,18183,27
13269,18184,7
13269,18185,10
13269,18186,110
13269,18187,63
13269,18188,69
13269,18189,39
13269,18190,31.5
13269,18191,21
13269,18192,23
13269,18193,31
13269,18194,25
13269,18195,18
13269,18196,6
13269,18214,2
13269,18215,28
13269,18216,2
13269,18228,3
13269,18241,1
13269,18289,3
13269,18351,2
13269,18373,1
13269,18415,2
13269,18433,12
13269,18494,4
13269,18495,13
13269,18501,3
13269,18527,4
13269,18534,10
13269,18535,9
13269,18553,3
13269,18571,9
13269,18572,2
13269,18573,3
13269,18577,4
13269,18593,1
13270,18165,14
13270,18166,1
13270,18183,12
13270,18184,18
13270,18185,36.5
13270,18186,22
13270,18187,72
13270,18188,100.5
13270,18189,45
13270,18190,31.5
13270,18191,10
13270,18192,16
13270,18193,20
13270,18194,6
13270,18196,6
13270,18197,4
13270,18198,15
13270,18199,14
13270,18200,7
13270,18203,5
13270,18205,3
13270,18211,4
13270,18215,4
13270,18217,2
13270,18237,1
13270,18293,2
13270,18346,2
13270,18355,2
13270,18384,2
13270,18411,7
13270,18412,6
13270,18429,6
13270,18433,18.5
13270,18434,4
13270,18440,30
13270,18441,11
13270,18471,4
13270,18532,4
13270,18537,2.5
13270,18548,3
13270,18566,3
13270,18571,2
13270,18592,1
13271,18132,1
13271,18136,4
13271,18137,5
13271,18138,4
13271,18139,3
13271,18163,7
13271,18164,14
13271,18165,6
13271,18166,2
13271,18175,2
13271,18176,1
13271,18183,49
13271,18184,38.5
13271,18185,55.5
13271,18186,22
13271,18187,41.5
13271,18188,19
13271,18189,115.5
13271,18190,192
13271,18191,89.5
13271,18192,47
13271,18193,66
13271,18194,7
13271,18196,19
13271,18197,3
13271,18198,62
13271,18199,28
13271,18200,32
13271,18201,2
13271,18204,17
13271,18205,12
13271,18209,1
13271,18213,2
13271,18324,1
13271,18354,6
13271,18355,1
13271,18411,3
13271,18412,38
13271,18413,22
13271,18414,16
13271,18420,4
13271,18440,5
13271,18441,4
13271,18460,2
13271,18461,5
13271,18471,2
13271,18475,2
13271,18492,2.5
13271,18506,1
13271,18523,5
13271,18551,1
13271,18571,2
13271,18573,2
13271,18581,1
13272,18137,4
13272,18138,3
13272,18149,1
13272,18155,10
13272,18165,1
13272,18176,2
13272,18180,8
13272,18183,13
13272,18184,4
13272,18185,56
13272,18187,5
13272,18188,77
13272,18189,87
13272,18190,89
13272,18191,29.5
13272,18192,31
13272,18193,57
13272,18194,23
13272,18195,2
13272,18199,7
13272,18200,36
13272,18201,8
13272,18202,2
13272,18205,11
13272,18371,2
13272,18413,8
13272,18414,10
13272,18415,3
13272,18419,2
13272,18470,4
13272,18472,2
13272,18474,1
13272,18522,4
13272,18523,2
13272,18581,2
13273,18128,1
13273,18129,5
13273,18135,2
13273,18136,1
13273,18137,9
13273,18138,5
13273,18147,3
13273,18148,3
13273,18149,1
13273,18155,1
13273,18162,2
13273,18170,1
13273,18178,2
13273,18183,3
13273,18184,20.5
13273,18187,38
13273,18188,109
13273,18189,136
13273,18190,51
13273,18191,43
13273,18192,116.5
13273,18193,117.5
13273,18194,16
13273,18196,4
13273,18200,11
13273,18201,5
13273,18202,7
13273,18203,27
13273,18205,5
13273,18206,1
13273,18237,5
13273,18363,3
13273,18377,5
13273,18387,4
13273,18408,4
13273,18414,4
13273,18415,4
13273,18416,2
13273,18418,3
13273,18456,4
13273,18462,1
13273,18471,3
13273,18472,1
13273,18473,2
13273,18474,4
13273,18475,2
13273,18496,10
13273,18497,4
13273,18498,1
13273,18521,3
13273,18523,2
13273,18564,2
13273,18569,1
13274,18136,12
13274,18137,13
13274,18138,1
13274,18144,2
13274,18172,4
13274,18173,1
13274,18183,16
13274,18184,4
13274,18185,3
13274,18186,1
13274,18187,60.5
13274,18188,23
13274,18189,54
13274,18190,57
13274,18191,48
13274,18192,178
13274,18193,90
13274,18194,46.5
13274,18195,11
13274,18196,11
13274,18202,2
13274,18203,2
13274,18205,7
13274,18206,5
13274,18293,4
13274,18304,3
13274,18305,5
13274,18328,2
13274,18334,2
13274,18359,9
13274,18360,3
13274,18363,11.5
13274,18364,8
13274,18368,5
13274,18408,2
13274,18413,28
13274,18414,65
13274,18415,17
13274,18417,5
13274,18435,2
13274,18436,1
13274,18461,3
13274,18462,2
13274,18479,2
13274,18482,2
13274,18495,3
13274,18496,1
13274,18497,2
13274,18504,2
13274,18523,2
13275,18132,4
13275,18136,28
13275,18137,1
13275,18140,1
13275,18142,2
13275,18161,2
13275,18169,6
13275,18172,2
13275,18182,17
13275,18183,9
13275,18186,26
13275,18187,44
13275,18188,107
13275,18189,11
13275,18190,63
13275,18191,33
13275,18193,34
13275,18194,73
13275,18195,11
13275,18196,8
13275,18200,13
13275,18201,2
13275,18205,2
13275,18259,3
13275,18269,1
13275,18334,1
13275,18342,2
13275,18413,13
13275,18414,63.5
13275,18415,57
13275,18416,73
13275,18433,4
13275,18473,4
13275,18476,1
13275,18491,4
13275,18523,2
13275,18526,2
13275,18532,1
13275,18533,4
13275,18537,1
13275,18539,2
13275,18540,1
13275,18555,2
13275,18575,3
13275,18576,2
13275,18581,2
13276,18135,6
13276,18136,10
13276,18138,17
13276,18139,5
13276,18140,12
13276,18141,4
13276,18142,7
13276,18161,10
13276,18162,9
13276,18180,1
13276,18182,7
13276,18183,14
13276,18186,39
13276,18187,24
13276,18188,32
13276,18189,14
13276,18190,23
13276,18191,11
13276,18192,1
13276,18193,4
13276,18194,31.5
13276,18195,8
13276,18200,12
13276,18234,4
13276,18373,1
13276,18386,6
13276,18387,7
13276,18414,45
13276,18415,36
13276,18416,14
13276,18417,1
13276,18433,4
13276,18435,9
13276,18436,13
13276,18451,1
13276,18482,2
13276,18503,2
13276,18536,3
13276,18537,1
13276,18553,9
13276,18569,5
13276,18570,1
13276,18571,6
13276,18576,3
13277,18135,17
13277,18136,20
13277,18137,24
13277,18138,8
13277,18159,2
13277,18162,6
13277,18163,2
13277,18168,2
13277,18180,25
13277,18181,8
13277,18186,37
13277,18187,48
13277,18188,10
13277,18189,22
13277,18190,22
13277,18191,17
13277,18192,6
13277,18193,26
13277,18194,7
13277,18195,29
13277,18196,4
13277,18233,4
13277,18308,6
13277,18353,1
13277,18382,4
13277,18386,4
13277,18387,23
13277,18414,9
13277,18415,41
13277,18416,14
13277,18431,64
13277,18432,41
13277,18433,24
13277,18434,45
13277,18435,27
13277,18436,32
13277,18437,39
13277,18438,19
13277,18453,2
13277,18521,4
13277,18523,4
13277,18559,2
13277,18560,2
13278,18127,3
13278,18134,5
13278,18135,3
13278,18136,19
13278,18137,5
13278,18146,3
13278,18155,2
13278,18156,2
13278,18180,21
13278,18183,2
13278,18186,4
13278,18188,1
13278,18189,1
13278,18190,5.5
13278,18194,8
13278,18195,20
13278,18196,4
13278,18279,2
13278,18308,2
13278,18316,1
13278,18333,5
13278,18354,2
13278,18380,2
13278,18387,3
13278,18393,4
13278,18411,2
13278,18414,2
13278,18415,19.5
13278,18418,46.5
13278,18419,8
13278,18431,11
13278,18432,77.5
13278,18433,10
13278,18434,29.5
13278,18435,45
13278,18436,30
13278,18437,26
13278,18449,3
13278,18482,4
13278,18498,3
13278,18526,1
13278,18529,4
13278,18537,1
13278,18539,4
13278,18554,1
13279,18129,2
13279,18130,2
13279,18132,3
13279,18136,7
13279,18139,2
13279,18148,3
13279,18157,9
13279,18161,6
13279,18176,2
13279,18180,1
13279,18189,5
13279,18190,2
13279,18194,4
13279,18197,4
13279,18229,4
13279,18316,1
13279,18317,1
13279,18334,2
13279,18335,2
13279,18336,2
13279,18383,1
13279,18411,2
13279,18412,4
13279,18418,1
13279,18430,3
13279,18434,10
13279,18435,3
13279,18436,6
13279,18437,1
13279,18439,4
13279,18476,2
13279,18525,2
13279,18537,1
13279,18538,2
13279,18543,1
13279,18554,4
13279,18562,1
13279,18563,3
13280,18129,3
13280,18130,1
13280,18136,2
13280,18141,1
13280,18147,2
13280,18148,1
13280,18157,2
13280,18159,2
13280,18160,4
13280,18161,1
13280,18171,3
13280,18175,3
13280,18176,1
13280,18177,6
13280,18180,1
13280,18181,22
13280,18182,9
13280,18189,7
13280,18218,8
13280,18219,1
13280,18301,3
13280,18334,2
13280,18338,2
13280,18339,1
13280,18353,2
13280,18354,2
13280,18361,1
13280,18362,6
13280,18377,4
13280,18378,25
13280,18383,2
13280,18384,3
13280,18388,3
13280,18416,2
13280,18429,2
13280,18453,7
13280,18456,5
13280,18462,3
13280,18483,8
13280,18500,4
13280,18501,3
13280,18525,2
13280,18536,2
13280,18542,9
13280,18543,6
13280,18554,1
13280,18555,2
13280,18562,3
13281,18141,2
13281,18142,2
13281,18157,4
13281,18158,6
13281,18174,12.5
13281,18175,23
13281,18176,7
13281,18177,7
13281,18179,4
13281,18180,26
13281,18181,38
13281,18182,9
13281,18183,2
13281,18189,6
13281,18197,2
13281,18219,7
13281,18244,2
13281,18248,7
13281,18257,1
13281,18283,2
13281,18300,2
13281,18314,2
13281,18316,5
13281,18331,5
13281,18334,5
13281,18353,5
13281,18354,6
13281,18378,2
13281,18416,1
13281,18431,2
13281,18432,1
13281,18434,9
13281,18444,3
13281,18446,2
13281,18452,2
13281,18479,1
13281,18483,3
13281,18491,3
13281,18492,2
13281,18502,5
13281,18510,3
13281,18549,2
13281,18550,2
13281,18551,2
13281,18585,1
13282,18132,21
13282,18141,5
13282,18142,4
13282,18148,2.5
13282,18151,5
13282,18157,9
13282,18180,17
13282,18181,20.5
13282,18182,15
13282,18183,3
13282,18189,6
13282,18244,2
13282,18291,2
13282,18313,4
13282,18333,2
13282,18337,15
13282,18338,2
13282,18352,1
13282,18353,2
13282,18369,2
13282,18378,6
13282,18384,6
13282,18431,10
13282,18433,18
13282,18434,17
13282,18443,1
13282,18451,1
13282,18455,1
13282,18456,3
13282,18501,1
13282,18505,2
13282,18537,2
13282,18538,4
13282,18568,1
13282,18574,1
13283,18135,2
13283,18136,4
13283,18149,2
13283,18151,7
13283,18152,19
13283,18153,2
13283,18161,2
13283,18189,19
13283,18190,5
13283,18198,16
13283,18199,5
13283,18205,2
13283,18206,9
13283,18209,5
13283,18268,3
13283,18290,3
13283,18332,3
13283,18333,25
13283,18334,13
13283,18335,10
13283,18336,4
13283,18337,8
13283,18338,9
13283,18376,2
13283,18377,9
13283,18378,14
13283,18379,5
13283,18381,12.5
13283,18382,2
13283,18384,6
13283,18391,2
13283,18401,1
13283,18434,4
13283,18442,1
13283,18454,2
13283,18494,4
13283,18529,2
13283,18533,3
13283,18538,7
13283,18539,3
13283,18540,7
13283,18568,2
13284,18150,2
13284,18151,2
13284,18152,8
13284,18153,3
13284,18161,1
13284,18188,9
13284,18189,19
13284,18190,1.5
13284,18197,3
13284,18206,7
13284,18209,3
13284,18210,4
13284,18263,1
13284,18330,3
13284,18332,3
13284,18333,41
13284,18334,26
13284,18336,2
13284,18354,5
13284,18375,1
13284,18380,2
13284,18381,6
13284,18382,21
13284,18383,4
13284,18384,4
13284,18385,14
13284,18436,3
13284,18446,2
13284,18448,3.5
13284,18452,4
13284,18454,1
13284,18480,5
13284,18493,4
13284,18502,1
13284,18517,5
13284,18531,2
13284,18537,2
13284,18538,8
13284,18539,44
13284,18540,1
13284,18546,1
13284,18554,4
13284,18565,3
13284,18581,1
13285,18145,2
13285,18151,3
13285,18152,5
13285,18189,4
13285,18215,4
13285,18277,4
13285,18305,1
13285,18323,2
13285,18335,1
13285,18347,6
13285,18354,1
13285,18355,1
13285,18360,3
13285,18376,3
13285,18379,3
13285,18380,6
13285,18381,4
13285,18382,12
13285,18391,2
13285,18392,1
13285,18393,2
13285,18419,3
13285,18424,2
13285,18432,10
13285,18433,3
13285,18436,3
13285,18437,23.5
13285,18438,20
13285,18454,2
13285,18477,2
13285,18478,3
13285,18494,4
13285,18521,1
13285,18534,5
13285,18537,25
13285,18538,43
13285,18539,18
13285,18540,8
13285,18541,4
13285,18546,2
13285,18565,3
13285,18566,5
13286,18137,3
13286,18175,5
13286,18214,2
13286,18215,3
13286,18221,5
13286,18320,4
13286,18359,6
13286,18360,2
13286,18391,4
13286,18392,13
13286,18393,2
13286,18430,2
13286,18431,19
13286,18432,8
13286,18433,5.5
13286,18437,3
13286,18438,33
13286,18443,1
13286,18477,3
13286,18490,2
13286,18537,8
13286,18538,50
13286,18539,27
13286,18540,26
13286,18541,48
13286,18542,8
13286,18545,20
13286,18578,2
13287,18137,4
13287,18174,4
13287,18175,4
13287,18188,2
13287,18190,3
13287,18191,22
13287,18192,13
13287,18204,2
13287,18255,1
13287,18323,3
13287,18324,4
13287,18373,4
13287,18374,9
13287,18392,10
13287,18393,26
13287,18432,2
13287,18445,2
13287,18478,4
13287,18479,5
13287,18487,2
13287,18490,1
13287,18526,6
13287,18535,2
13287,18537,9
13287,18538,30
13287,18539,14
13287,18546,8
13287,18548,2
13287,18561,1
13287,18578,6
13288,18134,2
13288,18172,4
13288,18174,27
13288,18175,26
13288,18188,4
13288,18189,28.5
13288,18190,12
13288,18230,4
13288,18254,6
13288,18374,8
13288,18375,11
13288,18376,1
13288,18389,1
13288,18393,9
13288,18478,2
13288,18480,7
13288,18487,6
13288,18495,4
13288,18507,2
13288,18512,5
13288,18521,2
13288,18529,2
13288,18538,7
13288,18540,4
13288,18541,3
13288,18543,3
13288,18546,1
13288,18548,2
13288,18558,3
13288,18559,1
13289,18144,1
13289,18173,2
13289,18174,51
13289,18175,35
13289,18176,21.5
13289,18196,1
13289,18198,2
13289,18277,2
13289,18279,4
13289,18316,2
13289,18331,7
13289,18359,6
13289,18360,4
13289,18366,4
13289,18374,3
13289,18375,6
13289,18376,3
13289,18381,2
13289,18436,1
13289,18477,2
13289,18478,5
13289,18487,2
13289,18510,2
13289,18526,1
13289,18528,4
13289,18531,2
13289,18538,19
13289,18539,18
13289,18540,7
13289,18548,1
13290,18136,4
13290,18137,6
13290,18143,1
13290,18144,4
13290,18173,7
13290,18174,9
13290,18175,14
13290,18176,2
13290,18198,3
13290,18245,3
13290,18281,4
13290,18289,4
13290,18360,3
13290,18362,8
13290,18364,6
13290,18365,9
13290,18366,7
13290,18375,2
13290,18436,5
13290,18437,8
13290,18476,4.5
13290,18477,1
13290,18488,2
13290,18490,4
13290,18509,2
13290,18531,1
13290,18532,3
13290,18538,8
13290,18539,6
13290,18551,2
13291,18160,3
13291,18163,2
13291,18168,7
13291,18173,4
13291,18191,6
13291,18203,1
13291,18205,4
13291,18359,4
13291,18360,15
13291,18361,2
13291,18362,13
13291,18364,5
13291,18365,8.5
13291,18366,3
13291,18367,2
13291,18368,3
13291,18369,6.5
13291,18426,3
13291,18436,2
13291,18437,1.5
13291,18492,2
13291,18507,1
13291,18508,3
13291,18509,2
13291,18511,2
13291,18529,3
13291,18530,1
13291,18531,2
13291,18538,3
13291,18544,4
13291,18568,2
13292,18136,2
13292,18150,5
13292,18151,1
13292,18159,1
13292,18160,6
13292,18163,9
13292,18164,2
13292,18165,3
13292,18168,29
13292,18169,8.5
13292,18170,2
13292,18171,2
13292,18190,1
13292,18191,1
13292,18331,2
13292,18343,2
13292,18344,2
13292,18345,3
13292,18360,12.5
13292,18368,4
13292,18369,12
13292,18370,4
13292,18375,2
13292,18382,3
13292,18398,1
13292,18404,2
13292,18405,2
13292,18406,3
13292,18469,4
13292,18471,31.5
13292,18472,12
13292,18483,1
13292,18508,2
13292,18509,2
13292,18542,2
13292,18543,4
13292,18544,2
13292,18555,2.5
13292,18557,1
13292,18562,6
13292,18572,2
13293,18160,2
13293,18162,4
13293,18163,6
13293,18164,18.5
13293,18165,5
13293,18166,3.5
13293,18167,1
13293,18168,2
13293,18169,3
13293,18201,5
13293,18227,2
13293,18251,2
13293,18318,2
13293,18345,1
13293,18347,6
13293,18357,9
13293,18366,5
13293,18370,4
13293,18382,3
13293,18469,1
13293,18470,5
13293,18471,21
13293,18472,33.5
13293,18478,3.5
13293,18487,4
13293,18491,6
13293,18492,1
13293,18496,2
13293,18527,2
13293,18530,2
13293,18543,2
13293,18544,2
13293,18556,2
13293,18573,1
13294,18155,2
13294,18160,6.5
13294,18161,4
13294,18164,7
13294,18201,8
13294,18283,1
13294,18332,4
13294,18334,1
13294,18335,1
13294,18336,3
13294,18337,5
13294,18339,2
13294,18405,2
13294,18467,5
13294,18468,1
13294,18469,1
13294,18470,28
13294,18471,9
13294,18472,4
13294,18476,2
13294,18478,11
13294,18479,2
13294,18481,4
13294,18482,2
13294,18483,18
13294,18484,35
13294,18487,7
13294,18490,10
13294,18520,3
13294,18523,1
13294,18526,3
13294,18527,3
13294,18528,3
13294,18545,9
13294,18558,3
13294,18568,1
13294,18570,7
13295,18145,1
13295,18154,1
13295,18161,10
13295,18162,7
13295,18188,5
13295,18211,2
13295,18212,7
13295,18251,4
13295,18289,2
13295,18296,5
13295,18338,3
13295,18339,2
13295,18356,8
13295,18366,6
13295,18367,5
13295,18380,3
13295,18391,3
13295,18413,2
13295,18425,1
13295,18469,2
13295,18470,12
13295,18471,2
13295,18473,2
13295,18474,2
13295,18476,16.5
13295,18477,3
13295,18482,12
13295,18483,74.5
13295,18484,98
13295,18485,3
13295,18486,4
13295,18487,15
13295,18489,10
13295,18519,5
13295,18520,1
13295,18526,3
13295,18545,4
13295,18546,4
13295,18559,1
13295,18568,6
13295,18580,2
13295,18581,9
13296,18132,1
13296,18134,13
13296,18144,5
13296,18160,3
13296,18162,1
13296,18170,4
13296,18171,2
13296,18183,7
13296,18188,7.5
13296,18189,3
13296,18195,4
13296,18211,3
13296,18212,15
13296,18250,3
13296,18256,2
13296,18338,8
13296,18339,4
13296,18366,6
13296,18371,2
13296,18373,2
13296,18379,2
13296,18390,3
13296,18393,1
13296,18468,2
13296,18469,6
13296,18470,11
13296,18474,14
13296,18475,8
13296,18476,6
13296,18482,10
13296,18483,65
13296,18484,32
13296,18485,13
13296,18486,37
13296,18487,18
13296,18488,3
13296,18489,7
13296,18490,4
13296,18506,5
13296,18508,2
13296,18524,2
13296,18526,7
13296,18541,9
13296,18554,2
13296,18559,1
13296,18571,5
13296,18579,6
13296,18580,4
13296,18581,1
13296,18584,2
13297,18133,13
13297,18160,18.5
13297,18161,2
13297,18163,2
13297,18164,4
13297,18165,4
13297,18183,5
13297,18184,1
13297,18185,3
13297,18189,2
13297,18195,10
13297,18196,5
13297,18263,7
13297,18265,2
13297,18266,7
13297,18337,1
13297,18365,4
13297,18406,2
13297,18471,4
13297,18472,3
13297,18473,10
13297,18474,25
13297,18475,5
13297,18483,56
13297,18484,33
13297,18485,62.5
13297,18486,60
13297,18487,21
13297,18488,32.5
13297,18489,51
13297,18490,3
13297,18519,4
13297,18520,6
13297,18522,5
13297,18530,2
13297,18540,1
13297,18554,2
13297,18570,10
13297,18571,3
13297,18579,1
13298,18162,38
13298,18163,12.5
13298,18164,2
13298,18180,1
13298,18182,10
13298,18183,15
13298,18184,20.5
13298,18185,4
13298,18189,4
13298,18190,1
13298,18233,6
13298,18263,4
13298,18264,4
13298,18265,5
13298,18266,2
13298,18267,2
13298,18276,4
13298,18320,2
13298,18334,4
13298,18363,7
13298,18364,8
13298,18365,4
13298,18370,1
13298,18395,1
13298,18468,1
13298,18470,7
13298,18472,2
13298,18474,4
13298,18481,2
13298,18482,71.5
13298,18483,44
13298,18485,19.5
13298,18486,100
13298,18487,70.5
13298,18488,34.5
13298,18489,17
13298,18490,2
13298,18541,3
13298,18542,1
13298,18543,6
13298,18544,1.5
13298,18567,4
13298,18570,2
13299,18147,3
13299,18161,20
13299,18162,15
13299,18163,6
13299,18182,20
13299,18183,45.5
13299,18184,15
13299,18190,21
13299,18206,1
13299,18224,2
13299,18261,4
13299,18289,1
13299,18297,2
13299,18305,1
13299,18363,8
13299,18364,14
13299,18365,5
13299,18381,12
13299,18382,5
13299,18383,1
13299,18388,2
13299,18467,2
13299,18472,3
13299,18481,37
13299,18482,47.5
13299,18483,63
13299,18484,36
13299,18485,36
13299,18486,31.5
13299,18487,50
13299,18488,80.5
13299,18489,88
13299,18490,35
13299,18537,2
13299,18540,8
13300,18161,4
13300,18165,3
13300,18181,17
13300,18182,19
13300,18183,10
13300,18189,8
13300,18190,5
13300,18198,3
13300,18211,2
13300,18221,2
13300,18224,1
13300,18251,4
13300,18312,1
13300,18364,1
13300,18365,6
13300,18381,24
13300,18382,8
13300,18406,2
13300,18421,2
13300,18472,5
13300,18480,7
13300,18482,16
13300,18483,57
13300,18484,32
13300,18486,10
13300,18487,54
13300,18488,23.5
13300,18489,35
13300,18490,66
13300,18514,5
13300,18515,2
13300,18539,6
13300,18540,3.5
13300,18555,9
13301,18139,2
13301,18140,4
13301,18154,2
13301,18159,2
13301,18160,1
13301,18173,8
13301,18174,1
13301,18176,3
13301,18177,3
13301,18181,5
13301,18182,6
13301,18202,5
13301,18203,4
13301,18211,3
13301,18212,11
13301,18224,4
13301,18228,1
13301,18245,12
13301,18246,2
13301,18247,4
13301,18248,7
13301,18251,16
13301,18289,3
13301,18345,11
13301,18346,1
13301,18367,4
13301,18368,6
13301,18373,3
13301,18374,14.5
13301,18375,3
13301,18379,3
13301,18380,4.5
13301,18381,14
13301,18382,4
13301,18448,2
13301,18479,2
13301,18480,23
13301,18481,6
13301,18482,8.5
13301,18486,7
13301,18487,34.5
13301,18488,19
13301,18490,4
13301,18514,6
13301,18515,4
13301,18538,2
13301,18563,5
13302,18139,8
13302,18140,2
13302,18162,5
13302,18168,5
13302,18169,3
13302,18176,1
13302,18182,8
13302,18183,18
13302,18202,7
13302,18203,7
13302,18211,11
13302,18212,16
13302,18245,5
13302,18246,3
13302,18249,2
13302,18250,22
13302,18251,28.5
13302,18252,9
13302,18253,13
13302,18263,4
13302,18290,2
13302,18294,6
13302,18295,4
13302,18309,1
13302,18310,1
13302,18345,4
13302,18346,3
13302,18368,5
13302,18373,6
13302,18374,9
13302,18375,6
13302,18376,10.5
13302,18379,23
13302,18380,14
13302,18381,16
13302,18382,7
13302,18385,1
13302,18386,4
13302,18387,4
13302,18393,3.5
13302,18473,2
13302,18480,5
13302,18481,34.5
13302,18482,2
13302,18485,2
13302,18486,53
13302,18487,92.5
13302,18488,40
13302,18489,2
13302,18500,4
13302,18502,6
13302,18503,3
13302,18528,2
13302,18538,3
13302,18550,1
13302,18551,7
13302,18559,2
13302,18567,2
13302,18580,5
13302,18585,4
13303,18138,2
13303,18157,7
13303,18169,1
13303,18201,5
13303,18202,2
13303,18203,11
13303,18218,2
13303,18245,5
13303,18248,4
13303,18250,21
13303,18251,37
13303,18252,2
13303,18273,8
13303,18293,4
13303,18294,9
13303,18295,12
13303,18368,11
13303,18369,36
13303,18370,8
13303,18371,11
13303,18372,20
13303,18373,19
13303,18376,13
13303,18381,2
13303,18382,7
13303,18386,19
13303,18387,19
13303,18388,1
13303,18398,5
13303,18404,2
13303,18424,3
13303,18425,6.5
13303,18470,1
13303,18471,7
13303,18473,16
13303,18474,9
13303,18475,1
13303,18481,4
13303,18483,3
13303,18486,30
13303,18487,73.5
13303,18488,68.5
13303,18489,3
13303,18495,4
13303,18502,7
13303,18503,2
13303,18551,4
13303,18552,4
13303,18555,6
13303,18557,11
13303,18580,2
13303,18585,1
13304,18149,2
13304,18160,5
13304,18187,8
13304,18203,3
13304,18247,4
13304,18248,6
13304,18250,3
13304,18251,5
13304,18252,20
13304,18270,6
13304,18293,4
13304,18298,2
13304,18353,1
13304,18369,5
13304,18371,6
13304,18372,5
13304,18382,10
13304,18383,31
13304,18384,1
13304,18385,10
13304,18386,25
13304,18388,6
13304,18398,21.5
13304,18399,4
13304,18402,7
13304,18403,4
13304,18404,11
13304,18405,17
13304,18406,2
13304,18407,5
13304,18409,4
13304,18469,3
13304,18471,2
13304,18472,9
13304,18473,9
13304,18487,15
13304,18488,9
13304,18502,1
13304,18527,1
13304,18561,2
13304,18565,3
13304,18579,1
13305,18132,7
13305,18144,2
13305,18160,2
13305,18165,6
13305,18176,3.5
13305,18177,13
13305,18187,8
13305,18195,2
13305,18202,2
13305,18214,1
13305,18215,2
13305,18246,11
13305,18247,13
13305,18248,1
13305,18250,5
13305,18251,4
13305,18252,10
13305,18253,20
13305,18290,2
13305,18291,22
13305,18301,2
13305,18352,3
13305,18353,6
13305,18354,3
13305,18383,44.5
13305,18384,29
13305,18385,31.5
13305,18386,23.5
13305,18387,10
13305,18388,34
13305,18389,14.5
13305,18394,4
13305,18395,18
13305,18396,5
13305,18397,2
13305,18398,15
13305,18399,2
13305,18402,17
13305,18403,23
13305,18404,2
13305,18405,11
13305,18406,4
13305,18469,4
13305,18471,22
13305,18472,2
13305,18473,1
13305,18502,3
13305,18591,1
13306,18162,4
13306,18163,14
13306,18166,1
13306,18177,3
13306,18196,2
13306,18206,1
13306,18210,10
13306,18211,6
13306,18214,6
13306,18215,3
13306,18250,2
13306,18253,8
13306,18254,5
13306,18282,1
13306,18283,4
13306,18290,8
13306,18291,8.5
13306,18292,2
13306,18301,1
13306,18302,3
13306,18328,3
13306,18352,1
13306,18353,1
13306,18365,2
13306,18383,31
13306,18384,14
13306,18385,12
13306,18388,5
13306,18396,7
13306,18397,52.5
13306,18398,30
13306,18399,1
13306,18400,4
13306,18401,10
13306,18402,9
13306,18403,41
13306,18404,20.5
13306,18405,3
13306,18406,4
13306,18407,5
13306,18408,4
13306,18469,12
13306,18470,20
13306,18471,10
13306,18494,3
13307,18145,2
13307,18152,8
13307,18162,2
13307,18163,2
13307,18202,10
13307,18211,7
13307,18214,4
13307,18215,4
13307,18224,2
13307,18243,2
13307,18244,2
13307,18250,2
13307,18255,1
13307,18288,4
13307,18289,16
13307,18290,25
13307,18291,7
13307,18366,2
13307,18380,4
13307,18381,3
13307,18382,58.5
13307,18383,2
13307,18391,5
13307,18397,11
13307,18398,2.5
13307,18401,1
13307,18402,29
13307,18403,44
13307,18404,29
13307,18405,16
13307,18407,13
13307,18409,7
13307,18410,4
13307,18411,8
13307,18469,7
13307,18535,3
13307,18564,2
13307,18578,2
13307,18584,2
13307,18596,3
13307,18598,5
13308,18141,4
13308,18152,3
13308,18170,3
13308,18171,4
13308,18172,2
13308,18173,2
13308,18211,16
13308,18212,8
13308,18213,2
13308,18290,1
13308,18368,2
13308,18369,5
13308,18379,2
13308,18380,31
13308,18381,7
13308,18382,1
13308,18384,2
13308,18401,8
13308,18402,39
13308,18403,33
13308,18404,23
13308,18405,5
13308,18408,6
13308,18409,1
13308,18410,21
13308,18411,6
13308,18469,2
13308,18512,20
13308,18527,2
13308,18528,2
13308,18534,3
13308,18584,4
13309,18135,1
13309,18145,2
13309,18171,1
13309,18172,5
13309,18173,2
13309,18174,4
13309,18211,3
13309,18212,42.5
13309,18213,16
13309,18275,5
13309,18276,4
13309,18298,3
13309,18309,4
13309,18363,1
13309,18370,2
13309,18380,9
13309,18381,14
13309,18385,2
13309,18401,2
13309,18403,4
13309,18409,8.5
13309,18470,2
13309,18480,2
13309,18483,3
13309,18505,6
13309,18506,14.5
13309,18507,7
13309,18511,6
13309,18512,59
13309,18577,5
13310,18140,2
13310,18142,4
13310,18145,1
13310,18146,1
13310,18153,3
13310,18154,17.5
13310,18160,2
13310,18161,4
13310,18209,6
13310,18211,11
13310,18212,15
13310,18225,3
13310,18284,3
13310,18310,2
13310,18380,3
13310,18381,20.5
13310,18442,8
13310,18443,7
13310,18478,6
13310,18479,42
13310,18480,29.5
13310,18481,8
13310,18486,1
13310,18487,2
13310,18505,30
13310,18506,32
13310,18511,4
13310,18512,25
13310,18513,6
13310,18597,3
13311,18153,4
13311,18154,2
13311,18157,8
13311,18159,2
13311,18160,6
13311,18173,2
13311,18185,2
13311,18186,6
13311,18211,17
13311,18212,3
13311,18219,3
13311,18284,2
13311,18319,1
13311,18331,2
13311,18371,1
13311,18381,7
13311,18427,2
13311,18442,22
13311,18443,67
13311,18444,4
13311,18456,2
13311,18457,12
13311,18477,4
13311,18478,67
13311,18479,24
13311,18480,39.5
13311,18481,20
13311,18482,3
13311,18486,5
13311,18487,6
13311,18505,16
13311,18506,15
13311,18511,2
13311,18512,25
13311,18513,20
13311,18514,9
13311,18554,7
13312,18148,2
13312,18153,1
13312,18156,2
13312,18157,14
13312,18158,10
13312,18159,9
13312,18178,14
13312,18179,1
13312,18184,2
13312,18185,28.5
13312,18186,7
13312,18187,4
13312,18188,3
13312,18207,6
13312,18209,4
13312,18210,3
13312,18212,3
13312,18243,3
13312,18323,2
13312,18326,4
13312,18327,10
13312,18330,1
13312,18355,2
13312,18384,2
13312,18407,1
13312,18408,1
13312,18410,2
13312,18442,7
13312,18443,68
13312,18444,27.5
13312,18446,2
13312,18447,10
13312,18475,4
13312,18476,6
13312,18477,26.5
13312,18478,39
13312,18479,15
13312,18484,1
13312,18492,8
13312,18493,2
13312,18514,1
13312,18571,2
13312,18572,4
13312,18574,3
13312,18575,5
13312,18576,15
13312,18592,4
13312,18596,1
13313,18142,4
13313,18144,4
13313,18150,1
13313,18151,4
13313,18153,2
13313,18157,22
13313,18158,6
13313,18159,1
13313,18165,2
13313,18185,3
13313,18187,1
13313,18188,2
13313,18189,6
13313,18190,9
13313,18202,11
13313,18208,15
13313,18209,2
13313,18237,3
13313,18293,8
13313,18326,3
13313,18327,13
13313,18328,15
13313,18329,5
13313,18330,10
13313,18331,4
13313,18332,20
13313,18349,2
13313,18356,2
13313,18428,18
13313,18429,20.5
13313,18443,6
13313,18444,46
13313,18445,29
13313,18446,24
13313,18447,27
13313,18475,17
13313,18476,34
13313,18477,42
13313,18478,6
13313,18502,4
13313,18503,7
13313,18533,7
13313,18537,8
13313,18539,16.5
13313,18540,9
13313,18572,10
13313,18575,29
13313,18576,12
13313,18584,4
13313,18595,1
13314,18141,3
13314,18148,4
13314,18151,9
13314,18152,8
13314,18162,2
13314,18163,19
13314,18164,2
13314,18171,3
13314,18189,2
13314,18195,2
13314,18199,12
13314,18201,4
13314,18202,2
13314,18208,3
13314,18209,6
13314,18246,3
13314,18323,1
13314,18324,4
13314,18327,18
13314,18328,26
13314,18329,21
13314,18330,7
13314,18331,18.5
13314,18332,13
13314,18356,1
13314,18374,3
13314,18429,41
13314,18436,16
13314,18437,81
13314,18438,17
13314,18441,14
13314,18442,27
13314,18443,52
13314,18444,56
13314,18445,49
13314,18446,56
13314,18447,44
13314,18448,1
13314,18457,2
13314,18466,1
13314,18474,3
13314,18475,1
13314,18503,3
13314,18504,8
13314,18519,3
13314,18537,2
13314,18538,50
13314,18539,99
13314,18540,4
13314,18564,1
13314,18569,2
13314,18572,24
13314,18574,20
13314,18575,21
13314,18576,5
13314,18581,8
13314,18585,2
13314,18587,7
13315,18149,1
13315,18151,5
13315,18152,6
13315,18163,3
13315,18164,7
13315,18170,1
13315,18172,2
13315,18176,2
13315,18275,2
13315,18328,42
13315,18329,5
13315,18330,2
13315,18336,2
13315,18343,1
13315,18414,5
13315,18429,7
13315,18430,12
13315,18436,56
13315,18437,93.5
13315,18438,45
13315,18439,36
13315,18440,30
13315,18441,47
13315,18442,51
13315,18443,85.5
13315,18444,63
13315,18445,50
13315,18446,50
13315,18447,24
13315,18448,2
13315,18455,2
13315,18503,2
13315,18504,5
13315,18536,6
13315,18538,28
13315,18539,42.5
13315,18553,9
13315,18556,8
13315,18571,5
13315,18572,42
13315,18573,38
13315,18574,38
13315,18575,12
13316,18150,4
13316,18151,25
13316,18152,2
13316,18155,1
13316,18177,3
13316,18192,5
13316,18284,2
13316,18322,1
13316,18328,33.5
13316,18329,21.5
13316,18350,2
13316,18357,2
13316,18359,3
13316,18382,5
13316,18413,7
13316,18430,2
13316,18431,1
13316,18432,11
13316,18433,12
13316,18435,2
13316,18436,46
13316,18437,74
13316,18438,26
13316,18439,6
13316,18440,4
13316,18441,5
13316,18442,22
13316,18443,81
13316,18444,70
13316,18445,41.5
13316,18446,47
13316,18447,35
13316,18454,41
13316,18455,2
13316,18459,4
13316,18469,1
13316,18535,19
13316,18536,12
13316,18538,27
13316,18539,37
13316,18555,3
13316,18571,4
13316,18572,5
13316,18574,7
13316,18575,9
13316,18576,5
13316,18582,4
13316,18584,2
13316,18592,2
13317,18150,7
13317,18151,25
13317,18153,1
13317,18154,5
13317,18155,6
13317,18156,1
13317,18192,4
13317,18200,1
13317,18218,1
13317,18288,2
13317,18329,2
13317,18356,4
13317,18357,1
13317,18362,3
13317,18394,1
13317,18398,3
13317,18413,6
13317,18414,1
13317,18429,2
13317,18433,5
13317,18435,2
13317,18437,55
13317,18438,13
13317,18440,8
13317,18441,40
13317,18442,38
13317,18443,79
13317,18444,102
13317,18445,62.5
13317,18446,63
13317,18447,54
13317,18451,1
13317,18453,15.5
13317,18454,45.5
13317,18483,6
13317,18484,4
13317,18535,18
13317,18537,14
13317,18538,20
13317,18539,52
13317,18540,3
13317,18566,2
13317,18572,1
13317,18576,5
13317,18584,2
13318,18140,4
13318,18149,3
13318,18150,6
13318,18151,5
13318,18154,6
13318,18155,7.5
13318,18171,7
13318,18176,4
13318,18194,14
13318,18195,5
13318,18196,4
13318,18201,3
13318,18202,1
13318,18228,6
13318,18232,1
13318,18252,2
13318,18328,2
13318,18337,2
13318,18428,2
13318,18432,4
13318,18436,1
13318,18437,28
13318,18438,39
13318,18439,30
13318,18440,59
13318,18441,23
13318,18443,7
13318,18444,74.5
13318,18445,35.5
13318,18446,52
13318,18447,14
13318,18451,3
13318,18452,45
13318,18453,32.5
13318,18454,19
13318,18473,9
13318,18482,2
13318,18483,33.5
13318,18484,5
13318,18496,2
13318,18534,1
13318,18535,15
13318,18536,33
13318,18537,19
13318,18538,2
13318,18539,37
13318,18564,2
13319,18149,7
13319,18167,2
13319,18176,3
13319,18191,1
13319,18198,5
13319,18199,6
13319,18205,3
13319,18260,2
13319,18263,4
13319,18331,1
13319,18335,1
13319,18432,10
13319,18435,5
13319,18437,16
13319,18438,67
13319,18439,86.5
13319,18440,41
13319,18441,3
13319,18443,2
13319,18444,58
13319,18445,33
13319,18446,35.5
13319,18447,47
13319,18453,5
13319,18454,2
13319,18467,1
13319,18471,13
13319,18472,67
13319,18473,77
13319,18474,63
13319,18482,15.5
13319,18483,8
13319,18534,2
13319,18535,17
13319,18536,16
13319,18540,3
13319,18550,4
13319,18589,2
13320,18152,3
13320,18153,4
13320,18167,4
13320,18176,2
13320,18177,3
13320,18208,3
13320,18249,5
13320,18292,5
13320,18350,2
13320,18400,3
13320,18434,15
13320,18435,74
13320,18436,9
13320,18437,71
13320,18438,31
13320,18440,21
13320,18441,18
13320,18443,21
13320,18444,57
13320,18445,46
13320,18446,99.5
13320,18447,96.5
13320,18448,16
13320,18450,1
13320,18454,38
13320,18456,4
13320,18467,3
13320,18471,29
13320,18472,59.5
13320,18473,59
13320,18474,34
13320,18479,4
13320,18480,11
13320,18481,13
13320,18482,36.5
13320,18508,9
13320,18509,6
13320,18521,13
13320,18533,1
13320,18550,23.5
13320,18551,5
13320,18554,4
13320,18555,2
13321,18152,2
13321,18153,5
13321,18156,4
13321,18167,2
13321,18173,3
13321,18188,7
13321,18244,1
13321,18379,3
13321,18410,1
13321,18416,2
13321,18425,4
13321,18429,4
13321,18434,14
13321,18435,22.5
13321,18436,24.5
13321,18437,34
13321,18438,8
13321,18444,70.5
13321,18445,5
13321,18454,14
13321,18470,23.5
13321,18471,66
13321,18472,27.5
13321,18473,34
13321,18479,19
13321,18480,47
13321,18481,23
13321,18507,6
13321,18508,22
13321,18531,4
13321,18548,23
13321,18549,24
13321,18550,11
13322,18156,4
13322,18162,5
13322,18209,7
13322,18216,2
13322,18220,4
13322,18223,1
13322,18333,5
13322,18369,3
13322,18379,1
13322,18410,1
13322,18425,1
13322,18428,3
13322,18435,10
13322,18442,3
13322,18443,1
13322,18469,48.5
13322,18470,56
13322,18471,39
13322,18472,16
13322,18479,6
13322,18481,6
13322,18490,1
13322,18492,2
13322,18497,2
13322,18507,2
13322,18508,7
13322,18509,2
13322,18529,4
13322,18530,13
13322,18531,30
13322,18532,6
13322,18548,9
13322,18549,3
13322,18550,8
13322,18587,1
13323,18140,1
13323,18152,2
13323,18153,3
13323,18161,3
13323,18162,4
13323,18199,2
13323,18264,3
13323,18278,2
13323,18329,1
13323,18365,4
13323,18419,3
13323,18421,9
13323,18422,2
13323,18427,5
13323,18429,31
13323,18434,2
13323,18441,12
13323,18442,13
13323,18443,8
13323,18444,1
13323,18469,18
13323,18471,12
13323,18472,51
13323,18490,3
13323,18491,3
13323,18492,7
13323,18509,6
13323,18528,7
13323,18529,30.5
13323,18530,41
13323,18531,31
13323,18532,8
13323,18550,9
13323,18581,5
13323,18583,3
13324,18140,5
13324,18141,6
13324,18154,11
13324,18155,2
13324,18157,3
13324,18168,6
13324,18180,4
13324,18257,2
13324,18283,1
13324,18355,5
13324,18360,8
13324,18362,2
13324,18377,1
13324,18378,1
13324,18441,2
13324,18442,36
13324,18443,98
13324,18444,45.5
13324,18445,65
13324,18446,33
13324,18447,12
13324,18450,2
13324,18488,3
13324,18491,3
13324,18492,1
13324,18507,12
13324,18508,32
13324,18509,17
13324,18527,2
13324,18528,8
13324,18530,28
13324,18531,9
13324,18550,1
13324,18555,2
13324,18584,3
13324,18585,1
13325,18151,6
13325,18152,15
13325,18153,5
13325,18154,18
13325,18155,2
13325,18156,6
13325,18166,1
13325,18174,2
13325,18263,2
13325,18283,2
13325,18322,2
13325,18345,4
13325,18352,5
13325,18355,3
13325,18360,2
13325,18361,1
13325,18398,5
13325,18418,2
13325,18442,13
13325,18443,30
13325,18444,43
13325,18445,78
13325,18446,85
13325,18447,29
13325,18448,19
13325,18449,7
13325,18450,2
13325,18458,14
13325,18460,5
13325,18490,6
13325,18491,3
13325,18507,5
13325,18508,10
13325,18509,20
13325,18550,3
13325,18552,2
13325,18554,1
13325,18555,7
13326,18145,1
13326,18152,6
13326,18153,20
13326,18154,7
13326,18156,2
13326,18162,1
13326,18163,3
13326,18165,3
13326,18206,1
13326,18341,2
13326,18343,3
13326,18352,5
13326,18353,22.5
13326,18354,29
13326,18355,2
13326,18357,14
13326,18404,1.5
13326,18442,13
13326,18443,25.5
13326,18446,38
13326,18447,11.5
13326,18449,10
13326,18450,17
13326,18451,3
13326,18457,2
13326,18458,84
13326,18459,51
13326,18460,18
13326,18461,2
13326,18490,16
13326,18518,1
13326,18543,4
13326,18555,4
13327,18143,2
13327,18152,6
13327,18153,21
13327,18155,1
13327,18156,33.5
13327,18165,7.5
13327,18183,5
13327,18213,2
13327,18247,3
13327,18331,4
13327,18340,2
13327,18353,4.5
13327,18354,40
13327,18355,28
13327,18356,13
13327,18357,19.5
13327,18358,2
13327,18373,1
13327,18381,4
13327,18384,5
13327,18385,2
13327,18391,4
13327,18400,1
13327,18430,11
13327,18431,5
13327,18436,4
13327,18442,48.5
13327,18443,45
13327,18444,14
13327,18450,37.5
13327,18451,6
13327,18458,17
13327,18459,37
13327,18460,23
13327,18479,2
13327,18489,6
13327,18490,7
13327,18491,4
13327,18501,2
13327,18548,3
13327,18550,3
13327,18556,1
13328,18137,2
13328,18142,2
13328,18148,5
13328,18149,21
13328,18153,17
13328,18155,3
13328,18156,17
13328,18165,2
13328,18172,3
13328,18177,2
13328,18209,1
13328,18246,3
13328,18247,3
13328,18253,1
13328,18353,8
13328,18354,35
13328,18355,6
13328,18416,1
13328,18430,2
13328,18431,17
13328,18434,3
13328,18435,12
13328,18441,8
13328,18442,57
13328,18443,82
13328,18444,75.5
13328,18445,16
13328,18449,32
13328,18450,41
13328,18457,6
13328,18465,3
13328,18477,4
13328,18480,3
13328,18481,9
13328,18482,4
13328,18489,3
13328,18491,4
13328,18526,2
13328,18549,8
13328,18550,8
13329,18148,4
13329,18149,21
13329,18153,32
13329,18155,12
13329,18156,13
13329,18157,10
13329,18158,2
13329,18166,1
13329,18178,7
13329,18238,1
13329,18350,3
13329,18351,4
13329,18353,34.5
13329,18354,11.5
13329,18355,37.5
13329,18373,2
13329,18375,2
13329,18401,2
13329,18417,7
13329,18418,4
13329,18423,5
13329,18424,7
13329,18427,3
13329,18428,10
13329,18430,2
13329,18431,7
13329,18433,14
13329,18434,13
13329,18436,5
13329,18437,1
13329,18438,14
13329,18441,6
13329,18442,2
13329,18444,53
13329,18445,16
13329,18447,13
13329,18448,35
13329,18449,67.5
13329,18450,24
13329,18451,36
13329,18479,6
13329,18480,12
13329,18481,3
13329,18526,1
13329,18545,5
13329,18547,2
13329,18548,16
13329,18550,4
13329,18551,2
13329,18552,3
13329,18555,2
13330,18149,11
13330,18150,1
13330,18153,10
13330,18155,26
13330,18156,45.5
13330,18157,31
13330,18158,7
13330,18219,3
13330,18258,2
13330,18275,2
13330,18282,1
13330,18316,2
13330,18350,6
13330,18351,14.5
13330,18352,14
13330,18353,9.5
13330,18416,9
13330,18417,4
13330,18421,3
13330,18427,17
13330,18428,12
13330,18431,7
13330,18432,2
13330,18433,27.5
13330,18434,78
13330,18435,167
13330,18436,91.5
13330,18437,54
13330,18441,23
13330,18442,4
13330,18444,4
13330,18445,5
13330,18446,60
13330,18447,68
13330,18448,52
13330,18449,43
13330,18450,44.5
13330,18451,83
13330,18452,7
13330,18455,5
13330,18463,3
13330,18505,2
13330,18536,2
13330,18546,2
13331,18153,8
13331,18154,14
13331,18155,11
13331,18157,4
13331,18158,22
13331,18171,5
13331,18172,4
13331,18174,2
13331,18179,3
13331,18228,2
13331,18349,2
13331,18350,18
13331,18353,3
13331,18379,3
13331,18416,4
13331,18417,6
13331,18420,2
13331,18425,3
13331,18427,3
13331,18428,17
13331,18429,14
13331,18432,3
13331,18433,12
13331,18434,29.5
13331,18435,42
13331,18436,91
13331,18437,138.5
13331,18438,104
13331,18439,56
13331,18440,40
13331,18441,26.5
13331,18442,52
13331,18445,1
13331,18446,40
13331,18447,51
13331,18448,15
13331,18449,1
13331,18451,70
13331,18452,113
13331,18462,2
13331,18503,3
13331,18505,4
13331,18506,4
13331,18538,4
13331,18549,6
13332,18149,8
13332,18150,19
13332,18154,39
13332,18155,16
13332,18156,6
13332,18157,13.5
13332,18158,30
13332,18159,1
13332,18166,1
13332,18168,4
13332,18180,5
13332,18181,2
13332,18228,2
13332,18273,2
13332,18346,4
13332,18347,1
13332,18372,2
13332,18410,4
13332,18426,1
13332,18427,17
13332,18428,68.5
13332,18429,28
13332,18430,11
13332,18434,22
13332,18435,28
13332,18436,175.5
13332,18437,62
13332,18438,147
13332,18439,166
13332,18440,70
13332,18441,105
13332,18442,189
13332,18443,59
13332,18444,9
13332,18445,2
13332,18446,6
13332,18447,33
13332,18448,8
13332,18451,23
13332,18452,29
13332,18453,1
13332,18456,3
13332,18503,13.5
13332,18504,47
13332,18505,20
13332,18506,11
13332,18549,2
13333,18137,4
13333,18148,5
13333,18149,25
13333,18150,8
13333,18152,4
13333,18153,2
13333,18154,66
13333,18155,46
13333,18156,16
13333,18157,19
13333,18158,39.5
13333,18159,8
13333,18164,2
13333,18165,11
13333,18166,19
13333,18188,10
13333,18203,4
13333,18221,2
13333,18223,6
13333,18347,1
13333,18352,5
13333,18380,2
13333,18426,2
13333,18427,62.5
13333,18428,71
13333,18429,69.5
13333,18430,34
13333,18435,3
13333,18436,50
13333,18437,200.5
13333,18438,143.5
13333,18439,318
13333,18440,95
13333,18441,33.5
13333,18442,29
13333,18443,148
13333,18444,170
13333,18446,35
13333,18447,81.5
13333,18448,10
13333,18449,14
13333,18451,9
13333,18452,6
13333,18456,6
13333,18475,1
13333,18502,11
13333,18503,47
13333,18504,70.5
13333,18505,53.5
13333,18506,40
13333,18507,5
13334,18150,2
13334,18154,55.5
13334,18155,17
13334,18156,6
13334,18157,17
13334,18158,9
13334,18166,9
13334,18188,28
13334,18189,45
13334,18217,1
13334,18243,3
13334,18244,15
13334,18344,1
13334,18346,2
13334,18350,3
13334,18416,36
13334,18427,26
13334,18428,37
13334,18429,13
13334,18430,22
13334,18431,27
13334,18435,91
13334,18436,60
13334,18437,47.5
13334,18438,123
13334,18439,140
13334,18440,98.5
13334,18441,48.5
13334,18444,417.5
13334,18445,215
13334,18446,108
13334,18447,162.5
13334,18448,177
13334,18449,102
13334,18450,69
13334,18451,4
13334,18474,5
13334,18475,5
13334,18476,4
13334,18503,16
13334,18504,30
13334,18505,29
13334,18506,9.5
13334,18507,19
13335,18139,2
13335,18153,6
13335,18154,45
13335,18158,4
13335,18188,14
13335,18189,8
13335,18190,3
13335,18201,1
13335,18217,2
13335,18219,1
13335,18233,1
13335,18234,3
13335,18244,5
13335,18294,3
13335,18352,2
13335,18404,2
13335,18426,3
13335,18428,5
13335,18432,21
13335,18434,4
13335,18435,36.5
13335,18436,10
13335,18437,320.5
13335,18438,43
13335,18439,8
13335,18440,48.5
13335,18441,100
13335,18442,1
13335,18443,268
13335,18444,545.5
13335,18445,179.5
13335,18446,461.5
13335,18447,454.5
13335,18448,116
13335,18449,164
13335,18450,20
13335,18475,7
13335,18476,45
13335,18506,4
13335,18507,2
13335,18512,2
13336,18189,1
13336,18190,5
13336,18205,4
13336,18210,2
13336,18233,2
13336,18234,4
13336,18304,1
13336,18411,2
13336,18414,44
13336,18416,7
13336,18423,2
13336,18424,7
13336,18425,11
13336,18426,18
13336,18427,19
13336,18428,58
13336,18429,40
13336,18430,82
13336,18431,22
13336,18432,8
13336,18433,49
13336,18435,74
13336,18436,7
13336,18437,80
13336,18438,87
13336,18439,45
13336,18440,76.5
13336,18441,118.5
13336,18442,96
13336,18443,31
13336,18444,2
13336,18445,133.5
13336,18446,155
13336,18447,123.5
13336,18448,17
13336,18449,11
13336,18456,12
13336,18461,1
13336,18489,2
13336,18491,5
13336,18492,15
13336,18493,8
13336,18554,3
13337,18145,2
13337,18146,18
13337,18163,7
13337,18189,10
13337,18190,2
13337,18213,2
13337,18218,2
13337,18219,4
13337,18233,6
13337,18259,1
13337,18285,2
13337,18304,1
13337,18348,1
13337,18385,3
13337,18386,3
13337,18387,8
13337,18414,36
13337,18415,3
13337,18418,4
13337,18426,5
13337,18427,45
13337,18428,4
13337,18429,25.5
13337,18430,64.5
13337,18431,97
13337,18432,24
13337,18433,30
13337,18434,43
13337,18435,23
13337,18436,82
13337,18437,129
13337,18438,137
13337,18439,265.5
13337,18440,304.5
13337,18441,62
13337,18442,117.5
13337,18443,618
13337,18444,253
13337,18445,643.5
13337,18446,75
13337,18447,223
13337,18448,77.5
13337,18449,83
13337,18450,11
13337,18451,1
13337,18460,7
13337,18489,15
13337,18491,17
13337,18492,24.5
13337,18493,13.5
13337,18512,1
13337,18513,5
13337,18526,2
13337,18527,6
13337,18528,5
13337,18541,5
13338,18145,4
13338,18147,2
13338,18148,2
13338,18150,1
13338,18163,3
13338,18190,4
13338,18191,3
13338,18204,7
13338,18205,11
13338,18218,6
13338,18219,1
13338,18234,1
13338,18235,12
13338,18238,2
13338,18274,2
13338,18292,1
13338,18405,5
13338,18414,12
13338,18415,28.5
13338,18416,6
13338,18417,9
13338,18418,4
13338,18419,3
13338,18424,10
13338,18425,77
13338,18426,16
13338,18427,2
13338,18428,55
13338,18429,121
13338,18430,87.5
13338,18431,43
13338,18432,81
13338,18433,400
13338,18434,86
13338,18435,52
13338,18436,58.5
13338,18437,134.5
13338,18438,116.5
13338,18439,154.5
13338,18440,146
13338,18441,166
13338,18442,268
13338,18443,224
13338,18444,99
13338,18445,375
13338,18446,87.5
13338,18447,96.5
13338,18448,115
13338,18449,115
13338,18450,5
13338,18454,4
13338,18488,3
13338,18489,4
13338,18490,2
13338,18491,29
13338,18492,9
13338,18526,5
13338,18527,16
13338,18528,30
13338,18529,2
13338,18540,3
13339,18130,3
13339,18145,4
13339,18146,3
13339,18147,1
13339,18191,2
13339,18194,1
13339,18204,13
13339,18205,9
13339,18232,10
13339,18235,4
13339,18236,3
13339,18375,2
13339,18376,4
13339,18386,2
13339,18405,2
13339,18414,2
13339,18415,28
13339,18416,37
13339,18421,8
13339,18422,6
13339,18423,27
13339,18424,69
13339,18425,79
13339,18426,116
13339,18427,55
13339,18428,103
13339,18429,137
13339,18430,83.5
13339,18431,64
13339,18432,291.5
13339,18433,160.5
13339,18434,245
13339,18435,54.5
13339,18436,48
13339,18437,42
13339,18438,172.5
13339,18439,262
13339,18440,95.5
13339,18441,66
13339,18442,149.5
13339,18443,434.5
13339,18444,216
13339,18445,189
13339,18446,155.5
13339,18447,144.5
13339,18448,143.5
13339,18449,68.5
13339,18450,4
13339,18490,2
13339,18491,3
13339,18521,2
13339,18522,6
13339,18524,1
13339,18526,13
13339,18527,34
13339,18528,28
13339,18529,3
13339,18542,3
13339,18543,2
13339,18552,4
13340,18129,1
13340,18144,10
13340,18145,22
13340,18146,9
13340,18168,2
13340,18185,3
13340,18203,4
13340,18271,1
13340,18344,3
13340,18364,1
13340,18365,4
13340,18378,4
13340,18414,23
13340,18415,53
13340,18416,7
13340,18422,6.5
13340,18423,34
13340,18424,125.5
13340,18425,70
13340,18426,22
13340,18427,8
13340,18428,12
13340,18429,64
13340,18430,98
13340,18431,50
13340,18432,65.5
13340,18433,271.5
13340,18434,198.5
13340,18435,198
13340,18436,157.5
13340,18437,81.5
13340,18438,242
13340,18439,120.5
13340,18440,30.5
13340,18441,16
13340,18442,218
13340,18443,227.5
13340,18444,149.5
13340,18445,183
13340,18446,122
13340,18447,109.5
13340,18448,84.5
13340,18449,62
13340,18450,40
13340,18478,3
13340,18480,8
13340,18481,21
13340,18521,8
13340,18522,2
13340,18526,5
13340,18527,7
13340,18528,19
13340,18529,25
13340,18539,3
13340,18540,13
13340,18553,2
13341,18127,2
13341,18143,3
13341,18145,13
13341,18146,10
13341,18165,1
13341,18183,3
13341,18192,2
13341,18203,16.5
13341,18204,5
13341,18228,1
13341,18343,6
13341,18344,3
13341,18359,2
13341,18361,1
13341,18365,1
13341,18414,26.5
13341,18415,2
13341,18418,62
13341,18419,37
13341,18420,17
13341,18422,2
13341,18423,14
13341,18424,74
13341,18429,52.5
13341,18430,59
13341,18431,61.5
13341,18432,120
13341,18433,99
13341,18434,178.5
13341,18435,240
13341,18436,239.5
13341,18437,215.5
13341,18438,199
13341,18439,147.5
13341,18440,170
13341,18441,38
13341,18442,108
13341,18443,64
13341,18444,145.5
13341,18445,21
13341,18446,57
13341,18447,88
13341,18448,61
13341,18449,3
13341,18450,1
13341,18451,5
13341,18459,4
13341,18480,1
13341,18481,26
13341,18482,9
13341,18528,9
13341,18529,6
13342,18127,10.5
13342,18128,6
13342,18140,4
13342,18148,1
13342,18165,7
13342,18169,2
13342,18192,8
13342,18203,2
13342,18258,2
13342,18260,2
13342,18300,2
13342,18301,2
13342,18303,6
13342,18343,10
13342,18344,5
13342,18359,3
13342,18366,4
13342,18404,4
13342,18417,87.5
13342,18418,84.5
13342,18419,120
13342,18420,41
13342,18429,58
13342,18430,75.5
13342,18431,42
13342,18432,102.5
13342,18433,160
13342,18434,234.5
13342,18435,351
13342,18436,256.5
13342,18437,194.5
13342,18438,87
13342,18439,217
13342,18440,165.5
13342,18441,112
13342,18442,68.5
13342,18443,115
13342,18444,108
13342,18445,93
13342,18446,182
13342,18447,33.5
13342,18448,21
13342,18449,12
13342,18451,24
13342,18452,5
13342,18458,26
13342,18483,14
13342,18484,8
13342,18532,4
13342,18551,9.5
13343,18130,2
13343,18148,2
13343,18181,2
13343,18182,1
13343,18187,1
13343,18295,2
13343,18296,1
13343,18297,2
13343,18298,1
13343,18299,5
13343,18300,7
13343,18302,25
13343,18303,11
13343,18304,28
13343,18305,2
13343,18318,3
13343,18343,5
13343,18344,3
13343,18345,5
13343,18372,2
13343,18386,3
13343,18417,17
13343,18418,75
13343,18419,69
13343,18420,78
13343,18421,1
13343,18423,1
13343,18425,2
13343,18430,18
13343,18431,63
13343,18432,60
13343,18433,96.5
13343,18434,184.5
13343,18435,259
13343,18436,108
13343,18437,124.5
13343,18438,278.5
13343,18439,341
13343,18440,278
13343,18441,482.5
13343,18442,304.5
13343,18443,150.5
13343,18444,182.5
13343,18445,89
13343,18446,47
13343,18447,1
13343,18450,4
13343,18451,4
13343,18452,1
13343,18458,53
13343,18459,89
13343,18483,10
13343,18484,17
13343,18485,4
13344,18122,5
13344,18129,3
13344,18171,4
13344,18297,2
13344,18298,1
13344,18300,1
13344,18302,11
13344,18303,27
13344,18304,17
13344,18343,15
13344,18344,4
13344,18345,9
13344,18390,5
13344,18414,1
13344,18417,48
13344,18418,99.5
13344,18419,103.5
13344,18420,92
13344,18422,5
13344,18423,41
13344,18424,31
13344,18425,11
13344,18426,9
13344,18427,104
13344,18430,3
13344,18431,22
13344,18432,9.5
13344,18434,10.5
13344,18437,50
13344,18438,90
13344,18439,154
13344,18440,139
13344,18441,201.5
13344,18442,105
13344,18443,284
13344,18444,248.5
13344,18445,89
13344,18446,50
13344,18447,21
13344,18448,12
13344,18449,1
13344,18457,3
13344,18458,64.5
13344,18459,74
13344,18460,9
13344,18471,1
13344,18484,3
13344,18485,19
13344,18486,19
13344,18567,2
13345,18129,4
13345,18136,4
13345,18137,3
13345,18192,1
13345,18301,5
13345,18302,2
13345,18304,2
13345,18343,2
13345,18344,29
13345,18345,5
13345,18390,2
13345,18413,2
13345,18417,28
13345,18418,24
13345,18419,2
13345,18420,44
13345,18424,16
13345,18425,14
13345,18426,31
13345,18427,60.5
13345,18428,57
13345,18435,4
13345,18436,95
13345,18437,238.5
13345,18438,101
13345,18439,4
13345,18440,43.5
13345,18441,109
13345,18442,150.5
13345,18443,259
13345,18444,150
13345,18445,131
13345,18446,131
13345,18447,116.5
13345,18448,16
13345,18449,51
13345,18450,1
13345,18458,13
13345,18459,38
13345,18484,49
13345,18485,72.5
13345,18486,38.5
13345,18491,3
13345,18492,5
13345,18508,3
13345,18540,1
13345,18541,7
13345,18542,5
13345,18567,4
13346,18136,3
13346,18137,8.5
13346,18213,2
13346,18214,3
13346,18300,6
13346,18301,3
13346,18306,18
13346,18307,3
13346,18340,3
13346,18341,4
13346,18342,5
13346,18343,17
13346,18344,14
13346,18345,7
13346,18426,5
13346,18427,11
13346,18428,37
13346,18429,14
13346,18433,1
13346,18434,47
13346,18435,113
13346,18436,171
13346,18437,151
13346,18438,120
13346,18440,25
13346,18441,117
13346,18442,190.5
13346,18443,13
13346,18444,224
13346,18445,347.5
13346,18446,97
13346,18447,112
13346,18448,98
13346,18449,218
13346,18450,33.5
13346,18453,3
13346,18454,4
13346,18455,6
13346,18460,7
13346,18461,5
13346,18462,2
13346,18463,15.5
13346,18475,3
13346,18484,3
13346,18485,41
13346,18486,59
13346,18487,81.5
13346,18488,79
13346,18489,14
13346,18491,6
13346,18492,6
13346,18505,17
13346,18506,13
13346,18507,10
13346,18540,20
13346,18541,14
13347,18138,6
13347,18139,13
13347,18140,4
13347,18213,10
13347,18226,3
13347,18278,2
13347,18307,9
13347,18308,11
13347,18311,1
13347,18315,1
13347,18317,1
13347,18340,1
13347,18341,3
13347,18342,13
13347,18343,8
13347,18427,5
13347,18429,14
13347,18430,53
13347,18431,35
13347,18432,86
13347,18433,74
13347,18434,69
13347,18435,165.5
13347,18436,152
13347,18437,98.5
13347,18438,34
13347,18440,32.5
13347,18441,306.5
13347,18442,173
13347,18443,43
13347,18444,27
13347,18445,12
13347,18446,5
13347,18447,59
13347,18448,137.5
13347,18449,94.5
13347,18450,103
13347,18451,20
13347,18460,1
13347,18461,3
13347,18486,3
13347,18487,50
13347,18488,7
13347,18505,3
13347,18506,11
13347,18507,32
13347,18508,4
13347,18538,2
13347,18541,24
13348,18138,12
13348,18139,12
13348,18213,3
13348,18378,4
13348,18384,2
13348,18407,6
13348,18408,1
13348,18428,1
13348,18429,15.5
13348,18430,34
13348,18431,19
13348,18432,59
13348,18433,182
13348,18434,66.5
13348,18435,229
13348,18436,56
13348,18437,145.5
13348,18438,62
13348,18441,183
13348,18442,341.5
13348,18448,57
13348,18449,43
13348,18450,66
13348,18451,1
13348,18464,3
13348,18501,2
13348,18505,15
13348,18506,18.5
13348,18538,3
13348,18548,4
13348,18566,1
13348,18567,14
13348,18570,1
13349,18214,1
13349,18218,1
13349,18275,1
13349,18325,6
13349,18395,2
13349,18428,5
13349,18429,19
13349,18430,4.5
13349,18431,7
13349,18432,87
13349,18433,34
13349,18434,17
13349,18435,103
13349,18436,84.5
13349,18437,44.5
13349,18438,52
13349,18439,12
13349,18441,97
13349,18442,72.5
13349,18444,33
13349,18445,21
13349,18446,8
13349,18450,1
13349,18456,3
13349,18502,9
13349,18504,2.5
13349,18505,9
13349,18506,10
13349,18536,2
13349,18537,5
13349,18549,2
13349,18565,2
13349,18566,17
13349,18569,3
13349,18570,18
13350,18178,3
13350,18215,1
13350,18217,2
13350,18289,1
13350,18309,40
13350,18310,25.5
13350,18312,2
13350,18313,19
13350,18314,2
13350,18325,3
13350,18341,1
13350,18342,4
13350,18365,2
13350,18366,1
13350,18404,2
13350,18406,2
13350,18422,7.5
13350,18423,6
13350,18426,4
13350,18428,3
13350,18429,8
13350,18431,6
13350,18432,13
13350,18433,14
13350,18434,4
13350,18435,109.5
13350,18436,78
13350,18437,65.5
13350,18438,49
13350,18439,7
13350,18441,15
13350,18442,81.5
13350,18443,84
13350,18444,82.5
13350,18445,110
13350,18446,314
13350,18447,26
13350,18454,2
13350,18456,2
13350,18459,2
13350,18462,3
13350,18463,4
13350,18497,3
13350,18504,2
13350,18505,24
13350,18522,1
13350,18523,11
13350,18524,29
13350,18525,14.5
13350,18536,10
13350,18537,9
13350,18538,13
13350,18563,1
13350,18567,16
13350,18568,18
13351,18210,2
13351,18216,2
13351,18297,2
13351,18309,16
13351,18310,38
13351,18311,40
13351,18312,16
13351,18313,34
13351,18323,3
13351,18326,1
13351,18349,4
13351,18376,4
13351,18410,4
13351,18411,6
13351,18422,1
13351,18423,2
13351,18427,4
13351,18428,7
13351,18432,6
13351,18435,19
13351,18436,122
13351,18437,5
13351,18438,9
13351,18443,161.5
13351,18444,163.5
13351,18445,187
13351,18446,390.5
13351,18447,146.5
13351,18448,19
13351,18455,13
13351,18456,2
13351,18505,1
13351,18511,1
13351,18523,16
13351,18524,25
13351,18525,3.5
13351,18537,24.5
13351,18538,4
13351,18548,4
13351,18563,1
13351,18566,6
13351,18567,38
13351,18568,1.5
13352,18244,3
13352,18270,1
13352,18291,2
13352,18309,15
13352,18310,26
13352,18311,53
13352,18312,27
13352,18313,45
13352,18314,42
13352,18315,1
13352,18317,3
13352,18318,10
13352,18319,9
13352,18320,2
13352,18326,19
13352,18327,2
13352,18348,2
13352,18355,3
13352,18407,5
13352,18409,6
13352,18410,2
13352,18426,2
13352,18428,4
13352,18434,8
13352,18435,17
13352,18436,364.5
13352,18437,37.5
13352,18439,3
13352,18443,222
13352,18444,196
13352,18445,74.5
13352,18446,50
13352,18447,118
13352,18448,62
13352,18449,44
13352,18450,4
13352,18451,8
13352,18455,2
13352,18456,5
13352,18508,2
13352,18524,14
13352,18525,2
13352,18537,2
13352,18548,4
13352,18567,8
13353,18208,2
13353,18284,4
13353,18309,3
13353,18311,4
13353,18313,6
13353,18314,23
13353,18315,13
13353,18316,29
13353,18317,19
13353,18318,13.5
13353,18319,9
13353,18361,3
13353,18390,6
13353,18401,5
13353,18423,2
13353,18434,33
13353,18435,41
13353,18436,51.5
13353,18442,12
13353,18443,73.5
13353,18444,112.5
13353,18445,67
13353,18446,86.5
13353,18447,67
13353,18448,138.5
13353,18449,111
13353,18450,28
13353,18451,9
13353,18452,12
13353,18468,3
13353,18469,12
13353,18470,13
13353,18548,4
13353,18549,2
13354,18314,7.5
13354,18317,9
13354,18318,16
13354,18331,1
13354,18348,2
13354,18381,2
13354,18390,6
13354,18391,11
13354,18399,2
13354,18401,2
13354,18402,2
13354,18418,3
13354,18434,3
13354,18435,2
13354,18438,2
13354,18439,2
13354,18440,3
13354,18441,50
13354,18442,86
13354,18443,16
13354,18444,72
13354,18445,27.5
13354,18446,46.5
13354,18447,112
13354,18448,134.5
13354,18449,122.5
13354,18450,8
13354,18451,2
13354,18458,4
13354,18470,4
13355,18206,5
13355,18220,7
13355,18230,2
13355,18259,2
13355,18318,8
13355,18368,3
13355,18373,1
13355,18377,4
13355,18382,2
13355,18383,1
13355,18387,3
13355,18388,20
13355,18389,34
13355,18390,74.5
13355,18391,52.5
13355,18393,18
13355,18394,29
13355,18395,9
13355,18396,3
13355,18401,2
13355,18404,2
13355,18417,2
13355,18438,3
13355,18439,14
13355,18440,87.5
13355,18441,131
13355,18442,74
13355,18443,89
13355,18444,44.5
13355,18445,31
13355,18447,34
13355,18448,103
13355,18449,58
13355,18454,1
13355,18455,2
13355,18457,4
13355,18472,1
13355,18513,2
13355,18523,2
13355,18524,6
13355,18558,4
13356,18194,5
13356,18222,5
13356,18315,1
13356,18316,4
13356,18318,7
13356,18319,6
13356,18360,4
13356,18373,1
13356,18387,6
13356,18388,40
13356,18389,46.5
13356,18390,1
13356,18391,37.5
13356,18392,52
13356,18393,51
13356,18394,19
13356,18395,2
13356,18417,21.5
13356,18418,13
13356,18438,20
13356,18439,10
13356,18440,26.5
13356,18441,106.5
13356,18442,61
13356,18443,38
13356,18444,23
13356,18445,17
13356,18446,14.5
13356,18448,30
13356,18449,7
13356,18454,2
13356,18455,1
13356,18456,3
13356,18457,4
13356,18459,2
13356,18481,3
13356,18524,11
13356,18554,1
13356,18556,2
13356,18557,3
13356,18558,5
13356,18559,1
13356,18566,2
13356,18569,3
13356,18578,1
13356,18579,2
13357,18202,2
13357,18316,4
13357,18319,11
13357,18357,7
13357,18362,3.5
13357,18381,1
13357,18385,4
13357,18386,4
13357,18387,4
13357,18388,34
13357,18389,46.5
13357,18390,47.5
13357,18391,46
13357,18392,55
13357,18393,40
13357,18424,9
13357,18438,29
13357,18439,22
13357,18441,20
13357,18442,28
13357,18445,8
13357,18446,20
13357,18448,2
13357,18457,2
13357,18458,4
13357,18459,4
13357,18460,18
13357,18462,3
13357,18463,3
13357,18466,1
13357,18480,2
13357,18523,12
13357,18524,4
13357,18537,1
13357,18550,1
13357,18554,6
13357,18555,3
13357,18557,1
13357,18574,3
13358,18184,3
13358,18220,4
13358,18248,2
13358,18307,6
13358,18319,16
13358,18357,16
13358,18362,2
13358,18381,2
13358,18382,47
13358,18383,16.5
13358,18384,15
13358,18385,4
13358,18387,10
13358,18388,10
13358,18389,18
13358,18390,53.5
13358,18391,32
13358,18392,23.5
13358,18393,2
13358,18401,2
13358,18402,6
13358,18422,1
13358,18423,8
13358,18424,7
13358,18425,1
13358,18436,2
13358,18438,2
13358,18439,9
13358,18440,20
13358,18441,11
13358,18442,13
13358,18446,7
13358,18447,3
13358,18459,5
13358,18460,29
13358,18461,19
13358,18462,6
13358,18480,2
13358,18481,9
13358,18523,3
13358,18525,3
13358,18538,3
13358,18555,6
13358,18557,5
13358,18558,3
13358,18559,4
13358,18594,2
13359,18176,1
13359,18184,3
13359,18185,2
13359,18206,2
13359,18216,1
13359,18286,5
13359,18287,4
13359,18305,4
13359,18320,4
13359,18370,3
13359,18382,44
13359,18383,13.5
13359,18401,2
13359,18402,10
13359,18409,7
13359,18418,1
13359,18419,4
13359,18422,12
13359,18424,7
13359,18425,2
13359,18439,3
13359,18441,3
13359,18442,1
13359,18459,8
13359,18460,6
13359,18461,11
13359,18462,19.5
13359,18505,3
13359,18525,8
13359,18553,2
13359,18554,5
13359,18555,22
13359,18556,6
13359,18557,3
13359,18558,3
13359,18590,15
13359,18595,1
13359,18596,6
13359,18597,10
13359,18598,3
13359,18599,1
13360,18184,2
13360,18185,12
13360,18201,2
13360,18202,2
13360,18230,2
13360,18238,1
13360,18240,7
13360,18317,25
13360,18348,1
13360,18362,1
13360,18382,15
13360,18394,5
13360,18446,6
13360,18447,7
13360,18462,3
13360,18470,2
13360,18471,26
13360,18472,4
13360,18480,1
13360,18507,13
13360,18508,5
13360,18554,9
13360,18559,4
13360,18560,2
13360,18570,2
13360,18590,2
13360,18592,2
13360,18599,8
13360,18600,2
13361,18177,5
13361,18183,3
13361,18184,1
13361,18207,6
13361,18232,2
13361,18237,12
13361,18238,2
13361,18239,5
13361,18240,5
13361,18284,4
13361,18300,1
13361,18305,7
13361,18316,8
13361,18317,4
13361,18382,2
13361,18392,34
13361,18393,60
13361,18394,17
13361,18409,4
13361,18471,24
13361,18472,28
13361,18473,7
13361,18474,3
13361,18488,5
13361,18502,3
13361,18506,8
13361,18507,16
13361,18555,2
13361,18556,3
13361,18558,5
13361,18600,6
13361,18601,7.5
13362,18181,1
13362,18203,2
13362,18234,2
13362,18235,7
13362,18236,10
13362,18299,1
13362,18300,1
13362,18318,7
13362,18325,5
13362,18362,5
13362,18376,5
13362,18392,79.5
13362,18393,4
13362,18394,9
13362,18463,1
13362,18470,4
13362,18471,2
13362,18472,2
13362,18473,11
13362,18474,7
13362,18490,3
13362,18542,2
13362,18586,2
13362,18598,7
13363,18181,2
13363,18188,2
13363,18198,1
13363,18203,4
13363,18225,5
13363,18234,2
13363,18235,35.5
13363,18236,35
13363,18237,9
13363,18238,15
13363,18239,2
13363,18265,10
13363,18273,1
13363,18275,2
13363,18278,7
13363,18300,4
13363,18343,1
13363,18353,7
13363,18361,15
13363,18362,14
13363,18376,7
13363,18377,16
13363,18392,3
13363,18393,38.5
13363,18394,12
13363,18395,5
13363,18491,4
13363,18510,3
13363,18540,1
13363,18587,4
13363,18598,2
13364,18181,10
13364,18191,9
13364,18192,1
13364,18193,9
13364,18200,1
13364,18210,10
13364,18236,4
13364,18237,2
13364,18238,13
13364,18250,3
13364,18255,2
13364,18256,2
13364,18264,4
13364,18270,1
13364,18274,3
13364,18278,3
13364,18279,4
13364,18300,8
13364,18318,3
13364,18339,4.5
13364,18375,10
13364,18376,28
13364,18377,22
13364,18378,22
13364,18380,42.5
13364,18381,18
13364,18384,7
13364,18393,25
13364,18394,31
13364,18395,17
13364,18446,2
13364,18463,4
13364,18472,1
13364,18473,4
13364,18498,3
13364,18541,4
13364,18584,2
13364,18586,6
13365,18181,2
13365,18183,4
13365,18184,7
13365,18185,4
13365,18186,2
13365,18192,7
13365,18193,5
13365,18210,1
13365,18223,1
13365,18229,2
13365,18230,1
13365,18253,3
13365,18254,4
13365,18255,12
13365,18256,9
13365,18277,4
13365,18278,3
13365,18300,1
13365,18301,5
13365,18359,5
13365,18360,1
13365,18375,2
13365,18377,18.5
13365,18378,76
13365,18379,17
13365,18380,39.5
13365,18381,25
13365,18384,26
13365,18385,24
13365,18394,2
13365,18395,14
13365,18416,2
13365,18433,22
13365,18434,11
13365,18435,1
13365,18462,9
13365,18468,1
13365,18472,34.5
13365,18473,5
13365,18476,7
13365,18477,1
13365,18489,4
13365,18490,2
13365,18541,3
13365,18598,3
13366,18181,7
13366,18182,4
13366,18185,10
13366,18186,2
13366,18187,5
13366,18191,7
13366,18192,4
13366,18195,2
13366,18196,4
13366,18197,8
13366,18198,6
13366,18199,2
13366,18217,2
13366,18221,4
13366,18230,2
13366,18239,4
13366,18252,2
13366,18253,9
13366,18254,2
13366,18255,12
13366,18256,14
13366,18278,2
13366,18301,2
13366,18315,3
13366,18316,3
13366,18317,2
13366,18330,1
13366,18359,2
13366,18371,4
13366,18378,32.5
13366,18379,65
13366,18380,57.5
13366,18381,3
13366,18383,28.5
13366,18384,60
13366,18385,43
13366,18386,4
13366,18387,5
13366,18388,4
13366,18433,64
13366,18434,72.5
13366,18435,57
13366,18436,10
13366,18472,106.5
13366,18473,194
13366,18474,39
13366,18476,3
13366,18477,23
13366,18478,8
13366,18479,4
13366,18480,14
13366,18487,2
13366,18489,6
13366,18540,2
13366,18542,4
13367,18172,11
13367,18185,3
13367,18186,16
13367,18189,1
13367,18190,24
13367,18191,27.5
13367,18192,8
13367,18195,13
13367,18196,17
13367,18197,18
13367,18198,11.5
13367,18254,10
13367,18255,34.5
13367,18260,4
13367,18261,15
13367,18263,3
13367,18274,2
13367,18276,2
13367,18282,1
13367,18370,1
13367,18371,3
13367,18382,6
13367,18383,51.5
13367,18384,62
13367,18385,86.5
13367,18386,111
13367,18387,59
13367,18388,6
13367,18411,1
13367,18432,5
13367,18433,65
13367,18434,72.5
13367,18435,80
13367,18436,96
13367,18437,16
13367,18439,7.5
13367,18469,7
13367,18471,10
13367,18473,63.5
13367,18474,74
13367,18475,57.5
13367,18476,19
13367,18477,5
13367,18478,22
13367,18479,32
13367,18480,23
13367,18481,12
13367,18483,8
13367,18487,8
13367,18488,7
13367,18493,1
13367,18529,9
13367,18553,3
13367,18554,24
13367,18555,4
13367,18570,2
13367,18571,4
13367,18600,1
13368,18172,4
13368,18173,12
13368,18177,2
13368,18190,25
13368,18191,23
13368,18192,14.5
13368,18193,16
13368,18194,28
13368,18195,6
13368,18196,4
13368,18197,22
13368,18252,2
13368,18255,3
13368,18256,40.5
13368,18257,49
13368,18258,35
13368,18259,41
13368,18260,6
13368,18261,17
13368,18262,9
13368,18263,2
13368,18268,3
13368,18272,10
13368,18273,2
13368,18274,1
13368,18297,4
13368,18382,9
13368,18383,95.5
13368,18384,104.5
13368,18385,81.5
13368,18386,48
13368,18387,14
13368,18432,15
13368,18433,38
13368,18434,106.5
13368,18435,28
13368,18436,46.5
13368,18437,38
13368,18459,3
13368,18469,4
13368,18470,7
13368,18471,26
13368,18472,37.5
13368,18473,42.5
13368,18474,40
13368,18475,22
13368,18476,17
13368,18478,2
13368,18479,46
13368,18480,49
13368,18481,28
13368,18482,9
13368,18538,2
13368,18554,15
13368,18555,9
13368,18608,1
13369,18172,1
13369,18173,6
13369,18175,3
13369,18181,1
13369,18190,2
13369,18191,21
13369,18192,25
13369,18193,37
13369,18194,5
13369,18195,3.5
13369,18196,3
13369,18197,28
13369,18198,1
13369,18200,2
13369,18254,2
13369,18255,13
13369,18256,21.5
13369,18257,33
13369,18258,5
13369,18259,2
13369,18260,2
13369,18273,13
13369,18279,2
13369,18371,2
13369,18373,3
13369,18374,11
13369,18379,2
13369,18380,20
13369,18381,59
13369,18382,88.5
13369,18383,44
13369,18384,19
13369,18385,17.5
13369,18386,4
13369,18418,1
13369,18432,7
13369,18433,98
13369,18434,130.5
13369,18435,117
13369,18436,34.5
13369,18437,17
13369,18442,2
13369,18443,2
13369,18452,3
13369,18464,7
13369,18471,6
13369,18472,22
13369,18473,6
13369,18480,29
13369,18481,32.5
13369,18482,7
13369,18483,3
13369,18580,1
13369,18591,3
13369,18592,5
13369,18609,3
13370,18180,5
13370,18181,4
13370,18183,2
13370,18188,1
13370,18189,14
13370,18190,2
13370,18191,6
13370,18192,25
13370,18193,14
13370,18194,7.5
13370,18196,17
13370,18197,11
13370,18198,9
13370,18199,5.5
13370,18200,1
13370,18215,4
13370,18253,7
13370,18254,9
13370,18256,8
13370,18257,18
13370,18258,1
13370,18272,4
13370,18273,21
13370,18274,2
13370,18275,1
13370,18281,1
13370,18294,2
13370,18345,2
13370,18346,2
13370,18349,4
13370,18350,17
13370,18351,5
13370,18378,17
13370,18379,36
13370,18380,88.5
13370,18381,112.5
13370,18382,131
13370,18383,5
13370,18423,7
13370,18424,13
13370,18433,53
13370,18434,127.5
13370,18435,95
13370,18436,110
13370,18437,2
13370,18452,14
13370,18479,2
13370,18480,17
13370,18481,2
13370,18520,2
13370,18550,1
13370,18553,3
13370,18584,24
13370,18585,11
13370,18590,9
13370,18591,41
13370,18592,36
13370,18600,2
13370,18610,3
13371,18177,1
13371,18178,4
13371,18179,2
13371,18181,1
13371,18183,5
13371,18197,5
13371,18198,23
13371,18199,20
13371,18253,6
13371,18256,17
13371,18257,11
13371,18258,2
13371,18269,1.5
13371,18284,4
13371,18330,1
13371,18346,2
13371,18349,24
13371,18350,14
13371,18363,4
13371,18364,1
13371,18368,3
13371,18378,7.5
13371,18379,12
13371,18380,12
13371,18381,4
13371,18382,53
13371,18383,22
13371,18384,5
13371,18417,4
13371,18423,2
13371,18424,3
13371,18433,10
13371,18442,4
13371,18480,26
13371,18528,2
13371,18546,3
13371,18584,69
13371,18585,40
13371,18590,5
13371,18591,16
13371,18600,4
13371,18610,2
13372,18179,14
13372,18181,5
13372,18187,2
13372,18188,17
13372,18189,9
13372,18199,5
13372,18200,1
13372,18204,2
13372,18235,2
13372,18253,20
13372,18256,22
13372,18257,12
13372,18262,1
13372,18330,5
13372,18331,4
13372,18370,4
13372,18372,1
13372,18382,5
13372,18383,7
13372,18384,26
13372,18385,46.5
13372,18389,2.5
13372,18400,6
13372,18417,6
13372,18451,2
13372,18452,15
13372,18453,28.5
13372,18454,12
13372,18455,19
13372,18489,6
13372,18506,1
13372,18507,7
13372,18584,50.5
13372,18585,21
13372,18591,2
13373,18176,4
13373,18177,2
13373,18180,6
13373,18181,8
13373,18182,2
13373,18204,1
13373,18212,2
13373,18234,3
13373,18255,14
13373,18256,35
13373,18257,8
13373,18294,3
13373,18329,12
13373,18330,1
13373,18331,2
13373,18350,2
13373,18351,2
13373,18384,4
13373,18385,7
13373,18451,6
13373,18452,36
13373,18453,42
13373,18454,67
13373,18455,46
13373,18503,3
13373,18511,2
13373,18556,2
13373,18584,1
13373,18592,5
13374,18180,2
13374,18231,5
13374,18255,18
13374,18256,54
13374,18257,3
13374,18282,4
13374,18311,1
13374,18330,3
13374,18355,3
13374,18428,5
13374,18451,5
13374,18452,36.5
13374,18453,29.5
13374,18454,46.5
13374,18455,4
13374,18488,4
13374,18492,2
13374,18499,6
13374,18507,11
13374,18508,5
13374,18530,2
13374,18556,2
13374,18582,7
13374,18592,3
13374,18593,3
13375,18197,1
13375,18216,2
13375,18254,2
13375,18255,11
13375,18256,7
13375,18274,2
13375,18296,2
13375,18327,2
13375,18375,10
13375,18411,4
13375,18418,4
13375,18419,9
13375,18452,28
13375,18453,46
13375,18454,30
13375,18455,17
13375,18505,14
13375,18506,24
13375,18507,16.5
13375,18508,17
13375,18509,3
13375,18516,2
13375,18531,3
13375,18540,2
13375,18587,1
13376,18190,1
13376,18191,5
13376,18195,2
13376,18196,4
13376,18205,7.5
13376,18206,2
13376,18214,4
13376,18215,3
13376,18232,3
13376,18295,1
13376,18310,9
13376,18331,8
13376,18332,14
13376,18375,9
13376,18418,48
13376,18419,83
13376,18420,44
13376,18421,7
13376,18452,6
13376,18453,38.5
13376,18454,2
13376,18501,2
13376,18505,47.5
13376,18506,78.5
13376,18507,61
13376,18508,31.5
13376,18509,9
13376,18523,2
13376,18545,2
13376,18557,2
13376,18587,7
13376,18611,3
13376,18613,1
13377,18190,3
13377,18205,11
13377,18213,5
13377,18231,6
13377,18248,2
13377,18311,2
13377,18331,3
13377,18332,3
13377,18351,1
13377,18372,4
13377,18374,7.5
13377,18375,12
13377,18388,4
13377,18418,15
13377,18419,60
13377,18420,47
13377,18421,12
13377,18434,4
13377,18450,3
13377,18454,17
13377,18505,33
13377,18506,67
13377,18507,75.5
13377,18508,41
13377,18509,25
13377,18561,5
13377,18563,1
13377,18578,13
13377,18581,2
13377,18586,4
13377,18611,3
13378,18213,8
13378,18214,5
13378,18215,2
13378,18238,5
13378,18244,1
13378,18258,2
13378,18264,3
13378,18313,1
13378,18331,9
13378,18332,3
13378,18333,1
13378,18345,2
13378,18364,4
13378,18372,21
13378,18373,11
13378,18374,17
13378,18388,5
13378,18398,1
13378,18419,14
13378,18420,42
13378,18434,2
13378,18437,4
13378,18450,1
13378,18451,2
13378,18452,2
13378,18454,11
13378,18458,1
13378,18502,8
13378,18504,24
13378,18505,57.5
13378,18506,45
13378,18507,68
13378,18508,76
13378,18509,35.5
13378,18560,2
13378,18561,8
13378,18588,4
13379,18186,6
13379,18194,2
13379,18195,7
13379,18196,9
13379,18202,2
13379,18203,6
13379,18214,3
13379,18221,1
13379,18227,2
13379,18257,2
13379,18259,2
13379,18272,5
13379,18306,4
13379,18307,4
13379,18308,3
13379,18309,12
13379,18310,3
13379,18311,4
13379,18364,13
13379,18365,3
13379,18371,5
13379,18420,6
13379,18429,2
13379,18445,2
13379,18460,14
13379,18461,40
13379,18462,3
13379,18498,5
13379,18504,22
13379,18505,32
13379,18506,2
13379,18507,1
13379,18508,33
13379,18559,2
13379,18560,1
13379,18576,29
13379,18587,12
13380,18182,1
13380,18187,5
13380,18194,8
13380,18195,1
13380,18199,1
13380,18214,9
13380,18232,2
13380,18256,5
13380,18257,1
13380,18263,2
13380,18271,8
13380,18306,3
13380,18307,29
13380,18308,31
13380,18309,3
13380,18330,6
13380,18332,1
13380,18341,4
13380,18360,4
13380,18364,3
13380,18370,5
13380,18371,1
13380,18410,2
13380,18412,1
13380,18449,4
13380,18451,2
13380,18460,3
13380,18461,18
13380,18475,2
13380,18504,23
13380,18505,21
13380,18506,7
13380,18507,2
13380,18527,8
13380,18528,5
13380,18559,2
13381,18197,1
13381,18228,2
13381,18259,2
13381,18260,2
13381,18299,4
13381,18300,13
13381,18301,4
13381,18307,10
13381,18308,13
13381,18309,8
13381,18331,3
13381,18360,1
13381,18361,2
13381,18418,3
13381,18419,2
13381,18421,2
13381,18422,1
13381,18451,9
13381,18475,5.5
13381,18484,9.5
13381,18505,2
13381,18526,3
13381,18527,44
13381,18528,6
13381,18529,9
13381,18546,4
13381,18585,5
13381,18586,5
13382,18218,1
13382,18251,4
13382,18277,6
13382,18299,1
13382,18300,3
13382,18307,6
13382,18308,2
13382,18330,3
13382,18341,1
13382,18346,1
13382,18356,5
13382,18358,2
13382,18360,2
13382,18403,2
13382,18450,4
13382,18451,12
13382,18452,6
13382,18474,2
13382,18475,2
13382,18502,3.5
13382,18526,2
13382,18527,21.5
13382,18528,22
13382,18529,16.5
13382,18586,27.5
13382,18604,2
13382,18607,1
13383,18197,13
13383,18198,12
13383,18220,1
13383,18221,1
13383,18241,2
13383,18249,2
13383,18296,4
13383,18297,6
13383,18298,1
13383,18299,2
13383,18327,2
13383,18340,5
13383,18342,5
13383,18343,3
13383,18344,12
13383,18345,16
13383,18348,2
13383,18357,1
13383,18358,5
13383,18359,1
13383,18406,2
13383,18425,2
13383,18438,2
13383,18452,22
13383,18459,16
13383,18460,2
13383,18473,1
13383,18476,2
13383,18499,2
13383,18513,2
13383,18589,2
13383,18590,5.5
13383,18607,1
13383,18608,23
13383,18612,5
13384,18181,2
13384,18183,3
13384,18188,2
13384,18190,1
13384,18193,4
13384,18197,1
13384,18204,2
13384,18208,12
13384,18210,2
13384,18211,1
13384,18212,3
13384,18238,1
13384,18242,9
13384,18255,5
13384,18258,2
13384,18296,8
13384,18297,7
13384,18341,5
13384,18342,5
13384,18343,23
13384,18344,29
13384,18345,21.5
13384,18356,4
13384,18460,19
13384,18461,14
13384,18467,4
13384,18572,6
13384,18591,3
13385,18181,4
13385,18197,8.5
13385,18207,3
13385,18208,5
13385,18211,6
13385,18212,8
13385,18234,4
13385,18236,3
13385,18243,16
13385,18244,1
13385,18247,2
13385,18248,9
13385,18330,2
13385,18331,1
13385,18342,16
13385,18343,1.5
13385,18344,5
13385,18418,1
13385,18440,1
13385,18461,7
13385,18516,5
13385,18547,2
13385,18560,8
13385,18573,4
13386,18196,1
13386,18197,3
13386,18212,6
13386,18234,4
13386,18235,4
13386,18236,13
13386,18237,5
13386,18238,4
13386,18243,2
13386,18247,5
13386,18248,1
13386,18329,23
13386,18330,4
13386,18342,5
13386,18344,8
13386,18348,3
13386,18398,3
13386,18420,1
13386,18431,4
13386,18435,6
13386,18439,1
13386,18461,5
13386,18463,20
13386,18467,1
13386,18536,17
13386,18537,15
13386,18560,9
13386,18561,6
13387,18197,5
13387,18212,4
13387,18213,10
13387,18235,3
13387,18236,23
13387,18237,7
13387,18273,4
13387,18274,12
13387,18328,6
13387,18329,7
13387,18330,11
13387,18342,2
13387,18348,12
13387,18403,1
13387,18415,1
13387,18463,11
13387,18536,17
13387,18537,9
13387,18538,3
13387,18560,2
13388,18205,16
13388,18206,20
13388,18212,4
13388,18213,6
13388,18218,4
13388,18232,2
13388,18234,3
13388,18235,35
13388,18236,3
13388,18237,7
13388,18273,12
13388,18274,1
13388,18276,2
13388,18304,1
13388,18328,1
13388,18330,3
13388,18342,1
13388,18378,2
13388,18379,2
13388,18397,17
13388,18398,9
13388,18399,3
13388,18427,1
13388,18513,5
13388,18536,4
13388,18537,12
13388,18549,3
13388,18553,4
13388,18562,2
13389,18193,1
13389,18196,1
13389,18197,5
13389,18206,7
13389,18223,1
13389,18225,1
13389,18229,1
13389,18230,5
13389,18232,10
13389,18233,10
13389,18234,4
13389,18235,12
13389,18329,1
13389,18339,4
13389,18340,7
13389,18341,8
13389,18358,2
13389,18375,4
13389,18385,2
13389,18398,55
13389,18399,2.5
13389,18400,2
13389,18556,2
13389,18562,5
13390,18198,2
13390,18206,14
13390,18207,3
13390,18208,1
13390,18210,4
13390,18230,3
13390,18235,3
13390,18236,4
13390,18264,5
13390,18340,18
13390,18341,17
13390,18373,4
13390,18374,1
13390,18377,1
13390,18398,35.5
13390,18399,18
13390,18400,62
13390,18401,10
13390,18418,3
13390,18423,2
13390,18424,7
13390,18454,1
13391,18198,5
13391,18200,6
13391,18201,4
13391,18206,34
13391,18207,27
13391,18208,3.5
13391,18209,8
13391,18210,16
13391,18236,3
13391,18242,4
13391,18259,2
13391,18281,11
13391,18282,12
13391,18283,4
13391,18286,2
13391,18301,2
13391,18320,2
13391,18340,4
13391,18351,3
13391,18377,3
13391,18399,16.5
13391,18400,26
13391,18419,4
13391,18423,3
13391,18424,45
13391,18467,2
13391,18481,2
13391,18484,8
13391,18544,3
13391,18555,2
13391,18562,4
13392,18198,8.5
13392,18199,1
13392,18200,2
13392,18201,10
13392,18204,5
13392,18205,19.5
13392,18206,28
13392,18207,6
13392,18208,3
13392,18209,4
13392,18215,2
13392,18216,4
13392,18219,1
13392,18236,6
13392,18238,1
13392,18239,1
13392,18240,1
13392,18273,4
13392,18281,1
13392,18282,20
13392,18287,1
13392,18299,6
13392,18300,4
13392,18301,2
13392,18326,1
13392,18327,5
13392,18339,1
13392,18342,10
13392,18343,4
13392,18350,8
13392,18351,19
13392,18352,17
13392,18353,8
13392,18374,2
13392,18399,4
13392,18400,37.5
13392,18401,4
13392,18402,2
13392,18423,18
13392,18424,41
13392,18426,1
13392,18449,1
13392,18450,5
13392,18527,3
13392,18545,2
13392,18552,7
13392,18555,1
13393,18194,3
13393,18199,5
13393,18200,4
13393,18201,1
13393,18202,4
13393,18203,7
13393,18204,14
13393,18205,17
13393,18206,6.5
13393,18208,20.5
13393,18209,6
13393,18210,8
13393,18216,6
13393,18217,2
13393,18219,7
13393,18236,2
13393,18238,1
13393,18239,2
13393,18269,2
13393,18280,2
13393,18281,1
13393,18282,16
13393,18286,4
13393,18287,1.5
13393,18332,2.5
13393,18334,1
13393,18336,1
13393,18338,30
13393,18339,1
13393,18342,26
13393,18350,40
13393,18351,35.5
13393,18353,9
13393,18367,3
13393,18373,4
13393,18386,2
13393,18390,3
13393,18400,19
13393,18401,5
13393,18421,4
13393,18422,34
13393,18423,38
13393,18424,2
13393,18455,3
13393,18529,3
13393,18579,2
13393,18580,2
13394,18197,6
13394,18206,10
13394,18207,3
13394,18208,3
13394,18209,5
13394,18210,7
13394,18222,3
13394,18224,5
13394,18237,7
13394,18279,3
13394,18282,9
13394,18306,1
13394,18315,2
13394,18331,5
13394,18334,35.5
13394,18335,24
13394,18337,18
13394,18338,19
13394,18339,26
13394,18342,27
13394,18343,19
13394,18347,1
13394,18350,12
13394,18351,39.5
13394,18365,4
13394,18372,2
13394,18390,10
13394,18405,8
13394,18417,1
13394,18418,3
13394,18419,1
13394,18420,9
13394,18421,12
13394,18422,68
13394,18423,55
13394,18424,8
13394,18425,4
13394,18502,13
13394,18532,2
13394,18535,4
13394,18544,4
13394,18559,8
13394,18580,3
13395,18205,3
13395,18206,4
13395,18209,7
13395,18210,2
13395,18211,18
13395,18222,4
13395,18229,5
13395,18231,6
13395,18237,7
13395,18248,4
13395,18280,2
13395,18281,1
13395,18282,6
13395,18283,5
13395,18315,1
13395,18335,20
13395,18336,1
13395,18337,48
13395,18338,67
13395,18339,43
13395,18340,4
13395,18341,20
13395,18342,45
13395,18343,46
13395,18344,16
13395,18347,2
13395,18366,5
13395,18385,2
13395,18390,18.5
13395,18392,2
13395,18404,2
13395,18405,11
13395,18409,2
13395,18417,3.5
13395,18418,6
13395,18420,2
13395,18421,55
13395,18422,97
13395,18423,49
13395,18424,76
13395,18425,23
13395,18435,3
13395,18492,2
13395,18503,8
13395,18505,5
13395,18506,5
13395,18535,3
13395,18536,2
13395,18546,2
13395,18559,5
13395,18569,2
13396,18197,6
13396,18202,2
13396,18203,1
13396,18206,2
13396,18207,4
13396,18209,2
13396,18210,11
13396,18219,1
13396,18220,4
13396,18236,1
13396,18247,2
13396,18254,8
13396,18256,2
13396,18277,4
13396,18331,3
13396,18335,7
13396,18336,42
13396,18337,14
13396,18338,78
13396,18339,76.5
13396,18340,2
13396,18341,25
13396,18342,61.5
13396,18343,68
13396,18344,63
13396,18345,37
13396,18346,26
13396,18389,6
13396,18419,7
13396,18420,25
13396,18421,68.5
13396,18422,86
13396,18423,2
13396,18424,15
13396,18425,15
13396,18473,1
13396,18486,2
13396,18487,3
13396,18489,1
13396,18506,1
13396,18507,2
13396,18512,6
13396,18514,3
13396,18529,5
13396,18534,1
13396,18547,4
13396,18559,7
13396,18560,21
13396,18561,4
13396,18566,4
13396,18569,1
13397,18203,10
13397,18204,5
13397,18220,2
13397,18221,1
13397,18228,2
13397,18229,2
13397,18230,2
13397,18238,2
13397,18239,1
13397,18293,3
13397,18326,2
13397,18331,2
13397,18332,5
13397,18335,5
13397,18336,36
13397,18337,66
13397,18338,65
13397,18339,4
13397,18340,36
13397,18341,67
13397,18342,59
13397,18343,10
13397,18344,33.5
13397,18345,61
13397,18346,43.5
13397,18347,9
13397,18354,2
13397,18356,2
13397,18357,2
13397,18362,1
13397,18370,3
13397,18387,1
13397,18415,4
13397,18416,2
13397,18419,26
13397,18421,33
13397,18422,55
13397,18425,8
13397,18426,19
13397,18470,3
13397,18474,6
13397,18476,4
13397,18483,2
13397,18487,3
13397,18512,12
13397,18513,2
13397,18546,3
13397,18560,38
13397,18561,26
13397,18562,10
13398,18203,1
13398,18210,3
13398,18229,3
13398,18230,1
13398,18245,5
13398,18273,3
13398,18304,2
13398,18329,7
13398,18330,37
13398,18332,3
13398,18334,3
13398,18335,28
13398,18336,47.5
13398,18340,2
13398,18341,93
13398,18342,127
13398,18343,53
13398,18344,28
13398,18345,55
13398,18346,224.5
13398,18347,61
13398,18349,1
13398,18350,4
13398,18367,2
13398,18368,11
13398,18369,15.5
13398,18370,10.5
13398,18399,4
13398,18406,1
13398,18407,2
13398,18415,2
13398,18421,6
13398,18422,3
13398,18426,5
13398,18431,3
13398,18483,1
13398,18494,4
13398,18514,2
13398,18549,4
13398,18555,3
13398,18558,11.5
13398,18560,49
13398,18561,23
13398,18562,5
13398,18565,4.5
13398,18566,4
13398,18569,2
13398,18586,4
13399,18194,2
13399,18211,2
13399,18220,2
13399,18222,1.5
13399,18229,2
13399,18245,2
13399,18303,1
13399,18327,4
13399,18330,3
13399,18331,2
13399,18335,26
13399,18336,8
13399,18337,9
13399,18341,43.5
13399,18342,50
13399,18343,35.5
13399,18345,7
13399,18346,37.5
13399,18347,70
13399,18348,69
13399,18366,1
13399,18367,22
13399,18368,23
13399,18369,11
13399,18374,5
13399,18381,2
13399,18408,9
13399,18432,2
13399,18467,4
13399,18512,9
13399,18513,1
13399,18544,2
13399,18549,1
13399,18551,1
13399,18552,4
13399,18555,13
13399,18556,24
13399,18558,7
13399,18561,32
13399,18562,3
13399,18563,18
13399,18564,19
13399,18565,17
13399,18566,3
13399,18571,4
13399,18579,2.5
13399,18581,2
13399,18586,4
13400,18195,5
13400,18210,5
13400,18238,5
13400,18254,7
13400,18255,2
13400,18284,2
13400,18309,3
13400,18310,5
13400,18319,2
13400,18326,4
13400,18327,5
13400,18328,4
13400,18329,2
13400,18334,11
13400,18335,23
13400,18340,12
13400,18341,73
13400,18342,20
13400,18345,49.5
13400,18346,93.5
13400,18347,53.5
13400,18348,77
13400,18356,4
13400,18369,2
13400,18370,6
13400,18374,1
13400,18395,1
13400,18428,2
13400,18429,17
13400,18430,3
13400,18444,2
13400,18452,2
13400,18466,3
13400,18523,3
13400,18544,2
13400,18554,28
13400,18556,10
13400,18557,25
13400,18558,37
13400,18559,10
13400,18561,25.5
13400,18562,20
13400,18563,137.5
13400,18564,143.5
13400,18565,85
13400,18566,141
13400,18567,10
13400,18570,5
13400,18572,2
13400,18579,3.5
13401,18206,4
13401,18209,8
13401,18210,4
13401,18219,2
13401,18225,4
13401,18233,1
13401,18237,3
13401,18249,2
13401,18254,4
13401,18256,1
13401,18269,2
13401,18274,3
13401,18283,4
13401,18284,3
13401,18289,5
13401,18317,3
13401,18328,2
13401,18334,2
13401,18335,8
13401,18339,4
13401,18340,21
13401,18341,62
13401,18342,30
13401,18343,30
13401,18345,17
13401,18346,39
13401,18347,8
13401,18357,2
13401,18385,2.5
13401,18388,1
13401,18427,3
13401,18428,9
13401,18429,18
13401,18430,14
13401,18434,1
13401,18493,4
13401,18531,4
13401,18535,4
13401,18554,5
13401,18555,178.5
13401,18556,113
13401,18557,119.5
13401,18558,99
13401,18559,23
13401,18561,10.5
13401,18562,67
13401,18563,103
13401,18564,101
13401,18565,85
13401,18566,179
13401,18567,87
13401,18568,15
13401,18569,15
13401,18570,7
13401,18571,2
13402,18199,3
13402,18218,5
13402,18225,1
13402,18226,4
13402,18227,1
13402,18235,3
13402,18238,2
13402,18267,5
13402,18280,2
13402,18301,2
13402,18303,6
13402,18304,5
13402,18326,14
13402,18327,18
13402,18329,3
13402,18330,1
13402,18340,20
13402,18341,26
13402,18342,9
13402,18353,3
13402,18356,7
13402,18361,1
13402,18387,1
13402,18388,7
13402,18407,2
13402,18408,22
13402,18413,3
13402,18428,3
13402,18430,4
13402,18438,5
13402,18439,2
13402,18461,4
13402,18462,5
13402,18481,3
13402,18544,1
13402,18551,3
13402,18552,7
13402,18556,93
13402,18557,76.5
13402,18558,70
13402,18559,22
13402,18560,4
13402,18561,9
13402,18562,122.5
13402,18563,142
13402,18564,175.5
13402,18565,93.5
13402,18566,346
13402,18567,83
13402,18568,52
13402,18569,28
13402,18591,2
13403,18243,1
13403,18248,1
13403,18249,1
13403,18267,4
13403,18277,1.5
13403,18317,3
13403,18330,9
13403,18331,12
13403,18340,26
13403,18341,36
13403,18352,24
13403,18353,5
13403,18377,2
13403,18387,2
13403,18388,4
13403,18407,34
13403,18408,13
13403,18409,6
13403,18438,2
13403,18439,4
13403,18531,27
13403,18532,41
13403,18533,25
13403,18535,3
13403,18543,3
13403,18544,3
13403,18553,2
13403,18555,1
13403,18556,34.5
13403,18557,38.5
13403,18558,36
13403,18559,106
13403,18560,108
13403,18562,180
13403,18563,87
13403,18564,47
13403,18565,61
13403,18566,133.5
13403,18567,108
13403,18568,21
13403,18569,12
13403,18585,4
13404,18231,3
13404,18240,6
13404,18243,7
13404,18248,1
13404,18256,3
13404,18272,7
13404,18287,1
13404,18312,3
13404,18330,3
13404,18334,1
13404,18340,2
13404,18378,2
13404,18388,5
13404,18389,13
13404,18407,15
13404,18436,2
13404,18526,4
13404,18533,15
13404,18534,6
13404,18541,2
13404,18554,7
13404,18557,82
13404,18558,53
13404,18559,65
13404,18560,46
13404,18561,142
13404,18562,184
13404,18563,106
13404,18564,111.5
13404,18565,60
13404,18566,207
13404,18567,75
13405,18242,2
13405,18250,6
13405,18251,6
13405,18267,2
13405,18271,2
13405,18293,1
13405,18299,1
13405,18312,2.5
13405,18389,17
13405,18398,1
13405,18416,1
13405,18490,2
13405,18537,5
13405,18548,3.5
13405,18552,1
13405,18553,2
13405,18554,2
13405,18557,5.5
13405,18558,53
13405,18559,45.5
13405,18560,243
13405,18561,163
13405,18562,187.5
13405,18563,158
13405,18564,52.5
13405,18565,73
13405,18566,130
13405,18567,180
13405,18584,2
13406,18221,2
13406,18250,2
13406,18251,9
13406,18270,4
13406,18281,4
13406,18286,2
13406,18290,4
13406,18292,1
13406,18295,2
13406,18296,3
13406,18316,2
13406,18317,3
13406,18322,5
13406,18324,4
13406,18327,4
13406,18337,2
13406,18338,2
13406,18339,12.5
13406,18340,1
13406,18341,1
13406,18350,3
13406,18352,2
13406,18354,1
13406,18372,5
13406,18373,5
13406,18389,6
13406,18394,3
13406,18407,2
13406,18420,6
13406,18489,5
13406,18521,2
13406,18537,5
13406,18547,2
13406,18548,3
13406,18550,2
13406,18553,2
13406,18558,70
13406,18559,92.5
13406,18560,115
13406,18561,153
13406,18562,70.5
13406,18563,84
13406,18567,51
13406,18569,7
13406,18570,3
13407,18251,24
13407,18252,1
13407,18266,5
13407,18270,4
13407,18288,3
13407,18307,7
13407,18316,1
13407,18318,10
13407,18320,14
13407,18321,1
13407,18323,2
13407,18324,5
13407,18327,12.5
13407,18328,8
13407,18338,21
13407,18339,11.5
13407,18340,15.5
13407,18374,3
13407,18375,3
13407,18384,3
13407,18427,2
13407,18465,1
13407,18493,4
13407,18538,2
13407,18551,13
13407,18552,5.5
13407,18556,1
13407,18557,50
13407,18558,20
13407,18559,124
13407,18560,201
13407,18561,145
13407,18562,187
13407,18563,79
13407,18564,11.5
13407,18565,8
13407,18566,5
13407,18595,2
13408,18201,1
13408,18251,2
13408,18284,8
13408,18308,3
13408,18309,1
13408,18310,20.5
13408,18313,6
13408,18314,12
13408,18315,2
13408,18316,7
13408,18322,2
13408,18323,4
13408,18326,1
13408,18327,13
13408,18328,3
13408,18332,3
13408,18339,11
13408,18374,2
13408,18426,1
13408,18459,1
13408,18460,1
13408,18481,2
13408,18487,2
13408,18488,18
13408,18489,6
13408,18551,9.5
13408,18552,23
13408,18553,24
13408,18554,7
13408,18555,54
13408,18556,49.5
13408,18557,6
13408,18558,4
13408,18559,17
13408,18560,111
13408,18561,196
13408,18562,4
13408,18563,35
13408,18564,44.5
13408,18566,10
13408,18587,2
13409,18222,3
13409,18245,1
13409,18253,2
13409,18277,3.5
13409,18283,1
13409,18284,5
13409,18287,13
13409,18288,4
13409,18289,12
13409,18293,2
13409,18314,6
13409,18321,2
13409,18322,3.5
13409,18326,3
13409,18327,1
13409,18339,1
13409,18377,1
13409,18414,3
13409,18487,19
13409,18488,59
13409,18489,12
13409,18510,2
13409,18552,1
13409,18553,14
13409,18554,49
13409,18555,115
13409,18556,66
13409,18559,1
13409,18560,30
13409,18561,112
13409,18562,88
13409,18563,3
13409,18564,10
13409,18587,2
13409,18588,27
13410,18238,1
13410,18265,2
13410,18287,27
13410,18288,10
13410,18289,4
13410,18311,3
13410,18312,7
13410,18320,2
13410,18326,1
13410,18327,3
13410,18337,7
13410,18339,7
13410,18377,1
13410,18378,1
13410,18381,3
13410,18440,3.5
13410,18471,2
13410,18487,12
13410,18488,48
13410,18489,21
13410,18505,1
13410,18553,3
13410,18554,19
13410,18555,27
13410,18556,44
13410,18557,34
13410,18560,2
13410,18561,48
13410,18562,29
13410,18563,16
13410,18564,31
13410,18570,5
13410,18575,6
13410,18587,8
13410,18588,12
13410,18589,5
13411,18206,5
13411,18251,3
13411,18260,2
13411,18282,1
13411,18287,11
13411,18288,6.5
13411,18311,2
13411,18312,2
13411,18322,2
13411,18336,3
13411,18339,4
13411,18345,9
13411,18369,2
13411,18377,2
13411,18378,15
13411,18382,3
13411,18383,1
13411,18461,2
13411,18489,3
13411,18514,3
13411,18516,2
13411,18526,5
13411,18532,5
13411,18555,2
13411,18557,36
13411,18558,30
13411,18559,7
13411,18561,21
13411,18562,3
13411,18563,31
13411,18564,105
13411,18565,1
13411,18585,15
13411,18586,49
13411,18587,19
13411,18588,3
13411,18589,13.5
13412,18220,2
13412,18286,2
13412,18287,2
13412,18291,1
13412,18324,2
13412,18335,4
13412,18336,35.5
13412,18338,3
13412,18339,4
13412,18364,1
13412,18377,3
13412,18378,4
13412,18380,3.5
13412,18381,10
13412,18382,36
13412,18383,10
13412,18384,3
13412,18385,6
13412,18510,6
13412,18511,2
13412,18513,42.5
13412,18514,22.5
13412,18515,19.5
13412,18532,3
13412,18546,4
13412,18558,4.5
13412,18559,64
13412,18560,55
13412,18562,10
13412,18563,7
13412,18564,25
13412,18579,1
13412,18580,2
13412,18585,7
13412,18586,35.5
13412,18587,37
13412,18588,21
13412,18589,8
13413,18220,1
13413,18280,2
13413,18281,4
13413,18284,1
13413,18286,3
13413,18292,2
13413,18297,4
13413,18298,1
13413,18307,4
13413,18308,5
13413,18309,2
13413,18313,1
13413,18335,2
13413,18336,8
13413,18337,4
13413,18451,2
13413,18462,8
13413,18490,1
13413,18497,3
13413,18511,17
13413,18512,43
13413,18513,39
13413,18514,4
13413,18515,8
13413,18557,5
13413,18558,14
13413,18559,25
13413,18560,91
13413,18561,8
13413,18562,7
13413,18585,8
13413,18586,12
13413,18588,23.5
13414,18228,1
13414,18260,2
13414,18261,1
13414,18275,3
13414,18278,4
13414,18284,3
13414,18296,1
13414,18297,4
13414,18305,9
13414,18308,1
13414,18313,6
13414,18320,1
13414,18321,7.5
13414,18322,1
13414,18338,2
13414,18348,2
13414,18349,2
13414,18375,1
13414,18512,20
13414,18513,12
13414,18541,5
13414,18557,11
13414,18558,2
13414,18560,2
13414,18561,6
13414,18564,4
13414,18582,1
13414,18588,4.5
13414,18589,7
13415,18242,3
13415,18265,6
13415,18267,4
13415,18282,4
13415,18283,3
13415,18304,18
13415,18305,8
13415,18321,10
13415,18322,3
13415,18323,2
13415,18348,2
13415,18349,5
13415,18470,1
13415,18563,7
13415,18570,5
13415,18579,1
13415,18589,6
13416,18260,4
13416,18264,2
13416,18265,2
13416,18266,5
13416,18300,6
13416,18305,3.5
13416,18313,4
13416,18321,1
13416,18323,3
13416,18348,2
13416,18351,2
13416,18361,4
13416,18384,1
13416,18421,1
13416,18452,1
13416,18490,2
13417,18278,4
13417,18280,1
13417,18293,7
13417,18300,4
13417,18301,9
13417,18313,1
13417,18351,3
13417,18352,1
13417,18383,2
13417,18384,14
13417,18426,1
13417,18427,3
13417,18478,4
13417,18566,1
13418,18194,2
13418,18212,3
13418,18239,4
13418,18246,2
13418,18273,3
13418,18276,3
13418,18281,1
13418,18282,1
13418,18301,1
13418,18311,1
13418,18312,3
13418,18313,7
13418,18355,1
13418,18385,4
13418,18386,2
13418,18402,2
13418,18455,3
13418,18457,6
13418,18477,2
13418,18532,3
13419,18198,1
13419,18212,2
13419,18254,1
13419,18267,3
13419,18278,3
13419,18279,5
13419,18292,1
13419,18312,14
13419,18357,3
13419,18358,3
13419,18387,1
13419,18397,8
13419,18406,3
13419,18411,2
13419,18418,3
13419,18435,3
13419,18460,21
13419,18475,2
13419,18489,4
13419,18569,2
13420,18208,2
13420,18213,1
13420,18241,4
13420,18258,4
13420,18278,2
13420,18291,5
13420,18295,1
13420,18297,2
13420,18312,16
13420,18314,21
13420,18318,4
13420,18350,4
13420,18371,2
13420,18381,1
13420,18394,3
13420,18395,2
13420,18397,23
13420,18398,2
13420,18459,5
13420,18460,29
13420,18461,20
13420,18463,10
13420,18509,1
13420,18565,6
13420,18568,1
13421,18243,5
13421,18272,4
13421,18275,6
13421,18281,4
13421,18290,2
13421,18291,9
13421,18292,10
13421,18294,2
13421,18295,6
13421,18311,16
13421,18312,42.5
13421,18313,35
13421,18314,25
13421,18324,1
13421,18349,1
13421,18350,2
13421,18387,2
13421,18397,18
13421,18460,23
13421,18461,74
13421,18462,47.5
13421,18463,37
13421,18556,3
13421,18557,45
13421,18558,6
13421,18559,1
13421,18565,2
13421,18568,3
13422,18212,5
13422,18243,4
13422,18244,13
13422,18276,2
13422,18281,2
13422,18292,1
13422,18293,4
13422,18294,2
13422,18311,7
13422,18312,64
13422,18313,44
13422,18314,7
13422,18315,9
13422,18348,6
13422,18350,5
13422,18351,1
13422,18388,1
13422,18458,29
13422,18459,47
13422,18460,17
13422,18461,50
13422,18462,37
13422,18463,2
13422,18546,1
13422,18556,74
13422,18557,62
13422,18558,95.5
13422,18559,20
13423,18218,2
13423,18244,12
13423,18262,11
13423,18269,2
13423,18292,2
13423,18294,2
13423,18303,4.5
13423,18308,4
13423,18309,3
13423,18310,38
13423,18311,31
13423,18312,72
13423,18313,40
13423,18314,4
13423,18315,18
13423,18347,3
13423,18348,1
13423,18350,9
13423,18351,6
13423,18360,3
13423,18369,1
13423,18458,35
13423,18459,10
13423,18461,11.5
13423,18462,15
13423,18506,1
13423,18519,4
13423,18556,44.5
13423,18557,46
13423,18558,43
13423,18559,1
13424,18202,1
13424,18203,4
13424,18208,10
13424,18223,1
13424,18241,2
13424,18244,4
13424,18251,4
13424,18261,5
13424,18262,7
13424,18303,2
13424,18304,5.5
13424,18305,4
13424,18307,4
13424,18308,29
13424,18309,33
13424,18310,2
13424,18311,51
13424,18312,50
13424,18313,19
13424,18314,24
13424,18315,4
13424,18350,48
13424,18351,16
13424,18357,2
13424,18358,7
13424,18381,3
13424,18413,4
13424,18458,2
13424,18554,11
13424,18555,35.5
13424,18556,71
13424,18557,45.5
13425,18195,4
13425,18196,5
13425,18199,6
13425,18200,2
13425,18203,4
13425,18223,1
13425,18237,2
13425,18238,3
13425,18243,2
13425,18244,7
13425,18245,2
13425,18265,2
13425,18271,3
13425,18274,3
13425,18298,3
13425,18302,2
13425,18303,2
13425,18304,11
13425,18305,22
13425,18307,3
13425,18308,9
13425,18311,5
13425,18312,8
13425,18333,1
13425,18350,52.5
13425,18351,8
13425,18352,3
13425,18354,2
13425,18357,7
13425,18358,4
13425,18360,5
13425,18369,4
13425,18407,5
13425,18420,1
13425,18424,1
13425,18435,1
13425,18472,4
13425,18527,1
13425,18553,2
13425,18554,28
13425,18555,63
13425,18556,29.5
13425,18557,2
13425,18572,6
13426,18196,1
13426,18198,5
13426,18206,7
13426,18296,2
13426,18338,1
13426,18350,23.5
13426,18351,2
13426,18356,3
13426,18361,5
13426,18430,2
13426,18501,11
13426,18528,2
13426,18553,39.5
13426,18554,53
13426,18555,28.5
13426,18602,3
13426,18603,6
13426,18604,3
13427,18197,9
13427,18198,7
13427,18220,3
13427,18222,3
13427,18257,1
13427,18260,2
13427,18264,2
13427,18275,1
13427,18328,2
13427,18350,37
13427,18351,19
13427,18352,1
13427,18391,3
13427,18407,2
13427,18528,3
13427,18554,17
13427,18569,10
13427,18570,6
13427,18571,2
13427,18598,2
13427,18603,13.5
13428,18197,2
13428,18198,1
13428,18222,3
13428,18247,2
13428,18266,4
13428,18274,2
13428,18283,3
13428,18284,2
13428,18285,3
13428,18287,6
13428,18288,7
13428,18289,8
13428,18290,1.5
13428,18291,1
13428,18292,1
13428,18303,1
13428,18304,2
13428,18329,2
13428,18330,2
13428,18350,26
13428,18353,1
13428,18379,4
13428,18387,4
13428,18409,7
13428,18416,2
13428,18417,2
13428,18529,6
13428,18530,15
13428,18531,2
13428,18534,5
13428,18559,11
13428,18560,2
13428,18568,9
13428,18569,41
13428,18570,46
13428,18571,15
13428,18591,1
13428,18601,10
13428,18602,10
13428,18605,1
13429,18196,2
13429,18197,15
13429,18198,12
13429,18199,8
13429,18200,10
13429,18203,1
13429,18205,1
13429,18214,3
13429,18215,1
13429,18218,1
13429,18234,4
13429,18266,2
13429,18277,1
13429,18283,1
13429,18284,4
13429,18285,6
13429,18286,7
13429,18288,2
13429,18289,3
13429,18343,6
13429,18353,7
13429,18386,1
13429,18389,4
13429,18407,7
13429,18425,2
13429,18531,9
13429,18533,11.5
13429,18549,3
13429,18559,9
13429,18560,1
13429,18567,5
13429,18568,35
13429,18569,24
13429,18570,23.5
13429,18600,27
13429,18601,42
13429,18602,41
13429,18604,1
13430,18197,4
13430,18199,1
13430,18219,2
13430,18221,1
13430,18222,20
13430,18224,6
13430,18244,1
13430,18269,6
13430,18270,3
13430,18277,5
13430,18285,3
13430,18324,6
13430,18325,1
13430,18326,3
13430,18353,2
13430,18368,4
13430,18377,4
13430,18421,1
13430,18495,1
13430,18532,3
13430,18542,2
13430,18559,4
13430,18560,2
13430,18561,2
13430,18567,4
13430,18568,15
13430,18569,14
13430,18570,22
13430,18573,5
13430,18600,28
13430,18601,64
13430,18602,46
13430,18604,6
13431,18197,3
13431,18198,2
13431,18201,2
13431,18202,1
13431,18222,14
13431,18239,5
13431,18241,2
13431,18257,4
13431,18258,1
13431,18263,4
13431,18264,3
13431,18268,2
13431,18269,12
13431,18270,26
13431,18271,6
13431,18277,5
13431,18279,2
13431,18303,36
13431,18304,8
13431,18305,5
13431,18306,2
13431,18351,3
13431,18367,2
13431,18494,2
13431,18505,1
13431,18541,8
13431,18560,4
13431,18568,24
13431,18569,22
13431,18570,26
13431,18571,26
13431,18599,33
13431,18601,11
13431,18602,12
13431,18604,9
13432,18197,2
13432,18210,3
13432,18220,2
13432,18223,7
13432,18230,4
13432,18251,1
13432,18252,3
13432,18265,6
13432,18270,11
13432,18273,8
13432,18274,10
13432,18278,4
13432,18287,4
13432,18296,9
13432,18297,13
13432,18298,7
13432,18300,3
13432,18301,4
13432,18302,23
13432,18303,47
13432,18304,20.5
13432,18305,30
13432,18310,2
13432,18320,11
13432,18343,2
13432,18347,2
13432,18350,8.5
13432,18351,2
13432,18382,1
13432,18568,1
13432,18569,9
13432,18570,23
13432,18571,20
13432,18598,4
13432,18602,1
13432,18604,3
13433,18197,7
13433,18206,4
13433,18218,1
13433,18222,2
13433,18223,2
13433,18225,2
13433,18270,10
13433,18271,20
13433,18272,14
13433,18273,32
13433,18274,2
13433,18275,19
13433,18276,19
13433,18293,10
13433,18294,6
13433,18296,4
13433,18297,9
13433,18298,18
13433,18299,2
13433,18300,1
13433,18301,25
13433,18302,21.5
13433,18303,6
13433,18304,33.5
13433,18305,20
13433,18314,6
13433,18322,1
13433,18327,2
13433,18342,2
13433,18347,2
13433,18349,3
13433,18350,6
13433,18363,2
13433,18370,4
13433,18371,7
13433,18381,5
13433,18409,4
13433,18419,1
13433,18452,3
13434,18198,9
13434,18202,2
13434,18206,2
13434,18217,6
13434,18266,5
13434,18267,3
13434,18269,2
13434,18271,26
13434,18272,33
13434,18273,41
13434,18274,18
13434,18275,3
13434,18293,1
13434,18301,4
13434,18302,10
13434,18304,1
13434,18321,3
13434,18326,2
13434,18336,5
13434,18348,12
13434,18354,4
13434,18404,4
13434,18414,4
13434,18417,3
13434,18418,2
13434,18419,8
13434,18445,2
13434,18459,1
13434,18535,3
13434,18540,3
13434,18548,4
13434,18550,2
13434,18561,1
13434,18565,2
13434,18572,4
13434,18573,55
13434,18574,51.5
13434,18577,5
13434,18578,5.5
13434,18579,3
13435,18216,1
13435,18238,3
13435,18267,8
13435,18269,7
13435,18270,15
13435,18271,31
13435,18272,12
13435,18273,80.5
13435,18274,26
13435,18275,2
13435,18312,1
13435,18313,4
13435,18326,6
13435,18328,2
13435,18329,6
13435,18334,1
13435,18335,4
13435,18336,2
13435,18340,3
13435,18348,1
13435,18349,1
13435,18350,13
13435,18360,4
13435,18369,1
13435,18370,23
13435,18371,9.5
13435,18416,2
13435,18417,80
13435,18418,38
13435,18419,42
13435,18420,28
13435,18561,1
13435,18573,3
13435,18574,32
13435,18575,9
13435,18578,14
13435,18579,9
13436,18211,4
13436,18213,6
13436,18215,5
13436,18246,2
13436,18268,5
13436,18269,5
13436,18272,24.5
13436,18273,35
13436,18274,16
13436,18275,7
13436,18307,3
13436,18312,1
13436,18328,1
13436,18337,4
13436,18340,3
13436,18349,4
13436,18350,1
13436,18365,3
13436,18366,8.5
13436,18367,2
13436,18368,1
13436,18370,16
13436,18371,3
13436,18372,5
13436,18414,1
13436,18415,32
13436,18416,97
13436,18417,89
13436,18418,39
13436,18419,95
13436,18420,11
13436,18421,8
13436,18530,2
13436,18537,1
13436,18561,8
13436,18562,2
13436,18563,9
13436,18574,17
13436,18575,57
13436,18576,23
13436,18578,1
13436,18579,1
13437,18198,4
13437,18229,3
13437,18231,2
13437,18267,2
13437,18272,18
13437,18273,20
13437,18274,2
13437,18275,6
13437,18276,2
13437,18311,2
13437,18321,5
13437,18325,2
13437,18326,1
13437,18329,1
13437,18330,3
13437,18349,3
13437,18350,8
13437,18351,2
13437,18365,4
13437,18368,5
13437,18370,4
13437,18380,4
13437,18415,26
13437,18416,55
13437,18417,32
13437,18418,81
13437,18419,104
13437,18420,13
13437,18421,3
13437,18436,1
13437,18437,1
13437,18497,4
13437,18504,1
13437,18560,3
13437,18561,2
13437,18563,23
13437,18574,5
13437,18575,44
13437,18576,66
13437,18587,2
13438,18212,4
13438,18232,2
13438,18266,1
13438,18267,2
13438,18272,2
13438,18275,2
13438,18276,1
13438,18289,3
13438,18293,5
13438,18297,1
13438,18298,5
13438,18316,1
13438,18328,6
13438,18329,7
13438,18339,2
13438,18347,1
13438,18348,4
13438,18350,7
13438,18352,2
13438,18361,2
13438,18372,4
13438,18380,2
13438,18381,4
13438,18416,19
13438,18417,58
13438,18418,67.5
13438,18419,105.5
13438,18420,3
13438,18421,3
13438,18423,1
13438,18472,2
13438,18502,8
13438,18518,1
13438,18532,2
13438,18562,12
13438,18563,1
13438,18564,1
13438,18572,1
13438,18573,1
13438,18575,10
13438,18576,47
13438,18577,4
13438,18597,6
13439,18207,1
13439,18230,4
13439,18232,1
13439,18238,4
13439,18266,2
13439,18276,2
13439,18294,2
13439,18296,5
13439,18315,2
13439,18323,2
13439,18324,12
13439,18327,8
13439,18328,9.5
13439,18343,3
13439,18359,1
13439,18380,9
13439,18397,1
13439,18411,3
13439,18416,14
13439,18417,73
13439,18418,106.5
13439,18419,114
13439,18420,32
13439,18421,5
13439,18422,13
13439,18423,20.5
13439,18424,9
13439,18426,3
13439,18430,2
13439,18472,4
13439,18483,2
13439,18576,21.5
13439,18577,27
13439,18578,1
13439,18580,1
13440,18239,1
13440,18240,6
13440,18252,3
13440,18264,2
13440,18266,2
13440,18272,1
13440,18273,2
13440,18302,6
13440,18316,6
13440,18323,8
13440,18324,5
13440,18326,2
13440,18327,19.5
13440,18328,11
13440,18337,2
13440,18374,1
13440,18375,2
13440,18377,2
13440,18380,7
13440,18389,1
13440,18393,1
13440,18416,31
13440,18417,60
13440,18418,67.5
13440,18419,50.5
13440,18420,10
13440,18421,9
13440,18422,1
13440,18557,4
13440,18558,13
13440,18559,6
13440,18577,2
13440,18578,2
13440,18580,9
13441,18225,3
13441,18238,1
13441,18245,2
13441,18279,3
13441,18282,4
13441,18301,3
13441,18312,1
13441,18325,2
13441,18327,14
13441,18328,14
13441,18337,10
13441,18345,5
13441,18367,3
13441,18375,3
13441,18415,2.5
13441,18416,1
13441,18417,10
13441,18418,36
13441,18419,10
13441,18420,3
13441,18526,3
13441,18547,1
13441,18557,3
13441,18558,3
13441,18559,12
13441,18578,3
13441,18580,2
13442,18277,8
13442,18278,1
13442,18283,8
13442,18307,4
13442,18311,4
13442,18327,22
13442,18328,8
13442,18336,7
13442,18370,5
13442,18382,2
13442,18413,2
13442,18416,22
13442,18417,27.5
13442,18418,30
13442,18419,13
13442,18420,3
13442,18421,3
13442,18477,2
13442,18481,2
13442,18567,5
13442,18568,2
13443,18203,1
13443,18210,1
13443,18211,5
13443,18230,2
13443,18232,3
13443,18264,1
13443,18266,2
13443,18275,2
13443,18276,22
13443,18277,33
13443,18278,2
13443,18298,3
13443,18302,6
13443,18305,1
13443,18306,2
13443,18307,6
13443,18312,4
13443,18314,1.5
13443,18322,3
13443,18323,5
13443,18324,3
13443,18327,3
13443,18332,2
13443,18363,1
13443,18403,2
13443,18412,2
13443,18416,66
13443,18417,2
13443,18421,7
13443,18422,12
13443,18486,1
13443,18579,4
13444,18211,1
13444,18224,1
13444,18228,2
13444,18265,2
13444,18276,4
13444,18292,1
13444,18298,3
13444,18304,2
13444,18309,1
13444,18324,1
13444,18339,2
13444,18340,3
13444,18360,2
13444,18364,2
13444,18386,3
13444,18389,3
13444,18412,2
13444,18415,26
13444,18416,50
13444,18417,19
13444,18418,18
13444,18419,2
13444,18422,2
13444,18423,5
13444,18438,2
13444,18594,21
13445,18211,1
13445,18226,6
13445,18227,4
13445,18250,1
13445,18286,2
13445,18298,3
13445,18325,6
13445,18326,2
13445,18329,2
13445,18330,6
13445,18331,1
13445,18340,1
13445,18343,8
13445,18383,2
13445,18385,1
13445,18386,3
13445,18387,1
13445,18388,3
13445,18389,1
13445,18390,2
13445,18413,4
13445,18416,22
13445,18417,22
13445,18418,16
13445,18419,6
13445,18423,1
13445,18476,1
13445,18508,1
13445,18593,29
13445,18594,23
13446,18209,4
13446,18211,4
13446,18244,2
13446,18247,4
13446,18248,1
13446,18267,1
13446,18323,1
13446,18329,1
13446,18343,7
13446,18349,1
13446,18377,1
13446,18387,4
13446,18388,6
13446,18392,1
13446,18393,2
13446,18407,3
13446,18425,4.5
13446,18452,5
13446,18592,7
13446,18593,8
13447,18218,1
13447,18236,1
13447,18239,2
13447,18247,1
13447,18255,2
13447,18264,2
13447,18270,13
13447,18271,2
13447,18272,1
13447,18281,6
13447,18288,4
13447,18311,3
13447,18322,1
13447,18340,8
13447,18341,1
13447,18343,2
13447,18344,3
13447,18346,9
13447,18381,3
13447,18384,2
13447,18385,3
13447,18386,7
13447,18392,5
13447,18393,1
13447,18405,1
13447,18424,10
13447,18425,20.5
13447,18426,2
13447,18432,1
13447,18447,4
13447,18509,4
13447,18536,8.5
13448,18218,2
13448,18219,2
13448,18239,5
13448,18240,3
13448,18246,2
13448,18247,5
13448,18248,2
13448,18255,7
13448,18256,4
13448,18263,2
13448,18270,4
13448,18271,2
13448,18284,1
13448,18285,2
13448,18313,6
13448,18335,6
13448,18336,7
13448,18340,1
13448,18341,33
13448,18342,2
13448,18346,13
13448,18385,7
13448,18386,11
13448,18387,2
13448,18391,1
13448,18392,1
13448,18403,3
13448,18404,2
13448,18405,3
13448,18416,1
13448,18424,4
13448,18425,5
13448,18426,3
13448,18430,2
13448,18433,2
13448,18434,3
13448,18447,2
13448,18508,11
13448,18509,5
13448,18510,4
13448,18574,3
13448,18589,4
13449,18215,2
13449,18216,3
13449,18240,1
13449,18254,1
13449,18255,3
13449,18256,8
13449,18257,6
13449,18263,2
13449,18312,2
13449,18327,1
13449,18332,6
13449,18335,6
13449,18336,14
13449,18337,2
13449,18341,4
13449,18342,16
13449,18343,11
13449,18344,26
13449,18345,7
13449,18346,2
13449,18349,2
13449,18350,3
13449,18353,1
13449,18355,2
13449,18386,11
13449,18387,8
13449,18388,5
13449,18391,2
13449,18403,7
13449,18408,1
13449,18416,4
13449,18421,2
13449,18423,1
13449,18424,3
13449,18431,8
13449,18432,1
13449,18433,5
13449,18436,3
13449,18444,2
13449,18445,8
13449,18446,17
13449,18472,2
13449,18473,1
13449,18507,6
13449,18508,19
13449,18509,13.5
13449,18526,3
13450,18225,1
13450,18227,2
13450,18228,6
13450,18229,4
13450,18241,2
13450,18256,2
13450,18257,13
13450,18275,2
13450,18277,2
13450,18284,1
13450,18304,4
13450,18315,3
13450,18319,5
13450,18326,4
13450,18329,1
13450,18336,1
13450,18340,2
13450,18341,21
13450,18342,30
13450,18343,8
13450,18344,67.5
13450,18345,45
13450,18346,6
13450,18347,1
13450,18350,1
13450,18351,1
13450,18386,12
13450,18387,5
13450,18391,1
13450,18399,2
13450,18401,3
13450,18403,2
13450,18414,5
13450,18415,6
13450,18418,2
13450,18421,4
13450,18429,2
13450,18431,4
13450,18432,2
13450,18434,4
13450,18446,31
13450,18447,9
13450,18465,2
13450,18507,7
13450,18508,15
13450,18517,2
13450,18569,1
13450,18570,1
13451,18210,6
13451,18221,2
13451,18224,10
13451,18228,5
13451,18229,10
13451,18256,1
13451,18260,2
13451,18267,3
13451,18314,4
13451,18328,3
13451,18329,3
13451,18340,12
13451,18341,8
13451,18342,9
13451,18343,17
13451,18344,47
13451,18345,17
13451,18346,3
13451,18380,2
13451,18392,3
13451,18397,5
13451,18410,1
13451,18414,10
13451,18415,4
13451,18418,2
13451,18446,15
13451,18447,9
13451,18455,2
13451,18498,2
13451,18517,2
13451,18523,1
13452,18211,2
13452,18267,3
13452,18275,1
13452,18313,9
13452,18318,7
13452,18327,2
13452,18328,3
13452,18346,24
13452,18347,22
13452,18381,3
13452,18383,1
13452,18384,2
13452,18392,6
13452,18393,4
13452,18406,2
13452,18413,3
13452,18414,18.5
13452,18418,3
13452,18454,8
13452,18455,2
13452,18498,4
13452,18521,19
13452,18522,1
13453,18225,1
13453,18230,5
13453,18250,4
13453,18253,1
13453,18258,3
13453,18259,2
13453,18313,3
13453,18316,2
13453,18317,3
13453,18342,1
13453,18344,5.5
13453,18347,2
13453,18348,3
13453,18350,10
13453,18352,3
13453,18353,3
13453,18368,2
13453,18381,1
13453,18402,2
13453,18413,3
13453,18414,4
13453,18415,1
13453,18422,7
13453,18429,2
13453,18454,5
13453,18521,18
13453,18522,31
13454,18224,1
13454,18225,3
13454,18234,2
13454,18241,3
13454,18246,1
13454,18250,8
13454,18253,2
13454,18258,6
13454,18271,3
13454,18272,6
13454,18313,1
13454,18314,4
13454,18317,2
13454,18344,8
13454,18345,2
13454,18346,1
13454,18350,5
13454,18352,2
13454,18353,2
13454,18355,3
13454,18357,1
13454,18367,1
13454,18381,1
13454,18387,2
13454,18403,2
13454,18406,2
13454,18413,1
13454,18415,1
13454,18421,3
13454,18464,3
13454,18480,4
13454,18521,2
13454,18522,4
13454,18523,2
13454,18539,5
13454,18545,2
13454,18551,2
13454,18562,4
13455,18215,1
13455,18232,2
13455,18234,3
13455,18254,2
13455,18255,8
13455,18256,2
13455,18263,2
13455,18264,2
13455,18281,2
13455,18301,2
13455,18320,4
13455,18321,4
13455,18346,4.5
13455,18349,3
13455,18353,4
13455,18362,3
13455,18407,2
13455,18421,13
13455,18453,4
13455,18482,1
13455,18484,5
13455,18485,2
13455,18538,3
13455,18539,23
13455,18543,8
13455,18544,8
13455,18550,11
13455,18551,21.5
13455,18552,16
13455,18555,2
13455,18556,15
13456,18215,2
13456,18238,1
13456,18252,1
13456,18255,2
13456,18257,1
13456,18264,8
13456,18265,3
13456,18282,4
13456,18335,3
13456,18336,2
13456,18349,1
13456,18350,2
13456,18369,2
13456,18377,1
13456,18407,2
13456,18419,2
13456,18421,3
13456,18454,2
13456,18472,3
13456,18474,1
13456,18493,4
13456,18505,2
13456,18532,6
13456,18538,4
13456,18539,2
13456,18551,2
13456,18552,7
13457,18244,2
13457,18245,2
13457,18247,7
13457,18248,1
13457,18251,12
13457,18252,16
13457,18253,5
13457,18254,29.5
13457,18255,9
13457,18256,2
13457,18265,2
13457,18288,1
13457,18338,7
13457,18339,1
13457,18349,10
13457,18350,1
13457,18351,1
13457,18360,2
13457,18369,1
13457,18370,17
13457,18375,8
13457,18397,4
13457,18398,12
13457,18399,1
13457,18401,3
13457,18402,2
13457,18404,1
13457,18405,2
13457,18414,1
13457,18417,4
13457,18419,6
13457,18420,3
13457,18433,3
13457,18441,1
13457,18449,3
13457,18470,2
13457,18471,16
13457,18472,27
13457,18473,14
13457,18474,38
13457,18475,8
13457,18483,10
13457,18484,1
13457,18538,12
13457,18539,2
13457,18578,1
13457,18579,14
13457,18580,3
13458,18245,2
13458,18252,16
13458,18253,26
13458,18254,26
13458,18255,2
13458,18262,1
13458,18283,5
13458,18331,1
13458,18332,3
13458,18352,1
13458,18364,5
13458,18369,2
13458,18370,7
13458,18371,1
13458,18375,6
13458,18393,3
13458,18398,24
13458,18399,35
13458,18400,14
13458,18401,11
13458,18402,5
13458,18403,3
13458,18417,1
13458,18418,2
13458,18419,2
13458,18420,2
13458,18435,1
13458,18473,26.5
13458,18474,31.5
13458,18475,19
13458,18483,4
13458,18484,10
13458,18533,2
13458,18534,1
13458,18537,23
13458,18538,45
13458,18539,8
13458,18574,1
13458,18578,12
13458,18579,38
13459,18224,4
13459,18225,1
13459,18230,3
13459,18246,7
13459,18251,3
13459,18252,25.5
13459,18253,74
13459,18254,40.5
13459,18255,14
13459,18283,1
13459,18331,5
13459,18332,1
13459,18333,4
13459,18343,2
13459,18344,2
13459,18350,2
13459,18367,1
13459,18372,2
13459,18373,6
13459,18375,1
13459,18376,2
13459,18399,13
13459,18400,6
13459,18401,7
13459,18475,2
13459,18477,1
13459,18490,2
13459,18515,2
13459,18533,3
13459,18537,36
13459,18538,60
13459,18539,19
13459,18571,6
13459,18572,6
13459,18574,4
13459,18578,10
13459,18579,37.5
13459,18580,1
13460,18214,2
13460,18226,5
13460,18233,1
13460,18237,2
13460,18246,6
13460,18252,11
13460,18253,48
13460,18254,64.5
13460,18262,5
13460,18312,2
13460,18326,1
13460,18330,1
13460,18333,2
13460,18345,1
13460,18362,2
13460,18366,1
13460,18371,2
13460,18372,2
13460,18398,2
13460,18399,2
13460,18407,1
13460,18418,2
13460,18474,2
13460,18475,25.5
13460,18476,2
13460,18484,5
13460,18524,2
13460,18537,3
13460,18539,2
13460,18544,7
13460,18545,3
13460,18571,2
13460,18572,11
13460,18573,15
13460,18574,3
13460,18579,28
13460,18580,5
13461,18222,2
13461,18238,1
13461,18246,3
13461,18250,3
13461,18251,12
13461,18252,25
13461,18253,63
13461,18254,37
13461,18262,5
13461,18263,1
13461,18332,1
13461,18354,4
13461,18356,1
13461,18357,1
13461,18367,9
13461,18379,1
13461,18402,2
13461,18434,2
13461,18475,7
13461,18476,6
13461,18477,6
13461,18481,7
13461,18482,3
13461,18491,4
13461,18577,8
13461,18578,7
13461,18579,5
13462,18211,3
13462,18246,2
13462,18251,15
13462,18252,46
13462,18253,58
13462,18254,56
13462,18255,31
13462,18258,1
13462,18259,1
13462,18266,5
13462,18267,3
13462,18334,2
13462,18357,5
13462,18374,1
13462,18379,2
13462,18399,3
13462,18402,1
13462,18406,2
13462,18433,1
13462,18437,1
13462,18478,11
13462,18479,2
13462,18513,2
13462,18537,4
13462,18549,2
13463,18207,3
13463,18216,2
13463,18246,7
13463,18247,5
13463,18248,4
13463,18249,12
13463,18250,11
13463,18251,55
13463,18252,63.5
13463,18253,80
13463,18254,77
13463,18255,37
13463,18256,17
13463,18258,11
13463,18259,2
13463,18267,5
13463,18286,2
13463,18295,2
13463,18320,1
13463,18342,3
13463,18343,4
13463,18350,1
13463,18402,5
13463,18403,2
13463,18407,2
13463,18434,1
13463,18437,3
13463,18478,4
13463,18482,5
13463,18493,2
13463,18558,1
13463,18566,4
13464,18213,4
13464,18216,4
13464,18237,1
13464,18239,4
13464,18242,3
13464,18243,4
13464,18244,4
13464,18245,1
13464,18246,13
13464,18247,22
13464,18248,17
13464,18249,26
13464,18250,40
13464,18251,13.5
13464,18252,36
13464,18253,86
13464,18254,22
13464,18257,9
13464,18258,23
13464,18259,2
13464,18270,4
13464,18273,3
13464,18286,2
13464,18288,2
13464,18290,1
13464,18305,2
13464,18331,4
13464,18332,2
13464,18342,1
13464,18343,11
13464,18344,3
13464,18347,2
13464,18361,1
13464,18363,2
13464,18377,2
13464,18397,6
13464,18435,1
13464,18436,2
13464,18437,2
13464,18449,5
13464,18479,9
13464,18486,2
13465,18212,1
13465,18237,2
13465,18243,2
13465,18244,2
13465,18247,21
13465,18248,2
13465,18249,51
13465,18250,28
13465,18251,11
13465,18252,31
13465,18253,28
13465,18254,6
13465,18257,2
13465,18258,17
13465,18259,8
13465,18260,5
13465,18261,1
13465,18262,2
13465,18263,2
13465,18271,5
13465,18273,2
13465,18288,2
13465,18299,2
13465,18332,3
13465,18337,2
13465,18340,6
13465,18341,11
13465,18342,9
13465,18343,13
13465,18344,28
13465,18345,7
13465,18350,1
13465,18362,2
13465,18365,1
13465,18366,6
13465,18374,3
13465,18381,2
13465,18397,3
13465,18442,6
13465,18448,1
13465,18449,6
13465,18481,3
13465,18489,1
13465,18545,1
13465,18549,1
13465,18571,2.5
13466,18234,6
13466,18235,2
13466,18239,2
13466,18247,2
13466,18248,26
13466,18249,16
13466,18250,41.5
13466,18251,11
13466,18254,2
13466,18257,1
13466,18259,4
13466,18260,15
13466,18261,4
13466,18262,2
13466,18263,2
13466,18279,2
13466,18282,3
13466,18288,2
13466,18311,2
13466,18335,3
13466,18336,4
13466,18337,3
13466,18338,5
13466,18339,6
13466,18341,4
13466,18342,12
13466,18343,25
13466,18344,6
13466,18345,1
13466,18349,1
13466,18357,3
13466,18359,2
13466,18360,5
13466,18376,4
13466,18443,4
13466,18449,5
13466,18450,6.5
13466,18489,14
13466,18492,3
13466,18525,4
13466,18530,1
13467,18226,1
13467,18227,4
13467,18240,4
13467,18241,1
13467,18248,7
13467,18250,15.5
13467,18262,2
13467,18267,4
13467,18283,2
13467,18308,4
13467,18309,4
13467,18310,2
13467,18318,3
13467,18325,6
13467,18332,1
13467,18336,5
13467,18338,5
13467,18339,2
13467,18349,1
13467,18350,2
13467,18356,1
13467,18357,5
13467,18371,6
13467,18377,4
13467,18380,1
13467,18383,3
13467,18403,1
13467,18405,2
13467,18444,6
13467,18445,23
13467,18479,9
13467,18481,3
13467,18516,4
13467,18540,1
13467,18582,9
13467,18583,2
13468,18209,6
13468,18213,1
13468,18227,1
13468,18241,1
13468,18245,2
13468,18246,3
13468,18248,23
13468,18249,8
13468,18250,2
13468,18255,5
13468,18258,1
13468,18261,1
13468,18262,2
13468,18264,1
13468,18267,1
13468,18269,1
13468,18274,1
13468,18275,2
13468,18325,4
13468,18331,4
13468,18333,1
13468,18335,1
13468,18349,4
13468,18351,1
13468,18357,5
13468,18358,1
13468,18369,1
13468,18390,7
13468,18391,1
13468,18403,1
13468,18405,2
13468,18429,4
13468,18440,4
13468,18445,15
13468,18452,5
13468,18519,2
13468,18582,17.5
13468,18583,28
13468,18586,7
13469,18209,4
13469,18236,2
13469,18247,9
13469,18248,9
13469,18263,3
13469,18264,2
13469,18274,2
13469,18309,2
13469,18312,2
13469,18313,2
13469,18325,6
13469,18337,2
13469,18339,1
13469,18340,4
13469,18352,2
13469,18355,2
13469,18368,1
13469,18382,2
13469,18392,2
13469,18445,20
13469,18446,17
13469,18489,4
13469,18490,2
13469,18583,30
13469,18584,12.5
13469,18586,1
13470,18214,2
13470,18224,2
13470,18236,5
13470,18238,2
13470,18246,13
13470,18263,4
13470,18264,2
13470,18270,1
13470,18283,3
13470,18291,2
13470,18301,3
13470,18313,2
13470,18325,1
13470,18329,2
13470,18333,4
13470,18338,2
13470,18350,7
13470,18351,1
13470,18352,6
13470,18367,4
13470,18368,2
13470,18370,3
13470,18395,1
13470,18398,1
13470,18405,3
13470,18406,2
13470,18427,3
13470,18438,2
13470,18445,24
13470,18446,14
13470,18447,4
13470,18448,8
13470,18482,2
13470,18491,4
13470,18498,4
13470,18504,2
13470,18505,1
13470,18506,1
13470,18528,1
13470,18583,7
13470,18584,33
13471,18273,1
13471,18275,1
13471,18278,5
13471,18279,1
13471,18283,2
13471,18313,2
13471,18323,7
13471,18325,1
13471,18328,2
13471,18339,6
13471,18340,2
13471,18350,2
13471,18354,2
13471,18356,6
13471,18358,2
13471,18395,1
13471,18409,2
13471,18421,2
13471,18441,2
13471,18445,1
13471,18446,4
13471,18449,2
13471,18453,1
13471,18454,1
13471,18490,1
13471,18491,5
13471,18492,2
13471,18504,2
13471,18506,7
13471,18510,2
13472,18216,1
13472,18229,4
13472,18230,10
13472,18231,3
13472,18236,1
13472,18237,10
13472,18238,2
13472,18244,4
13472,18245,1
13472,18306,2
13472,18325,2
13472,18342,2
13472,18348,1
13472,18366,4
13472,18381,1
13472,18384,2
13472,18395,2
13472,18403,1
13472,18405,4
13472,18412,1
13472,18443,4
13472,18447,3
13472,18452,4
13472,18463,4
13472,18473,1
13472,18490,9
13472,18492,3
13472,18505,2
13472,18527,5
13473,18237,2
13473,18238,14
13473,18242,2
13473,18243,2
13473,18253,9
13473,18254,4
13473,18262,2
13473,18263,3
13473,18299,1
13473,18339,4
13473,18345,2
13473,18371,3
13473,18379,1
13473,18384,1
13473,18407,2
13473,18410,2
13473,18411,2
13473,18452,1
13473,18466,7
13473,18497,2
13473,18536,2
13473,18537,1
13473,18538,2
13473,18550,3
13473,18561,3
13473,18565,2
13474,18221,3
13474,18238,2
13474,18262,3
13474,18263,2
13474,18301,4
13474,18302,4
13474,18306,1
13474,18326,2
13474,18339,3
13474,18341,2
13474,18345,1
13474,18361,5
13474,18364,5
13474,18371,6
13474,18377,4
13474,18378,2
13474,18391,2
13474,18407,2
13474,18411,5
13474,18412,2
13474,18419,1
13474,18440,4
13474,18495,2
13474,18496,4
13474,18497,24
13474,18498,4
13474,18499,4
13474,18536,9
13474,18537,26
13474,18538,4
13474,18569,6
13474,18586,3
13475,18257,1
13475,18262,2
13475,18264,3
13475,18275,4
13475,18299,6
13475,18300,4
13475,18301,3
13475,18302,12
13475,18306,2
13475,18362,8
13475,18363,5
13475,18376,2
13475,18384,1
13475,18390,1
13475,18402,1
13475,18414,2
13475,18420,3
13475,18454,1
13475,18496,7
13475,18497,13
13475,18498,22
13475,18499,16
13475,18500,6
13475,18512,1
13475,18513,1
13475,18514,2
13475,18536,9
13475,18537,12
13475,18586,13
13475,18587,12
13475,18589,3
13476,18219,3
13476,18225,2
13476,18234,4
13476,18239,9
13476,18246,4
13476,18267,2
13476,18300,11
13476,18301,19
13476,18310,2
13476,18329,2
13476,18350,4
13476,18363,4
13476,18369,4
13476,18370,2
13476,18382,2
13476,18383,2
13476,18384,1
13476,18391,2
13476,18402,8
13476,18405,3
13476,18420,1
13476,18443,3
13476,18449,3
13476,18457,1
13476,18467,5
13476,18492,2
13476,18497,8
13476,18498,32
13476,18499,40
13476,18500,20
13476,18503,2
13476,18586,11
13476,18587,22.5
13476,18588,23
13476,18589,4
13476,18592,3
13477,18225,2
13477,18230,4
13477,18232,5
13477,18234,7
13477,18238,1
13477,18253,7
13477,18257,1
13477,18259,1
13477,18300,1
13477,18324,1
13477,18364,9
13477,18367,1
13477,18376,3
13477,18395,2
13477,18448,1
13477,18450,6
13477,18454,1
13477,18469,6
13477,18474,3
13477,18483,3
13477,18488,13
13477,18498,18
13477,18499,24
13477,18500,10
13477,18501,10
13477,18529,2
13477,18542,5
13477,18547,2
13477,18548,2
13477,18577,2
13477,18586,2
13477,18587,31
13477,18588,42
13477,18589,7
13478,18215,2
13478,18231,16
13478,18232,10
13478,18234,4
13478,18249,1
13478,18255,2
13478,18256,2
13478,18302,2
13478,18310,1
13478,18317,2
13478,18324,5
13478,18342,2
13478,18356,4
13478,18363,2
13478,18364,2
13478,18373,3
13478,18375,1
13478,18377,1
13478,18380,6
13478,18392,2
13478,18401,2
13478,18419,2
13478,18443,4
13478,18445,1
13478,18468,8
13478,18470,1
13478,18472,1
13478,18474,4
13478,18475,2
13478,18480,4
13478,18484,1
13478,18489,6
13478,18491,2
13478,18495,4
13478,18497,18
13478,18498,19
13478,18499,26
13478,18500,2
13478,18501,20
13478,18503,3
13478,18520,2
13478,18542,2
13478,18548,4
13478,18580,18
13478,18581,23
13478,18582,25
13478,18583,26
13478,18584,16
13478,18585,6
13478,18586,3
13478,18587,27
13478,18588,56
13478,18589,7
13478,18592,1
13479,18216,6
13479,18232,9
13479,18233,7
13479,18234,1
13479,18242,2
13479,18243,3
13479,18258,1
13479,18266,1
13479,18275,5
13479,18350,2
13479,18352,1
13479,18356,11
13479,18369,1
13479,18370,6
13479,18380,12
13479,18381,1
13479,18388,2
13479,18418,1
13479,18419,2
13479,18444,3
13479,18470,2
13479,18471,6
13479,18472,9
13479,18473,3
13479,18481,2
13479,18492,2
13479,18496,2
13479,18497,3
13479,18498,11
13479,18499,34
13479,18500,6
13479,18502,24
13479,18504,2
13479,18580,19
13479,18581,34
13479,18582,43.5
13479,18583,14
13479,18584,22
13479,18585,47.5
13479,18586,54
13479,18587,96
13479,18588,125.5
13479,18589,41.5
13479,18590,23
13479,18592,7
13480,18221,7
13480,18230,2
13480,18231,20
13480,18232,10
13480,18233,17
13480,18234,10
13480,18242,26
13480,18243,9
13480,18249,6
13480,18263,1
13480,18299,1
13480,18380,1
13480,18382,4
13480,18399,8
13480,18409,2
13480,18411,1
13480,18417,1
13480,18419,2
13480,18421,2
13480,18469,3
13480,18471,1
13480,18474,11
13480,18495,15
13480,18496,12
13480,18497,10
13480,18498,29.5
13480,18499,38
13480,18500,15
13480,18501,24
13480,18502,34
13480,18580,10
13480,18581,41
13480,18582,46.5
13480,18583,31.5
13480,18584,98
13480,18585,94
13480,18586,52.5
13480,18587,29
13480,18588,39.5
13480,18589,45
13480,18590,4
13481,18219,2
13481,18227,1
13481,18229,6.5
13481,18231,11
13481,18232,35
13481,18233,13
13481,18238,2
13481,18239,4
13481,18240,4
13481,18241,10
13481,18242,3
13481,18297,5
13481,18299,8
13481,18300,2
13481,18312,1
13481,18357,3
13481,18361,3
13481,18369,4
13481,18379,1
13481,18380,5
13481,18381,25
13481,18382,15
13481,18389,3
13481,18407,1
13481,18408,3.5
13481,18409,1
13481,18410,1
13481,18412,1
13481,18443,1
13481,18452,4
13481,18482,6
13481,18495,8
13481,18496,4
13481,18497,8
13481,18498,60
13481,18499,52.5
13481,18500,43.5
13481,18501,17
13481,18502,64
13481,18503,29
13481,18504,2
13481,18519,5
13481,18580,14
13481,18581,40
13481,18582,32
13481,18583,22
13481,18584,14
13481,18585,65
13481,18586,6
13481,18588,18.5
13481,18589,10
13482,18223,1
13482,18227,2
13482,18228,2
13482,18229,6
13482,18230,12
13482,18232,3
13482,18238,5
13482,18239,10.5
13482,18240,1
13482,18242,2
13482,18244,2
13482,18361,2
13482,18370,2
13482,18381,3
13482,18382,2
13482,18383,2
13482,18391,1
13482,18399,1
13482,18404,1
13482,18406,2
13482,18408,3
13482,18409,4
13482,18410,5
13482,18412,4
13482,18415,2
13482,18419,2
13482,18420,3
13482,18452,4
13482,18463,3.5
13482,18479,1
13482,18495,12
13482,18496,35
13482,18497,3
13482,18498,41
13482,18499,149.5
13482,18500,52.5
13482,18501,73
13482,18502,43
13482,18503,2
13482,18508,2
13482,18519,13
13482,18580,2
13482,18581,32
13482,18582,42.5
13482,18583,27
13482,18584,5
13482,18585,1
13482,18587,14
13482,18588,18
13482,18589,15
13483,18228,1
13483,18229,15
13483,18230,31
13483,18231,37.5
13483,18232,4
13483,18241,5
13483,18360,2
13483,18361,1
13483,18362,1
13483,18383,2
13483,18396,1
13483,18397,6
13483,18408,1
13483,18409,5
13483,18410,23
13483,18411,30
13483,18412,22
13483,18414,2
13483,18415,7
13483,18416,8
13483,18417,2
13483,18419,4
13483,18421,1
13483,18452,3
13483,18458,4
13483,18463,2
13483,18496,17.5
13483,18497,22
13483,18498,13
13483,18499,83
13483,18500,60
13483,18501,33
13483,18502,7
13483,18518,4
13483,18519,23
13483,18520,2
13483,18521,4
13483,18529,1
13483,18539,4
13483,18581,16
13483,18582,9
13483,18583,2
13483,18589,11
13484,18229,9
13484,18230,30
13484,18231,36
13484,18236,2
13484,18295,6
13484,18298,3
13484,18361,4
13484,18363,4
13484,18393,4
13484,18394,4
13484,18408,4
13484,18409,5
13484,18410,17
13484,18411,21
13484,18412,4
13484,18415,5
13484,18447,2
13484,18452,3
13484,18454,2
13484,18458,2
13484,18483,4
13484,18484,12.5
13484,18497,39
13484,18498,2
13484,18499,35
13484,18500,29
13484,18501,34
13484,18502,21
13484,18519,2
13484,18521,30
13484,18522,9
13484,18529,1
13484,18555,2
13484,18579,2
13484,18589,6
13485,18221,4
13485,18230,20
13485,18231,2
13485,18235,3
13485,18236,2
13485,18259,8
13485,18296,2
13485,18298,6
13485,18361,4
13485,18368,3
13485,18371,2
13485,18372,5
13485,18385,1
13485,18386,9
13485,18392,5
13485,18393,4
13485,18395,1
13485,18398,1
13485,18405,2
13485,18406,3
13485,18407,1
13485,18408,1
13485,18410,4
13485,18446,1
13485,18454,1
13485,18455,3
13485,18470,2
13485,18481,2
13485,18482,2
13485,18483,24
13485,18485,2
13485,18495,7
13485,18496,60
13485,18497,71
13485,18498,20
13485,18499,21
13485,18500,2
13485,18501,40
13485,18502,13
13485,18503,2
13485,18520,3
13485,18535,20
13485,18540,1
13485,18541,7
13485,18577,2
13485,18585,4
13485,18589,6.5
13486,18228,2
13486,18229,2
13486,18230,1
13486,18235,2
13486,18236,2
13486,18252,2
13486,18368,5
13486,18369,5
13486,18371,2
13486,18385,1
13486,18386,2
13486,18392,2
13486,18395,4
13486,18396,2
13486,18401,1
13486,18407,2
13486,18410,3
13486,18442,1
13486,18443,2
13486,18447,2
13486,18452,2
13486,18455,2
13486,18456,1
13486,18474,3
13486,18482,4
13486,18483,4
13486,18484,4
13486,18495,4
13486,18496,27
13486,18497,72
13486,18498,3
13486,18499,13
13486,18500,17
13486,18501,12
13486,18503,4
13486,18505,3
13486,18510,1
13486,18521,1
13486,18536,4
13486,18541,1
13487,18229,5
13487,18252,5
13487,18302,3
13487,18303,1
13487,18310,3
13487,18368,2
13487,18369,5
13487,18371,2
13487,18375,1
13487,18387,1
13487,18392,2
13487,18393,10
13487,18402,6
13487,18407,7
13487,18408,6
13487,18409,10
13487,18410,2
13487,18417,2
13487,18418,1
13487,18437,6
13487,18438,1
13487,18441,1
13487,18442,17
13487,18443,8
13487,18444,1
13487,18493,3
13487,18497,28
13487,18499,13
13487,18500,19
13487,18501,25
13487,18502,7
13487,18506,1
13487,18507,3
13487,18508,2
13487,18510,2
13487,18521,4
13487,18523,8
13487,18524,1
13487,18525,8
13487,18561,1
13487,18569,2
13488,18348,3
13488,18365,4
13488,18368,2
13488,18387,9
13488,18388,31
13488,18389,11.5
13488,18392,1
13488,18407,6
13488,18408,1
13488,18412,2
13488,18415,3
13488,18416,8
13488,18431,3
13488,18437,1
13488,18440,10
13488,18441,32.5
13488,18442,6
13488,18457,5
13488,18469,3
13488,18490,3
13488,18495,3
13488,18501,9
13488,18502,12
13488,18518,3
13488,18535,2
13488,18566,2
13488,18567,5
13488,18568,2
13489,18253,2
13489,18303,1
13489,18316,1
13489,18322,5
13489,18347,4
13489,18350,4
13489,18365,5
13489,18378,2
13489,18384,4
13489,18385,2
13489,18386,6
13489,18388,2
13489,18412,2
13489,18433,6
13489,18437,3
13489,18438,3
13489,18439,10
13489,18440,10
13489,18441,1
13489,18458,2
13489,18464,4
13489,18465,2
13489,18467,3
13489,18468,25
13489,18470,5
13489,18471,2
13489,18472,4
13489,18486,1
13489,18494,2
13489,18497,3
13489,18501,4
13489,18502,12
13489,18519,1
13489,18520,2
13489,18522,1
13489,18534,4.5
13489,18536,1
13489,18559,2
13489,18560,10
13489,18567,7
13489,18568,7
13489,18584,5
13490,18255,2
13490,18316,1
13490,18365,3
13490,18370,2
13490,18371,3
13490,18398,1
13490,18438,6
13490,18440,2
13490,18446,4
13490,18455,2
13490,18456,4
13490,18461,3
13490,18466,3
13490,18467,33
13490,18472,5
13490,18481,2
13490,18486,1
13490,18491,2
13490,18496,5
13490,18497,2
13490,18507,3
13490,18546,4
13490,18547,4
13490,18549,1
13490,18559,2
13490,18560,8
13490,18563,1
13490,18586,3
13490,18590,3
13491,18311,1
13491,18370,1
13491,18371,2
13491,18376,6
13491,18386,1
13491,18401,2
13491,18429,1
13491,18442,1
13491,18445,5
13491,18447,2
13491,18448,1
13491,18456,8
13491,18463,5
13491,18467,9
13491,18468,3
13491,18478,5
13491,18496,1
13491,18515,10
13491,18516,9.5
13491,18517,2
13491,18533,3
13491,18534,3
13491,18548,4
13491,18571,2
13492,18361,5
13492,18388,3
13492,18401,2
13492,18410,1
13492,18412,15
13492,18413,5
13492,18426,2
13492,18430,2
13492,18444,2
13492,18446,4
13492,18447,6
13492,18449,1
13492,18450,1
13492,18516,8
13492,18517,18
13492,18518,2
13492,18522,2
13492,18534,3
13492,18549,3
13492,18550,5
13493,18327,2
13493,18376,9
13493,18387,4
13493,18409,1
13493,18410,2
13493,18445,7
13493,18448,7
13493,18462,3
13493,18484,1
13493,18502,2
13493,18514,5
13493,18517,2
13493,18548,4
13493,18549,4
13493,18550,1
13493,18569,1
13493,18570,4
13494,18330,5
13494,18332,2
13494,18352,2
13494,18376,3
13494,18384,2
13494,18387,4
13494,18431,2
13494,18436,2
13494,18448,2
13494,18470,3
13494,18481,7
13494,18504,2
13494,18550,5
13494,18564,2
13494,18569,13
13494,18572,6
13495,18305,2
13495,18329,5
13495,18330,1
13495,18338,2
13495,18373,2
13495,18374,4
13495,18375,3
13495,18380,5
13495,18382,1
13495,18384,3
13495,18385,2
13495,18387,6
13495,18393,1
13495,18481,4
13495,18482,3
13495,18493,7
13495,18535,2
13495,18562,1
13495,18571,3
13495,18573,1
13496,18326,3
13496,18329,1
13496,18374,6
13496,18380,2
13496,18384,4
13496,18386,3
13496,18387,17.5
13496,18441,3
13496,18448,2
13496,18483,3
13496,18484,2
13496,18492,3
13496,18533,2
13497,18329,8
13497,18335,5
13497,18336,1
13497,18337,9
13497,18358,2
13497,18437,8.5
13497,18463,4.5
13497,18480,3
13497,18481,7
13497,18482,5
13497,18487,2
13497,18494,5
13497,18508,7
13497,18561,3
13498,18305,1
13498,18312,3
13498,18321,3.5
13498,18336,11
13498,18338,3
13498,18360,3
13498,18379,4
13498,18403,4
13498,18410,3
13498,18435,5
13498,18482,4.5
13498,18488,1
13498,18494,1
13498,18504,3
13499,18305,1
13499,18312,2.5
13499,18314,2
13499,18330,2
13499,18338,4
13499,18379,4
13499,18381,4
13499,18427,1
13499,18448,1
13499,18461,1
13499,18482,3
13499,18502,2
13499,18506,4
13499,18562,1
13499,18563,9
13499,18565,2
13499,18566,1
13500,18344,2
13500,18379,11
13500,18380,5
13500,18385,1
13500,18388,1
13500,18393,4
13500,18405,2
13500,18432,1
13500,18452,2
13500,18482,3
13500,18493,2
13500,18504,5
13500,18505,6
13500,18506,5
13500,18508,3
13500,18562,1
13500,18563,1
13501,18324,7
13501,18330,1
13501,18353,2
13501,18385,4
13501,18387,2
13501,18392,4
13501,18405,6
13501,18427,3
13501,18443,2
13501,18452,4
13501,18454,1
13501,18502,2
13501,18506,17
13501,18507,5
13501,18508,1
13501,18567,2
13502,18318,1
13502,18323,3
13502,18324,10
13502,18326,4
13502,18327,2
13502,18357,5
13502,18360,2
13502,18361,8
13502,18362,3
13502,18380,1
13502,18381,5
13502,18382,5
13502,18388,1
13502,18396,1
13502,18397,1
13502,18406,2
13502,18407,3
13502,18428,7
13502,18440,2
13502,18441,5
13502,18452,1
13502,18453,1
13502,18480,5
13503,18323,3
13503,18336,3
13503,18353,1
13503,18366,1
13503,18375,2
13503,18381,4
13503,18382,3
13503,18388,6
13503,18396,1
13503,18397,2
13503,18405,4
13503,18406,5
13503,18428,1
13503,18431,5
13503,18432,1
13503,18433,1
13503,18449,3
13503,18460,2
13503,18468,1
13503,18470,4
13503,18476,2
13503,18503,5
13503,18506,3
13503,18574,5
13504,18304,2
13504,18320,2
13504,18323,2
13504,18324,26
13504,18325,10
13504,18328,3
13504,18329,4
13504,18365,5
13504,18378,2
13504,18385,5
13504,18388,4
13504,18406,1
13504,18407,2
13504,18417,2
13504,18425,2
13504,18439,1
13504,18460,18
13504,18461,1
13504,18512,5
13505,18320,6
13505,18321,3
13505,18322,4
13505,18323,3
13505,18324,26
13505,18325,74
13505,18328,11
13505,18329,2
13505,18334,2
13505,18345,3
13505,18346,8
13505,18367,1
13505,18376,4
13505,18378,2
13505,18392,3
13505,18417,2
13505,18436,2
13505,18451,2
13505,18452,5
13505,18453,2
13505,18460,1.5
13505,18464,1
13505,18466,1
13505,18471,1
13505,18491,1
13505,18505,3
13506,18315,2
13506,18316,11
13506,18322,2
13506,18323,10
13506,18324,8
13506,18325,45
13506,18326,61
13506,18327,43
13506,18328,23
13506,18360,1
13506,18366,3
13506,18367,5
13506,18374,3
13506,18392,4
13506,18395,4
13506,18400,1
13506,18414,1
13506,18432,1
13506,18452,2
13506,18466,2
13506,18467,5
13506,18470,20
13506,18471,1
13506,18472,2
13506,18477,1
13506,18510,2
13507,18316,1
13507,18317,1
13507,18323,17
13507,18324,31
13507,18325,31
13507,18326,34
13507,18327,24
13507,18333,1
13507,18334,4
13507,18351,3
13507,18359,2
13507,18363,2
13507,18375,1
13507,18414,2
13507,18426,3
13507,18427,3
13507,18455,2
13507,18458,7
13508,18317,2
13508,18318,5
13508,18319,6
13508,18320,12
13508,18321,5
13508,18322,14
13508,18323,22
13508,18324,39
13508,18325,74
13508,18326,35
13508,18334,2
13508,18340,1
13508,18360,1
13508,18365,8
13508,18413,6
13508,18414,1
13508,18415,2
13508,18419,2
13508,18424,1
13508,18426,5
13508,18428,4
13508,18433,3
13508,18449,3
13508,18461,1
13508,18475,4
13508,18508,1
13509,18318,1
13509,18319,1
13509,18322,1
13509,18323,3
13509,18324,40.5
13509,18325,76
13509,18326,10
13509,18375,2
13509,18394,2
13509,18397,1
13509,18399,1
13509,18417,3
13509,18418,4
13509,18423,2
13509,18431,2
13509,18433,5
13509,18461,5
13509,18462,2
13509,18464,1
13509,18465,4
13509,18504,3
13510,18323,12
13510,18324,15
13510,18325,1
13510,18326,2
13510,18399,9
13510,18400,5
13510,18406,5
13510,18408,1
13510,18412,1
13510,18413,2
13510,18414,3
13510,18418,4
13510,18432,1
13510,18443,1
13510,18461,2
13510,18466,5
13511,18322,6
13511,18323,38
13511,18324,12
13511,18325,1
13511,18330,9
13511,18331,7
13511,18341,3
13511,18355,3
13511,18371,1
13511,18379,3
13511,18391,2
13511,18392,6
13511,18396,9
13511,18398,2
13511,18399,23
13511,18400,6
13511,18413,1
13511,18415,2
13511,18423,4
13511,18443,4
13511,18457,1
13511,18467,2
13511,18480,2.5
13512,18315,3
13512,18325,2
13512,18331,2
13512,18351,4
13512,18361,2
13512,18363,1
13512,18379,2
13512,18380,3
13512,18381,3
13512,18382,4
13512,18388,5
13512,18389,1
13512,18391,8
13512,18392,15.5
13512,18393,6
13512,18395,4
13512,18396,15
13512,18397,10
13512,18398,16
13512,18399,21
13512,18409,2
13512,18412,3
13512,18415,2
13512,18439,2
13512,18448,2
13512,18454,2
13512,18455,10
13512,18472,1
13512,18479,2
13512,18482,1
13513,18326,1
13513,18365,3
13513,18387,4
13513,18388,6
13513,18393,7
13513,18395,21
13513,18396,29
13513,18397,25
13513,18398,17
13513,18399,2
13513,18412,3
13513,18424,1
13513,18448,4
13513,18455,1
13513,18456,3
13514,18319,2
13514,18320,4
13514,18322,1
13514,18351,3
13514,18380,7
13514,18382,2
13514,18384,2
13514,18385,1
13514,18387,1
13514,18388,6
13514,18392,2
13514,18393,8
13514,18396,1
13514,18397,25
13514,18398,19
13514,18399,1
13514,18411,4
13514,18448,1
13514,18449,2
13514,18469,2
13515,18315,2
13515,18369,5
13515,18391,1
13515,18393,4
13515,18394,5
13515,18395,10
13515,18397,8
13515,18398,44
13515,18419,1
13515,18420,1
13515,18448,9
13515,18468,1
13515,18475,2
13516,18341,2
13516,18368,4
13516,18393,2
13516,18394,10
13516,18398,4
13516,18403,4
13516,18430,2
13516,18438,2
13516,18439,1
13516,18446,9
13516,18459,1
13516,18481,2
13516,18482,2
13517,18325,3
13517,18329,2
13517,18348,2
13517,18360,6
13517,18368,2
13517,18404,1
13517,18433,4
13517,18439,4
13517,18473,3
13517,18487,4
13518,18325,7
13518,18363,5
13518,18367,3
13518,18381,4
13518,18382,9
13518,18387,12
13518,18388,3
13518,18393,19
13518,18394,5
13518,18402,5
13518,18403,9
13518,18404,5
13518,18438,1
13518,18439,14
13518,18448,4
13518,18455,1
13518,18456,16
13518,18469,4
13518,18479,1
13518,18480,3
13518,18486,2
13518,18488,6
13519,18315,4
13519,18348,1
13519,18349,4
13519,18354,3
13519,18355,1
13519,18388,5
13519,18389,1
13519,18391,5
13519,18392,3
13519,18393,16
13519,18394,25
13519,18396,3
13519,18401,6
13519,18402,2
13519,18403,4
13519,18415,2
13519,18416,2
13519,18421,3
13519,18437,1
13519,18438,2
13519,18439,22
13519,18445,2
13519,18455,2
13519,18456,22
13519,18478,4
13519,18480,4
13519,18482,5
13519,18486,3
13519,18488,1
13519,18489,1
13519,18490,1
13519,18492,5
13520,18316,3
13520,18327,4
13520,18335,1
13520,18336,2
13520,18380,2
13520,18392,17.5
13520,18393,5
13520,18394,14.5
13520,18395,3
13520,18401,6
13520,18416,2
13520,18421,3
13520,18429,3
13520,18430,3
13520,18431,1
13520,18439,2
13520,18448,6
13520,18449,2
13520,18454,2
13520,18455,2
13520,18456,13
13520,18478,11
13520,18479,13
13521,18349,5
13521,18359,1
13521,18366,8
13521,18388,3
13521,18393,1
13521,18394,21
13521,18395,12
13521,18409,1
13521,18417,5
13521,18419,7
13521,18420,1
13521,18430,2
13521,18441,1
13521,18442,5
13521,18454,1
13521,18455,16
13521,18456,28.5
13521,18457,6
13521,18480,2
13521,18492,2
13521,18493,5
13522,18349,5
13522,18359,2
13522,18360,2
13522,18364,1
13522,18365,3
13522,18366,3
13522,18393,2
13522,18394,1
13522,18396,2
13522,18397,4
13522,18407,5
13522,18431,3
13522,18432,2
13522,18449,2
13522,18457,4
13522,18464,4
13522,18466,2
13522,18492,1
13523,18349,3
13523,18357,8.5
13523,18358,12
13523,18359,2
13523,18360,2
13523,18361,2
13523,18362,7
13523,18366,1
13523,18395,1
13523,18397,12
13523,18398,6
13523,18431,4
13523,18433,5
13523,18434,5
13523,18461,2
13523,18464,3
13523,18485,4
13523,18493,3
13524,18349,2
13524,18358,15
13524,18359,2
13524,18360,18
13524,18361,77
13524,18362,35
13524,18363,36
13524,18366,2
13524,18376,4
13524,18377,4
13524,18385,2
13524,18388,2
13524,18395,4
13524,18396,1
13524,18402,6
13524,18412,6
13524,18413,5
13524,18417,14
13524,18452,1
13524,18461,8
13524,18488,2
13525,18350,4
13525,18358,2
13525,18361,14
13525,18362,8
13525,18363,15
13525,18366,1
13525,18372,5
13525,18373,4
13525,18374,4
13525,18386,2
13525,18397,2
13525,18398,2
13525,18399,10
13525,18401,1
13525,18412,1
13525,18413,1
13525,18414,4
13525,18488,2
13525,18501,2
13526,18362,29
13526,18363,7
13526,18367,1
13526,18368,9
13526,18369,2
13526,18372,2
13526,18373,1
13526,18384,3
13526,18399,2
13526,18403,1
13526,18407,3
13526,18408,3
13526,18410,1
13526,18415,1
13526,18416,2
13526,18484,1
13526,18485,3
13526,18493,5
13526,18497,3
13526,18498,2
13526,18501,1
13527,18361,6
13527,18362,51
13527,18363,9
13527,18367,4
13527,18368,21
13527,18394,7
13527,18403,3
13527,18432,1
13527,18433,8
13527,18451,1
13527,18496,13
13527,18497,7
13527,18498,2
13528,18345,2
13528,18354,1
13528,18361,2
13528,18362,40
13528,18363,37.5
13528,18364,12
13528,18365,8
13528,18368,3
13528,18393,1
13528,18395,2
13528,18396,6
13528,18412,2
13528,18413,8
13528,18432,8
13528,18441,2
13528,18447,2
13528,18451,1
13528,18455,4
13528,18470,4
13529,18335,1
13529,18348,3
13529,18357,4
13529,18362,28
13529,18363,46
13529,18364,24
13529,18365,22
13529,18390,2
13529,18396,6
13529,18413,11
13529,18432,1
13529,18446,2
13529,18449,7
13529,18450,2
13529,18455,4
13529,18456,8
13529,18457,1
13529,18500,1
13530,18354,1
13530,18359,3
13530,18362,14
13530,18363,53
13530,18364,14
13530,18365,8
13530,18372,4
13530,18375,4
13530,18387,1
13530,18390,3
13530,18395,2
13530,18402,1
13530,18414,2
13530,18417,1
13530,18442,4
13530,18443,2
13530,18446,2
13530,18449,21
13530,18456,2
13530,18485,6
13530,18491,3
13531,18361,2
13531,18362,2
13531,18363,20
13531,18364,13
13531,18365,4
13531,18377,3
13531,18378,5
13531,18401,13.5
13531,18408,3
13531,18447,3
13531,18448,17
13531,18449,31
13531,18457,6
13531,18466,1
13531,18485,4
13531,18487,2
13531,18495,4
13531,18502,1
13531,18503,4
13532,18358,5
13532,18360,9
13532,18361,89.5
13532,18362,20
13532,18370,1
13532,18371,5
13532,18397,2
13532,18409,7
13532,18412,2
13532,18416,1
13532,18417,2
13532,18443,2
13532,18446,10
13532,18447,18
13532,18448,52.5
13532,18449,38
13532,18456,7
13532,18457,1
13532,18464,5
13532,18467,1
13532,18469,3
13532,18484,5
13532,18495,1
13532,18499,3
13532,18504,3
13533,18334,2
13533,18355,6
13533,18356,13
13533,18359,3
13533,18361,9
13533,18362,14
13533,18370,1
13533,18373,2
13533,18376,2
13533,18402,5
13533,18407,1
13533,18408,8.5
13533,18409,6
13533,18411,3
13533,18412,1
13533,18413,5
13533,18417,12.5
13533,18418,2
13533,18445,1
13533,18446,12
13533,18447,46
13533,18448,45
13533,18449,16
13533,18450,1
13533,18454,4
13533,18464,1
13533,18469,2
13533,18483,1
13533,18495,1
13533,18499,2
13533,18504,3
13534,18341,2
13534,18355,2
13534,18359,3
13534,18361,14
13534,18362,9
13534,18371,5
13534,18381,1
13534,18401,2
13534,18409,3
13534,18410,21
13534,18411,3
13534,18412,7
13534,18413,7
13534,18414,4
13534,18416,2
13534,18417,5
13534,18418,5
13534,18423,2
13534,18433,11
13534,18441,1
13534,18446,5
13534,18447,15
13534,18448,9
13534,18449,17
13534,18478,5
13535,18352,2
13535,18359,9
13535,18360,1
13535,18361,11
13535,18362,4
13535,18398,3
13535,18405,3
13535,18406,2
13535,18407,1
13535,18409,2
13535,18410,14.5
13535,18411,3
13535,18412,22
13535,18413,13.5
13535,18415,3
13535,18433,2
13535,18441,13
13535,18442,1
13535,18449,4
13535,18501,3
13536,18352,1
13536,18395,4
13536,18396,9
13536,18404,11
13536,18405,17
13536,18406,24
13536,18407,8
13536,18411,5
13536,18412,4
13536,18415,2
13536,18416,10
13536,18417,4
13536,18432,1
13536,18433,1
13536,18449,4
13536,18453,4
13536,18484,4
13536,18495,1
13536,18501,12
13536,18502,7
13536,18508,1
13536,18509,1
13537,18359,3
13537,18375,1
13537,18395,4
13537,18396,10.5
13537,18397,3
13537,18398,4
13537,18404,4
13537,18406,16
13537,18412,11
13537,18415,1
13537,18417,5
13537,18433,5
13537,18434,2
13537,18435,2
13537,18453,4
13537,18454,5
13537,18491,9
13537,18492,6
13538,18354,2
13538,18359,2
13538,18361,1
13538,18380,1
13538,18406,2
13538,18407,19
13538,18413,4
13538,18414,42
13538,18420,3
13538,18422,4
13538,18448,2
13538,18449,3
13538,18451,1
13538,18469,3
13538,18480,2
13538,18486,2
13538,18491,4
13538,18509,2
13539,18379,10
13539,18392,2
13539,18406,2
13539,18407,10
13539,18411,5
13539,18414,1
13539,18415,7
13539,18416,32
13539,18417,7
13539,18427,4
13539,18446,1
13539,18448,3
13539,18449,2
13539,18451,4
13539,18452,3
13539,18455,2
13539,18460,1
13539,18498,8
13539,18502,1
13539,18505,5
13539,18508,4
13540,18357,3
13540,18365,1
13540,18404,3
13540,18405,2
13540,18407,23
13540,18408,29
13540,18409,19
13540,18410,9
13540,18411,33
13540,18412,39
13540,18413,12
13540,18414,6
13540,18416,31
13540,18417,36
13540,18418,3
13540,18420,3
13540,18421,2
13540,18445,3
13540,18446,5
13540,18447,27
13540,18448,1
13540,18459,1
13540,18507,4
13540,18511,4
13541,18357,3
13541,18363,2
13541,18364,11
13541,18365,2.5
13541,18378,3.5
13541,18402,2
13541,18403,1
13541,18404,6
13541,18408,6
13541,18409,35
13541,18410,12
13541,18411,62
13541,18412,94
13541,18413,108
13541,18414,24
13541,18415,19
13541,18417,8
13541,18418,16
13541,18419,6
13541,18446,4
13541,18447,20
13541,18448,11
13541,18453,2
13541,18454,2
13541,18472,3
13541,18492,4
13541,18493,1
13542,18336,1
13542,18337,2
13542,18348,4
13542,18350,1
13542,18363,10
13542,18364,5
13542,18369,4
13542,18371,5
13542,18408,2
13542,18409,42
13542,18410,33
13542,18411,33
13542,18412,27
13542,18413,34
13542,18414,36
13542,18415,30
13542,18416,19
13542,18418,9
13542,18419,7
13542,18420,15
13542,18448,3
13542,18456,4
13542,18473,2
13542,18474,2
13542,18490,4
13543,18403,2
13543,18407,2
13543,18410,6
13543,18411,60
13543,18412,27
13543,18413,13
13543,18414,17
13543,18415,27.5
13543,18416,30
13543,18417,13
13543,18420,3
13543,18426,3
13543,18435,2
13543,18466,3
13543,18469,5
13543,18473,4
13543,18490,1
13544,18378,4
13544,18409,15
13544,18410,60.5
13544,18411,22
13544,18413,1
13544,18414,24.5
13544,18415,14
13544,18416,23
13544,18417,8
13544,18421,3
13544,18422,9
13544,18433,1
13544,18434,10.5
13544,18435,4
13544,18442,4
13544,18459,1
13544,18465,5
13544,18483,3
13544,18496,6
13544,18501,6
13544,18502,9
13544,18511,2
13544,18512,4
13544,18514,3
13544,18515,4
13545,18355,3
13545,18362,1
13545,18363,14
13545,18409,7
13545,18410,4
13545,18413,15
13545,18414,2
13545,18415,7
13545,18416,7
13545,18417,1
13545,18421,7
13545,18422,12
13545,18476,2
13545,18483,10
13545,18484,14
13545,18502,3
13545,18504,8
13545,18509,1
13545,18510,2
13545,18514,2
13545,18516,5
13546,18356,3.5
13546,18368,1
13546,18379,2
13546,18413,5
13546,18418,14
13546,18419,1
13546,18420,3
13546,18428,2
13546,18451,1
13546,18476,1
13546,18477,1
13546,18484,9
13546,18485,3
13546,18502,12
13546,18503,9
13547,18371,2
13547,18418,16
13547,18419,17
13547,18420,18
13547,18423,3
13547,18450,1
13547,18451,4
13547,18463,4
13547,18471,1
13547,18474,2
13547,18483,2
13547,18488,1
13547,18489,8
13547,18502,23
13547,18503,16
13547,18504,5
13547,18505,4
13547,18515,1
13548,18352,6
13548,18354,3
13548,18359,3
13548,18366,2
13548,18375,2
13548,18420,9
13548,18421,4
13548,18423,1
13548,18426,2
13548,18427,2
13548,18433,2
13548,18454,4
13548,18455,1
13548,18459,2
13548,18472,3
13548,18473,8
13548,18474,2
13548,18496,2
13548,18500,2
13548,18502,6
13548,18517,2
13549,18339,4
13549,18344,4
13549,18356,6
13549,18370,1
13549,18374,1
13549,18411,2
13549,18418,2
13549,18421,5
13549,18425,1
13549,18427,2
13549,18447,2
13549,18458,2
13549,18459,6
13549,18468,3
13549,18472,13
13549,18473,6
13549,18484,3
13549,18488,2
13549,18495,2
13549,18496,7
13549,18497,1
13550,18343,6
13550,18362,4
13550,18370,2
13550,18371,2
13550,18378,1
13550,18379,3
13550,18411,4
13550,18426,2
13550,18432,4
13550,18442,3
13550,18443,5
13550,18467,3
13550,18471,4
13550,18472,18
13550,18484,3
13550,18494,2
13551,18335,4
13551,18346,1
13551,18350,4
13551,18368,1
13551,18369,3
13551,18370,6
13551,18371,4
13551,18415,1
13551,18416,8
13551,18431,3
13551,18432,15
13551,18433,3
13551,18434,1
13551,18451,3
13551,18452,10
13551,18453,12
13551,18457,1
13551,18463,5
13551,18466,3
13551,18467,23
13551,18468,12
13551,18469,12
13551,18487,1
13551,18493,2
13551,18510,4
13551,18511,9
13552,18354,4
13552,18369,1
13552,18371,2
13552,18372,1
13552,18415,5
13552,18416,4
13552,18434,2
13552,18447,2
13552,18449,1.5
13552,18453,1
13552,18458,2
13552,18463,2
13552,18466,3
13552,18468,11
13552,18469,46
13552,18470,11
13552,18474,2
13552,18475,2
13552,18493,4
13552,18494,1
13552,18510,5
13552,18511,6
13553,18334,2
13553,18345,2
13553,18352,2
13553,18354,11
13553,18355,6
13553,18376,2
13553,18380,3
13553,18382,2
13553,18383,2
13553,18411,4
13553,18415,1
13553,18442,4
13553,18447,4
13553,18453,2
13553,18458,2
13553,18468,1
13553,18469,15
13553,18470,12
13553,18471,8
13553,18472,2
13553,18475,9
13553,18480,2
13554,18339,3
13554,18352,10
13554,18353,12
13554,18354,12
13554,18355,1
13554,18364,2
13554,18378,3
13554,18379,11
13554,18416,2
13554,18443,2
13554,18447,4
13554,18448,5
13554,18462,4
13554,18468,12
13554,18469,10
13554,18484,3
13554,18495,2
13554,18501,4
13554,18514,3
13555,18334,2
13555,18349,2
13555,18351,7
13555,18353,3
13555,18354,1
13555,18357,4
13555,18370,3
13555,18371,5
13555,18385,3
13555,18428,1
13555,18429,2
13555,18443,2
13555,18448,1
13555,18462,15
13555,18463,4
13555,18484,2
13555,18514,2
13556,18340,1
13556,18348,13
13556,18349,3
13556,18351,3
13556,18352,5
13556,18357,4
13556,18358,1
13556,18376,2
13556,18417,2
13556,18418,2
13556,18435,1
13556,18436,2
13556,18445,1
13556,18462,6
13556,18482,1
13556,18483,7
13556,18484,5
13556,18485,12
13556,18486,4
13556,18487,4
13556,18500,3
13556,18507,4
13557,18337,1
13557,18354,1
13557,18357,4
13557,18371,4
13557,18376,2
13557,18419,6
13557,18447,2
13557,18448,3
13557,18461,2
13557,18469,1
13557,18477,1
13557,18483,6
13557,18484,20
13557,18485,48
13557,18486,32
13557,18487,24.5
13557,18488,6
13557,18507,1
13557,18508,2
13558,18340,4
13558,18342,3
13558,18346,1
13558,18354,6.5
13558,18380,2
13558,18418,3
13558,18424,4
13558,18457,5
13558,18458,17
13558,18484,15
13558,18485,17
13558,18486,4
13558,18487,5
13558,18488,2
13558,18489,2
13558,18497,2
13558,18499,12
13558,18500,1
13558,18501,2
13558,18509,10
13558,18512,2
13558,18519,1
13559,18379,1
13559,18380,3
13559,18441,8
13559,18442,2.5
13559,18445,1
13559,18446,21
13559,18447,4
13559,18454,1
13559,18457,1
13559,18463,6
13559,18475,2
13559,18485,14
13559,18486,2
13559,18491,2
13559,18492,4
13559,18501,5.5
13559,18502,8
13560,18340,1
13560,18349,2
13560,18352,5
13560,18353,7
13560,18369,1
13560,18379,3
13560,18380,3
13560,18381,1
13560,18382,3
13560,18385,3
13560,18412,2
13560,18413,2
13560,18422,8
13560,18424,1
13560,18429,6
13560,18430,3
13560,18433,12
13560,18434,5
13560,18441,2
13560,18442,8
13560,18443,1
13560,18446,2
13560,18458,6
13560,18469,2
13560,18477,3.5
13560,18484,6
13560,18485,1
13560,18489,3
13560,18496,4
13560,18508,4
13561,18369,5
13561,18370,1
13561,18373,2
13561,18376,5
13561,18380,3
13561,18400,6
13561,18422,2
13561,18428,3
13561,18430,14
13561,18431,6
13561,18433,12
13561,18434,6
13561,18443,5
13561,18444,1
13561,18452,3
13561,18455,2
13561,18464,1
13561,18465,3
13561,18468,8
13561,18469,7
13561,18477,4
13561,18480,2
13561,18484,12
13561,18488,2
13561,18496,1
13561,18509,8
13562,18338,2
13562,18347,4
13562,18353,1
13562,18373,10
13562,18374,3
13562,18376,4
13562,18377,2
13562,18407,1
13562,18421,11
13562,18422,3
13562,18428,3
13562,18431,20.5
13562,18432,5
13562,18444,7
13562,18448,2
13562,18451,3
13562,18464,1
13562,18465,2
13562,18468,1
13562,18469,4
13562,18492,2
13562,18496,2
13562,18509,2
13563,18338,3
13563,18356,5
13563,18371,2
13563,18372,10
13563,18373,8
13563,18374,18
13563,18375,52
13563,18376,16.5
13563,18378,6
13563,18379,4
13563,18407,2
13563,18409,1
13563,18421,6
13563,18423,4
13563,18432,18
13563,18447,14.5
13563,18448,24
13563,18449,6
13563,18450,5
13563,18471,4
13563,18492,9
13563,18496,4
13563,18512,1
13563,18513,3
13564,18335,2
13564,18351,2
13564,18360,8
13564,18361,2
13564,18373,5
13564,18374,5
13564,18375,23
13564,18376,38.5
13564,18377,2
13564,18378,3
13564,18379,5
13564,18383,2
13564,18428,2
13564,18433,1
13564,18447,5
13564,18448,1
13564,18451,2
13564,18455,3
13564,18472,3
13564,18479,2
13564,18492,1
13564,18509,3
13564,18511,2
13564,18514,1
13565,18354,4
13565,18360,2
13565,18361,1
13565,18368,1
13565,18369,1
13565,18370,5
13565,18374,6
13565,18375,13
13565,18376,17
13565,18377,7
13565,18378,4
13565,18379,2
13565,18382,6
13565,18384,4
13565,18385,1
13565,18412,7
13565,18429,23
13565,18431,3
13565,18478,8
13565,18479,2
13565,18485,4
13565,18507,3
13565,18512,2
13566,18340,2
13566,18355,1
13566,18360,1
13566,18375,32
13566,18377,4
13566,18380,3
13566,18386,4
13566,18387,2
13566,18399,2
13566,18400,3
13566,18407,5
13566,18408,10
13566,18411,5
13566,18412,3
13566,18413,4
13566,18428,13
13566,18429,19
13566,18430,6
13566,18431,5
13566,18442,2
13566,18443,2
13566,18466,1
13566,18479,4
13566,18483,2
13566,18484,8
13566,18485,16
13566,18497,2
13567,18353,6
13567,18354,1
13567,18355,3
13567,18375,11
13567,18376,2
13567,18380,2
13567,18399,2
13567,18406,1
13567,18407,9
13567,18408,3
13567,18419,1
13567,18428,9
13567,18429,49
13567,18430,28.5
13567,18431,11
13567,18442,2
13567,18443,6
13567,18456,3
13567,18457,4
13567,18461,1
13567,18475,3
13567,18476,3
13567,18477,2
13567,18481,1
13568,18344,2
13568,18348,1
13568,18354,3
13568,18357,2
13568,18376,5
13568,18378,2
13568,18380,2
13568,18401,2
13568,18403,4
13568,18429,23
13568,18430,44
13568,18431,22.5
13568,18432,6
13568,18443,2
13568,18457,13
13568,18460,2
13568,18465,2
13568,18481,5
13568,18482,3
13569,18353,2
13569,18359,1
13569,18377,6
13569,18378,10
13569,18379,3
13569,18385,1
13569,18402,3
13569,18403,9
13569,18429,10
13569,18430,52
13569,18431,35
13569,18432,8
13569,18433,1
13569,18434,5
13569,18446,4.5
13569,18447,22
13569,18450,1
13569,18460,12
13569,18462,4
13569,18464,6
13569,18480,4
13569,18481,7
13569,18482,10
13570,18366,3
13570,18367,10
13570,18380,7
13570,18385,3
13570,18402,9
13570,18403,2
13570,18404,1
13570,18410,2
13570,18411,2
13570,18423,1
13570,18426,6
13570,18429,1
13570,18430,8.5
13570,18431,1
13570,18432,7
13570,18447,17
13570,18460,3
13570,18461,3
13571,18360,1
13571,18378,2
13571,18395,5
13571,18396,2
13571,18410,3
13571,18411,1.5
13571,18446,2
13571,18447,15
13571,18456,2
13571,18465,6
13571,18474,3
13571,18475,6
13572,18377,2
13572,18381,1
13572,18396,3
13572,18418,2
13572,18432,2
13572,18433,1
13572,18438,1
13572,18462,2
13572,18464,14.5
13572,18465,2
13572,18483,8
13572,18484,2
13573,18365,4
13573,18387,7
13573,18401,5
13573,18404,8
13573,18405,8
13573,18406,2
13573,18429,2
13573,18432,5.5
13573,18433,19
13573,18438,6
13573,18461,4
13573,18463,3
13573,18465,10
13573,18466,3
13573,18468,1
13574,18361,2
13574,18363,9
13574,18365,2
13574,18366,1
13574,18369,5
13574,18370,5
13574,18384,1
13574,18386,4
13574,18387,3
13574,18388,9
13574,18404,4
13574,18405,38
13574,18406,3
13574,18407,1
13574,18420,2
13574,18430,3
13574,18431,3
13574,18432,17
13574,18433,2
13574,18446,1
13574,18466,2
13575,18363,2
13575,18369,3
13575,18370,10
13575,18379,4
13575,18383,5
13575,18384,9
13575,18388,5
13575,18404,25
13575,18405,18
13575,18446,4
13576,18360,2
13576,18361,6
13576,18368,4
13576,18373,2
13576,18381,2
13576,18382,4
13576,18392,5
13576,18393,2
13576,18405,2
13576,18430,2
13576,18431,2
13576,18443,3
13576,18444,8
13576,18445,4
13576,18446,5
13576,18452,2
13576,18465,3
13576,18476,1
13576,18477,2
13577,18379,7
13577,18382,6
13577,18406,2
13577,18415,1
13577,18431,2
13577,18441,6
13577,18443,3
13577,18444,5
13577,18449,4
13578,18367,3
13578,18382,15
13578,18401,13
13578,18405,7
13578,18406,8
13578,18444,2
13578,18455,8
13578,18469,2
13578,18470,6
13578,18472,3
13578,18477,3
13578,18481,2
13579,18382,7
13579,18383,3
13579,18401,20
13579,18406,3
13579,18426,2
13579,18427,1
13579,18437,6
13580,18362,14
13580,18363,1
13580,18378,11
13580,18382,12
13580,18383,8
13580,18384,7
13580,18397,5
13580,18400,1
13580,18411,8
13580,18426,2
13580,18427,6
13580,18437,2
13580,18438,15
13580,18448,10
13580,18463,3
13580,18466,3
13580,18476,1
13580,18477,4
13581,18362,6
13581,18364,5
13581,18375,4
13581,18379,2
13581,18381,8
13581,18382,30
13581,18383,14
13581,18390,10
13581,18397,9
13581,18398,22
13581,18427,10
13581,18438,3
13581,18439,6
13581,18445,1
13581,18475,1
13581,18482,4
13581,18487,11
13582,18368,13
13582,18373,4
13582,18374,1
13582,18375,1
13582,18379,5
13582,18380,11
13582,18381,26
13582,18382,30
13582,18383,23
13582,18384,2
13582,18386,1
13582,18387,7
13582,18390,5
13582,18392,7
13582,18397,5
13582,18419,3
13582,18435,1
13582,18436,2
13582,18438,1
13582,18439,10
13582,18442,1
13582,18447,2
13582,18468,3
13582,18472,1
13583,18359,4
13583,18360,1
13583,18361,4
13583,18368,4
13583,18369,3
13583,18374,2
13583,18375,3
13583,18379,4
13583,18381,8
13583,18382,22
13583,18383,6
13583,18384,6
13583,18387,2
13583,18415,6
13583,18434,1
13583,18435,11
13583,18436,7
13583,18440,33
13583,18442,4
13583,18445,2
13583,18447,4
13583,18463,1
13583,18468,13
13583,18469,3
13584,18375,2
13584,18376,2
13584,18379,8
13584,18380,3.5
13584,18381,14
13584,18382,16
13584,18383,17
13584,18384,13
13584,18412,4
13584,18420,11
13584,18421,6
13584,18439,10
13584,18440,7
13584,18442,6
13584,18469,5
13585,18372,2
13585,18373,2
13585,18376,7
13585,18380,13
13585,18381,9
13585,18382,4
13585,18383,3
13585,18384,2
13585,18403,1
13585,18404,1
13585,18408,6
13585,18416,14
13585,18419,5
13585,18420,15
13585,18421,3
13585,18439,3
13585,18447,4
13585,18448,12
13585,18449,10
13585,18450,2
13585,18451,2
13586,18371,1
13586,18372,16
13586,18373,1
13586,18379,3
13586,18380,1
13586,18403,8
13586,18408,14
13586,18416,6
13586,18418,6
13586,18419,19
13586,18420,18.5
13586,18421,19
13586,18422,2
13586,18446,2
13586,18447,50
13586,18448,70.5
13586,18449,84
13586,18450,38.5
13586,18451,28
13586,18452,11.5
13586,18460,7
13587,18372,2
13587,18373,9
13587,18374,2
13587,18382,7
13587,18383,1
13587,18408,23
13587,18414,1
13587,18415,2
13587,18421,3
13587,18422,7
13587,18447,10
13587,18448,33
13587,18449,46
13587,18450,41
13587,18451,21
13587,18452,10
13587,18453,16
13588,18372,4
13588,18373,4
13588,18374,2
13588,18382,15
13588,18383,3
13588,18406,1
13588,18408,29
13588,18410,50
13588,18411,8
13588,18415,10
13588,18440,6
13588,18443,12
13588,18444,6
13588,18445,11
13588,18446,8
13588,18447,7
13588,18448,34
13588,18449,54
13588,18450,49
13588,18451,35
13588,18452,44
13588,18453,33
13588,18455,15
13588,18456,16
13588,18457,6
13588,18467,4
13588,18473,4
13588,18474,2
13589,18376,3
13589,18377,2
13589,18406,1
13589,18407,3
13589,18408,20
13589,18409,15
13589,18410,24
13589,18411,2
13589,18415,3
13589,18427,2
13589,18434,1
13589,18436,3.5
13589,18441,3
13589,18442,2
13589,18443,23.5
13589,18444,12
13589,18445,29
13589,18446,44
13589,18447,44
13589,18448,36
13589,18449,71.5
13589,18450,89
13589,18451,53
13589,18452,55
13589,18453,32
13589,18454,26
13589,18455,56
13589,18456,61
13589,18457,12
13589,18458,6
13589,18459,24
13589,18466,2
13589,18468,6
13589,18469,2
13589,18472,10
13589,18473,9
13589,18474,7
13589,18478,6
13589,18479,3
13590,18407,3
13590,18408,19
13590,18409,34
13590,18410,25
13590,18411,3
13590,18423,4
13590,18438,2
13590,18439,5
13590,18440,10
13590,18441,21
13590,18443,12.5
13590,18444,11
13590,18447,3
13590,18448,14
13590,18449,49
13590,18450,78.5
13590,18451,103
13590,18452,91.5
13590,18453,28.5
13590,18454,24
13590,18455,16
13590,18456,7
13590,18457,2
13590,18459,2
13590,18460,7
13590,18462,2
13590,18463,17
13590,18464,5
13590,18465,1
13590,18469,15
13590,18470,6
13590,18476,7
13590,18481,1
13591,18407,7
13591,18408,20
13591,18409,48
13591,18414,3
13591,18436,5
13591,18437,4
13591,18438,3
13591,18439,14
13591,18440,10
13591,18443,17
13591,18444,3
13591,18447,3
13591,18448,3
13591,18449,37
13591,18450,10
13591,18451,7
13591,18452,25.5
13591,18453,7
13591,18463,3
13591,18464,1
13591,18467,3
13591,18469,4
13591,18480,1
13591,18481,19
13592,18411,10
13592,18412,8.5
13592,18430,11
13592,18431,21
13592,18432,5
13592,18433,3
13592,18434,8
13592,18448,1
13592,18449,9
13592,18450,1
13592,18452,13
13592,18480,7
13593,18406,2
13593,18409,13.5
13593,18410,13
13593,18411,10
13593,18427,10
13593,18428,8
13593,18429,11
13593,18430,23
13593,18431,6
13593,18479,1
13594,18406,1
13594,18408,2
13594,18409,2
13594,18410,3
13594,18411,2
13594,18423,5.5
13594,18424,13
13594,18425,34
13594,18426,71.5
13594,18427,10
13594,18428,6
13594,18430,1
13594,18446,1
13595,18404,2
13595,18405,6
13595,18411,11
13595,18420,1
13595,18421,3
13595,18422,1
13595,18423,17
13595,18424,39
13596,18410,4
13596,18411,12
13596,18412,12
13596,18413,11
13596,18414,4
13596,18420,1
13596,18441,3
13597,18414,16
13597,18415,10
13597,18418,7
13597,18437,3
13597,18472,1
13598,18436,6
13599,18443,2
13599,18475,3.5
13600,18442,1
13600,18451,2
13601,18433,2
13602,18436,2
