n,e,ind
12586,20167,15
12587,20164,16.5
12587,20165,4
12587,20166,6
12587,20167,24.5
12588,20162,3
12588,20164,26
12588,20165,5
12588,20167,23
12590,20170,47.5
12591,20163,2
12591,20169,4
12591,20170,18
12592,20163,27
12592,20164,16
12593,20163,13
12594,20159,1
12594,20162,1
12594,20163,6
12594,20168,2
12595,20162,55
12595,20163,3
12595,20167,2
12595,20168,20
12596,20161,4
12596,20162,7
12596,20163,5
12596,20165,2
12596,20166,2
12596,20167,5
12596,20168,9
12597,20162,3
12597,20163,8
12597,20165,18
12597,20166,43.5
12597,20167,13
12597,20168,9
12598,20159,4
12598,20162,9
12598,20163,31
12598,20164,8
12598,20166,28
12598,20167,5
12599,20159,15
12599,20162,9
12599,20163,47
12599,20167,14
12599,20168,2
12600,20159,3
12600,20162,4
12600,20163,6
12600,20167,5
12600,20168,13
12601,20160,7
12601,20164,9
12601,20166,2
12601,20167,25
12601,20168,42
12601,20170,1
12601,20171,3
12602,20161,2
12602,20163,19
12602,20165,2
12602,20166,7
12602,20167,62
12602,20168,42
12603,20166,2
12603,20167,13
12603,20168,2
12604,20161,7
12604,20163,32
12604,20164,6
12604,20166,27
12604,20167,41
12604,20168,3
12605,20158,1
12605,20162,5
12605,20163,37
12605,20164,8
12605,20165,17
12605,20166,62
12605,20167,45
12605,20168,10
12606,20160,5
12606,20162,6
12606,20163,69
12606,20164,16
12606,20166,1
12606,20167,19
12606,20168,9
12607,20159,3
12607,20160,21
12607,20162,56
12607,20163,31
12607,20164,57.5
12608,20085,8
12608,20158,6
12608,20159,4
12608,20160,4
12608,20161,45.5
12608,20162,72.5
12608,20163,15
12608,20164,10.5
12609,20085,1
12609,20156,3
12609,20157,9
12609,20158,56.5
12609,20159,9
12609,20160,134.5
12609,20161,107
12609,20162,287.5
12609,20163,30
12609,20168,2
12609,20169,13
12609,20171,1
12610,20085,5
12610,20153,7
12610,20154,3
12610,20156,2
12610,20157,37
12610,20158,162.5
12610,20159,47
12610,20160,145
12610,20161,118.5
12610,20162,353.5
12610,20163,42
12610,20164,11
12610,20165,3
12610,20168,7
12610,20169,2
12610,20170,18
12610,20171,17.5
12610,20172,37
12610,20173,18
12610,20174,40.5
12610,20175,5
12611,20153,37
12611,20154,25
12611,20156,4
12611,20157,8
12611,20158,18.5
12611,20159,33.5
12611,20160,272.5
12611,20161,351.5
12611,20162,40
12611,20163,116
12611,20164,61
12611,20165,12
12611,20166,8
12611,20167,4
12611,20168,8
12611,20170,7
12611,20172,37
12611,20173,48
12611,20174,84
12611,20175,24
12612,20084,2
12612,20145,4
12612,20146,18
12612,20147,20
12612,20148,20
12612,20153,18
12612,20154,31
12612,20155,26
12612,20156,30
12612,20157,39
12612,20158,45
12612,20159,19.5
12612,20160,13
12612,20161,211.5
12612,20162,2
12612,20163,83
12612,20164,313.5
12612,20165,313.5
12612,20166,62
12612,20167,2
12612,20172,18
12612,20173,5
12612,20174,14
12612,20175,12.5
12613,20084,6
12613,20143,3
12613,20145,20.5
12613,20146,16
12613,20147,63.5
12613,20148,47
12613,20149,32.5
12613,20153,13
12613,20154,21
12613,20155,8
12613,20156,43.5
12613,20157,266.5
12613,20158,154
12613,20159,8
12613,20162,4
12613,20163,9
12613,20166,30
12613,20180,12
12613,20181,10
12614,20143,50.5
12614,20144,11
12614,20146,24
12614,20147,65
12614,20148,39
12614,20149,28
12614,20153,5
12614,20154,2
12614,20157,19
12614,20158,42
12614,20159,15
12614,20160,30
12614,20161,155
12614,20162,24.5
12614,20168,106
12614,20169,51.5
12614,20178,20
12614,20179,32
12614,20180,13
12614,20181,20
12615,20077,2
12615,20080,3
12615,20081,1
12615,20143,15
12615,20144,6
12615,20146,1
12615,20147,7
12615,20148,21.5
12615,20149,16
12615,20157,35
12615,20158,29.5
12615,20162,5
12615,20169,1
12615,20179,7
12615,20180,5
12616,20052,19
12616,20079,60
12616,20080,28
12616,20152,1
12616,20154,9
12616,20156,13
12616,20157,69.5
12616,20158,5.5
12616,20162,14
12616,20170,3
12616,20183,4
12617,20044,22
12617,20045,2
12617,20077,33.5
12617,20078,54
12617,20079,84
12617,20097,1
12617,20156,34
12617,20157,21
12617,20163,40.5
12617,20164,32
12617,20165,7
12617,20167,2
12617,20169,4
12617,20170,30
12617,20171,3
12617,20172,34
12617,20173,8
12617,20174,4
12617,20178,3
12617,20183,6
12618,20044,18
12618,20045,13
12618,20046,7
12618,20053,26
12618,20055,1
12618,20078,18
12618,20079,15
12618,20093,2
12618,20097,10
12618,20148,12.5
12618,20154,11
12618,20163,27
12618,20164,72
12618,20165,54.5
12618,20167,6
12618,20168,12.5
12618,20169,33
12618,20170,7
12618,20172,18
12618,20173,3
12618,20174,15
12618,20176,20
12618,20177,41
12618,20178,28
12618,20179,1
12618,20180,6
12618,20181,13
12619,20046,6
12619,20047,17
12619,20053,27
12619,20054,6
12619,20056,8
12619,20058,2
12619,20133,10
12619,20134,26
12619,20153,11
12619,20154,11
12619,20163,9
12619,20164,73.5
12619,20165,52.5
12619,20166,18
12619,20167,71.5
12619,20168,62
12619,20169,20
12619,20170,4
12619,20177,11
12619,20178,21
12619,20179,47
12619,20180,11
12619,20181,43
12619,20182,4
12619,20186,2
12619,20187,40.5
12620,20047,33
12620,20048,11
12620,20049,24
12620,20050,2
12620,20053,5
12620,20056,11
12620,20058,17
12620,20059,25
12620,20123,1
12620,20132,16
12620,20133,24
12620,20134,1
12620,20147,6
12620,20163,6
12620,20164,23
12620,20165,19
12620,20166,38.5
12620,20167,69
12620,20168,17
12620,20180,6
12620,20181,18
12620,20182,51
12620,20183,73
12620,20184,26.5
12621,20046,3
12621,20047,36
12621,20048,10
12621,20049,2
12621,20055,2
12621,20059,23
12621,20060,12
12621,20061,4
12621,20063,3
12621,20073,4
12621,20074,22
12621,20132,17.5
12621,20133,4
12621,20134,4
12621,20135,4
12621,20145,18
12621,20147,3
12621,20148,4
12621,20149,29
12621,20150,16
12621,20166,61
12621,20167,30
12621,20168,2
12621,20169,7
12621,20182,62.5
12621,20183,102.5
12621,20184,31
12622,20045,2
12622,20047,11
12622,20048,4
12622,20049,10
12622,20050,10
12622,20052,1
12622,20053,4
12622,20055,6
12622,20056,6
12622,20057,3
12622,20058,7
12622,20059,2
12622,20072,1
12622,20073,27
12622,20074,9
12622,20129,2
12622,20131,3.5
12622,20132,27
12622,20133,3
12622,20134,12
12622,20144,25
12622,20145,40
12622,20146,23
12622,20147,30
12622,20148,40
12622,20149,104
12622,20165,11
12622,20166,11.5
12622,20167,19.5
12622,20169,1
12622,20170,10
12622,20181,4
12622,20182,38
12622,20183,51
12622,20184,4
12623,20050,6
12623,20052,10
12623,20053,5
12623,20054,2
12623,20056,5
12623,20057,4
12623,20058,8
12623,20060,11
12623,20063,3
12623,20066,5
12623,20073,3
12623,20123,7
12623,20124,17.5
12623,20128,23.5
12623,20129,40
12623,20132,10
12623,20133,20.5
12623,20134,78
12623,20135,37
12623,20148,38
12623,20149,19
12623,20167,2
12623,20181,3
12623,20182,4
12623,20183,11
12624,20048,3
12624,20049,2
12624,20055,1
12624,20056,39.5
12624,20057,51.5
12624,20058,28
12624,20060,12
12624,20061,14
12624,20064,3
12624,20066,2
12624,20074,8
12624,20094,2
12624,20095,2
12624,20097,4
12624,20128,6
12624,20129,17
12624,20133,4
12624,20134,28.5
12624,20135,20
12624,20147,4
12624,20165,2
12624,20166,3
12624,20167,6
12624,20179,4
12624,20184,11
12624,20189,3
12625,20044,3
12625,20048,17
12625,20049,5
12625,20050,2
12625,20052,18
12625,20053,4
12625,20054,3
12625,20055,1
12625,20056,41
12625,20057,30
12625,20058,8
12625,20059,78.5
12625,20060,27
12625,20061,47
12625,20062,22
12625,20063,87
12625,20064,24
12625,20065,6
12625,20066,4
12625,20094,18
12625,20095,2
12625,20127,3
12625,20128,26
12625,20129,18
12625,20130,5
12625,20133,4
12625,20135,29
12625,20136,25
12625,20146,8
12625,20147,11
12625,20164,10
12625,20166,13
12625,20167,35
12625,20168,2
12625,20181,1
12626,20049,4
12626,20050,6.5
12626,20052,12
12626,20054,20
12626,20055,24
12626,20057,18
12626,20058,20
12626,20059,22
12626,20060,12
12626,20061,29
12626,20063,2
12626,20064,5
12626,20095,17
12626,20096,2
12626,20098,15
12626,20099,12
12626,20100,8
12626,20102,4
12626,20125,8
12626,20126,11
12626,20127,66
12626,20128,70.5
12626,20129,44
12626,20130,6
12626,20132,10
12626,20133,36
12626,20135,37.5
12626,20136,55
12626,20137,22
12626,20139,2
12626,20145,9
12626,20146,31
12626,20147,3
12626,20167,1
12626,20168,18.5
12626,20175,3
12626,20178,5
12627,20044,6
12627,20052,2
12627,20058,32
12627,20059,25
12627,20060,2.5
12627,20061,2
12627,20062,8
12627,20069,6
12627,20070,2
12627,20096,12
12627,20097,10
12627,20098,5.5
12627,20099,27.5
12627,20100,1
12627,20106,2
12627,20125,3
12627,20126,5
12627,20127,14
12627,20128,79.5
12627,20129,70.5
12627,20130,50
12627,20131,15
12627,20132,43
12627,20133,90
12627,20134,372
12627,20135,67.5
12627,20136,52
12627,20137,47
12627,20138,11
12627,20139,20
12627,20146,9
12627,20185,1
12627,20326,1
12628,20042,8
12628,20052,14
12628,20056,21.5
12628,20057,21
12628,20058,20
12628,20059,2
12628,20060,2
12628,20061,6
12628,20062,9
12628,20069,15
12628,20096,11
12628,20097,42.5
12628,20098,11
12628,20099,2
12628,20104,7
12628,20105,5
12628,20125,6
12628,20126,13
12628,20127,7
12628,20128,18
12628,20129,2
12628,20131,36
12628,20132,50
12628,20133,176.5
12628,20134,106.5
12628,20135,80
12628,20136,48
12628,20137,68.5
12628,20138,19
12628,20139,2
12628,20167,3
12629,20041,35
12629,20042,3
12629,20043,3
12629,20051,7
12629,20055,39
12629,20056,47
12629,20057,58.5
12629,20058,25
12629,20063,1
12629,20070,4
12629,20097,20
12629,20098,4
12629,20105,10
12629,20106,4.5
12629,20127,10
12629,20132,4
12629,20136,66
12629,20137,33
12629,20140,5
12629,20141,20
12629,20186,3
12630,20043,23.5
12630,20044,11
12630,20046,24.5
12630,20047,13
12630,20051,4
12630,20053,2
12630,20054,9
12630,20055,3
12630,20056,2
12630,20057,45
12630,20058,37
12630,20059,5
12630,20069,12
12630,20070,3
12630,20106,22
12630,20107,1
12630,20126,2
12630,20127,65
12630,20128,16
12630,20136,6
12630,20137,4
12630,20138,12
12630,20140,20
12630,20141,31
12630,20168,1
12630,20169,9
12630,20170,1
12630,20188,4
12630,20329,1
12631,20042,9
12631,20043,4
12631,20045,1
12631,20046,69.5
12631,20047,27
12631,20053,22
12631,20054,17
12631,20056,3
12631,20057,2
12631,20058,5
12631,20059,13
12631,20063,1
12631,20064,2
12631,20066,3
12631,20069,1
12631,20105,4
12631,20106,55
12631,20107,5
12631,20125,6
12631,20126,25
12631,20127,18.5
12631,20128,30
12631,20137,22
12631,20138,35
12631,20139,17
12631,20140,35
12631,20141,2
12631,20151,14.5
12631,20152,1
12631,20168,7
12631,20169,10.5
12631,20170,4
12631,20186,2
12631,20328,12
12632,20039,3
12632,20041,10
12632,20042,8
12632,20043,21
12632,20044,9
12632,20046,1
12632,20047,9
12632,20048,6
12632,20052,6
12632,20055,8
12632,20056,8.5
12632,20057,2
12632,20098,2
12632,20105,2
12632,20126,40
12632,20127,49
12632,20128,40
12632,20129,11
12632,20135,5
12632,20136,6
12632,20137,67.5
12632,20138,44
12632,20139,56.5
12632,20140,19
12632,20151,20
12632,20152,11
12632,20169,5
12632,20170,12
12632,20182,13
12632,20183,4
12632,20189,7
12632,20330,1
12633,20042,18
12633,20043,5
12633,20044,21.5
12633,20045,5
12633,20046,3
12633,20047,12
12633,20048,21
12633,20050,2
12633,20051,9
12633,20052,9
12633,20055,13
12633,20056,40
12633,20057,7
12633,20062,13
12633,20063,22.5
12633,20065,6
12633,20066,3
12633,20069,6
12633,20097,2
12633,20098,15
12633,20126,10
12633,20127,49
12633,20128,66
12633,20129,42.5
12633,20134,2
12633,20138,104
12633,20139,30
12633,20151,20
12633,20152,12
12633,20170,8
12633,20181,2
12633,20182,34.5
12633,20183,14
12633,20185,16
12633,20190,5
12633,20191,1
12634,20041,3
12634,20042,4
12634,20045,1
12634,20046,31
12634,20048,1
12634,20052,6.5
12634,20054,4
12634,20056,6
12634,20061,8
12634,20062,20
12634,20067,10
12634,20068,36
12634,20069,10
12634,20070,3
12634,20071,17
12634,20098,5
12634,20106,13
12634,20107,7
12634,20108,7
12634,20126,1
12634,20127,52
12634,20128,23
12634,20130,7.5
12634,20138,20.5
12634,20139,22
12634,20172,3
12634,20187,14
12634,20188,2
12635,20045,10
12635,20046,33.5
12635,20052,2
12635,20054,1
12635,20061,6
12635,20065,5
12635,20067,1
12635,20068,15
12635,20069,80
12635,20070,14
12635,20071,14
12635,20099,3
12635,20105,6
12635,20127,49
12635,20130,7
12635,20137,2
12635,20138,28
12635,20139,25
12635,20140,3
12635,20174,4
12635,20191,2
12635,20192,2
12636,20043,5
12636,20044,7
12636,20046,2
12636,20052,2
12636,20053,2
12636,20054,14
12636,20055,12
12636,20056,13
12636,20057,7
12636,20058,2
12636,20065,11
12636,20068,6
12636,20069,54
12636,20070,57
12636,20071,3
12636,20099,2
12636,20100,6
12636,20106,2
12636,20121,14
12636,20122,42
12636,20127,4
12636,20131,9
12636,20132,13
12636,20133,7
12636,20138,13
12636,20139,5
12636,20177,1
12636,20183,2
12636,20190,30.5
12636,20191,1
12636,20192,13
12636,20193,20.5
12636,20331,2
12637,20041,8
12637,20042,7
12637,20043,6
12637,20044,39.5
12637,20046,3
12637,20050,2
12637,20051,3
12637,20052,5
12637,20053,8
12637,20055,18
12637,20058,9
12637,20059,2
12637,20069,91.5
12637,20070,57
12637,20071,27
12637,20099,4
12637,20100,4
12637,20101,10
12637,20106,8
12637,20121,3
12637,20122,25
12637,20127,3
12637,20131,12
12637,20132,2
12637,20178,3.5
12637,20179,33
12637,20189,3
12637,20190,32
12637,20191,2
12637,20192,23
12637,20331,23.5
12637,20332,8
12638,20041,8
12638,20043,2
12638,20044,10
12638,20046,1
12638,20048,3
12638,20049,10
12638,20050,7
12638,20051,2
12638,20053,2
12638,20061,3
12638,20068,2
12638,20069,214.5
12638,20070,30.5
12638,20071,44
12638,20072,2
12638,20073,2
12638,20100,2
12638,20106,10
12638,20107,8
12638,20122,33
12638,20128,4
12638,20129,14
12638,20131,21
12638,20140,2
12638,20171,3
12638,20178,6
12638,20179,15
12638,20181,6
12638,20189,2
12638,20190,1
12638,20191,4
12638,20192,7
12638,20330,12
12638,20332,43
12638,20333,2
12639,20041,14
12639,20043,18
12639,20044,12
12639,20045,41.5
12639,20047,1
12639,20049,8
12639,20052,1
12639,20053,8
12639,20056,2
12639,20061,12
12639,20062,15
12639,20063,2
12639,20065,23
12639,20066,50
12639,20068,11
12639,20069,68
12639,20070,26
12639,20071,11
12639,20101,7
12639,20105,4
12639,20121,3
12639,20122,35
12639,20128,10.5
12639,20129,14
12639,20130,29.5
12639,20131,26
12639,20150,3
12639,20151,10
12639,20179,4
12639,20180,3
12639,20181,24
12639,20191,1
12639,20329,39
12639,20330,14
12639,20331,5
12639,20332,32
12639,20333,11
12640,20041,14
12640,20043,5
12640,20044,27
12640,20045,19
12640,20047,5
12640,20048,6
12640,20049,14
12640,20050,1
12640,20057,4
12640,20064,4
12640,20066,42
12640,20068,2
12640,20069,26
12640,20070,51
12640,20071,7
12640,20105,10
12640,20106,24
12640,20122,33.5
12640,20128,11
12640,20129,32
12640,20130,23
12640,20131,5
12640,20138,1
12640,20151,1
12640,20179,4
12640,20180,2
12640,20181,30
12640,20184,8
12640,20191,10
12640,20192,5
12640,20195,3
12640,20329,2
12640,20331,16
12641,20041,4
12641,20043,15
12641,20045,12.5
12641,20047,7
12641,20048,17
12641,20049,11
12641,20050,14
12641,20063,3
12641,20064,15
12641,20066,6.5
12641,20070,9
12641,20072,5
12641,20073,4
12641,20106,13
12641,20109,13
12641,20110,13
12641,20122,16
12641,20127,1
12641,20128,13
12641,20129,25
12641,20130,17
12641,20131,7
12641,20138,20
12641,20151,19
12641,20152,2
12641,20177,3
12641,20179,3
12641,20181,19
12641,20182,5
12641,20184,4
12641,20191,4
12641,20192,8
12641,20195,11
12641,20196,1
12641,20197,3
12641,20328,1
12641,20331,11
12641,20332,31
12641,20333,9.5
12641,20336,1
12642,20040,2
12642,20046,8
12642,20047,3
12642,20048,15
12642,20050,29
12642,20051,13
12642,20052,11
12642,20053,33.5
12642,20055,5
12642,20056,4
12642,20058,3
12642,20062,7
12642,20063,14
12642,20068,3
12642,20070,7
12642,20071,6.5
12642,20072,6
12642,20073,2
12642,20106,1
12642,20109,22
12642,20110,11
12642,20122,9
12642,20127,22
12642,20128,25
12642,20129,34
12642,20130,33
12642,20151,19
12642,20152,16
12642,20178,3
12642,20180,6
12642,20181,12
12642,20182,1
12642,20183,9
12642,20193,4
12642,20329,5
12642,20330,41
12642,20331,25
12642,20332,38
12642,20333,19
12642,20338,2
12643,20035,5
12643,20037,1
12643,20038,53
12643,20043,11
12643,20046,36
12643,20052,4
12643,20053,70.5
12643,20054,63
12643,20055,90.5
12643,20056,5
12643,20059,3
12643,20061,9
12643,20062,28.5
12643,20063,24
12643,20070,12
12643,20071,34
12643,20072,16
12643,20073,24
12643,20107,9
12643,20108,12.5
12643,20109,21
12643,20110,2
12643,20111,16.5
12643,20112,24
12643,20113,30
12643,20127,15
12643,20128,73
12643,20129,38
12643,20130,15
12643,20139,2
12643,20144,4
12643,20151,7
12643,20152,5
12643,20179,5
12643,20180,14
12643,20181,7
12643,20182,16
12643,20183,1
12643,20192,5
12643,20329,2
12643,20330,2
12643,20331,5
12643,20332,71.5
12643,20333,16
12643,20334,3
12643,20335,4
12644,20035,2
12644,20036,85.5
12644,20038,6
12644,20045,12
12644,20046,5
12644,20048,8
12644,20052,11
12644,20053,71.5
12644,20054,43
12644,20055,30
12644,20056,8
12644,20057,7
12644,20059,3
12644,20063,12
12644,20064,13
12644,20068,2
12644,20071,5
12644,20072,16
12644,20073,4
12644,20074,1
12644,20103,6
12644,20106,4
12644,20108,7
12644,20109,17
12644,20110,9
12644,20111,25
12644,20113,3
12644,20114,1
12644,20127,4
12644,20128,3
12644,20129,7
12644,20130,18
12644,20131,3
12644,20144,4
12644,20145,3.5
12644,20148,5
12644,20149,31
12644,20150,9
12644,20178,4
12644,20180,6
12644,20181,10
12644,20184,2
12644,20185,2
12644,20186,4
12644,20192,2
12644,20194,1
12644,20329,4
12644,20330,38.5
12644,20332,56.5
12644,20333,18
12644,20334,16
12644,20335,12
12645,20036,34
12645,20037,65.5
12645,20038,21
12645,20039,9.5
12645,20040,58
12645,20041,30
12645,20042,8
12645,20045,12
12645,20048,2
12645,20049,6
12645,20052,12
12645,20053,11
12645,20055,17
12645,20056,6
12645,20060,45
12645,20061,10
12645,20063,9.5
12645,20068,5
12645,20072,16
12645,20073,1
12645,20108,9
12645,20111,15
12645,20112,3
12645,20130,2
12645,20144,5
12645,20150,9
12645,20174,9
12645,20175,15
12645,20176,7
12645,20178,3
12645,20179,12
12645,20180,58
12645,20181,2
12645,20185,8
12645,20194,2
12645,20329,5
12645,20330,6
12645,20331,4
12645,20332,12
12645,20333,9
12645,20334,9
12645,20335,10
12646,20035,21.5
12646,20036,30
12646,20037,201.5
12646,20038,160
12646,20039,7
12646,20040,44
12646,20041,10
12646,20042,47
12646,20045,7.5
12646,20050,2
12646,20051,17
12646,20052,4
12646,20056,4
12646,20060,18
12646,20061,35
12646,20063,9
12646,20064,6
12646,20069,4
12646,20074,1
12646,20076,5
12646,20105,1
12646,20109,2
12646,20110,5
12646,20111,23
12646,20112,25
12646,20113,10
12646,20130,4
12646,20131,2
12646,20144,9
12646,20145,4
12646,20150,4
12646,20151,5
12646,20179,5
12646,20180,9
12646,20181,10
12646,20192,4
12646,20195,3
12646,20330,26.5
12646,20332,55.5
12647,20034,2
12647,20035,34
12647,20036,82
12647,20037,159.5
12647,20038,169
12647,20039,56
12647,20040,64.5
12647,20041,17.5
12647,20042,45
12647,20043,3
12647,20047,1
12647,20060,4
12647,20061,23
12647,20062,5
12647,20063,78
12647,20064,53.5
12647,20065,7
12647,20066,5
12647,20071,35
12647,20072,4
12647,20073,13
12647,20074,22.5
12647,20075,4
12647,20076,27
12647,20077,1
12647,20103,24
12647,20104,14
12647,20109,4
12647,20111,16
12647,20113,5
12647,20114,1
12647,20124,18
12647,20130,68.5
12647,20131,4
12647,20150,10
12647,20151,30.5
12647,20177,1
12647,20182,5
12647,20267,5
12647,20268,6
12647,20282,2
12647,20330,24
12647,20331,5
12647,20332,22
12648,20035,58
12648,20036,10
12648,20038,68.5
12648,20039,12
12648,20040,21
12648,20041,18
12648,20042,2
12648,20043,2
12648,20044,6
12648,20045,4
12648,20047,3
12648,20061,21
12648,20063,27
12648,20064,8
12648,20065,18
12648,20066,30
12648,20071,25
12648,20072,34
12648,20073,27
12648,20074,2
12648,20075,30
12648,20076,21
12648,20077,8
12648,20103,10.5
12648,20104,38.5
12648,20114,2
12648,20124,7
12648,20130,45
12648,20179,16
12648,20182,4
12648,20264,4
12648,20269,2
12648,20299,6
12648,20300,6
12648,20330,9
12648,20331,11
12648,20332,15
12648,20333,13
12648,20334,1
12649,20016,26
12649,20017,17
12649,20036,7
12649,20037,7
12649,20038,48
12649,20039,1
12649,20040,10
12649,20041,1
12649,20042,37
12649,20043,4
12649,20045,9
12649,20047,15
12649,20054,8
12649,20061,11
12649,20063,2
12649,20064,6
12649,20066,4
12649,20072,50
12649,20073,88.5
12649,20074,8
12649,20076,9
12649,20077,4
12649,20103,12
12649,20105,8
12649,20114,4
12649,20115,4
12649,20116,1
12649,20124,1
12649,20130,68
12649,20138,6
12649,20139,2
12649,20176,2
12649,20179,5
12649,20181,5
12649,20264,3
12649,20267,8
12649,20268,9
12649,20281,2
12649,20301,6
12649,20302,1
12649,20330,11
12649,20331,1
12649,20332,18
12649,20333,28.5
12649,20334,3
12650,20016,4
12650,20017,3
12650,20034,2
12650,20036,25
12650,20037,16
12650,20038,21.5
12650,20041,3
12650,20042,8
12650,20043,5
12650,20044,6
12650,20045,2
12650,20046,5
12650,20047,12
12650,20048,30
12650,20050,115
12650,20051,48.5
12650,20054,41
12650,20055,42.5
12650,20056,3
12650,20060,3
12650,20061,3
12650,20065,7
12650,20067,2.5
12650,20072,44
12650,20073,55.5
12650,20074,33
12650,20075,4
12650,20076,24
12650,20077,4
12650,20105,20
12650,20114,3
12650,20115,1
12650,20129,7
12650,20130,15
12650,20138,21
12650,20139,17
12650,20180,2
12650,20181,7
12650,20265,2
12650,20266,8
12650,20267,11.5
12650,20268,1
12650,20281,11
12650,20304,3
12650,20306,6
12650,20331,21
12650,20332,19.5
12650,20333,10
12651,20016,21.5
12651,20036,21.5
12651,20037,86
12651,20038,43
12651,20039,22
12651,20041,3
12651,20042,7
12651,20043,3
12651,20046,10
12651,20050,35
12651,20051,33.5
12651,20052,25
12651,20054,13
12651,20055,7
12651,20056,13
12651,20059,1
12651,20060,10
12651,20061,9
12651,20063,6
12651,20064,5
12651,20065,1
12651,20072,71
12651,20073,9
12651,20074,6.5
12651,20075,3
12651,20076,3
12651,20114,5
12651,20116,2
12651,20117,3
12651,20125,3
12651,20129,18
12651,20130,6
12651,20138,7
12651,20179,15
12651,20180,31.5
12651,20181,6
12651,20187,5
12651,20265,4
12651,20266,10
12651,20267,22
12651,20268,8
12651,20270,1
12651,20271,2
12651,20275,1
12651,20300,10
12651,20303,4
12651,20332,5
12651,20333,14
12651,20334,5
12651,20340,1
12652,20018,3
12652,20021,8
12652,20037,2
12652,20038,11
12652,20039,1.5
12652,20043,18
12652,20044,5.5
12652,20047,16
12652,20050,30
12652,20051,44.5
12652,20052,92
12652,20053,23
12652,20054,64
12652,20055,15
12652,20056,15
12652,20059,7
12652,20060,23
12652,20069,8
12652,20071,1
12652,20072,27.5
12652,20073,20
12652,20074,35
12652,20075,3
12652,20101,5
12652,20107,1
12652,20113,5
12652,20114,1
12652,20116,7
12652,20117,21
12652,20118,4
12652,20120,1
12652,20129,4
12652,20137,5
12652,20138,2
12652,20178,3
12652,20179,40.5
12652,20180,17
12652,20264,6
12652,20265,11
12652,20266,2
12652,20267,9
12652,20269,6
12652,20272,4
12652,20273,1
12652,20274,2
12652,20275,6.5
12652,20280,1
12652,20331,6
12652,20333,10
12653,20012,7
12653,20019,6
12653,20020,3
12653,20021,4
12653,20026,2
12653,20027,8
12653,20028,3
12653,20029,3
12653,20031,13
12653,20040,9
12653,20043,37
12653,20044,17
12653,20046,9.5
12653,20047,10
12653,20048,4
12653,20050,20
12653,20051,10
12653,20053,5
12653,20054,35
12653,20055,2
12653,20056,17
12653,20058,18.5
12653,20059,68
12653,20060,49
12653,20061,10
12653,20064,6
12653,20065,2
12653,20067,8
12653,20068,4
12653,20072,13
12653,20073,7.5
12653,20074,21
12653,20075,10
12653,20076,16
12653,20106,1
12653,20113,6
12653,20114,2
12653,20116,5
12653,20118,4
12653,20120,2
12653,20121,36
12653,20122,21
12653,20123,3
12653,20125,10
12653,20126,1
12653,20137,11
12653,20150,1
12653,20177,12
12653,20178,5
12653,20179,1.5
12653,20264,24
12653,20265,38
12653,20266,39
12653,20267,11
12653,20268,4
12653,20269,18
12653,20270,7
12653,20272,9
12653,20273,13
12653,20274,19
12653,20275,2
12653,20281,1
12653,20299,4
12653,20300,1
12653,20301,5
12653,20302,2
12653,20331,12.5
12653,20332,8
12653,20336,5
12654,20015,26
12654,20018,7
12654,20019,9
12654,20020,4
12654,20021,4
12654,20026,5
12654,20027,2
12654,20028,8
12654,20030,56.5
12654,20031,25
12654,20033,4
12654,20039,4
12654,20040,5
12654,20044,5
12654,20045,2
12654,20046,12
12654,20047,2
12654,20048,5
12654,20054,34
12654,20055,151
12654,20056,9
12654,20057,302
12654,20058,75
12654,20059,43
12654,20060,7
12654,20061,10
12654,20062,11
12654,20064,11
12654,20065,36
12654,20066,15
12654,20067,62
12654,20068,26
12654,20069,14
12654,20070,21
12654,20073,5
12654,20074,2
12654,20076,18
12654,20108,5
12654,20113,1
12654,20114,10
12654,20115,16
12654,20116,9
12654,20117,16
12654,20118,15
12654,20120,33
12654,20121,30
12654,20122,42
12654,20123,65
12654,20124,5
12654,20126,13
12654,20127,16
12654,20136,17
12654,20137,9
12654,20178,4
12654,20264,10
12654,20265,9
12654,20266,12
12654,20267,47
12654,20268,57.5
12654,20269,32.5
12654,20270,51
12654,20271,11
12654,20272,20.5
12654,20273,36
12654,20274,33.5
12654,20275,24
12654,20281,6
12654,20282,2
12654,20298,3
12654,20299,2
12654,20329,1
12654,20332,1
12654,20333,14
12655,20015,13.5
12655,20025,2
12655,20026,1
12655,20028,6
12655,20030,20
12655,20031,5
12655,20036,5
12655,20041,10
12655,20043,16
12655,20044,9
12655,20045,4
12655,20048,2
12655,20049,6
12655,20052,1
12655,20053,3
12655,20054,30
12655,20055,4
12655,20056,13
12655,20057,27.5
12655,20058,57.5
12655,20059,15
12655,20061,6
12655,20062,79
12655,20063,8
12655,20064,6
12655,20065,25
12655,20066,6
12655,20068,4
12655,20069,48
12655,20070,6
12655,20074,14
12655,20104,7
12655,20105,7
12655,20107,14
12655,20109,4
12655,20110,3
12655,20111,4
12655,20112,2
12655,20114,7
12655,20115,28
12655,20116,52.5
12655,20117,37
12655,20118,11
12655,20119,2
12655,20120,10.5
12655,20121,26
12655,20122,69.5
12655,20123,103
12655,20124,22
12655,20126,3
12655,20127,32
12655,20128,42
12655,20129,5
12655,20130,6
12655,20135,17
12655,20136,15
12655,20137,11
12655,20141,1
12655,20179,3
12655,20266,7
12655,20267,10
12655,20269,3
12655,20270,17
12655,20271,65
12655,20272,72
12655,20273,29
12655,20274,3
12655,20275,12
12655,20278,6
12655,20279,3
12655,20280,2
12655,20282,1
12655,20297,3
12655,20329,2
12655,20332,1
12655,20333,13
12655,20335,2
12655,20337,4
12656,20020,5
12656,20021,24
12656,20023,1
12656,20025,18.5
12656,20026,16
12656,20028,4
12656,20031,7
12656,20032,8
12656,20033,2
12656,20039,8
12656,20040,13.5
12656,20050,10
12656,20051,3
12656,20052,10
12656,20053,13
12656,20056,7
12656,20057,11.5
12656,20058,69.5
12656,20059,16
12656,20061,34.5
12656,20062,19
12656,20065,10
12656,20068,3
12656,20069,14
12656,20071,2
12656,20072,12
12656,20074,18
12656,20075,12
12656,20104,15
12656,20105,29
12656,20106,57
12656,20107,31
12656,20108,57
12656,20109,22
12656,20110,20
12656,20111,46
12656,20112,15
12656,20113,10.5
12656,20114,83
12656,20115,31.5
12656,20116,53
12656,20117,44
12656,20118,19
12656,20119,2
12656,20121,17
12656,20123,25.5
12656,20124,11
12656,20126,10
12656,20127,93.5
12656,20128,63.5
12656,20129,2
12656,20130,14
12656,20135,5
12656,20136,48.5
12656,20141,11
12656,20142,5
12656,20179,13.5
12656,20187,1
12656,20211,1
12656,20265,8
12656,20266,2
12656,20267,8
12656,20268,3
12656,20269,5
12656,20270,19.5
12656,20271,18
12656,20272,89
12656,20273,80
12656,20274,59.5
12656,20275,12
12656,20278,9
12656,20279,22
12656,20280,1
12656,20282,5
12656,20284,3
12656,20293,6
12656,20294,12
12656,20295,4
12656,20297,4
12656,20332,6
12656,20333,36
12656,20334,34
12656,20335,11
12656,20337,2
12657,20011,4
12657,20016,17
12657,20021,49
12657,20023,6
12657,20024,4
12657,20025,9
12657,20026,11
12657,20028,32
12657,20031,9
12657,20032,7
12657,20034,6
12657,20036,1
12657,20037,2
12657,20038,2
12657,20039,12
12657,20040,12
12657,20044,5
12657,20045,23
12657,20046,2
12657,20051,80
12657,20052,71
12657,20053,62
12657,20054,23
12657,20058,117
12657,20059,3
12657,20060,17
12657,20061,13
12657,20062,2
12657,20063,4
12657,20067,4
12657,20068,20
12657,20071,7
12657,20072,25
12657,20075,8
12657,20104,1
12657,20105,30
12657,20106,17
12657,20107,62
12657,20108,93
12657,20109,39
12657,20110,83.5
12657,20111,69
12657,20112,51
12657,20113,82
12657,20114,88
12657,20115,76.5
12657,20116,84.5
12657,20117,29
12657,20118,1
12657,20121,5
12657,20122,5
12657,20123,2.5
12657,20124,6
12657,20127,5
12657,20128,11
12657,20129,74
12657,20135,6
12657,20136,9
12657,20140,14
12657,20141,5
12657,20142,1
12657,20179,3
12657,20186,3
12657,20265,3
12657,20266,4
12657,20269,7
12657,20270,4
12657,20271,2
12657,20272,28
12657,20273,3
12657,20274,16
12657,20275,6
12657,20276,18
12657,20277,11
12657,20278,4
12657,20279,1
12657,20280,63.5
12657,20282,7
12657,20283,3
12657,20284,6
12657,20285,5
12657,20293,15
12657,20294,2
12657,20295,1
12657,20297,3
12657,20298,5
12657,20299,1
12657,20300,1
12657,20330,7
12657,20335,11
12657,20336,14
12657,20337,1
12658,20011,9
12658,20016,12
12658,20021,4
12658,20022,9
12658,20023,9
12658,20024,5
12658,20025,2
12658,20026,5
12658,20027,2
12658,20028,47.5
12658,20029,2
12658,20034,2
12658,20035,12
12658,20038,1
12658,20039,14
12658,20040,7
12658,20042,4
12658,20045,6
12658,20046,6
12658,20051,8
12658,20052,11
12658,20054,28
12658,20055,5
12658,20058,6
12658,20059,10
12658,20062,3
12658,20064,9
12658,20071,3
12658,20072,5
12658,20074,4
12658,20075,15
12658,20104,12
12658,20105,2
12658,20106,2
12658,20107,21.5
12658,20108,57
12658,20109,23
12658,20110,49
12658,20111,71
12658,20112,62
12658,20113,98
12658,20114,42
12658,20115,61.5
12658,20116,53
12658,20122,3
12658,20123,19
12658,20129,16
12658,20135,13
12658,20140,13
12658,20141,1
12658,20265,10
12658,20270,2
12658,20275,4
12658,20278,5
12658,20279,8
12658,20280,1
12658,20281,15
12658,20282,9
12658,20283,24
12658,20284,9
12658,20286,1
12658,20287,3
12658,20293,5
12658,20294,1
12658,20295,13
12658,20296,4
12658,20297,3
12658,20298,22
12658,20299,19
12658,20300,2
12658,20333,3
12658,20334,18.5
12658,20335,24
12658,20337,2
12659,20011,6
12659,20015,3
12659,20018,1
12659,20023,3
12659,20024,9
12659,20025,14
12659,20026,16
12659,20027,9
12659,20028,7
12659,20029,24
12659,20030,5
12659,20034,2
12659,20035,4
12659,20038,3
12659,20040,7
12659,20042,4
12659,20043,14
12659,20045,4
12659,20046,6
12659,20048,3
12659,20050,4
12659,20061,3
12659,20062,16.5
12659,20064,14
12659,20067,12
12659,20072,5
12659,20075,22
12659,20102,2
12659,20104,10
12659,20105,6
12659,20106,5
12659,20107,8
12659,20108,47.5
12659,20109,20
12659,20110,34
12659,20111,58
12659,20112,38
12659,20113,158.5
12659,20114,117
12659,20115,107
12659,20116,42
12659,20117,5
12659,20118,2
12659,20119,3
12659,20120,8
12659,20121,9
12659,20135,5
12659,20142,4
12659,20273,2
12659,20280,2
12659,20282,4
12659,20283,3
12659,20284,16
12659,20285,14
12659,20286,5
12659,20288,13
12659,20294,5
12659,20295,7
12659,20296,18
12659,20297,5
12659,20298,13
12659,20299,4
12659,20329,2
12659,20330,4
12659,20331,4
12659,20333,1
12659,20334,11
12660,20016,14
12660,20017,36.5
12660,20018,4
12660,20026,10
12660,20027,8.5
12660,20028,3
12660,20029,24
12660,20030,22
12660,20031,10
12660,20032,11
12660,20033,1
12660,20034,9.5
12660,20037,7
12660,20042,32
12660,20043,11.5
12660,20048,12
12660,20049,25
12660,20050,2
12660,20058,13
12660,20061,3
12660,20064,30
12660,20065,34
12660,20068,6
12660,20069,9.5
12660,20072,10
12660,20073,18
12660,20075,9
12660,20076,6.5
12660,20079,2
12660,20103,3
12660,20104,1.5
12660,20106,41
12660,20107,5
12660,20108,104.5
12660,20109,57
12660,20110,43
12660,20111,46
12660,20112,72
12660,20113,261
12660,20114,175.5
12660,20115,135
12660,20116,67
12660,20117,48
12660,20118,2
12660,20119,10
12660,20120,4
12660,20134,14
12660,20135,8
12660,20137,3
12660,20140,8
12660,20141,4
12660,20142,3
12660,20144,1
12660,20185,4
12660,20189,2
12660,20209,1
12660,20279,19
12660,20280,5
12660,20281,9
12660,20282,9
12660,20283,2
12660,20285,18
12660,20286,5
12660,20287,1
12660,20288,2
12660,20289,1
12660,20290,21.5
12660,20291,3
12660,20292,1
12660,20294,2
12660,20296,3
12660,20297,10
12660,20298,3
12660,20329,3
12660,20330,12
12660,20331,8
12660,20334,8
12660,20335,17
12661,20016,4
12661,20017,30
12661,20024,4
12661,20028,11
12661,20034,3
12661,20043,4
12661,20044,5
12661,20045,3
12661,20048,24
12661,20049,11.5
12661,20057,21
12661,20058,15
12661,20061,27
12661,20062,17
12661,20068,9
12661,20070,6
12661,20071,1
12661,20072,150.5
12661,20073,41
12661,20074,5
12661,20075,16
12661,20106,37
12661,20107,20
12661,20108,107
12661,20109,67
12661,20110,38
12661,20111,97.5
12661,20112,192.5
12661,20113,183
12661,20114,38
12661,20115,52
12661,20116,53
12661,20117,56
12661,20118,19
12661,20119,17
12661,20120,4
12661,20133,1
12661,20134,51.5
12661,20135,5
12661,20138,5
12661,20139,34.5
12661,20140,46
12661,20141,11
12661,20143,14
12661,20144,4
12661,20175,3
12661,20178,9
12661,20179,8
12661,20184,2
12661,20185,10
12661,20193,2
12661,20209,10
12661,20279,14
12661,20280,11
12661,20281,21
12661,20282,30.5
12661,20283,11
12661,20286,15
12661,20287,5
12661,20288,28
12661,20289,9
12661,20290,18
12661,20291,13
12661,20295,1
12661,20296,5
12661,20297,4
12661,20330,4
12661,20331,21
12661,20335,22
12662,20014,1
12662,20017,21.5
12662,20022,1
12662,20027,3
12662,20033,4
12662,20034,9
12662,20038,26
12662,20040,7
12662,20041,14
12662,20043,15
12662,20044,17.5
12662,20045,11
12662,20047,38
12662,20048,18
12662,20057,47
12662,20058,48
12662,20059,3
12662,20067,6
12662,20070,18
12662,20071,96
12662,20072,31
12662,20073,20
12662,20074,5
12662,20076,8
12662,20078,3
12662,20079,23
12662,20082,8
12662,20083,2
12662,20106,8
12662,20107,24
12662,20108,15
12662,20109,26
12662,20110,5
12662,20111,27
12662,20112,26
12662,20114,37
12662,20115,46
12662,20116,34
12662,20117,42
12662,20118,44
12662,20119,16
12662,20132,1
12662,20133,24
12662,20134,20
12662,20135,10
12662,20137,5
12662,20138,8
12662,20139,24
12662,20140,18
12662,20176,6
12662,20177,5
12662,20178,7
12662,20179,36
12662,20180,10
12662,20185,1
12662,20280,16
12662,20281,10
12662,20282,4
12662,20283,37
12662,20284,16
12662,20286,10
12662,20287,17
12662,20288,8
12662,20289,23
12662,20290,18
12662,20295,24
12662,20296,6
12662,20297,2
12662,20327,2
12662,20331,5
12663,20008,3
12663,20009,13
12663,20010,7
12663,20013,6
12663,20014,8
12663,20015,20
12663,20017,38.5
12663,20018,7
12663,20019,26
12663,20033,5
12663,20034,24.5
12663,20037,4
12663,20038,2
12663,20041,11
12663,20042,28
12663,20045,46.5
12663,20046,5
12663,20057,4
12663,20058,3
12663,20059,2
12663,20071,45
12663,20072,11
12663,20074,24
12663,20075,7
12663,20076,53
12663,20077,11
12663,20078,12
12663,20079,41.5
12663,20080,17
12663,20083,3
12663,20104,2
12663,20105,3
12663,20107,6
12663,20110,46
12663,20111,6
12663,20112,2
12663,20113,12
12663,20115,24
12663,20116,39
12663,20117,57.5
12663,20118,53.5
12663,20132,16.5
12663,20133,57
12663,20134,5
12663,20136,1
12663,20137,13
12663,20138,28
12663,20175,2
12663,20178,11
12663,20180,4
12663,20192,4
12663,20208,1
12663,20281,15
12663,20282,9
12663,20283,3
12663,20284,20
12663,20285,29
12663,20286,7
12663,20287,16
12663,20288,25
12663,20289,26
12663,20290,6
12663,20291,8
12663,20292,5
12663,20294,1
12663,20295,15
12663,20331,4
12663,20334,3.5
12664,20009,4
12664,20010,8
12664,20015,4
12664,20018,5
12664,20019,6
12664,20026,7
12664,20028,7.5
12664,20041,8
12664,20053,4
12664,20064,3
12664,20065,4
12664,20071,20
12664,20072,28
12664,20074,2
12664,20075,38
12664,20076,207.5
12664,20077,26
12664,20080,4
12664,20081,5.5
12664,20082,31
12664,20083,11
12664,20084,6
12664,20104,5
12664,20105,13
12664,20106,3
12664,20107,11
12664,20108,3
12664,20110,8
12664,20111,2
12664,20113,35
12664,20114,27
12664,20115,14.5
12664,20116,66
12664,20117,54
12664,20118,9
12664,20132,2
12664,20133,26
12664,20134,19
12664,20136,1
12664,20137,1
12664,20139,2
12664,20142,1
12664,20177,7
12664,20178,12.5
12664,20180,1
12664,20183,8
12664,20184,7
12664,20190,10
12664,20191,3
12664,20192,10
12664,20206,6
12664,20207,3
12664,20208,6
12664,20278,1
12664,20281,17
12664,20282,22
12664,20283,49.5
12664,20284,18
12664,20285,31
12664,20286,24
12664,20287,40.5
12664,20288,50
12664,20289,24
12664,20290,57
12664,20291,41
12664,20292,2
12664,20295,7
12664,20330,2
12664,20332,9
12664,20336,5
12665,20007,2
12665,20010,4
12665,20014,7
12665,20015,11.5
12665,20019,20
12665,20020,1
12665,20022,2
12665,20023,9
12665,20024,3
12665,20031,2
12665,20037,9
12665,20038,16
12665,20041,2
12665,20052,5
12665,20053,2
12665,20054,3
12665,20060,2
12665,20063,31
12665,20064,6
12665,20065,4
12665,20066,7
12665,20067,8
12665,20068,43
12665,20069,7
12665,20072,18
12665,20076,46.5
12665,20081,21.5
12665,20082,59.5
12665,20083,93.5
12665,20084,28
12665,20104,4
12665,20105,8
12665,20106,30
12665,20107,58
12665,20108,81
12665,20109,33
12665,20113,3
12665,20117,15.5
12665,20131,5
12665,20132,11
12665,20133,66
12665,20134,5
12665,20137,3
12665,20138,1
12665,20176,1
12665,20177,5
12665,20178,9
12665,20179,2
12665,20182,1
12665,20185,4
12665,20191,1
12665,20193,4
12665,20195,2
12665,20196,1
12665,20205,13
12665,20206,3
12665,20207,2
12665,20208,5
12665,20285,22
12665,20286,163.5
12665,20287,1
12665,20288,34
12665,20289,46
12665,20290,63
12665,20291,11
12665,20292,17
12665,20293,3
12665,20295,4
12665,20296,3
12665,20316,1
12665,20335,1
12666,20007,14.5
12666,20008,6
12666,20014,6
12666,20015,10
12666,20019,7
12666,20020,10
12666,20021,4
12666,20024,1
12666,20025,18
12666,20026,1
12666,20028,6
12666,20029,1
12666,20030,8
12666,20031,9
12666,20037,2
12666,20038,11
12666,20040,2
12666,20041,6
12666,20042,3
12666,20044,5
12666,20045,8
12666,20051,7
12666,20052,31.5
12666,20053,26.5
12666,20054,4
12666,20055,17
12666,20060,1
12666,20064,21.5
12666,20066,19
12666,20067,28
12666,20068,46
12666,20069,9
12666,20073,13
12666,20076,29
12666,20077,4
12666,20080,19
12666,20081,7
12666,20082,52.5
12666,20083,49.5
12666,20104,13
12666,20105,10
12666,20106,47
12666,20107,71
12666,20108,35
12666,20109,13
12666,20110,11
12666,20116,1
12666,20117,4
12666,20132,10
12666,20133,30.5
12666,20134,23
12666,20137,12
12666,20138,31.5
12666,20173,6
12666,20176,3
12666,20177,6
12666,20178,13
12666,20180,2
12666,20182,3
12666,20190,2
12666,20193,10
12666,20194,1
12666,20197,2
12666,20202,1
12666,20204,5
12666,20209,3
12666,20210,5
12666,20211,5
12666,20286,1
12666,20287,13
12666,20288,57
12666,20289,45
12666,20290,46
12666,20291,20
12666,20292,31
12666,20293,37
12666,20295,11
12666,20296,7
12666,20326,2
12666,20327,5
12666,20328,1
12666,20329,11
12666,20332,2
12666,20333,2
12667,20008,3
12667,20009,9
12667,20010,4
12667,20019,13
12667,20020,27
12667,20021,7
12667,20024,16
12667,20025,4
12667,20029,12
12667,20040,27
12667,20041,9
12667,20042,2
12667,20044,6
12667,20048,1
12667,20051,1
12667,20052,6
12667,20053,3
12667,20054,28
12667,20055,21
12667,20057,17
12667,20059,2.5
12667,20063,2
12667,20064,14
12667,20066,5
12667,20067,23.5
12667,20068,16
12667,20069,3
12667,20072,46
12667,20073,26
12667,20080,5
12667,20081,18
12667,20082,65
12667,20083,25
12667,20084,3
12667,20104,26
12667,20105,14
12667,20106,38
12667,20107,32
12667,20108,3
12667,20109,18
12667,20110,30
12667,20111,4
12667,20133,11
12667,20134,27
12667,20135,14
12667,20137,7
12667,20138,12
12667,20174,4
12667,20175,2
12667,20176,3
12667,20177,32
12667,20186,4
12667,20191,7
12667,20194,3
12667,20202,17
12667,20206,4
12667,20209,2
12667,20288,16.5
12667,20289,52
12667,20290,9
12667,20291,12
12667,20292,50
12667,20293,29
12667,20294,7
12667,20295,7
12667,20296,23
12667,20297,15
12667,20300,1
12667,20316,1
12667,20327,2
12667,20328,11
12667,20329,6
12667,20331,2
12667,20332,32
12667,20333,21
12667,20336,2
12667,20341,5
12667,20343,5
12667,20344,3
12667,20345,3
12668,20008,4
12668,20009,8
12668,20021,3
12668,20024,9
12668,20025,6
12668,20029,2
12668,20030,11.5
12668,20031,28
12668,20032,3
12668,20033,1
12668,20035,41
12668,20039,1
12668,20040,20
12668,20041,2
12668,20042,2
12668,20044,3
12668,20045,2
12668,20047,4
12668,20048,12
12668,20051,5
12668,20052,13
12668,20053,2
12668,20059,2
12668,20060,4
12668,20063,7
12668,20064,8
12668,20065,2
12668,20066,14
12668,20067,2
12668,20072,33
12668,20073,5
12668,20077,3
12668,20081,24
12668,20082,66
12668,20083,59
12668,20103,25
12668,20104,30
12668,20105,6
12668,20106,148.5
12668,20107,51
12668,20108,9
12668,20109,5
12668,20110,10
12668,20132,55
12668,20133,7
12668,20134,46.5
12668,20135,14
12668,20175,23
12668,20176,2
12668,20177,12
12668,20178,5
12668,20180,5
12668,20184,6
12668,20185,2
12668,20187,13
12668,20189,1
12668,20190,2
12668,20192,4
12668,20194,1
12668,20195,6
12668,20196,4
12668,20201,2
12668,20203,2
12668,20284,16
12668,20285,2
12668,20286,6
12668,20287,2
12668,20289,32
12668,20290,75
12668,20291,34
12668,20292,33
12668,20293,25.5
12668,20294,4
12668,20295,6
12668,20296,6
12668,20298,1
12668,20316,4
12668,20319,4
12668,20327,21
12668,20328,4
12668,20332,10
12668,20333,37.5
12668,20345,3
12668,20346,5
12668,20347,2
12669,20013,18
12669,20020,4
12669,20021,13
12669,20025,4
12669,20026,5
12669,20028,2
12669,20029,2
12669,20030,15
12669,20031,13
12669,20035,68
12669,20036,49
12669,20038,2
12669,20045,13
12669,20050,2
12669,20051,6
12669,20052,13
12669,20053,2
12669,20054,4
12669,20058,1
12669,20059,6
12669,20060,18
12669,20061,16
12669,20064,23
12669,20065,145
12669,20070,1
12669,20077,4
12669,20080,4
12669,20081,23.5
12669,20082,59
12669,20083,94
12669,20084,3
12669,20103,5
12669,20104,27
12669,20105,48.5
12669,20106,56
12669,20107,56
12669,20108,40
12669,20109,23
12669,20130,4
12669,20131,87.5
12669,20132,145
12669,20133,40
12669,20134,39.5
12669,20173,4
12669,20177,6
12669,20182,2
12669,20184,2
12669,20190,2
12669,20194,1
12669,20195,1
12669,20198,22.5
12669,20199,13
12669,20202,2
12669,20211,2
12669,20288,2
12669,20289,6
12669,20290,23
12669,20291,7
12669,20292,15
12669,20293,70
12669,20294,3
12669,20295,2
12669,20296,12
12669,20300,1
12669,20319,15
12669,20326,2
12669,20327,4
12669,20331,5
12669,20332,31
12669,20333,18
12669,20347,2
12670,20013,4
12670,20015,2
12670,20016,2
12670,20020,2
12670,20024,6
12670,20025,2
12670,20026,5
12670,20030,42
12670,20031,159.5
12670,20032,1
12670,20033,51
12670,20034,43.5
12670,20035,6
12670,20036,10.5
12670,20038,14.5
12670,20046,16
12670,20047,4
12670,20052,40
12670,20055,11
12670,20056,12
12670,20058,2
12670,20059,10
12670,20060,5
12670,20063,2
12670,20064,25
12670,20065,31
12670,20071,1
12670,20073,4
12670,20080,12
12670,20081,11
12670,20082,55
12670,20083,40
12670,20084,4
12670,20103,18
12670,20104,58
12670,20105,63
12670,20106,32.5
12670,20107,80
12670,20108,36
12670,20109,23
12670,20127,2
12670,20128,17.5
12670,20129,77
12670,20130,23
12670,20131,28
12670,20132,37.5
12670,20133,9
12670,20134,13
12670,20175,20
12670,20176,28
12670,20177,10
12670,20185,2
12670,20186,1
12670,20188,2
12670,20196,19
12670,20197,3
12670,20198,13
12670,20199,3
12670,20200,4
12670,20201,7
12670,20202,1
12670,20211,2
12670,20212,5
12670,20281,3
12670,20287,6
12670,20288,5
12670,20290,2
12670,20291,15
12670,20292,50
12670,20293,28
12670,20294,13.5
12670,20295,5
12670,20297,2
12670,20298,6
12670,20317,2
12670,20318,2.5
12670,20324,12
12670,20325,3
12670,20326,5
12670,20327,3
12670,20331,12
12670,20332,45.5
12670,20333,2
12671,20015,6
12671,20017,11
12671,20020,8
12671,20021,27
12671,20023,8
12671,20024,60.5
12671,20025,2
12671,20030,39
12671,20031,76
12671,20033,33.5
12671,20034,53
12671,20035,28
12671,20043,3
12671,20045,1
12671,20046,4
12671,20047,8
12671,20052,24.5
12671,20053,15
12671,20055,10
12671,20058,2
12671,20060,3
12671,20061,7
12671,20062,1
12671,20063,5
12671,20064,43
12671,20065,22
12671,20072,1
12671,20073,9
12671,20074,52.5
12671,20075,4
12671,20079,4
12671,20080,11
12671,20083,14
12671,20085,4
12671,20103,11
12671,20104,63.5
12671,20105,16
12671,20106,28
12671,20107,38
12671,20108,43.5
12671,20109,14
12671,20125,1
12671,20126,4
12671,20127,5
12671,20128,25
12671,20129,58
12671,20133,2
12671,20134,3
12671,20176,4
12671,20177,9
12671,20178,38.5
12671,20184,5
12671,20187,3
12671,20188,3
12671,20189,20
12671,20190,2
12671,20191,10
12671,20192,6
12671,20193,19
12671,20194,47.5
12671,20195,10
12671,20196,18
12671,20197,5
12671,20200,4
12671,20201,4
12671,20209,1
12671,20210,1
12671,20211,3
12671,20287,3
12671,20288,10
12671,20290,15
12671,20291,12
12671,20292,20
12671,20293,22
12671,20294,24
12671,20295,34
12671,20296,2
12671,20297,1
12671,20298,5
12671,20299,4
12671,20300,3
12671,20317,1
12671,20318,2
12671,20319,3
12671,20321,5
12671,20322,13
12671,20324,2
12671,20325,12
12671,20326,11
12671,20327,4
12671,20330,7.5
12671,20331,12
12671,20332,17
12671,20346,2
12672,20009,4
12672,20012,12
12672,20017,6
12672,20021,1
12672,20023,4
12672,20024,40
12672,20025,69
12672,20030,3
12672,20031,48.5
12672,20032,19
12672,20033,68
12672,20034,41
12672,20035,5
12672,20044,23
12672,20045,18
12672,20046,4
12672,20047,9
12672,20053,7
12672,20055,8
12672,20056,4
12672,20061,6
12672,20062,39
12672,20065,17
12672,20066,2
12672,20072,1
12672,20079,13
12672,20080,6
12672,20085,3
12672,20103,22.5
12672,20104,36
12672,20105,62
12672,20106,32
12672,20107,14
12672,20108,4
12672,20124,7
12672,20125,19
12672,20126,19
12672,20127,33.5
12672,20128,27
12672,20129,16
12672,20130,10
12672,20131,1
12672,20133,2
12672,20159,24
12672,20160,3
12672,20178,47.5
12672,20179,6
12672,20182,2
12672,20184,7
12672,20185,14
12672,20186,15
12672,20187,23
12672,20188,25
12672,20189,8
12672,20190,14
12672,20192,14
12672,20193,32
12672,20194,92
12672,20195,12
12672,20196,10
12672,20197,4
12672,20209,7
12672,20210,9
12672,20211,2
12672,20212,2
12672,20289,5
12672,20291,6
12672,20292,27
12672,20293,4
12672,20294,32
12672,20295,29
12672,20296,13
12672,20297,5
12672,20319,5
12672,20320,5
12672,20321,2
12672,20322,2
12672,20323,4
12672,20325,5
12672,20326,4.5
12672,20327,10
12672,20328,8
12672,20329,14
12672,20330,7
12672,20331,14
12673,20011,5
12673,20012,2
12673,20016,10
12673,20019,4
12673,20020,37
12673,20021,3
12673,20022,5
12673,20023,1
12673,20024,6
12673,20025,52.5
12673,20026,20.5
12673,20027,4
12673,20030,2
12673,20031,20
12673,20032,34.5
12673,20033,27
12673,20034,4
12673,20039,2.5
12673,20040,10
12673,20041,17.5
12673,20042,10
12673,20045,18
12673,20046,9.5
12673,20047,21
12673,20057,7
12673,20058,1
12673,20061,9
12673,20062,21
12673,20063,4
12673,20064,4
12673,20073,2
12673,20074,3
12673,20085,9
12673,20103,88.5
12673,20104,63.5
12673,20105,130
12673,20106,11
12673,20107,4
12673,20123,13
12673,20124,43
12673,20125,33
12673,20126,73
12673,20127,48.5
12673,20128,35.5
12673,20129,76
12673,20130,129.5
12673,20131,4
12673,20133,3
12673,20134,5
12673,20160,4
12673,20175,4
12673,20176,3
12673,20177,17
12673,20178,2
12673,20179,22
12673,20181,3
12673,20182,4
12673,20184,1
12673,20187,1
12673,20188,5
12673,20189,1
12673,20194,6
12673,20195,5
12673,20196,1
12673,20197,19
12673,20198,21
12673,20199,3
12673,20211,3
12673,20291,17
12673,20292,45
12673,20293,4
12673,20295,7
12673,20296,20
12673,20297,15
12673,20299,8
12673,20304,1
12673,20316,1
12673,20317,3
12673,20318,3
12673,20319,1.5
12673,20321,3
12673,20322,12
12673,20323,23
12673,20324,6
12673,20326,10
12673,20327,3
12673,20329,28.5
12673,20330,20.5
12673,20346,2
12674,20011,5
12674,20012,9
12674,20017,21.5
12674,20018,11
12674,20020,8
12674,20022,12
12674,20025,29
12674,20026,11
12674,20027,4
12674,20031,9
12674,20032,59.5
12674,20033,11
12674,20040,11
12674,20041,35
12674,20042,43
12674,20057,20
12674,20058,9
12674,20060,4
12674,20061,23
12674,20062,18
12674,20068,7
12674,20074,13
12674,20075,3
12674,20077,2
12674,20078,20
12674,20084,7
12674,20085,89
12674,20086,20
12674,20103,3
12674,20104,76
12674,20105,79.5
12674,20106,15
12674,20107,1
12674,20123,28
12674,20124,34
12674,20125,34
12674,20126,188.5
12674,20127,62.5
12674,20128,64.5
12674,20129,17
12674,20130,50
12674,20133,7
12674,20134,35
12674,20160,2
12674,20174,5
12674,20175,21
12674,20176,4
12674,20177,14
12674,20178,4
12674,20179,20
12674,20192,4
12674,20193,10
12674,20194,3
12674,20195,14
12674,20196,3
12674,20197,10
12674,20290,4
12674,20292,3
12674,20296,9
12674,20298,3
12674,20316,4
12674,20317,2
12674,20318,2
12674,20320,2
12674,20321,3.5
12674,20322,13.5
12674,20323,16
12674,20324,22
12674,20325,1
12674,20327,5
12674,20328,7
12674,20329,36
12674,20330,56
12674,20331,1
12675,20011,2
12675,20012,4
12675,20013,8
12675,20015,9
12675,20017,23
12675,20018,4
12675,20020,7
12675,20021,21
12675,20023,2
12675,20024,13
12675,20025,3
12675,20026,79
12675,20027,203.5
12675,20028,13
12675,20029,12
12675,20030,54.5
12675,20031,80.5
12675,20032,7
12675,20039,1
12675,20040,6
12675,20041,17
12675,20042,13
12675,20051,5
12675,20052,2
12675,20053,34
12675,20057,5
12675,20058,4
12675,20059,14
12675,20060,31
12675,20061,19
12675,20062,7
12675,20063,4
12675,20067,2
12675,20068,16
12675,20077,10
12675,20078,60
12675,20079,10
12675,20082,12
12675,20083,32
12675,20084,121.5
12675,20085,151
12675,20086,157
12675,20087,8
12675,20103,14
12675,20104,48.5
12675,20105,33
12675,20106,8
12675,20122,4
12675,20123,36
12675,20124,20
12675,20125,37.5
12675,20126,47.5
12675,20127,23
12675,20128,15
12675,20173,2
12675,20174,2
12675,20175,18
12675,20176,1
12675,20177,32
12675,20178,3
12675,20179,3
12675,20182,2
12675,20184,1
12675,20185,5
12675,20186,5
12675,20192,3
12675,20197,5
12675,20200,1
12675,20201,7
12675,20291,6
12675,20292,2
12675,20293,5
12675,20294,5
12675,20296,13
12675,20297,18
12675,20298,10
12675,20299,5
12675,20300,6
12675,20302,15
12675,20317,2
12675,20318,6
12675,20322,7
12675,20324,8
12675,20325,9
12675,20327,4
12675,20328,12
12675,20329,39
12675,20330,36
12675,20335,2
12676,20018,7
12676,20020,4
12676,20021,8
12676,20022,58
12676,20023,20
12676,20024,43
12676,20025,7
12676,20026,33
12676,20027,61
12676,20028,67.5
12676,20029,20
12676,20030,299
12676,20031,197.5
12676,20033,6
12676,20034,1
12676,20040,1
12676,20042,18
12676,20043,19
12676,20044,11
12676,20045,10
12676,20049,1
12676,20051,4
12676,20052,52.5
12676,20053,17
12676,20057,4
12676,20058,28
12676,20059,21
12676,20066,4
12676,20067,31
12676,20068,7
12676,20071,9
12676,20073,25
12676,20074,12
12676,20079,6
12676,20080,16
12676,20081,70.5
12676,20082,78
12676,20083,108
12676,20084,253
12676,20085,174.5
12676,20086,69
12676,20087,2
12676,20103,24
12676,20104,61
12676,20105,47
12676,20122,1
12676,20123,18
12676,20124,77
12676,20125,54
12676,20126,53
12676,20127,34
12676,20128,34
12676,20161,2
12676,20162,2
12676,20174,6.5
12676,20175,6
12676,20176,32
12676,20177,24
12676,20178,18
12676,20180,8
12676,20182,3
12676,20193,2
12676,20194,9
12676,20196,2
12676,20197,8
12676,20198,8
12676,20199,5
12676,20200,4
12676,20201,17
12676,20202,2.5
12676,20231,3
12676,20290,5
12676,20293,1
12676,20294,9
12676,20295,4
12676,20296,1.5
12676,20297,14
12676,20298,8
12676,20299,26
12676,20300,24
12676,20301,6
12676,20319,2
12676,20324,9
12676,20325,8
12676,20326,10.5
12676,20328,37
12676,20329,40.5
12676,20330,15
12677,20011,2
12677,20012,13.5
12677,20024,8
12677,20025,35
12677,20027,26
12677,20028,166.5
12677,20029,40
12677,20030,62.5
12677,20031,39
12677,20034,159
12677,20035,26.5
12677,20043,25
12677,20044,7
12677,20045,14
12677,20048,37.5
12677,20049,9
12677,20051,3
12677,20052,10
12677,20054,14
12677,20055,2
12677,20057,5
12677,20058,9
12677,20059,13
12677,20066,6
12677,20067,41
12677,20068,2
12677,20070,3
12677,20071,55
12677,20080,9
12677,20081,73
12677,20082,69
12677,20083,129.5
12677,20084,93
12677,20085,230
12677,20086,41
12677,20087,20.5
12677,20088,3
12677,20089,4
12677,20103,8
12677,20104,127
12677,20105,143.5
12677,20106,9
12677,20123,14
12677,20124,113
12677,20125,27
12677,20126,14
12677,20127,26.5
12677,20128,65
12677,20130,4
12677,20132,10
12677,20133,5
12677,20134,1
12677,20135,10
12677,20161,16
12677,20174,4
12677,20175,5
12677,20176,39.5
12677,20177,45.5
12677,20183,2.5
12677,20193,6
12677,20196,8
12677,20197,8
12677,20198,5.5
12677,20199,4
12677,20201,1
12677,20293,9
12677,20294,14
12677,20295,2
12677,20296,4
12677,20297,18
12677,20298,8
12677,20299,6
12677,20300,12
12677,20301,10
12677,20308,3
12677,20318,1
12677,20319,5
12677,20321,1
12677,20322,1
12677,20323,10
12677,20324,4
12677,20325,7
12677,20326,8
12677,20327,12
12677,20328,54
12677,20329,43.5
12677,20330,3
12677,20360,3
12677,20363,12
12678,20011,2
12678,20012,19.5
12678,20021,4
12678,20023,6
12678,20025,35
12678,20026,81
12678,20027,23.5
12678,20028,66
12678,20029,103.5
12678,20030,68.5
12678,20032,2
12678,20033,57
12678,20034,98.5
12678,20035,162
12678,20037,32
12678,20043,2
12678,20044,5
12678,20048,7
12678,20049,3
12678,20052,3
12678,20053,19
12678,20054,7
12678,20057,5
12678,20058,5
12678,20065,14
12678,20066,18
12678,20067,33.5
12678,20068,45.5
12678,20069,6
12678,20070,77
12678,20071,75
12678,20072,25
12678,20076,10
12678,20077,33
12678,20078,6
12678,20081,7
12678,20082,142.5
12678,20083,71.5
12678,20084,168
12678,20085,72.5
12678,20086,28.5
12678,20088,6
12678,20097,4
12678,20104,51.5
12678,20105,50
12678,20106,12
12678,20122,4.5
12678,20123,55
12678,20124,31
12678,20125,19
12678,20132,18
12678,20133,25
12678,20135,8
12678,20136,4
12678,20161,4
12678,20162,6.5
12678,20173,2
12678,20174,5
12678,20175,2
12678,20176,70
12678,20177,28.5
12678,20195,5
12678,20196,6
12678,20197,4
12678,20198,2
12678,20202,8
12678,20203,8
12678,20291,2
12678,20292,3
12678,20294,8
12678,20295,1
12678,20296,19
12678,20297,7
12678,20298,49.5
12678,20299,9
12678,20300,23
12678,20318,2
12678,20319,13
12678,20322,5
12678,20323,1
12678,20324,14
12678,20327,6
12678,20328,10
12678,20329,33
12678,20330,4
12678,20334,2
12678,20354,1
12678,20357,4
12678,20358,3
12678,20360,8
12678,20361,3
12678,20362,7.5
12678,20363,36
12678,20365,2
12679,20013,4
12679,20016,6
12679,20017,3
12679,20018,59.5
12679,20019,1
12679,20022,6
12679,20023,62
12679,20024,40.5
12679,20025,14
12679,20026,103.5
12679,20027,59.5
12679,20028,26.5
12679,20029,70
12679,20030,104
12679,20031,26
12679,20033,261.5
12679,20034,65
12679,20035,62.5
12679,20036,2
12679,20037,15.5
12679,20044,25
12679,20053,16
12679,20054,10
12679,20055,3
12679,20056,2
12679,20059,3
12679,20066,11
12679,20067,26
12679,20068,79
12679,20069,1
12679,20070,15
12679,20071,4
12679,20076,9
12679,20077,36
12679,20078,17
12679,20079,2
12679,20080,11
12679,20081,52.5
12679,20082,13
12679,20083,140.5
12679,20084,135.5
12679,20085,82
12679,20086,8
12679,20103,2
12679,20104,27
12679,20105,256.5
12679,20106,52
12679,20122,16
12679,20123,37
12679,20124,10
12679,20125,2
12679,20129,3
12679,20132,10
12679,20133,18
12679,20134,11
12679,20135,75
12679,20175,13
12679,20176,43
12679,20185,2
12679,20213,4
12679,20226,2
12679,20296,17
12679,20297,17
12679,20298,21.5
12679,20299,11.5
12679,20300,13
12679,20301,7
12679,20302,7
12679,20303,21.5
12679,20304,4
12679,20316,4
12679,20318,4
12679,20319,8
12679,20322,8.5
12679,20323,4
12679,20324,20
12679,20325,4
12679,20327,15
12679,20328,24.5
12679,20329,39.5
12679,20330,2.5
12679,20333,1
12679,20354,8
12679,20359,9
12679,20360,35
12679,20361,20
12679,20362,21
12679,20363,10
12679,20366,22
12679,20367,17.5
12680,20013,10
12680,20014,7
12680,20016,13
12680,20017,12
12680,20018,28
12680,20019,8
12680,20020,1
12680,20022,5
12680,20023,15
12680,20024,22
12680,20025,38
12680,20026,178
12680,20027,40
12680,20028,109
12680,20029,99
12680,20030,77.5
12680,20032,55
12680,20033,183.5
12680,20034,100.5
12680,20035,38.5
12680,20036,3
12680,20037,9
12680,20038,5
12680,20042,4
12680,20043,4
12680,20044,1
12680,20047,1.5
12680,20054,14
12680,20055,33.5
12680,20059,2
12680,20064,5
12680,20065,9
12680,20068,50
12680,20070,3
12680,20076,7
12680,20077,31
12680,20082,18
12680,20083,8
12680,20084,60
12680,20085,49
12680,20086,28
12680,20087,8
12680,20098,9
12680,20104,47
12680,20105,118
12680,20106,21
12680,20121,1
12680,20122,31.5
12680,20123,30
12680,20124,6
12680,20131,2
12680,20132,3
12680,20133,19
12680,20134,3
12680,20135,29
12680,20163,4.5
12680,20164,1
12680,20174,4
12680,20175,17
12680,20176,66.5
12680,20177,44
12680,20205,4
12680,20206,17
12680,20207,7
12680,20225,2
12680,20296,39
12680,20297,59
12680,20298,11
12680,20299,7
12680,20300,13
12680,20301,9
12680,20302,4
12680,20303,21
12680,20304,8
12680,20305,4
12680,20306,4
12680,20307,3
12680,20309,3
12680,20317,1.5
12680,20318,2
12680,20319,6
12680,20320,1
12680,20321,12
12680,20322,16.5
12680,20323,3
12680,20324,30.5
12680,20325,38
12680,20326,29.5
12680,20327,10
12680,20328,52
12680,20329,44
12680,20330,12
12680,20352,2
12680,20353,15
12680,20354,7
12680,20355,4
12680,20356,13
12680,20357,22.5
12680,20358,24
12680,20359,28
12680,20360,78
12680,20361,11
12680,20364,8
12680,20366,21
12680,20367,22
12680,20369,7
12680,20370,1
12681,20010,15
12681,20019,2
12681,20023,20
12681,20024,2
12681,20025,13
12681,20026,120.5
12681,20027,280
12681,20028,44.5
12681,20029,182.5
12681,20030,535
12681,20031,91.5
12681,20032,78.5
12681,20034,42
12681,20035,7
12681,20036,46
12681,20037,25
12681,20041,2
12681,20046,14
12681,20047,19.5
12681,20048,9
12681,20054,16
12681,20055,7
12681,20064,5
12681,20065,25
12681,20067,4
12681,20076,8
12681,20077,49
12681,20078,6
12681,20086,2
12681,20087,2
12681,20104,26
12681,20105,68.5
12681,20106,15
12681,20121,21
12681,20122,24
12681,20123,22.5
12681,20130,9
12681,20131,6
12681,20132,2
12681,20133,40
12681,20134,1
12681,20135,17
12681,20163,2
12681,20175,203
12681,20176,128
12681,20177,41.5
12681,20178,6
12681,20199,5
12681,20206,1
12681,20207,1
12681,20297,31
12681,20298,14
12681,20300,14
12681,20301,22
12681,20302,12
12681,20303,17
12681,20306,18
12681,20307,11
12681,20319,4
12681,20320,2
12681,20321,11
12681,20322,32
12681,20323,37.5
12681,20324,44.5
12681,20325,7
12681,20326,70.5
12681,20327,42.5
12681,20328,105
12681,20329,38
12681,20330,17.5
12681,20333,1
12681,20352,2
12681,20353,9
12681,20354,10
12681,20356,6
12681,20357,24
12681,20358,1
12681,20360,239
12681,20361,115.5
12681,20362,12
12681,20363,17
12681,20364,33
12681,20365,5
12681,20366,23
12681,20367,5
12681,20368,13
12681,20369,17
12681,20370,37
12681,20371,16
12682,20019,2
12682,20020,7
12682,20023,3
12682,20025,5
12682,20026,39
12682,20027,64.5
12682,20028,357.5
12682,20029,287
12682,20030,77
12682,20031,72.5
12682,20032,153.5
12682,20033,32
12682,20034,5
12682,20035,5
12682,20036,36
12682,20037,23
12682,20038,18
12682,20041,10
12682,20042,13
12682,20043,18
12682,20047,4
12682,20048,39
12682,20067,14
12682,20068,2
12682,20084,46
12682,20085,67
12682,20086,57
12682,20087,7
12682,20088,131.5
12682,20104,9
12682,20105,111
12682,20106,23
12682,20121,10
12682,20122,69
12682,20123,7
12682,20131,43
12682,20132,17
12682,20133,2
12682,20134,9
12682,20135,21
12682,20165,8
12682,20166,10
12682,20175,74
12682,20176,76.5
12682,20177,62.5
12682,20178,1
12682,20215,5
12682,20217,2
12682,20219,8.5
12682,20220,6
12682,20221,4
12682,20222,4
12682,20223,1
12682,20280,4
12682,20292,3
12682,20293,10
12682,20295,1
12682,20297,9
12682,20298,6
12682,20300,1
12682,20301,15.5
12682,20302,1
12682,20303,13
12682,20304,33
12682,20305,18
12682,20311,8
12682,20312,30.5
12682,20314,17
12682,20315,10
12682,20318,4
12682,20320,5
12682,20321,27
12682,20322,38
12682,20323,24
12682,20324,35
12682,20325,31
12682,20326,27
12682,20327,88.5
12682,20328,108.5
12682,20329,25
12682,20334,2
12682,20352,12
12682,20353,4
12682,20355,26
12682,20356,16
12682,20357,3
12682,20359,4
12682,20361,11
12682,20362,72.5
12682,20363,34
12682,20364,30
12682,20365,28.5
12682,20366,35
12682,20368,22.5
12682,20369,21
12682,20370,44
12682,20371,2
12682,20372,15
12682,20373,6
12682,20378,4
12683,20010,4
12683,20011,4
12683,20013,5
12683,20025,263.5
12683,20027,247
12683,20028,403.5
12683,20029,198
12683,20032,36
12683,20033,58.5
12683,20035,3
12683,20037,3
12683,20040,9
12683,20041,10
12683,20044,7
12683,20047,8
12683,20048,19
12683,20049,10
12683,20067,12
12683,20081,34.5
12683,20082,52
12683,20083,42
12683,20084,60
12683,20085,42
12683,20086,38
12683,20089,26
12683,20104,19
12683,20105,157.5
12683,20106,13
12683,20120,27
12683,20121,55
12683,20122,53
12683,20123,12
12683,20131,2
12683,20134,3
12683,20135,3
12683,20166,5
12683,20174,27
12683,20175,70
12683,20176,141
12683,20177,267.5
12683,20178,30
12683,20218,5
12683,20219,8
12683,20220,15
12683,20221,5
12683,20222,4
12683,20292,2
12683,20293,8
12683,20295,1
12683,20296,4
12683,20297,3
12683,20298,11
12683,20300,10
12683,20301,24
12683,20302,4
12683,20303,9
12683,20305,4
12683,20306,2
12683,20307,2
12683,20308,13
12683,20309,10.5
12683,20310,8
12683,20311,2
12683,20312,7
12683,20313,2
12683,20314,9
12683,20315,13
12683,20316,34.5
12683,20317,8
12683,20318,4
12683,20319,17
12683,20320,3
12683,20321,3
12683,20322,45
12683,20323,15
12683,20324,17
12683,20325,33
12683,20327,105.5
12683,20328,51.5
12683,20329,30
12683,20330,1
12683,20334,3
12683,20350,22.5
12683,20352,27
12683,20353,30
12683,20354,39
12683,20355,48.5
12683,20356,3
12683,20360,2
12683,20362,27
12683,20363,140.5
12683,20364,113
12683,20365,51
12683,20366,25
12683,20367,19.5
12683,20368,50.5
12683,20369,34
12683,20370,33
12683,20371,27
12683,20372,49
12683,20378,20
12683,20379,8
12684,20012,5
12684,20013,5
12684,20014,8
12684,20016,4
12684,20018,4
12684,20025,388.5
12684,20026,128
12684,20027,61.5
12684,20028,276
12684,20029,80
12684,20030,2
12684,20031,51
12684,20032,30
12684,20034,18
12684,20035,25
12684,20036,4
12684,20039,2
12684,20040,7
12684,20041,10
12684,20044,21
12684,20045,4
12684,20046,2
12684,20049,11
12684,20050,22
12684,20052,2
12684,20054,16
12684,20058,2
12684,20079,41
12684,20081,16
12684,20082,81.5
12684,20083,86.5
12684,20089,165.5
12684,20090,75
12684,20091,10
12684,20092,2
12684,20105,64
12684,20106,11
12684,20119,12
12684,20120,30
12684,20121,70.5
12684,20122,119.5
12684,20123,4
12684,20133,1
12684,20135,1
12684,20167,6.5
12684,20173,12
12684,20174,12
12684,20175,30
12684,20176,190.5
12684,20177,336
12684,20178,261
12684,20179,20.5
12684,20180,6
12684,20187,1.5
12684,20189,5
12684,20218,5
12684,20219,3
12684,20220,17
12684,20294,8
12684,20295,1
12684,20296,8
12684,20297,4
12684,20298,10
12684,20299,11
12684,20300,6
12684,20301,28
12684,20302,20
12684,20303,21
12684,20304,8
12684,20305,19
12684,20306,17
12684,20307,18.5
12684,20308,21
12684,20309,1
12684,20310,7
12684,20311,6
12684,20313,2
12684,20319,6
12684,20321,16
12684,20322,14
12684,20323,2
12684,20324,3
12684,20327,27
12684,20328,44.5
12684,20329,38
12684,20330,7
12684,20331,6
12684,20350,2
12684,20351,2
12684,20352,36.5
12684,20353,25
12684,20354,19
12684,20355,30
12684,20356,8
12684,20362,11
12684,20364,58
12684,20365,57
12684,20366,12
12684,20367,56.5
12684,20368,17
12684,20369,21
12684,20370,45
12684,20371,97
12684,20372,56
12684,20373,35
12684,20374,13
12684,20377,28
12684,20378,26.5
12684,20379,14
12685,20012,15
12685,20013,7
12685,20014,1
12685,20015,15.5
12685,20016,38
12685,20018,12
12685,20019,10
12685,20020,2
12685,20021,2
12685,20022,2
12685,20023,3
12685,20024,73.5
12685,20025,207.5
12685,20026,244
12685,20027,60
12685,20028,95.5
12685,20029,193
12685,20030,68.5
12685,20031,73
12685,20032,16
12685,20033,20
12685,20036,7
12685,20038,20
12685,20044,24
12685,20048,3
12685,20049,3
12685,20050,11
12685,20051,28.5
12685,20052,21
12685,20053,5
12685,20054,20
12685,20055,27
12685,20056,2
12685,20057,79
12685,20058,6
12685,20064,3
12685,20075,5
12685,20080,3
12685,20086,12
12685,20090,36
12685,20091,50
12685,20105,54.5
12685,20106,34
12685,20119,16.5
12685,20120,52
12685,20121,52
12685,20122,49
12685,20123,1
12685,20140,36
12685,20169,2
12685,20172,4
12685,20173,68
12685,20174,105
12685,20175,112
12685,20176,44
12685,20177,242
12685,20178,105.5
12685,20179,40
12685,20216,1
12685,20217,17
12685,20218,8
12685,20219,17
12685,20220,3
12685,20292,3
12685,20293,1
12685,20294,4
12685,20295,6
12685,20296,2
12685,20297,19
12685,20298,6
12685,20299,13
12685,20300,27
12685,20301,43
12685,20302,50
12685,20303,14
12685,20304,25
12685,20305,49
12685,20306,10
12685,20307,5
12685,20309,5
12685,20310,10
12685,20311,12
12685,20318,6
12685,20319,9
12685,20322,5.5
12685,20326,6
12685,20327,123
12685,20328,105
12685,20329,11
12685,20330,6
12685,20332,2
12685,20350,5
12685,20351,2
12685,20352,9
12685,20353,4
12685,20361,9
12685,20362,3
12685,20363,10
12685,20369,5
12685,20370,3
12685,20371,6
12685,20372,18
12685,20373,16
12685,20374,36
12685,20375,11
12685,20377,38
12685,20378,28
12686,20013,1
12686,20014,2
12686,20016,2
12686,20018,15
12686,20019,1
12686,20020,5
12686,20021,3
12686,20022,8
12686,20023,10
12686,20024,13
12686,20025,66
12686,20026,206
12686,20028,143.5
12686,20029,309.5
12686,20030,42
12686,20031,33
12686,20032,36
12686,20033,25.5
12686,20038,28.5
12686,20039,50
12686,20041,6
12686,20048,33
12686,20049,54
12686,20050,65
12686,20051,35.5
12686,20054,3
12686,20056,5
12686,20057,8
12686,20062,2
12686,20063,4.5
12686,20064,33
12686,20065,6
12686,20066,3
12686,20075,6
12686,20083,8
12686,20084,100
12686,20086,7
12686,20087,2
12686,20089,482.5
12686,20090,67.5
12686,20091,60
12686,20092,95.5
12686,20093,8
12686,20094,15
12686,20096,15
12686,20105,46
12686,20106,23
12686,20119,37
12686,20120,22
12686,20121,57
12686,20122,7
12686,20133,12
12686,20134,40
12686,20139,30
12686,20140,24
12686,20141,5
12686,20142,5
12686,20167,3
12686,20169,3
12686,20170,11
12686,20171,50.5
12686,20172,46
12686,20173,10
12686,20174,253.5
12686,20175,4
12686,20176,9
12686,20177,36
12686,20178,175
12686,20179,36
12686,20185,6
12686,20186,14
12686,20216,8
12686,20217,2
12686,20218,7
12686,20219,4
12686,20291,24
12686,20293,22
12686,20297,6
12686,20298,41
12686,20299,8
12686,20300,52
12686,20301,52.5
12686,20302,21
12686,20303,27
12686,20304,14
12686,20305,3
12686,20306,33
12686,20307,9
12686,20308,2
12686,20309,6
12686,20311,3
12686,20312,4
12686,20314,9
12686,20315,3
12686,20317,5
12686,20318,20
12686,20319,30
12686,20320,41
12686,20321,2
12686,20326,1
12686,20327,57.5
12686,20328,67.5
12686,20329,10
12686,20330,4
12686,20350,1
12686,20351,5
12686,20361,23
12686,20362,14.5
12686,20373,15
12686,20374,43
12686,20375,11
12686,20376,9
12686,20377,130
12686,20378,11
12686,20379,8
12687,20017,4
12687,20018,14
12687,20021,2
12687,20022,2
12687,20023,3
12687,20024,120.5
12687,20025,279
12687,20028,72.5
12687,20029,188
12687,20030,38
12687,20031,17
12687,20033,11
12687,20034,30
12687,20035,94.5
12687,20036,10
12687,20038,31
12687,20039,17
12687,20040,5
12687,20042,5
12687,20048,24
12687,20049,65
12687,20050,55.5
12687,20051,36.5
12687,20052,1
12687,20055,5
12687,20062,2
12687,20063,5
12687,20064,86
12687,20065,4
12687,20066,2
12687,20067,27
12687,20071,2
12687,20072,27
12687,20073,14
12687,20074,14
12687,20075,5
12687,20084,14
12687,20085,161.5
12687,20089,239
12687,20090,52
12687,20091,85
12687,20092,240
12687,20093,28
12687,20094,19
12687,20095,44
12687,20096,42
12687,20097,13
12687,20105,17
12687,20106,7
12687,20118,6
12687,20119,58.5
12687,20120,75.5
12687,20121,28
12687,20122,29
12687,20131,5
12687,20132,4
12687,20133,8
12687,20134,21
12687,20135,32
12687,20139,8
12687,20140,20
12687,20141,23
12687,20143,2
12687,20167,9
12687,20168,12
12687,20169,10
12687,20170,40
12687,20171,4
12687,20172,8
12687,20173,112.5
12687,20174,8
12687,20177,8
12687,20178,5.5
12687,20179,43
12687,20180,17
12687,20181,88.5
12687,20182,51.5
12687,20183,5
12687,20184,5
12687,20187,1
12687,20188,3
12687,20190,2
12687,20191,2
12687,20194,1
12687,20216,14
12687,20217,8
12687,20218,4
12687,20287,9
12687,20290,1
12687,20297,1
12687,20298,16
12687,20299,7
12687,20300,5
12687,20301,21.5
12687,20302,3
12687,20303,59
12687,20304,14
12687,20308,3
12687,20311,5
12687,20312,9
12687,20315,9
12687,20322,10
12687,20323,33
12687,20324,16
12687,20326,5
12687,20327,99
12687,20328,10
12687,20329,7
12687,20357,2
12687,20360,6
12687,20361,10
12687,20362,15
12687,20374,20
12687,20375,44
12687,20376,90
12687,20377,51
12687,20378,53.5
12687,20379,21
12687,20380,12
12687,20381,6
12688,20012,1
12688,20015,5
12688,20017,6
12688,20018,10.5
12688,20020,3
12688,20021,3
12688,20024,343
12688,20025,69
12688,20026,2
12688,20028,217.5
12688,20029,180
12688,20030,42
12688,20031,1
12688,20032,11
12688,20034,82
12688,20035,44
12688,20036,7
12688,20038,2
12688,20039,14
12688,20040,22
12688,20042,5
12688,20049,2
12688,20051,32
12688,20052,4
12688,20055,6
12688,20066,34
12688,20067,15
12688,20070,2
12688,20071,48.5
12688,20072,144
12688,20073,157.5
12688,20074,96.5
12688,20079,80
12688,20080,9
12688,20081,1
12688,20084,94.5
12688,20085,243
12688,20086,19
12688,20087,40
12688,20088,2
12688,20089,451.5
12688,20090,316
12688,20091,86
12688,20092,111.5
12688,20093,121
12688,20094,4
12688,20095,20
12688,20096,2
12688,20105,15
12688,20106,46.5
12688,20118,7
12688,20119,29.5
12688,20120,113
12688,20121,44
12688,20122,8
12688,20132,25
12688,20133,10
12688,20134,9
12688,20135,19
12688,20139,11
12688,20140,16
12688,20141,14
12688,20142,30
12688,20143,4
12688,20168,25
12688,20169,14
12688,20170,59
12688,20171,6
12688,20172,70
12688,20173,5
12688,20178,2
12688,20180,63
12688,20181,62.5
12688,20182,61
12688,20183,45
12688,20184,1
12688,20185,4
12688,20189,1
12688,20216,35
12688,20217,13
12688,20218,8
12688,20291,13
12688,20295,8
12688,20296,15.5
12688,20297,8
12688,20298,7.5
12688,20299,38
12688,20300,41
12688,20301,23.5
12688,20302,21
12688,20304,3
12688,20306,17
12688,20307,33
12688,20308,15
12688,20309,10
12688,20310,28
12688,20312,4
12688,20313,8
12688,20314,12
12688,20315,11
12688,20318,18
12688,20319,2.5
12688,20321,3
12688,20322,44
12688,20323,62
12688,20324,10
12688,20327,2
12688,20360,4
12688,20361,11.5
12688,20375,14
12688,20376,44
12688,20377,75.5
12688,20378,51.5
12688,20379,36
12688,20380,39
12688,20381,5
12688,20382,4
12689,20010,5
12689,20017,18
12689,20019,4
12689,20020,2
12689,20021,2
12689,20022,3
12689,20024,32
12689,20025,14
12689,20029,29
12689,20030,74.5
12689,20031,10
12689,20032,40
12689,20033,2
12689,20034,4
12689,20035,6
12689,20036,9
12689,20039,2
12689,20040,40
12689,20050,2
12689,20051,46.5
12689,20052,16
12689,20055,9
12689,20066,36
12689,20067,31
12689,20068,24
12689,20069,16
12689,20070,10
12689,20071,33
12689,20072,56.5
12689,20073,37
12689,20074,31
12689,20075,40.5
12689,20077,18.5
12689,20078,126
12689,20079,107
12689,20080,23
12689,20083,44.5
12689,20084,170.5
12689,20085,199.5
12689,20086,34.5
12689,20087,71.5
12689,20088,23
12689,20089,167
12689,20090,145
12689,20091,165.5
12689,20092,67
12689,20093,95
12689,20094,39.5
12689,20097,12
12689,20104,4
12689,20105,22
12689,20106,28
12689,20118,10
12689,20119,92.5
12689,20120,84
12689,20121,35.5
12689,20122,2
12689,20131,20.5
12689,20133,10
12689,20134,20
12689,20135,15
12689,20138,2
12689,20140,1
12689,20141,8
12689,20142,23.5
12689,20143,28
12689,20144,20
12689,20145,2
12689,20168,2
12689,20171,2
12689,20172,7
12689,20180,23
12689,20181,11
12689,20182,32
12689,20183,50
12689,20184,12
12689,20185,6
12689,20186,16
12689,20187,14
12689,20192,7
12689,20207,1
12689,20216,55.5
12689,20217,80
12689,20218,13
12689,20291,4
12689,20292,11
12689,20293,7
12689,20294,4
12689,20295,9
12689,20296,9
12689,20297,3
12689,20298,4
12689,20299,45.5
12689,20300,22.5
12689,20301,35
12689,20306,2
12689,20307,17
12689,20308,6.5
12689,20309,19
12689,20311,7
12689,20312,10.5
12689,20313,56
12689,20314,16
12689,20315,29.5
12689,20316,25
12689,20317,3
12689,20318,38.5
12689,20319,19.5
12689,20320,4.5
12689,20321,29
12689,20322,13
12689,20323,12
12689,20325,57
12689,20326,9
12689,20327,17
12689,20328,3
12689,20348,6
12689,20357,3
12689,20358,4
12689,20360,5
12689,20361,8
12689,20376,2
12689,20377,77
12689,20378,79.5
12689,20379,62
12689,20380,8
12689,20381,4
12689,20382,104.5
12689,20383,35.5
12689,20384,18
12690,20009,1
12690,20010,9
12690,20011,8
12690,20012,2
12690,20013,11
12690,20016,20
12690,20017,1
12690,20025,4
12690,20028,4
12690,20029,23
12690,20030,42
12690,20031,3
12690,20032,6
12690,20033,34.5
12690,20034,34
12690,20035,13
12690,20036,11
12690,20051,17
12690,20055,2
12690,20059,6
12690,20066,6
12690,20070,19
12690,20071,2
12690,20072,1
12690,20073,5
12690,20074,3
12690,20075,33.5
12690,20076,12
12690,20077,78
12690,20078,70.5
12690,20079,2
12690,20081,3
12690,20083,26
12690,20084,94
12690,20085,48
12690,20086,10
12690,20087,80
12690,20088,84.5
12690,20089,174.5
12690,20090,391
12690,20091,55
12690,20092,112
12690,20093,133
12690,20094,32
12690,20095,5
12690,20098,16
12690,20104,9
12690,20105,34
12690,20106,7
12690,20118,7
12690,20119,82
12690,20120,51
12690,20121,11.5
12690,20133,13.5
12690,20134,9
12690,20138,3
12690,20141,2
12690,20142,37
12690,20143,68
12690,20144,58
12690,20145,7
12690,20168,3
12690,20171,2
12690,20180,9
12690,20181,33
12690,20182,3
12690,20183,1
12690,20184,23
12690,20185,12
12690,20186,3
12690,20187,12
12690,20188,8
12690,20189,3
12690,20190,15
12690,20192,9
12690,20216,5
12690,20217,13
12690,20218,17
12690,20220,3.5
12690,20291,6
12690,20292,5
12690,20293,6
12690,20294,1
12690,20295,13
12690,20296,11
12690,20298,20
12690,20299,1
12690,20306,4
12690,20308,19.5
12690,20309,14
12690,20310,28
12690,20311,8
12690,20313,19
12690,20314,17
12690,20315,19
12690,20317,12
12690,20318,49.5
12690,20319,25.5
12690,20321,185
12690,20322,289
12690,20323,174
12690,20324,118.5
12690,20325,128
12690,20326,88
12690,20327,8
12690,20328,21
12690,20329,4
12690,20347,7
12690,20349,2
12690,20358,2
12690,20360,2
12690,20377,3
12690,20378,7
12690,20379,25.5
12690,20380,9
12690,20381,15
12690,20382,18
12690,20383,49.5
12691,20009,6
12691,20010,9
12691,20012,7
12691,20013,14
12691,20015,17.5
12691,20016,24
12691,20017,2
12691,20018,5
12691,20019,2
12691,20023,49
12691,20024,17.5
12691,20027,2
12691,20028,1
12691,20029,22
12691,20030,17
12691,20035,5
12691,20045,2
12691,20046,9
12691,20047,8
12691,20054,4
12691,20058,26
12691,20059,9
12691,20064,3
12691,20065,2
12691,20066,14
12691,20069,5
12691,20073,43.5
12691,20074,2
12691,20075,17
12691,20076,13
12691,20077,63
12691,20080,43
12691,20081,125.5
12691,20082,1
12691,20083,3
12691,20085,2
12691,20087,33
12691,20088,33
12691,20089,286
12691,20090,315.5
12691,20091,145
12691,20092,439.5
12691,20093,279
12691,20094,107.5
12691,20096,4
12691,20104,6
12691,20107,5
12691,20118,19
12691,20119,67
12691,20120,21
12691,20121,5
12691,20133,18
12691,20134,7
12691,20140,6
12691,20141,35
12691,20142,8
12691,20143,26.5
12691,20144,26
12691,20145,24.5
12691,20146,4
12691,20147,2
12691,20168,4.5
12691,20169,5
12691,20170,4
12691,20171,4
12691,20182,4
12691,20183,17
12691,20184,3
12691,20185,17
12691,20186,8
12691,20187,5
12691,20190,45
12691,20191,7
12691,20192,5
12691,20193,11
12691,20216,2
12691,20217,24
12691,20218,20
12691,20219,7
12691,20292,5
12691,20293,1
12691,20294,1
12691,20295,10
12691,20296,8
12691,20297,4
12691,20298,15
12691,20301,10
12691,20303,13
12691,20307,3
12691,20308,2
12691,20309,2
12691,20310,4
12691,20312,12
12691,20314,4
12691,20315,3
12691,20316,8
12691,20317,45
12691,20318,11.5
12691,20319,3
12691,20320,4
12691,20321,8
12691,20323,88
12691,20324,192
12691,20325,334
12691,20326,77
12691,20327,67.5
12691,20328,52.5
12691,20329,40.5
12691,20330,3
12691,20346,2
12691,20347,9
12691,20348,6
12691,20380,26
12691,20381,58.5
12691,20382,57.5
12691,20383,41
12691,20384,29
12691,20385,16
12691,20386,1
12692,20009,12
12692,20014,5
12692,20015,20
12692,20016,20
12692,20017,7
12692,20020,1
12692,20023,135
12692,20024,17
12692,20027,2
12692,20028,16
12692,20029,7
12692,20030,8
12692,20033,1
12692,20041,12
12692,20043,6
12692,20045,5
12692,20046,35
12692,20047,22.5
12692,20053,2
12692,20054,7
12692,20055,6
12692,20059,3
12692,20060,9.5
12692,20063,2
12692,20064,4
12692,20066,4
12692,20067,4
12692,20068,3
12692,20069,3
12692,20070,2
12692,20071,2
12692,20072,1
12692,20073,6
12692,20076,91.5
12692,20077,7
12692,20078,34
12692,20079,14
12692,20080,22.5
12692,20081,70
12692,20082,117
12692,20085,5
12692,20086,57
12692,20087,73
12692,20088,138
12692,20089,335.5
12692,20090,202
12692,20093,195.5
12692,20094,183.5
12692,20095,10
12692,20096,18
12692,20097,7.5
12692,20099,16
12692,20102,4
12692,20103,4
12692,20104,17
12692,20105,25
12692,20106,10
12692,20116,1
12692,20117,18
12692,20118,37
12692,20119,42
12692,20137,18
12692,20138,7
12692,20139,9
12692,20140,43
12692,20144,1
12692,20154,4
12692,20168,5
12692,20171,1
12692,20182,4
12692,20183,2
12692,20185,4
12692,20186,9
12692,20187,1
12692,20189,3
12692,20216,7
12692,20217,17
12692,20218,16
12692,20219,5
12692,20285,1
12692,20291,1
12692,20295,7
12692,20296,11
12692,20297,21
12692,20301,5
12692,20302,17
12692,20303,11.5
12692,20306,6.5
12692,20307,36
12692,20308,74
12692,20311,2
12692,20316,1
12692,20317,40
12692,20318,15
12692,20319,44.5
12692,20321,3
12692,20322,1
12692,20324,3
12692,20325,59
12692,20326,102
12692,20327,89.5
12692,20328,132.5
12692,20329,33.5
12692,20330,45
12692,20331,18
12692,20347,9
12692,20348,3
12692,20349,11
12692,20350,6
12692,20380,19
12692,20381,55
12692,20382,125
12692,20383,205.5
12692,20384,161.5
12692,20385,62.5
12692,20386,28
12692,20387,26
12693,20012,1
12693,20013,13
12693,20014,18
12693,20016,9
12693,20020,8
12693,20024,7
12693,20028,24
12693,20029,24
12693,20030,37
12693,20031,15
12693,20033,1
12693,20041,10
12693,20043,16
12693,20044,10
12693,20045,3
12693,20046,10
12693,20054,13
12693,20055,5
12693,20056,17
12693,20057,17
12693,20062,2
12693,20067,5
12693,20068,4
12693,20075,19
12693,20076,65
12693,20077,5
12693,20078,2
12693,20079,62
12693,20080,26
12693,20081,2
12693,20082,8
12693,20083,12
12693,20084,1
12693,20085,15
12693,20086,37
12693,20087,186
12693,20088,152.5
12693,20089,750.5
12693,20090,375.5
12693,20091,513.5
12693,20092,718
12693,20093,42
12693,20094,348.5
12693,20095,302.5
12693,20096,51.5
12693,20097,126.5
12693,20098,8
12693,20099,215
12693,20100,6
12693,20102,4
12693,20103,7
12693,20105,9
12693,20106,3
12693,20116,5
12693,20117,42
12693,20118,36
12693,20132,2
12693,20135,1
12693,20136,2
12693,20137,77.5
12693,20138,65
12693,20139,2
12693,20143,4
12693,20145,7
12693,20151,6
12693,20166,3
12693,20168,57.5
12693,20169,51
12693,20170,23
12693,20180,7
12693,20182,4
12693,20183,4
12693,20184,48
12693,20185,91.5
12693,20186,48
12693,20187,3
12693,20188,14
12693,20189,3
12693,20210,1
12693,20214,10
12693,20215,4
12693,20216,11
12693,20217,6
12693,20218,18
12693,20219,1
12693,20281,4
12693,20282,2
12693,20285,5
12693,20286,2
12693,20291,9
12693,20292,5
12693,20296,10
12693,20297,19.5
12693,20302,18
12693,20303,27
12693,20306,18
12693,20307,111
12693,20308,19
12693,20309,3
12693,20311,9
12693,20316,1
12693,20325,9
12693,20326,26.5
12693,20327,5
12693,20328,29
12693,20329,10
12693,20330,2
12693,20331,26
12693,20332,2
12693,20347,8
12693,20349,25
12693,20350,7
12693,20351,5
12693,20382,277
12693,20383,268.5
12693,20384,238
12693,20385,34
12693,20386,28
12693,20387,45
12693,20388,52
12694,20013,4
12694,20014,16
12694,20015,12
12694,20029,5
12694,20030,5
12694,20032,29
12694,20033,30
12694,20037,18
12694,20038,32
12694,20043,10.5
12694,20044,60
12694,20045,20
12694,20054,31
12694,20055,27
12694,20056,22
12694,20057,30
12694,20061,9
12694,20062,2
12694,20063,6
12694,20066,6
12694,20067,25
12694,20068,18
12694,20076,33.5
12694,20079,4
12694,20082,2
12694,20083,4
12694,20084,9
12694,20085,10
12694,20086,39
12694,20087,171.5
12694,20088,125
12694,20089,199.5
12694,20090,231
12694,20091,698
12694,20092,261.5
12694,20093,2
12694,20094,18
12694,20095,7
12694,20096,2
12694,20097,294
12694,20098,751
12694,20099,131
12694,20100,20
12694,20101,5
12694,20102,2
12694,20103,6
12694,20116,13.5
12694,20117,38.5
12694,20118,4
12694,20134,3
12694,20136,4
12694,20137,6
12694,20138,7
12694,20147,4
12694,20148,11
12694,20151,7
12694,20152,11
12694,20153,9
12694,20166,8
12694,20167,32
12694,20168,69
12694,20169,28
12694,20170,31
12694,20181,12
12694,20182,9
12694,20184,3
12694,20185,22
12694,20186,72.5
12694,20187,48.5
12694,20188,19.5
12694,20190,6
12694,20193,2
12694,20194,6
12694,20195,10
12694,20212,4
12694,20213,10
12694,20216,2
12694,20280,3
12694,20282,7
12694,20283,3
12694,20287,4
12694,20293,4
12694,20294,11
12694,20295,4
12694,20296,6
12694,20297,3
12694,20298,10
12694,20299,1
12694,20301,2
12694,20302,5
12694,20303,10
12694,20304,3
12694,20305,25
12694,20306,5
12694,20307,35
12694,20308,2
12694,20309,19
12694,20310,24
12694,20312,2
12694,20314,4
12694,20316,4
12694,20318,3
12694,20325,4
12694,20326,34
12694,20327,103
12694,20328,2
12694,20332,7
12694,20347,7
12694,20348,2
12694,20349,5
12694,20381,4
12694,20382,49
12694,20383,43
12694,20384,40
12694,20385,41
12694,20386,65.5
12694,20387,190.5
12694,20388,141.5
12694,20389,154.5
12694,20390,41
12695,20013,6
12695,20015,7
12695,20025,2
12695,20028,2
12695,20029,16
12695,20030,1
12695,20036,2
12695,20043,21
12695,20044,54
12695,20045,6
12695,20054,12
12695,20055,62.5
12695,20063,1
12695,20064,27
12695,20066,27.5
12695,20067,1
12695,20074,4
12695,20075,13
12695,20076,8.5
12695,20077,26
12695,20083,23
12695,20084,24.5
12695,20086,14.5
12695,20087,84
12695,20088,34
12695,20089,13
12695,20090,11
12695,20091,286
12695,20092,179.5
12695,20093,74
12695,20095,576.5
12695,20096,84
12695,20097,476
12695,20098,118.5
12695,20099,494.5
12695,20100,291.5
12695,20101,201.5
12695,20102,27
12695,20103,70
12695,20115,29.5
12695,20116,69.5
12695,20136,6
12695,20146,4
12695,20147,43
12695,20148,20
12695,20149,2
12695,20157,17
12695,20158,57
12695,20159,9
12695,20160,5
12695,20164,3
12695,20165,5
12695,20166,29
12695,20168,2
12695,20169,4
12695,20170,7
12695,20186,18.5
12695,20187,66.5
12695,20188,43
12695,20189,4
12695,20190,3
12695,20191,8
12695,20192,26
12695,20193,5
12695,20195,6
12695,20196,12
12695,20213,2
12695,20214,50
12695,20215,29
12695,20216,60
12695,20217,33
12695,20218,28
12695,20219,6
12695,20220,4
12695,20221,2
12695,20222,5
12695,20280,7
12695,20281,2
12695,20283,27
12695,20284,4
12695,20285,8
12695,20286,1
12695,20288,13
12695,20289,8
12695,20291,3
12695,20292,1
12695,20293,2
12695,20294,10.5
12695,20295,3
12695,20296,7
12695,20297,26
12695,20298,10
12695,20300,11
12695,20301,4
12695,20302,13
12695,20303,20.5
12695,20304,26
12695,20305,74.5
12695,20306,40
12695,20307,21.5
12695,20315,2
12695,20323,6
12695,20324,159.5
12695,20325,6
12695,20326,14
12695,20327,16
12695,20329,5
12695,20330,2
12695,20333,4
12695,20348,5
12695,20349,9
12695,20351,4
12695,20383,4
12695,20384,12
12695,20385,28.5
12695,20386,76.5
12695,20387,80
12695,20388,176
12695,20389,113
12695,20390,113.5
12695,20391,12
12696,20011,10
12696,20012,27
12696,20013,6
12696,20014,1
12696,20021,1
12696,20024,14
12696,20025,31.5
12696,20026,57.5
12696,20027,5
12696,20028,4
12696,20029,47
12696,20030,2
12696,20032,8
12696,20033,11
12696,20034,9
12696,20035,2
12696,20037,16
12696,20038,19
12696,20051,14
12696,20052,4
12696,20053,4
12696,20054,62
12696,20055,61
12696,20060,4
12696,20075,9
12696,20076,40
12696,20078,5
12696,20079,10
12696,20080,4
12696,20082,18
12696,20085,6.5
12696,20086,202.5
12696,20090,46.5
12696,20091,112.5
12696,20092,159.5
12696,20093,443
12696,20094,5
12696,20095,30.5
12696,20096,668.5
12696,20097,220.5
12696,20098,255
12696,20099,221
12696,20100,147
12696,20101,306.5
12696,20102,166
12696,20103,4
12696,20115,16
12696,20116,3.5
12696,20144,14
12696,20145,15
12696,20147,19
12696,20157,41
12696,20158,66
12696,20159,48.5
12696,20160,38
12696,20161,10
12696,20169,4
12696,20184,1
12696,20188,24
12696,20189,83.5
12696,20190,9
12696,20191,46
12696,20192,28.5
12696,20195,6
12696,20196,2
12696,20197,12
12696,20215,1
12696,20216,11
12696,20217,28
12696,20218,50.5
12696,20219,40
12696,20220,34
12696,20221,26
12696,20222,19.5
12696,20223,18
12696,20224,8
12696,20225,16
12696,20227,4
12696,20233,2
12696,20280,6
12696,20281,6
12696,20283,2
12696,20284,14
12696,20285,21
12696,20286,16
12696,20287,8
12696,20288,10
12696,20289,22
12696,20290,20
12696,20292,11
12696,20293,8
12696,20294,7
12696,20296,28
12696,20297,15
12696,20298,5
12696,20299,11
12696,20300,41
12696,20301,4
12696,20303,28.5
12696,20304,13
12696,20305,1
12696,20306,15
12696,20307,47
12696,20308,21
12696,20321,34
12696,20322,24
12696,20323,19.5
12696,20324,39.5
12696,20325,152
12696,20327,23
12696,20328,12
12696,20330,2
12696,20384,20
12696,20385,74
12696,20386,16
12696,20387,31
12696,20388,98.5
12696,20389,122.5
12696,20390,60
12696,20391,69.5
12697,20008,3
12697,20009,17
12697,20010,6
12697,20026,40
12697,20027,7
12697,20029,2
12697,20033,2
12697,20034,15
12697,20035,10
12697,20036,13
12697,20037,12
12697,20038,30
12697,20041,1
12697,20044,3
12697,20050,15
12697,20051,15
12697,20052,13
12697,20053,20
12697,20054,21
12697,20055,54
12697,20056,6
12697,20075,8
12697,20076,31
12697,20077,46
12697,20078,28
12697,20079,30
12697,20080,140
12697,20081,59
12697,20082,29
12697,20085,7
12697,20086,93.5
12697,20087,76
12697,20091,95
12697,20092,192.5
12697,20093,5
12697,20094,143
12697,20095,660
12697,20096,477.5
12697,20097,162.5
12697,20098,44.5
12697,20099,420
12697,20100,294
12697,20101,295
12697,20102,37
12697,20103,1
12697,20144,54
12697,20145,48
12697,20159,1
12697,20187,8
12697,20188,36.5
12697,20189,32.5
12697,20190,21
12697,20191,10.5
12697,20192,28
12697,20193,88.5
12697,20194,7
12697,20195,21
12697,20196,11
12697,20197,5
12697,20198,4
12697,20218,16
12697,20220,21.5
12697,20221,15
12697,20222,29
12697,20223,26
12697,20224,28
12697,20225,17
12697,20226,28
12697,20227,13
12697,20228,11
12697,20229,24
12697,20230,3
12697,20235,5
12697,20283,18
12697,20285,10.5
12697,20286,10
12697,20287,3
12697,20288,15.5
12697,20289,4
12697,20290,34
12697,20291,5
12697,20292,5
12697,20298,5
12697,20300,21.5
12697,20301,31
12697,20302,15
12697,20303,14
12697,20304,18
12697,20305,4
12697,20307,5
12697,20318,1
12697,20319,17
12697,20320,16
12697,20321,33
12697,20322,77
12697,20323,71
12697,20324,79
12697,20325,282
12697,20326,73.5
12697,20327,101
12697,20328,19
12697,20329,5
12697,20333,4
12697,20384,26
12697,20385,11
12697,20386,7
12697,20387,58.5
12697,20388,118.5
12697,20389,68
12697,20390,30.5
12697,20391,35.5
12697,20392,39
12697,20393,22
12698,20008,16.5
12698,20009,6.5
12698,20010,8
12698,20016,6
12698,20018,1
12698,20020,7
12698,20027,1
12698,20032,2
12698,20036,4
12698,20037,22
12698,20038,4
12698,20050,17
12698,20051,29.5
12698,20052,11
12698,20054,15
12698,20055,71
12698,20056,32
12698,20062,6
12698,20064,2
12698,20065,25
12698,20067,1
12698,20068,3
12698,20075,5
12698,20077,30
12698,20078,61
12698,20079,7.5
12698,20080,19
12698,20081,62.5
12698,20082,30
12698,20084,4
12698,20092,26
12698,20093,66.5
12698,20094,225.5
12698,20095,502
12698,20096,620.5
12698,20097,697.5
12698,20098,778
12698,20099,561.5
12698,20100,508.5
12698,20101,367
12698,20114,4
12698,20134,2
12698,20135,71.5
12698,20136,17
12698,20138,9.5
12698,20141,4
12698,20142,24
12698,20145,2
12698,20173,5
12698,20189,3
12698,20190,1
12698,20191,2
12698,20192,13
12698,20193,19.5
12698,20194,15
12698,20195,31
12698,20196,29
12698,20198,2
12698,20219,8
12698,20220,1
12698,20221,1
12698,20222,15
12698,20223,19
12698,20224,15
12698,20225,1
12698,20226,5
12698,20228,11
12698,20229,5
12698,20230,8
12698,20231,2
12698,20232,3
12698,20283,3
12698,20284,6
12698,20285,3
12698,20286,18
12698,20287,37
12698,20288,10
12698,20289,5
12698,20290,31
12698,20292,3
12698,20295,8
12698,20296,7
12698,20297,15
12698,20298,36
12698,20299,4
12698,20300,15
12698,20301,44
12698,20302,8.5
12698,20303,29.5
12698,20305,4
12698,20316,6
12698,20317,32
12698,20318,69.5
12698,20319,50
12698,20320,13
12698,20321,67
12698,20322,47
12698,20323,31
12698,20324,357.5
12698,20325,85
12698,20326,88.5
12698,20327,104
12698,20328,221.5
12698,20329,12
12698,20330,3
12698,20332,9
12698,20349,5.5
12698,20384,3
12698,20386,9
12698,20387,71
12698,20388,58
12698,20389,81
12698,20390,87
12698,20391,31.5
12698,20392,106
12698,20393,16
12699,20008,1
12699,20010,6
12699,20012,5
12699,20016,11
12699,20026,6
12699,20028,1
12699,20037,11
12699,20043,3
12699,20044,29.5
12699,20055,45.5
12699,20056,28
12699,20067,30.5
12699,20068,1
12699,20070,9
12699,20078,11
12699,20079,33
12699,20081,3
12699,20085,3
12699,20087,464
12699,20088,331
12699,20090,198
12699,20091,164
12699,20092,143
12699,20093,146
12699,20094,167.5
12699,20095,205.5
12699,20096,403
12699,20097,370
12699,20098,321.5
12699,20099,506.5
12699,20100,700
12699,20101,70
12699,20114,18
12699,20135,25
12699,20138,7
12699,20139,10
12699,20140,29
12699,20141,28
12699,20142,2
12699,20172,1
12699,20173,11
12699,20191,2
12699,20194,13.5
12699,20195,53
12699,20196,35.5
12699,20198,8
12699,20225,17
12699,20229,1
12699,20230,10
12699,20231,4
12699,20232,24
12699,20233,4
12699,20283,4
12699,20284,18
12699,20285,15
12699,20286,2
12699,20287,21
12699,20288,22
12699,20290,1
12699,20292,8
12699,20293,3
12699,20295,26
12699,20296,4
12699,20297,6
12699,20298,8
12699,20299,5
12699,20300,4
12699,20302,15
12699,20303,5
12699,20304,42
12699,20313,3
12699,20314,12
12699,20315,30
12699,20316,15
12699,20317,55
12699,20318,72.5
12699,20319,36
12699,20320,38
12699,20321,28.5
12699,20322,48.5
12699,20323,59.5
12699,20324,76
12699,20325,59
12699,20326,77
12699,20327,52.5
12699,20328,124.5
12699,20329,77.5
12699,20330,60.5
12699,20331,41.5
12699,20332,23
12699,20348,25
12699,20349,42
12699,20386,2
12699,20387,23
12699,20388,1
12699,20389,150
12699,20390,48
12699,20391,32.5
12699,20392,93
12699,20393,46
12699,20394,17
12700,20009,19
12700,20010,15
12700,20011,9
12700,20012,1
12700,20014,7
12700,20016,4
12700,20025,14
12700,20026,23
12700,20027,34
12700,20029,1
12700,20037,16
12700,20038,2
12700,20039,15
12700,20040,17
12700,20041,3
12700,20042,4
12700,20043,5
12700,20044,7
12700,20054,13
12700,20055,8
12700,20063,2
12700,20064,8
12700,20071,1
12700,20085,2
12700,20087,143
12700,20088,489
12700,20089,389.5
12700,20090,270.5
12700,20091,358
12700,20092,552
12700,20093,11
12700,20094,206.5
12700,20097,218.5
12700,20098,644.5
12700,20099,121.5
12700,20100,530.5
12700,20101,558.5
12700,20102,140
12700,20103,61
12700,20104,233
12700,20105,77.5
12700,20107,7
12700,20108,5
12700,20113,8
12700,20114,41
12700,20115,30.5
12700,20136,24
12700,20137,21
12700,20139,51
12700,20140,44
12700,20173,4
12700,20191,7
12700,20192,7
12700,20193,6
12700,20194,7
12700,20195,35
12700,20196,69
12700,20197,30.5
12700,20198,17
12700,20199,7
12700,20230,1
12700,20231,23
12700,20232,4
12700,20233,6
12700,20234,7
12700,20282,4
12700,20283,20
12700,20284,17
12700,20285,1.5
12700,20286,20
12700,20287,24
12700,20288,24
12700,20289,3
12700,20292,1
12700,20294,12
12700,20295,22
12700,20296,20
12700,20298,6
12700,20299,13
12700,20300,6
12700,20301,5
12700,20302,25.5
12700,20303,46
12700,20304,30
12700,20310,6
12700,20311,6
12700,20312,2
12700,20314,9
12700,20316,4
12700,20317,61
12700,20318,49.5
12700,20319,25
12700,20320,25.5
12700,20321,74.5
12700,20322,56
12700,20323,63
12700,20324,31
12700,20325,57
12700,20326,86.5
12700,20327,56
12700,20328,101
12700,20329,143.5
12700,20330,85
12700,20331,99.5
12700,20332,263
12700,20348,7
12700,20349,62
12700,20351,7
12700,20388,7
12700,20389,28
12700,20390,76
12700,20391,6
12700,20392,30.5
12700,20393,22
12700,20394,97.5
12700,20395,32
12701,20009,14
12701,20010,2
12701,20011,2
12701,20020,35
12701,20022,9
12701,20025,21.5
12701,20026,56
12701,20027,109
12701,20028,132
12701,20029,19
12701,20030,41.5
12701,20031,30
12701,20039,38
12701,20040,66
12701,20041,39.5
12701,20042,4
12701,20043,2
12701,20055,5
12701,20062,12.5
12701,20063,13
12701,20064,85
12701,20065,49
12701,20066,31.5
12701,20071,9
12701,20088,4
12701,20089,781.5
12701,20090,675.5
12701,20091,487
12701,20093,49
12701,20094,215
12701,20095,221.5
12701,20096,248
12701,20097,678
12701,20098,323.5
12701,20099,278.5
12701,20100,710
12701,20101,177
12701,20102,657.5
12701,20103,211.5
12701,20104,413.5
12701,20105,522
12701,20106,429.5
12701,20107,45
12701,20108,408
12701,20109,18
12701,20110,73.5
12701,20111,60
12701,20112,1.5
12701,20113,36.5
12701,20114,58
12701,20115,41
12701,20134,13
12701,20137,19
12701,20138,44
12701,20139,14
12701,20140,9
12701,20141,3
12701,20142,6.5
12701,20174,8
12701,20175,23
12701,20193,1
12701,20194,2
12701,20195,5
12701,20196,2
12701,20197,40
12701,20198,20
12701,20200,8
12701,20201,3
12701,20202,32
12701,20203,1
12701,20211,10
12701,20212,8
12701,20213,7
12701,20231,3
12701,20233,1
12701,20234,6
12701,20235,14
12701,20236,13
12701,20281,1
12701,20283,1
12701,20284,6.5
12701,20285,11
12701,20286,16
12701,20287,18
12701,20288,58.5
12701,20289,38.5
12701,20290,4
12701,20292,1
12701,20294,8
12701,20295,18
12701,20296,19.5
12701,20297,15
12701,20298,9
12701,20301,26.5
12701,20302,43.5
12701,20303,35
12701,20304,7
12701,20309,6
12701,20310,27
12701,20311,3
12701,20313,1
12701,20314,35
12701,20315,5
12701,20316,8
12701,20317,47
12701,20318,57
12701,20319,23
12701,20320,28.5
12701,20321,4
12701,20322,34
12701,20323,5
12701,20324,29.5
12701,20325,14
12701,20326,20
12701,20327,42
12701,20328,49
12701,20329,63
12701,20330,119
12701,20331,147
12701,20332,28
12701,20333,32
12701,20344,2
12701,20347,16
12701,20348,57.5
12701,20349,156.5
12701,20350,8
12701,20351,42
12701,20353,13
12701,20389,27
12701,20390,38
12701,20393,31
12701,20394,41
12701,20395,61
12701,20396,3.5
12701,20397,2
12702,20012,7
12702,20019,2
12702,20020,12
12702,20022,13
12702,20023,7
12702,20025,11
12702,20026,113
12702,20027,63
12702,20028,146.5
12702,20029,39
12702,20030,36
12702,20031,23
12702,20032,12
12702,20040,3
12702,20041,26.5
12702,20042,8
12702,20044,5
12702,20053,1
12702,20054,4
12702,20062,16.5
12702,20063,129.5
12702,20064,158.5
12702,20065,135
12702,20066,67.5
12702,20067,57
12702,20068,19
12702,20080,19
12702,20087,3
12702,20088,13
12702,20089,322.5
12702,20090,479.5
12702,20091,680.5
12702,20092,141
12702,20093,790.5
12702,20094,415
12702,20095,517.5
12702,20096,474
12702,20097,393.5
12702,20098,658
12702,20099,418.5
12702,20100,582.5
12702,20101,300
12702,20102,109.5
12702,20103,191.5
12702,20104,298
12702,20105,364.5
12702,20106,459
12702,20107,481.5
12702,20108,385.5
12702,20109,207.5
12702,20110,169
12702,20111,194.5
12702,20112,59
12702,20113,56
12702,20114,99.5
12702,20115,88.5
12702,20130,1
12702,20135,22
12702,20136,4
12702,20137,24
12702,20138,75.5
12702,20139,4
12702,20140,7
12702,20141,11
12702,20175,3
12702,20195,2
12702,20197,22
12702,20198,5
12702,20199,26
12702,20200,38
12702,20201,28
12702,20202,18
12702,20203,14
12702,20204,1
12702,20211,21.5
12702,20212,4
12702,20214,3
12702,20215,19
12702,20216,11
12702,20235,9
12702,20236,7
12702,20237,11
12702,20238,1
12702,20283,2
12702,20284,7
12702,20285,18
12702,20286,13.5
12702,20287,23
12702,20288,18
12702,20289,29
12702,20290,24
12702,20291,1
12702,20295,12
12702,20296,22
12702,20297,11
12702,20298,9
12702,20299,7
12702,20300,5
12702,20301,34.5
12702,20302,26
12702,20303,7
12702,20308,14
12702,20309,8
12702,20310,58
12702,20311,36
12702,20312,15
12702,20313,23
12702,20314,11
12702,20315,6
12702,20316,45.5
12702,20317,14
12702,20318,41
12702,20319,27
12702,20320,9
12702,20321,5
12702,20322,4
12702,20323,34
12702,20324,14
12702,20325,18
12702,20326,44
12702,20327,40
12702,20328,10
12702,20329,31
12702,20330,42.5
12702,20331,141.5
12702,20332,37
12702,20333,184.5
12702,20334,19.5
12702,20338,2
12702,20340,1
12702,20343,4
12702,20344,5
12702,20345,2
12702,20348,27.5
12702,20349,4
12702,20350,15
12702,20351,38.5
12702,20353,9
12702,20389,5
12702,20390,28
12702,20391,8
12702,20392,1
12702,20393,1
12702,20395,9
12702,20396,25
12703,20010,9
12703,20014,19
12703,20015,10
12703,20017,14.5
12703,20019,13
12703,20021,13
12703,20022,5.5
12703,20023,2
12703,20024,4
12703,20025,45
12703,20026,80.5
12703,20027,66
12703,20028,54.5
12703,20029,1
12703,20030,19
12703,20031,60
12703,20032,12
12703,20039,22.5
12703,20040,16
12703,20041,28
12703,20042,42.5
12703,20043,56
12703,20044,9
12703,20046,8
12703,20047,8
12703,20061,4
12703,20062,3
12703,20063,30
12703,20064,33
12703,20065,67
12703,20066,35
12703,20067,41.5
12703,20068,27
12703,20080,34
12703,20081,59.5
12703,20082,2
12703,20089,5
12703,20090,214.5
12703,20091,423
12703,20092,352
12703,20093,629.5
12703,20094,569
12703,20095,305.5
12703,20096,316
12703,20097,321
12703,20098,185
12703,20099,264.5
12703,20100,802.5
12703,20101,307.5
12703,20102,286
12703,20103,540.5
12703,20104,286
12703,20105,658
12703,20106,512
12703,20107,450
12703,20108,239.5
12703,20109,298
12703,20110,219
12703,20111,155.5
12703,20112,100.5
12703,20113,63
12703,20114,47
12703,20115,21
12703,20131,2
12703,20135,3
12703,20136,4
12703,20137,6
12703,20138,58
12703,20139,11
12703,20140,1
12703,20141,17
12703,20142,6
12703,20176,2
12703,20177,6
12703,20197,5
12703,20198,5
12703,20199,23.5
12703,20200,9
12703,20201,12
12703,20202,21.5
12703,20203,2
12703,20204,5
12703,20214,5
12703,20215,21
12703,20216,10
12703,20217,4
12703,20237,5
12703,20240,4
12703,20267,1
12703,20282,2
12703,20284,10
12703,20285,12
12703,20286,3
12703,20288,27
12703,20289,56
12703,20290,31
12703,20291,3
12703,20295,3
12703,20296,41.5
12703,20299,25
12703,20300,21
12703,20301,3
12703,20308,62.5
12703,20309,36
12703,20310,23
12703,20311,16
12703,20312,8
12703,20313,7
12703,20314,2
12703,20316,4
12703,20317,33
12703,20318,31
12703,20320,2
12703,20321,6
12703,20324,13
12703,20325,22
12703,20326,23
12703,20327,5
12703,20328,13
12703,20329,5
12703,20330,22
12703,20331,76.5
12703,20332,105
12703,20333,104.5
12703,20334,9
12703,20335,2
12703,20345,8
12703,20346,12.5
12703,20348,73
12703,20349,62
12703,20350,30
12703,20351,8
12703,20390,2
12703,20391,17
12703,20392,31.5
12703,20393,57
12703,20394,17
12703,20395,3
12704,20010,15
12704,20025,5
12704,20026,4
12704,20027,42
12704,20028,37
12704,20031,6
12704,20032,9
12704,20035,8
12704,20038,11
12704,20039,61
12704,20040,22.5
12704,20041,100.5
12704,20042,22
12704,20043,9
12704,20044,11
12704,20045,10
12704,20046,3
12704,20047,11
12704,20048,16
12704,20050,2
12704,20066,24
12704,20067,38.5
12704,20069,9.5
12704,20080,25
12704,20081,28
12704,20082,38.5
12704,20083,8.5
12704,20086,106.5
12704,20087,183.5
12704,20088,383.5
12704,20089,68
12704,20092,15
12704,20093,73.5
12704,20094,187
12704,20095,939.5
12704,20096,203.5
12704,20097,166
12704,20098,448.5
12704,20099,592
12704,20100,470.5
12704,20101,412
12704,20102,200
12704,20103,496.5
12704,20104,181
12704,20105,141
12704,20106,312.5
12704,20107,484
12704,20108,74.5
12704,20109,451.5
12704,20110,88
12704,20111,285.5
12704,20112,69
12704,20113,62
12704,20114,125
12704,20115,208
12704,20130,27
12704,20131,3
12704,20136,1
12704,20137,2
12704,20138,45
12704,20139,37
12704,20140,1
12704,20201,11
12704,20202,18
12704,20204,4
12704,20205,13
12704,20206,22.5
12704,20207,4
12704,20208,4
12704,20209,1
12704,20213,21
12704,20214,16
12704,20215,21
12704,20216,21
12704,20218,4
12704,20220,3
12704,20284,2
12704,20287,2
12704,20288,6
12704,20289,6
12704,20290,2
12704,20291,5
12704,20292,7
12704,20295,18
12704,20296,49
12704,20297,8
12704,20298,18
12704,20299,56.5
12704,20300,56
12704,20301,14
12704,20302,57
12704,20306,5
12704,20307,10
12704,20308,12
12704,20309,11
12704,20310,31.5
12704,20311,5
12704,20314,5.5
12704,20316,19
12704,20317,26.5
12704,20320,1
12704,20322,25
12704,20323,9.5
12704,20324,8
12704,20325,39
12704,20326,84.5
12704,20327,41
12704,20328,24
12704,20329,26
12704,20330,21.5
12704,20331,1
12704,20332,57
12704,20333,55
12704,20344,1
12704,20345,60
12704,20346,71.5
12704,20347,39.5
12704,20348,57
12704,20349,38
12704,20350,64
12704,20351,2
12704,20391,15
12704,20392,16
12704,20393,6
12704,20394,18
12704,20395,19
12704,20396,15
12704,20397,10
12705,20008,4
12705,20010,11
12705,20013,2
12705,20021,25
12705,20024,6
12705,20025,30
12705,20026,14
12705,20027,2
12705,20033,4.5
12705,20040,2
12705,20041,23
12705,20042,13.5
12705,20043,20
12705,20044,10
12705,20045,7
12705,20049,9
12705,20050,6
12705,20054,8
12705,20061,2
12705,20066,17
12705,20067,54
12705,20068,48
12705,20069,2
12705,20070,7
12705,20071,11
12705,20072,13
12705,20078,38.5
12705,20079,16
12705,20081,32.5
12705,20082,96
12705,20085,183
12705,20086,211.5
12705,20087,188.5
12705,20088,206
12705,20089,7
12705,20090,13
12705,20093,9
12705,20094,22
12705,20095,64
12705,20096,150
12705,20097,148.5
12705,20098,489.5
12705,20099,420.5
12705,20100,157.5
12705,20101,414.5
12705,20102,89
12705,20103,115.5
12705,20104,533.5
12705,20105,363
12705,20106,176.5
12705,20107,239
12705,20108,1419.5
12705,20109,30
12705,20110,208.5
12705,20111,287
12705,20112,16
12705,20113,18
12705,20114,62
12705,20115,2
12705,20122,4
12705,20130,4
12705,20138,20.5
12705,20139,48
12705,20140,1
12705,20141,2
12705,20204,9
12705,20205,43.5
12705,20206,42
12705,20207,38
12705,20208,4
12705,20209,51
12705,20210,205.5
12705,20211,93
12705,20212,84
12705,20213,23
12705,20214,11
12705,20215,19
12705,20283,2
12705,20285,2
12705,20289,17
12705,20290,2
12705,20292,1
12705,20294,4
12705,20295,84
12705,20296,15
12705,20297,29.5
12705,20298,57
12705,20299,49
12705,20300,60.5
12705,20301,88.5
12705,20302,52
12705,20305,6
12705,20306,41
12705,20307,36
12705,20308,57
12705,20309,6.5
12705,20311,7
12705,20314,25.5
12705,20315,24
12705,20316,52
12705,20317,25
12705,20318,14
12705,20319,4
12705,20323,11
12705,20324,33
12705,20325,36
12705,20326,38
12705,20327,39
12705,20329,12
12705,20330,24
12705,20332,7
12705,20333,2
12705,20334,13
12705,20335,11
12705,20344,15
12705,20345,18
12705,20346,29
12705,20347,16
12705,20348,9
12705,20349,17.5
12705,20350,13
12705,20351,33
12705,20392,12
12705,20393,19
12705,20394,25
12705,20395,24
12705,20396,29
12705,20397,36
12705,20398,5
12706,20009,3
12706,20011,4
12706,20015,7
12706,20021,36
12706,20026,18
12706,20033,6
12706,20040,25
12706,20041,52.5
12706,20042,32.5
12706,20043,8
12706,20044,2
12706,20053,20
12706,20054,6
12706,20055,4
12706,20056,1
12706,20057,7
12706,20060,6
12706,20067,2
12706,20068,1
12706,20071,33
12706,20072,53.5
12706,20073,55
12706,20077,18.5
12706,20078,26
12706,20079,49
12706,20080,57
12706,20081,39
12706,20082,136.5
12706,20083,71
12706,20085,33
12706,20086,448.5
12706,20087,568
12706,20088,92
12706,20089,58
12706,20090,1
12706,20091,6
12706,20095,64.5
12706,20096,21.5
12706,20097,283.5
12706,20098,450.5
12706,20099,460.5
12706,20100,526
12706,20101,286
12706,20102,762
12706,20103,635
12706,20104,528.5
12706,20105,199
12706,20106,302.5
12706,20107,126
12706,20108,165
12706,20109,255.5
12706,20110,89.5
12706,20111,106
12706,20113,2
12706,20114,42.5
12706,20115,44
12706,20130,2
12706,20131,4
12706,20138,9.5
12706,20139,38
12706,20142,5
12706,20203,2
12706,20204,26
12706,20205,27.5
12706,20206,20
12706,20207,7
12706,20208,27
12706,20209,10
12706,20210,14
12706,20211,20
12706,20212,91
12706,20213,26.5
12706,20214,26
12706,20215,10
12706,20216,14
12706,20284,1
12706,20288,3
12706,20295,4
12706,20296,49
12706,20297,172.5
12706,20298,153.5
12706,20299,322
12706,20300,75
12706,20301,11
12706,20302,13
12706,20304,77
12706,20305,72
12706,20306,34.5
12706,20307,6
12706,20308,24
12706,20314,12
12706,20315,37.5
12706,20316,32
12706,20318,10
12706,20319,2
12706,20320,18.5
12706,20321,7
12706,20323,3
12706,20325,2
12706,20326,8
12706,20327,5
12706,20332,24
12706,20333,18
12706,20334,62.5
12706,20335,12
12706,20348,1
12706,20349,6
12706,20350,9.5
12706,20351,28.5
12706,20392,5
12706,20393,3
12706,20394,48.5
12706,20395,51
12706,20396,39.5
12706,20397,24
12706,20398,8
12706,20399,1
12707,20015,4
12707,20020,10
12707,20021,6
12707,20026,1
12707,20033,1
12707,20039,2
12707,20040,18
12707,20041,7
12707,20043,3
12707,20051,9
12707,20055,6
12707,20056,13
12707,20071,9
12707,20072,58.5
12707,20073,84
12707,20074,23
12707,20077,40
12707,20078,66
12707,20079,77.5
12707,20080,46
12707,20081,94.5
12707,20082,233.5
12707,20083,95
12707,20085,73.5
12707,20086,242
12707,20087,361.5
12707,20088,72.5
12707,20089,61
12707,20092,8
12707,20096,417.5
12707,20097,441.5
12707,20098,93.5
12707,20099,380.5
12707,20100,436.5
12707,20101,433.5
12707,20102,172.5
12707,20103,391.5
12707,20104,168
12707,20105,481
12707,20106,646.5
12707,20107,232
12707,20108,136.5
12707,20109,47
12707,20110,105
12707,20111,13
12707,20112,206
12707,20113,1
12707,20115,15.5
12707,20119,4
12707,20120,2
12707,20121,5
12707,20124,7
12707,20126,3
12707,20128,6
12707,20130,24
12707,20131,12
12707,20138,13.5
12707,20139,36
12707,20141,2
12707,20204,2
12707,20205,22
12707,20206,14
12707,20210,6
12707,20211,4
12707,20213,9
12707,20214,52
12707,20215,8
12707,20245,1
12707,20291,3
12707,20292,18
12707,20294,9
12707,20296,183
12707,20297,253.5
12707,20298,234.5
12707,20299,177
12707,20300,6
12707,20301,1
12707,20303,2
12707,20304,29
12707,20305,10
12707,20307,3
12707,20308,30
12707,20312,4
12707,20313,32.5
12707,20314,9
12707,20315,27
12707,20316,23
12707,20319,9
12707,20320,29
12707,20321,12
12707,20322,8
12707,20324,6
12707,20325,31
12707,20326,75
12707,20327,65
12707,20328,7
12707,20332,2
12707,20333,15
12707,20335,1
12707,20347,2
12707,20348,5.5
12707,20349,7
12707,20350,7
12707,20351,20
12707,20352,3
12707,20394,25
12707,20395,44
12707,20396,43
12707,20397,32
12707,20398,12.5
12707,20399,25
12707,20400,11
12708,20008,5
12708,20009,10
12708,20014,10
12708,20042,2
12708,20043,2
12708,20048,13
12708,20049,10
12708,20050,27
12708,20051,15
12708,20071,15
12708,20072,106
12708,20073,33
12708,20076,6
12708,20077,65
12708,20078,274
12708,20079,48
12708,20080,51
12708,20081,67.5
12708,20082,341.5
12708,20083,105
12708,20084,24
12708,20085,606.5
12708,20086,481
12708,20087,265
12708,20088,260.5
12708,20089,515.5
12708,20095,1
12708,20096,2
12708,20097,3
12708,20098,4
12708,20099,155
12708,20100,582.5
12708,20101,235.5
12708,20102,314.5
12708,20103,796
12708,20104,339.5
12708,20105,223
12708,20106,192.5
12708,20107,134
12708,20108,53.5
12708,20109,156
12708,20110,19
12708,20111,57.5
12708,20112,19
12708,20113,1
12708,20114,4
12708,20116,49
12708,20117,17
12708,20118,4
12708,20119,39
12708,20120,80
12708,20121,30
12708,20122,9
12708,20123,3
12708,20125,2
12708,20130,20
12708,20131,22
12708,20138,8
12708,20139,3.5
12708,20140,20
12708,20141,1
12708,20206,13
12708,20207,6
12708,20213,12
12708,20214,5
12708,20215,9
12708,20273,1
12708,20290,14
12708,20291,13
12708,20292,29
12708,20293,13
12708,20294,11
12708,20295,26
12708,20296,61.5
12708,20297,440.5
12708,20298,441
12708,20299,14
12708,20300,186.5
12708,20301,51
12708,20303,72
12708,20304,27
12708,20305,13
12708,20306,4
12708,20307,23
12708,20308,8
12708,20309,1
12708,20312,8.5
12708,20313,22
12708,20314,12
12708,20315,27
12708,20316,11
12708,20318,5
12708,20321,14
12708,20322,13
12708,20323,184
12708,20324,110
12708,20325,84
12708,20326,58
12708,20327,110
12708,20328,130
12708,20347,10
12708,20348,3
12708,20350,51
12708,20351,39
12708,20397,8
12708,20398,34
12708,20399,8
12708,20400,61.5
12708,20401,23
12709,20009,18
12709,20015,2
12709,20020,7.5
12709,20030,4
12709,20031,42.5
12709,20032,4
12709,20036,3
12709,20047,11
12709,20048,2
12709,20049,14
12709,20050,10
12709,20061,6
12709,20062,2
12709,20063,17
12709,20071,3
12709,20072,73.5
12709,20073,52
12709,20074,10
12709,20077,66
12709,20079,23
12709,20080,118
12709,20081,146
12709,20082,60.5
12709,20083,70.5
12709,20084,29
12709,20085,88.5
12709,20086,66
12709,20087,7
12709,20088,369.5
12709,20089,251
12709,20090,69
12709,20097,308
12709,20098,210
12709,20099,576
12709,20100,292.5
12709,20101,794
12709,20102,554.5
12709,20103,163.5
12709,20104,465
12709,20105,92
12709,20106,87
12709,20107,143
12709,20108,14
12709,20109,99.5
12709,20110,42
12709,20111,2
12709,20112,46
12709,20113,55
12709,20114,23
12709,20115,17
12709,20116,95
12709,20117,81
12709,20118,9
12709,20119,24
12709,20120,95
12709,20121,26
12709,20122,3
12709,20123,5
12709,20125,2
12709,20126,2
12709,20127,9
12709,20128,7
12709,20130,7
12709,20131,15
12709,20136,1
12709,20137,1
12709,20140,4
12709,20141,37
12709,20142,6
12709,20207,2.5
12709,20209,7
12709,20210,1
12709,20214,2
12709,20286,4
12709,20288,5
12709,20289,6
12709,20290,8
12709,20291,13
12709,20292,43.5
12709,20293,27
12709,20294,14
12709,20295,96.5
12709,20296,505
12709,20297,264
12709,20298,444.5
12709,20299,282
12709,20300,349.5
12709,20301,90.5
12709,20302,2
12709,20303,7
12709,20304,32
12709,20305,27
12709,20306,50
12709,20307,11
12709,20311,9
12709,20322,3
12709,20323,2
12709,20325,11
12709,20326,59.5
12709,20327,135.5
12709,20328,89
12709,20329,12
12709,20330,1
12709,20347,14
12709,20348,11
12709,20349,19
12709,20350,30
12709,20351,9
12709,20399,22
12709,20400,15
12709,20401,9
12710,20009,21
12710,20010,7
12710,20014,10
12710,20018,1
12710,20023,20
12710,20030,12
12710,20031,35
12710,20032,39
12710,20033,17
12710,20034,8
12710,20035,13
12710,20036,24
12710,20037,5
12710,20049,18
12710,20050,18
12710,20059,49
12710,20060,45
12710,20061,24
12710,20062,40.5
12710,20063,68.5
12710,20064,16
12710,20070,1.5
12710,20072,19
12710,20073,64.5
12710,20074,21
12710,20075,13
12710,20076,259
12710,20077,139.5
12710,20078,31.5
12710,20079,12
12710,20080,145
12710,20081,54
12710,20082,206
12710,20083,33
12710,20086,25.5
12710,20087,52
12710,20088,324.5
12710,20089,470
12710,20090,81
12710,20091,2
12710,20092,3
12710,20098,5
12710,20099,166
12710,20100,338
12710,20101,199.5
12710,20102,521
12710,20103,544
12710,20104,77
12710,20105,114
12710,20106,149
12710,20107,17
12710,20108,139.5
12710,20109,78
12710,20110,225
12710,20111,98.5
12710,20112,56
12710,20113,37
12710,20114,53
12710,20115,71
12710,20116,22
12710,20117,17
12710,20118,35.5
12710,20119,201.5
12710,20120,2
12710,20124,2
12710,20139,15
12710,20142,31
12710,20143,2
12710,20209,3
12710,20210,9
12710,20211,27
12710,20231,12
12710,20232,2
12710,20234,4
12710,20237,6
12710,20277,1
12710,20284,1
12710,20286,1
12710,20287,7
12710,20288,16
12710,20289,15
12710,20290,19
12710,20291,14
12710,20292,37
12710,20293,21
12710,20294,6
12710,20295,63.5
12710,20296,154.5
12710,20297,342
12710,20298,173
12710,20299,253.5
12710,20300,157.5
12710,20301,215
12710,20302,4
12710,20303,54
12710,20304,29
12710,20305,35
12710,20306,22.5
12710,20307,1
12710,20310,5
12710,20327,25
12710,20328,10
12710,20329,2
12710,20330,28
12710,20346,2
12710,20347,9
12710,20349,1
12710,20350,6.5
12710,20399,2
12710,20400,21
12710,20401,11
12711,20014,2
12711,20015,5
12711,20022,2
12711,20023,40
12711,20034,1
12711,20039,17
12711,20040,9
12711,20041,43.5
12711,20047,2
12711,20049,6
12711,20050,18
12711,20058,2
12711,20059,93.5
12711,20060,29.5
12711,20061,41
12711,20062,38
12711,20063,21
12711,20064,1
12711,20072,21
12711,20073,60
12711,20075,12.5
12711,20076,88
12711,20077,145.5
12711,20078,161
12711,20079,338.5
12711,20080,336
12711,20081,44.5
12711,20082,86.5
12711,20083,23.5
12711,20086,14
12711,20087,5
12711,20089,87
12711,20090,100
12711,20091,125
12711,20092,86.5
12711,20098,7
12711,20099,248
12711,20100,591
12711,20102,5
12711,20103,32.5
12711,20104,57
12711,20105,110.5
12711,20106,27
12711,20107,210.5
12711,20108,115
12711,20109,175
12711,20110,332.5
12711,20111,186.5
12711,20112,73.5
12711,20113,54.5
12711,20114,7
12711,20115,24
12711,20118,21
12711,20119,59.5
12711,20120,14
12711,20139,8
12711,20212,2
12711,20213,13
12711,20231,1
12711,20232,16
12711,20233,5
12711,20234,19
12711,20235,3
12711,20236,27
12711,20237,9
12711,20238,13
12711,20239,6
12711,20240,11
12711,20241,11
12711,20242,6
12711,20288,3
12711,20289,25
12711,20290,8
12711,20291,8
12711,20292,11
12711,20293,17
12711,20294,41
12711,20295,166
12711,20296,109.5
12711,20297,149.5
12711,20298,225.5
12711,20299,224
12711,20300,160.5
12711,20301,101
12711,20302,97
12711,20303,49
12711,20304,66
12711,20305,17
12711,20307,1
12711,20328,1
12711,20330,19.5
12711,20331,7
12711,20346,7
12711,20347,11
12711,20358,14
12711,20399,8
12711,20400,16
12711,20401,2
12712,20013,37
12712,20014,53.5
12712,20015,2
12712,20018,23
12712,20019,9
12712,20020,3
12712,20030,2
12712,20034,4
12712,20035,3
12712,20036,9
12712,20037,13
12712,20038,11
12712,20039,5
12712,20040,50
12712,20041,20
12712,20046,8
12712,20058,20
12712,20059,44
12712,20060,16.5
12712,20061,16.5
12712,20062,47.5
12712,20063,41
12712,20066,2
12712,20073,81
12712,20074,16
12712,20075,27.5
12712,20076,390.5
12712,20077,43
12712,20078,27.5
12712,20079,279
12712,20080,132.5
12712,20081,49.5
12712,20082,91.5
12712,20083,68
12712,20087,7
12712,20089,4
12712,20090,77
12712,20091,29
12712,20092,64
12712,20099,31
12712,20100,90.5
12712,20101,46
12712,20102,447.5
12712,20103,87
12712,20104,81
12712,20105,70.5
12712,20106,149.5
12712,20107,159
12712,20108,18
12712,20109,177
12712,20110,100
12712,20111,109.5
12712,20112,15
12712,20113,6
12712,20117,8
12712,20118,33.5
12712,20119,54
12712,20120,3
12712,20123,6
12712,20124,48
12712,20138,1
12712,20212,3
12712,20213,24
12712,20228,9
12712,20229,14
12712,20230,16
12712,20231,4
12712,20232,11
12712,20233,8
12712,20234,1
12712,20236,7
12712,20239,2
12712,20241,8
12712,20242,11
12712,20243,7
12712,20278,2.5
12712,20288,2
12712,20289,2
12712,20290,15
12712,20291,4
12712,20292,41
12712,20293,58
12712,20294,29
12712,20295,239
12712,20296,35
12712,20297,65
12712,20298,247.5
12712,20299,38
12712,20300,8
12712,20301,128
12712,20302,20
12712,20303,163.5
12712,20304,61
12712,20305,41.5
12712,20306,1
12712,20330,4
12712,20331,8
12712,20399,5
12712,20400,12
12712,20401,11
12712,20402,16
12713,20013,4
12713,20016,2
12713,20017,8
12713,20018,104
12713,20019,24
12713,20027,4
12713,20034,2
12713,20035,23
12713,20036,7
12713,20040,16
12713,20054,10
12713,20055,9
12713,20056,3
12713,20058,9
12713,20059,4
12713,20062,29
12713,20063,11.5
12713,20073,3
12713,20074,17
12713,20075,77.5
12713,20076,85.5
12713,20077,56
12713,20078,6
12713,20080,8
12713,20081,55
12713,20082,59.5
12713,20083,74.5
12713,20084,24
12713,20085,2
12713,20086,8
12713,20087,14
12713,20092,209
12713,20093,46.5
12713,20099,31
12713,20100,46
12713,20101,132
12713,20102,349
12713,20103,289
12713,20104,3
12713,20106,71
12713,20107,38
12713,20108,67
12713,20109,56
12713,20110,34
12713,20112,4
12713,20116,1
12713,20117,2
12713,20122,3
12713,20123,18
12713,20124,18
12713,20125,11
12713,20140,1
12713,20141,2
12713,20212,3
12713,20213,21.5
12713,20214,10
12713,20225,8
12713,20226,5
12713,20227,10
12713,20228,18
12713,20229,37
12713,20230,21
12713,20231,12
12713,20236,5
12713,20242,1
12713,20243,14
12713,20244,2
12713,20289,14
12713,20291,1
12713,20292,8
12713,20293,13
12713,20294,35
12713,20295,6
12713,20296,96
12713,20297,171
12713,20298,389
12713,20299,1
12713,20301,132.5
12713,20302,91
12713,20303,51
12713,20304,55
12713,20305,23.5
12713,20330,92
12713,20331,16
12713,20332,2
12713,20400,7
12713,20401,20
12713,20402,26
12714,20011,4
12714,20012,64
12714,20013,32.5
12714,20016,3
12714,20017,68
12714,20018,68
12714,20019,35
12714,20020,15
12714,20025,23
12714,20026,30.5
12714,20027,7
12714,20033,6
12714,20035,17
12714,20040,29.5
12714,20041,29
12714,20044,1
12714,20047,4
12714,20052,18
12714,20054,10
12714,20055,25
12714,20056,14.5
12714,20080,1
12714,20081,1
12714,20083,47
12714,20084,59
12714,20085,107
12714,20086,64
12714,20093,42
12714,20094,7
12714,20096,2
12714,20100,328.5
12714,20101,221
12714,20102,218
12714,20103,28.5
12714,20106,46.5
12714,20107,31
12714,20108,33
12714,20109,63.5
12714,20110,25
12714,20123,10
12714,20124,23
12714,20125,38
12714,20127,5
12714,20139,5
12714,20140,10
12714,20141,21
12714,20144,2
12714,20213,15
12714,20214,6
12714,20215,47
12714,20216,17
12714,20217,5
12714,20218,10
12714,20222,10
12714,20223,2
12714,20224,19
12714,20225,65
12714,20227,21
12714,20228,14
12714,20229,5
12714,20230,9
12714,20231,4
12714,20232,2
12714,20243,1
12714,20244,3
12714,20245,2
12714,20288,1
12714,20289,3
12714,20290,19
12714,20291,6
12714,20292,18
12714,20293,5.5
12714,20294,1
12714,20295,111
12714,20296,174.5
12714,20297,503.5
12714,20298,345
12714,20301,41
12714,20302,78
12714,20303,20
12714,20305,2
12714,20402,43
12714,20403,3
12714,20404,4
12715,20011,19
12715,20012,19
12715,20013,10
12715,20017,2
12715,20018,3
12715,20019,20
12715,20020,29
12715,20026,61
12715,20027,13
12715,20033,2
12715,20034,4
12715,20041,1
12715,20046,35
12715,20047,24
12715,20052,38
12715,20054,11
12715,20055,9
12715,20056,25.5
12715,20072,2
12715,20073,5
12715,20074,5
12715,20075,40
12715,20078,2
12715,20083,63
12715,20084,38
12715,20085,137.5
12715,20086,43.5
12715,20094,18.5
12715,20099,196.5
12715,20100,90
12715,20102,1
12715,20106,20
12715,20107,28
12715,20108,5
12715,20109,8
12715,20111,33
12715,20117,1
12715,20124,68
12715,20125,59
12715,20126,63.5
12715,20127,56
12715,20128,48
12715,20129,5
12715,20130,5
12715,20139,4
12715,20140,3
12715,20141,31
12715,20142,10
12715,20216,27.5
12715,20217,64.5
12715,20218,22
12715,20219,4
12715,20220,6
12715,20221,11
12715,20222,14
12715,20223,9
12715,20224,16
12715,20225,11
12715,20226,25
12715,20227,19
12715,20229,6
12715,20233,1
12715,20245,7
12715,20247,5
12715,20283,3
12715,20291,9
12715,20292,14
12715,20293,33
12715,20294,12
12715,20295,10
12715,20296,78
12715,20297,89
12715,20298,314.5
12715,20299,12
12715,20301,10
12715,20302,56
12715,20303,5
12715,20335,3
12715,20336,8
12715,20338,2
12715,20340,11
12715,20403,13
12715,20404,28
12715,20405,3
12716,20012,6
12716,20013,2
12716,20015,3
12716,20016,3
12716,20017,2
12716,20019,2
12716,20024,6
12716,20027,41
12716,20031,4
12716,20037,2
12716,20039,4
12716,20047,2
12716,20048,12
12716,20049,6
12716,20051,40
12716,20052,8
12716,20053,2
12716,20054,15
12716,20073,10
12716,20074,52.5
12716,20075,74
12716,20076,99
12716,20077,2
12716,20082,15
12716,20083,67.5
12716,20084,25
12716,20085,7
12716,20094,138
12716,20095,9
12716,20097,35
12716,20100,318.5
12716,20101,109.5
12716,20102,33
12716,20107,47
12716,20108,33
12716,20110,49
12716,20111,66.5
12716,20112,39
12716,20121,10
12716,20122,2
12716,20124,4
12716,20125,33.5
12716,20126,91
12716,20127,40
12716,20128,76
12716,20129,32
12716,20142,2
12716,20216,5
12716,20217,48.5
12716,20218,73
12716,20219,58
12716,20220,12
12716,20221,14
12716,20222,38
12716,20223,33
12716,20224,27
12716,20225,7
12716,20226,4
12716,20227,2
12716,20228,5
12716,20232,10
12716,20233,9
12716,20243,4
12716,20244,2
12716,20247,4
12716,20249,2
12716,20282,2
12716,20292,2
12716,20293,14
12716,20295,48.5
12716,20296,101.5
12716,20297,13
12716,20298,301
12716,20299,10
12716,20302,6
12716,20304,1
12716,20404,45
12716,20405,10
12717,20015,14
12717,20023,8
12717,20024,65.5
12717,20027,4
12717,20028,2
12717,20031,29.5
12717,20037,2
12717,20045,3
12717,20048,11
12717,20049,32
12717,20050,19
12717,20051,34
12717,20074,46
12717,20075,78
12717,20076,318.5
12717,20077,93
12717,20082,1
12717,20083,2
12717,20094,69
12717,20095,162
12717,20100,3
12717,20102,290
12717,20103,41.5
12717,20108,8
12717,20109,28
12717,20111,2
12717,20112,2
12717,20116,3
12717,20121,20
12717,20122,7
12717,20124,4
12717,20125,41
12717,20126,6
12717,20127,31.5
12717,20128,2
12717,20177,3
12717,20217,29
12717,20218,53
12717,20219,48
12717,20220,36
12717,20221,4
12717,20222,3
12717,20223,5
12717,20224,2
12717,20227,19
12717,20228,1
12717,20229,2
12717,20244,8
12717,20246,1
12717,20250,8
12717,20291,2
12717,20292,31
12717,20293,8
12717,20294,3
12717,20296,82
12717,20297,63.5
12717,20302,18
12717,20353,1
12718,20011,1
12718,20013,1
12718,20014,8
12718,20021,2
12718,20023,30
12718,20024,47.5
12718,20025,5
12718,20031,9
12718,20036,14
12718,20037,7.5
12718,20038,35
12718,20039,7
12718,20042,2
12718,20045,2
12718,20047,4
12718,20049,4
12718,20050,23.5
12718,20051,58
12718,20075,9
12718,20076,42
12718,20077,2
12718,20082,2
12718,20085,5
12718,20087,10
12718,20094,21
12718,20095,76
12718,20096,5
12718,20100,39
12718,20101,1
12718,20102,7
12718,20105,12
12718,20107,7
12718,20109,25
12718,20110,15
12718,20118,2
12718,20123,1
12718,20124,24
12718,20125,15
12718,20127,26
12718,20128,48
12718,20208,4
12718,20218,18
12718,20219,23
12718,20220,5
12718,20221,17
12718,20225,5
12718,20227,4
12718,20228,1
12718,20229,5
12718,20251,1
12718,20292,4
12718,20293,3
12718,20297,6
12718,20298,4
12718,20299,3
12718,20301,30
12718,20302,17
12719,20011,11.5
12719,20012,14
12719,20014,5
12719,20018,5
12719,20020,8
12719,20021,39
12719,20022,9
12719,20023,58
12719,20024,58
12719,20026,6
12719,20028,2
12719,20037,9
12719,20038,8
12719,20039,1
12719,20040,7.5
12719,20041,7
12719,20042,14
12719,20043,5
12719,20044,12
12719,20045,30
12719,20051,14
12719,20057,8
12719,20078,4
12719,20085,280
12719,20086,31
12719,20087,10
12719,20088,158
12719,20089,243
12719,20090,45
12719,20091,4
12719,20092,38
12719,20093,59
12719,20095,40.5
12719,20096,31
12719,20100,152.5
12719,20104,25
12719,20105,100.5
12719,20106,1
12719,20107,32
12719,20108,18
12719,20117,7.5
12719,20118,23
12719,20121,25
12719,20122,37
12719,20123,39
12719,20124,39
12719,20125,10
12719,20127,13
12719,20128,44
12719,20130,6
12719,20221,27.5
12719,20223,2
12719,20224,7
12719,20225,10
12719,20227,2
12719,20234,2
12719,20290,15
12719,20291,17
12719,20293,19
12719,20294,4
12719,20296,7
12719,20297,6
12719,20298,12
12719,20299,3
12719,20405,1
12720,20010,6
12720,20011,23
12720,20012,23
12720,20013,9
12720,20020,14
12720,20021,13
12720,20022,7
12720,20023,4
12720,20025,12
12720,20026,22
12720,20028,4
12720,20032,3
12720,20033,1
12720,20034,1
12720,20036,3.5
12720,20037,1
12720,20045,4
12720,20050,2
12720,20051,3
12720,20053,34
12720,20054,6
12720,20055,5
12720,20056,1
12720,20061,11
12720,20083,4
12720,20084,117
12720,20085,189.5
12720,20086,84
12720,20087,220.5
12720,20088,239.5
12720,20089,89
12720,20090,51.5
12720,20091,133.5
12720,20092,222
12720,20093,258
12720,20094,248.5
12720,20095,6
12720,20099,2
12720,20100,98
12720,20104,3
12720,20105,113
12720,20106,97.5
12720,20107,30
12720,20108,16
12720,20109,59
12720,20110,26
12720,20116,3
12720,20117,19
12720,20118,22.5
12720,20122,4
12720,20123,28.5
12720,20124,38
12720,20125,6
12720,20128,4
12720,20195,2
12720,20205,3
12720,20206,12
12720,20221,11
12720,20223,1
12720,20225,3
12720,20227,2
12720,20290,4
12720,20291,13.5
12720,20293,10
12720,20295,1
12720,20296,18
12720,20297,10
12720,20298,1
12720,20299,5
12720,20304,2
12720,20405,8
12720,20406,17
12721,20012,4
12721,20025,4
12721,20028,34
12721,20032,4
12721,20033,4
12721,20034,25
12721,20035,15
12721,20036,14.5
12721,20044,3
12721,20053,14
12721,20054,38.5
12721,20055,7
12721,20060,2
12721,20061,71
12721,20062,24
12721,20083,2
12721,20085,34
12721,20086,112
12721,20087,119
12721,20088,70
12721,20089,102.5
12721,20090,16
12721,20091,32.5
12721,20092,126
12721,20093,101
12721,20094,110.5
12721,20095,224
12721,20096,9
12721,20100,5
12721,20102,4
12721,20105,173.5
12721,20106,58.5
12721,20107,370
12721,20108,40
12721,20109,101.5
12721,20110,44
12721,20111,3
12721,20117,27
12721,20118,21.5
12721,20122,17
12721,20123,18
12721,20124,20
12721,20125,47
12721,20195,15.5
12721,20196,3
12721,20204,13
12721,20205,4
12721,20207,4
12721,20218,9
12721,20219,8
12721,20222,9
12721,20223,1
12721,20284,2
12721,20289,46
12721,20290,6
12721,20304,2
12721,20405,4
12721,20407,13
12721,20408,4
12722,19990,2
12722,20028,23
12722,20029,26
12722,20033,24.5
12722,20034,16.5
12722,20035,2
12722,20036,5
12722,20041,1
12722,20054,19
12722,20055,11
12722,20062,10
12722,20064,4
12722,20065,15
12722,20066,56
12722,20067,30
12722,20071,18.5
12722,20072,117.5
12722,20073,46
12722,20076,1
12722,20077,13
12722,20079,8
12722,20085,69
12722,20086,93
12722,20087,52
12722,20088,9
12722,20089,42
12722,20092,53
12722,20093,238.5
12722,20094,223
12722,20095,80
12722,20098,35.5
12722,20099,2
12722,20100,3
12722,20101,13
12722,20102,17
12722,20105,65
12722,20106,77.5
12722,20107,69
12722,20108,81
12722,20109,44
12722,20110,90
12722,20111,125.5
12722,20112,21
12722,20116,3
12722,20117,8
12722,20118,10
12722,20119,18
12722,20120,8
12722,20121,46
12722,20124,11
12722,20125,47.5
12722,20128,6
12722,20130,1
12722,20131,27
12722,20196,3
12722,20198,2
12722,20202,7
12722,20203,10
12722,20204,6
12722,20205,36
12722,20206,4
12722,20207,14
12722,20220,11
12722,20222,1
12722,20223,15
12722,20288,3
12722,20289,6
12722,20290,5
12722,20293,25
12722,20294,15
12722,20295,10
12722,20407,1
12722,20408,66
12722,20409,19
12723,19989,19
12723,19990,5
12723,19993,13
12723,20011,1
12723,20012,6
12723,20014,13
12723,20015,27
12723,20033,2
12723,20041,2
12723,20063,27
12723,20065,56.5
12723,20066,117.5
12723,20067,85
12723,20070,23.5
12723,20071,59
12723,20072,194
12723,20073,84.5
12723,20074,4
12723,20076,9.5
12723,20077,9
12723,20078,17
12723,20079,2
12723,20081,3
12723,20084,10
12723,20085,57
12723,20086,128
12723,20087,49.5
12723,20088,3
12723,20089,43
12723,20092,24
12723,20093,94.5
12723,20094,152.5
12723,20095,32
12723,20098,118
12723,20099,102.5
12723,20100,31
12723,20101,58
12723,20102,47
12723,20103,6
12723,20105,3
12723,20106,99.5
12723,20107,141
12723,20108,61
12723,20109,226.5
12723,20110,64
12723,20111,38
12723,20112,10
12723,20113,5
12723,20114,53.5
12723,20120,18
12723,20121,27
12723,20123,7
12723,20124,43
12723,20125,99
12723,20126,23
12723,20127,7
12723,20128,20
12723,20129,10
12723,20130,31
12723,20131,11
12723,20135,5
12723,20196,2
12723,20199,5
12723,20202,1
12723,20203,27
12723,20204,13
12723,20205,19
12723,20206,5
12723,20207,1
12723,20221,6
12723,20222,10
12723,20223,15
12723,20224,5
12723,20292,3
12723,20293,3
12723,20294,1
12723,20295,6
12723,20296,5
12723,20407,4
12723,20408,13
12723,20409,38
12723,20410,7
12724,19989,5
12724,20011,2
12724,20012,11
12724,20013,10
12724,20015,7
12724,20016,7
12724,20029,21
12724,20032,4
12724,20041,7
12724,20063,28
12724,20064,2
12724,20065,131.5
12724,20067,12
12724,20071,2
12724,20072,58
12724,20073,55
12724,20074,52
12724,20075,80.5
12724,20076,41
12724,20077,3
12724,20078,2
12724,20079,69
12724,20080,36
12724,20081,45.5
12724,20082,47
12724,20083,11
12724,20084,97
12724,20085,69
12724,20086,109
12724,20087,68.5
12724,20088,90.5
12724,20089,57
12724,20090,27
12724,20092,11
12724,20093,78.5
12724,20094,51
12724,20095,61
12724,20097,29.5
12724,20098,38
12724,20099,225
12724,20100,19
12724,20101,116.5
12724,20102,76
12724,20103,38
12724,20107,8
12724,20108,23
12724,20109,19
12724,20110,95
12724,20111,52
12724,20112,54
12724,20113,7
12724,20114,2
12724,20120,21.5
12724,20121,20
12724,20122,17.5
12724,20123,6
12724,20124,124
12724,20125,76
12724,20126,100
12724,20127,217.5
12724,20128,23
12724,20129,4
12724,20130,8
12724,20131,5
12724,20132,6.5
12724,20133,2
12724,20134,1
12724,20196,1
12724,20197,4
12724,20199,25.5
12724,20200,7
12724,20201,12
12724,20202,11
12724,20203,51.5
12724,20204,1
12724,20205,12
12724,20206,2
12724,20222,10
12724,20223,21
12724,20290,6
12724,20291,2
12724,20292,60.5
12724,20293,13
12724,20294,6
12724,20408,4
12724,20409,10
12724,20410,3
12725,19989,2
12725,19990,3
12725,19992,36.5
12725,19994,1
12725,20028,9.5
12725,20029,4
12725,20030,6
12725,20032,2
12725,20037,4
12725,20044,1.5
12725,20050,6
12725,20051,9
12725,20052,4
12725,20062,21
12725,20063,47
12725,20064,22
12725,20065,15
12725,20066,144
12725,20067,185.5
12725,20070,7
12725,20071,16
12725,20072,4
12725,20073,2
12725,20074,307
12725,20075,86
12725,20076,8
12725,20079,93.5
12725,20080,70
12725,20081,96
12725,20082,22
12725,20083,10
12725,20084,18
12725,20085,62.5
12725,20086,51
12725,20087,51
12725,20088,34
12725,20089,41.5
12725,20090,36
12725,20091,2
12725,20092,39
12725,20093,158
12725,20094,29
12725,20095,1
12725,20096,8.5
12725,20097,75
12725,20098,78
12725,20099,64
12725,20100,207
12725,20101,3
12725,20111,2
12725,20112,92
12725,20113,19
12725,20120,13
12725,20121,35
12725,20122,23
12725,20123,8
12725,20124,20
12725,20125,23
12725,20126,52
12725,20127,164
12725,20128,115
12725,20129,149.5
12725,20130,13
12725,20131,2
12725,20132,8
12725,20133,1
12725,20198,3
12725,20199,6
12725,20200,4
12725,20201,5
12725,20202,3
12725,20203,25
12725,20204,1
12725,20205,6
12725,20208,3
12725,20222,23
12725,20223,15
12725,20233,1
12725,20290,5
12725,20292,19
12725,20294,9
12725,20300,1.5
12725,20409,9
12725,20410,22
12725,20411,47
12726,19989,6
12726,19990,4
12726,19991,4
12726,19994,14
12726,20017,5
12726,20033,6
12726,20034,6
12726,20035,15
12726,20038,1
12726,20042,7
12726,20044,5.5
12726,20049,3
12726,20050,14
12726,20052,14
12726,20061,74
12726,20062,31
12726,20066,55
12726,20067,79.5
12726,20068,29
12726,20070,46.5
12726,20071,58
12726,20074,8
12726,20079,15
12726,20080,72
12726,20081,64.5
12726,20082,35
12726,20083,7
12726,20084,53
12726,20085,50.5
12726,20086,32.5
12726,20087,28
12726,20088,3
12726,20089,5
12726,20092,32
12726,20093,7
12726,20094,31
12726,20095,60
12726,20097,23
12726,20098,57
12726,20099,9
12726,20101,1
12726,20102,4
12726,20112,31
12726,20113,33
12726,20114,7
12726,20117,1
12726,20122,15
12726,20123,6
12726,20125,3
12726,20126,37.5
12726,20127,66.5
12726,20128,72
12726,20129,21
12726,20130,20
12726,20131,11
12726,20132,11
12726,20133,25
12726,20200,2
12726,20201,1
12726,20202,19
12726,20203,37
12726,20204,8
12726,20205,9
12726,20206,4
12726,20217,4
12726,20222,8
12726,20224,3
12726,20246,5
12726,20291,1
12726,20299,73
12726,20300,39.5
12726,20301,35
12726,20409,1
12726,20410,81.5
12726,20411,39
12726,20412,14
12726,20413,15
12727,19988,2
12727,19989,18
12727,19990,5.5
12727,20014,2
12727,20017,24
12727,20018,34
12727,20024,32
12727,20029,4
12727,20032,3
12727,20033,22.5
12727,20034,28
12727,20035,44.5
12727,20036,27
12727,20037,4
12727,20039,3
12727,20040,9
12727,20049,2
12727,20059,9
12727,20060,14
12727,20061,14
12727,20066,84.5
12727,20067,27
12727,20068,7
12727,20070,13
12727,20071,6
12727,20073,20
12727,20074,2
12727,20080,40
12727,20081,12
12727,20082,10
12727,20083,8
12727,20092,13
12727,20093,41
12727,20094,87
12727,20095,97.5
12727,20096,88
12727,20098,4
12727,20105,4
12727,20108,5
12727,20112,6
12727,20113,24
12727,20114,55
12727,20118,4
12727,20119,7
12727,20120,8
12727,20122,8
12727,20123,25
12727,20124,30
12727,20125,3.5
12727,20126,41
12727,20127,10
12727,20128,7
12727,20131,6
12727,20133,73.5
12727,20134,15
12727,20203,31
12727,20204,7
12727,20205,3
12727,20221,4
12727,20222,9
12727,20223,9.5
12727,20225,10
12727,20231,1
12727,20290,6
12727,20293,2
12727,20295,14
12727,20300,16
12727,20301,15
12727,20411,24
12727,20412,2
12727,20413,8
12728,19990,13
12728,19993,2
12728,19994,2
12728,20013,8
12728,20018,5
12728,20023,7
12728,20024,63.5
12728,20025,20
12728,20028,8
12728,20029,26
12728,20032,52
12728,20033,105.5
12728,20034,32
12728,20035,7
12728,20036,6
12728,20038,2
12728,20039,19
12728,20040,17
12728,20041,12
12728,20042,35
12728,20043,14
12728,20047,3
12728,20057,1
12728,20058,60
12728,20059,57.5
12728,20060,28
12728,20067,2
12728,20068,15
12728,20069,76
12728,20070,48
12728,20071,99
12728,20072,74.5
12728,20073,41
12728,20080,3
12728,20083,4
12728,20085,1
12728,20086,9
12728,20087,4
12728,20088,5
12728,20092,9
12728,20093,44
12728,20094,103.5
12728,20095,26.5
12728,20096,177.5
12728,20097,142
12728,20098,4
12728,20108,41
12728,20109,21
12728,20114,80.5
12728,20115,7
12728,20118,13
12728,20119,20
12728,20120,27
12728,20121,25
12728,20122,7
12728,20123,28
12728,20124,27
12728,20125,40
12728,20133,38.5
12728,20134,10
12728,20178,2
12728,20203,27
12728,20204,3
12728,20206,16
12728,20220,8.5
12728,20221,4
12728,20222,3
12728,20223,9
12728,20224,12
12728,20225,3
12728,20226,6
12728,20229,6
12728,20281,1
12728,20289,21
12728,20290,7
12728,20294,6
12728,20295,24
12728,20296,7
12728,20297,4
12728,20298,8
12728,20300,3
12728,20301,7
12728,20411,3
12728,20412,59.5
12728,20413,14
12729,19987,4
12729,19992,4
12729,20013,6
12729,20014,2
12729,20017,3
12729,20018,18
12729,20022,5
12729,20023,47
12729,20024,10
12729,20025,4
12729,20032,10
12729,20033,9
12729,20039,11
12729,20041,21
12729,20042,19
12729,20043,12
12729,20044,11
12729,20047,17.5
12729,20048,20
12729,20057,47
12729,20058,59
12729,20059,56
12729,20060,4
12729,20067,35
12729,20068,78.5
12729,20069,36
12729,20070,74
12729,20071,2
12729,20072,18
12729,20079,3
12729,20083,15
12729,20093,17
12729,20094,165
12729,20095,67
12729,20096,127
12729,20097,13
12729,20100,13.5
12729,20107,20
12729,20108,49
12729,20109,37
12729,20110,3
12729,20117,3
12729,20118,4
12729,20119,11
12729,20122,9
12729,20123,4
12729,20124,1
12729,20125,24
12729,20128,9
12729,20129,12
12729,20133,3
12729,20134,5
12729,20135,2
12729,20202,7
12729,20204,17
12729,20205,13.5
12729,20220,2
12729,20221,1
12729,20222,10
12729,20224,7
12729,20225,39.5
12729,20226,10
12729,20227,19
12729,20228,5
12729,20229,3
12729,20254,1
12729,20289,14
12729,20290,24
12729,20295,19.5
12729,20297,5
12729,20298,10
12729,20301,1
12729,20412,14
12729,20413,6
12729,20414,4
12730,19996,5
12730,20013,5
12730,20015,4
12730,20018,20
12730,20021,4
12730,20022,45.5
12730,20023,18.5
12730,20031,3
12730,20039,1
12730,20040,9
12730,20041,5
12730,20044,2
12730,20047,32
12730,20048,35.5
12730,20049,4
12730,20057,6
12730,20059,28
12730,20060,29
12730,20068,6
12730,20093,24
12730,20094,78
12730,20095,37
12730,20096,42.5
12730,20097,54
12730,20098,41
12730,20099,2
12730,20107,32
12730,20108,23
12730,20109,28
12730,20110,3
12730,20117,6
12730,20118,3
12730,20119,17
12730,20122,10.5
12730,20124,5
12730,20129,1
12730,20130,7
12730,20132,8
12730,20133,49
12730,20134,1
12730,20135,7
12730,20138,10
12730,20165,2
12730,20202,21
12730,20204,2
12730,20205,2
12730,20226,17
12730,20227,6
12730,20290,5
12730,20295,29
12730,20296,8
12730,20297,13
12730,20298,2
12730,20412,8
12730,20413,69
12730,20414,63.5
12730,20415,17
12730,20416,2
12731,19994,1
12731,19995,24
12731,19996,18
12731,19997,1
12731,20014,26
12731,20015,21
12731,20016,1
12731,20022,5
12731,20027,6
12731,20035,1
12731,20037,4
12731,20047,27.5
12731,20048,4
12731,20059,3
12731,20082,6.5
12731,20083,9
12731,20092,20
12731,20093,24
12731,20094,29
12731,20095,47
12731,20096,12
12731,20097,29
12731,20098,23.5
12731,20099,12
12731,20108,42
12731,20109,44
12731,20110,25
12731,20113,10
12731,20114,3
12731,20117,6
12731,20118,3
12731,20119,8.5
12731,20125,23
12731,20133,81
12731,20136,10
12731,20137,22
12731,20139,7
12731,20165,4
12731,20203,8
12731,20205,6
12731,20226,24
12731,20227,21
12731,20229,1
12731,20296,36
12731,20297,9
12731,20413,6
12731,20414,14.5
12731,20415,1
12732,19994,15
12732,19995,3
12732,19996,1
12732,19997,23
12732,20014,21
12732,20015,27.5
12732,20016,5
12732,20022,1
12732,20023,9
12732,20024,2
12732,20027,5
12732,20041,6
12732,20068,60
12732,20069,209.5
12732,20081,2
12732,20082,7
12732,20083,22
12732,20084,3
12732,20087,6
12732,20091,10
12732,20092,28
12732,20096,1
12732,20097,4
12732,20098,20
12732,20099,21
12732,20100,12.5
12732,20104,4
12732,20105,30
12732,20106,2
12732,20107,36
12732,20108,65.5
12732,20109,40.5
12732,20110,2
12732,20111,6
12732,20113,2
12732,20115,22
12732,20116,6
12732,20117,46.5
12732,20118,4
12732,20125,2
12732,20130,6
12732,20135,3
12732,20136,18
12732,20166,3
12732,20202,10
12732,20204,10
12732,20205,5
12732,20206,17
12732,20207,7
12732,20208,1
12732,20227,28
12732,20228,18
12732,20229,16
12732,20296,6
12732,20297,10
12733,19988,7
12733,19990,5
12733,19991,12
12733,19994,11
12733,19995,8
12733,19996,10
12733,19997,5.5
12733,20015,4
12733,20040,6
12733,20041,1
12733,20053,7
12733,20054,15.5
12733,20065,17
12733,20066,27
12733,20067,52
12733,20068,140.5
12733,20069,277
12733,20070,163.5
12733,20083,4
12733,20084,5
12733,20086,3
12733,20091,6
12733,20092,8
12733,20093,1
12733,20104,24
12733,20105,112.5
12733,20106,71
12733,20107,55
12733,20108,40.5
12733,20109,26
12733,20110,4
12733,20115,70.5
12733,20116,49
12733,20117,36
12733,20118,2
12733,20119,15
12733,20123,3
12733,20124,1
12733,20126,3
12733,20128,4
12733,20129,8
12733,20130,11.5
12733,20165,2
12733,20166,5
12733,20184,2.5
12733,20203,2
12733,20204,14
12733,20205,5
12733,20228,2
12733,20229,20
12733,20230,29
12733,20231,21
12733,20232,10
12733,20240,5
12733,20299,9
12733,20300,49.5
12733,20415,9
12733,20416,4
12734,19989,2
12734,19990,15
12734,19993,2
12734,19994,16
12734,19995,10
12734,19996,4
12734,20029,9
12734,20036,14
12734,20037,2
12734,20040,4
12734,20041,7
12734,20043,4
12734,20051,8
12734,20052,15
12734,20053,95.5
12734,20054,83
12734,20055,10
12734,20065,20
12734,20066,60.5
12734,20067,259.5
12734,20068,191.5
12734,20069,180.5
12734,20070,221.5
12734,20084,12
12734,20092,6
12734,20099,15
12734,20104,9
12734,20105,104
12734,20106,41
12734,20107,40
12734,20108,36
12734,20113,1
12734,20114,12
12734,20115,63.5
12734,20116,54
12734,20117,17
12734,20119,34.5
12734,20120,4
12734,20123,2
12734,20124,2
12734,20125,12
12734,20126,20
12734,20128,1
12734,20131,7
12734,20132,8
12734,20133,3
12734,20140,4
12734,20164,20
12734,20165,7
12734,20166,9
12734,20189,3
12734,20203,7
12734,20230,9.5
12734,20231,17
12734,20232,14
12734,20233,6
12734,20235,4
12734,20298,3
12734,20299,12
12734,20300,15
12734,20415,3
12734,20416,2
12735,19988,25
12735,19989,25
12735,19990,19
12735,19991,27
12735,19992,8
12735,19993,9
12735,19994,10
12735,19995,10
12735,19996,43
12735,20028,6
12735,20029,25.5
12735,20030,13
12735,20036,5
12735,20037,1
12735,20039,7
12735,20040,1
12735,20041,2
12735,20044,1
12735,20047,22.5
12735,20048,8
12735,20052,25
12735,20053,86
12735,20054,33
12735,20055,42
12735,20057,5
12735,20058,5
12735,20060,7
12735,20061,30
12735,20062,17
12735,20063,27
12735,20064,20
12735,20065,49.5
12735,20066,31
12735,20069,5
12735,20070,48
12735,20071,53.5
12735,20084,16
12735,20085,23
12735,20088,6
12735,20089,5
12735,20090,19
12735,20091,4
12735,20097,13
12735,20098,18.5
12735,20099,25
12735,20104,24
12735,20105,24
12735,20106,10
12735,20107,25
12735,20108,22
12735,20109,16
12735,20113,18
12735,20114,9
12735,20115,63
12735,20116,15
12735,20117,123
12735,20119,11
12735,20120,14
12735,20121,5
12735,20122,7
12735,20123,36
12735,20124,2
12735,20131,2
12735,20132,50.5
12735,20133,47
12735,20134,4
12735,20135,4
12735,20141,2
12735,20196,4
12735,20203,4
12735,20231,3
12735,20234,5
12735,20298,3
12735,20299,21
12735,20300,11
12735,20415,1
12735,20416,1
12736,19988,110
12736,19989,85.5
12736,19990,217
12736,19991,55
12736,19992,24
12736,19993,16
12736,19995,12
12736,20023,5.5
12736,20024,3
12736,20027,8
12736,20030,3
12736,20034,1
12736,20035,2
12736,20036,8
12736,20039,2
12736,20040,18
12736,20041,6
12736,20042,8
12736,20047,4
12736,20052,7
12736,20053,28
12736,20056,2
12736,20057,8
12736,20058,21.5
12736,20059,3
12736,20060,47
12736,20061,48
12736,20062,40
12736,20063,31
12736,20065,2
12736,20068,4
12736,20070,137
12736,20071,26.5
12736,20072,8
12736,20073,5
12736,20075,4
12736,20085,12
12736,20086,28
12736,20087,25.5
12736,20088,37
12736,20090,3
12736,20092,1
12736,20093,6
12736,20098,32
12736,20099,5
12736,20100,1
12736,20101,2
12736,20103,1.5
12736,20104,2
12736,20105,30
12736,20106,36
12736,20109,6.5
12736,20110,6
12736,20111,27
12736,20112,22.5
12736,20113,23
12736,20114,43
12736,20115,37
12736,20116,9
12736,20117,25
12736,20118,118.5
12736,20123,24
12736,20126,8
12736,20127,4
12736,20132,18
12736,20137,4
12736,20138,12
12736,20139,3
12736,20141,5
12736,20142,13
12736,20165,5
12736,20166,2
12736,20299,19.5
12736,20300,2
12736,20413,4
12736,20414,7
12736,20415,28
12737,19988,124.5
12737,19989,158.5
12737,19990,41
12737,19991,46
12737,19992,32.5
12737,19993,7
12737,20018,7
12737,20019,6
12737,20022,27.5
12737,20024,5
12737,20027,15
12737,20028,21
12737,20030,12
12737,20034,2
12737,20035,3
12737,20036,3
12737,20042,6
12737,20043,15
12737,20044,8
12737,20045,6
12737,20046,2
12737,20049,4
12737,20050,9.5
12737,20052,9
12737,20053,102
12737,20054,44
12737,20058,2
12737,20059,65
12737,20060,26
12737,20061,4
12737,20062,20
12737,20063,51
12737,20064,22.5
12737,20065,2
12737,20067,15
12737,20069,34
12737,20070,14.5
12737,20071,31
12737,20072,58
12737,20073,40
12737,20074,146
12737,20075,25
12737,20086,10
12737,20087,22
12737,20088,36
12737,20089,1
12737,20097,20.5
12737,20098,12
12737,20100,5
12737,20101,27
12737,20102,8
12737,20104,8
12737,20105,31
12737,20106,40
12737,20109,2
12737,20111,33.5
12737,20112,7
12737,20114,5
12737,20115,2
12737,20116,3
12737,20117,7
12737,20121,11.5
12737,20123,5
12737,20126,20
12737,20127,8
12737,20132,2
12737,20133,10
12737,20134,22.5
12737,20135,8
12737,20141,2
12737,20142,18
12737,20165,15
12737,20299,35.5
12737,20300,8
12737,20301,4
12737,20415,10
12737,20416,9.5
12737,20417,2
12738,19988,31
12738,19990,175
12738,19991,104
12738,19992,96
12738,19993,12
12738,20007,4
12738,20009,3
12738,20010,4
12738,20012,1
12738,20016,2
12738,20018,1
12738,20020,7
12738,20021,3
12738,20022,4
12738,20027,7
12738,20028,37.5
12738,20030,9
12738,20032,2
12738,20033,1
12738,20034,6
12738,20035,28.5
12738,20052,2
12738,20053,41
12738,20057,2
12738,20059,89
12738,20060,36
12738,20061,78.5
12738,20062,24
12738,20063,24
12738,20064,74
12738,20065,5
12738,20067,35
12738,20068,61
12738,20069,32.5
12738,20070,37
12738,20071,14
12738,20072,83
12738,20073,9
12738,20074,25
12738,20075,1
12738,20084,2
12738,20086,5
12738,20087,3
12738,20088,20
12738,20091,25
12738,20097,15
12738,20098,16
12738,20099,39
12738,20102,31
12738,20104,6.5
12738,20105,4
12738,20106,9
12738,20109,20
12738,20111,20
12738,20112,12
12738,20113,14
12738,20114,33
12738,20116,28
12738,20117,1
12738,20121,6
12738,20123,28.5
12738,20124,7
12738,20127,1
12738,20136,5
12738,20137,26
12738,20138,55
12738,20141,4
12738,20160,3
12738,20162,1
12738,20164,36
12738,20165,12
12738,20166,1
12738,20299,19
12738,20300,7
12738,20302,27
12738,20415,2
12738,20416,18
12738,20417,44
12739,19988,15
12739,19990,15
12739,19991,16
12739,19992,96.5
12739,19993,4
12739,19994,13
12739,19995,31.5
12739,20007,6
12739,20008,57
12739,20009,43
12739,20012,4
12739,20013,2
12739,20018,9
12739,20019,1
12739,20020,3
12739,20027,6
12739,20028,5
12739,20029,9
12739,20031,4
12739,20035,14
12739,20057,92
12739,20058,96
12739,20059,15
12739,20060,13
12739,20061,28
12739,20064,11
12739,20065,2
12739,20066,2
12739,20067,32
12739,20068,81
12739,20072,17
12739,20073,40
12739,20074,22
12739,20075,7
12739,20076,9
12739,20086,1
12739,20088,2
12739,20099,33
12739,20100,7
12739,20101,23
12739,20102,28.5
12739,20105,21
12739,20106,23
12739,20108,43
12739,20109,59
12739,20110,14
12739,20112,6
12739,20113,36
12739,20114,38
12739,20115,45
12739,20116,83
12739,20117,40.5
12739,20121,8
12739,20122,16
12739,20123,62
12739,20124,40.5
12739,20125,8
12739,20126,3
12739,20128,5
12739,20136,5
12739,20137,6
12739,20138,3
12739,20139,4
12739,20141,32.5
12739,20143,5
12739,20144,4
12739,20160,3
12739,20164,6.5
12739,20203,2
12739,20299,28
12739,20300,2
12739,20301,10
12739,20302,24.5
12739,20418,2
12740,19989,4
12740,19990,10
12740,19991,5
12740,19992,21
12740,19993,8
12740,19994,1
12740,19995,15
12740,19996,5
12740,20007,4
12740,20008,26
12740,20009,14
12740,20014,3
12740,20015,2
12740,20016,3
12740,20018,2
12740,20036,4
12740,20039,8
12740,20057,18
12740,20058,68.5
12740,20065,1
12740,20067,31
12740,20068,31.5
12740,20073,65
12740,20074,18
12740,20075,46
12740,20077,4
12740,20078,1
12740,20088,10
12740,20089,3
12740,20093,6
12740,20097,5
12740,20099,20
12740,20100,19
12740,20101,31
12740,20102,17
12740,20105,4
12740,20106,6
12740,20109,28
12740,20110,6
12740,20113,15
12740,20114,27.5
12740,20115,33
12740,20116,21
12740,20117,19
12740,20118,18
12740,20123,137.5
12740,20124,41
12740,20125,4
12740,20126,6
12740,20128,19
12740,20129,2
12740,20131,10
12740,20136,2
12740,20137,6
12740,20138,5
12740,20139,7
12740,20140,4
12740,20141,10
12740,20142,27
12740,20143,39.5
12740,20144,4
12740,20159,7
12740,20160,3
12740,20163,16
12740,20164,4
12740,20291,12
12740,20295,9
12740,20296,8
12740,20298,6
12740,20299,37.5
12740,20420,22
12740,20421,36
12741,19989,2
12741,19990,27
12741,19993,2
12741,19995,2
12741,19996,12
12741,19997,2
12741,20001,4
12741,20015,2
12741,20017,23
12741,20018,23
12741,20035,3.5
12741,20036,4
12741,20043,30.5
12741,20044,8
12741,20045,12.5
12741,20046,23
12741,20058,2
12741,20062,7
12741,20066,4
12741,20067,62
12741,20068,38
12741,20072,8
12741,20073,55
12741,20074,64.5
12741,20075,5
12741,20078,1
12741,20089,6
12741,20090,4
12741,20091,2
12741,20093,13
12741,20094,13.5
12741,20095,10
12741,20096,15
12741,20097,32
12741,20098,27
12741,20099,149.5
12741,20100,49
12741,20101,2
12741,20105,8
12741,20109,34
12741,20110,59
12741,20113,12
12741,20114,66.5
12741,20115,56
12741,20116,15
12741,20117,44
12741,20124,35
12741,20125,23
12741,20126,3
12741,20127,4
12741,20128,1
12741,20129,15
12741,20131,2
12741,20132,2
12741,20133,6
12741,20134,6
12741,20141,3
12741,20142,2
12741,20159,3
12741,20162,16
12741,20163,8
12741,20291,11
12741,20293,2
12741,20298,15
12741,20299,29
12741,20421,8
12742,19990,5.5
12742,19993,4.5
12742,19996,2
12742,19997,2
12742,20015,11
12742,20016,13
12742,20017,19
12742,20018,40.5
12742,20028,2
12742,20040,2
12742,20041,2
12742,20042,7
12742,20043,65
12742,20044,50
12742,20045,23.5
12742,20046,5
12742,20061,4
12742,20065,5
12742,20066,1
12742,20067,56.5
12742,20068,12
12742,20072,18
12742,20073,19
12742,20074,13
12742,20089,7
12742,20090,18
12742,20091,26.5
12742,20092,20
12742,20093,56
12742,20094,6
12742,20095,56
12742,20096,65.5
12742,20097,108.5
12742,20098,30
12742,20099,15
12742,20100,25
12742,20101,55
12742,20102,41.5
12742,20104,1
12742,20105,12
12742,20106,37
12742,20107,23.5
12742,20109,35
12742,20110,2
12742,20113,20
12742,20114,109
12742,20115,61
12742,20116,2
12742,20117,4
12742,20118,6
12742,20125,8
12742,20126,5
12742,20127,3
12742,20128,29
12742,20142,2
12742,20143,36
12742,20159,7
12742,20161,7
12742,20162,75.5
12742,20163,16
12742,20197,1
12742,20204,1
12742,20205,25
12742,20290,7
12742,20291,6
12742,20292,13
12742,20293,10
12742,20294,3
12742,20299,9
12743,19989,7
12743,19990,16
12743,19993,1
12743,20002,6
12743,20015,4
12743,20016,16
12743,20017,50.5
12743,20018,74
12743,20039,3
12743,20040,51.5
12743,20041,15
12743,20043,97
12743,20044,14
12743,20045,12
12743,20050,4
12743,20060,2
12743,20066,18.5
12743,20067,30
12743,20068,7
12743,20072,32
12743,20073,19
12743,20075,6
12743,20090,5
12743,20091,49
12743,20092,43
12743,20093,29.5
12743,20095,17
12743,20096,54.5
12743,20097,16
12743,20104,1
12743,20105,66.5
12743,20106,76
12743,20107,1
12743,20109,15
12743,20113,31
12743,20114,60
12743,20115,56.5
12743,20116,28
12743,20117,15
12743,20118,5
12743,20119,3
12743,20123,28
12743,20124,1
12743,20125,2
12743,20126,1
12743,20138,6
12743,20139,4
12743,20142,1
12743,20143,5
12743,20147,2
12743,20161,1
12743,20162,3
12743,20205,6
12743,20243,2
12743,20289,7
12744,19995,4
12744,19996,6
12744,19997,18
12744,19998,26
12744,19999,22
12744,20002,3
12744,20004,3
12744,20017,5
12744,20018,6
12744,20019,5
12744,20026,1
12744,20031,4
12744,20040,10.5
12744,20041,21
12744,20042,3
12744,20043,30
12744,20046,1
12744,20055,5
12744,20058,4
12744,20059,17
12744,20066,40
12744,20067,6
12744,20075,12
12744,20083,5
12744,20090,29
12744,20091,45.5
12744,20092,42
12744,20093,2
12744,20104,17
12744,20105,33
12744,20106,13
12744,20113,8
12744,20114,9
12744,20115,7
12744,20116,29
12744,20117,57
12744,20118,40
12744,20123,1
12744,20125,15
12744,20126,11
12744,20139,1
12744,20143,6.5
12744,20144,10
12744,20148,3
12744,20149,2
12744,20157,9
12744,20205,6
12744,20290,17
12744,20291,17
12744,20294,6
12744,20296,4
12744,20298,6
12744,20325,3
12745,19991,5
12745,19992,4
12745,19993,1
12745,19995,4
12745,19997,13
12745,20012,4
12745,20021,1
12745,20030,14
12745,20031,10
12745,20051,2
12745,20053,16
12745,20054,23
12745,20055,6
12745,20057,6
12745,20082,10.5
12745,20090,2
12745,20091,20
12745,20092,38
12745,20093,13
12745,20094,18
12745,20104,8
12745,20106,5
12745,20113,12
12745,20116,4
12745,20117,8
12745,20118,1
12745,20124,5
12745,20125,2
12745,20139,1
12745,20144,1
12745,20148,38
12745,20149,19
12745,20153,4
12745,20154,10
12745,20157,2
12745,20197,2
12745,20207,3
12745,20289,19
12745,20290,5
12745,20293,16
12745,20294,87.5
12745,20295,14
12745,20298,9
12745,20299,4
12745,20322,3
12745,20323,1
12745,20325,6
12746,19989,12
12746,19990,3
12746,19996,7
12746,19997,17
12746,20019,11.5
12746,20020,2
12746,20025,10
12746,20030,31
12746,20031,24
12746,20052,4
12746,20053,22
12746,20054,28
12746,20055,23
12746,20056,13
12746,20057,2
12746,20066,4
12746,20072,14
12746,20074,18
12746,20080,13
12746,20081,18
12746,20082,1
12746,20098,6
12746,20099,18
12746,20104,11
12746,20105,10
12746,20108,7
12746,20113,4
12746,20114,11
12746,20117,4
12746,20119,3
12746,20123,3
12746,20124,26
12746,20131,1
12746,20132,8
12746,20133,4
12746,20134,1
12746,20136,5
12746,20138,6
12746,20139,1
12746,20141,3
12746,20148,76
12746,20149,71
12746,20150,32.5
12746,20151,13
12746,20152,6.5
12746,20205,4
12746,20206,2
12746,20294,39
12746,20295,33
12746,20296,8
12746,20320,6
12746,20322,39
12746,20323,27
12746,20324,12
12747,19989,31.5
12747,19990,3
12747,19991,1
12747,19995,1
12747,19996,2
12747,19997,4
12747,20020,8
12747,20021,15
12747,20025,11
12747,20030,19.5
12747,20053,11
12747,20055,2
12747,20056,3
12747,20060,19
12747,20061,9
12747,20065,16
12747,20069,19
12747,20070,4
12747,20074,5
12747,20075,5
12747,20080,8
12747,20081,2
12747,20093,18.5
12747,20094,14.5
12747,20096,8
12747,20097,34
12747,20098,12
12747,20099,11
12747,20102,2
12747,20105,33
12747,20107,6
12747,20108,26
12747,20113,6
12747,20114,6
12747,20117,2
12747,20124,18
12747,20125,14
12747,20128,7
12747,20132,21
12747,20133,35.5
12747,20134,17
12747,20137,17
12747,20138,3
12747,20139,6
12747,20140,7
12747,20149,19
12747,20150,38
12747,20155,9
12747,20204,2
12747,20206,5
12747,20207,20
12747,20208,2
12747,20289,7.5
12747,20290,3
12747,20294,51
12747,20295,49
12747,20296,45
12747,20303,1
12747,20316,11
12747,20321,27
12747,20322,52.5
12747,20323,4
12748,19988,3
12748,19989,57
12748,19990,4
12748,19998,9
12748,20020,2
12748,20022,8
12748,20023,18.5
12748,20029,2
12748,20030,61
12748,20047,6
12748,20052,2
12748,20053,12
12748,20054,42
12748,20055,38
12748,20056,9
12748,20061,12
12748,20070,5
12748,20071,1
12748,20076,1.5
12748,20079,8
12748,20080,22
12748,20083,10
12748,20084,17
12748,20092,3
12748,20093,33
12748,20094,6
12748,20097,78
12748,20098,58
12748,20099,8
12748,20104,3
12748,20105,11
12748,20107,24.5
12748,20114,19.5
12748,20115,8
12748,20124,7
12748,20125,1
12748,20126,3
12748,20128,4
12748,20131,1
12748,20133,5
12748,20148,45.5
12748,20149,148.5
12748,20150,49
12748,20151,34.5
12748,20152,14
12748,20153,11
12748,20154,2
12748,20204,18
12748,20205,21
12748,20207,24
12748,20208,43
12748,20252,10
12748,20289,16
12748,20290,2
12748,20291,2
12748,20293,17
12748,20294,49
12748,20295,81.5
12748,20296,228
12748,20297,28
12748,20298,2
12748,20320,1
12748,20321,24
12749,19987,12
12749,19988,21
12749,19989,22
12749,19997,6.5
12749,19998,30
12749,19999,38
12749,20000,1
12749,20004,2
12749,20017,9
12749,20018,5
12749,20019,11
12749,20020,3
12749,20030,2
12749,20042,9
12749,20043,26
12749,20046,4
12749,20047,3.5
12749,20048,2
12749,20050,12
12749,20051,2
12749,20052,13
12749,20053,4
12749,20054,2
12749,20056,22.5
12749,20057,10
12749,20061,28
12749,20071,4
12749,20072,17
12749,20074,1
12749,20075,21
12749,20076,17
12749,20079,3
12749,20083,25
12749,20084,40
12749,20085,20
12749,20095,5
12749,20096,1
12749,20097,24
12749,20098,2
12749,20099,10
12749,20107,4
12749,20114,2
12749,20115,9
12749,20126,9
12749,20127,5
12749,20128,3
12749,20129,1
12749,20131,1
12749,20134,4
12749,20145,5
12749,20146,29
12749,20147,85.5
12749,20148,55
12749,20149,76.5
12749,20150,85
12749,20151,215.5
12749,20152,30
12749,20154,4
12749,20203,1
12749,20204,3
12749,20205,4
12749,20206,5
12749,20207,56
12749,20208,51
12749,20209,9
12749,20210,5
12749,20254,3
12749,20289,6
12749,20290,7
12749,20291,14
12749,20292,1
12749,20293,25
12749,20294,1
12749,20295,7
12749,20296,2
12749,20297,9
12749,20298,3
12749,20410,2
12749,20411,2
12750,19987,17
12750,19988,55
12750,19989,2
12750,19997,2
12750,19998,41.5
12750,19999,1
12750,20003,1
12750,20004,12.5
12750,20008,2
12750,20009,4
12750,20021,5
12750,20028,1
12750,20030,2
12750,20038,4
12750,20042,7
12750,20043,20
12750,20050,18
12750,20053,5
12750,20055,7
12750,20056,20.5
12750,20057,76
12750,20058,5
12750,20059,5
12750,20060,3
12750,20061,12
12750,20071,30
12750,20072,20
12750,20073,3.5
12750,20074,26
12750,20075,38
12750,20080,7
12750,20084,38
12750,20085,23
12750,20086,2
12750,20095,5
12750,20096,11
12750,20097,9
12750,20098,20
12750,20099,3
12750,20121,2
12750,20122,4.5
12750,20131,1
12750,20138,4
12750,20140,3
12750,20141,15
12750,20142,3
12750,20143,12
12750,20144,5
12750,20146,3
12750,20147,100.5
12750,20148,28.5
12750,20149,33
12750,20150,65
12750,20151,19
12750,20152,18
12750,20153,19
12750,20205,2
12750,20206,14
12750,20207,6
12750,20208,71.5
12750,20209,20
12750,20221,1
12750,20263,9
12750,20290,30
12750,20291,6
12750,20293,10
12750,20296,2
12750,20297,6
12750,20298,12
12750,20409,6
12750,20410,1
12750,20411,17.5
12750,20412,5
12751,19987,24.5
12751,19988,50.5
12751,19999,5
12751,20005,6
12751,20014,2
12751,20015,2
12751,20034,3
12751,20035,9
12751,20036,25
12751,20037,2
12751,20043,3
12751,20047,5
12751,20048,50
12751,20049,4
12751,20050,5
12751,20055,19
12751,20056,78
12751,20057,7
12751,20058,3
12751,20059,2
12751,20061,2
12751,20071,17
12751,20072,8
12751,20076,14
12751,20077,48.5
12751,20078,1
12751,20080,22
12751,20082,2
12751,20083,8
12751,20084,2
12751,20085,9
12751,20095,2
12751,20096,1
12751,20097,3
12751,20098,4.5
12751,20102,1
12751,20105,8
12751,20106,72
12751,20107,57
12751,20108,7
12751,20122,3
12751,20123,14
12751,20127,2
12751,20128,5
12751,20138,42.5
12751,20139,52
12751,20140,15
12751,20141,5
12751,20142,5
12751,20143,13
12751,20144,2
12751,20145,11.5
12751,20146,9
12751,20147,4
12751,20148,21
12751,20149,2
12751,20150,8
12751,20151,45
12751,20152,30
12751,20159,2
12751,20205,1
12751,20206,1
12751,20207,9
12751,20208,54
12751,20210,4
12751,20211,1
12751,20212,22.5
12751,20255,5
12751,20257,7
12751,20258,3
12751,20262,34
12751,20263,17
12751,20290,11
12751,20291,8
12751,20292,25.5
12751,20293,10
12751,20296,6.5
12751,20297,15
12751,20409,10
12751,20410,6
12752,19986,2
12752,19987,8
12752,20014,3
12752,20015,7
12752,20022,4
12752,20031,5
12752,20034,10
12752,20035,20
12752,20036,29
12752,20037,2
12752,20044,16
12752,20045,22
12752,20046,2
12752,20047,4
12752,20048,19
12752,20055,12
12752,20056,11
12752,20059,9
12752,20060,17
12752,20061,15
12752,20062,1
12752,20063,7
12752,20070,10
12752,20071,28
12752,20075,19
12752,20076,14
12752,20077,20
12752,20078,6
12752,20079,2
12752,20080,14
12752,20084,9
12752,20085,17
12752,20086,5
12752,20088,11
12752,20098,10
12752,20099,9
12752,20100,25
12752,20102,13
12752,20104,4
12752,20105,79
12752,20106,127.5
12752,20107,100
12752,20124,22
12752,20134,7
12752,20135,4
12752,20140,2
12752,20141,24
12752,20143,7
12752,20144,14.5
12752,20145,34.5
12752,20146,5
12752,20147,9
12752,20158,12
12752,20206,2
12752,20207,28
12752,20208,45
12752,20209,27
12752,20210,5
12752,20211,2
12752,20212,6
12752,20260,1
12752,20261,81.5
12752,20262,83
12752,20263,14
12752,20266,2
12752,20290,42
12752,20291,10
12752,20292,46
12752,20293,2
12752,20294,119.5
12752,20295,123
12752,20296,60
12752,20301,13
12752,20302,6
12752,20306,2
12752,20307,2
12752,20408,4
12752,20409,7
12752,20410,24
12752,20411,9
12752,20412,9
12753,19986,2
12753,19994,1
12753,20008,19
12753,20009,28
12753,20019,9
12753,20022,2
12753,20023,12
12753,20031,12
12753,20032,4
12753,20033,2
12753,20034,23
12753,20035,106.5
12753,20036,48
12753,20037,19.5
12753,20038,5
12753,20039,12
12753,20044,9
12753,20059,2.5
12753,20060,1
12753,20070,4
12753,20071,9
12753,20072,31
12753,20079,6
12753,20080,36
12753,20085,2
12753,20086,10
12753,20087,5
12753,20088,16
12753,20089,4
12753,20098,3
12753,20099,15
12753,20100,57
12753,20101,177
12753,20102,100.5
12753,20103,2
12753,20104,14
12753,20105,63
12753,20106,91
12753,20107,10
12753,20108,2
12753,20114,11.5
12753,20115,3
12753,20116,11
12753,20117,10
12753,20118,6
12753,20120,1
12753,20124,35.5
12753,20125,3
12753,20132,20
12753,20133,2
12753,20134,3
12753,20140,4
12753,20141,10
12753,20143,8
12753,20144,4
12753,20146,2
12753,20147,8
12753,20148,6
12753,20149,5
12753,20150,13
12753,20151,8
12753,20152,4
12753,20154,21
12753,20155,9
12753,20205,6
12753,20208,17
12753,20209,3
12753,20210,9
12753,20260,15
12753,20261,40
12753,20262,36
12753,20263,34
12753,20264,9
12753,20265,2
12753,20267,3
12753,20290,7
12753,20291,11
12753,20292,33.5
12753,20293,27
12753,20294,197
12753,20296,11.5
12753,20301,16
12753,20302,10.5
12753,20303,31
12753,20410,2
12753,20411,10
12753,20412,11
12753,20413,2
12754,20001,5
12754,20002,2
12754,20003,37
12754,20004,6
12754,20008,10.5
12754,20009,26
12754,20017,7
12754,20018,2
12754,20019,9
12754,20030,5
12754,20031,21
12754,20033,2
12754,20034,7
12754,20036,2
12754,20037,58.5
12754,20038,30
12754,20039,17
12754,20045,1
12754,20059,28
12754,20060,2
12754,20066,5
12754,20068,13
12754,20069,20.5
12754,20070,10
12754,20071,37
12754,20072,25
12754,20081,4
12754,20087,44.5
12754,20088,27
12754,20089,2
12754,20098,3
12754,20099,20
12754,20100,120.5
12754,20101,125
12754,20102,18
12754,20104,5
12754,20105,164.5
12754,20106,48.5
12754,20107,18.5
12754,20111,2
12754,20114,25
12754,20115,2
12754,20116,6
12754,20117,3
12754,20118,12
12754,20119,44.5
12754,20120,31
12754,20121,17
12754,20122,2
12754,20123,40.5
12754,20124,76
12754,20125,5.5
12754,20126,13
12754,20128,10
12754,20129,4
12754,20131,3
12754,20136,4
12754,20137,12
12754,20141,10
12754,20142,13
12754,20143,12
12754,20144,3
12754,20146,1
12754,20154,26
12754,20156,6
12754,20162,9
12754,20208,14
12754,20209,4
12754,20260,3
12754,20261,26
12754,20262,11
12754,20263,14
12754,20264,20
12754,20265,7
12754,20266,6
12754,20291,7
12754,20292,45.5
12754,20294,6
12754,20295,11
12754,20296,83
12754,20300,2
12754,20301,16
12754,20310,1
12754,20412,25
12754,20413,37
12754,20414,1
12755,19996,2
12755,19997,5
12755,20001,8
12755,20003,8
12755,20008,6
12755,20010,3
12755,20011,2
12755,20012,15
12755,20016,9
12755,20027,3
12755,20030,13
12755,20031,5.5
12755,20034,5
12755,20045,18
12755,20053,30
12755,20054,31
12755,20055,3
12755,20059,2
12755,20062,2
12755,20066,14.5
12755,20067,17
12755,20068,2
12755,20070,4
12755,20071,19
12755,20072,26
12755,20073,24.5
12755,20088,25
12755,20089,15
12755,20099,36
12755,20100,81
12755,20101,182
12755,20102,19.5
12755,20104,25
12755,20105,26
12755,20106,12
12755,20114,11
12755,20115,29
12755,20116,20
12755,20118,15
12755,20119,1
12755,20121,2
12755,20122,15
12755,20123,78
12755,20124,5
12755,20126,26
12755,20127,126
12755,20128,11
12755,20131,13
12755,20132,2
12755,20134,4
12755,20135,6
12755,20136,1
12755,20137,1
12755,20142,2
12755,20143,4
12755,20145,2
12755,20151,1
12755,20152,4
12755,20158,7
12755,20162,3
12755,20204,4
12755,20206,1
12755,20208,42
12755,20209,8
12755,20210,2
12755,20265,5
12755,20266,3
12755,20292,43
12755,20293,2
12755,20295,31.5
12755,20296,5
12755,20300,5
12755,20301,24
12755,20302,32.5
12755,20304,6
12755,20314,4
12755,20413,8
12755,20414,12.5
12756,19997,5
12756,19998,4
12756,20007,2
12756,20008,2
12756,20010,1
12756,20011,19
12756,20012,49.5
12756,20013,3
12756,20015,1
12756,20016,9
12756,20027,26
12756,20028,8
12756,20032,4
12756,20045,11
12756,20051,34
12756,20052,4
12756,20053,11
12756,20054,11
12756,20055,2
12756,20061,37.5
12756,20062,51
12756,20063,6
12756,20066,3
12756,20067,2
12756,20069,4
12756,20070,9
12756,20071,29
12756,20072,7
12756,20073,28
12756,20081,1
12756,20083,3
12756,20084,6
12756,20088,2
12756,20089,11
12756,20092,4
12756,20098,21
12756,20099,64
12756,20100,139
12756,20101,93
12756,20113,4
12756,20114,18
12756,20115,9
12756,20116,10
12756,20117,7
12756,20118,3
12756,20119,4
12756,20121,2
12756,20122,19
12756,20123,14
12756,20124,13
12756,20127,33
12756,20128,15
12756,20132,16
12756,20133,3
12756,20134,58
12756,20135,11
12756,20136,13
12756,20137,4
12756,20144,8
12756,20145,3
12756,20146,7
12756,20150,4
12756,20158,3
12756,20159,1
12756,20161,1
12756,20162,5
12756,20203,4
12756,20204,1
12756,20208,3
12756,20292,8
12756,20295,68
12756,20301,5
12756,20302,45
12756,20304,21
12756,20414,49
12756,20416,3
12757,19984,4
12757,19985,6
12757,19986,1
12757,19997,2
12757,19998,12
12757,19999,1
12757,20010,8
12757,20011,4
12757,20027,15
12757,20044,1
12757,20045,4
12757,20051,6
12757,20052,4
12757,20053,30
12757,20061,16
12757,20062,14
12757,20063,38
12757,20065,6
12757,20066,4
12757,20069,5
12757,20070,4
12757,20072,32
12757,20078,2
12757,20080,1
12757,20081,10
12757,20082,6
12757,20083,4
12757,20091,3
12757,20092,12
12757,20097,7
12757,20098,2
12757,20099,11
12757,20100,3
12757,20101,68
12757,20113,5
12757,20115,13
12757,20116,6
12757,20117,68
12757,20118,41.5
12757,20119,9
12757,20120,124.5
12757,20121,26
12757,20122,16
12757,20123,34
12757,20124,5
12757,20127,5.5
12757,20134,9
12757,20135,1
12757,20136,15
12757,20137,26.5
12757,20138,28
12757,20143,8
12757,20144,6.5
12757,20145,23
12757,20149,4
12757,20153,1
12757,20158,15
12757,20159,7
12757,20162,25
12757,20163,20
12757,20171,6
12757,20203,3
12757,20207,2
12757,20208,33
12757,20209,4
12757,20267,6
12757,20291,11
12757,20292,3
12757,20293,10
12757,20294,48
12757,20295,82
12757,20299,6
12757,20300,8
12757,20301,13
12757,20302,28
12757,20303,25
12757,20354,5
12757,20415,3
12757,20416,19
12757,20417,2
12758,19985,14
12758,20006,2
12758,20008,4
12758,20010,4
12758,20011,2
12758,20017,3
12758,20018,13
12758,20028,13
12758,20029,5
12758,20032,12.5
12758,20053,38.5
12758,20054,47.5
12758,20055,53.5
12758,20063,24
12758,20064,2
12758,20068,2
12758,20069,4
12758,20070,2
12758,20073,6
12758,20075,6.5
12758,20082,9
12758,20083,2
12758,20084,1
12758,20088,12
12758,20089,4
12758,20092,17
12758,20093,2
12758,20100,5
12758,20110,2
12758,20111,6
12758,20112,19.5
12758,20113,18
12758,20114,2
12758,20116,5
12758,20117,7
12758,20118,36
12758,20119,14
12758,20120,43
12758,20121,158.5
12758,20122,11
12758,20123,59
12758,20135,12
12758,20137,1
12758,20143,2
12758,20144,15
12758,20145,20
12758,20149,2
12758,20158,10
12758,20163,26
12758,20164,18
12758,20165,27.5
12758,20208,16
12758,20209,4
12758,20291,4
12758,20292,13
12758,20293,54
12758,20294,42
12758,20295,11
12758,20299,8
12758,20300,37
12758,20301,48
12758,20302,38
12758,20303,58
12758,20304,7.5
12758,20416,10
12758,20417,7
12759,19984,22.5
12759,19985,10
12759,19986,11.5
12759,19987,26
12759,20006,5
12759,20015,2
12759,20017,3
12759,20018,6
12759,20027,14
12759,20028,48
12759,20029,13.5
12759,20032,16
12759,20033,23
12759,20035,4
12759,20048,1
12759,20053,73
12759,20054,97.5
12759,20055,69
12759,20057,5
12759,20064,1
12759,20073,33
12759,20074,11
12759,20075,15
12759,20076,1
12759,20086,3
12759,20087,7
12759,20088,32
12759,20099,4
12759,20110,4
12759,20111,5
12759,20116,3
12759,20117,5
12759,20118,9.5
12759,20119,10
12759,20120,164.5
12759,20121,3
12759,20122,30
12759,20123,53.5
12759,20124,6
12759,20127,15
12759,20128,32
12759,20149,10
12759,20161,8
12759,20165,5
12759,20170,3
12759,20171,22
12759,20172,4
12759,20193,2
12759,20205,12
12759,20206,4
12759,20207,6
12759,20208,6
12759,20291,3
12759,20292,60
12759,20293,36
12759,20294,38
12759,20299,7
12759,20300,27
12759,20301,42
12759,20302,62.5
12759,20303,1
12759,20304,25
12759,20305,3
12759,20416,2
12759,20417,32
12760,19984,8
12760,19987,22
12760,20000,6
12760,20006,3
12760,20010,32.5
12760,20011,5
12760,20028,2
12760,20032,1
12760,20033,7
12760,20038,2
12760,20039,17.5
12760,20040,16.5
12760,20052,15
12760,20053,68
12760,20054,88
12760,20055,11
12760,20057,6
12760,20073,1
12760,20074,20
12760,20087,4
12760,20088,27
12760,20093,2
12760,20094,11
12760,20095,1
12760,20098,1
12760,20105,7
12760,20113,4
12760,20116,4
12760,20117,3
12760,20118,16
12760,20120,73.5
12760,20121,1
12760,20122,76.5
12760,20123,63.5
12760,20124,25
12760,20125,25
12760,20128,17
12760,20129,12
12760,20149,28
12760,20150,13
12760,20151,19
12760,20162,7
12760,20171,10
12760,20205,18
12760,20206,5
12760,20207,6
12760,20208,7
12760,20209,4
12760,20240,5
12760,20270,6
12760,20291,12
12760,20292,8
12760,20294,65
12760,20299,21
12760,20302,28
12760,20303,2
12760,20417,12
12761,19989,8
12761,20010,1
12761,20019,11
12761,20020,1
12761,20021,2
12761,20032,1
12761,20033,2
12761,20037,53
12761,20044,2
12761,20045,13.5
12761,20046,5
12761,20054,4
12761,20070,1
12761,20079,8
12761,20080,1
12761,20087,4
12761,20098,1
12761,20105,8
12761,20106,8
12761,20107,10
12761,20108,4
12761,20111,6
12761,20112,41
12761,20117,4.5
12761,20118,8
12761,20120,10
12761,20121,39
12761,20122,13
12761,20123,5
12761,20124,8
12761,20125,12
12761,20126,7
12761,20127,20
12761,20128,7
12761,20129,4
12761,20130,9
12761,20138,3
12761,20139,1
12761,20149,4
12761,20150,2
12761,20151,3
12761,20160,4
12761,20166,2
12761,20168,7
12761,20172,11
12761,20173,2
12761,20195,1
12761,20203,5
12761,20204,14
12761,20205,16
12761,20206,37
12761,20208,19
12761,20237,1
12761,20240,2
12761,20242,6
12761,20276,1
12761,20277,32
12761,20291,10
12761,20292,16
12761,20294,7
12761,20299,5
12761,20300,11
12761,20304,7
12762,19990,3
12762,20001,2
12762,20013,3
12762,20019,7
12762,20020,7
12762,20023,1
12762,20024,12
12762,20037,33
12762,20038,5
12762,20040,2
12762,20045,26
12762,20046,32
12762,20047,11
12762,20051,12
12762,20052,37
12762,20053,16
12762,20056,3
12762,20057,2
12762,20058,6
12762,20059,3
12762,20062,1
12762,20063,4
12762,20067,6
12762,20074,1
12762,20079,3
12762,20080,4
12762,20091,5
12762,20097,10
12762,20098,14
12762,20105,6
12762,20106,3
12762,20107,13
12762,20108,22
12762,20112,3
12762,20118,4
12762,20119,5
12762,20120,7
12762,20121,91.5
12762,20123,23.5
12762,20124,11
12762,20125,5
12762,20126,8
12762,20127,7
12762,20128,17.5
12762,20130,28.5
12762,20131,4
12762,20135,7
12762,20138,1
12762,20139,21
12762,20142,6
12762,20152,1
12762,20160,2
12762,20166,16
12762,20167,14
12762,20172,3
12762,20173,42
12762,20174,17
12762,20179,6
12762,20180,2
12762,20205,17
12762,20206,5
12762,20207,2
12762,20208,14
12762,20209,5
12762,20240,1
12762,20242,2
12762,20243,9
12762,20275,2
12762,20276,6
12762,20277,62
12762,20278,14
12762,20292,11
12762,20294,1
12762,20298,20.5
12762,20299,3
12762,20302,6
12762,20303,21
12762,20418,15
12763,20010,4
12763,20019,11
12763,20023,7
12763,20024,9
12763,20036,1
12763,20037,26
12763,20038,27
12763,20044,2
12763,20045,20
12763,20046,18
12763,20047,1
12763,20049,4
12763,20051,13
12763,20052,2
12763,20057,1
12763,20058,11
12763,20059,6
12763,20060,7
12763,20061,31.5
12763,20062,21
12763,20063,3
12763,20067,2
12763,20084,6
12763,20097,15.5
12763,20098,11
12763,20108,14
12763,20111,11
12763,20112,24.5
12763,20113,2
12763,20116,5
12763,20117,18
12763,20118,23.5
12763,20119,3
12763,20120,84
12763,20121,38
12763,20122,18
12763,20123,22
12763,20124,18
12763,20126,3
12763,20127,22
12763,20128,2
12763,20129,6
12763,20130,10
12763,20131,32
12763,20132,9
12763,20133,5
12763,20135,32
12763,20145,5
12763,20146,1
12763,20148,4
12763,20149,3
12763,20150,4
12763,20151,40
12763,20152,19
12763,20153,1
12763,20164,1
12763,20165,7
12763,20166,9
12763,20168,5
12763,20172,1
12763,20173,1
12763,20177,8
12763,20178,16
12763,20179,10
12763,20207,1
12763,20208,33
12763,20244,5
12763,20274,17.5
12763,20275,5
12763,20276,2
12763,20277,2
12763,20278,4
12763,20279,8
12763,20290,2
12763,20302,18
12763,20303,20
12763,20417,3
12763,20418,5
12764,19992,9
12764,19993,27
12764,19994,15
12764,19995,3
12764,19998,2
12764,20007,2
12764,20008,9
12764,20009,6
12764,20010,40.5
12764,20011,3
12764,20023,19
12764,20024,2
12764,20034,2
12764,20036,13
12764,20037,22
12764,20038,2
12764,20044,1
12764,20045,27
12764,20046,35
12764,20047,12
12764,20061,7
12764,20062,4
12764,20068,2
12764,20080,4
12764,20081,2
12764,20082,4
12764,20083,5
12764,20084,8
12764,20095,11.5
12764,20096,22
12764,20098,4
12764,20099,6
12764,20111,2
12764,20113,2
12764,20114,11
12764,20115,28.5
12764,20116,13
12764,20117,21
12764,20118,22
12764,20121,4
12764,20122,5
12764,20123,7
12764,20127,11
12764,20128,6
12764,20130,8
12764,20131,13
12764,20132,5
12764,20133,3
12764,20134,14
12764,20135,4
12764,20140,3
12764,20144,24
12764,20145,40
12764,20146,25
12764,20150,5
12764,20151,24.5
12764,20152,5.5
12764,20167,6
12764,20168,12
12764,20169,11
12764,20176,20.5
12764,20177,19
12764,20178,5
12764,20179,4
12764,20207,3
12764,20208,11
12764,20209,2
12764,20273,2
12764,20274,7
12764,20275,4
12764,20279,10
12764,20302,26
12764,20303,3
12764,20354,12.5
12765,19992,5
12765,19993,56.5
12765,19994,33
12765,19995,2
12765,19996,5
12765,19997,9
12765,19998,8
12765,20008,3
12765,20009,27
12765,20010,25
12765,20023,2
12765,20034,1
12765,20035,2
12765,20036,4
12765,20037,20
12765,20058,10
12765,20067,2
12765,20068,2
12765,20080,1
12765,20082,7.5
12765,20083,8
12765,20087,11
12765,20088,21
12765,20091,13
12765,20092,14
12765,20095,104.5
12765,20096,34
12765,20097,2
12765,20100,8
12765,20102,1
12765,20103,2
12765,20109,3
12765,20110,1
12765,20114,8
12765,20115,25
12765,20116,2
12765,20118,18
12765,20119,3
12765,20131,5
12765,20132,8
12765,20139,4
12765,20140,2
12765,20141,2
12765,20144,9
12765,20145,6
12765,20146,4
12765,20151,1
12765,20152,19
12765,20153,10
12765,20167,6
12765,20168,10
12765,20169,6
12765,20176,28
12765,20177,22
12765,20178,11
12765,20179,30.5
12765,20180,23
12765,20181,43
12765,20182,12
12765,20185,2
12765,20220,3
12765,20282,4
12765,20298,5
12765,20301,5
12765,20302,28
12765,20303,24.5
12765,20350,2
12765,20353,17.5
12765,20354,35
12766,19987,3
12766,19988,6
12766,19993,37.5
12766,19995,10
12766,19997,22
12766,19998,5
12766,19999,2
12766,20009,4
12766,20010,2
12766,20018,17
12766,20019,19
12766,20031,10
12766,20033,6
12766,20034,40
12766,20035,1
12766,20036,48
12766,20037,42.5
12766,20038,1
12766,20056,5
12766,20058,21
12766,20069,2
12766,20078,3
12766,20079,18
12766,20087,17
12766,20089,10
12766,20090,6
12766,20091,29
12766,20092,17
12766,20094,2
12766,20095,41
12766,20096,5
12766,20102,4
12766,20103,8
12766,20104,7
12766,20105,5.5
12766,20107,9
12766,20114,17
12766,20124,5
12766,20125,26
12766,20126,13
12766,20127,18
12766,20128,2
12766,20132,11
12766,20140,8
12766,20141,2
12766,20142,2
12766,20143,2
12766,20147,6
12766,20149,2
12766,20150,7
12766,20152,6
12766,20153,4
12766,20171,3
12766,20172,12.5
12766,20173,15
12766,20174,9
12766,20176,2
12766,20177,2
12766,20178,2
12766,20179,32
12766,20180,45
12766,20181,14
12766,20182,3
12766,20218,2
12766,20221,6
12766,20224,5
12766,20282,4
12766,20289,2
12766,20291,5
12766,20292,9
12766,20293,7
12766,20299,17
12766,20300,3
12766,20301,21
12766,20302,26
12766,20303,28
12766,20353,30
12767,19987,8
12767,19988,28
12767,19989,30
12767,19996,4
12767,19997,7
12767,19998,2
12767,19999,13
12767,20004,5
12767,20006,2
12767,20017,11
12767,20018,42
12767,20019,8
12767,20024,7
12767,20027,17
12767,20028,80.5
12767,20031,27.5
12767,20032,6
12767,20033,11
12767,20037,12
12767,20055,20
12767,20056,22
12767,20057,2
12767,20058,31
12767,20062,11.5
12767,20063,15
12767,20064,10
12767,20065,1
12767,20070,1
12767,20077,4
12767,20078,16.5
12767,20079,12
12767,20080,3
12767,20091,19
12767,20092,4
12767,20094,7
12767,20095,30.5
12767,20096,10.5
12767,20097,49
12767,20098,33
12767,20099,2
12767,20102,2
12767,20103,2
12767,20107,16
12767,20112,3
12767,20124,1
12767,20125,13
12767,20126,20
12767,20127,16
12767,20140,23
12767,20141,4
12767,20144,2
12767,20147,9
12767,20150,5
12767,20151,21
12767,20152,5
12767,20160,9.5
12767,20161,1
12767,20162,1
12767,20163,2
12767,20165,3
12767,20170,15.5
12767,20171,40
12767,20172,11
12767,20173,8
12767,20174,44.5
12767,20175,4
12767,20178,5
12767,20179,24
12767,20180,59.5
12767,20181,29
12767,20219,2
12767,20220,3
12767,20221,1
12767,20223,4
12767,20224,5
12767,20225,2
12767,20243,1.5
12767,20244,4
12767,20245,1
12767,20281,10
12767,20282,40
12767,20283,8
12767,20291,3
12767,20292,42.5
12767,20293,10
12767,20299,17
12767,20300,72
12767,20301,24
12767,20302,19
12767,20303,4
12767,20305,3
12767,20353,10
12767,20354,6
12767,20355,5
12767,20356,2
12767,20420,7.5
12768,19980,1
12768,19988,46.5
12768,19989,26.5
12768,20001,3
12768,20008,4
12768,20009,5
12768,20010,22
12768,20011,7
12768,20012,5
12768,20013,3
12768,20024,3
12768,20025,136.5
12768,20026,88
12768,20027,84
12768,20028,231.5
12768,20029,126
12768,20030,77
12768,20031,24
12768,20032,4
12768,20048,18
12768,20050,8
12768,20053,8
12768,20055,30
12768,20056,2
12768,20057,3
12768,20064,2
12768,20068,7
12768,20069,2
12768,20070,3
12768,20076,1
12768,20077,23.5
12768,20078,11
12768,20094,6.5
12768,20095,45
12768,20096,50
12768,20097,39
12768,20098,6
12768,20099,8
12768,20100,5
12768,20107,14
12768,20108,33
12768,20109,8
12768,20116,5
12768,20131,43
12768,20140,8
12768,20144,7
12768,20145,3
12768,20149,12
12768,20150,3
12768,20151,2
12768,20158,1
12768,20159,3
12768,20160,9
12768,20161,1
12768,20163,3
12768,20165,11
12768,20167,2
12768,20170,4.5
12768,20171,9
12768,20174,5
12768,20175,1
12768,20176,30
12768,20177,22
12768,20178,3.5
12768,20180,6
12768,20181,3
12768,20226,3
12768,20243,2
12768,20244,9
12768,20245,6.5
12768,20279,14
12768,20281,62
12768,20282,29
12768,20292,16
12768,20299,32
12768,20300,58
12768,20301,4
12768,20303,16
12768,20352,25
12768,20353,21
12768,20354,16
12768,20356,9
12768,20357,9
12769,19980,1
12769,19988,40
12769,19989,13
12769,19990,14
12769,19991,28
12769,19995,2
12769,20002,4
12769,20003,1
12769,20004,1
12769,20011,54
12769,20023,13.5
12769,20024,17
12769,20025,19.5
12769,20026,58
12769,20027,30
12769,20028,88
12769,20029,93
12769,20030,43
12769,20031,39
12769,20032,53
12769,20033,13.5
12769,20047,21
12769,20048,37
12769,20049,11
12769,20050,25
12769,20051,2
12769,20052,9
12769,20053,26
12769,20054,30
12769,20059,5
12769,20060,13
12769,20061,6
12769,20069,10
12769,20070,5
12769,20071,20.5
12769,20072,14
12769,20073,78.5
12769,20074,30
12769,20076,2
12769,20080,8
12769,20082,5
12769,20084,18
12769,20086,2
12769,20094,18
12769,20095,46.5
12769,20096,191
12769,20097,18
12769,20098,3
12769,20099,11.5
12769,20106,3
12769,20107,29
12769,20108,8
12769,20109,14
12769,20110,3
12769,20112,9
12769,20116,1
12769,20127,3
12769,20131,28
12769,20134,12
12769,20135,23
12769,20160,3
12769,20165,5
12769,20166,20.5
12769,20167,17.5
12769,20172,9
12769,20173,1
12769,20174,9
12769,20178,9
12769,20205,6
12769,20206,5
12769,20225,1
12769,20226,8
12769,20278,8
12769,20279,37.5
12769,20295,1
12769,20299,4
12769,20300,24.5
12769,20302,10
12769,20303,34
12769,20352,27
12769,20353,13.5
12769,20354,27
12769,20357,1
12770,19987,2
12770,19988,15
12770,19989,60
12770,19990,48
12770,19991,5
12770,19995,14
12770,19997,25
12770,19998,6
12770,20001,1
12770,20004,2
12770,20005,3
12770,20006,4
12770,20022,6
12770,20023,2
12770,20025,6
12770,20026,38
12770,20027,109
12770,20028,9
12770,20029,7
12770,20033,7
12770,20047,14
12770,20048,58
12770,20049,17
12770,20050,7
12770,20052,19
12770,20053,26.5
12770,20059,29
12770,20060,59
12770,20061,12
12770,20065,4
12770,20066,6
12770,20069,7
12770,20070,19
12770,20071,4
12770,20072,1
12770,20074,14
12770,20083,2
12770,20084,47
12770,20085,12
12770,20087,1
12770,20088,2
12770,20089,3
12770,20095,8
12770,20096,23
12770,20097,41
12770,20098,69.5
12770,20099,62
12770,20100,2
12770,20107,6
12770,20120,12
12770,20122,2
12770,20123,3
12770,20124,16.5
12770,20126,14
12770,20127,7
12770,20129,15
12770,20130,3
12770,20135,2
12770,20136,14
12770,20142,4
12770,20149,5
12770,20159,21
12770,20160,4
12770,20164,3
12770,20165,24
12770,20167,14
12770,20170,5
12770,20207,3
12770,20224,1
12770,20266,10
12770,20279,23.5
12770,20301,2
12770,20302,8
12770,20304,1
12770,20352,6
12770,20353,15
12770,20354,29
12770,20355,9
12771,19988,3
12771,19989,52
12771,19990,35
12771,19991,10
12771,19997,9
12771,19998,13
12771,19999,1
12771,20000,12
12771,20001,2
12771,20004,3
12771,20006,2
12771,20007,5
12771,20022,2
12771,20027,19
12771,20028,5
12771,20032,7
12771,20033,40
12771,20034,8
12771,20047,10
12771,20048,55.5
12771,20049,8
12771,20053,1
12771,20059,9
12771,20060,43
12771,20063,1
12771,20066,6
12771,20067,5
12771,20068,7
12771,20069,2
12771,20070,5
12771,20071,5
12771,20072,8
12771,20073,5
12771,20074,15
12771,20083,21
12771,20084,8
12771,20086,2
12771,20087,19
12771,20088,18
12771,20090,8
12771,20092,8
12771,20093,2
12771,20094,50
12771,20095,128.5
12771,20096,44.5
12771,20097,16.5
12771,20098,52
12771,20099,22
12771,20121,2
12771,20122,10
12771,20124,7
12771,20126,8
12771,20127,5
12771,20141,5
12771,20142,28
12771,20147,4
12771,20148,26
12771,20154,1
12771,20155,3
12771,20159,2
12771,20160,14
12771,20161,19.5
12771,20163,3
12771,20165,36.5
12771,20166,4
12771,20167,1
12771,20168,2
12771,20169,1
12771,20170,4
12771,20171,11
12771,20172,3
12771,20185,4
12771,20188,2
12771,20190,14
12771,20206,2
12771,20224,7
12771,20259,8
12771,20265,8
12771,20266,14
12771,20296,4
12771,20300,1
12771,20301,3
12771,20304,6
12771,20325,2
12771,20353,4
12771,20354,11
12771,20355,33
12771,20356,7
12772,19981,17
12772,19982,4
12772,19987,7
12772,19988,5
12772,19989,17
12772,19990,4
12772,19991,9
12772,19998,7
12772,19999,7
12772,20000,2
12772,20008,6
12772,20010,5
12772,20017,2
12772,20026,18
12772,20027,29
12772,20030,3
12772,20031,26.5
12772,20032,14
12772,20033,26.5
12772,20034,26.5
12772,20049,3
12772,20061,8
12772,20062,3
12772,20063,3
12772,20064,1
12772,20067,6
12772,20068,12
12772,20070,5
12772,20074,16
12772,20075,17.5
12772,20086,1
12772,20088,34
12772,20089,9
12772,20090,2
12772,20092,16.5
12772,20093,83
12772,20094,193
12772,20095,4
12772,20096,49.5
12772,20097,164
12772,20098,215
12772,20099,4
12772,20121,3.5
12772,20122,4
12772,20127,3
12772,20128,14
12772,20135,3
12772,20136,8
12772,20137,8
12772,20141,12
12772,20142,27
12772,20144,2
12772,20145,3
12772,20153,1
12772,20160,33
12772,20161,23
12772,20164,2
12772,20168,4.5
12772,20170,10.5
12772,20171,58
12772,20172,58
12772,20173,3
12772,20175,3
12772,20176,3
12772,20183,5
12772,20187,1
12772,20189,2
12772,20191,10
12772,20192,1
12772,20193,4
12772,20194,7
12772,20196,3
12772,20197,3
12772,20207,2
12772,20225,10.5
12772,20226,12
12772,20227,7
12772,20237,3
12772,20240,2
12772,20241,4
12772,20243,31
12772,20249,2
12772,20264,24
12772,20265,1
12772,20276,14
12772,20277,13
12772,20278,4
12772,20286,2
12772,20287,1
12772,20300,10
12772,20303,3
12772,20326,2
12772,20333,5
12772,20354,14
12772,20355,46
12772,20356,44
12772,20358,6
12773,19998,11
12773,19999,8
12773,20003,1
12773,20009,5
12773,20010,13
12773,20011,3
12773,20013,8
12773,20014,3
12773,20021,3
12773,20024,3
12773,20025,7.5
12773,20026,44
12773,20027,13
12773,20030,1
12773,20031,8
12773,20038,2
12773,20041,36
12773,20057,4.5
12773,20058,24
12773,20059,19
12773,20060,48
12773,20061,24
12773,20062,3
12773,20067,4
12773,20068,8
12773,20069,9
12773,20071,8
12773,20072,7
12773,20073,2
12773,20074,11
12773,20075,13
12773,20082,2
12773,20083,7
12773,20088,2
12773,20093,101.5
12773,20094,51
12773,20095,30
12773,20096,102.5
12773,20097,256
12773,20098,236.5
12773,20122,23
12773,20127,4
12773,20135,14
12773,20136,25
12773,20137,16
12773,20138,14
12773,20141,11
12773,20142,38
12773,20143,8
12773,20144,22
12773,20145,20
12773,20146,11
12773,20154,1
12773,20158,3
12773,20168,4
12773,20171,43
12773,20172,46.5
12773,20173,7
12773,20174,5
12773,20183,8
12773,20184,6
12773,20189,2
12773,20193,18
12773,20194,4
12773,20196,29.5
12773,20197,21.5
12773,20206,1
12773,20207,10
12773,20208,1
12773,20225,6
12773,20227,12
12773,20228,20
12773,20230,4
12773,20231,2
12773,20234,4
12773,20235,5
12773,20236,1
12773,20238,6
12773,20239,4
12773,20240,4
12773,20241,14
12773,20242,19.5
12773,20243,39.5
12773,20244,49
12773,20249,4
12773,20253,15
12773,20259,3
12773,20260,2
12773,20261,11
12773,20263,3
12773,20276,4
12773,20278,6.5
12773,20282,1
12773,20296,13
12773,20297,25
12773,20299,12
12773,20300,6
12773,20301,4
12773,20302,14
12773,20303,4
12773,20325,4
12773,20333,1
12773,20348,2
12773,20355,3
12773,20356,2
12773,20358,6
12774,20006,33
12774,20007,9
12774,20008,8
12774,20009,1
12774,20011,11
12774,20012,11
12774,20013,13
12774,20021,7
12774,20023,6
12774,20037,8
12774,20038,20
12774,20039,7
12774,20041,28.5
12774,20042,15
12774,20055,8
12774,20056,43
12774,20057,32
12774,20058,85
12774,20059,50
12774,20060,3
12774,20061,90
12774,20062,27
12774,20068,6
12774,20078,3
12774,20079,6
12774,20080,1
12774,20083,13
12774,20084,9
12774,20096,102
12774,20097,119
12774,20098,110.5
12774,20099,11
12774,20100,14
12774,20101,5
12774,20125,9
12774,20127,1
12774,20128,2
12774,20141,3
12774,20142,1
12774,20144,3
12774,20145,14
12774,20146,21
12774,20150,5
12774,20151,4
12774,20162,7
12774,20164,6
12774,20165,8
12774,20170,26
12774,20171,2
12774,20174,1
12774,20178,5
12774,20180,1
12774,20181,2
12774,20184,16
12774,20185,15
12774,20186,7
12774,20187,9
12774,20188,11
12774,20189,14
12774,20190,23
12774,20191,2
12774,20192,4
12774,20193,4
12774,20194,14
12774,20196,15
12774,20197,55.5
12774,20198,5
12774,20207,1
12774,20225,3
12774,20227,35
12774,20228,61
12774,20229,25
12774,20230,14
12774,20234,2
12774,20236,6
12774,20239,25
12774,20240,50
12774,20241,61
12774,20242,21
12774,20243,6
12774,20244,142
12774,20245,4
12774,20246,15
12774,20247,39
12774,20248,26
12774,20249,11
12774,20251,25
12774,20253,15
12774,20254,12
12774,20259,2
12774,20260,1
12774,20264,2
12774,20265,2
12774,20267,2
12774,20268,16
12774,20269,46.5
12774,20276,1
12774,20277,3
12774,20278,14
12774,20297,10.5
12774,20299,1
12774,20300,11.5
12774,20301,17
12774,20302,16
12774,20303,5
12774,20344,7.5
12774,20348,2
12774,20360,5
12774,20361,2
12774,20362,2
12775,20006,9
12775,20007,6
12775,20008,7
12775,20009,9
12775,20010,3
12775,20011,2
12775,20012,31
12775,20037,9
12775,20038,4
12775,20041,6
12775,20042,17
12775,20054,31
12775,20055,32
12775,20056,15.5
12775,20057,24
12775,20058,19
12775,20059,7
12775,20060,4
12775,20061,2
12775,20062,38.5
12775,20068,1
12775,20069,2
12775,20075,4
12775,20083,11
12775,20095,12
12775,20096,5
12775,20097,5
12775,20099,9
12775,20100,21
12775,20101,8
12775,20102,2
12775,20114,3
12775,20115,2
12775,20116,3
12775,20118,8
12775,20126,4
12775,20127,5
12775,20128,4
12775,20129,7
12775,20137,2
12775,20141,6.5
12775,20145,11
12775,20146,6.5
12775,20151,7
12775,20153,7
12775,20163,8
12775,20164,12
12775,20165,12
12775,20166,18
12775,20169,7
12775,20170,2.5
12775,20174,10
12775,20175,17.5
12775,20177,5
12775,20181,5
12775,20182,7
12775,20184,2
12775,20186,3
12775,20188,38
12775,20189,50.5
12775,20190,33
12775,20191,12
12775,20192,57.5
12775,20193,17.5
12775,20194,44
12775,20195,47
12775,20197,7
12775,20198,16
12775,20225,5
12775,20226,3
12775,20227,20
12775,20228,80
12775,20229,1
12775,20230,4
12775,20235,2
12775,20237,33.5
12775,20238,57.5
12775,20239,66
12775,20240,50
12775,20241,64
12775,20242,13
12775,20243,12
12775,20244,23
12775,20245,22
12775,20246,17.5
12775,20247,19
12775,20249,8
12775,20250,1
12775,20253,2
12775,20260,7
12775,20261,19
12775,20262,25
12775,20263,42
12775,20264,29.5
12775,20265,7
12775,20266,26
12775,20267,32
12775,20268,181.5
12775,20269,117.5
12775,20270,44
12775,20271,74.5
12775,20272,110
12775,20273,140
12775,20274,1
12775,20281,6
12775,20297,11
12775,20299,8
12775,20300,31
12775,20344,15
12775,20347,16
12775,20360,20
12775,20361,15
12775,20362,18
12775,20363,1.5
12776,19984,2
12776,20012,9
12776,20013,2
12776,20015,15
12776,20037,40
12776,20038,33
12776,20039,4
12776,20042,17
12776,20055,6
12776,20057,1
12776,20060,1
12776,20067,8
12776,20068,12
12776,20071,2
12776,20084,2
12776,20085,7
12776,20086,16
12776,20087,2
12776,20095,27
12776,20096,31
12776,20097,15
12776,20109,11
12776,20110,17
12776,20115,17
12776,20116,45.5
12776,20117,5
12776,20118,36
12776,20119,10
12776,20126,8.5
12776,20127,16
12776,20128,42
12776,20129,8
12776,20137,2
12776,20140,11
12776,20141,7
12776,20142,4
12776,20144,3
12776,20145,26
12776,20146,1
12776,20149,4
12776,20150,20
12776,20151,4
12776,20152,10.5
12776,20154,6
12776,20165,4
12776,20166,12
12776,20169,10
12776,20170,9
12776,20172,1
12776,20173,9
12776,20174,20
12776,20175,4
12776,20177,4
12776,20181,23
12776,20182,7
12776,20185,10
12776,20187,3
12776,20188,2
12776,20189,1
12776,20190,33
12776,20191,17
12776,20192,12
12776,20193,17
12776,20194,38
12776,20195,16
12776,20196,2
12776,20198,6
12776,20210,2
12776,20211,4
12776,20214,1
12776,20226,3.5
12776,20227,13
12776,20228,26
12776,20229,6
12776,20240,20
12776,20241,9
12776,20243,68
12776,20244,32
12776,20245,8
12776,20246,4
12776,20247,8
12776,20248,1
12776,20259,3
12776,20260,41
12776,20261,16
12776,20262,24.5
12776,20263,41.5
12776,20264,62
12776,20265,78.5
12776,20266,63.5
12776,20267,157.5
12776,20268,204.5
12776,20269,265
12776,20270,72
12776,20271,201
12776,20272,114.5
12776,20273,18
12776,20274,85
12776,20275,11
12776,20276,2
12776,20277,6
12776,20280,5
12776,20281,57
12776,20297,13
12776,20299,27.5
12776,20300,2
12776,20301,2
12776,20347,5
12776,20349,8
12776,20350,2
12776,20362,3
12776,20364,4
12777,19982,4
12777,20015,4
12777,20016,15.5
12777,20017,14
12777,20018,16
12777,20021,2
12777,20037,11
12777,20038,37
12777,20039,52.5
12777,20040,18
12777,20046,1
12777,20053,3
12777,20056,4
12777,20068,10
12777,20069,5
12777,20070,3
12777,20072,4
12777,20076,14
12777,20077,8
12777,20078,4
12777,20083,4
12777,20084,3
12777,20085,16
12777,20086,40
12777,20087,18
12777,20088,2
12777,20092,2
12777,20094,4
12777,20095,9
12777,20096,8
12777,20097,21
12777,20098,4
12777,20110,15.5
12777,20116,22
12777,20117,5
12777,20118,41
12777,20119,62
12777,20120,31
12777,20129,6
12777,20134,3
12777,20139,2
12777,20140,31
12777,20141,2
12777,20144,7
12777,20145,18
12777,20146,2
12777,20147,4
12777,20148,5
12777,20154,11.5
12777,20166,10
12777,20167,15
12777,20169,1
12777,20170,28
12777,20171,1
12777,20172,3
12777,20175,5
12777,20177,12
12777,20178,15
12777,20179,7
12777,20180,31
12777,20181,10
12777,20184,32
12777,20186,4
12777,20187,11
12777,20188,2
12777,20189,2
12777,20190,2
12777,20191,3
12777,20199,9
12777,20211,2
12777,20214,1
12777,20215,7
12777,20227,29
12777,20228,7
12777,20240,42.5
12777,20241,13
12777,20243,7
12777,20244,15
12777,20245,36
12777,20246,8
12777,20247,18
12777,20248,17
12777,20249,4
12777,20259,44.5
12777,20260,13
12777,20261,33
12777,20262,30
12777,20263,74
12777,20264,51
12777,20265,146.5
12777,20266,121
12777,20267,155
12777,20268,334
12777,20269,85.5
12777,20270,83
12777,20271,73
12777,20272,25
12777,20273,71
12777,20274,104
12777,20275,166
12777,20276,12
12777,20277,6
12777,20279,12
12777,20280,232
12777,20281,171
12777,20282,10
12777,20297,7
12777,20298,4
12777,20299,3
12777,20344,20.5
12777,20350,2
12777,20364,3
12778,19982,3
12778,19983,2
12778,20016,22
12778,20017,14
12778,20018,14
12778,20037,6
12778,20040,1
12778,20066,1
12778,20067,1
12778,20069,1
12778,20070,1
12778,20071,7
12778,20072,4
12778,20073,3
12778,20074,6
12778,20077,2
12778,20079,6
12778,20085,1
12778,20086,4
12778,20089,1
12778,20092,29
12778,20093,4.5
12778,20097,47
12778,20098,19
12778,20110,15
12778,20111,13
12778,20117,10
12778,20118,26
12778,20119,47
12778,20120,4
12778,20123,7
12778,20124,15.5
12778,20125,2
12778,20126,11
12778,20127,9
12778,20129,2
12778,20133,2
12778,20134,2
12778,20147,23
12778,20148,9
12778,20149,25
12778,20150,5
12778,20155,5
12778,20157,11
12778,20158,11
12778,20167,22
12778,20170,6
12778,20171,3
12778,20172,3
12778,20174,1
12778,20175,5
12778,20176,4
12778,20177,13
12778,20178,1
12778,20180,4
12778,20181,23
12778,20182,15
12778,20183,15
12778,20184,25.5
12778,20185,15
12778,20187,4
12778,20188,2
12778,20197,4
12778,20198,24
12778,20199,2
12778,20200,1
12778,20216,2
12778,20236,10
12778,20237,3
12778,20240,1
12778,20241,2
12778,20245,20
12778,20246,17
12778,20247,16
12778,20248,11
12778,20250,1
12778,20256,8
12778,20257,4
12778,20258,13
12778,20259,58
12778,20260,91
12778,20261,63.5
12778,20262,71.5
12778,20263,57
12778,20264,87
12778,20265,42
12778,20266,66
12778,20267,74
12778,20268,119
12778,20269,163
12778,20270,89
12778,20271,44.5
12778,20272,103.5
12778,20273,167
12778,20274,5
12778,20276,12
12778,20277,157
12778,20278,42
12778,20279,98
12778,20280,452
12778,20281,179.5
12778,20282,16
12778,20296,2
12778,20297,4
12778,20300,5
12778,20344,24
12778,20345,2
12778,20350,1
12778,20366,1
12779,20016,4
12779,20017,3
12779,20036,13
12779,20037,3
12779,20045,5
12779,20046,2
12779,20071,5
12779,20083,2
12779,20089,42
12779,20090,5
12779,20091,34
12779,20092,24
12779,20097,36
12779,20098,6
12779,20099,7.5
12779,20102,22
12779,20118,2
12779,20120,8
12779,20121,22
12779,20124,9.5
12779,20125,25
12779,20126,13
12779,20127,5
12779,20128,8
12779,20129,8
12779,20134,2
12779,20136,33.5
12779,20137,14
12779,20138,5
12779,20139,6
12779,20140,2
12779,20141,4.5
12779,20146,2
12779,20147,6
12779,20157,2
12779,20158,14
12779,20159,1
12779,20161,2
12779,20162,11
12779,20163,19
12779,20167,36.5
12779,20168,6
12779,20171,5
12779,20174,5
12779,20175,23
12779,20176,77
12779,20177,70
12779,20178,41
12779,20179,82.5
12779,20180,35
12779,20181,8
12779,20182,41
12779,20183,21
12779,20184,2
12779,20190,4
12779,20196,24
12779,20197,17
12779,20198,70
12779,20199,36.5
12779,20200,14.5
12779,20207,4
12779,20220,1
12779,20221,3
12779,20235,11
12779,20236,19
12779,20237,12
12779,20246,20
12779,20247,2
12779,20248,2
12779,20257,14
12779,20258,94.5
12779,20259,201.5
12779,20260,193.5
12779,20261,60
12779,20262,89
12779,20263,24
12779,20264,82
12779,20265,26
12779,20266,66.5
12779,20267,60
12779,20268,36
12779,20269,127.5
12779,20270,46.5
12779,20271,69
12779,20272,29.5
12779,20273,28
12779,20274,8
12779,20275,20
12779,20276,62
12779,20277,139
12779,20278,466
12779,20279,370.5
12779,20280,147.5
12779,20281,90.5
12779,20283,103
12779,20315,1
12779,20316,1
12779,20336,2
12779,20343,1
12779,20344,59
12779,20345,6
12779,20367,6
12779,20368,22
12780,19989,3
12780,20033,10
12780,20035,19
12780,20036,41.5
12780,20041,4.5
12780,20047,6
12780,20059,5
12780,20064,6
12780,20079,2
12780,20080,3
12780,20088,4
12780,20089,28
12780,20090,12
12780,20091,21
12780,20095,11
12780,20096,3
12780,20097,23
12780,20098,12
12780,20110,5
12780,20112,1
12780,20113,3
12780,20116,8
12780,20117,17
12780,20118,25.5
12780,20121,5
12780,20123,5
12780,20128,11
12780,20129,4
12780,20132,5
12780,20133,4
12780,20134,5
12780,20135,1
12780,20136,2
12780,20137,23
12780,20138,12
12780,20139,49.5
12780,20140,6
12780,20150,14
12780,20151,4
12780,20152,4
12780,20158,6.5
12780,20160,2
12780,20161,32
12780,20164,6
12780,20165,3
12780,20167,6
12780,20168,24
12780,20170,4
12780,20171,4
12780,20172,7
12780,20173,2
12780,20174,73
12780,20175,104
12780,20176,111
12780,20177,90
12780,20178,77.5
12780,20179,6
12780,20182,10
12780,20183,3
12780,20189,6
12780,20192,3
12780,20193,17
12780,20194,11
12780,20195,18
12780,20196,51
12780,20197,2
12780,20198,2.5
12780,20199,72
12780,20200,57
12780,20201,48
12780,20203,11
12780,20204,11
12780,20205,4
12780,20207,2
12780,20209,3
12780,20237,27
12780,20238,18
12780,20239,46
12780,20240,15.5
12780,20246,2
12780,20248,7
12780,20249,7
12780,20254,3.5
12780,20255,33
12780,20256,37
12780,20257,80.5
12780,20258,91
12780,20259,88.5
12780,20260,153
12780,20261,224.5
12780,20262,58.5
12780,20263,75.5
12780,20264,91
12780,20265,114.5
12780,20266,44
12780,20267,109.5
12780,20268,51
12780,20269,44
12780,20270,63
12780,20271,71.5
12780,20272,83
12780,20274,119
12780,20275,60
12780,20276,168.5
12780,20277,158
12780,20278,89
12780,20279,128.5
12780,20280,96.5
12780,20281,64
12780,20282,84.5
12780,20283,55.5
12780,20284,23.5
12780,20315,9.5
12780,20316,10
12780,20317,2
12780,20319,3
12780,20330,3
12780,20336,4
12780,20338,2
12780,20343,9
12780,20344,11
12780,20345,36
12780,20369,5
12780,20370,30
12780,20371,3
12781,19988,4
12781,20006,13
12781,20007,24
12781,20008,10
12781,20012,7
12781,20028,8
12781,20033,2
12781,20035,5
12781,20048,9.5
12781,20063,5
12781,20068,5
12781,20069,11
12781,20077,1
12781,20081,7
12781,20083,10
12781,20084,9
12781,20085,33
12781,20097,13
12781,20111,2
12781,20112,10
12781,20113,13
12781,20116,11
12781,20117,26.5
12781,20118,4
12781,20121,2
12781,20122,58
12781,20123,61
12781,20124,45
12781,20125,9
12781,20126,9.5
12781,20127,2
12781,20128,20
12781,20133,16
12781,20134,15
12781,20135,5
12781,20136,2
12781,20137,17
12781,20138,6
12781,20139,4
12781,20143,5
12781,20144,12.5
12781,20145,2
12781,20150,28
12781,20151,16
12781,20155,7
12781,20163,1
12781,20165,7
12781,20166,3
12781,20167,2
12781,20171,2
12781,20173,50
12781,20174,65
12781,20175,92
12781,20176,124
12781,20177,99
12781,20178,14
12781,20179,3
12781,20180,15
12781,20181,48
12781,20187,3
12781,20188,13
12781,20190,11
12781,20191,11
12781,20192,20.5
12781,20193,25
12781,20194,14
12781,20195,174
12781,20196,65.5
12781,20198,25
12781,20199,70.5
12781,20200,17
12781,20201,146
12781,20202,41.5
12781,20203,29
12781,20204,71
12781,20205,108
12781,20206,76
12781,20208,7
12781,20209,7
12781,20226,1
12781,20227,4
12781,20254,65
12781,20255,72.5
12781,20256,8
12781,20257,15
12781,20259,28
12781,20260,60
12781,20261,188.5
12781,20262,97.5
12781,20263,44
12781,20264,70
12781,20265,31
12781,20266,27.5
12781,20267,49
12781,20268,139.5
12781,20269,57
12781,20270,84
12781,20271,107
12781,20272,51.5
12781,20273,88.5
12781,20274,175.5
12781,20275,235
12781,20276,212.5
12781,20277,189
12781,20278,56.5
12781,20279,359.5
12781,20280,248
12781,20281,82.5
12781,20282,59
12781,20283,66
12781,20284,74
12781,20292,1
12781,20299,2
12781,20334,1
12781,20335,2
12781,20337,2
12781,20345,49.5
12781,20371,5
12782,19987,2
12782,19988,20
12782,19989,17
12782,19990,11
12782,20011,8
12782,20012,35.5
12782,20019,2
12782,20034,6
12782,20045,9
12782,20047,1
12782,20048,15
12782,20055,4
12782,20056,4
12782,20060,3
12782,20062,7
12782,20064,11
12782,20065,17
12782,20069,3
12782,20081,21.5
12782,20082,12
12782,20083,15
12782,20084,82
12782,20085,13
12782,20086,3
12782,20089,27.5
12782,20090,3
12782,20091,1
12782,20097,13
12782,20098,12
12782,20115,2
12782,20116,27
12782,20122,75
12782,20123,6
12782,20124,9
12782,20125,15
12782,20126,9
12782,20127,8
12782,20128,9
12782,20129,2.5
12782,20130,1
12782,20133,1
12782,20136,10
12782,20137,15
12782,20138,8
12782,20139,1
12782,20143,16
12782,20144,11
12782,20145,1
12782,20149,2
12782,20150,12
12782,20152,39
12782,20153,2
12782,20155,2
12782,20160,2
12782,20163,1
12782,20164,11
12782,20165,18
12782,20166,24
12782,20167,49
12782,20168,2
12782,20169,3
12782,20171,1
12782,20173,4
12782,20174,51.5
12782,20175,81.5
12782,20176,65
12782,20177,76.5
12782,20178,46
12782,20179,4
12782,20180,17
12782,20181,24
12782,20186,1
12782,20187,9
12782,20190,8
12782,20191,71.5
12782,20192,17
12782,20193,37
12782,20194,23
12782,20195,53
12782,20196,220
12782,20197,13
12782,20198,59
12782,20199,160.5
12782,20200,286
12782,20201,98.5
12782,20202,60.5
12782,20203,14
12782,20204,79.5
12782,20205,104
12782,20206,26
12782,20207,21
12782,20208,51
12782,20209,45
12782,20226,16
12782,20227,111
12782,20228,66.5
12782,20229,4
12782,20253,10
12782,20254,65
12782,20255,73
12782,20256,31
12782,20257,63
12782,20258,54
12782,20259,65.5
12782,20260,18
12782,20261,100
12782,20262,51.5
12782,20263,35.5
12782,20266,452
12782,20267,355.5
12782,20268,127
12782,20269,6
12782,20270,15
12782,20271,91.5
12782,20272,184
12782,20273,212.5
12782,20274,75.5
12782,20275,181.5
12782,20276,100
12782,20277,185
12782,20278,523
12782,20279,45.5
12782,20280,128
12782,20281,58
12782,20282,51
12782,20283,114.5
12782,20284,29
12782,20293,2
12782,20297,2
12782,20298,11
12782,20321,4
12782,20328,2
12782,20329,1
12782,20330,9
12782,20331,3
12782,20332,7.5
12782,20333,1
12782,20334,4
12782,20345,35
12782,20364,1
12783,19987,46
12783,19988,77
12783,19989,44
12783,19990,19
12783,20010,12
12783,20011,30
12783,20012,9
12783,20017,1
12783,20018,1
12783,20045,49
12783,20046,27.5
12783,20047,2
12783,20048,12
12783,20052,2
12783,20060,2
12783,20065,14
12783,20069,2
12783,20070,6
12783,20071,2
12783,20072,20
12783,20080,2
12783,20081,4
12783,20082,41
12783,20083,62
12783,20084,104
12783,20085,52
12783,20089,34
12783,20090,4
12783,20097,6
12783,20107,6
12783,20114,6
12783,20116,6.5
12783,20117,22
12783,20122,11
12783,20126,1
12783,20127,9
12783,20128,25
12783,20136,2
12783,20137,3
12783,20139,4
12783,20142,2
12783,20144,7
12783,20147,1
12783,20150,9
12783,20152,4
12783,20154,26
12783,20155,12
12783,20158,2
12783,20159,1
12783,20161,3
12783,20165,6
12783,20166,11
12783,20167,12
12783,20170,1
12783,20171,20
12783,20174,32
12783,20175,77.5
12783,20176,54
12783,20177,39
12783,20178,6
12783,20179,31.5
12783,20180,8
12783,20182,2
12783,20183,6
12783,20184,5
12783,20185,2
12783,20186,11
12783,20190,4
12783,20191,21
12783,20192,34
12783,20193,58
12783,20194,7
12783,20195,18
12783,20196,23.5
12783,20197,41
12783,20198,11
12783,20199,60.5
12783,20200,21
12783,20201,246.5
12783,20202,46
12783,20203,107
12783,20204,15.5
12783,20205,2
12783,20207,13
12783,20208,19
12783,20209,48
12783,20210,6.5
12783,20214,5
12783,20222,1
12783,20223,1
12783,20225,18
12783,20226,34
12783,20227,126
12783,20228,70
12783,20229,32
12783,20235,7.5
12783,20236,30
12783,20237,10.5
12783,20238,13
12783,20239,3
12783,20240,9
12783,20241,24.5
12783,20242,10
12783,20243,23.5
12783,20244,55.5
12783,20245,37
12783,20246,39
12783,20247,24
12783,20248,15
12783,20249,47
12783,20250,5
12783,20253,9
12783,20254,14
12783,20255,7
12783,20256,6
12783,20257,26
12783,20258,59
12783,20259,143
12783,20260,75
12783,20261,157
12783,20262,81
12783,20263,72
12783,20264,122
12783,20265,459
12783,20266,132
12783,20267,267
12783,20268,136.5
12783,20269,3
12783,20270,3
12783,20271,19
12783,20272,154.5
12783,20273,230
12783,20274,28
12783,20275,277
12783,20276,152
12783,20277,232.5
12783,20278,349
12783,20279,336
12783,20280,89
12783,20281,44.5
12783,20282,29
12783,20283,27
12783,20284,2
12783,20285,3
12783,20286,2
12783,20289,9
12783,20292,5.5
12783,20293,4
12783,20295,16
12783,20296,21
12783,20297,18
12783,20298,7
12783,20316,2
12783,20326,1
12783,20327,10
12783,20328,15
12783,20329,11
12783,20330,16
12783,20332,12
12783,20343,16
12783,20344,13.5
12783,20345,3
12784,19986,43
12784,19987,37
12784,19988,35
12784,19989,35
12784,19990,9.5
12784,20001,4
12784,20002,4
12784,20006,1.5
12784,20010,10
12784,20012,2
12784,20016,11
12784,20017,27
12784,20018,9
12784,20033,9
12784,20043,9
12784,20046,8
12784,20047,4.5
12784,20048,3
12784,20049,5
12784,20050,9
12784,20051,7
12784,20052,15
12784,20054,1
12784,20055,7
12784,20060,7
12784,20061,6
12784,20062,14
12784,20063,6
12784,20065,4
12784,20070,12
12784,20071,14
12784,20072,15
12784,20073,3
12784,20079,3
12784,20080,1
12784,20082,5
12784,20083,81
12784,20084,25
12784,20085,30
12784,20089,41.5
12784,20090,7
12784,20106,5
12784,20107,17
12784,20118,7
12784,20125,4
12784,20126,9
12784,20128,13
12784,20135,1
12784,20136,4
12784,20143,11
12784,20144,4
12784,20154,2
12784,20155,3
12784,20158,8
12784,20164,1
12784,20168,4
12784,20170,1
12784,20171,5
12784,20175,154
12784,20176,131.5
12784,20177,96.5
12784,20178,100.5
12784,20179,93.5
12784,20180,227
12784,20185,1
12784,20186,20
12784,20189,4
12784,20192,18
12784,20193,80
12784,20194,33
12784,20195,7
12784,20196,183.5
12784,20197,15
12784,20198,2
12784,20199,29
12784,20200,111
12784,20201,94
12784,20202,94
12784,20203,58
12784,20204,1
12784,20205,19
12784,20208,14.5
12784,20209,19
12784,20210,2
12784,20213,3
12784,20214,2
12784,20218,9
12784,20220,3
12784,20221,4
12784,20222,8
12784,20225,8
12784,20226,38
12784,20227,52
12784,20228,47
12784,20229,63.5
12784,20230,15
12784,20234,22.5
12784,20235,13
12784,20236,46
12784,20237,51.5
12784,20238,37
12784,20239,42
12784,20240,108.5
12784,20241,6
12784,20242,64
12784,20243,47
12784,20244,6
12784,20245,5
12784,20246,13.5
12784,20247,62.5
12784,20248,32
12784,20249,8
12784,20250,4
12784,20253,1
12784,20254,11.5
12784,20255,15
12784,20258,6
12784,20260,39
12784,20261,12
12784,20262,3
12784,20265,102
12784,20266,74
12784,20267,152
12784,20268,4
12784,20272,56
12784,20273,275
12784,20274,235.5
12784,20275,290
12784,20276,518
12784,20277,276.5
12784,20278,8
12784,20279,80
12784,20280,25
12784,20281,29
12784,20282,42.5
12784,20283,14
12784,20285,2
12784,20288,4
12784,20289,42
12784,20290,21
12784,20291,36
12784,20292,26
12784,20293,9.5
12784,20294,53
12784,20295,27
12784,20296,3
12784,20313,2
12784,20319,2
12784,20320,4
12784,20321,2
12784,20322,6
12784,20323,3
12784,20324,6
12784,20325,4
12784,20326,1
12784,20327,3
12784,20328,15
12784,20329,16
12784,20331,11
12784,20332,6
12784,20335,3
12784,20341,8
12784,20342,22
12784,20343,32
12784,20344,10
12785,19986,38
12785,19987,45
12785,19988,20
12785,20000,17
12785,20001,54
12785,20002,11
12785,20006,15
12785,20007,11
12785,20017,3
12785,20018,4
12785,20033,10
12785,20049,8
12785,20050,88
12785,20051,59
12785,20052,29
12785,20053,12
12785,20054,12
12785,20060,12
12785,20061,18
12785,20062,3
12785,20063,4
12785,20070,9
12785,20071,8
12785,20072,7
12785,20078,5
12785,20079,33
12785,20085,3
12785,20089,68
12785,20090,4
12785,20094,1
12785,20107,4
12785,20115,10
12785,20116,14
12785,20117,3
12785,20123,9
12785,20124,19
12785,20125,21
12785,20128,30.5
12785,20129,11
12785,20135,9.5
12785,20136,12
12785,20137,1
12785,20142,4
12785,20143,26
12785,20144,9
12785,20147,1
12785,20149,2
12785,20153,2
12785,20156,2
12785,20161,7
12785,20163,8
12785,20168,8
12785,20169,14
12785,20170,35
12785,20172,25
12785,20173,18.5
12785,20175,74
12785,20176,164.5
12785,20177,176.5
12785,20178,248
12785,20180,11
12785,20183,5
12785,20184,5
12785,20186,11
12785,20187,12
12785,20188,13
12785,20189,3
12785,20191,2
12785,20192,32
12785,20193,40
12785,20194,48
12785,20196,41
12785,20197,4
12785,20198,33
12785,20199,15
12785,20200,323
12785,20201,72
12785,20202,66
12785,20203,9
12785,20204,36
12785,20205,33
12785,20206,91
12785,20211,2
12785,20213,1
12785,20214,3
12785,20215,3
12785,20221,2
12785,20227,57.5
12785,20228,59
12785,20229,60
12785,20230,14
12785,20234,33
12785,20235,17
12785,20236,67
12785,20237,105
12785,20238,44
12785,20239,96
12785,20240,63
12785,20241,40
12785,20242,5
12785,20260,67
12785,20265,14
12785,20266,2
12785,20270,27.5
12785,20271,91
12785,20272,150
12785,20273,247
12785,20274,261.5
12785,20275,415.5
12785,20276,457.5
12785,20278,26
12785,20279,261.5
12785,20280,16
12785,20281,280.5
12785,20282,85
12785,20283,2
12785,20284,5
12785,20287,9
12785,20288,11
12785,20289,5
12785,20290,5
12785,20291,15
12785,20292,13
12785,20293,9
12785,20294,11
12785,20303,1
12785,20314,4
12785,20315,2
12785,20316,5
12785,20318,1
12785,20319,7
12785,20323,7
12785,20325,25
12785,20327,1
12785,20328,5
12785,20331,10
12785,20335,3
12785,20337,4
12785,20339,9
12785,20340,11
12785,20341,6
12785,20342,6
12786,19985,2
12786,19986,13
12786,19987,5
12786,19999,17.5
12786,20000,35
12786,20004,13
12786,20005,3
12786,20006,5
12786,20033,5
12786,20043,14
12786,20044,11
12786,20048,1
12786,20049,14
12786,20050,28
12786,20051,121.5
12786,20052,91.5
12786,20054,1
12786,20055,6
12786,20060,1
12786,20061,52
12786,20062,2
12786,20078,30
12786,20079,35.5
12786,20080,41
12786,20081,48
12786,20082,39
12786,20083,7
12786,20089,2
12786,20090,7
12786,20093,4
12786,20115,3
12786,20116,3
12786,20122,11
12786,20123,3
12786,20125,15
12786,20129,2
12786,20138,4
12786,20144,11
12786,20159,2
12786,20160,2
12786,20161,9
12786,20162,3
12786,20163,25
12786,20165,3
12786,20166,2
12786,20169,56
12786,20170,67
12786,20171,2
12786,20172,65.5
12786,20173,383
12786,20174,87
12786,20175,12
12786,20176,191
12786,20177,305
12786,20178,19.5
12786,20179,25
12786,20185,2
12786,20187,48
12786,20188,65.5
12786,20189,46
12786,20194,7
12786,20195,7
12786,20199,1
12786,20200,36
12786,20201,104
12786,20202,50
12786,20203,8
12786,20204,57.5
12786,20205,86
12786,20206,45
12786,20207,4
12786,20212,1
12786,20213,115
12786,20214,20
12786,20215,34
12786,20226,1
12786,20227,34
12786,20228,18
12786,20233,5
12786,20234,16
12786,20235,12.5
12786,20236,60.5
12786,20237,39
12786,20258,5
12786,20259,10
12786,20260,2
12786,20261,1
12786,20262,35
12786,20263,64
12786,20264,34
12786,20265,69
12786,20266,25
12786,20268,8
12786,20269,85
12786,20270,137.5
12786,20271,103
12786,20272,104.5
12786,20273,86
12786,20274,114
12786,20275,459
12786,20276,11
12786,20277,46
12786,20278,59.5
12786,20279,72
12786,20280,104
12786,20281,93.5
12786,20282,12
12786,20284,6
12786,20285,5
12786,20287,7
12786,20289,6
12786,20290,17
12786,20291,23
12786,20292,3
12786,20293,20
12786,20294,7
12786,20311,6
12786,20313,3
12786,20315,3
12786,20319,6
12786,20320,2
12786,20321,3
12786,20323,25
12786,20324,23
12786,20325,23
12786,20334,19
12786,20335,15
12786,20337,11
12786,20338,4
12786,20339,16
12786,20340,7
12786,20341,2
12786,20342,9
12787,19984,6
12787,19985,3
12787,19999,31.5
12787,20000,12
12787,20002,1
12787,20004,10
12787,20010,8
12787,20011,2
12787,20015,3
12787,20019,12
12787,20041,3
12787,20043,46
12787,20048,5
12787,20049,26
12787,20050,6
12787,20051,14
12787,20052,12
12787,20061,3
12787,20062,3
12787,20079,2
12787,20080,3
12787,20081,47.5
12787,20082,52.5
12787,20090,7
12787,20093,11
12787,20111,2
12787,20112,17.5
12787,20113,16.5
12787,20119,10.5
12787,20135,4
12787,20138,5
12787,20140,14
12787,20143,6
12787,20144,1.5
12787,20149,10
12787,20151,2
12787,20154,5
12787,20159,2
12787,20161,1
12787,20163,44
12787,20164,4
12787,20165,6
12787,20166,35.5
12787,20167,13
12787,20169,35.5
12787,20170,90.5
12787,20171,67.5
12787,20172,33
12787,20173,69.5
12787,20174,126.5
12787,20175,351
12787,20176,165
12787,20177,397
12787,20178,52.5
12787,20179,66
12787,20180,22
12787,20181,16
12787,20182,2
12787,20185,17
12787,20186,55
12787,20187,55
12787,20188,54
12787,20189,8
12787,20193,14
12787,20194,72.5
12787,20195,14
12787,20199,2
12787,20200,99
12787,20201,75.5
12787,20202,25
12787,20203,20.5
12787,20204,107.5
12787,20205,54
12787,20206,51
12787,20207,54
12787,20208,3
12787,20209,48.5
12787,20210,8
12787,20211,11
12787,20212,4
12787,20213,138.5
12787,20214,212
12787,20215,5
12787,20219,3
12787,20225,10
12787,20239,2
12787,20243,16
12787,20244,1
12787,20247,2
12787,20248,34
12787,20261,536.5
12787,20262,39
12787,20263,37
12787,20264,2
12787,20267,1
12787,20268,5
12787,20269,105
12787,20270,126.5
12787,20271,223
12787,20272,63.5
12787,20273,2
12787,20274,6
12787,20275,68.5
12787,20277,116
12787,20278,83.5
12787,20279,49
12787,20280,33
12787,20281,1
12787,20283,9
12787,20286,5
12787,20287,2
12787,20289,13
12787,20290,14.5
12787,20291,9
12787,20292,6
12787,20293,13
12787,20294,5
12787,20316,13
12787,20317,6
12787,20319,8
12787,20321,5
12787,20322,31
12787,20323,4
12787,20324,108.5
12787,20326,2
12787,20334,8
12787,20335,12.5
12787,20336,5
12787,20337,33
12787,20338,35
12787,20339,26
12787,20340,26
12787,20341,5
12787,20342,2
12788,19998,12
12788,19999,76
12788,20000,19
12788,20006,3
12788,20009,8
12788,20017,3
12788,20018,12
12788,20019,20
12788,20041,12
12788,20042,6
12788,20043,8
12788,20045,5
12788,20050,2
12788,20052,2
12788,20062,2
12788,20084,22.5
12788,20085,15
12788,20086,14
12788,20087,29.5
12788,20088,3
12788,20090,38
12788,20093,1
12788,20108,12.5
12788,20109,10
12788,20111,20.5
12788,20112,16
12788,20119,7
12788,20122,4
12788,20123,2
12788,20138,11
12788,20139,6
12788,20143,3
12788,20150,10
12788,20151,4
12788,20163,20
12788,20164,43
12788,20165,20
12788,20166,36
12788,20167,2
12788,20169,36
12788,20170,33
12788,20171,45
12788,20172,59
12788,20173,23
12788,20174,527.5
12788,20175,237
12788,20176,274.5
12788,20177,78.5
12788,20178,85.5
12788,20179,12
12788,20180,71.5
12788,20181,64
12788,20182,79
12788,20183,9
12788,20184,7
12788,20185,17
12788,20186,60.5
12788,20187,91
12788,20188,28
12788,20189,19.5
12788,20190,36
12788,20193,22
12788,20194,80
12788,20199,29
12788,20200,111
12788,20201,22
12788,20205,19
12788,20206,34.5
12788,20207,78
12788,20208,60
12788,20209,77
12788,20210,67.5
12788,20213,79.5
12788,20214,27
12788,20215,4.5
12788,20222,3
12788,20236,2
12788,20237,2
12788,20243,29
12788,20248,73
12788,20249,78.5
12788,20250,5
12788,20258,6
12788,20259,3
12788,20260,5
12788,20261,7
12788,20262,32.5
12788,20263,33
12788,20264,20
12788,20265,22.5
12788,20266,17
12788,20267,1
12788,20268,57
12788,20269,71.5
12788,20270,25
12788,20271,58
12788,20273,92
12788,20274,16
12788,20275,5
12788,20277,1
12788,20278,71
12788,20279,58
12788,20280,16.5
12788,20282,6
12788,20283,6
12788,20285,13
12788,20286,12
12788,20287,16.5
12788,20288,19
12788,20289,2
12788,20292,5
12788,20293,21
12788,20315,1
12788,20316,12
12788,20317,5
12788,20318,14
12788,20319,11
12788,20320,21
12788,20321,25
12788,20322,15
12788,20323,3
12788,20333,1
12788,20334,6
12788,20335,25
12788,20336,15
12788,20337,56
12788,20338,152
12788,20339,96
12788,20340,42
12788,20341,22.5
12789,19999,25
12789,20005,1
12789,20007,8
12789,20013,4
12789,20017,6
12789,20018,2
12789,20019,5
12789,20042,27.5
12789,20045,40
12789,20046,3
12789,20051,4
12789,20052,11
12789,20072,31
12789,20074,17
12789,20084,62.5
12789,20085,64.5
12789,20086,26.5
12789,20087,9
12789,20090,2
12789,20091,9
12789,20109,5
12789,20110,26
12789,20111,102
12789,20112,72
12789,20119,5
12789,20122,43
12789,20123,10
12789,20124,4
12789,20136,2
12789,20138,1
12789,20139,6
12789,20147,2
12789,20151,7.5
12789,20154,1
12789,20158,2
12789,20162,9
12789,20163,7
12789,20164,49.5
12789,20165,20
12789,20166,8
12789,20167,6
12789,20168,10
12789,20169,27
12789,20170,45
12789,20171,14
12789,20172,34.5
12789,20173,203
12789,20174,364.5
12789,20175,393
12789,20176,329.5
12789,20177,42
12789,20178,44
12789,20179,82
12789,20181,16
12789,20182,22
12789,20183,48.5
12789,20184,33
12789,20185,30
12789,20186,57.5
12789,20187,43.5
12789,20188,4
12789,20189,86.5
12789,20190,13
12789,20191,8
12789,20194,34.5
12789,20195,33
12789,20203,1
12789,20204,2
12789,20206,8
12789,20207,48.5
12789,20208,50.5
12789,20209,32.5
12789,20210,165.5
12789,20211,90
12789,20212,63.5
12789,20213,338
12789,20214,175
12789,20215,61
12789,20230,5
12789,20232,2
12789,20235,4
12789,20236,2
12789,20237,24
12789,20238,4
12789,20243,15
12789,20248,18.5
12789,20249,41
12789,20250,43
12789,20251,32.5
12789,20252,2
12789,20256,18
12789,20257,25
12789,20258,21
12789,20259,14
12789,20260,13
12789,20261,38
12789,20262,277
12789,20263,10
12789,20264,11
12789,20265,6
12789,20266,122
12789,20267,193
12789,20268,87.5
12789,20269,26
12789,20270,175
12789,20271,12
12789,20272,25
12789,20273,75
12789,20274,101.5
12789,20275,13
12789,20277,55
12789,20278,45.5
12789,20279,38
12789,20280,4
12789,20281,15
12789,20282,8
12789,20283,19
12789,20285,2
12789,20292,7
12789,20293,3
12789,20312,1
12789,20313,2
12789,20315,3
12789,20316,12
12789,20317,11
12789,20318,22.5
12789,20319,15
12789,20320,9
12789,20321,3
12789,20322,14
12789,20333,5
12789,20334,20
12789,20335,27
12789,20336,22
12789,20337,103
12789,20338,45
12789,20339,19
12789,20340,21
12789,20341,26
12790,20007,2
12790,20018,5
12790,20019,2
12790,20042,1
12790,20044,9
12790,20045,39
12790,20052,69
12790,20055,1
12790,20057,4
12790,20058,10
12790,20073,2
12790,20074,22
12790,20075,79.5
12790,20076,12
12790,20084,18
12790,20090,30
12790,20091,26.5
12790,20110,10
12790,20111,36.5
12790,20112,10
12790,20113,10
12790,20122,22
12790,20124,6
12790,20125,1
12790,20142,2
12790,20143,2
12790,20144,2
12790,20146,3
12790,20147,14
12790,20148,2
12790,20151,1
12790,20154,5
12790,20155,21
12790,20156,1
12790,20157,5
12790,20163,10
12790,20164,11
12790,20165,9
12790,20167,59
12790,20169,11
12790,20170,37
12790,20171,16.5
12790,20172,438
12790,20173,56
12790,20174,205
12790,20175,22
12790,20176,63
12790,20177,36
12790,20178,6
12790,20179,7
12790,20181,7
12790,20182,41
12790,20183,120.5
12790,20184,80.5
12790,20185,18
12790,20186,10.5
12790,20187,7
12790,20188,2
12790,20190,1
12790,20191,6
12790,20194,156.5
12790,20195,16
12790,20202,7
12790,20205,38
12790,20206,15
12790,20207,61.5
12790,20208,50
12790,20209,64
12790,20210,92
12790,20211,262
12790,20212,61
12790,20213,67.5
12790,20214,419
12790,20215,60
12790,20216,151
12790,20217,98
12790,20218,88.5
12790,20219,110.5
12790,20220,8
12790,20221,6
12790,20223,9
12790,20224,27
12790,20225,24
12790,20226,7
12790,20227,36
12790,20228,59
12790,20229,30
12790,20230,11
12790,20233,3
12790,20234,8
12790,20235,21
12790,20236,18
12790,20237,60
12790,20238,28
12790,20239,5
12790,20240,4
12790,20241,20
12790,20242,2
12790,20246,1
12790,20248,1
12790,20249,71
12790,20250,72
12790,20251,75
12790,20252,22
12790,20255,7
12790,20256,3
12790,20257,9
12790,20258,9
12790,20259,95.5
12790,20260,240.5
12790,20261,93.5
12790,20262,50
12790,20263,154
12790,20264,344
12790,20265,74.5
12790,20266,112.5
12790,20267,159
12790,20268,70
12790,20269,57
12790,20270,124.5
12790,20271,92.5
12790,20272,11
12790,20273,16
12790,20274,31
12790,20275,27
12790,20276,5
12790,20278,11
12790,20281,4
12790,20282,13
12790,20283,30
12790,20284,2
12790,20286,3
12790,20289,19
12790,20290,4
12790,20309,3
12790,20311,3
12790,20312,7.5
12790,20317,23
12790,20318,41
12790,20319,17
12790,20330,20
12790,20331,4
12790,20332,5.5
12790,20333,12
12790,20334,16
12790,20335,29
12790,20336,42
12790,20337,7
12790,20338,5
12790,20339,9
12790,20340,30
12790,20341,3
12791,19987,1
12791,19990,5
12791,19991,4
12791,20005,5
12791,20008,2
12791,20018,7
12791,20045,4
12791,20052,31
12791,20053,4
12791,20055,22
12791,20063,5
12791,20067,3
12791,20071,5.5
12791,20072,30
12791,20073,2
12791,20075,29
12791,20076,57
12791,20077,4
12791,20090,19
12791,20091,79.5
12791,20108,3
12791,20109,1
12791,20110,9
12791,20111,10
12791,20112,18
12791,20122,9
12791,20124,24
12791,20125,30.5
12791,20133,2
12791,20140,4
12791,20143,14
12791,20144,2
12791,20148,12
12791,20149,4
12791,20151,17
12791,20152,8
12791,20155,5
12791,20156,9
12791,20163,2
12791,20166,4
12791,20167,63
12791,20168,19
12791,20170,11
12791,20171,18
12791,20173,16.5
12791,20176,6
12791,20177,18
12791,20179,30
12791,20180,3
12791,20181,6
12791,20182,12
12791,20183,21
12791,20184,68.5
12791,20187,8
12791,20191,2
12791,20194,37.5
12791,20195,46
12791,20196,23
12791,20198,1
12791,20203,3
12791,20204,44
12791,20205,25
12791,20206,8
12791,20207,14
12791,20208,70.5
12791,20209,36.5
12791,20210,131
12791,20211,222.5
12791,20212,266
12791,20213,38.5
12791,20214,234
12791,20215,295
12791,20216,222.5
12791,20217,339
12791,20218,208.5
12791,20219,357.5
12791,20220,8
12791,20221,8
12791,20222,11
12791,20223,16
12791,20224,8
12791,20227,41.5
12791,20228,11
12791,20229,4
12791,20230,31
12791,20231,1
12791,20233,1
12791,20234,6
12791,20235,14
12791,20236,7
12791,20240,12
12791,20241,38.5
12791,20242,14
12791,20243,12
12791,20244,9
12791,20245,3
12791,20246,25
12791,20249,3
12791,20250,23
12791,20251,26
12791,20252,62
12791,20253,5
12791,20254,23
12791,20255,14
12791,20257,14.5
12791,20258,17
12791,20260,27
12791,20261,59
12791,20262,28
12791,20263,150.5
12791,20264,78.5
12791,20265,133.5
12791,20266,59
12791,20267,97
12791,20268,87.5
12791,20269,33
12791,20270,18
12791,20271,43
12791,20272,33
12791,20273,4
12791,20274,4
12791,20275,8
12791,20276,6
12791,20277,4
12791,20279,13
12791,20280,3.5
12791,20282,13
12791,20283,30
12791,20284,4
12791,20285,7
12791,20289,21
12791,20290,2
12791,20291,13
12791,20292,1
12791,20302,2
12791,20307,2
12791,20309,5
12791,20310,2
12791,20311,14
12791,20312,23
12791,20313,13
12791,20314,10
12791,20315,16
12791,20316,37
12791,20317,3
12791,20319,36
12791,20326,1
12791,20327,5
12791,20328,6
12791,20329,2
12791,20332,14
12791,20333,10.5
12791,20334,15
12791,20335,21
12791,20336,10
12791,20337,6
12791,20338,2
12791,20339,6
12791,20342,3
12792,19987,8
12792,19988,9
12792,19991,4
12792,20003,40
12792,20013,8
12792,20014,8
12792,20017,34
12792,20018,3
12792,20041,7
12792,20053,2
12792,20055,25.5
12792,20057,10
12792,20058,2
12792,20067,1
12792,20068,2
12792,20069,2
12792,20071,1
12792,20072,39.5
12792,20073,7.5
12792,20075,39
12792,20076,50
12792,20077,13
12792,20082,10
12792,20083,1
12792,20091,3
12792,20109,11
12792,20112,25
12792,20113,12
12792,20124,16
12792,20125,30.5
12792,20134,3
12792,20135,8
12792,20137,9
12792,20140,2
12792,20143,8
12792,20151,8
12792,20152,18
12792,20153,1
12792,20163,6
12792,20167,39
12792,20168,33.5
12792,20170,14.5
12792,20172,16.5
12792,20173,10
12792,20174,7
12792,20175,3
12792,20176,38
12792,20177,5
12792,20178,30
12792,20179,45.5
12792,20180,20.5
12792,20182,26
12792,20183,25
12792,20184,51.5
12792,20185,15
12792,20187,24
12792,20188,9
12792,20194,36
12792,20195,52.5
12792,20196,35
12792,20197,27
12792,20209,7
12792,20210,113
12792,20211,235.5
12792,20212,275
12792,20213,134
12792,20214,219
12792,20215,101
12792,20216,23.5
12792,20217,20
12792,20218,115.5
12792,20219,2
12792,20220,151.5
12792,20221,27.5
12792,20222,31
12792,20223,12
12792,20227,18
12792,20228,12
12792,20229,15
12792,20230,50
12792,20231,45.5
12792,20232,19
12792,20233,3
12792,20234,3
12792,20235,2
12792,20236,5
12792,20237,4
12792,20240,4
12792,20241,15
12792,20242,1
12792,20244,38
12792,20245,15
12792,20246,25
12792,20250,31
12792,20251,68.5
12792,20252,72
12792,20253,97.5
12792,20254,14
12792,20255,7
12792,20256,15
12792,20261,8
12792,20262,33
12792,20263,57
12792,20264,157
12792,20265,38
12792,20266,145.5
12792,20267,68
12792,20268,13
12792,20269,4
12792,20270,21
12792,20271,3
12792,20273,8
12792,20274,1
12792,20275,8
12792,20276,30.5
12792,20277,7
12792,20278,2
12792,20279,14
12792,20280,26
12792,20281,1
12792,20282,31.5
12792,20283,5
12792,20284,13
12792,20285,33
12792,20289,15
12792,20290,2
12792,20294,1
12792,20295,3
12792,20297,15
12792,20306,2
12792,20307,11
12792,20308,7
12792,20313,8
12792,20314,2
12792,20315,66
12792,20318,1
12792,20320,15.5
12792,20321,3
12792,20323,2
12792,20325,14
12792,20326,4
12792,20327,1
12792,20328,5
12792,20329,6
12792,20330,9
12792,20332,2
12792,20333,4
12792,20334,11
12792,20335,3
12792,20336,5
12792,20337,2
12792,20338,6
12792,20339,7
12792,20342,12
12793,19985,7
12793,19986,5
12793,19989,1
12793,20005,4
12793,20006,1
12793,20011,14
12793,20012,28
12793,20013,44
12793,20014,46
12793,20015,34
12793,20016,34
12793,20017,21
12793,20018,2
12793,20038,3
12793,20039,7
12793,20041,13
12793,20042,7
12793,20055,10
12793,20056,25
12793,20059,2
12793,20068,17
12793,20071,14
12793,20072,15
12793,20074,17
12793,20075,19
12793,20078,14
12793,20079,20
12793,20080,2
12793,20082,19
12793,20083,70
12793,20084,5
12793,20085,19
12793,20112,2
12793,20113,1
12793,20120,16
12793,20125,13
12793,20126,11
12793,20133,1
12793,20134,4
12793,20138,2
12793,20139,4
12793,20140,23
12793,20147,1
12793,20148,2
12793,20150,1
12793,20166,7
12793,20167,39.5
12793,20168,21
12793,20170,4
12793,20171,3
12793,20172,8
12793,20173,3
12793,20174,3
12793,20175,57
12793,20176,44.5
12793,20177,32
12793,20178,8
12793,20179,4
12793,20180,13
12793,20181,7
12793,20182,76
12793,20183,19
12793,20184,3
12793,20187,5
12793,20188,91
12793,20192,4
12793,20193,27
12793,20194,37
12793,20195,10
12793,20196,4
12793,20197,5
12793,20209,5
12793,20210,163.5
12793,20211,36
12793,20212,130.5
12793,20213,133
12793,20214,87
12793,20215,100
12793,20216,166
12793,20217,2
12793,20218,19
12793,20219,18
12793,20220,6
12793,20221,19
12793,20222,33
12793,20223,120
12793,20224,59
12793,20225,10
12793,20226,29
12793,20227,34.5
12793,20228,39
12793,20229,23
12793,20230,40
12793,20231,2
12793,20232,3
12793,20233,5
12793,20234,8
12793,20235,10.5
12793,20239,4
12793,20240,26
12793,20241,8
12793,20242,10
12793,20243,2
12793,20246,35
12793,20247,27
12793,20248,62
12793,20250,2
12793,20251,39
12793,20252,63.5
12793,20253,110.5
12793,20254,17
12793,20255,14
12793,20256,64
12793,20260,32
12793,20261,70
12793,20262,63
12793,20263,44.5
12793,20264,41
12793,20265,25
12793,20266,5
12793,20267,9
12793,20268,9
12793,20269,31
12793,20270,27
12793,20271,22
12793,20272,5
12793,20273,9
12793,20274,1
12793,20275,4
12793,20276,4
12793,20279,5
12793,20280,10
12793,20281,73.5
12793,20282,47.5
12793,20283,2
12793,20285,5
12793,20286,12
12793,20287,16
12793,20288,17
12793,20289,3
12793,20290,12
12793,20293,1.5
12793,20303,2
12793,20306,9
12793,20307,3
12793,20310,11.5
12793,20311,9
12793,20312,13
12793,20313,3
12793,20314,1
12793,20318,16
12793,20319,27
12793,20320,42
12793,20322,2
12793,20323,21
12793,20324,6
12793,20325,36
12793,20326,26
12793,20327,6
12793,20328,11
12793,20329,17.5
12793,20331,8
12793,20332,10
12793,20333,9
12793,20334,12.5
12793,20335,14
12794,19985,2
12794,19987,1
12794,19988,11
12794,19989,38
12794,19990,14
12794,20005,15
12794,20006,1
12794,20013,17
12794,20014,37.5
12794,20015,80
12794,20016,76
12794,20017,5
12794,20038,22
12794,20039,18
12794,20040,27.5
12794,20041,38
12794,20051,3
12794,20056,21
12794,20057,3
12794,20065,9
12794,20066,13
12794,20067,31
12794,20068,17.5
12794,20078,25
12794,20079,8
12794,20082,2
12794,20083,85
12794,20084,23.5
12794,20085,20
12794,20089,7
12794,20090,12
12794,20094,3
12794,20111,2
12794,20112,1
12794,20120,31
12794,20121,6
12794,20131,8
12794,20133,4
12794,20134,10
12794,20135,8
12794,20137,1
12794,20138,27
12794,20139,4
12794,20140,7
12794,20141,14
12794,20145,23
12794,20147,9
12794,20148,4
12794,20162,30.5
12794,20163,9
12794,20167,4
12794,20170,5
12794,20171,23
12794,20172,21.5
12794,20174,1
12794,20175,10
12794,20176,6
12794,20177,21
12794,20178,2
12794,20180,19
12794,20181,18
12794,20182,1
12794,20184,9
12794,20188,4
12794,20191,6
12794,20192,11
12794,20193,6
12794,20194,15
12794,20197,8
12794,20198,7
12794,20199,3
12794,20210,19.5
12794,20212,89
12794,20213,98
12794,20214,82.5
12794,20215,281.5
12794,20216,242.5
12794,20217,33
12794,20218,4
12794,20221,5
12794,20222,2
12794,20223,29.5
12794,20224,33
12794,20225,43
12794,20226,19
12794,20227,4
12794,20228,19.5
12794,20229,18
12794,20230,44
12794,20231,31
12794,20232,7
12794,20233,4
12794,20239,26
12794,20240,13
12794,20241,19
12794,20242,6
12794,20245,25.5
12794,20246,13
12794,20247,30.5
12794,20248,57
12794,20249,26
12794,20250,56.5
12794,20251,105
12794,20252,92.5
12794,20253,198.5
12794,20254,63
12794,20255,55.5
12794,20256,26
12794,20257,80.5
12794,20258,101
12794,20259,38
12794,20260,72
12794,20261,67
12794,20262,30
12794,20263,46
12794,20264,5
12794,20265,6
12794,20266,6
12794,20267,17
12794,20268,30
12794,20269,49.5
12794,20270,13
12794,20271,9
12794,20273,1
12794,20278,5
12794,20279,8
12794,20280,33
12794,20281,51
12794,20282,22
12794,20283,18.5
12794,20286,25
12794,20287,36.5
12794,20288,3
12794,20296,3
12794,20297,7
12794,20300,1
12794,20301,16
12794,20302,3
12794,20309,35.5
12794,20310,35
12794,20311,19
12794,20316,18.5
12794,20317,40.5
12794,20318,19
12794,20319,28
12794,20320,9
12794,20323,3
12794,20324,2
12794,20325,18
12794,20326,2
12794,20327,1
12794,20328,16
12794,20329,4
12794,20330,10
12794,20331,6
12794,20334,12
12795,19989,3
12795,19990,2
12795,20014,1
12795,20016,29
12795,20017,52
12795,20018,17
12795,20037,5
12795,20038,19
12795,20040,39
12795,20041,9
12795,20051,24.5
12795,20052,46
12795,20053,3
12795,20065,4
12795,20066,17
12795,20067,70
12795,20068,4
12795,20088,7
12795,20089,20
12795,20090,53
12795,20113,2
12795,20114,4
12795,20116,5
12795,20120,8
12795,20123,4
12795,20125,3
12795,20126,8
12795,20127,9.5
12795,20128,1
12795,20129,7
12795,20130,9
12795,20131,22
12795,20132,10
12795,20134,7
12795,20135,1
12795,20136,1
12795,20137,11
12795,20138,34.5
12795,20143,23
12795,20145,9
12795,20146,1
12795,20150,9
12795,20151,10
12795,20162,2
12795,20167,20
12795,20171,14
12795,20172,10
12795,20175,5
12795,20176,41
12795,20180,3
12795,20183,2
12795,20184,2
12795,20187,4
12795,20190,1
12795,20192,2
12795,20197,34
12795,20198,21
12795,20211,185.5
12795,20212,513
12795,20213,54
12795,20214,113
12795,20215,138.5
12795,20216,35
12795,20217,47.5
12795,20218,72
12795,20219,45.5
12795,20220,11
12795,20221,33
12795,20222,37.5
12795,20223,23
12795,20224,11.5
12795,20225,27
12795,20226,16
12795,20227,34
12795,20228,10
12795,20229,16
12795,20230,8
12795,20231,1
12795,20237,11
12795,20238,22
12795,20245,24
12795,20246,18
12795,20247,15
12795,20248,36
12795,20249,49
12795,20250,6
12795,20251,42
12795,20252,78.5
12795,20253,69.5
12795,20254,86.5
12795,20255,31
12795,20256,16
12795,20257,33
12795,20258,31.5
12795,20259,6
12795,20260,38
12795,20261,9
12795,20262,11
12795,20263,15
12795,20264,10
12795,20265,13
12795,20266,36
12795,20267,25
12795,20268,4
12795,20269,11
12795,20270,4
12795,20274,3
12795,20275,4
12795,20278,12
12795,20279,6
12795,20280,16
12795,20281,29
12795,20283,29
12795,20284,11
12795,20294,9
12795,20295,2
12795,20299,2
12795,20300,8
12795,20302,6.5
12795,20303,18
12795,20304,2
12795,20305,2
12795,20306,9
12795,20307,7
12795,20308,2
12795,20309,10
12795,20310,4
12795,20311,6
12795,20315,42
12795,20316,12.5
12795,20317,7.5
12795,20318,8
12795,20319,29
12795,20320,35
12795,20321,22
12795,20323,3
12795,20324,2
12795,20325,7
12795,20328,8
12795,20329,2
12795,20330,5
12795,20331,8
12795,20332,11
12795,20333,7
12796,19985,1
12796,20012,12
12796,20015,3
12796,20016,26
12796,20017,14
12796,20040,1
12796,20041,2
12796,20052,19
12796,20053,44
12796,20054,27
12796,20055,3
12796,20065,2
12796,20066,54
12796,20067,6
12796,20078,2
12796,20079,4
12796,20088,10
12796,20089,3
12796,20114,10
12796,20116,7
12796,20124,6
12796,20125,31
12796,20126,10
12796,20127,2
12796,20132,17.5
12796,20133,2
12796,20134,4
12796,20138,9
12796,20140,2
12796,20143,4
12796,20146,2
12796,20170,4
12796,20171,11
12796,20172,3
12796,20173,4
12796,20174,1
12796,20176,4
12796,20178,1
12796,20179,9
12796,20181,5
12796,20182,17
12796,20184,9
12796,20185,2
12796,20190,7
12796,20191,3
12796,20192,2
12796,20211,215
12796,20212,63
12796,20213,73.5
12796,20214,39
12796,20215,47
12796,20216,38.5
12796,20217,40
12796,20218,39
12796,20219,2
12796,20222,21
12796,20223,31.5
12796,20224,11
12796,20225,17
12796,20226,15.5
12796,20230,10
12796,20231,5
12796,20246,16.5
12796,20247,29
12796,20248,28
12796,20249,142
12796,20250,219
12796,20251,34.5
12796,20252,43
12796,20253,191
12796,20254,22
12796,20255,9
12796,20256,24
12796,20257,1
12796,20258,15
12796,20259,7.5
12796,20260,8
12796,20261,9
12796,20262,11
12796,20263,8
12796,20264,14
12796,20267,6
12796,20268,5
12796,20269,8
12796,20274,19
12796,20275,2
12796,20278,6
12796,20279,4
12796,20280,15
12796,20281,16
12796,20293,4
12796,20294,4
12796,20295,6
12796,20296,4
12796,20302,15
12796,20303,1
12796,20304,16
12796,20305,5
12796,20306,9
12796,20314,11
12796,20315,20
12796,20318,8
12796,20319,11
12796,20326,8
12796,20327,11
12796,20328,8
12796,20330,3
12796,20331,5
12796,20336,1
12796,20337,5
12797,19983,3
12797,19984,31.5
12797,19985,4
12797,19987,6
12797,19988,13
12797,20015,10
12797,20016,6
12797,20048,17
12797,20053,22
12797,20054,60.5
12797,20066,5
12797,20070,4
12797,20114,4
12797,20117,22
12797,20126,5
12797,20127,2
12797,20132,7
12797,20133,34
12797,20134,5
12797,20138,4
12797,20143,7
12797,20162,16
12797,20163,27
12797,20170,6
12797,20171,12
12797,20173,2
12797,20174,41
12797,20175,24.5
12797,20176,8
12797,20177,31
12797,20178,19
12797,20179,2
12797,20180,14.5
12797,20181,1
12797,20182,4
12797,20184,13
12797,20185,23
12797,20190,2
12797,20191,2
12797,20192,2
12797,20193,2
12797,20194,2
12797,20195,18
12797,20206,17
12797,20207,11
12797,20208,6.5
12797,20209,1
12797,20210,1
12797,20211,33
12797,20212,17
12797,20213,46
12797,20214,36
12797,20215,59
12797,20216,22
12797,20217,52.5
12797,20218,63
12797,20219,47.5
12797,20220,23.5
12797,20228,16
12797,20229,7
12797,20247,2
12797,20248,5
12797,20249,51
12797,20250,91
12797,20251,156.5
12797,20252,245.5
12797,20253,75
12797,20254,33
12797,20255,132.5
12797,20256,19
12797,20257,4
12797,20258,19
12797,20260,2
12797,20261,26
12797,20262,8
12797,20263,17
12797,20264,2
12797,20265,15.5
12797,20266,12
12797,20278,3
12797,20280,8
12797,20281,2
12797,20289,3
12797,20293,17
12797,20294,1
12797,20296,1
12797,20299,19.5
12797,20300,12
12797,20301,8.5
12797,20312,2
12797,20313,8
12797,20314,17
12797,20315,27.5
12797,20317,15
12797,20318,35.5
12797,20319,39
12797,20320,23.5
12797,20321,18
12797,20325,2
12797,20326,21
12797,20330,7
12798,19985,4
12798,19986,34
12798,19987,49
12798,19988,27
12798,20016,14
12798,20035,5
12798,20036,12
12798,20039,31
12798,20040,29
12798,20046,16.5
12798,20047,58
12798,20048,16
12798,20049,8
12798,20054,3
12798,20055,15
12798,20056,1
12798,20070,22
12798,20071,4
12798,20117,24
12798,20118,6
12798,20127,19
12798,20134,4
12798,20135,6
12798,20139,3
12798,20140,2
12798,20143,13
12798,20144,22
12798,20145,9
12798,20146,10
12798,20155,30.5
12798,20156,17
12798,20162,12
12798,20163,11
12798,20164,19
12798,20165,7
12798,20166,1
12798,20173,10
12798,20174,2
12798,20175,5
12798,20176,13.5
12798,20177,38.5
12798,20178,3
12798,20180,23
12798,20181,5
12798,20184,11
12798,20185,19
12798,20192,41
12798,20193,19
12798,20194,54
12798,20195,10
12798,20196,7
12798,20203,8
12798,20205,5
12798,20206,3
12798,20207,2
12798,20211,4
12798,20212,4
12798,20213,7
12798,20214,19
12798,20215,10
12798,20219,7
12798,20222,2
12798,20223,4
12798,20224,20
12798,20250,33
12798,20251,186.5
12798,20252,146.5
12798,20253,68.5
12798,20254,33
12798,20255,40
12798,20256,32
12798,20257,22
12798,20258,34
12798,20261,17
12798,20264,2
12798,20265,10
12798,20266,16
12798,20267,9
12798,20280,6
12798,20282,25
12798,20284,1
12798,20285,4
12798,20286,10
12798,20287,2
12798,20288,4.5
12798,20289,2
12798,20292,1
12798,20293,4
12798,20294,19
12798,20299,2
12798,20300,6
12798,20311,6
12798,20312,5
12798,20313,8
12798,20314,14
12798,20317,2
12798,20320,18
12798,20321,24
12798,20322,7
12798,20328,2
12798,20330,1
12798,20331,3
12798,20335,6
12798,20336,4
12799,19986,14.5
12799,19987,63
12799,19988,19
12799,20015,10
12799,20018,2
12799,20034,13
12799,20035,18
12799,20039,49
12799,20040,68
12799,20046,7
12799,20047,8
12799,20048,13
12799,20049,7
12799,20054,11
12799,20055,40
12799,20056,40
12799,20057,37
12799,20059,3
12799,20060,10
12799,20070,6
12799,20097,6
12799,20117,1
12799,20118,23
12799,20129,6.5
12799,20139,7.5
12799,20140,10
12799,20141,2
12799,20142,9
12799,20143,2
12799,20144,6
12799,20155,2
12799,20157,8
12799,20158,14
12799,20164,9
12799,20166,7
12799,20167,5
12799,20171,10
12799,20172,12
12799,20173,5
12799,20175,7
12799,20176,2
12799,20177,11
12799,20178,2
12799,20180,2
12799,20184,22
12799,20189,4
12799,20190,24
12799,20192,63
12799,20193,157.5
12799,20194,9
12799,20202,8.5
12799,20203,10
12799,20204,14
12799,20205,5
12799,20206,10
12799,20214,1
12799,20216,6
12799,20217,6
12799,20221,1
12799,20222,17
12799,20223,5
12799,20251,3
12799,20252,15.5
12799,20253,18
12799,20254,7
12799,20255,26
12799,20256,20
12799,20257,24
12799,20258,9
12799,20259,4
12799,20260,19
12799,20261,8
12799,20262,2
12799,20263,21
12799,20264,7
12799,20266,2
12799,20279,4
12799,20280,28
12799,20285,3
12799,20307,2
12799,20309,15
12799,20310,7
12799,20311,7
12799,20312,1
12799,20318,2
12799,20319,5
12799,20321,14
12799,20322,13
12799,20323,3
12799,20328,1
12799,20329,6
12799,20330,4
12799,20331,8
12799,20333,1
12799,20335,2
12799,20336,3
12800,19987,28
12800,19988,20
12800,20009,4
12800,20010,5
12800,20011,3
12800,20015,6
12800,20034,17
12800,20039,58
12800,20040,21
12800,20047,9
12800,20054,3
12800,20055,79
12800,20056,84.5
12800,20057,39
12800,20060,2
12800,20077,3
12800,20092,3
12800,20093,4
12800,20097,2
12800,20118,4
12800,20119,16
12800,20128,4
12800,20129,18
12800,20130,6
12800,20134,2
12800,20135,2
12800,20141,2
12800,20142,17
12800,20143,7
12800,20158,13
12800,20166,31.5
12800,20167,53
12800,20168,28
12800,20171,2
12800,20175,1
12800,20176,13.5
12800,20177,56
12800,20179,13
12800,20180,4
12800,20187,24
12800,20189,22
12800,20190,10
12800,20191,1
12800,20192,11
12800,20193,22
12800,20194,4
12800,20201,7
12800,20202,21
12800,20203,14
12800,20204,13
12800,20206,2
12800,20212,1
12800,20214,3
12800,20216,11
12800,20249,2
12800,20251,7.5
12800,20252,18
12800,20253,42.5
12800,20256,14
12800,20257,33
12800,20258,46.5
12800,20259,34
12800,20260,5
12800,20262,5
12800,20263,22
12800,20264,7
12800,20276,21
12800,20277,1
12800,20278,28
12800,20279,27
12800,20280,2
12800,20284,15
12800,20285,32.5
12800,20286,16
12800,20307,35
12800,20309,36.5
12800,20312,1
12800,20314,4
12800,20315,4
12800,20319,2
12800,20322,13
12800,20323,3
12800,20328,3
12800,20329,6
12800,20331,2
12800,20332,1
12800,20333,2
12800,20336,1
12801,19998,5.5
12801,20009,11
12801,20010,5
12801,20018,12
12801,20019,23
12801,20031,4
12801,20032,17
12801,20033,2
12801,20034,11.5
12801,20035,2
12801,20038,17
12801,20039,31
12801,20040,2
12801,20048,1
12801,20055,8
12801,20057,12
12801,20065,6
12801,20078,6
12801,20086,5
12801,20093,15
12801,20094,7
12801,20119,4
12801,20120,12
12801,20129,24
12801,20130,9
12801,20131,2
12801,20133,2
12801,20138,11.5
12801,20143,3
12801,20144,6
12801,20152,3
12801,20153,11
12801,20154,1
12801,20157,7
12801,20159,5
12801,20160,5
12801,20165,8
12801,20166,30
12801,20167,71.5
12801,20168,6
12801,20169,6
12801,20170,14
12801,20171,2
12801,20172,87.5
12801,20173,10
12801,20174,6
12801,20175,1
12801,20178,19.5
12801,20179,44.5
12801,20180,54
12801,20181,2
12801,20182,4
12801,20183,19
12801,20184,1
12801,20186,2
12801,20187,17
12801,20188,14.5
12801,20189,51
12801,20190,28
12801,20191,11
12801,20192,5
12801,20193,5
12801,20200,4
12801,20201,10
12801,20202,17.5
12801,20213,5
12801,20214,6
12801,20215,9
12801,20216,4
12801,20251,13
12801,20252,14
12801,20253,15
12801,20256,50
12801,20257,36
12801,20258,21
12801,20259,62
12801,20260,5
12801,20262,5
12801,20263,10
12801,20264,9
12801,20276,4
12801,20277,10
12801,20278,9
12801,20284,5
12801,20285,30
12801,20287,6
12801,20288,30
12801,20290,2
12801,20291,4
12801,20292,6
12801,20301,14
12801,20302,33
12801,20303,10
12801,20304,1
12801,20307,7
12801,20313,3
12801,20315,1
12801,20322,2
12801,20323,4
12801,20333,3
12802,19990,7
12802,19998,1
12802,19999,10
12802,20000,10
12802,20001,37
12802,20002,13
12802,20003,15
12802,20018,9
12802,20019,18
12802,20031,16
12802,20032,13.5
12802,20038,38
12802,20039,12
12802,20069,4
12802,20079,3
12802,20093,18
12802,20094,60
12802,20120,3
12802,20121,27
12802,20122,8
12802,20131,4
12802,20132,3
12802,20133,1
12802,20134,5
12802,20138,8
12802,20139,7
12802,20140,4
12802,20141,52
12802,20142,9
12802,20145,3
12802,20146,6.5
12802,20148,3
12802,20153,29
12802,20154,21
12802,20159,35.5
12802,20165,23
12802,20166,4
12802,20167,3
12802,20172,47
12802,20173,74.5
12802,20174,1
12802,20175,3
12802,20178,1.5
12802,20179,25
12802,20180,21
12802,20181,37
12802,20182,15
12802,20183,7
12802,20188,23
12802,20189,9.5
12802,20190,3
12802,20194,4
12802,20200,6
12802,20201,8
12802,20202,2
12802,20203,8
12802,20204,4
12802,20226,4
12802,20250,19
12802,20251,84.5
12802,20252,16
12802,20253,3
12802,20257,31
12802,20258,12
12802,20259,4
12802,20266,2
12802,20267,4
12802,20277,4
12802,20281,19
12802,20282,1
12802,20283,27
12802,20285,97
12802,20286,36.5
12802,20287,51.5
12802,20288,39.5
12802,20289,14.5
12802,20291,14
12802,20298,1
12802,20301,23
12802,20302,24
12802,20303,11
12802,20330,3
12803,19990,10
12803,19991,24.5
12803,19997,19
12803,19998,3
12803,19999,3
12803,20000,38
12803,20001,41
12803,20002,54
12803,20003,25
12803,20017,1
12803,20018,24
12803,20019,16
12803,20068,12
12803,20069,6
12803,20070,5
12803,20072,4
12803,20086,7
12803,20094,16
12803,20095,15
12803,20121,14
12803,20122,28
12803,20131,9
12803,20132,3
12803,20135,9
12803,20136,10
12803,20138,6
12803,20141,69.5
12803,20142,17.5
12803,20146,4
12803,20147,6
12803,20148,2
12803,20153,1
12803,20154,8
12803,20155,36
12803,20157,2
12803,20158,5
12803,20159,5
12803,20160,1
12803,20162,2
12803,20166,17
12803,20167,7
12803,20173,80.5
12803,20176,3
12803,20179,1
12803,20181,2
12803,20182,19
12803,20183,22
12803,20184,3
12803,20188,21
12803,20189,8
12803,20199,1
12803,20200,10
12803,20201,4
12803,20202,1
12803,20226,3
12803,20227,1
12803,20246,1
12803,20250,25.5
12803,20253,3
12803,20257,7
12803,20258,1
12803,20266,10
12803,20276,11
12803,20277,17
12803,20281,64
12803,20282,47
12803,20283,12
12803,20284,2
12803,20285,39.5
12803,20286,103.5
12803,20287,51.5
12803,20288,23
12803,20289,30.5
12803,20290,11
12803,20291,62
12803,20292,35.5
12803,20293,24
12803,20294,23.5
12803,20295,13
12803,20296,11
12803,20298,37
12803,20299,13
12803,20300,1
12803,20331,4
12803,20332,1
12803,20335,1
12803,20346,2
12804,19989,32
12804,19990,21
12804,19991,33
12804,20000,6
12804,20002,30
12804,20003,32
12804,20017,9
12804,20018,26
12804,20037,4
12804,20063,5
12804,20064,1
12804,20067,6
12804,20068,28
12804,20069,22
12804,20070,24
12804,20081,1
12804,20088,4
12804,20094,7.5
12804,20095,36
12804,20096,70
12804,20098,2
12804,20121,1
12804,20122,10
12804,20126,2
12804,20128,2
12804,20141,11
12804,20142,11
12804,20148,16
12804,20154,4
12804,20155,17
12804,20156,7
12804,20157,8
12804,20158,1
12804,20159,3
12804,20161,1
12804,20166,14.5
12804,20167,61
12804,20168,4
12804,20169,5
12804,20173,11
12804,20176,6
12804,20181,18
12804,20182,44
12804,20183,50
12804,20184,6
12804,20197,6
12804,20198,3
12804,20199,5
12804,20200,5.5
12804,20201,3
12804,20202,6
12804,20204,6
12804,20225,15.5
12804,20226,3
12804,20243,1
12804,20250,4
12804,20251,5
12804,20255,3
12804,20256,6
12804,20276,7
12804,20279,10
12804,20280,9
12804,20281,73.5
12804,20282,58
12804,20283,18
12804,20284,14
12804,20285,25
12804,20286,86
12804,20287,50
12804,20288,35
12804,20289,26.5
12804,20290,5
12804,20291,3
12804,20292,5
12804,20293,25
12804,20294,3
12804,20296,5
12804,20297,28
12804,20298,2
12805,19986,1
12805,19987,1
12805,19988,18
12805,19989,11
12805,20008,3
12805,20011,3
12805,20018,1
12805,20019,10
12805,20029,3
12805,20064,6
12805,20068,43
12805,20069,48
12805,20070,44.5
12805,20087,18
12805,20088,59.5
12805,20090,9
12805,20091,16
12805,20093,11
12805,20094,6
12805,20095,6
12805,20096,52
12805,20097,62
12805,20098,36
12805,20099,22
12805,20100,7
12805,20102,2
12805,20122,10
12805,20126,2
12805,20128,13
12805,20129,3
12805,20131,12
12805,20135,2
12805,20136,1
12805,20141,14
12805,20142,17
12805,20143,1
12805,20156,9
12805,20157,8
12805,20158,4
12805,20159,4.5
12805,20162,8
12805,20163,31
12805,20165,4
12805,20166,44
12805,20167,16
12805,20168,9
12805,20173,31
12805,20175,5
12805,20176,6
12805,20181,29.5
12805,20182,46.5
12805,20183,3
12805,20187,10
12805,20188,2
12805,20189,1
12805,20190,5
12805,20197,7
12805,20198,2
12805,20199,3
12805,20205,2
12805,20225,12
12805,20250,10
12805,20251,3
12805,20255,16
12805,20256,7
12805,20277,2
12805,20278,24
12805,20279,25.5
12805,20280,39
12805,20281,38
12805,20282,4
12805,20283,18.5
12805,20284,59.5
12805,20285,97.5
12805,20286,231.5
12805,20287,4
12805,20288,16
12805,20289,11
12805,20290,2
12805,20291,2
12805,20292,12
12805,20293,4
12805,20294,1
12805,20295,2
12805,20297,9
12806,20028,2
12806,20029,3
12806,20030,2
12806,20035,12
12806,20046,4
12806,20047,15
12806,20048,3
12806,20064,47
12806,20065,79
12806,20066,2
12806,20068,2
12806,20069,5
12806,20070,29.5
12806,20071,8
12806,20082,12
12806,20083,6
12806,20086,2
12806,20087,55
12806,20092,3
12806,20093,3
12806,20094,17
12806,20095,16
12806,20096,88.5
12806,20097,57
12806,20098,86
12806,20099,42.5
12806,20101,8
12806,20123,2
12806,20128,9
12806,20129,24
12806,20131,11
12806,20135,5
12806,20140,2
12806,20141,8
12806,20144,11
12806,20145,5
12806,20156,6
12806,20157,43
12806,20159,4
12806,20160,3
12806,20162,43
12806,20163,42.5
12806,20164,3
12806,20165,24
12806,20166,6
12806,20167,40
12806,20168,9
12806,20175,18
12806,20176,3
12806,20181,19
12806,20182,34
12806,20183,11
12806,20187,2
12806,20189,10
12806,20197,1
12806,20198,10
12806,20199,3
12806,20221,3
12806,20250,16
12806,20255,7
12806,20278,23.5
12806,20279,2
12806,20280,42.5
12806,20281,1
12806,20282,195.5
12806,20283,7
12806,20284,13
12806,20285,41
12806,20286,53
12806,20288,1
12806,20289,1
12806,20290,8
12806,20291,32
12806,20293,3
12806,20294,9.5
12806,20295,20
12806,20296,4
12807,19995,5
12807,19997,14
12807,20030,6
12807,20031,21
12807,20035,17
12807,20036,16
12807,20037,5
12807,20044,11
12807,20047,58.5
12807,20064,37
12807,20065,82
12807,20066,55
12807,20067,58.5
12807,20068,4
12807,20081,6
12807,20085,114
12807,20086,26
12807,20087,22
12807,20096,69
12807,20097,193
12807,20098,105
12807,20099,37
12807,20100,16
12807,20101,52
12807,20102,45
12807,20104,1
12807,20123,1
12807,20124,12
12807,20129,2
12807,20140,21
12807,20144,2
12807,20146,10
12807,20147,9
12807,20148,41
12807,20149,4
12807,20156,9
12807,20157,19
12807,20161,5
12807,20162,33
12807,20163,22
12807,20164,36
12807,20165,9
12807,20167,19.5
12807,20168,15
12807,20170,12.5
12807,20171,3
12807,20174,3
12807,20180,1
12807,20182,9
12807,20183,2
12807,20185,11
12807,20186,37
12807,20187,61.5
12807,20195,5
12807,20202,6
12807,20208,8
12807,20211,14
12807,20212,11
12807,20215,4
12807,20217,10
12807,20218,1
12807,20221,5
12807,20223,1
12807,20250,9
12807,20254,2
12807,20268,3
12807,20269,1
12807,20270,3.5
12807,20276,3
12807,20279,11
12807,20280,4
12807,20282,3.5
12807,20283,7
12807,20284,19
12807,20285,60.5
12807,20286,6
12807,20287,3
12807,20289,7
12807,20290,35
12807,20291,20
12807,20293,4
12808,19993,6
12808,19994,8
12808,19995,19
12808,19996,17.5
12808,19997,2
12808,20030,5
12808,20031,34
12808,20032,3
12808,20034,4
12808,20035,20.5
12808,20043,5
12808,20044,1
12808,20045,44
12808,20046,2
12808,20047,6
12808,20062,12
12808,20063,45.5
12808,20064,8
12808,20065,20
12808,20067,8
12808,20077,2
12808,20079,1
12808,20081,20
12808,20082,3
12808,20087,35.5
12808,20088,10
12808,20089,2
12808,20095,71
12808,20096,137
12808,20097,250
12808,20099,17
12808,20100,2
12808,20101,15
12808,20102,52
12808,20104,4
12808,20125,11
12808,20130,9
12808,20131,9
12808,20140,3.5
12808,20146,1
12808,20148,4
12808,20160,7
12808,20161,4
12808,20162,26
12808,20163,3
12808,20167,2
12808,20169,2
12808,20170,8
12808,20171,3
12808,20172,9
12808,20174,3
12808,20177,2
12808,20179,4
12808,20185,51.5
12808,20186,18
12808,20195,3
12808,20201,1
12808,20202,29
12808,20207,8
12808,20208,26
12808,20210,14
12808,20211,16.5
12808,20214,22
12808,20215,6
12808,20216,3
12808,20218,7
12808,20220,8
12808,20221,10
12808,20222,2
12808,20223,47.5
12808,20224,4
12808,20250,3
12808,20262,4
12808,20268,24.5
12808,20269,6
12808,20270,4.5
12808,20275,6
12808,20276,7
12808,20279,14.5
12808,20280,1
12808,20281,13
12808,20282,12
12808,20283,3
12808,20284,12.5
12808,20285,2
12808,20286,9
12808,20287,22
12808,20288,14
12808,20290,24
12808,20291,8
12809,19991,2
12809,19993,13
12809,19994,36
12809,19995,13
12809,19996,21
12809,20026,1
12809,20031,5
12809,20032,40
12809,20033,34
12809,20034,11
12809,20035,23
12809,20042,2
12809,20043,68.5
12809,20044,34.5
12809,20045,19
12809,20062,55.5
12809,20063,16
12809,20066,3.5
12809,20075,4
12809,20081,18
12809,20082,34
12809,20083,25
12809,20084,3
12809,20085,6
12809,20087,14
12809,20088,13
12809,20089,77.5
12809,20095,68.5
12809,20096,124
12809,20097,164.5
12809,20098,33
12809,20103,4
12809,20105,2
12809,20106,7
12809,20125,2
12809,20126,4
12809,20134,14
12809,20140,5
12809,20144,2
12809,20145,1
12809,20146,4
12809,20150,19
12809,20151,3
12809,20156,5
12809,20159,7
12809,20160,17
12809,20161,9
12809,20162,23
12809,20163,3
12809,20165,8
12809,20166,2
12809,20169,4
12809,20174,2
12809,20176,6
12809,20178,4
12809,20179,11
12809,20181,49.5
12809,20184,4
12809,20185,59
12809,20186,83.5
12809,20194,2
12809,20195,2
12809,20196,26
12809,20202,16
12809,20206,8
12809,20208,4
12809,20210,4.5
12809,20211,6
12809,20212,4
12809,20213,14
12809,20214,2
12809,20216,4
12809,20218,11
12809,20219,3
12809,20221,14
12809,20222,2
12809,20223,3.5
12809,20261,18
12809,20262,2
12809,20264,1
12809,20265,1
12809,20268,28
12809,20269,37
12809,20270,2
12809,20274,6
12809,20275,6
12809,20280,3
12809,20287,5
12809,20301,1
12810,19992,7
12810,20029,5
12810,20031,15
12810,20032,73
12810,20033,6
12810,20034,3
12810,20044,9
12810,20045,40
12810,20061,4
12810,20076,2
12810,20082,3
12810,20083,66
12810,20084,14
12810,20085,33
12810,20086,26
12810,20088,31
12810,20089,59
12810,20090,1
12810,20091,11.5
12810,20096,37
12810,20097,12
12810,20098,28
12810,20103,43
12810,20104,9
12810,20105,6
12810,20106,10
12810,20107,2
12810,20126,3
12810,20127,5
12810,20132,2
12810,20133,1
12810,20134,10
12810,20135,8
12810,20141,3
12810,20142,3
12810,20143,2
12810,20146,4
12810,20151,11.5
12810,20152,46.5
12810,20153,24
12810,20154,7
12810,20155,12
12810,20156,2
12810,20161,53
12810,20162,2
12810,20164,7
12810,20165,28
12810,20166,25
12810,20175,15.5
12810,20180,29
12810,20181,19
12810,20182,14
12810,20183,19
12810,20184,104.5
12810,20185,18.5
12810,20194,2
12810,20196,2
12810,20202,8
12810,20208,13
12810,20209,41
12810,20210,25.5
12810,20211,28
12810,20212,16
12810,20214,14
12810,20217,20
12810,20218,11
12810,20219,2
12810,20251,11.5
12810,20252,9
12810,20258,1
12810,20260,8
12810,20261,26
12810,20262,6
12810,20267,6
12810,20268,6
12810,20269,21
12810,20271,1
12810,20275,5
12811,19988,4
12811,19992,29
12811,19993,11
12811,20025,7
12811,20029,2.5
12811,20030,1
12811,20031,4
12811,20053,3
12811,20054,18
12811,20055,32.5
12811,20082,6
12811,20083,46
12811,20084,56
12811,20085,7
12811,20086,4
12811,20088,23
12811,20089,27
12811,20090,38
12811,20091,28
12811,20095,5
12811,20096,1
12811,20097,2.5
12811,20098,153
12811,20101,23
12811,20102,11
12811,20103,61
12811,20104,108
12811,20106,9
12811,20107,4
12811,20108,7
12811,20133,13
12811,20135,4
12811,20138,7
12811,20139,2
12811,20142,2
12811,20143,9
12811,20151,39.5
12811,20152,20
12811,20153,22
12811,20154,39
12811,20155,16
12811,20156,10
12811,20157,4
12811,20158,4
12811,20159,23
12811,20160,36.5
12811,20161,6
12811,20163,8
12811,20164,15
12811,20165,47
12811,20166,3
12811,20172,4
12811,20174,5
12811,20175,6.5
12811,20178,1
12811,20180,15
12811,20183,6
12811,20184,52.5
12811,20185,8
12811,20194,2
12811,20196,12
12811,20199,4
12811,20202,8
12811,20208,6
12811,20209,8
12811,20210,20
12811,20211,3
12811,20212,8
12811,20213,2
12811,20216,24
12811,20217,14
12811,20248,21.5
12811,20249,13
12811,20260,15
12811,20267,2
12811,20271,12
12811,20289,7
12812,19988,6
12812,19991,18
12812,19992,36
12812,20027,1
12812,20029,3
12812,20030,25
12812,20031,14
12812,20032,22
12812,20045,3
12812,20046,2
12812,20048,2
12812,20054,11
12812,20055,22
12812,20056,2
12812,20082,14
12812,20083,5
12812,20084,5
12812,20089,21
12812,20090,14
12812,20101,12
12812,20102,33
12812,20103,16
12812,20104,79
12812,20105,82.5
12812,20106,13
12812,20107,10
12812,20110,1
12812,20133,4
12812,20134,7
12812,20136,12
12812,20138,3
12812,20139,32.5
12812,20152,6
12812,20153,6
12812,20155,1
12812,20157,9
12812,20158,34
12812,20159,4
12812,20160,74.5
12812,20161,4
12812,20162,5
12812,20163,49
12812,20164,55.5
12812,20165,56
12812,20166,4
12812,20172,23
12812,20178,22
12812,20179,13
12812,20180,5
12812,20182,2
12812,20183,2
12812,20184,32
12812,20185,48
12812,20186,35
12812,20187,6
12812,20193,22
12812,20198,13
12812,20199,6
12812,20202,5
12812,20209,10
12812,20210,9
12812,20211,8
12812,20212,6
12812,20213,2
12812,20214,8
12812,20215,13
12812,20216,26
12812,20247,12
12812,20249,45
12812,20250,15
12812,20269,13
12812,20306,1
12813,19991,64
12813,19992,31
12813,20028,2
12813,20029,47
12813,20030,50
12813,20031,72.5
12813,20032,38
12813,20033,35
12813,20034,54
12813,20035,46.5
12813,20036,3
12813,20046,1
12813,20048,4
12813,20051,2
12813,20052,7
12813,20055,6
12813,20056,1
12813,20069,3
12813,20070,4
12813,20075,12
12813,20076,11
12813,20079,20
12813,20080,8
12813,20081,6
12813,20082,5
12813,20092,9
12813,20095,4
12813,20098,9
12813,20102,2
12813,20103,16
12813,20104,3
12813,20105,15
12813,20106,6
12813,20133,13
12813,20140,4
12813,20153,15
12813,20154,4
12813,20157,23
12813,20158,49
12813,20159,7
12813,20163,5
12813,20164,23
12813,20165,57
12813,20166,4
12813,20169,41.5
12813,20170,40
12813,20171,18
12813,20172,4
12813,20173,2
12813,20176,26
12813,20177,7
12813,20178,6
12813,20179,30.5
12813,20180,31
12813,20182,7
12813,20183,18
12813,20184,2
12813,20185,59.5
12813,20186,11
12813,20192,12
12813,20193,73
12813,20194,14
12813,20198,11
12813,20199,5
12813,20200,2
12813,20201,16
12813,20202,11
12813,20204,1
12813,20209,12
12813,20210,1
12813,20211,2
12813,20213,3
12813,20214,10
12813,20215,7
12813,20246,8
12813,20247,17
12813,20249,27
12813,20260,2
12813,20268,5
12813,20269,61
12813,20270,26
12813,20271,9
12813,20272,11
12813,20273,20
12813,20295,18
12814,19989,7
12814,19991,30
12814,19992,19
12814,20028,9
12814,20029,108.5
12814,20030,103.5
12814,20031,34
12814,20032,67
12814,20033,25.5
12814,20034,86
12814,20035,68.5
12814,20036,3.5
12814,20037,12
12814,20038,2
12814,20043,14
12814,20044,31.5
12814,20045,44
12814,20046,52.5
12814,20051,2
12814,20052,44.5
12814,20053,47.5
12814,20054,10
12814,20055,56
12814,20056,66
12814,20057,5
12814,20058,2
12814,20070,15
12814,20071,45
12814,20072,13
12814,20073,5
12814,20075,51
12814,20076,48
12814,20079,32
12814,20080,5
12814,20087,2
12814,20088,11
12814,20095,9
12814,20128,6
12814,20137,7
12814,20139,10
12814,20153,19
12814,20154,11
12814,20157,7
12814,20158,4
12814,20159,28
12814,20160,4
12814,20161,2
12814,20162,8
12814,20163,18
12814,20164,8
12814,20165,51.5
12814,20170,30
12814,20171,3
12814,20175,2
12814,20178,9
12814,20179,10
12814,20180,15
12814,20184,16.5
12814,20185,7
12814,20192,16
12814,20193,16
12814,20195,7
12814,20196,33
12814,20197,17
12814,20200,2
12814,20201,6
12814,20204,4
12814,20206,4
12814,20207,11
12814,20208,16
12814,20209,1
12814,20212,4
12814,20213,16
12814,20214,18
12814,20216,2
12814,20219,14
12814,20244,37
12814,20245,5
12814,20246,14
12814,20249,13
12814,20250,5
12814,20251,7
12814,20255,2
12814,20256,1
12814,20267,30.5
12814,20268,25
12814,20269,26
12814,20270,18
12814,20271,17
12814,20272,1
12814,20273,1
12815,19989,6
12815,19990,5
12815,19991,27
12815,19992,2
12815,20029,93
12815,20030,21
12815,20031,199.5
12815,20034,37
12815,20035,20
12815,20036,16.5
12815,20038,4
12815,20041,5
12815,20042,266
12815,20043,81
12815,20044,45
12815,20045,131
12815,20046,109
12815,20047,55
12815,20048,2
12815,20052,14
12815,20054,9
12815,20055,119
12815,20056,64
12815,20057,42
12815,20058,1
12815,20060,2
12815,20061,16
12815,20062,35
12815,20063,19
12815,20070,11
12815,20071,189
12815,20072,34
12815,20073,4
12815,20075,23
12815,20076,36
12815,20078,28
12815,20081,5.5
12815,20086,10
12815,20087,14
12815,20088,73.5
12815,20089,1
12815,20093,10.5
12815,20095,2
12815,20096,33
12815,20102,7
12815,20131,7
12815,20134,2
12815,20136,7
12815,20137,31
12815,20138,1
12815,20139,2
12815,20140,14
12815,20141,33.5
12815,20150,6.5
12815,20154,4
12815,20157,24.5
12815,20158,35
12815,20159,27
12815,20160,9
12815,20161,26.5
12815,20162,18
12815,20163,9.5
12815,20165,7
12815,20175,12
12815,20179,19
12815,20180,30
12815,20184,10
12815,20191,15
12815,20192,11
12815,20195,24.5
12815,20196,44
12815,20197,9
12815,20201,2
12815,20202,3
12815,20203,2
12815,20204,7
12815,20208,4
12815,20212,9.5
12815,20213,9
12815,20214,6
12815,20215,8
12815,20216,13
12815,20217,6
12815,20245,30
12815,20250,4
12815,20266,29
12815,20267,32
12815,20268,18
12815,20269,4
12815,20270,22.5
12816,19989,4
12816,19991,51
12816,19992,8
12816,20025,3
12816,20026,7
12816,20027,20
12816,20029,37
12816,20030,78.5
12816,20041,8
12816,20042,30
12816,20043,293
12816,20044,187.5
12816,20045,149
12816,20046,235
12816,20047,260
12816,20048,148.5
12816,20054,12
12816,20055,4
12816,20060,27
12816,20061,38
12816,20062,11
12816,20063,2
12816,20070,6
12816,20071,78.5
12816,20072,317.5
12816,20076,18
12816,20077,11.5
12816,20078,31
12816,20079,3
12816,20086,8
12816,20087,20
12816,20088,170.5
12816,20089,2
12816,20096,37
12816,20097,8
12816,20131,5
12816,20132,1
12816,20133,9
12816,20136,9
12816,20137,19
12816,20138,5
12816,20139,8
12816,20140,11
12816,20141,12
12816,20142,1
12816,20143,7
12816,20146,2
12816,20149,17
12816,20150,20
12816,20151,33
12816,20152,16
12816,20153,2
12816,20156,9
12816,20157,37
12816,20158,42.5
12816,20159,32
12816,20160,35
12816,20161,55
12816,20162,5
12816,20163,1
12816,20169,5
12816,20178,3
12816,20179,50
12816,20180,150
12816,20181,66.5
12816,20182,2
12816,20183,28
12816,20190,4
12816,20191,20
12816,20192,19
12816,20195,11
12816,20196,34.5
12816,20197,27
12816,20200,9
12816,20214,9
12816,20215,9
12816,20216,25
12816,20217,30
12816,20218,12
12816,20244,18
12816,20245,13
12816,20248,36.5
12816,20257,6
12816,20258,39
12816,20259,32
12816,20263,4
12816,20265,10
12816,20266,38
12816,20267,6
12816,20270,6
12816,20271,3
12817,19991,10
12817,19995,47
12817,20015,2
12817,20023,21
12817,20024,8
12817,20025,31
12817,20026,114.5
12817,20027,10
12817,20030,3
12817,20043,39
12817,20044,11
12817,20045,211
12817,20046,132
12817,20047,150.5
12817,20048,12
12817,20053,4
12817,20054,37
12817,20060,14
12817,20061,53
12817,20071,67
12817,20072,98
12817,20073,17
12817,20076,14
12817,20077,26
12817,20078,61.5
12817,20079,4
12817,20086,11
12817,20087,61.5
12817,20088,127
12817,20089,60.5
12817,20090,8
12817,20091,6
12817,20095,11
12817,20096,51.5
12817,20100,24
12817,20101,11
12817,20105,24.5
12817,20106,34
12817,20107,6
12817,20128,2
12817,20129,10
12817,20132,2
12817,20133,26
12817,20134,6.5
12817,20137,6
12817,20138,11
12817,20139,1
12817,20141,7
12817,20149,6
12817,20150,15
12817,20151,2
12817,20152,8
12817,20155,4
12817,20156,5
12817,20157,2
12817,20158,3
12817,20161,7
12817,20162,3
12817,20163,2
12817,20169,1
12817,20170,3
12817,20177,1
12817,20179,3
12817,20182,10.5
12817,20183,22
12817,20190,5
12817,20191,2
12817,20195,2
12817,20197,10
12817,20199,18
12817,20200,40
12817,20203,4
12817,20208,4
12817,20210,8
12817,20212,9
12817,20214,3
12817,20218,11
12817,20219,29
12817,20220,36.5
12817,20243,20
12817,20244,9.5
12817,20245,3
12817,20246,3
12817,20247,6
12817,20248,22
12817,20254,5
12817,20257,6
12817,20258,16
12817,20259,5
12817,20262,7
12817,20265,2
12817,20268,11
12817,20269,2
12817,20288,2
12817,20314,2
12818,19987,12
12818,19988,4
12818,19993,50
12818,20023,19
12818,20024,49
12818,20025,105
12818,20026,46
12818,20027,5
12818,20043,53
12818,20044,353.5
12818,20045,17
12818,20046,34
12818,20047,103
12818,20048,17
12818,20050,3
12818,20052,4
12818,20053,2
12818,20054,15
12818,20059,2
12818,20061,2
12818,20071,141.5
12818,20072,119.5
12818,20073,15
12818,20076,31
12818,20077,47
12818,20078,123
12818,20079,20
12818,20084,21
12818,20086,2.5
12818,20087,4
12818,20088,28.5
12818,20089,82
12818,20090,3
12818,20095,12
12818,20096,51.5
12818,20098,3
12818,20100,3
12818,20101,50
12818,20103,6
12818,20104,29
12818,20105,63.5
12818,20106,55
12818,20107,16
12818,20124,6
12818,20131,1
12818,20133,1
12818,20134,25.5
12818,20138,2
12818,20141,3
12818,20159,15
12818,20161,2
12818,20162,4
12818,20172,4
12818,20177,4
12818,20178,24
12818,20179,44
12818,20180,4.5
12818,20189,29
12818,20190,4
12818,20191,3
12818,20192,4
12818,20193,8
12818,20194,9
12818,20195,3
12818,20197,22
12818,20198,16
12818,20199,2
12818,20200,4
12818,20201,1
12818,20203,3
12818,20204,12
12818,20207,9
12818,20208,1
12818,20209,13.5
12818,20210,64
12818,20211,7
12818,20212,19
12818,20213,24
12818,20214,2
12818,20217,2
12818,20219,12
12818,20220,62.5
12818,20242,12.5
12818,20243,11
12818,20246,16
12818,20254,1
12818,20257,4
12818,20258,3
12818,20259,5
12818,20268,5
12818,20269,4
12818,20300,1
12818,20312,2
12819,19991,252
12819,19992,111
12819,20024,57
12819,20025,27.5
12819,20026,15
12819,20027,2
12819,20043,70
12819,20044,49
12819,20045,116
12819,20046,62.5
12819,20047,34
12819,20053,7
12819,20054,16
12819,20058,3
12819,20059,1
12819,20060,6
12819,20061,3
12819,20064,20.5
12819,20065,20
12819,20066,4.5
12819,20071,115
12819,20072,252
12819,20073,53.5
12819,20075,5
12819,20076,3
12819,20077,5
12819,20078,32.5
12819,20084,25
12819,20088,8
12819,20089,75
12819,20090,12
12819,20092,26
12819,20093,18.5
12819,20094,22
12819,20095,39.5
12819,20096,15
12819,20097,11
12819,20098,3
12819,20100,27.5
12819,20101,78
12819,20102,24
12819,20105,4
12819,20106,6
12819,20123,2
12819,20124,30
12819,20125,1
12819,20132,2
12819,20133,8
12819,20136,13
12819,20137,40.5
12819,20150,15
12819,20151,7
12819,20159,14
12819,20161,20
12819,20164,2
12819,20165,14
12819,20166,3
12819,20167,4.5
12819,20168,13
12819,20170,7
12819,20174,8
12819,20177,3
12819,20178,21
12819,20179,17
12819,20181,1
12819,20188,154
12819,20189,106
12819,20190,19
12819,20191,5
12819,20193,22
12819,20194,14
12819,20195,2
12819,20198,25
12819,20199,7
12819,20200,6
12819,20201,3
12819,20203,30
12819,20204,22
12819,20206,1
12819,20207,5
12819,20208,42
12819,20209,17
12819,20210,3
12819,20211,7
12819,20214,15
12819,20215,8
12819,20217,6
12819,20219,32
12819,20222,2
12819,20223,3
12819,20242,25
12819,20245,11.5
12819,20246,7
12819,20254,34
12819,20257,2
12819,20258,25
12819,20259,11
12819,20260,4
12819,20261,11
12819,20286,1
12819,20299,8
12819,20300,4
12820,20029,2
12820,20043,3
12820,20044,37.5
12820,20045,60.5
12820,20046,116.5
12820,20047,69
12820,20048,4
12820,20052,6
12820,20053,11
12820,20064,51
12820,20065,37
12820,20066,15
12820,20071,286
12820,20072,222
12820,20073,176
12820,20083,5
12820,20084,75
12820,20085,6
12820,20088,9
12820,20089,40
12820,20092,18
12820,20093,7
12820,20094,31
12820,20095,27.5
12820,20097,62
12820,20098,54
12820,20099,90.5
12820,20100,220
12820,20101,24
12820,20102,6
12820,20105,7
12820,20106,103.5
12820,20107,49
12820,20108,28.5
12820,20109,19.5
12820,20110,2
12820,20125,4
12820,20130,7
12820,20135,36.5
12820,20136,4
12820,20137,34
12820,20138,7.5
12820,20139,7
12820,20141,2
12820,20143,1
12820,20150,14
12820,20151,26
12820,20152,12
12820,20154,2
12820,20155,1
12820,20160,4
12820,20161,22
12820,20162,27
12820,20163,77
12820,20165,25
12820,20166,14
12820,20167,1
12820,20168,6
12820,20169,3
12820,20170,6
12820,20173,8
12820,20174,11.5
12820,20178,2
12820,20179,3
12820,20188,37
12820,20189,117
12820,20190,10
12820,20193,7
12820,20194,26
12820,20198,3
12820,20199,3
12820,20201,3
12820,20202,21
12820,20203,39.5
12820,20204,51.5
12820,20205,16
12820,20206,1
12820,20207,13
12820,20208,14
12820,20209,1
12820,20211,38
12820,20214,2
12820,20217,14
12820,20218,39
12820,20219,23
12820,20223,2
12820,20224,4
12820,20225,4
12820,20237,2
12820,20242,4
12820,20244,32
12820,20245,15
12820,20254,2
12820,20258,6.5
12820,20259,68
12820,20260,65.5
12820,20261,61.5
12820,20262,34
12820,20264,6
12820,20287,1
12820,20312,1
12821,20014,5
12821,20045,31
12821,20046,57
12821,20047,47
12821,20048,39
12821,20065,48.5
12821,20066,2
12821,20071,6
12821,20072,147
12821,20073,8
12821,20083,21
12821,20088,2
12821,20092,45
12821,20093,40
12821,20094,6
12821,20095,48
12821,20096,11
12821,20097,23
12821,20098,118.5
12821,20099,72
12821,20100,8
12821,20101,40
12821,20106,18
12821,20107,52.5
12821,20108,9
12821,20113,2
12821,20123,1
12821,20132,8
12821,20135,14
12821,20136,24
12821,20137,42.5
12821,20138,40.5
12821,20142,4
12821,20143,3
12821,20151,10
12821,20152,57
12821,20153,61
12821,20154,25.5
12821,20155,43.5
12821,20156,2
12821,20157,2
12821,20160,19
12821,20161,39
12821,20162,82
12821,20163,83
12821,20164,51.5
12821,20165,3
12821,20166,26
12821,20167,4
12821,20173,9
12821,20174,5
12821,20179,8
12821,20189,37.5
12821,20192,17
12821,20193,61.5
12821,20194,21
12821,20195,3
12821,20196,3
12821,20198,1
12821,20200,2
12821,20201,22
12821,20202,49
12821,20203,72.5
12821,20204,69
12821,20205,93.5
12821,20206,43
12821,20207,19
12821,20208,5
12821,20211,4
12821,20212,3
12821,20213,1
12821,20214,3
12821,20216,22
12821,20217,12.5
12821,20218,23
12821,20219,9
12821,20222,2
12821,20223,8
12821,20224,61.5
12821,20225,9
12821,20235,43.5
12821,20236,14
12821,20239,12
12821,20244,7
12821,20257,14
12821,20258,16
12821,20259,42.5
12821,20260,49
12821,20261,16
12821,20262,36
12821,20263,7
12821,20286,4
12821,20307,6
12821,20308,2
12821,20309,3
12821,20310,6
12822,20043,9
12822,20044,2
12822,20046,68.5
12822,20047,59
12822,20048,11
12822,20049,5
12822,20050,7.5
12822,20072,99
12822,20073,24
12822,20074,14
12822,20079,10
12822,20084,2
12822,20085,4
12822,20086,6
12822,20087,3.5
12822,20088,2
12822,20095,91
12822,20096,17
12822,20097,1
12822,20098,52
12822,20099,5
12822,20100,18
12822,20107,2
12822,20108,15
12822,20109,8
12822,20110,2
12822,20111,14
12822,20112,16
12822,20113,9
12822,20114,2
12822,20116,16
12822,20135,14
12822,20136,20
12822,20137,5
12822,20142,6
12822,20148,3
12822,20152,14
12822,20153,19
12822,20155,10
12822,20156,31
12822,20157,9
12822,20158,2
12822,20159,25
12822,20160,2
12822,20161,41
12822,20162,2
12822,20163,62
12822,20164,18
12822,20166,8.5
12822,20167,5
12822,20168,2
12822,20173,13
12822,20174,21
12822,20176,8
12822,20180,16
12822,20188,4
12822,20189,5
12822,20191,3
12822,20192,20
12822,20193,9
12822,20194,12
12822,20195,2
12822,20196,4
12822,20200,2
12822,20202,14.5
12822,20203,54
12822,20204,24
12822,20205,29
12822,20208,1
12822,20209,11
12822,20210,8
12822,20211,15
12822,20212,26
12822,20213,5
12822,20214,6
12822,20215,65.5
12822,20216,1
12822,20219,3
12822,20223,4
12822,20224,22.5
12822,20225,16
12822,20226,14
12822,20231,2
12822,20232,3
12822,20235,23
12822,20236,12
12822,20237,19
12822,20239,17
12822,20240,2
12822,20242,8
12822,20243,11
12822,20257,15
12822,20258,2
12822,20259,28
12822,20260,50
12822,20261,24
12822,20262,19
12822,20287,5
12822,20304,3
12822,20309,4
12823,20046,77.5
12823,20047,8.5
12823,20050,38
12823,20051,8
12823,20059,3
12823,20071,5
12823,20073,1
12823,20074,44.5
12823,20081,2
12823,20082,3
12823,20085,34.5
12823,20086,19
12823,20087,13
12823,20088,17
12823,20093,2
12823,20095,19
12823,20096,29
12823,20097,11
12823,20098,7
12823,20102,5
12823,20103,4
12823,20108,5
12823,20110,5
12823,20111,53
12823,20112,32
12823,20113,7
12823,20114,42
12823,20115,1
12823,20116,3
12823,20117,3
12823,20118,4
12823,20119,3
12823,20136,21
12823,20137,13
12823,20138,7
12823,20140,6
12823,20149,4
12823,20153,15
12823,20158,26
12823,20159,34
12823,20160,29.5
12823,20161,45
12823,20162,19.5
12823,20163,36.5
12823,20164,4
12823,20166,25
12823,20167,19
12823,20171,2
12823,20172,21
12823,20173,18
12823,20174,13
12823,20179,18.5
12823,20180,1
12823,20186,6
12823,20188,16
12823,20189,2
12823,20191,2
12823,20196,3
12823,20204,6
12823,20207,2
12823,20208,22
12823,20209,22
12823,20210,31
12823,20211,26
12823,20212,3
12823,20219,20.5
12823,20220,13
12823,20221,2
12823,20223,34.5
12823,20224,8
12823,20226,33
12823,20227,14
12823,20228,43
12823,20229,45
12823,20230,60.5
12823,20231,44.5
12823,20232,83.5
12823,20233,97.5
12823,20234,131
12823,20235,66.5
12823,20236,146
12823,20237,77.5
12823,20238,78.5
12823,20239,66
12823,20240,41
12823,20241,2
12823,20242,5
12823,20243,21
12823,20258,1
12823,20259,20
12823,20260,9
12823,20261,14
12823,20262,35
12823,20284,3
12823,20286,1
12823,20292,11
12823,20305,5
12823,20309,6
12824,20070,6
12824,20071,6
12824,20076,7.5
12824,20078,17.5
12824,20084,19
12824,20085,12
12824,20087,18
12824,20088,6
12824,20093,2
12824,20095,31
12824,20096,9
12824,20103,4
12824,20104,9
12824,20105,19
12824,20106,12
12824,20110,22
12824,20111,23
12824,20114,19
12824,20115,42
12824,20116,50
12824,20117,5
12824,20132,5
12824,20136,20.5
12824,20137,10
12824,20138,10
12824,20141,6
12824,20142,1
12824,20149,7
12824,20153,5
12824,20154,1
12824,20158,17
12824,20159,9
12824,20160,45
12824,20161,142.5
12824,20162,325.5
12824,20163,59
12824,20166,42
12824,20167,12
12824,20168,9
12824,20169,1
12824,20171,32
12824,20172,25
12824,20173,24
12824,20174,14
12824,20175,2
12824,20178,6
12824,20179,9
12824,20180,3
12824,20186,4
12824,20187,1
12824,20188,3
12824,20189,3
12824,20191,36
12824,20203,14
12824,20204,2
12824,20205,2
12824,20206,27
12824,20208,35
12824,20209,17
12824,20210,2
12824,20214,3
12824,20219,1
12824,20220,21
12824,20221,20
12824,20226,13
12824,20227,18
12824,20228,14.5
12824,20229,79
12824,20230,9
12824,20231,9
12824,20233,49
12824,20234,98
12824,20235,191.5
12824,20236,195
12824,20237,25
12824,20238,4
12824,20239,5
12824,20240,105.5
12824,20241,28
12824,20243,8
12824,20259,3
12824,20285,1
12824,20286,2
12824,20287,3
12824,20290,5
12824,20303,21
12824,20304,6
12824,20305,1
12824,20307,11
12824,20308,3
12824,20309,11
12824,20347,2
12825,20047,10
12825,20048,25
12825,20051,1
12825,20060,1
12825,20068,3
12825,20069,2
12825,20077,13
12825,20078,37.5
12825,20079,15
12825,20084,6
12825,20091,4
12825,20093,3
12825,20104,17
12825,20105,8
12825,20110,4
12825,20113,30
12825,20114,44
12825,20115,17
12825,20116,52
12825,20117,26
12825,20119,11
12825,20136,2
12825,20137,4
12825,20139,18
12825,20140,4
12825,20149,7
12825,20150,2
12825,20153,24
12825,20154,18
12825,20155,13
12825,20156,3
12825,20157,9
12825,20158,41.5
12825,20159,19
12825,20160,6
12825,20161,237.5
12825,20162,267
12825,20163,249.5
12825,20164,105.5
12825,20165,1
12825,20166,46.5
12825,20167,70
12825,20168,75.5
12825,20169,2
12825,20170,21
12825,20171,39
12825,20172,23
12825,20174,1
12825,20178,2
12825,20179,3
12825,20187,37
12825,20188,62
12825,20191,20
12825,20192,2
12825,20196,5
12825,20204,25.5
12825,20205,30
12825,20206,11
12825,20207,20
12825,20208,14
12825,20214,3
12825,20217,4
12825,20223,3
12825,20224,30
12825,20235,37.5
12825,20236,78
12825,20237,5
12825,20238,7
12825,20240,33
12825,20242,6
12825,20243,2
12825,20248,3
12825,20249,6
12825,20259,9
12825,20261,4
12825,20262,7
12825,20285,2
12825,20287,2
12825,20290,6
12825,20300,3
12825,20304,2
12825,20305,15
12825,20306,20
12825,20308,2
12825,20309,27
12825,20310,10
12825,20311,4
12825,20347,2
12825,20349,6
12825,20350,6
12825,20351,1
12826,20021,6
12826,20040,1
12826,20047,14
12826,20048,90
12826,20049,51.5
12826,20051,4
12826,20058,13
12826,20059,1
12826,20068,8
12826,20069,4
12826,20070,4
12826,20078,29.5
12826,20079,33
12826,20091,2
12826,20097,4
12826,20107,2
12826,20109,5
12826,20111,6
12826,20112,13
12826,20113,33
12826,20114,15
12826,20115,4
12826,20116,8
12826,20117,41
12826,20118,18
12826,20119,23.5
12826,20120,2
12826,20138,1
12826,20139,10
12826,20140,35
12826,20141,15
12826,20154,27
12826,20155,40
12826,20156,8
12826,20157,4
12826,20158,59
12826,20161,112
12826,20162,132.5
12826,20163,342
12826,20164,103
12826,20165,172
12826,20166,49
12826,20167,182
12826,20168,49.5
12826,20169,18
12826,20171,41
12826,20172,53.5
12826,20174,1
12826,20175,6
12826,20187,44.5
12826,20188,42
12826,20196,20
12826,20197,4
12826,20203,3
12826,20204,22
12826,20205,6
12826,20207,7
12826,20209,5
12826,20210,10
12826,20211,3.5
12826,20212,33
12826,20213,38
12826,20214,157.5
12826,20219,51
12826,20220,6
12826,20221,1
12826,20222,22
12826,20223,51
12826,20224,28
12826,20236,26.5
12826,20237,166
12826,20238,2
12826,20239,5
12826,20242,32.5
12826,20243,17
12826,20250,10
12826,20251,20
12826,20252,9
12826,20257,7
12826,20258,8
12826,20259,17
12826,20260,16
12826,20267,2
12826,20283,1
12826,20285,2
12826,20307,1
12826,20309,14
12826,20310,5
12826,20311,67.5
12826,20312,6
12826,20314,1
12826,20315,14
12826,20323,11
12826,20345,9
12826,20347,2
12826,20348,16
12827,20027,5
12827,20047,27
12827,20048,51
12827,20049,19
12827,20058,14
12827,20059,4
12827,20069,19
12827,20076,3
12827,20078,16
12827,20079,13.5
12827,20089,95.5
12827,20090,52
12827,20106,13
12827,20107,30
12827,20108,61
12827,20109,32
12827,20110,22
12827,20111,60
12827,20112,36.5
12827,20113,36
12827,20115,29
12827,20116,112
12827,20117,32
12827,20118,34
12827,20119,76
12827,20120,6
12827,20139,19
12827,20140,21
12827,20141,16
12827,20143,1
12827,20144,11
12827,20156,4
12827,20157,21
12827,20161,97
12827,20162,132.5
12827,20163,220
12827,20164,197
12827,20165,26
12827,20166,61
12827,20167,124.5
12827,20168,32.5
12827,20169,30
12827,20170,6
12827,20174,3
12827,20175,5
12827,20177,7
12827,20178,28
12827,20186,103
12827,20187,99.5
12827,20188,64
12827,20189,5
12827,20190,20
12827,20194,2
12827,20195,19
12827,20196,7
12827,20197,1
12827,20198,13
12827,20199,15
12827,20203,3
12827,20208,3
12827,20212,94
12827,20213,94
12827,20214,10
12827,20215,13
12827,20216,1
12827,20217,1
12827,20219,19
12827,20220,70
12827,20221,38
12827,20222,10
12827,20223,8
12827,20238,23
12827,20239,35
12827,20240,5
12827,20242,6
12827,20250,2
12827,20251,20.5
12827,20252,2
12827,20256,23
12827,20257,41.5
12827,20258,4
12827,20285,1
12827,20286,10
12827,20287,4
12827,20288,12
12827,20289,7
12827,20295,2
12827,20307,5
12827,20308,6
12827,20309,17
12827,20310,3
12827,20311,1
12827,20312,3.5
12827,20313,17
12827,20314,18
12827,20315,10
12827,20316,15
12827,20318,11
12827,20324,1
12827,20345,2
12828,20031,5
12828,20049,3
12828,20050,17
12828,20059,10
12828,20070,1
12828,20076,6
12828,20077,2
12828,20078,4
12828,20088,16
12828,20089,101.5
12828,20090,65
12828,20091,75
12828,20092,12
12828,20106,3
12828,20107,12
12828,20108,87
12828,20109,79.5
12828,20110,188.5
12828,20111,17.5
12828,20112,5
12828,20114,7
12828,20115,46
12828,20117,45
12828,20118,31.5
12828,20119,15
12828,20120,15
12828,20140,1
12828,20141,16.5
12828,20142,4
12828,20143,2
12828,20144,13
12828,20162,89.5
12828,20163,189.5
12828,20164,167
12828,20165,14.5
12828,20167,33
12828,20168,4
12828,20169,3
12828,20170,5
12828,20173,1
12828,20177,70.5
12828,20178,44.5
12828,20179,1
12828,20185,8
12828,20186,40
12828,20187,38
12828,20188,54
12828,20189,10
12828,20190,9
12828,20194,8
12828,20195,79.5
12828,20196,29.5
12828,20197,2
12828,20198,1
12828,20199,16
12828,20200,9
12828,20206,4
12828,20211,7
12828,20212,87.5
12828,20213,35.5
12828,20214,43
12828,20215,52
12828,20216,32
12828,20217,39
12828,20218,12
12828,20219,7
12828,20220,21.5
12828,20221,36
12828,20222,59.5
12828,20237,11
12828,20238,124.5
12828,20239,50
12828,20240,28
12828,20250,41
12828,20251,15
12828,20255,9
12828,20256,24
12828,20257,29
12828,20258,5
12828,20261,3.5
12828,20287,9
12828,20288,2
12828,20309,4
12828,20310,3
12828,20311,2
12828,20312,30
12828,20313,31
12828,20314,28
12828,20316,14
12828,20317,13
12828,20318,7
12828,20330,1
12828,20343,8
12829,20050,1
12829,20056,8
12829,20060,53
12829,20061,16
12829,20076,2
12829,20086,4
12829,20088,55
12829,20089,177
12829,20090,8
12829,20107,29.5
12829,20108,20.5
12829,20109,243
12829,20110,37.5
12829,20114,2
12829,20115,36
12829,20116,38
12829,20117,42
12829,20118,52
12829,20119,6
12829,20141,1
12829,20142,2
12829,20149,21
12829,20150,4
12829,20155,11
12829,20156,2
12829,20160,2
12829,20163,20
12829,20164,60
12829,20165,37
12829,20166,13
12829,20167,2
12829,20168,2
12829,20169,7
12829,20174,2
12829,20177,23
12829,20178,6
12829,20179,5
12829,20184,3
12829,20185,22
12829,20186,44
12829,20187,43
12829,20188,12
12829,20189,21
12829,20190,7
12829,20194,6
12829,20195,73
12829,20196,90
12829,20197,10
12829,20198,5
12829,20207,4
12829,20208,15
12829,20209,10
12829,20212,1
12829,20215,25
12829,20216,88
12829,20217,103.5
12829,20218,1
12829,20221,31
12829,20222,63
12829,20223,1
12829,20238,35
12829,20239,94.5
12829,20240,41
12829,20254,3
12829,20255,15
12829,20256,2
12829,20257,3
12829,20258,21
12829,20259,11
12829,20311,6
12829,20312,5
12829,20313,11
12829,20314,49
12829,20315,64
12829,20316,26
12829,20317,6
12829,20341,1
12829,20342,14
12830,20059,3
12830,20060,56
12830,20061,25
12830,20062,1
12830,20071,5
12830,20088,14
12830,20089,39
12830,20090,31
12830,20091,4
12830,20099,1
12830,20100,15
12830,20101,2
12830,20107,210.5
12830,20108,9
12830,20109,104.5
12830,20110,79
12830,20114,38
12830,20115,251.5
12830,20116,16
12830,20117,50
12830,20118,56.5
12830,20119,18
12830,20120,7
12830,20140,4
12830,20141,4
12830,20142,23.5
12830,20143,12
12830,20148,5
12830,20149,5
12830,20150,19
12830,20151,4
12830,20153,4
12830,20154,6
12830,20155,15
12830,20156,1
12830,20163,26
12830,20164,22
12830,20165,11
12830,20168,8
12830,20169,4
12830,20171,3
12830,20178,7
12830,20184,14
12830,20185,26.5
12830,20186,25
12830,20187,27
12830,20188,9
12830,20193,14
12830,20194,62.5
12830,20195,40
12830,20196,35
12830,20197,6.5
12830,20198,4
12830,20206,7
12830,20207,40
12830,20208,89.5
12830,20209,32.5
12830,20210,25
12830,20215,24
12830,20216,66.5
12830,20217,153
12830,20218,34
12830,20219,47
12830,20220,30
12830,20221,16
12830,20222,47
12830,20223,21
12830,20239,20.5
12830,20240,43
12830,20254,20
12830,20255,13
12830,20256,16
12830,20257,8
12830,20258,1.5
12830,20259,7
12830,20260,2
12830,20297,4
12830,20308,5
12830,20311,1
12830,20313,2
12830,20314,28
12830,20315,15
12830,20316,31
12830,20318,8
12830,20319,7
12830,20320,4.5
12830,20321,1
12830,20341,6
12830,20342,3
12831,20057,2
12831,20060,9
12831,20061,28
12831,20062,21
12831,20063,17
12831,20068,18
12831,20069,19
12831,20079,4
12831,20080,19
12831,20087,13
12831,20088,6
12831,20089,39.5
12831,20090,4
12831,20092,12
12831,20098,48.5
12831,20099,20
12831,20107,2
12831,20108,1
12831,20110,25
12831,20111,20.5
12831,20112,90
12831,20113,11.5
12831,20114,128.5
12831,20115,358.5
12831,20116,59
12831,20117,41
12831,20118,53
12831,20119,36
12831,20120,32
12831,20121,24
12831,20142,44
12831,20143,13
12831,20147,8
12831,20148,27
12831,20149,81.5
12831,20150,29
12831,20151,1
12831,20152,1
12831,20153,4
12831,20154,4
12831,20155,11
12831,20159,4
12831,20160,5
12831,20161,9
12831,20163,4
12831,20164,11
12831,20165,2
12831,20169,4
12831,20181,6
12831,20182,20.5
12831,20183,31
12831,20184,33
12831,20185,13
12831,20186,3
12831,20188,11
12831,20189,4
12831,20193,19
12831,20194,11.5
12831,20195,6
12831,20196,25
12831,20207,98.5
12831,20208,79
12831,20209,38
12831,20210,39.5
12831,20211,19.5
12831,20212,27.5
12831,20213,9
12831,20214,59
12831,20215,97.5
12831,20216,36.5
12831,20217,41.5
12831,20218,95.5
12831,20219,60
12831,20220,10
12831,20221,19
12831,20222,14
12831,20223,19
12831,20249,30
12831,20255,13
12831,20256,6
12831,20259,15
12831,20260,10
12831,20264,10
12831,20314,2
12831,20315,15
12831,20316,42.5
12831,20317,23
12831,20318,2
12831,20319,2
12831,20320,1
12831,20321,8
12831,20323,2
12831,20340,8
12831,20341,8.5
12832,20062,39.5
12832,20063,43
12832,20067,6
12832,20068,89
12832,20069,41
12832,20079,27.5
12832,20080,52
12832,20082,2
12832,20083,8
12832,20084,56
12832,20085,297.5
12832,20086,250
12832,20087,280
12832,20088,99
12832,20089,89
12832,20090,9
12832,20091,43
12832,20092,45
12832,20097,28
12832,20098,57
12832,20099,68
12832,20100,2
12832,20103,1
12832,20111,28.5
12832,20112,123
12832,20113,81
12832,20114,19
12832,20115,20
12832,20116,38
12832,20117,42
12832,20118,34
12832,20119,15
12832,20120,59
12832,20121,8
12832,20142,18.5
12832,20143,18
12832,20145,6
12832,20147,2
12832,20148,15
12832,20149,46
12832,20150,28
12832,20159,5
12832,20160,1
12832,20162,3
12832,20169,3
12832,20181,11
12832,20182,62
12832,20183,3
12832,20189,22
12832,20190,14
12832,20191,13
12832,20192,5
12832,20193,38.5
12832,20194,19
12832,20196,13
12832,20197,5
12832,20198,5
12832,20206,13
12832,20207,42.5
12832,20208,13
12832,20209,3
12832,20211,12
12832,20212,59
12832,20213,24
12832,20214,171
12832,20215,43
12832,20216,26
12832,20217,56.5
12832,20218,25
12832,20219,6
12832,20221,2
12832,20222,10
12832,20223,20
12832,20248,15
12832,20249,12
12832,20250,1
12832,20253,5
12832,20254,24
12832,20255,5
12832,20256,4
12832,20315,6
12832,20316,25
12832,20317,21
12832,20318,23
12832,20319,6
12832,20320,6
12832,20321,6
12832,20322,12
12832,20338,10
12833,20057,3
12833,20061,19
12833,20062,60
12833,20063,36
12833,20065,7
12833,20066,68
12833,20067,72.5
12833,20068,29
12833,20079,22
12833,20080,6
12833,20082,8
12833,20083,76
12833,20085,270.5
12833,20086,34
12833,20087,177.5
12833,20088,164
12833,20089,433.5
12833,20090,844.5
12833,20091,204.5
12833,20092,180
12833,20093,1
12833,20094,8
12833,20097,33
12833,20098,69.5
12833,20099,71
12833,20100,2
12833,20101,9
12833,20102,3
12833,20111,23
12833,20112,148
12833,20113,160.5
12833,20114,6.5
12833,20115,48.5
12833,20116,36
12833,20117,36
12833,20118,23
12833,20119,4
12833,20120,27
12833,20121,20
12833,20122,2
12833,20131,1
12833,20142,19.5
12833,20143,40.5
12833,20148,14
12833,20149,24
12833,20150,54
12833,20159,4
12833,20175,1
12833,20179,12
12833,20182,2
12833,20186,5
12833,20187,1
12833,20188,22.5
12833,20189,68
12833,20190,35
12833,20191,32
12833,20192,36.5
12833,20193,33
12833,20194,42
12833,20195,46
12833,20196,49.5
12833,20197,13
12833,20205,46
12833,20206,99
12833,20207,10
12833,20210,5
12833,20211,30
12833,20212,13
12833,20216,8
12833,20217,35
12833,20218,31
12833,20219,33
12833,20220,20
12833,20221,4
12833,20222,12
12833,20248,1
12833,20249,4
12833,20252,3
12833,20253,9
12833,20254,4
12833,20256,3
12833,20259,6
12833,20262,3
12833,20270,12
12833,20317,14
12833,20318,29
12833,20319,3
12833,20321,1
12833,20322,7
12833,20337,4
12833,20338,4
12834,20061,4
12834,20062,59
12834,20066,22
12834,20067,7
12834,20081,17
12834,20082,59
12834,20083,36
12834,20084,1
12834,20085,141.5
12834,20086,429.5
12834,20087,341
12834,20088,222.5
12834,20089,191
12834,20090,236.5
12834,20091,147
12834,20092,65.5
12834,20093,123
12834,20094,81
12834,20095,6
12834,20097,3
12834,20113,9
12834,20114,5
12834,20115,7
12834,20116,40
12834,20117,31.5
12834,20118,41
12834,20119,20
12834,20120,33
12834,20121,34
12834,20122,38
12834,20123,1
12834,20124,3
12834,20142,27.5
12834,20143,42
12834,20148,2
12834,20149,7
12834,20150,19
12834,20151,12
12834,20153,20
12834,20154,5
12834,20157,5
12834,20163,14
12834,20164,8
12834,20165,6
12834,20176,10
12834,20177,33
12834,20178,78.5
12834,20179,8
12834,20180,20
12834,20181,7
12834,20182,37
12834,20183,45
12834,20184,4
12834,20186,29
12834,20187,8
12834,20188,9
12834,20189,27
12834,20190,54
12834,20191,49.5
12834,20192,57.5
12834,20193,20
12834,20194,13
12834,20196,7
12834,20197,34
12834,20204,6
12834,20205,23
12834,20206,9
12834,20208,17
12834,20209,1.5
12834,20211,6
12834,20212,4
12834,20215,5
12834,20216,2
12834,20217,14.5
12834,20218,13
12834,20219,28
12834,20220,11
12834,20221,3
12834,20222,19
12834,20239,2
12834,20240,8
12834,20244,2
12834,20252,6
12834,20255,1
12834,20259,2
12834,20260,4
12834,20261,3
12834,20317,2
12834,20318,4
12834,20319,8
12834,20337,12
12835,20082,3
12835,20084,9
12835,20085,143.5
12835,20086,499
12835,20087,59
12835,20088,171
12835,20089,179.5
12835,20090,368.5
12835,20091,135.5
12835,20092,99
12835,20093,551.5
12835,20094,80
12835,20095,47
12835,20115,4
12835,20117,1
12835,20118,50
12835,20119,47.5
12835,20121,31
12835,20122,47
12835,20123,6
12835,20134,2
12835,20142,10
12835,20143,19
12835,20144,29.5
12835,20149,21
12835,20150,26
12835,20151,5
12835,20153,59.5
12835,20154,33
12835,20156,1
12835,20157,7
12835,20160,4
12835,20161,10
12835,20162,13
12835,20163,2
12835,20164,1
12835,20165,5
12835,20166,5
12835,20173,4
12835,20174,7
12835,20176,202.5
12835,20177,133.5
12835,20178,19
12835,20179,12
12835,20182,6
12835,20183,23
12835,20184,26
12835,20185,8
12835,20186,6
12835,20187,7
12835,20188,1
12835,20189,18
12835,20190,27
12835,20191,2
12835,20192,16
12835,20193,28
12835,20194,3
12835,20196,18
12835,20197,12
12835,20204,6
12835,20205,4
12835,20208,4
12835,20209,24.5
12835,20210,24
12835,20211,20
12835,20213,2
12835,20215,10
12835,20216,4
12835,20217,20
12835,20218,4
12835,20219,5
12835,20220,19.5
12835,20221,6
12835,20222,2
12835,20224,1
12835,20233,1
12835,20239,2
12835,20240,6
12835,20241,1
12835,20248,2.5
12835,20249,9
12835,20250,2
12835,20251,2
12835,20252,10
12835,20253,5.5
12835,20254,17
12835,20255,2
12835,20257,4
12835,20259,6
12835,20260,1
12835,20272,8.5
12835,20316,1
12835,20317,19
12835,20318,8
12835,20319,24.5
12835,20320,2
12835,20332,7
12835,20335,7
12835,20336,5
12836,20085,64
12836,20086,3
12836,20087,39
12836,20088,285
12836,20089,40
12836,20090,179
12836,20091,245.5
12836,20092,87
12836,20094,430.5
12836,20095,24
12836,20116,4
12836,20118,8
12836,20119,88
12836,20121,35
12836,20122,16
12836,20123,15
12836,20135,5
12836,20142,5
12836,20143,30
12836,20144,5
12836,20145,24
12836,20146,6
12836,20149,4
12836,20150,39
12836,20154,4
12836,20155,7
12836,20156,42
12836,20161,21
12836,20162,26
12836,20163,12
12836,20164,21.5
12836,20172,9
12836,20173,13
12836,20174,51
12836,20175,54
12836,20176,30.5
12836,20177,73
12836,20178,3
12836,20180,6
12836,20183,29
12836,20184,5
12836,20185,11
12836,20186,25
12836,20189,17
12836,20190,1
12836,20192,3
12836,20193,9
12836,20194,52
12836,20195,40
12836,20196,29
12836,20197,34
12836,20198,25.5
12836,20201,5
12836,20208,12
12836,20209,41.5
12836,20210,47
12836,20211,2
12836,20213,5
12836,20214,5
12836,20216,1
12836,20217,17
12836,20219,26
12836,20220,14
12836,20222,4
12836,20235,2
12836,20239,2
12836,20240,21
12836,20247,12
12836,20248,15
12836,20249,25
12836,20250,7
12836,20251,9
12836,20252,3
12836,20253,3
12836,20254,19
12836,20272,4
12836,20276,2
12836,20318,7
12836,20319,2
12836,20320,10
12836,20332,16
12837,20081,5.5
12837,20082,28
12837,20084,6
12837,20085,9.5
12837,20086,16.5
12837,20087,2
12837,20088,46
12837,20089,356
12837,20090,453.5
12837,20091,293
12837,20092,76
12837,20093,40.5
12837,20118,8
12837,20119,1
12837,20120,51.5
12837,20121,47.5
12837,20135,1
12837,20137,1
12837,20150,8
12837,20151,1
12837,20154,3
12837,20157,1.5
12837,20159,13
12837,20161,1
12837,20163,41
12837,20164,57
12837,20165,54
12837,20167,10
12837,20168,2
12837,20172,8
12837,20173,46.5
12837,20174,61.5
12837,20175,43
12837,20176,58.5
12837,20177,74
12837,20178,22
12837,20182,31
12837,20183,43
12837,20184,19.5
12837,20185,43
12837,20186,2
12837,20187,8
12837,20188,15.5
12837,20189,26.5
12837,20190,92
12837,20191,6
12837,20193,7
12837,20194,55.5
12837,20195,40
12837,20196,4
12837,20199,5
12837,20200,9
12837,20208,7
12837,20209,115.5
12837,20210,40
12837,20211,2
12837,20214,20
12837,20216,8
12837,20217,21
12837,20219,33.5
12837,20220,72
12837,20222,5
12837,20223,1
12837,20225,1
12837,20240,3
12837,20249,8
12837,20250,11
12837,20272,4
12837,20320,5.5
12837,20332,5
12837,20333,6
12837,20334,5
12837,20335,5
12838,20081,25
12838,20082,82
12838,20090,114.5
12838,20091,23.5
12838,20092,157
12838,20093,31
12838,20120,4
12838,20121,97.5
12838,20122,38
12838,20123,4
12838,20124,24
12838,20125,8
12838,20138,1
12838,20147,2
12838,20148,3
12838,20149,9
12838,20150,34
12838,20151,9
12838,20154,9
12838,20155,2
12838,20159,4
12838,20160,24
12838,20162,23
12838,20163,52
12838,20164,26
12838,20165,16
12838,20167,7
12838,20168,37.5
12838,20169,4
12838,20173,3
12838,20174,17
12838,20175,35
12838,20176,29
12838,20177,26
12838,20178,1.5
12838,20180,1
12838,20181,39
12838,20182,56
12838,20183,20
12838,20186,9
12838,20187,14
12838,20188,55
12838,20189,7
12838,20191,43
12838,20192,3
12838,20193,6
12838,20194,4
12838,20195,7
12838,20196,18
12838,20197,60
12838,20198,24
12838,20199,2
12838,20200,11
12838,20201,17
12838,20202,8
12838,20207,1
12838,20209,4
12838,20212,4
12838,20213,8
12838,20214,4
12838,20215,10
12838,20217,4
12838,20218,5
12838,20219,2
12838,20220,24
12838,20221,1
12838,20231,2.5
12838,20241,52
12838,20253,2
12838,20254,2
12838,20260,1
12838,20318,4
12838,20319,2
12838,20321,5
12838,20332,5
12838,20333,10
12838,20334,16
12839,20082,6
12839,20141,18
12839,20142,56
12839,20143,24
12839,20144,8
12839,20145,4
12839,20146,6
12839,20150,34
12839,20151,15
12839,20158,2
12839,20159,84.5
12839,20160,41
12839,20161,25
12839,20162,11
12839,20163,110
12839,20164,11
12839,20165,14
12839,20167,7
12839,20168,16
12839,20169,9
12839,20170,1
12839,20175,18.5
12839,20176,6
12839,20179,10
12839,20180,38
12839,20181,12.5
12839,20182,12
12839,20186,13
12839,20187,10
12839,20188,4
12839,20191,4
12839,20192,18
12839,20193,1
12839,20194,20
12839,20195,14
12839,20196,9
12839,20202,12
12839,20203,2
12839,20209,3
12839,20211,23
12839,20212,12
12839,20213,11
12839,20216,13.5
12839,20240,20
12839,20241,25
12839,20242,34
12839,20243,5
12839,20244,2
12839,20248,1
12839,20302,2
12839,20319,1
12839,20321,3
12839,20332,28
12839,20333,9
12839,20334,34
12840,20126,4
12840,20127,31
12840,20128,20
12840,20129,26
12840,20138,1
12840,20139,7
12840,20140,15
12840,20141,52
12840,20142,43
12840,20143,44
12840,20144,32.5
12840,20146,10
12840,20152,6
12840,20158,14
12840,20159,9
12840,20160,25
12840,20161,28
12840,20162,5
12840,20164,4
12840,20165,12
12840,20166,11
12840,20167,16
12840,20168,25
12840,20170,4
12840,20176,3
12840,20178,8
12840,20179,54
12840,20180,27
12840,20181,3
12840,20182,11
12840,20183,4
12840,20185,19
12840,20186,57
12840,20187,42.5
12840,20188,2
12840,20191,34
12840,20192,2
12840,20193,5
12840,20194,7
12840,20195,57
12840,20196,33
12840,20197,13
12840,20198,7
12840,20199,37
12840,20200,6
12840,20201,2.5
12840,20202,8
12840,20210,1
12840,20211,6
12840,20212,9
12840,20213,19
12840,20218,33
12840,20219,4
12840,20224,4
12840,20240,21
12840,20241,6
12840,20242,102
12840,20243,21
12840,20244,36
12840,20250,2
12840,20252,2
12840,20253,15
12840,20298,3
12840,20304,5
12840,20332,20
12840,20333,9
12840,20334,14
12841,20127,10
12841,20128,13
12841,20129,30
12841,20130,1
12841,20131,2
12841,20138,49
12841,20139,89
12841,20140,37
12841,20141,4.5
12841,20142,15
12841,20143,18
12841,20146,25.5
12841,20147,30.5
12841,20148,50.5
12841,20149,30
12841,20150,14
12841,20151,30
12841,20152,15
12841,20153,5.5
12841,20156,3
12841,20157,42
12841,20158,8
12841,20159,7
12841,20163,2
12841,20164,15
12841,20165,43
12841,20166,89
12841,20167,25
12841,20177,4
12841,20178,27
12841,20179,17
12841,20182,6
12841,20183,3
12841,20190,12
12841,20191,32
12841,20192,32
12841,20193,39
12841,20194,33
12841,20195,20
12841,20196,24
12841,20197,39
12841,20198,14
12841,20199,19
12841,20200,22
12841,20201,25.5
12841,20202,9
12841,20209,6
12841,20211,3
12841,20212,1
12841,20213,9
12841,20214,1
12841,20216,4
12841,20217,6
12841,20218,5
12841,20219,25
12841,20220,15
12841,20221,5
12841,20222,31.5
12841,20225,1
12841,20239,6
12841,20241,10
12841,20242,38
12841,20243,35
12841,20244,5
12841,20248,6
12841,20251,8
12841,20252,15
12841,20253,10
12841,20254,6
12841,20255,4
12841,20256,3
12841,20332,26.5
12841,20333,43
12841,20334,32
12841,20335,2
12842,20128,5
12842,20129,32
12842,20130,19
12842,20131,23.5
12842,20137,10
12842,20138,17
12842,20139,1
12842,20146,8.5
12842,20147,32
12842,20148,33
12842,20149,29.5
12842,20150,70.5
12842,20151,25
12842,20154,3
12842,20155,67
12842,20156,42
12842,20164,21
12842,20165,65
12842,20166,27
12842,20167,3
12842,20176,3
12842,20177,18
12842,20178,2
12842,20183,232.5
12842,20184,92
12842,20185,29
12842,20186,11.5
12842,20187,20
12842,20188,15
12842,20189,11
12842,20190,21
12842,20191,20.5
12842,20192,1
12842,20193,19
12842,20194,10
12842,20195,11
12842,20196,15
12842,20197,9
12842,20198,4
12842,20200,8
12842,20201,51
12842,20202,14.5
12842,20210,19
12842,20211,15
12842,20212,5
12842,20214,40
12842,20215,20
12842,20220,33
12842,20221,2
12842,20222,7
12842,20223,5
12842,20238,1
12842,20240,3
12842,20242,4
12842,20243,8
12842,20244,65
12842,20245,26
12842,20252,14
12842,20253,6
12842,20254,5
12842,20255,6
12842,20319,3.5
12842,20320,2
12842,20323,2
12842,20331,23
12842,20332,60
12842,20333,73
12842,20334,56.5
12842,20335,37
12842,20336,12
12843,20129,12
12843,20130,56
12843,20131,79
12843,20132,130.5
12843,20133,83
12843,20134,12
12843,20148,21
12843,20149,8
12843,20150,21
12843,20151,39
12843,20153,4
12843,20155,6
12843,20164,2
12843,20165,38
12843,20166,6
12843,20167,4
12843,20168,24
12843,20169,2
12843,20175,2
12843,20176,38
12843,20177,40
12843,20178,2
12843,20181,36
12843,20182,55
12843,20183,218.5
12843,20184,48.5
12843,20185,72
12843,20186,14
12843,20187,38
12843,20188,36.5
12843,20189,18.5
12843,20191,7
12843,20193,47.5
12843,20194,19
12843,20195,6.5
12843,20198,7
12843,20199,29
12843,20200,12
12843,20201,58
12843,20202,39
12843,20210,3
12843,20211,4
12843,20212,22.5
12843,20214,3
12843,20216,8.5
12843,20217,2
12843,20220,16
12843,20221,13
12843,20223,3
12843,20239,11
12843,20240,2
12843,20241,40
12843,20242,38
12843,20243,38
12843,20244,53
12843,20245,48
12843,20246,33
12843,20247,3.5
12843,20251,3
12843,20252,9
12843,20323,14
12843,20324,1
12843,20329,7
12843,20330,22
12843,20331,49
12843,20332,28
12843,20333,75
12843,20334,63
12843,20335,95
12843,20336,65
12843,20337,26.5
12843,20338,16
12843,20339,14
12844,20131,23.5
12844,20132,91
12844,20133,95.5
12844,20134,38
12844,20135,8
12844,20136,4
12844,20149,4
12844,20150,7
12844,20151,62.5
12844,20152,24
12844,20160,1
12844,20163,3
12844,20165,12
12844,20166,10
12844,20167,35
12844,20168,35
12844,20169,2
12844,20181,22
12844,20182,100.5
12844,20183,70
12844,20184,43
12844,20185,114
12844,20186,103
12844,20187,53.5
12844,20188,48
12844,20189,17
12844,20190,4
12844,20191,2
12844,20192,9
12844,20193,50
12844,20194,39.5
12844,20198,6
12844,20199,2
12844,20200,13
12844,20201,46
12844,20202,26
12844,20216,8
12844,20217,2
12844,20223,3
12844,20226,3
12844,20239,1
12844,20240,19.5
12844,20241,34
12844,20242,8
12844,20243,7
12844,20244,8
12844,20245,31
12844,20246,27
12844,20247,10
12844,20248,3
12844,20250,4
12844,20251,7.5
12844,20253,3
12844,20254,8
12844,20255,6
12844,20256,10
12844,20323,14
12844,20324,7
12844,20328,13
12844,20329,19
12844,20330,36
12844,20331,38
12844,20332,39
12844,20333,45
12844,20334,31
12844,20335,25.5
12844,20336,8
12844,20338,5
12844,20339,6
12844,20340,13
12845,20132,19.5
12845,20133,19
12845,20134,12
12845,20135,55.5
12845,20136,9
12845,20137,6
12845,20138,2
12845,20150,8
12845,20151,34
12845,20152,15.5
12845,20158,4
12845,20159,2
12845,20161,15.5
12845,20162,7
12845,20164,8
12845,20180,39
12845,20181,22
12845,20182,33
12845,20183,16
12845,20184,82
12845,20185,70
12845,20186,29
12845,20187,45
12845,20188,29.5
12845,20189,10
12845,20190,3
12845,20192,30
12845,20193,37
12845,20196,5
12845,20199,4.5
12845,20200,11
12845,20201,29
12845,20202,30.5
12845,20214,20
12845,20221,2
12845,20222,2
12845,20223,2
12845,20224,4
12845,20230,1
12845,20234,3
12845,20240,5
12845,20241,8
12845,20242,7
12845,20243,11
12845,20249,7
12845,20250,7
12845,20252,4
12845,20253,25
12845,20254,16
12845,20255,6
12845,20256,3
12845,20312,2
12845,20314,19
12845,20315,9
12845,20323,3
12845,20324,8
12845,20325,4
12845,20327,2
12845,20328,26
12845,20329,56
12845,20330,79
12845,20331,11
12845,20332,19
12845,20333,15
12845,20334,24
12845,20335,8
12845,20336,2
12845,20338,6
12845,20341,2
12845,20342,9
12845,20343,1
12846,20132,12
12846,20133,7
12846,20134,6
12846,20135,33
12846,20136,7
12846,20137,13
12846,20138,8
12846,20149,13
12846,20150,55.5
12846,20151,62
12846,20152,31
12846,20155,5
12846,20156,4
12846,20157,39.5
12846,20158,4
12846,20159,20
12846,20160,104.5
12846,20161,61
12846,20162,43
12846,20164,1
12846,20166,3
12846,20169,1
12846,20180,95.5
12846,20181,37
12846,20182,54
12846,20183,13
12846,20184,2
12846,20185,40
12846,20186,37.5
12846,20187,9.5
12846,20188,4
12846,20189,13
12846,20190,2
12846,20192,27.5
12846,20193,22
12846,20194,11
12846,20202,8
12846,20213,4
12846,20217,10
12846,20221,20
12846,20222,24
12846,20223,2
12846,20224,10.5
12846,20231,1
12846,20232,2
12846,20241,11
12846,20242,4.5
12846,20243,2
12846,20246,7
12846,20247,4
12846,20250,2
12846,20252,4
12846,20253,13
12846,20254,36
12846,20255,9
12846,20312,6
12846,20313,11
12846,20314,2
12846,20315,5
12846,20317,3
12846,20325,3
12846,20327,3
12846,20328,40
12846,20329,56
12846,20330,4
12846,20331,19
12846,20332,32
12846,20333,4
12846,20335,2
12846,20336,3
12846,20337,4
12846,20338,3
12846,20344,3
12846,20346,4
12846,20359,7
12846,20360,3
12847,20133,74.5
12847,20134,48
12847,20150,51
12847,20151,63
12847,20152,5
12847,20154,1
12847,20155,4
12847,20156,56
12847,20157,89.5
12847,20158,30
12847,20159,76
12847,20160,230
12847,20161,59
12847,20162,32
12847,20164,2
12847,20171,6
12847,20172,5
12847,20175,19
12847,20176,8
12847,20177,54
12847,20178,13
12847,20180,1
12847,20181,26.5
12847,20182,20
12847,20186,43
12847,20187,39
12847,20188,3
12847,20189,16
12847,20192,2
12847,20193,3
12847,20197,4
12847,20202,14
12847,20203,3
12847,20212,4
12847,20213,7
12847,20214,4
12847,20215,2
12847,20217,4
12847,20219,5
12847,20220,1
12847,20222,12
12847,20241,10
12847,20254,4
12847,20255,22
12847,20312,3
12847,20316,19
12847,20317,14
12847,20322,2
12847,20323,4
12847,20324,6
12847,20327,4
12847,20328,59
12847,20330,8
12847,20331,70
12847,20332,4
12847,20335,5
12847,20336,2
12847,20338,1
12847,20340,2
12847,20346,9
12847,20347,21
12847,20348,10
12847,20349,20
12847,20350,8
12847,20351,7
12847,20358,2
12847,20359,18
12847,20360,19
12848,20133,6
12848,20134,8
12848,20135,1
12848,20150,42
12848,20151,21
12848,20155,16
12848,20156,119
12848,20157,58
12848,20158,115
12848,20159,63.5
12848,20160,151.5
12848,20161,43.5
12848,20162,58
12848,20163,43
12848,20164,6
12848,20169,19
12848,20171,15
12848,20172,28
12848,20173,17
12848,20174,3.5
12848,20175,42.5
12848,20177,136.5
12848,20178,15
12848,20181,37
12848,20182,51
12848,20186,19
12848,20187,26
12848,20188,23
12848,20189,12
12848,20193,10
12848,20196,2
12848,20200,2
12848,20202,4
12848,20203,9
12848,20212,2
12848,20218,7
12848,20219,25
12848,20220,3
12848,20222,3
12848,20230,17
12848,20233,2
12848,20254,4
12848,20257,7
12848,20316,14
12848,20317,50
12848,20318,24
12848,20319,24
12848,20320,13
12848,20326,7
12848,20327,30.5
12848,20328,28
12848,20330,21.5
12848,20331,13
12848,20337,3
12848,20339,3
12848,20340,3
12848,20341,1
12848,20350,2
12848,20357,14.5
12848,20358,7.5
12848,20359,26
12848,20360,9
12849,20145,15.5
12849,20146,72
12849,20150,10
12849,20151,1
12849,20152,172.5
12849,20153,155
12849,20154,61.5
12849,20155,182
12849,20156,157
12849,20157,60
12849,20158,62.5
12849,20159,60
12849,20160,13
12849,20161,53
12849,20162,61
12849,20163,64.5
12849,20169,17.5
12849,20170,22
12849,20172,49
12849,20173,74
12849,20174,53
12849,20175,71.5
12849,20176,87
12849,20177,94
12849,20181,6
12849,20182,21
12849,20186,10
12849,20188,12
12849,20189,12
12849,20192,2
12849,20203,5
12849,20209,5
12849,20214,7
12849,20215,2
12849,20217,9
12849,20219,8
12849,20220,30
12849,20221,11
12849,20223,2
12849,20229,13.5
12849,20232,5
12849,20242,2
12849,20254,2
12849,20318,1
12849,20319,4
12849,20320,11
12849,20321,12
12849,20322,2
12849,20324,10
12849,20325,6
12849,20326,30
12849,20327,18
12849,20329,10
12849,20330,52
12849,20331,8
12849,20357,1
12849,20358,15
12849,20359,24
12850,20145,7
12850,20146,172
12850,20147,16
12850,20148,2
12850,20150,1
12850,20151,2
12850,20152,206
12850,20153,78
12850,20154,51
12850,20155,59
12850,20156,80
12850,20157,58
12850,20158,49.5
12850,20159,45.5
12850,20160,27
12850,20161,24
12850,20162,18.5
12850,20163,10
12850,20164,3
12850,20165,38
12850,20170,39
12850,20171,24.5
12850,20172,6
12850,20173,33
12850,20174,25
12850,20175,68
12850,20176,76.5
12850,20177,44
12850,20178,28
12850,20179,4
12850,20186,18
12850,20187,31.5
12850,20188,7
12850,20191,2
12850,20198,1
12850,20203,9
12850,20209,15
12850,20220,13
12850,20223,3
12850,20226,19.5
12850,20227,15
12850,20228,6
12850,20231,4
12850,20241,2
12850,20254,18
12850,20320,6
12850,20321,17
12850,20324,31
12850,20325,37.5
12850,20326,45
12850,20327,2
12850,20329,25
12850,20330,8
12851,20135,7
12851,20136,16
12851,20137,5
12851,20140,19.5
12851,20142,3
12851,20143,1
12851,20146,163
12851,20147,91.5
12851,20149,6
12851,20151,226.5
12851,20152,215
12851,20153,161.5
12851,20154,53
12851,20155,10
12851,20156,142.5
12851,20157,98
12851,20158,33
12851,20159,48
12851,20160,26
12851,20161,5
12851,20162,7
12851,20163,4
12851,20164,22
12851,20165,95
12851,20166,19.5
12851,20169,5
12851,20170,18
12851,20171,97
12851,20172,35.5
12851,20173,22
12851,20174,47
12851,20175,63
12851,20176,77.5
12851,20177,17
12851,20178,43.5
12851,20179,1
12851,20180,11.5
12851,20181,4
12851,20182,1
12851,20183,17
12851,20185,12
12851,20186,20.5
12851,20187,3
12851,20188,4
12851,20189,2
12851,20191,10.5
12851,20192,12
12851,20193,3
12851,20203,14
12851,20204,6
12851,20209,4
12851,20210,18
12851,20211,2
12851,20214,4
12851,20219,5
12851,20220,14
12851,20224,4
12851,20225,3
12851,20226,8
12851,20227,19
12851,20228,18
12851,20230,1
12851,20231,4
12851,20253,15
12851,20254,39
12851,20255,28
12851,20256,3
12851,20258,1
12851,20320,2
12851,20321,14
12851,20323,2
12851,20324,23
12851,20325,44
12851,20326,2
12851,20328,18
12851,20329,16
12852,20133,31.5
12852,20134,13
12852,20135,89.5
12852,20136,60
12852,20137,41.5
12852,20138,20
12852,20141,6
12852,20142,14
12852,20146,19
12852,20147,39
12852,20148,1
12852,20150,60.5
12852,20151,181
12852,20152,519.5
12852,20153,318
12852,20154,310.5
12852,20155,10
12852,20156,65
12852,20157,62
12852,20158,17
12852,20159,16
12852,20160,19
12852,20161,19
12852,20162,2
12852,20164,122.5
12852,20165,254
12852,20166,24
12852,20168,6
12852,20169,19
12852,20170,159
12852,20171,348
12852,20172,67
12852,20173,46
12852,20174,20
12852,20175,76
12852,20176,59.5
12852,20177,24
12852,20178,3
12852,20180,44
12852,20181,18
12852,20182,10.5
12852,20183,12
12852,20185,18
12852,20186,18
12852,20189,4
12852,20192,7
12852,20197,1
12852,20203,7
12852,20204,10
12852,20206,21
12852,20212,1
12852,20214,30
12852,20215,4
12852,20220,2
12852,20222,5
12852,20224,3
12852,20225,13
12852,20226,3
12852,20227,20
12852,20228,7
12852,20230,12
12852,20233,1
12852,20250,10
12852,20253,1
12852,20254,7
12852,20255,17
12852,20256,9
12852,20257,2
12852,20320,21
12852,20321,19.5
12852,20323,19
12852,20324,47.5
12852,20325,7
12852,20327,7
12852,20328,53
12852,20347,3
12853,20133,24
12853,20134,66.5
12853,20135,319.5
12853,20136,60
12853,20137,82
12853,20138,56
12853,20139,30
12853,20140,54.5
12853,20141,70.5
12853,20142,30
12853,20148,4
12853,20149,11
12853,20150,368.5
12853,20151,310
12853,20152,423
12853,20153,586
12853,20154,772.5
12853,20155,22
12853,20156,107.5
12853,20157,52
12853,20158,8
12853,20159,9
12853,20160,19
12853,20161,47.5
12853,20162,10
12853,20163,33
12853,20164,54
12853,20166,3
12853,20167,7
12853,20168,234.5
12853,20169,16
12853,20170,102.5
12853,20171,40.5
12853,20172,80
12853,20173,11
12853,20176,37
12853,20177,36
12853,20179,18.5
12853,20180,55.5
12853,20181,43
12853,20182,1
12853,20183,11
12853,20185,25
12853,20186,4
12853,20187,8
12853,20188,1
12853,20205,19
12853,20206,23
12853,20209,1
12853,20210,10
12853,20211,9
12853,20214,3
12853,20215,5
12853,20222,1
12853,20225,11
12853,20226,27
12853,20227,10
12853,20228,15
12853,20230,5
12853,20231,9
12853,20232,2
12853,20233,9
12853,20238,4
12853,20243,4
12853,20250,15.5
12853,20251,4
12853,20252,20
12853,20253,27
12853,20254,7
12853,20255,13
12853,20258,4
12853,20259,4
12853,20319,3
12853,20320,35.5
12853,20321,17
12853,20323,6
12853,20324,26
12853,20326,17
12853,20327,77.5
12853,20328,32.5
12854,20135,471
12854,20136,81
12854,20137,198.5
12854,20138,60
12854,20139,503
12854,20140,212
12854,20141,33.5
12854,20142,47
12854,20143,19
12854,20144,59
12854,20145,50
12854,20146,13
12854,20147,20
12854,20148,39
12854,20149,29
12854,20150,279
12854,20151,356.5
12854,20152,307
12854,20153,245
12854,20154,330
12854,20155,419.5
12854,20156,169
12854,20157,65
12854,20158,10
12854,20159,25
12854,20160,25
12854,20161,105.5
12854,20162,52
12854,20163,60
12854,20164,38
12854,20165,11
12854,20166,10
12854,20167,26
12854,20168,64.5
12854,20169,26
12854,20170,41
12854,20171,29.5
12854,20172,70.5
12854,20173,3
12854,20175,6
12854,20176,47
12854,20177,6
12854,20179,4
12854,20180,66.5
12854,20181,16
12854,20182,5
12854,20183,16
12854,20184,10
12854,20185,17
12854,20186,2
12854,20187,4
12854,20188,3
12854,20189,4.5
12854,20202,7
12854,20204,6
12854,20206,23.5
12854,20207,6
12854,20211,18
12854,20212,7
12854,20215,4
12854,20223,9
12854,20224,6
12854,20225,44.5
12854,20226,75.5
12854,20227,12
12854,20228,4
12854,20229,2
12854,20230,25.5
12854,20231,17
12854,20232,36.5
12854,20233,12
12854,20235,6
12854,20236,4
12854,20250,1
12854,20251,38
12854,20252,10
12854,20254,6
12854,20255,2
12854,20256,2
12854,20257,10
12854,20258,5
12854,20318,20
12854,20319,23
12854,20320,32
12854,20321,17
12854,20323,6
12854,20325,40
12854,20326,24
12854,20327,37
12854,20328,74
12854,20329,32
12855,20137,1019
12855,20138,133.5
12855,20139,251
12855,20140,113
12855,20141,103.5
12855,20142,70
12855,20143,28
12855,20144,45
12855,20145,67
12855,20146,21
12855,20147,3
12855,20148,144
12855,20149,51
12855,20150,510
12855,20151,466
12855,20152,532.5
12855,20153,267
12855,20154,674.5
12855,20155,723
12855,20156,725
12855,20157,136.5
12855,20158,4
12855,20159,11.5
12855,20160,2
12855,20161,49
12855,20162,82
12855,20163,43
12855,20164,57
12855,20165,4
12855,20166,15
12855,20167,3
12855,20168,71.5
12855,20170,12
12855,20171,22
12855,20172,84
12855,20173,6
12855,20175,22
12855,20176,28
12855,20177,2
12855,20179,12
12855,20180,5
12855,20182,48.5
12855,20183,25
12855,20184,41
12855,20185,41.5
12855,20186,12
12855,20187,2
12855,20188,8
12855,20189,44
12855,20190,8
12855,20191,8
12855,20202,4
12855,20203,2
12855,20207,12
12855,20208,9.5
12855,20209,11
12855,20210,4
12855,20212,8
12855,20213,7
12855,20214,8
12855,20221,47
12855,20222,16
12855,20223,25
12855,20224,5
12855,20225,28
12855,20226,67.5
12855,20227,10
12855,20229,24
12855,20230,8
12855,20231,2
12855,20232,8
12855,20235,5
12855,20241,1
12855,20253,2
12855,20254,12
12855,20255,10
12855,20256,4
12855,20257,5
12855,20317,19
12855,20318,35
12855,20319,62.5
12855,20320,18
12855,20321,9
12855,20323,2
12855,20324,49
12855,20325,41
12855,20326,28
12855,20327,26
12855,20328,60
12855,20329,4
12855,20330,4
12855,20331,1
12856,20138,51.5
12856,20139,422.5
12856,20140,201
12856,20141,181.5
12856,20142,87
12856,20143,88
12856,20144,409
12856,20145,115.5
12856,20147,11
12856,20149,13
12856,20150,124
12856,20151,108
12856,20152,43.5
12856,20153,299.5
12856,20154,145
12856,20155,187
12856,20156,173
12856,20157,369
12856,20158,80.5
12856,20159,222
12856,20160,30
12856,20161,112
12856,20162,194.5
12856,20163,62
12856,20168,3
12856,20169,2
12856,20170,25
12856,20171,238
12856,20172,60.5
12856,20173,22
12856,20175,39
12856,20176,7
12856,20178,9
12856,20179,11
12856,20180,44
12856,20181,44.5
12856,20182,52
12856,20183,48
12856,20184,11
12856,20185,12
12856,20186,8
12856,20187,1
12856,20188,12
12856,20189,39
12856,20190,9
12856,20191,2
12856,20203,2
12856,20204,2
12856,20208,20
12856,20209,21
12856,20210,8
12856,20211,1
12856,20212,4
12856,20213,2
12856,20214,2
12856,20221,4
12856,20222,17
12856,20223,4
12856,20224,2
12856,20225,8
12856,20226,12
12856,20227,2
12856,20228,47
12856,20231,2.5
12856,20238,5
12856,20252,2
12856,20254,12
12856,20255,7
12856,20256,3
12856,20257,9
12856,20258,5
12856,20317,4
12856,20318,18
12856,20319,44
12856,20320,13
12856,20324,28
12856,20325,25
12856,20327,2
12856,20328,19
12856,20329,19
12856,20330,20
12856,20331,2
12856,20332,15.5
12856,20333,3
12857,20139,199.5
12857,20140,262
12857,20141,195
12857,20142,107
12857,20143,101
12857,20144,158.5
12857,20145,314.5
12857,20146,48.5
12857,20147,256.5
12857,20148,38
12857,20149,230
12857,20150,499
12857,20151,512.5
12857,20152,326.5
12857,20153,67
12857,20154,158
12857,20155,215.5
12857,20156,147
12857,20157,141
12857,20158,271
12857,20159,38
12857,20160,25
12857,20161,20
12857,20162,33
12857,20163,46
12857,20171,28
12857,20172,186
12857,20173,6
12857,20174,26.5
12857,20175,29
12857,20176,28
12857,20177,18
12857,20178,4
12857,20179,8
12857,20180,14
12857,20181,6
12857,20182,25
12857,20183,16
12857,20184,90
12857,20186,4
12857,20187,2
12857,20188,14
12857,20199,1
12857,20209,2
12857,20212,22
12857,20213,5
12857,20222,1
12857,20224,5
12857,20225,34
12857,20226,1
12857,20227,12
12857,20228,28.5
12857,20229,4
12857,20230,1
12857,20236,7
12857,20237,12
12857,20252,29
12857,20254,19
12857,20257,5
12857,20258,4
12857,20318,12
12857,20332,4
12857,20333,1
12857,20334,13
12858,20139,329.5
12858,20140,379.5
12858,20141,333
12858,20142,407
12858,20143,260
12858,20144,210
12858,20145,353.5
12858,20146,462.5
12858,20147,223.5
12858,20148,469
12858,20149,552.5
12858,20150,673
12858,20151,111.5
12858,20152,467.5
12858,20153,276
12858,20154,103.5
12858,20155,589
12858,20156,305
12858,20157,190
12858,20158,170
12858,20159,459.5
12858,20160,3
12858,20171,38
12858,20172,34
12858,20173,24
12858,20174,37
12858,20175,65
12858,20176,38.5
12858,20177,13
12858,20181,45
12858,20182,57.5
12858,20183,12
12858,20186,8
12858,20187,27
12858,20188,8
12858,20209,2
12858,20210,5
12858,20212,7
12858,20215,8
12858,20216,1
12858,20225,6
12858,20227,2
12858,20228,4
12858,20229,8
12858,20230,9
12858,20231,12
12858,20252,19
12858,20253,13.5
12858,20254,2
12858,20255,4
12858,20256,4
12858,20257,2
12858,20318,25
12858,20319,2
12858,20359,1
12859,20140,61.5
12859,20141,185
12859,20142,74
12859,20143,136
12859,20144,143
12859,20145,118
12859,20146,232
12859,20147,654
12859,20148,338.5
12859,20149,208
12859,20150,358
12859,20151,463.5
12859,20152,407
12859,20153,494
12859,20154,464
12859,20155,342
12859,20156,249
12859,20157,271
12859,20158,48
12859,20159,4
12859,20164,3
12859,20171,21
12859,20172,36
12859,20173,18.5
12859,20174,62.5
12859,20175,75.5
12859,20176,46.5
12859,20177,40.5
12859,20178,12
12859,20180,7
12859,20181,6
12859,20182,18
12859,20183,28
12859,20186,6
12859,20187,13
12859,20188,4
12859,20209,2
12859,20215,17
12859,20216,30
12859,20228,8
12859,20229,8
12859,20231,4
12859,20232,5
12859,20251,2
12859,20252,9
12859,20253,10
12859,20254,23
12859,20318,13
12859,20321,1
12859,20338,3
12859,20339,1
12859,20344,1
12859,20347,1
12859,20358,1
12859,20359,2
12860,20143,75
12860,20144,260
12860,20145,79
12860,20146,179
12860,20147,248.5
12860,20148,118
12860,20149,334
12860,20150,566
12860,20151,861
12860,20152,521.5
12860,20153,660
12860,20154,246
12860,20155,196
12860,20156,93
12860,20157,384
12860,20158,4
12860,20160,1
12860,20164,5
12860,20171,26
12860,20172,59
12860,20174,34.5
12860,20175,61.5
12860,20176,36
12860,20177,36.5
12860,20178,9
12860,20179,21
12860,20180,38
12860,20181,36.5
12860,20183,17
12860,20184,4
12860,20188,2
12860,20189,4
12860,20213,1
12860,20214,3
12860,20216,1
12860,20217,5
12860,20224,15
12860,20228,3
12860,20229,17
12860,20252,9.5
12860,20253,7
12860,20254,7
12860,20312,3
12860,20347,1
12861,20145,114
12861,20146,2
12861,20147,244
12861,20148,11
12861,20150,381
12861,20151,916
12861,20152,678.5
12861,20153,220
12861,20154,346.5
12861,20155,398.5
12861,20156,319
12861,20157,239
12861,20158,658
12861,20159,20.5
12861,20160,6
12861,20161,6
12861,20171,49
12861,20172,52
12861,20174,7
12861,20175,11
12861,20176,13
12861,20177,21
12861,20178,23
12861,20179,6
12861,20180,40
12861,20181,48
12861,20182,10
12861,20183,56.5
12861,20184,16
12861,20185,15
12861,20207,9
12861,20208,13
12861,20209,9
12861,20210,4
12861,20211,5
12861,20212,1
12861,20214,60
12861,20215,1
12861,20219,4
12861,20222,3.5
12861,20223,6
12861,20228,1
12861,20229,1
12861,20253,5
12861,20254,3
12861,20321,14
12861,20354,4
12862,20145,68
12862,20146,342.5
12862,20147,375
12862,20148,68.5
12862,20149,308
12862,20150,26
12862,20151,1
12862,20152,220.5
12862,20153,364
12862,20154,248
12862,20155,169.5
12862,20156,208
12862,20157,81.5
12862,20158,81
12862,20159,104
12862,20160,171
12862,20161,147
12862,20162,7
12862,20170,5
12862,20171,39.5
12862,20172,19
12862,20175,4
12862,20177,2
12862,20178,30
12862,20179,39
12862,20180,44.5
12862,20181,58
12862,20182,36
12862,20183,27
12862,20184,19
12862,20186,4
12862,20189,2
12862,20207,7
12862,20208,11
12862,20211,27.5
12862,20212,14
12862,20213,50
12862,20214,50.5
12862,20215,21
12862,20216,3
12862,20217,3
12862,20220,2
12862,20222,5
12862,20223,2
12862,20234,5
12862,20235,4
12862,20252,1
12862,20253,4
12862,20254,9
12862,20282,2
12862,20320,6
12862,20321,30
12862,20367,1
12863,20146,3
12863,20147,226.5
12863,20148,188
12863,20149,235
12863,20150,67
12863,20151,22
12863,20152,149
12863,20153,136.5
12863,20154,97.5
12863,20155,251
12863,20156,236.5
12863,20157,482.5
12863,20158,417
12863,20159,7
12863,20160,488.5
12863,20161,67
12863,20166,2
12863,20170,20
12863,20171,14
12863,20172,15
12863,20175,4
12863,20178,9
12863,20179,5
12863,20180,6
12863,20181,39
12863,20183,13
12863,20184,4
12863,20185,1
12863,20186,6
12863,20204,1.5
12863,20210,11
12863,20211,40.5
12863,20212,15
12863,20213,10
12863,20214,6
12863,20215,40.5
12863,20216,115.5
12863,20217,22.5
12863,20218,13
12863,20221,1
12863,20228,4
12863,20229,15
12863,20233,5
12863,20234,10
12863,20239,4
12863,20248,1
12863,20252,6
12863,20280,4
12863,20281,28.5
12863,20320,25
12864,20147,3
12864,20148,86
12864,20149,52
12864,20150,135
12864,20151,183
12864,20152,7
12864,20154,45
12864,20155,425
12864,20156,103
12864,20157,126
12864,20158,167.5
12864,20159,120
12864,20160,161
12864,20161,224.5
12864,20165,26
12864,20166,22
12864,20167,2
12864,20169,2
12864,20175,13
12864,20176,19
12864,20181,2
12864,20186,16
12864,20187,10
12864,20207,11
12864,20208,4
12864,20209,21
12864,20210,6
12864,20211,2
12864,20212,8
12864,20215,41
12864,20216,202.5
12864,20217,72.5
12864,20219,4
12864,20220,12
12864,20224,1
12864,20225,4
12864,20233,36.5
12864,20247,1
12864,20250,3
12864,20252,9
12864,20253,9
12864,20254,11
12864,20279,7
12864,20280,18
12864,20320,22.5
12865,20149,23
12865,20150,108
12865,20151,502.5
12865,20152,9.5
12865,20153,12
12865,20154,10
12865,20156,25
12865,20157,79
12865,20158,12
12865,20159,25
12865,20160,109.5
12865,20161,123
12865,20162,129
12865,20163,164.5
12865,20165,27
12865,20166,46
12865,20167,2
12865,20175,27
12865,20176,32
12865,20177,27
12865,20181,2
12865,20186,6
12865,20187,8
12865,20208,6
12865,20209,14
12865,20215,40
12865,20216,32.5
12865,20217,140.5
12865,20218,32
12865,20224,1
12865,20225,1
12865,20226,5
12865,20228,8.5
12865,20229,5
12865,20231,4
12865,20232,17
12865,20233,4
12865,20252,10
12865,20253,6
12865,20254,9
12865,20255,4
12865,20318,1
12866,20151,32.5
12866,20157,22
12866,20158,55
12866,20159,1.5
12866,20160,73
12866,20161,40
12866,20167,10
12866,20168,4
12866,20173,6
12866,20176,7
12866,20177,28
12866,20178,6
12866,20186,7
12866,20209,7
12866,20215,10
12866,20216,17
12866,20218,4
12866,20219,20
12866,20220,12
12866,20226,2
12866,20227,9
12866,20228,29
12866,20229,41
12866,20230,17
12866,20250,2
12866,20252,5
12866,20253,10
12866,20254,18
12866,20255,8
12866,20257,2
12866,20279,1
12866,20310,5
12866,20319,1
12867,20158,9
12867,20161,1
12867,20165,11
12867,20176,3
12867,20188,8.5
12867,20208,2
12867,20211,14
12867,20212,25
12867,20213,24
12867,20214,5
12867,20218,7
12867,20219,32
12867,20220,8
12867,20227,4
12867,20228,15
12867,20229,54.5
12867,20230,25
12867,20231,2
12867,20232,2
12867,20233,2
12867,20234,3
12867,20254,14
12867,20255,11
12867,20257,2
12867,20310,4
12868,20162,9
12868,20164,18
12868,20165,8
12868,20168,8
12868,20169,1
12868,20175,6
12868,20176,9
12868,20177,31
12868,20188,12
12868,20208,3
12868,20209,4
12868,20210,6
12868,20211,36
12868,20212,11
12868,20213,16.5
12868,20214,2
12868,20218,1
12868,20221,14
12868,20222,7
12868,20225,2
12868,20228,4
12868,20229,9
12868,20230,91.5
12868,20231,60.5
12868,20232,36.5
12868,20233,7
12868,20234,16
12868,20235,1
12868,20254,9
12868,20255,8
12868,20256,6
12868,20276,1
12868,20311,2
12869,20164,52.5
12869,20165,56.5
12869,20166,9
12869,20168,15
12869,20169,36
12869,20174,2
12869,20175,22
12869,20176,15
12869,20177,245
12869,20178,3
12869,20186,7
12869,20188,5
12869,20207,6
12869,20211,2
12869,20213,7
12869,20222,17
12869,20223,6
12869,20224,3
12869,20225,21
12869,20226,17
12869,20227,7
12869,20228,9
12869,20229,47.5
12869,20230,13
12869,20231,8
12869,20234,8
12869,20235,11
12869,20236,2
12869,20255,1
12869,20256,16
12869,20257,5
12869,20273,18
12869,20306,7
12869,20307,12
12869,20308,25
12869,20312,2
12869,20313,28
12869,20314,16
12869,20315,9
12870,20165,6
12870,20166,2
12870,20168,38
12870,20169,18.5
12870,20174,13
12870,20175,52.5
12870,20176,16
12870,20177,8
12870,20178,36.5
12870,20179,53
12870,20180,7
12870,20189,4.5
12870,20209,1
12870,20213,2
12870,20215,2
12870,20223,12
12870,20224,24
12870,20225,2
12870,20226,9
12870,20227,22
12870,20230,13
12870,20231,46.5
12870,20235,2
12870,20236,21
12870,20237,21
12870,20254,4
12870,20269,2
12870,20275,2
12870,20308,31
12870,20309,5.5
12870,20310,24
12870,20311,2
12870,20314,37
12870,20315,43
12871,20169,14
12871,20170,2
12871,20171,4
12871,20175,19
12871,20176,2
12871,20178,12
12871,20179,32
12871,20180,6
12871,20183,1.5
12871,20184,9
12871,20212,13.5
12871,20221,4
12871,20223,27
12871,20224,43
12871,20225,7
12871,20230,5
12871,20231,6
12871,20232,2
12871,20234,16
12871,20237,4
12871,20267,3
12871,20268,26.5
12871,20308,5
12871,20309,2
12871,20310,8
12871,20311,19
12871,20312,7
12871,20313,51.5
12871,20314,11
12871,20315,26
12871,20365,1
12872,20170,10
12872,20171,47.5
12872,20172,29
12872,20173,30
12872,20174,6
12872,20175,3
12872,20178,11
12872,20179,12
12872,20180,9
12872,20181,3
12872,20182,6
12872,20183,48
12872,20184,10
12872,20185,10
12872,20189,3
12872,20203,2
12872,20221,5
12872,20224,3
12872,20226,4
12872,20228,28
12872,20229,6
12872,20232,4
12872,20234,12
12872,20236,2
12872,20244,1
12872,20267,4
12872,20268,21
12872,20274,1
12872,20309,12
12872,20310,37
12872,20311,4
12872,20312,12
12872,20313,26
12872,20314,45
12872,20315,31
12873,20171,8
12873,20173,12.5
12873,20174,49
12873,20179,9
12873,20180,18.5
12873,20181,9
12873,20182,9
12873,20184,2
12873,20185,5
12873,20186,3
12873,20199,1
12873,20211,7
12873,20212,15
12873,20213,7
12873,20219,1
12873,20220,10
12873,20221,6
12873,20224,4
12873,20225,8
12873,20226,5
12873,20227,1
12873,20229,16
12873,20230,5
12873,20233,16
12873,20234,4
12873,20237,14
12873,20238,12
12873,20266,6
12873,20267,9
12873,20310,15
12873,20311,46.5
12873,20312,36
12873,20313,3.5
12873,20314,54.5
12873,20315,4
12874,20173,19.5
12874,20174,36
12874,20175,11
12874,20176,2
12874,20178,1
12874,20179,31
12874,20180,1
12874,20181,38.5
12874,20182,81.5
12874,20183,27
12874,20184,24
12874,20185,27
12874,20209,3
12874,20210,29
12874,20211,12
12874,20212,5
12874,20213,9.5
12874,20219,1
12874,20225,1
12874,20226,20
12874,20227,4
12874,20229,8
12874,20230,2
12874,20233,5.5
12874,20234,4
12874,20236,3
12874,20237,1
12874,20245,1
12874,20265,17.5
12874,20266,6
12874,20267,6
12874,20311,13
12874,20312,28
12874,20313,28
12874,20314,84
12874,20315,10
12874,20316,8
12875,20174,9
12875,20175,25
12875,20176,21
12875,20177,47
12875,20178,12.5
12875,20179,13
12875,20180,19
12875,20181,6
12875,20182,19
12875,20183,4
12875,20184,43
12875,20185,16
12875,20186,9
12875,20208,1
12875,20209,6
12875,20210,5
12875,20212,3
12875,20218,3
12875,20219,9
12875,20220,10
12875,20226,16
12875,20227,2
12875,20231,2
12875,20233,45
12875,20234,47
12875,20235,7
12875,20236,25
12875,20237,5
12875,20265,4
12875,20266,6
12875,20312,8
12875,20313,36
12875,20314,2
12875,20316,13
12876,20176,9
12876,20177,34
12876,20179,2
12876,20181,8
12876,20182,18
12876,20183,63
12876,20184,76
12876,20185,31
12876,20186,3
12876,20211,7
12876,20212,3.5
12876,20213,2
12876,20220,3
12876,20226,4
12876,20227,8
12876,20229,2
12876,20230,2
12876,20232,4
12876,20234,9
12876,20235,90.5
12876,20236,39
12876,20237,5
12876,20238,1
12876,20245,1
12876,20292,4
12876,20312,10
12876,20313,17
12876,20314,2
12876,20315,2
12876,20316,1
12876,20317,5
12877,20177,11
12877,20179,47.5
12877,20180,12
12877,20181,7
12877,20182,34
12877,20183,115
12877,20184,84.5
12877,20185,65
12877,20186,58
12877,20213,3
12877,20227,9
12877,20230,12
12877,20231,1
12877,20233,4
12877,20234,4
12877,20235,34
12877,20236,58.5
12877,20237,27.5
12877,20238,23
12877,20242,2
12877,20246,1
12877,20261,3
12877,20263,12
12877,20266,7
12877,20274,5
12877,20311,3
12877,20312,40.5
12877,20313,3
12877,20316,1
12878,20179,19
12878,20180,45
12878,20181,16
12878,20182,3
12878,20183,79
12878,20184,183
12878,20185,73
12878,20186,21
12878,20206,3
12878,20207,3
12878,20210,5
12878,20211,6
12878,20213,6
12878,20228,5
12878,20231,6
12878,20233,21
12878,20234,9
12878,20235,5
12878,20236,16
12878,20237,28
12878,20238,14.5
12878,20239,26
12878,20240,27
12878,20241,2.5
12878,20263,1
12878,20264,4
12878,20266,2
12878,20294,2
12878,20312,29
12878,20313,13
12878,20314,3
12879,20178,1
12879,20183,14
12879,20184,41.5
12879,20185,34
12879,20186,31
12879,20187,15
12879,20210,9
12879,20211,33
12879,20213,2
12879,20214,3.5
12879,20228,4
12879,20229,6
12879,20233,25
12879,20234,8
12879,20235,5
12879,20236,1
12879,20237,33
12879,20238,25.5
12879,20264,4
12879,20266,4
12879,20267,9
12879,20294,7
12879,20295,17.5
12879,20296,6
12879,20310,2
12879,20313,4
12879,20314,13
12879,20352,5
12879,20373,4
12880,20179,1
12880,20182,4
12880,20183,4
12880,20184,32
12880,20185,123
12880,20186,53.5
12880,20187,29
12880,20213,19
12880,20214,12
12880,20229,19
12880,20230,5
12880,20234,17
12880,20235,9
12880,20237,8
12880,20238,45
12880,20239,19.5
12880,20263,12.5
12880,20264,4
12880,20266,4
12880,20267,17.5
12880,20293,4
12880,20294,6.5
12880,20296,9
12880,20305,13
12880,20309,18
12880,20310,5
12880,20311,2
12880,20315,7
12880,20316,3
12880,20317,14
12880,20352,3
12880,20373,5
12881,20182,34
12881,20183,35
12881,20184,22
12881,20185,246
12881,20186,14
12881,20187,25
12881,20188,11
12881,20189,3
12881,20211,2
12881,20212,3
12881,20213,11
12881,20214,2
12881,20228,3
12881,20229,2
12881,20230,1
12881,20233,6
12881,20234,32.5
12881,20235,18
12881,20245,15.5
12881,20246,2
12881,20247,9
12881,20248,15
12881,20255,2
12881,20264,17
12881,20265,13
12881,20266,6
12881,20296,13
12881,20298,4
12881,20306,2
12881,20308,12
12881,20309,29
12881,20316,5
12881,20317,8
12881,20321,2
12881,20375,13
12881,20376,3
12881,20377,5
12882,20180,12
12882,20181,9
12882,20182,14
12882,20183,2
12882,20184,1
12882,20185,24.5
12882,20186,79.5
12882,20187,33
12882,20188,20.5
12882,20211,12
12882,20213,6
12882,20214,5.5
12882,20228,4
12882,20233,18
12882,20236,2
12882,20237,13
12882,20238,2
12882,20240,8
12882,20244,2
12882,20245,49.5
12882,20246,5
12882,20247,14
12882,20248,6
12882,20260,9.5
12882,20264,1
12882,20266,3
12882,20267,3
12882,20268,4.5
12882,20297,23
12882,20298,4
12882,20299,20
12882,20300,20
12882,20301,13
12882,20304,4
12882,20308,10
12882,20318,16
12882,20319,13
12882,20340,3
12882,20351,10
12882,20375,2
12882,20376,17
12882,20377,7
12882,20378,4
12882,20384,10
12882,20386,4
12882,20387,6
12883,20180,28
12883,20181,8
12883,20183,2
12883,20185,13
12883,20186,83
12883,20187,67.5
12883,20188,103
12883,20189,11
12883,20190,3
12883,20191,1
12883,20212,2
12883,20213,5
12883,20214,24.5
12883,20215,2
12883,20216,3
12883,20228,1
12883,20229,6
12883,20236,11
12883,20237,26.5
12883,20238,73.5
12883,20241,7
12883,20242,2
12883,20243,8
12883,20245,2
12883,20247,18
12883,20249,12
12883,20250,29
12883,20256,9
12883,20259,31
12883,20260,37
12883,20261,9
12883,20266,1
12883,20268,17
12883,20295,2
12883,20296,12
12883,20297,26
12883,20298,18
12883,20299,8
12883,20300,9
12883,20301,10
12883,20302,3
12883,20303,16
12883,20319,2
12883,20320,6.5
12883,20321,4
12883,20349,4
12883,20377,4
12883,20378,8
12883,20379,20
12883,20380,15
12883,20381,15
12883,20382,11
12883,20383,2
12883,20385,20
12883,20386,8
12884,20180,17
12884,20181,4
12884,20183,3
12884,20185,1
12884,20186,5
12884,20187,10
12884,20188,41
12884,20189,5
12884,20213,3
12884,20214,52
12884,20215,17
12884,20228,6
12884,20235,3
12884,20236,7
12884,20238,20
12884,20239,5
12884,20243,21
12884,20244,90.5
12884,20245,10
12884,20247,1
12884,20249,15
12884,20250,17.5
12884,20256,4
12884,20257,22
12884,20259,22
12884,20260,27
12884,20261,15
12884,20264,2
12884,20265,10
12884,20266,2
12884,20268,14
12884,20269,4
12884,20270,5
12884,20296,3
12884,20297,6
12884,20299,13
12884,20301,15
12884,20302,18
12884,20303,2
12884,20312,2
12884,20321,2
12884,20340,2
12884,20349,2
12884,20378,1
12884,20379,3
12884,20380,6
12884,20381,12
12884,20382,9
12884,20383,1
12884,20384,2
12884,20385,14
12884,20386,22
12885,20181,16
12885,20188,5
12885,20189,54
12885,20190,5
12885,20192,2
12885,20210,6
12885,20211,14
12885,20213,22
12885,20214,11
12885,20215,9
12885,20217,2
12885,20238,7
12885,20239,4
12885,20241,4
12885,20242,1
12885,20243,14
12885,20244,89
12885,20245,2
12885,20246,24
12885,20250,4
12885,20251,3
12885,20257,16
12885,20258,15.5
12885,20259,11
12885,20264,6
12885,20265,12
12885,20266,4
12885,20267,1
12885,20268,19
12885,20270,17
12885,20297,9
12885,20298,3
12885,20300,10
12885,20301,7
12885,20302,17
12885,20340,1
12885,20341,3
12885,20350,3
12885,20383,12
12885,20385,12
12885,20386,5
12886,20181,9
12886,20182,1
12886,20185,4
12886,20187,20
12886,20188,21.5
12886,20189,34
12886,20190,6
12886,20191,19
12886,20192,4
12886,20211,40.5
12886,20212,13
12886,20213,28.5
12886,20214,15
12886,20215,12
12886,20239,52.5
12886,20240,1
12886,20243,36
12886,20244,24
12886,20245,2
12886,20246,8
12886,20247,1
12886,20252,4
12886,20253,1
12886,20254,17
12886,20255,1
12886,20258,6
12886,20259,7
12886,20264,5
12886,20265,4
12886,20298,4
12886,20299,7
12886,20300,33
12886,20341,6
12886,20342,8
12886,20383,4
12886,20384,19
12886,20385,17
12886,20386,21
12887,20181,1
12887,20182,13
12887,20183,9
12887,20184,29
12887,20188,53
12887,20189,37
12887,20190,30
12887,20191,19
12887,20192,2
12887,20212,2
12887,20213,22
12887,20214,5
12887,20215,5
12887,20216,14
12887,20230,1
12887,20239,17
12887,20243,27.5
12887,20244,10
12887,20245,5
12887,20254,4
12887,20255,6
12887,20256,10
12887,20258,10
12887,20259,11
12887,20260,2
12887,20261,2
12887,20262,9
12887,20265,26
12887,20266,10
12887,20267,3
12887,20299,21
12887,20306,4
12887,20342,13
12887,20343,3
12887,20348,7
12887,20349,8
12887,20353,2
12887,20384,3
12887,20385,26
12887,20386,34.5
12888,20181,6
12888,20184,8
12888,20185,3
12888,20186,4
12888,20187,5
12888,20188,36
12888,20189,77.5
12888,20190,14
12888,20191,6
12888,20205,3
12888,20206,36
12888,20207,35
12888,20214,2
12888,20216,5
12888,20217,11
12888,20222,3
12888,20239,14
12888,20242,10
12888,20243,40
12888,20244,23
12888,20256,12
12888,20257,5
12888,20259,13
12888,20260,18
12888,20261,18
12888,20262,13
12888,20263,2
12888,20265,6
12888,20266,36
12888,20269,9
12888,20299,2
12888,20304,10
12888,20305,10
12888,20306,2
12888,20342,4
12888,20343,16
12888,20346,4
12888,20348,10
12888,20349,6
12888,20385,23
12888,20386,87.5
12888,20387,1
12889,20164,2
12889,20180,1
12889,20181,2
12889,20185,14
12889,20186,2
12889,20187,37
12889,20188,27
12889,20189,109.5
12889,20190,69
12889,20191,10
12889,20193,1
12889,20194,32.5
12889,20195,6
12889,20206,19
12889,20207,12
12889,20208,4
12889,20219,2
12889,20220,1
12889,20222,13
12889,20239,27
12889,20243,5
12889,20244,8
12889,20245,17
12889,20256,7
12889,20257,3
12889,20260,25
12889,20261,6
12889,20263,7
12889,20269,2
12889,20304,24
12889,20305,29
12889,20306,27
12889,20342,4
12889,20343,12
12889,20344,4
12889,20345,6
12889,20346,13
12889,20348,1
12889,20350,1
12889,20383,11
12889,20384,11
12889,20385,23
12889,20386,45
12889,20387,3
12889,20388,7
12890,20181,5
12890,20184,10
12890,20185,6
12890,20187,54
12890,20189,38.5
12890,20190,44
12890,20191,2
12890,20192,4
12890,20194,8
12890,20204,5.5
12890,20206,3
12890,20207,10
12890,20208,6
12890,20209,2
12890,20239,16
12890,20243,30
12890,20244,10
12890,20245,4
12890,20246,3
12890,20256,2
12890,20258,3
12890,20260,10
12890,20266,3
12890,20267,5
12890,20268,31
12890,20269,8
12890,20304,8
12890,20305,88
12890,20306,7
12890,20342,4
12890,20343,7
12890,20344,6
12890,20345,4
12890,20383,8
12890,20384,30
12890,20385,33
12890,20386,45.5
12890,20387,29
12891,20163,4
12891,20181,6
12891,20186,4
12891,20187,2.5
12891,20189,58
12891,20190,24
12891,20192,7
12891,20199,6
12891,20200,10
12891,20201,19
12891,20202,55
12891,20203,55
12891,20204,17.5
12891,20206,27
12891,20207,41.5
12891,20208,15
12891,20239,14
12891,20244,14.5
12891,20245,25
12891,20246,23
12891,20247,3
12891,20258,12
12891,20268,37
12891,20269,15
12891,20270,11
12891,20303,4
12891,20305,16
12891,20307,3
12891,20341,2
12891,20342,3
12891,20344,2
12891,20346,3
12891,20383,7
12891,20384,5
12891,20385,27
12891,20386,31
12891,20387,16.5
12892,20162,1
12892,20163,23
12892,20166,2
12892,20181,1
12892,20186,7
12892,20187,38
12892,20189,35
12892,20190,22
12892,20196,4
12892,20197,3
12892,20198,48
12892,20199,34
12892,20200,22
12892,20201,4
12892,20202,46
12892,20203,24
12892,20204,1
12892,20205,5
12892,20206,15
12892,20207,59
12892,20208,55.5
12892,20209,25
12892,20210,30.5
12892,20239,21
12892,20240,3
12892,20241,5
12892,20242,4
12892,20244,4
12892,20245,17
12892,20248,6
12892,20257,10
12892,20258,4
12892,20259,3
12892,20268,26
12892,20269,18
12892,20303,6
12892,20304,5
12892,20305,8
12892,20323,2
12892,20337,1
12892,20341,5
12892,20345,4
12892,20381,6
12892,20382,12
12892,20384,4
12892,20385,18
12892,20386,24
12892,20387,5
12893,20162,1
12893,20164,17
12893,20165,16
12893,20187,41.5
12893,20188,22
12893,20196,5
12893,20197,48
12893,20198,45
12893,20199,2
12893,20200,29
12893,20201,2
12893,20202,30
12893,20203,11
12893,20204,77
12893,20205,45.5
12893,20206,28
12893,20208,4
12893,20209,6
12893,20210,9
12893,20211,6
12893,20213,5
12893,20236,5
12893,20237,2
12893,20238,4.5
12893,20239,24
12893,20240,26
12893,20241,5
12893,20242,1
12893,20244,10
12893,20245,14
12893,20268,4
12893,20269,8
12893,20270,6
12893,20294,5
12893,20295,7
12893,20299,3
12893,20300,2
12893,20337,1
12893,20339,4
12893,20340,45.5
12893,20341,15.5
12893,20342,2
12893,20358,6
12893,20381,15
12893,20383,2
12893,20384,31
12893,20385,18
12893,20387,7
12894,20163,31
12894,20164,23
12894,20165,29
12894,20166,5
12894,20176,2
12894,20180,1
12894,20187,5
12894,20188,15
12894,20189,1
12894,20195,2
12894,20196,41.5
12894,20197,90
12894,20198,44
12894,20199,5
12894,20202,25
12894,20203,44
12894,20204,47.5
12894,20205,74
12894,20206,39
12894,20207,16
12894,20210,5
12894,20211,38
12894,20212,19
12894,20222,2
12894,20224,12
12894,20239,2
12894,20241,8
12894,20242,9
12894,20243,4
12894,20244,2
12894,20250,2
12894,20266,2
12894,20267,13
12894,20294,3
12894,20295,4
12894,20297,3
12894,20299,8
12894,20304,17
12894,20338,3
12894,20340,3
12894,20341,6
12894,20342,4
12894,20344,4
12894,20382,2
12894,20383,28
12894,20384,12
12894,20385,18
12894,20386,16
12895,20161,11
12895,20162,11
12895,20163,45.5
12895,20164,38.5
12895,20165,12
12895,20192,10
12895,20195,4
12895,20197,10
12895,20198,24
12895,20199,23
12895,20201,30
12895,20202,99
12895,20203,63.5
12895,20204,194
12895,20205,109.5
12895,20206,106
12895,20207,9
12895,20211,1
12895,20212,60
12895,20213,2
12895,20216,4
12895,20217,48
12895,20218,11
12895,20222,3
12895,20223,6.5
12895,20240,6
12895,20241,24
12895,20242,16
12895,20243,3
12895,20251,1
12895,20259,5
12895,20271,13
12895,20295,4
12895,20298,20
12895,20303,18
12895,20304,18
12895,20336,2
12895,20338,4
12895,20341,15
12895,20379,3
12895,20381,4
12895,20383,39
12895,20384,19
12895,20385,2
12896,20161,41.5
12896,20162,12
12896,20163,11
12896,20164,21
12896,20165,8
12896,20192,54
12896,20193,51
12896,20194,7
12896,20197,14
12896,20198,20
12896,20199,46.5
12896,20200,21
12896,20201,97.5
12896,20202,10
12896,20203,43.5
12896,20204,83
12896,20205,147.5
12896,20206,184.5
12896,20207,77
12896,20208,6
12896,20210,12
12896,20211,15
12896,20212,33
12896,20213,5
12896,20216,23.5
12896,20217,56.5
12896,20218,3
12896,20220,2
12896,20240,1
12896,20241,29.5
12896,20260,6
12896,20261,1
12896,20271,18
12896,20272,15
12896,20273,2
12896,20274,4
12896,20301,2
12896,20302,4
12896,20303,24
12896,20304,2
12896,20308,6
12896,20332,3
12896,20337,1
12896,20339,11
12896,20340,17
12896,20341,8
12896,20379,4
12896,20380,2
12896,20383,20
12896,20384,16
12897,20158,23
12897,20159,4
12897,20160,3
12897,20161,29
12897,20164,16.5
12897,20165,32
12897,20166,9
12897,20192,8
12897,20194,89
12897,20195,39.5
12897,20196,3
12897,20200,10
12897,20201,41.5
12897,20202,5
12897,20203,29
12897,20204,26.5
12897,20205,94.5
12897,20206,51.5
12897,20207,79.5
12897,20208,80
12897,20211,42
12897,20212,6
12897,20214,20.5
12897,20215,6
12897,20254,9
12897,20260,2
12897,20272,4
12897,20274,8.5
12897,20298,15
12897,20302,2
12897,20303,15
12897,20304,1
12897,20310,1
12897,20338,15
12897,20339,36
12897,20340,44
12897,20341,10
12897,20378,3
12897,20380,1
12897,20383,1
12898,20158,14
12898,20159,151.5
12898,20160,28
12898,20161,51.5
12898,20162,42
12898,20163,32
12898,20164,23
12898,20165,17.5
12898,20166,8
12898,20167,10
12898,20168,2
12898,20178,11
12898,20179,8
12898,20183,1
12898,20194,7
12898,20195,34
12898,20200,12
12898,20201,60.5
12898,20202,53
12898,20203,98
12898,20204,54
12898,20205,16
12898,20207,49
12898,20208,38.5
12898,20209,37.5
12898,20210,11
12898,20211,15
12898,20214,22
12898,20215,14
12898,20221,21
12898,20297,4
12898,20298,9
12898,20301,8
12898,20302,1
12898,20326,2
12898,20327,1
12898,20329,3
12898,20338,3
12898,20339,79
12898,20340,55
12898,20341,24.5
12898,20376,10
12898,20377,17
12899,20158,22
12899,20159,55.5
12899,20160,113
12899,20161,20.5
12899,20162,48
12899,20163,76.5
12899,20164,87.5
12899,20165,48
12899,20166,66
12899,20167,24
12899,20168,10
12899,20173,4
12899,20174,14
12899,20181,13
12899,20183,10
12899,20194,6
12899,20195,1
12899,20198,3
12899,20199,32.5
12899,20200,174.5
12899,20201,96
12899,20202,54
12899,20203,22.5
12899,20204,63.5
12899,20205,80
12899,20210,2
12899,20211,62
12899,20212,25
12899,20214,22
12899,20221,61
12899,20222,61
12899,20223,2
12899,20224,3
12899,20236,5
12899,20256,14
12899,20261,5
12899,20298,3
12899,20301,51
12899,20302,6
12899,20306,24
12899,20307,5
12899,20328,2
12899,20329,1
12899,20330,4
12899,20331,6
12899,20332,5
12899,20339,16
12899,20340,13
12899,20341,13
12899,20342,10
12899,20374,1
12899,20375,22
12899,20376,8
12900,20159,8
12900,20160,41.5
12900,20161,93.5
12900,20162,12
12900,20163,3
12900,20164,148
12900,20165,54
12900,20166,20
12900,20167,39.5
12900,20168,22
12900,20169,9
12900,20170,8
12900,20181,5
12900,20182,41
12900,20183,13
12900,20185,1
12900,20186,4
12900,20198,3
12900,20199,8
12900,20200,9
12900,20201,26
12900,20202,3
12900,20203,9
12900,20204,15
12900,20205,39
12900,20211,4
12900,20212,20
12900,20213,57
12900,20214,55
12900,20219,11
12900,20220,43.5
12900,20221,46.5
12900,20222,10
12900,20223,7
12900,20225,11
12900,20226,36
12900,20256,1
12900,20257,17
12900,20258,2
12900,20259,18
12900,20260,2
12900,20261,11
12900,20262,6
12900,20298,31.5
12900,20301,1
12900,20306,14
12900,20308,4
12900,20309,2
12900,20327,5
12900,20328,9
12900,20329,5
12900,20330,5
12900,20333,6
12900,20334,4
12900,20343,1
12900,20344,8
12900,20345,3
12900,20346,2
12900,20348,4
12900,20372,5
12900,20374,8
12900,20375,34
12901,20160,50
12901,20161,45.5
12901,20162,145.5
12901,20163,44
12901,20164,20
12901,20165,42.5
12901,20166,27
12901,20167,11
12901,20169,7
12901,20170,14
12901,20171,23
12901,20172,2
12901,20181,1
12901,20182,27.5
12901,20183,35
12901,20184,33
12901,20185,5
12901,20197,1
12901,20198,8
12901,20201,115.5
12901,20202,7
12901,20203,18
12901,20204,43
12901,20208,3
12901,20209,6
12901,20211,4
12901,20213,27
12901,20214,28
12901,20215,11
12901,20216,19
12901,20219,32
12901,20220,62
12901,20221,51
12901,20222,1
12901,20225,2
12901,20226,4
12901,20232,8
12901,20256,25
12901,20258,3
12901,20261,18
12901,20262,13
12901,20298,30
12901,20299,8
12901,20300,15
12901,20307,2
12901,20309,9
12901,20310,11
12901,20311,8
12901,20329,1
12901,20330,4
12901,20331,1
12901,20332,20
12901,20333,2
12901,20343,6
12901,20344,3
12901,20346,6
12901,20347,5
12901,20348,4
12901,20349,5
12901,20350,4
12901,20374,9
12901,20375,5
12902,20159,7
12902,20160,145.5
12902,20161,50
12902,20162,79
12902,20163,2
12902,20165,26
12902,20166,41
12902,20167,27
12902,20181,4
12902,20183,23
12902,20184,14
12902,20185,35
12902,20186,11
12902,20187,6
12902,20195,2
12902,20197,5.5
12902,20200,2
12902,20201,91
12902,20202,157.5
12902,20203,34
12902,20204,7
12902,20210,3
12902,20213,42
12902,20214,10
12902,20215,14
12902,20216,31
12902,20219,42.5
12902,20220,23
12902,20221,20
12902,20222,12
12902,20224,1
12902,20225,21
12902,20227,7
12902,20228,23
12902,20229,3
12902,20232,12
12902,20256,4
12902,20257,1
12902,20261,2
12902,20262,55.5
12902,20263,5
12902,20276,6
12902,20277,15
12902,20298,15
12902,20299,7
12902,20300,24
12902,20309,6
12902,20311,6
12902,20312,12
12902,20317,3
12902,20327,3
12902,20330,10
12902,20332,9
12902,20333,15
12902,20334,3
12902,20344,1
12902,20345,5
12902,20348,14
12902,20349,17
12902,20350,16.5
12902,20351,18
12902,20372,27
12902,20373,22
12902,20374,6
12902,20376,3
12903,20158,22
12903,20159,1
12903,20160,38
12903,20161,78.5
12903,20162,46.5
12903,20163,21
12903,20182,2
12903,20183,37.5
12903,20184,19
12903,20185,11
12903,20186,8
12903,20187,14
12903,20195,4
12903,20197,6
12903,20198,4
12903,20200,46
12903,20201,96
12903,20202,137
12903,20203,30.5
12903,20209,1
12903,20216,21
12903,20219,5.5
12903,20220,3
12903,20221,11
12903,20225,9
12903,20226,65
12903,20227,46
12903,20228,84
12903,20229,47
12903,20232,25
12903,20233,4
12903,20256,26.5
12903,20257,4
12903,20262,7
12903,20263,115
12903,20264,13
12903,20274,2
12903,20276,4
12903,20277,2
12903,20298,5
12903,20312,1
12903,20315,4
12903,20317,4.5
12903,20319,3
12903,20326,5
12903,20327,2
12903,20329,6
12903,20330,16
12903,20333,1
12903,20344,3
12903,20346,4
12903,20347,4
12903,20349,6
12903,20350,13
12903,20351,27
12903,20352,8.5
12903,20354,1
12903,20363,1
12903,20371,30
12903,20372,7
12903,20374,2
12904,20157,52.5
12904,20160,57
12904,20161,24
12904,20162,32
12904,20182,24
12904,20183,40
12904,20184,18
12904,20185,19
12904,20186,29
12904,20187,31
12904,20199,16.5
12904,20200,40
12904,20201,15
12904,20202,77
12904,20203,12
12904,20216,6
12904,20218,8
12904,20221,7
12904,20222,11
12904,20226,5
12904,20228,36
12904,20229,63.5
12904,20230,32
12904,20231,30
12904,20232,17
12904,20233,45
12904,20256,34
12904,20263,30.5
12904,20264,44
12904,20265,12
12904,20274,11
12904,20275,37
12904,20276,4
12904,20297,1
12904,20298,4
12904,20320,5
12904,20321,5
12904,20326,2
12904,20328,10
12904,20329,31
12904,20330,4
12904,20347,32
12904,20349,8
12904,20351,19
12904,20352,64.5
12904,20353,36
12904,20354,9
12904,20355,23
12904,20356,11
12904,20360,5
12904,20361,2
12904,20363,4
12904,20364,2
12904,20365,3
12904,20368,18
12904,20369,24
12904,20370,15
12904,20371,35
12904,20372,5
12904,20373,13
12904,20374,1
12905,20157,2
12905,20160,18
12905,20161,5
12905,20162,24
12905,20178,2
12905,20180,3
12905,20182,24
12905,20183,48
12905,20184,8
12905,20185,14
12905,20186,4
12905,20199,2
12905,20200,3
12905,20218,3
12905,20219,12
12905,20221,9
12905,20222,95
12905,20223,52
12905,20224,26
12905,20225,6
12905,20229,7
12905,20230,14.5
12905,20231,14
12905,20232,113
12905,20233,30
12905,20242,2
12905,20243,6
12905,20244,6
12905,20264,18
12905,20265,47
12905,20268,1
12905,20272,2
12905,20273,23
12905,20275,4
12905,20297,20
12905,20298,7
12905,20299,3.5
12905,20320,23
12905,20327,4
12905,20328,11
12905,20329,8
12905,20350,1
12905,20351,7
12905,20354,23
12905,20355,8
12905,20356,20
12905,20358,5
12905,20359,15
12905,20360,27
12905,20361,14
12905,20362,31
12905,20363,31
12905,20364,12
12905,20365,55
12905,20366,33
12905,20367,23
12905,20368,30
12905,20369,29.5
12905,20370,1
12905,20371,6
12905,20372,16
12906,20155,2
12906,20156,9
12906,20159,3
12906,20160,28
12906,20161,6
12906,20162,3
12906,20179,14
12906,20181,5
12906,20182,63
12906,20183,39.5
12906,20184,37
12906,20185,10
12906,20196,2
12906,20197,6
12906,20198,26
12906,20199,7
12906,20221,2
12906,20222,26
12906,20223,44
12906,20224,8
12906,20230,4
12906,20231,25
12906,20232,128
12906,20233,10
12906,20236,26.5
12906,20237,3
12906,20244,9
12906,20245,2
12906,20264,5
12906,20265,28.5
12906,20266,22
12906,20268,8
12906,20269,13
12906,20272,18
12906,20273,19
12906,20299,1
12906,20320,12
12906,20321,9
12906,20322,2
12906,20323,4
12906,20327,1
12906,20328,2
12906,20350,2
12906,20352,3
12906,20359,22
12906,20360,7
12906,20362,9
12906,20363,23
12906,20364,9
12906,20365,10
12906,20366,15
12906,20367,7
12907,20155,5
12907,20156,17.5
12907,20158,1
12907,20160,1
12907,20162,4
12907,20163,22
12907,20178,2
12907,20179,23.5
12907,20180,19
12907,20181,19
12907,20182,90.5
12907,20183,45
12907,20184,54.5
12907,20185,14
12907,20186,26
12907,20187,49
12907,20188,2
12907,20198,19
12907,20199,25
12907,20222,10.5
12907,20223,36.5
12907,20224,13
12907,20225,4
12907,20231,16
12907,20232,21
12907,20233,37
12907,20234,1
12907,20235,6
12907,20236,6
12907,20237,16
12907,20238,2
12907,20244,11.5
12907,20246,5
12907,20258,1
12907,20259,3
12907,20260,3
12907,20261,2
12907,20265,3
12907,20266,36.5
12907,20267,5
12907,20269,1
12907,20271,1
12907,20272,14
12907,20273,25
12907,20274,5
12907,20320,21
12907,20321,13
12907,20349,1
12907,20363,2
12907,20365,4
12907,20366,2
12907,20367,2
12907,20369,1
12908,20155,6
12908,20156,35
12908,20162,30
12908,20163,18
12908,20179,35
12908,20180,36
12908,20181,42.5
12908,20184,4
12908,20185,10
12908,20186,9
12908,20187,77.5
12908,20188,7
12908,20199,3
12908,20221,5
12908,20222,7
12908,20223,35
12908,20224,7
12908,20225,7
12908,20232,5
12908,20233,48.5
12908,20234,1
12908,20235,67.5
12908,20236,69.5
12908,20237,66.5
12908,20238,13
12908,20245,3
12908,20246,5
12908,20257,1
12908,20259,14
12908,20260,4
12908,20261,1
12908,20266,17
12908,20267,8
12908,20272,2
12908,20273,2
12908,20302,10
12908,20320,3
12908,20321,33.5
12908,20322,2
12908,20324,2
12908,20362,1
12908,20366,1
12908,20368,2
12909,20161,31
12909,20162,42
12909,20163,6
12909,20181,17
12909,20183,2
12909,20187,57
12909,20188,15
12909,20220,16
12909,20221,15
12909,20222,45
12909,20223,4
12909,20226,24
12909,20227,6
12909,20233,1
12909,20235,34
12909,20236,32
12909,20237,68
12909,20238,3
12909,20239,1
12909,20240,11
12909,20245,8
12909,20246,1
12909,20257,2
12909,20258,11
12909,20259,6
12909,20266,4
12909,20301,2
12909,20302,5
12909,20319,3
12909,20321,50
12909,20322,4
12909,20323,3
12910,20159,9
12910,20160,16
12910,20161,26
12910,20162,11.5
12910,20182,9
12910,20185,2
12910,20186,9
12910,20187,1
12910,20188,33
12910,20220,68.5
12910,20221,52
12910,20222,17
12910,20226,2
12910,20227,5
12910,20237,3
12910,20238,10
12910,20239,8
12910,20240,7
12910,20245,3
12910,20262,1
12910,20275,4
12910,20322,16
12910,20339,5
12911,20159,4
12911,20160,13
12911,20161,2
12911,20180,4
12911,20181,90
12911,20182,14
12911,20183,10
12911,20184,3
12911,20186,2
12911,20187,3
12911,20188,14
12911,20225,1
12911,20226,39.5
12911,20227,27
12911,20228,6
12911,20237,6
12911,20238,44
12911,20239,30
12911,20245,11
12911,20260,1
12911,20264,4
12911,20265,2
12911,20266,37.5
12911,20267,9
12911,20275,6
12911,20302,7
12911,20322,3
12912,20167,2
12912,20180,28
12912,20181,39.5
12912,20182,87
12912,20183,17
12912,20188,3
12912,20190,3
12912,20191,12
12912,20192,20
12912,20193,2
12912,20196,4
12912,20197,15
12912,20198,7
12912,20223,10
12912,20224,4
12912,20225,18
12912,20226,45.5
12912,20227,48.5
12912,20236,2
12912,20237,13
12912,20238,18
12912,20239,8
12912,20245,15
12912,20246,10
12912,20256,2
12912,20260,5
12912,20261,5
12912,20265,1
12912,20266,1
12912,20267,6
12912,20268,4
12912,20269,11
12912,20270,6
12912,20271,9
12912,20299,7
12912,20300,2
12912,20303,7.5
12913,20178,19.5
12913,20181,5
12913,20182,69
12913,20183,44
12913,20190,24
12913,20191,30
12913,20194,13
12913,20195,4
12913,20196,30
12913,20197,79.5
12913,20198,66
12913,20199,25
12913,20200,6
12913,20201,3
12913,20222,1
12913,20223,4
12913,20224,9
12913,20225,48
12913,20226,76
12913,20227,18.5
12913,20229,2
12913,20236,4
12913,20237,11
12913,20239,4
12913,20240,3
12913,20247,5
12913,20256,13
12913,20257,4
12913,20261,3
12913,20269,96.5
12913,20270,30
12913,20271,26
12913,20299,4
12913,20300,4
12913,20304,3.5
12914,20169,1
12914,20179,2
12914,20180,10
12914,20183,2
12914,20185,1
12914,20186,3
12914,20187,2
12914,20189,1
12914,20190,15
12914,20197,27
12914,20198,36
12914,20199,9
12914,20200,12
12914,20201,45
12914,20202,9
12914,20203,5
12914,20204,6
12914,20205,6
12914,20206,7
12914,20223,4
12914,20227,9
12914,20228,1
12914,20233,24
12914,20234,17
12914,20235,6
12914,20239,5
12914,20255,12
12914,20256,22
12914,20257,3
12914,20266,5
12914,20267,2
12914,20268,1
12914,20269,13
12914,20270,27
12914,20271,26
12914,20272,12.5
12914,20273,30
12914,20305,6
12914,20323,2
12914,20324,9
12915,20170,3
12915,20171,4
12915,20188,3
12915,20189,32
12915,20190,29
12915,20191,41
12915,20192,6
12915,20193,34
12915,20195,5
12915,20196,2
12915,20202,2
12915,20203,9
12915,20206,3
12915,20207,2
12915,20223,13
12915,20224,1
12915,20231,24
12915,20232,5
12915,20233,90.5
12915,20234,36.5
12915,20235,9
12915,20238,7
12915,20239,42
12915,20240,33
12915,20254,7
12915,20255,12
12915,20266,4
12915,20268,14
12915,20269,13
12915,20273,14
12915,20278,2
12915,20279,1
12915,20305,5
12915,20324,6
12915,20325,28
12916,20171,4
12916,20180,5
12916,20181,5
12916,20182,39
12916,20183,11
12916,20186,12
12916,20188,1
12916,20189,59.5
12916,20190,39
12916,20191,20.5
12916,20192,25
12916,20193,32.5
12916,20196,11.5
12916,20199,3
12916,20202,2
12916,20203,1
12916,20204,9
12916,20205,5
12916,20223,2
12916,20224,2
12916,20227,24
12916,20228,5
12916,20229,56
12916,20230,16
12916,20231,67
12916,20232,16
12916,20233,76
12916,20234,96.5
12916,20235,46
12916,20239,65
12916,20240,32.5
12916,20241,2
12916,20242,2
12916,20243,3
12916,20244,6
12916,20255,9
12916,20268,17
12916,20269,13
12916,20272,2
12916,20274,14
12916,20278,2
12916,20279,9
12916,20324,4
12917,20170,41
12917,20171,34
12917,20172,22
12917,20173,71
12917,20179,13
12917,20180,53
12917,20181,81
12917,20182,47
12917,20183,102
12917,20184,6
12917,20186,2
12917,20189,1
12917,20190,41.5
12917,20196,16
12917,20202,2
12917,20204,5
12917,20205,3
12917,20207,1
12917,20224,12
12917,20227,72
12917,20228,11
12917,20229,15
12917,20230,8
12917,20231,17
12917,20232,60
12917,20233,35.5
12917,20234,57
12917,20235,62
12917,20239,15
12917,20240,36.5
12917,20241,10
12917,20242,52.5
12917,20243,52
12917,20244,6
12917,20246,2
12917,20247,5
12917,20256,7
12917,20269,1
12917,20273,5
12917,20274,2
12917,20275,19
12917,20276,7
12917,20280,13
12917,20283,1
12917,20327,4.5
12917,20328,9
12917,20329,2
12918,20170,3
12918,20171,61.5
12918,20172,84
12918,20174,3
12918,20176,57
12918,20179,1
12918,20181,53.5
12918,20182,33.5
12918,20183,84
12918,20184,40.5
12918,20185,6
12918,20186,3
12918,20187,6
12918,20221,5
12918,20232,19
12918,20233,4
12918,20234,24
12918,20235,3
12918,20243,30
12918,20244,2
12918,20245,3
12918,20247,13
12918,20248,48.5
12918,20256,7
12918,20258,4
12918,20272,5
12918,20273,15
12918,20274,3
12918,20275,18
12918,20276,19
12918,20277,30
12918,20282,3
12918,20283,1
12918,20300,11
12918,20301,17
12918,20322,15
12918,20323,4
12918,20327,17
12918,20328,1
12919,20158,11
12919,20159,4
12919,20171,2
12919,20173,4
12919,20176,141.5
12919,20177,84
12919,20178,214
12919,20179,12
12919,20180,59
12919,20181,107
12919,20182,144
12919,20183,178
12919,20184,60
12919,20185,63.5
12919,20186,43
12919,20192,4
12919,20207,9
12919,20229,11
12919,20230,7
12919,20231,63
12919,20232,31
12919,20233,4
12919,20235,16
12919,20236,1
12919,20237,7
12919,20238,11
12919,20247,41
12919,20248,38
12919,20249,12
12919,20250,19
12919,20251,34
12919,20252,73
12919,20253,63
12919,20257,12
12919,20258,4.5
12919,20276,2
12919,20277,12
12919,20282,12
12919,20283,5
12919,20284,2
12919,20285,4
12919,20291,3
12919,20292,8
12919,20293,6
12919,20294,9
12919,20300,11
12919,20321,10
12919,20323,20
12919,20324,3
12920,20157,4
12920,20158,4
12920,20159,5
12920,20160,17
12920,20176,256
12920,20177,113
12920,20178,131.5
12920,20179,331.5
12920,20180,122.5
12920,20181,42
12920,20182,141
12920,20183,55
12920,20184,62
12920,20185,10
12920,20186,48
12920,20187,15
12920,20189,11
12920,20207,1
12920,20208,26
12920,20209,6
12920,20230,1
12920,20231,5
12920,20232,6
12920,20233,8
12920,20234,2
12920,20235,42
12920,20237,1
12920,20238,51
12920,20239,4
12920,20249,23
12920,20250,25
12920,20251,18
12920,20252,118
12920,20253,28
12920,20259,19
12920,20260,4
12920,20289,2
12920,20290,10
12920,20291,22
12920,20292,66
12920,20293,18
12920,20318,7
12920,20319,6
12920,20320,6
12920,20323,22
12920,20324,7
12920,20325,17
12920,20326,21
12920,20327,4
12921,20158,1
12921,20159,5
12921,20160,20
12921,20161,8
12921,20163,7
12921,20167,5
12921,20174,11
12921,20175,112
12921,20176,94
12921,20177,208.5
12921,20178,256
12921,20179,123
12921,20180,120
12921,20181,98
12921,20182,172.5
12921,20183,102
12921,20184,119
12921,20187,2
12921,20188,6
12921,20189,48
12921,20208,64
12921,20209,9
12921,20210,5
12921,20234,18
12921,20235,53
12921,20236,2
12921,20239,3
12921,20245,19
12921,20246,4
12921,20249,11
12921,20250,6
12921,20251,6.5
12921,20254,6
12921,20255,3
12921,20260,24
12921,20289,12
12921,20291,3
12921,20292,26
12921,20293,9
12921,20297,6
12921,20298,6
12921,20318,5
12921,20319,12.5
12921,20320,3
12921,20322,1
12921,20323,18
12921,20324,20
12921,20325,40
12921,20326,10
12922,20160,4.5
12922,20161,16
12922,20162,25
12922,20163,25
12922,20168,1
12922,20174,9
12922,20175,32
12922,20176,42
12922,20177,39
12922,20178,61
12922,20179,296.5
12922,20180,354.5
12922,20181,48
12922,20182,64
12922,20183,28
12922,20189,15
12922,20190,17
12922,20191,32
12922,20192,17
12922,20193,3
12922,20195,5
12922,20208,18
12922,20209,9
12922,20210,2
12922,20211,1
12922,20226,2
12922,20235,7
12922,20244,2
12922,20249,1
12922,20252,4
12922,20255,3
12922,20258,4
12922,20259,5
12922,20260,30
12922,20261,2
12922,20280,1
12922,20291,1
12922,20295,2
12922,20296,3
12922,20299,8
12922,20300,10
12922,20318,14
12922,20319,26
12922,20320,2
12922,20323,39
12922,20324,15
12922,20325,4
12923,20160,3
12923,20162,24
12923,20163,11
12923,20178,3
12923,20179,109
12923,20180,70
12923,20181,48.5
12923,20182,4
12923,20183,3
12923,20191,10
12923,20192,49
12923,20193,25
12923,20194,40
12923,20195,27
12923,20196,5
12923,20207,2
12923,20208,11
12923,20209,20.5
12923,20210,32
12923,20227,6
12923,20248,4
12923,20255,9
12923,20256,19.5
12923,20258,2
12923,20260,7
12923,20261,8
12923,20277,1
12923,20291,19
12923,20295,2
12923,20298,2
12923,20299,39.5
12923,20300,55
12923,20319,10
12923,20320,4
12923,20321,5.5
12923,20323,38.5
12923,20324,14
12923,20325,2
12923,20326,6
12924,20162,2
12924,20170,3
12924,20179,2
12924,20180,57
12924,20181,9
12924,20183,2
12924,20191,1
12924,20192,77
12924,20193,46
12924,20194,32
12924,20195,34
12924,20196,20
12924,20208,29
12924,20209,15
12924,20210,18
12924,20211,2
12924,20247,2
12924,20251,7
12924,20252,33.5
12924,20253,44.5
12924,20254,13
12924,20255,34.5
12924,20256,40
12924,20262,5
12924,20263,7
12924,20276,2
12924,20277,20
12924,20280,2
12924,20281,13
12924,20282,2.5
12924,20289,4
12924,20297,9
12924,20298,13.5
12924,20301,8
12924,20317,8
12924,20318,2
12924,20319,4
12924,20321,12
12924,20322,5
12924,20323,16.5
12924,20324,15
12924,20325,14.5
12924,20326,26
12924,20327,2
12925,20167,17
12925,20187,4
12925,20189,2
12925,20190,3
12925,20191,31.5
12925,20192,21.5
12925,20193,14
12925,20194,65
12925,20195,10
12925,20196,5
12925,20200,1
12925,20201,9
12925,20208,2
12925,20245,6
12925,20246,9
12925,20248,2
12925,20250,3
12925,20251,4
12925,20252,19.5
12925,20256,24
12925,20263,16
12925,20276,8
12925,20277,29
12925,20278,5
12925,20279,4
12925,20280,31
12925,20281,41
12925,20282,8
12925,20283,21.5
12925,20289,11
12925,20290,4
12925,20291,2
12925,20292,8
12925,20300,1
12925,20301,7
12925,20303,3
12925,20317,23
12925,20318,21
12925,20319,2
12925,20321,35.5
12925,20322,8
12925,20326,10
12925,20327,2
12926,20165,52
12926,20166,306
12926,20167,9.5
12926,20189,5
12926,20190,22
12926,20191,113.5
12926,20192,2
12926,20200,32
12926,20201,40
12926,20202,7
12926,20239,2
12926,20240,2
12926,20245,63
12926,20246,42.5
12926,20255,12.5
12926,20256,28
12926,20262,2
12926,20263,3
12926,20278,29.5
12926,20279,52
12926,20280,16
12926,20281,8
12926,20282,26
12926,20284,2
12926,20290,5
12926,20291,4
12926,20296,22
12926,20303,1
12926,20304,1
12926,20311,2
12926,20314,4
12926,20316,12.5
12926,20320,27
12926,20321,17
12926,20326,1
12927,20164,1
12927,20165,12
12927,20166,46.5
12927,20167,30
12927,20188,24
12927,20189,44
12927,20190,12.5
12927,20191,49.5
12927,20192,8
12927,20200,9
12927,20201,19
12927,20202,54
12927,20203,29.5
12927,20204,24
12927,20209,3
12927,20210,4
12927,20213,8
12927,20217,1
12927,20218,1
12927,20225,4
12927,20239,13
12927,20240,11
12927,20245,17
12927,20246,35
12927,20247,2
12927,20255,19
12927,20256,4
12927,20258,18
12927,20259,1.5
12927,20266,1
12927,20281,6
12927,20282,4
12927,20283,13.5
12927,20284,17
12927,20304,8
12927,20310,22
12927,20311,45.5
12927,20313,4
12927,20319,6
12927,20320,11
12928,20166,9
12928,20167,35.5
12928,20168,43
12928,20178,3
12928,20187,11
12928,20188,58
12928,20189,16
12928,20190,10
12928,20191,30.5
12928,20192,10
12928,20201,6
12928,20203,20
12928,20204,69
12928,20205,18
12928,20208,3
12928,20210,1
12928,20212,2
12928,20213,12
12928,20214,20
12928,20215,4
12928,20225,39
12928,20227,2
12928,20232,18
12928,20233,8
12928,20234,2
12928,20240,2
12928,20241,6
12928,20242,19
12928,20243,19.5
12928,20244,14
12928,20245,3
12928,20246,36
12928,20247,2
12928,20254,6
12928,20255,16
12928,20257,8
12928,20258,28
12928,20259,3
12928,20281,13
12928,20282,31
12928,20283,7
12928,20307,1
12928,20308,11
12928,20310,1
12928,20311,28
12928,20312,6
12928,20317,3
12928,20318,24
12928,20319,4
12929,20166,38.5
12929,20167,92
12929,20168,29
12929,20169,6
12929,20177,32.5
12929,20178,10
12929,20187,70
12929,20188,94.5
12929,20189,69
12929,20190,48
12929,20191,19.5
12929,20198,1
12929,20201,4
12929,20203,6
12929,20204,59.5
12929,20206,27
12929,20210,41
12929,20213,20
12929,20214,56
12929,20215,46
12929,20216,6
12929,20219,38
12929,20224,4
12929,20225,35
12929,20226,21.5
12929,20227,68
12929,20232,19
12929,20233,90.5
12929,20234,63.5
12929,20235,23
12929,20240,1
12929,20241,31
12929,20242,25.5
12929,20243,27
12929,20244,36
12929,20245,40
12929,20246,102.5
12929,20257,5
12929,20258,35
12929,20268,2
12929,20281,3
12929,20282,20
12929,20283,4
12929,20314,3
12929,20315,8
12929,20318,44
12929,20319,8
12930,20163,2
12930,20166,35.5
12930,20167,169
12930,20168,110.5
12930,20169,25.5
12930,20170,33
12930,20171,3
12930,20177,14
12930,20178,3
12930,20186,10
12930,20187,5
12930,20189,26.5
12930,20190,9
12930,20191,2
12930,20200,10
12930,20204,12
12930,20206,40
12930,20207,53
12930,20208,13
12930,20209,46
12930,20210,32
12930,20212,4
12930,20213,30
12930,20214,56
12930,20215,50
12930,20216,9
12930,20217,18
12930,20219,46
12930,20223,2
12930,20224,19
12930,20225,71
12930,20226,35
12930,20227,56.5
12930,20228,4
12930,20233,12
12930,20234,191.5
12930,20235,38
12930,20236,14
12930,20237,40
12930,20239,2
12930,20244,76
12930,20245,44.5
12930,20246,36
12930,20247,3
12930,20249,1
12930,20257,2
12930,20258,6.5
12930,20282,4
12930,20310,2
12930,20313,3
12930,20314,22
12930,20315,14
12931,20166,25
12931,20167,18
12931,20168,108
12931,20169,20
12931,20170,61
12931,20171,1
12931,20177,8
12931,20184,3
12931,20201,13
12931,20202,37
12931,20203,20
12931,20204,15
12931,20205,4
12931,20206,5
12931,20208,15
12931,20209,161
12931,20210,11
12931,20211,12
12931,20212,54.5
12931,20213,27
12931,20214,42
12931,20215,4
12931,20217,30
12931,20218,5
12931,20224,21
12931,20225,30
12931,20226,97.5
12931,20227,2
12931,20228,1
12931,20229,7.5
12931,20230,4.5
12931,20234,12
12931,20235,61
12931,20236,56
12931,20237,53
12931,20238,55
12931,20239,51
12931,20240,14
12931,20241,5
12931,20245,21
12931,20246,5
12931,20249,10
12931,20256,26
12931,20257,28
12931,20258,11
12931,20264,2
12931,20266,15.5
12931,20289,17
12931,20293,3
12931,20294,27
12931,20295,1
12931,20309,21
12931,20310,2
12931,20313,44
12931,20314,3
12931,20315,4
12932,20166,103.5
12932,20167,92.5
12932,20168,45
12932,20169,73
12932,20170,24
12932,20177,6
12932,20189,4
12932,20200,27
12932,20201,59
12932,20202,29
12932,20204,12
12932,20205,7
12932,20206,24
12932,20207,14.5
12932,20208,227.5
12932,20209,95
12932,20210,70
12932,20211,12
12932,20212,84
12932,20213,82
12932,20214,50
12932,20215,33
12932,20216,1
12932,20217,47
12932,20218,32.5
12932,20223,4
12932,20224,3
12932,20226,2
12932,20228,33
12932,20229,50
12932,20230,4
12932,20235,44
12932,20236,19
12932,20237,31
12932,20238,52
12932,20239,81.5
12932,20240,46
12932,20241,30
12932,20242,5
12932,20248,72.5
12932,20249,9
12932,20250,16
12932,20251,29.5
12932,20252,8
12932,20254,1
12932,20255,5
12932,20256,38
12932,20257,26
12932,20258,1
12932,20262,8
12932,20263,33
12932,20264,57
12932,20266,3
12932,20267,2
12932,20288,12
12932,20289,22
12932,20293,3
12932,20294,16.5
12932,20295,11
12932,20296,11
12932,20297,1
12932,20307,22
12932,20308,23
12932,20309,5
12932,20310,2
12932,20311,23
12932,20312,2
12932,20313,3
12932,20314,11
12933,20165,6
12933,20166,6
12933,20167,84
12933,20168,317
12933,20169,42
12933,20170,70.5
12933,20171,25
12933,20177,4
12933,20181,10
12933,20189,1
12933,20200,51
12933,20201,37
12933,20202,64
12933,20203,2
12933,20205,74
12933,20206,42
12933,20207,423
12933,20208,73
12933,20209,18
12933,20210,4
12933,20211,46
12933,20212,239.5
12933,20213,162
12933,20214,102
12933,20215,10
12933,20216,27
12933,20217,48
12933,20218,22
12933,20219,4
12933,20224,15.5
12933,20226,3
12933,20227,9
12933,20228,47.5
12933,20229,27
12933,20230,12
12933,20238,32
12933,20239,55
12933,20240,53
12933,20241,69
12933,20242,102.5
12933,20243,21
12933,20244,16
12933,20245,5
12933,20247,28
12933,20248,141
12933,20249,23
12933,20256,3
12933,20257,6
12933,20263,14
12933,20264,102
12933,20265,74
12933,20266,96.5
12933,20267,25
12933,20268,4
12933,20289,17.5
12933,20296,3
12933,20297,4.5
12933,20298,7.5
12933,20299,22
12933,20300,2
12933,20307,12
12933,20308,18
12933,20309,28
12933,20310,40
12933,20311,18
12933,20312,8
12933,20313,23
12933,20314,9
12934,20167,21
12934,20168,92
12934,20169,57
12934,20170,25
12934,20178,2
12934,20179,20
12934,20180,18
12934,20181,44
12934,20200,11
12934,20201,67
12934,20202,35.5
12934,20203,5
12934,20205,16
12934,20206,28
12934,20207,1
12934,20208,11.5
12934,20210,16
12934,20211,31
12934,20212,22
12934,20213,115
12934,20214,72.5
12934,20215,23
12934,20216,5
12934,20217,55
12934,20218,36
12934,20219,18
12934,20220,2
12934,20224,2
12934,20226,11
12934,20227,45
12934,20228,39
12934,20229,59
12934,20230,50
12934,20231,2
12934,20240,56
12934,20241,57.5
12934,20242,37
12934,20243,50
12934,20244,17
12934,20245,12
12934,20246,7
12934,20247,39
12934,20248,36.5
12934,20249,53
12934,20250,24
12934,20251,5
12934,20263,15
12934,20264,65
12934,20265,39.5
12934,20266,63
12934,20267,37
12934,20268,30
12934,20269,17
12934,20270,5
12934,20271,2
12934,20287,5
12934,20288,8
12934,20289,30
12934,20299,8
12934,20300,14
12934,20301,3
12934,20302,4
12934,20306,12
12934,20307,61
12934,20308,14
12934,20309,1
12934,20311,10
12935,20166,12
12935,20167,11
12935,20168,8
12935,20169,12
12935,20170,16
12935,20179,10
12935,20180,4
12935,20200,8
12935,20201,37
12935,20202,13
12935,20203,1
12935,20210,3
12935,20213,2
12935,20214,75
12935,20215,2
12935,20216,7
12935,20217,55
12935,20218,10.5
12935,20219,11
12935,20220,25
12935,20224,10
12935,20225,60
12935,20226,21
12935,20227,65
12935,20228,16
12935,20230,93.5
12935,20231,3
12935,20239,3
12935,20241,29
12935,20242,88.5
12935,20243,35.5
12935,20246,2
12935,20247,36
12935,20248,45
12935,20249,69.5
12935,20250,74
12935,20251,3
12935,20263,37
12935,20264,45
12935,20265,28
12935,20266,34
12935,20267,23
12935,20268,53
12935,20269,5
12935,20270,4.5
12935,20277,2
12935,20286,14
12935,20287,9
12935,20295,33
12935,20296,40
12935,20298,4
12935,20299,16
12935,20301,5
12935,20302,18
12935,20303,28
12935,20307,12
12935,20308,4
12935,20309,3
12935,20311,2
12936,20166,2
12936,20167,1
12936,20168,4
12936,20169,12
12936,20170,11
12936,20201,13
12936,20202,60
12936,20203,6
12936,20211,8
12936,20212,12
12936,20213,7
12936,20214,43
12936,20215,14
12936,20216,31
12936,20217,54
12936,20218,24
12936,20219,7
12936,20220,126
12936,20221,24
12936,20224,16
12936,20225,33
12936,20226,101
12936,20227,1
12936,20229,17
12936,20230,66
12936,20231,8
12936,20239,3
12936,20240,1.5
12936,20242,4
12936,20247,4
12936,20248,53.5
12936,20249,43.5
12936,20250,75
12936,20251,17
12936,20263,59
12936,20264,53
12936,20265,14
12936,20266,43.5
12936,20267,2
12936,20285,21
12936,20286,9
12936,20290,18
12936,20295,24
12936,20296,31.5
12936,20298,7.5
12936,20299,6
12936,20300,7
12936,20301,7
12936,20303,6
12936,20304,1
12936,20307,1.5
12936,20310,4
12937,20170,12
12937,20201,7
12937,20202,24.5
12937,20209,10
12937,20210,13
12937,20211,23
12937,20212,24.5
12937,20213,7
12937,20214,9
12937,20215,30
12937,20216,16
12937,20217,14
12937,20218,9
12937,20219,1
12937,20220,11
12937,20221,13
12937,20222,48
12937,20223,3
12937,20224,38
12937,20225,21
12937,20231,16
12937,20233,7
12937,20234,2
12937,20238,2
12937,20240,30
12937,20241,92.5
12937,20247,3
12937,20249,70
12937,20250,94.5
12937,20251,120
12937,20252,2
12937,20263,63
12937,20264,61.5
12937,20265,9
12937,20266,61
12937,20267,55
12937,20285,20
12937,20297,3
12937,20298,41
12937,20300,12
12937,20301,29
12937,20302,14
12937,20304,8
12937,20305,9
12937,20307,2
12937,20308,1
12938,20200,11
12938,20201,53.5
12938,20202,10.5
12938,20206,9
12938,20207,19
12938,20208,11
12938,20209,27
12938,20215,5
12938,20216,23
12938,20217,4
12938,20222,2
12938,20223,23
12938,20224,7
12938,20226,6
12938,20230,13
12938,20231,40
12938,20232,24.5
12938,20233,37
12938,20241,14.5
12938,20242,17
12938,20246,1
12938,20249,7
12938,20250,62
12938,20251,81
12938,20252,79
12938,20253,23
12938,20256,23
12938,20257,1
12938,20263,55
12938,20264,34
12938,20265,67
12938,20266,2
12938,20267,11
12938,20278,6
12938,20279,2
12938,20284,7
12938,20285,8
12938,20298,3
12938,20299,29
12938,20301,7
12938,20302,57.5
12938,20303,15
12938,20307,5
12939,20200,10
12939,20201,14
12939,20203,2
12939,20204,19
12939,20205,23
12939,20206,22
12939,20207,20
12939,20208,11
12939,20216,42
12939,20217,15
12939,20222,29
12939,20223,50.5
12939,20224,2
12939,20231,2
12939,20232,40
12939,20233,2
12939,20247,9
12939,20249,7
12939,20250,12
12939,20251,56
12939,20252,37
12939,20255,2
12939,20256,39
12939,20257,25
12939,20258,4
12939,20262,15
12939,20263,41.5
12939,20264,26
12939,20265,1
12939,20275,7
12939,20276,19
12939,20277,2
12939,20279,2
12939,20299,2
12939,20300,15
12939,20301,2
12939,20302,22
12939,20303,53.5
12939,20304,12
12939,20335,1
12940,20170,2
12940,20174,9
12940,20201,4
12940,20202,11
12940,20203,11.5
12940,20204,19
12940,20205,15
12940,20206,1
12940,20216,2
12940,20217,29
12940,20222,70.5
12940,20223,12
12940,20227,6
12940,20232,40.5
12940,20233,8
12940,20241,1
12940,20243,17.5
12940,20250,5
12940,20251,56
12940,20252,9
12940,20255,21.5
12940,20256,51
12940,20257,55
12940,20258,10
12940,20261,5
12940,20262,12
12940,20263,46
12940,20264,23.5
12940,20265,91
12940,20277,9
12940,20278,23
12940,20279,11
12940,20280,2
12940,20281,14
12940,20282,11
12940,20300,1
12940,20301,1
12940,20302,26
12940,20303,32
12940,20304,17
12940,20305,4
12940,20307,1
12940,20310,2
12940,20311,18.5
12940,20312,4
12940,20313,8
12940,20314,5
12940,20316,6
12940,20317,3
12940,20323,8
12941,20173,8
12941,20174,22
12941,20185,1
12941,20186,2
12941,20201,11
12941,20202,13
12941,20203,6
12941,20204,5
12941,20217,22
12941,20218,6
12941,20221,57.5
12941,20222,129.5
12941,20223,39
12941,20224,4
12941,20225,2
12941,20229,12.5
12941,20232,5
12941,20234,2
12941,20242,9
12941,20243,11
12941,20244,2
12941,20247,2
12941,20248,27
12941,20249,14
12941,20250,72
12941,20251,33
12941,20254,4
12941,20255,28
12941,20256,40
12941,20257,70
12941,20258,4
12941,20261,24
12941,20262,30
12941,20263,29
12941,20264,39.5
12941,20265,33
12941,20271,4
12941,20272,38
12941,20273,19
12941,20274,4
12941,20277,4
12941,20278,15
12941,20279,19
12941,20280,19
12941,20281,34.5
12941,20282,53.5
12941,20287,3
12941,20288,7
12941,20302,1
12941,20303,7
12941,20309,3
12941,20310,4
12941,20316,42
12941,20317,29
12941,20318,14
12941,20319,28
12941,20320,5
12941,20321,16
12941,20322,16
12941,20323,47.5
12941,20324,10
12941,20325,14
12941,20326,35
12941,20327,24.5
12941,20328,5
12941,20329,13
12941,20330,16
12941,20332,4
12941,20333,28
12942,20172,12
12942,20173,47.5
12942,20174,44
12942,20175,25
12942,20177,6
12942,20190,15
12942,20191,17
12942,20198,8
12942,20200,5
12942,20201,38.5
12942,20202,19
12942,20218,26
12942,20219,65
12942,20221,16
12942,20222,32
12942,20223,9
12942,20226,5
12942,20227,6
12942,20230,13
12942,20231,1
12942,20232,4
12942,20236,14
12942,20244,4
12942,20245,60
12942,20246,9
12942,20247,51.5
12942,20248,62.5
12942,20249,50
12942,20250,28
12942,20251,4
12942,20255,18
12942,20256,56.5
12942,20257,36
12942,20261,8
12942,20262,55
12942,20263,57.5
12942,20264,41
12942,20265,3
12942,20273,44.5
12942,20274,42.5
12942,20275,15
12942,20276,8
12942,20277,35
12942,20278,24
12942,20280,4
12942,20281,2
12942,20283,17
12942,20284,6
12942,20287,33
12942,20290,1
12942,20298,23.5
12942,20299,23.5
12942,20308,7
12942,20309,17.5
12942,20310,17.5
12942,20311,12
12942,20316,8
12942,20317,11
12942,20318,8
12942,20319,12
12942,20320,9
12942,20321,1
12942,20322,5
12942,20324,56
12942,20325,17.5
12942,20326,7
12942,20327,3
12942,20328,8
12942,20329,16
12942,20330,37.5
12942,20331,24
12942,20332,42
12942,20333,22
12942,20334,35
12943,20172,23
12943,20173,49.5
12943,20174,66.5
12943,20175,46
12943,20178,5
12943,20190,7
12943,20191,66
12943,20192,9
12943,20200,19
12943,20201,23
12943,20202,6
12943,20219,6
12943,20220,12
12943,20221,10.5
12943,20222,17
12943,20223,26
12943,20224,3.5
12943,20227,25
12943,20228,18
12943,20230,1
12943,20232,7
12943,20233,3
12943,20235,6
12943,20236,79.5
12943,20237,26
12943,20240,1
12943,20244,15
12943,20245,70.5
12943,20246,49
12943,20247,3
12943,20248,35
12943,20249,18
12943,20250,72.5
12943,20255,17
12943,20256,56.5
12943,20262,15
12943,20263,52
12943,20271,1
12943,20273,7
12943,20274,6
12943,20275,61
12943,20276,17
12943,20277,2
12943,20283,35
12943,20284,15.5
12943,20285,2
12943,20287,23
12943,20288,34
12943,20289,9
12943,20290,27.5
12943,20291,12
12943,20297,17
12943,20298,48
12943,20303,2
12943,20306,5
12943,20307,2
12943,20308,29.5
12943,20309,44
12943,20316,1
12943,20317,4
12943,20318,29
12943,20319,6
12943,20322,4
12943,20323,9
12943,20324,57
12943,20325,17
12943,20326,12.5
12943,20327,7
12943,20328,62.5
12943,20329,44
12943,20330,11
12943,20331,19
12943,20332,16
12943,20333,8
12944,20171,4
12944,20172,32
12944,20173,18
12944,20174,33
12944,20175,25
12944,20176,30
12944,20177,140
12944,20178,60
12944,20188,1
12944,20189,3
12944,20190,2
12944,20191,15
12944,20192,40
12944,20193,13
12944,20198,11
12944,20199,35
12944,20200,6
12944,20201,45
12944,20202,9
12944,20221,7
12944,20222,31
12944,20223,47
12944,20224,44
12944,20225,11
12944,20227,5
12944,20228,58
12944,20229,64.5
12944,20230,8
12944,20231,17
12944,20232,7
12944,20233,20
12944,20234,10
12944,20235,48
12944,20236,46
12944,20237,15
12944,20239,9
12944,20240,21
12944,20241,3
12944,20244,5
12944,20245,23
12944,20246,6
12944,20247,21
12944,20248,96
12944,20249,20
12944,20250,6
12944,20251,1
12944,20255,7
12944,20256,78
12944,20257,16.5
12944,20262,9
12944,20273,3
12944,20274,70
12944,20275,62
12944,20276,14
12944,20278,5
12944,20288,11
12944,20289,15
12944,20290,13
12944,20297,2
12944,20298,18
12944,20303,3
12944,20304,10
12944,20305,3
12944,20306,7
12944,20310,5
12944,20311,10
12944,20313,13
12944,20317,3
12944,20321,1
12944,20323,14
12944,20324,79
12944,20325,106.5
12944,20326,55.5
12944,20327,22
12944,20361,3
12944,20362,1
12945,20172,1
12945,20173,11
12945,20174,21
12945,20175,66
12945,20176,71.5
12945,20177,131
12945,20178,98
12945,20179,76.5
12945,20180,1
12945,20181,2
12945,20182,44
12945,20183,54
12945,20184,19
12945,20185,10
12945,20186,30
12945,20187,52
12945,20188,7
12945,20189,2
12945,20191,4
12945,20192,2
12945,20193,1
12945,20195,3
12945,20196,2
12945,20198,9
12945,20199,57
12945,20200,66.5
12945,20201,7
12945,20222,3
12945,20223,50
12945,20224,42
12945,20225,62
12945,20226,61
12945,20227,23.5
12945,20228,274.5
12945,20229,64
12945,20230,23
12945,20231,49
12945,20232,25
12945,20233,12
12945,20234,1
12945,20235,1
12945,20236,2
12945,20237,2
12945,20239,64.5
12945,20240,52.5
12945,20241,25
12945,20243,8
12945,20244,114
12945,20245,78
12945,20246,22
12945,20247,164
12945,20248,206.5
12945,20252,2
12945,20253,1
12945,20256,9
12945,20257,9
12945,20274,33.5
12945,20275,59
12945,20276,4
12945,20297,1
12945,20298,8
12945,20304,28
12945,20305,1
12945,20317,21
12945,20320,18
12945,20327,26
12946,20175,11
12946,20176,37
12946,20177,45
12946,20178,32
12946,20179,15
12946,20180,21
12946,20181,6
12946,20182,28
12946,20183,64.5
12946,20184,55.5
12946,20185,42
12946,20186,74.5
12946,20187,58
12946,20188,10
12946,20189,10
12946,20197,4.5
12946,20198,18
12946,20199,77.5
12946,20200,142.5
12946,20201,81.5
12946,20222,5
12946,20223,26
12946,20224,22
12946,20225,34
12946,20226,47.5
12946,20227,46.5
12946,20228,21
12946,20229,43
12946,20230,12
12946,20231,18
12946,20232,35
12946,20233,58
12946,20234,25
12946,20235,32.5
12946,20236,4
12946,20237,7
12946,20239,129
12946,20240,264
12946,20241,116.5
12946,20242,250.5
12946,20243,10
12946,20244,23
12946,20245,47
12946,20246,766
12946,20247,208
12946,20248,74.5
12946,20250,476.5
12946,20251,144.5
12946,20252,16
12946,20253,18
12946,20254,7
12946,20255,21.5
12946,20256,18
12946,20257,5
12946,20262,1
12946,20263,5
12946,20274,7
12946,20275,27
12946,20276,20
12946,20279,10
12946,20280,7
12946,20293,3
12946,20295,7
12946,20300,4
12946,20301,48
12946,20302,7
12946,20303,13
12946,20304,25
12946,20313,5
12946,20315,16
12946,20316,4.5
12946,20317,7
12946,20318,69.5
12946,20319,27
12946,20320,17
12946,20325,8
12946,20326,2
12946,20327,15
12946,20328,6
12946,20367,1
12946,20368,29
12946,20369,3
12947,20176,13
12947,20177,36
12947,20178,8
12947,20182,4
12947,20184,7
12947,20185,13
12947,20186,35
12947,20187,23
12947,20188,5
12947,20197,4
12947,20198,51
12947,20199,36.5
12947,20200,2
12947,20224,10
12947,20227,10
12947,20228,12
12947,20229,13
12947,20230,45
12947,20231,15
12947,20232,16
12947,20233,37
12947,20234,35
12947,20235,40.5
12947,20236,40
12947,20237,105
12947,20238,116.5
12947,20239,248
12947,20240,223.5
12947,20241,63.5
12947,20242,598
12947,20243,21.5
12947,20244,24
12947,20246,8
12947,20247,2
12947,20248,15
12947,20249,73.5
12947,20250,227.5
12947,20251,125
12947,20252,211
12947,20253,8
12947,20255,14
12947,20265,14
12947,20278,2
12947,20279,6
12947,20280,1
12947,20282,4
12947,20293,28.5
12947,20294,50
12947,20295,40
12947,20296,7
12947,20300,2
12947,20301,6
12947,20302,15
12947,20303,4
12947,20304,1
12947,20305,40
12947,20315,1
12947,20317,4
12947,20318,60.5
12947,20319,4
12947,20325,24.5
12947,20326,7
12947,20327,11
12947,20328,18.5
12947,20329,3
12947,20368,3
12948,20176,7
12948,20177,30.5
12948,20178,12
12948,20180,7
12948,20184,2
12948,20185,2
12948,20186,4
12948,20187,9
12948,20197,23
12948,20198,30
12948,20199,2
12948,20200,3
12948,20232,7
12948,20233,5
12948,20234,59
12948,20235,21
12948,20236,24
12948,20237,130
12948,20238,19
12948,20239,19
12948,20240,155.5
12948,20241,128.5
12948,20242,364.5
12948,20243,103.5
12948,20244,87
12948,20245,2
12948,20246,120.5
12948,20247,420
12948,20248,232.5
12948,20249,99
12948,20250,102
12948,20251,56
12948,20252,122
12948,20253,192
12948,20255,8.5
12948,20272,2
12948,20276,21
12948,20277,6
12948,20278,30
12948,20282,20
12948,20283,21
12948,20285,14
12948,20286,4
12948,20292,45
12948,20293,26
12948,20294,12
12948,20296,6
12948,20299,4
12948,20301,3
12948,20302,1
12948,20303,2
12948,20304,1
12948,20305,49
12948,20306,4
12948,20309,4
12948,20310,9
12948,20317,6.5
12948,20318,9
12948,20324,21
12948,20325,16
12948,20328,1
12948,20329,17
12948,20330,2
12948,20371,1
12949,20176,2
12949,20177,14
12949,20178,21
12949,20179,11
12949,20180,18
12949,20199,5
12949,20200,6
12949,20234,2
12949,20235,40
12949,20236,95
12949,20237,185.5
12949,20238,144.5
12949,20239,50.5
12949,20240,170.5
12949,20241,110.5
12949,20242,345
12949,20243,209.5
12949,20244,137
12949,20245,132
12949,20246,192.5
12949,20247,365
12949,20248,135
12949,20249,228
12949,20250,190
12949,20251,159
12949,20252,21
12949,20253,117.5
12949,20254,20
12949,20255,32
12949,20257,14
12949,20258,48.5
12949,20262,5
12949,20266,6
12949,20276,35.5
12949,20277,21
12949,20278,48.5
12949,20279,7
12949,20280,6
12949,20282,15
12949,20283,75.5
12949,20284,64
12949,20285,78
12949,20286,6
12949,20287,5
12949,20289,2
12949,20291,1
12949,20292,21
12949,20293,1
12949,20294,3.5
12949,20301,25
12949,20302,12
12949,20303,1
12949,20304,21
12949,20305,34
12949,20307,33
12949,20308,2
12949,20310,3
12949,20316,22
12949,20317,1
12949,20318,2
12949,20330,5
12950,20177,2
12950,20179,9
12950,20180,27
12950,20182,6
12950,20199,4
12950,20236,5
12950,20238,6
12950,20239,15
12950,20240,35.5
12950,20241,185.5
12950,20242,266.5
12950,20243,169.5
12950,20244,269.5
12950,20245,158
12950,20246,258
12950,20247,297.5
12950,20248,200
12950,20249,120
12950,20250,105.5
12950,20251,91
12950,20252,125
12950,20253,111.5
12950,20254,38.5
12950,20255,56
12950,20256,270
12950,20257,42.5
12950,20258,65.5
12950,20264,4
12950,20266,23
12950,20267,3
12950,20268,6
12950,20269,8
12950,20270,2
12950,20276,21
12950,20279,55
12950,20280,4
12950,20281,5
12950,20282,28
12950,20283,67
12950,20284,68
12950,20285,125.5
12950,20286,86.5
12950,20287,8
12950,20289,20
12950,20290,37
12950,20291,5
12950,20292,2
12950,20302,4
12950,20303,33
12950,20304,43
12950,20308,37
12950,20309,24
12950,20312,20
12950,20313,9
12950,20314,3
12950,20315,28.5
12950,20316,22
12950,20317,10
12951,20179,4
12951,20180,12
12951,20181,28
12951,20182,16
12951,20239,17
12951,20240,5
12951,20241,29
12951,20242,91.5
12951,20243,150.5
12951,20244,177.5
12951,20245,261.5
12951,20246,153
12951,20247,170.5
12951,20248,344.5
12951,20249,183.5
12951,20250,16.5
12951,20251,60
12951,20252,142.5
12951,20253,46.5
12951,20254,54
12951,20255,73
12951,20256,128.5
12951,20257,83.5
12951,20258,5
12951,20264,5
12951,20267,17
12951,20268,10
12951,20269,14
12951,20276,7
12951,20277,151
12951,20278,73.5
12951,20279,54.5
12951,20280,46.5
12951,20281,11
12951,20284,24
12951,20285,7
12951,20286,36
12951,20287,9
12951,20301,4
12951,20303,24.5
12951,20304,6
12951,20309,4.5
12951,20311,2
12951,20312,40
12951,20313,5
12951,20317,6.5
12952,20180,2
12952,20181,15
12952,20182,8
12952,20183,16
12952,20184,39
12952,20189,55
12952,20190,115
12952,20191,27
12952,20192,9
12952,20193,8
12952,20194,27.5
12952,20195,5
12952,20196,4
12952,20242,5
12952,20243,23
12952,20244,44
12952,20245,92
12952,20246,250.5
12952,20247,84.5
12952,20248,613
12952,20249,260
12952,20250,486.5
12952,20251,397
12952,20252,328.5
12952,20253,163.5
12952,20254,137
12952,20255,355.5
12952,20256,152.5
12952,20257,62
12952,20258,26
12952,20264,2
12952,20265,11
12952,20266,6
12952,20267,6
12952,20268,3
12952,20269,1
12952,20276,6
12952,20277,70
12952,20278,47
12952,20279,11
12952,20280,4
12952,20281,4
12952,20284,18
12952,20286,15
12952,20287,6
12952,20302,12
12952,20304,4
12952,20307,1
12952,20310,26
12952,20311,31
12952,20312,2
12952,20313,26
12952,20314,39
12952,20318,4
12952,20319,1
12952,20320,4
12953,20181,27
12953,20182,36.5
12953,20183,6
12953,20184,20
12953,20185,1
12953,20187,3
12953,20188,20
12953,20189,63
12953,20190,14.5
12953,20191,92.5
12953,20192,70
12953,20193,49
12953,20194,25
12953,20195,109
12953,20196,18
12953,20244,1
12953,20245,12
12953,20246,62
12953,20247,193
12953,20248,355.5
12953,20249,514
12953,20250,645
12953,20251,216.5
12953,20252,118
12953,20253,234.5
12953,20254,332
12953,20255,225
12953,20256,284.5
12953,20257,106.5
12953,20258,24
12953,20264,18
12953,20265,34
12953,20266,3
12953,20267,5
12953,20268,12
12953,20269,21
12953,20277,29
12953,20278,47
12953,20284,13
12953,20285,19
12953,20286,5
12953,20287,17
12953,20292,2
12953,20300,5
12953,20302,19
12953,20303,18
12953,20305,9
12953,20306,4
12953,20307,49
12953,20308,20
12953,20309,7
12953,20310,11
12953,20311,6
12953,20313,3
12953,20314,19
12953,20315,20
12953,20320,4.5
12954,20188,8
12954,20189,39
12954,20190,19
12954,20191,28
12954,20192,22
12954,20193,13
12954,20194,3
12954,20198,1
12954,20246,14.5
12954,20247,59.5
12954,20248,99.5
12954,20249,160.5
12954,20250,575
12954,20251,248.5
12954,20252,560.5
12954,20253,288.5
12954,20254,458.5
12954,20255,390
12954,20256,403.5
12954,20257,337
12954,20264,3
12954,20265,23
12954,20266,36.5
12954,20267,60.5
12954,20268,75
12954,20269,33
12954,20270,12
12954,20277,13
12954,20278,38
12954,20279,35
12954,20280,16
12954,20281,13
12954,20282,5
12954,20284,39.5
12954,20285,44.5
12954,20292,21
12954,20293,17
12954,20297,6
12954,20299,8
12954,20300,23
12954,20301,5
12954,20302,9
12954,20303,8
12954,20304,40
12954,20305,22
12954,20306,66.5
12954,20307,93
12954,20308,64.5
12954,20309,4
12954,20310,7
12954,20315,10
12954,20319,43
12954,20320,5.5
12955,20189,7.5
12955,20190,74
12955,20191,40.5
12955,20192,2
12955,20247,2
12955,20248,2
12955,20249,143
12955,20250,24
12955,20251,243.5
12955,20252,388.5
12955,20253,279
12955,20254,213
12955,20255,182
12955,20256,99.5
12955,20257,92.5
12955,20258,9
12955,20263,7
12955,20264,9
12955,20265,56
12955,20266,147.5
12955,20267,66
12955,20268,64
12955,20269,45
12955,20270,18
12955,20274,7
12955,20275,2
12955,20277,10.5
12955,20278,21
12955,20279,39
12955,20280,19
12955,20281,15
12955,20282,33
12955,20284,3
12955,20285,5
12955,20292,9
12955,20293,23
12955,20297,12
12955,20299,2.5
12955,20300,5
12955,20301,2
12955,20302,4
12955,20303,16
12955,20304,33
12955,20305,76
12955,20306,27
12955,20308,7
12955,20309,9.5
12955,20310,15
12955,20311,5
12955,20315,22
12955,20318,3
12956,20190,2
12956,20249,10
12956,20250,51
12956,20251,28
12956,20252,323.5
12956,20253,199
12956,20254,17.5
12956,20256,238.5
12956,20257,84
12956,20258,8
12956,20263,8
12956,20264,43
12956,20265,11
12956,20266,39
12956,20267,62
12956,20268,29
12956,20269,38
12956,20270,4
12956,20273,5
12956,20275,1
12956,20276,16
12956,20278,7
12956,20281,3
12956,20282,33
12956,20283,3
12956,20286,4
12956,20289,3
12956,20290,18
12956,20291,19
12956,20292,14
12956,20293,63.5
12956,20294,7
12956,20299,9
12956,20300,1
12956,20301,12
12956,20302,19
12956,20303,1
12956,20304,20
12956,20305,28
12956,20306,14
12956,20310,23
12956,20311,4
12956,20314,3
12956,20315,6
12956,20316,27
12956,20320,20
12956,20321,6
12956,20322,4
12956,20324,5
12956,20332,3
12957,20250,16
12957,20251,143
12957,20252,254
12957,20253,322.5
12957,20254,49.5
12957,20255,22
12957,20256,76.5
12957,20257,32.5
12957,20258,144
12957,20259,6
12957,20260,1
12957,20263,14
12957,20264,81
12957,20265,62
12957,20266,18
12957,20267,49.5
12957,20268,59.5
12957,20269,1
12957,20279,1
12957,20281,10
12957,20286,13
12957,20287,23.5
12957,20288,4
12957,20289,2
12957,20291,12
12957,20292,17
12957,20293,3
12957,20294,3
12957,20296,20
12957,20297,4
12957,20299,4
12957,20300,2
12957,20301,3
12957,20305,4
12957,20306,3
12957,20311,1
12957,20316,2
12957,20320,6
12957,20324,1
12957,20325,8
12957,20332,3
12957,20333,3
12957,20373,2
12958,20251,65.5
12958,20252,192
12958,20253,119.5
12958,20254,277
12958,20255,111.5
12958,20256,40
12958,20257,5
12958,20258,226
12958,20259,109
12958,20260,4
12958,20261,33
12958,20262,14
12958,20264,46
12958,20265,61.5
12958,20266,49.5
12958,20267,10
12958,20268,41
12958,20269,56.5
12958,20270,14
12958,20271,5
12958,20275,34.5
12958,20276,67.5
12958,20277,27
12958,20278,11
12958,20279,14
12958,20281,5
12958,20282,6
12958,20284,3.5
12958,20285,4
12958,20286,8
12958,20287,2
12958,20288,21
12958,20289,9
12958,20298,3
12958,20303,11
12958,20304,4
12958,20325,7
12958,20331,6.5
12958,20332,52
12958,20333,8
12958,20334,22
12958,20338,12
12958,20340,7
12958,20342,11
12958,20371,14
12958,20372,27
12958,20373,59.5
12958,20374,45
12959,20251,9
12959,20252,43
12959,20253,74
12959,20254,398
12959,20255,149.5
12959,20256,8.5
12959,20258,30
12959,20259,165
12959,20261,4
12959,20262,13
12959,20265,15
12959,20266,13
12959,20267,64
12959,20268,54.5
12959,20269,15
12959,20271,5
12959,20272,4
12959,20275,10
12959,20276,47
12959,20277,70
12959,20278,61.5
12959,20279,39
12959,20280,44
12959,20281,36
12959,20282,54
12959,20283,19
12959,20284,12
12959,20285,12
12959,20286,51
12959,20287,40
12959,20288,27
12959,20289,29
12959,20290,18
12959,20291,44.5
12959,20292,2
12959,20303,5
12959,20312,3
12959,20313,1
12959,20331,16
12959,20332,10
12959,20333,37
12959,20334,31.5
12959,20335,10
12959,20336,33
12959,20337,14
12959,20338,33
12959,20339,21
12959,20340,40
12959,20341,37.5
12959,20342,18
12959,20343,8.5
12959,20344,2
12959,20345,5
12959,20347,5
12959,20348,3
12959,20370,68
12959,20371,42
12959,20372,73
12959,20373,76
12959,20374,90
12959,20375,16
12960,20251,27.5
12960,20252,14
12960,20253,13
12960,20254,21
12960,20255,60
12960,20256,160.5
12960,20257,31
12960,20258,162
12960,20259,107.5
12960,20262,2
12960,20263,3
12960,20264,6
12960,20265,2
12960,20266,4
12960,20267,3
12960,20268,53.5
12960,20269,51
12960,20270,23
12960,20271,25.5
12960,20272,50
12960,20273,283
12960,20274,128.5
12960,20275,121
12960,20276,30
12960,20277,48
12960,20278,46
12960,20279,36
12960,20280,15
12960,20281,36.5
12960,20282,74
12960,20283,55
12960,20284,78.5
12960,20285,83
12960,20286,89.5
12960,20287,63
12960,20288,55
12960,20289,144
12960,20290,115.5
12960,20291,55.5
12960,20292,21
12960,20293,6
12960,20294,5
12960,20297,3.5
12960,20303,3
12960,20308,9
12960,20313,4
12960,20314,3
12960,20332,30
12960,20333,17
12960,20334,33
12960,20335,29
12960,20336,22
12960,20337,29
12960,20338,17
12960,20339,7
12960,20340,6
12960,20341,13
12960,20345,1
12960,20346,14
12960,20347,41
12960,20348,18
12960,20367,1
12960,20373,13
12960,20374,96
12960,20375,39
12961,20251,3
12961,20252,4
12961,20253,6
12961,20254,32
12961,20255,316
12961,20256,46
12961,20257,110
12961,20258,49
12961,20259,32
12961,20263,2
12961,20264,91.5
12961,20265,31
12961,20266,18
12961,20269,51.5
12961,20270,68
12961,20271,59
12961,20272,34
12961,20273,9
12961,20274,77.5
12961,20275,38
12961,20276,75.5
12961,20277,23
12961,20278,37
12961,20280,9
12961,20282,35.5
12961,20283,70
12961,20284,46.5
12961,20285,48
12961,20286,71
12961,20287,42
12961,20288,26
12961,20289,88.5
12961,20290,96
12961,20291,48
12961,20292,64
12961,20293,20
12961,20294,25
12961,20295,4
12961,20296,28
12961,20297,68
12961,20298,6
12961,20299,5.5
12961,20300,16
12961,20301,47
12961,20302,3
12961,20303,3
12961,20307,5
12961,20308,33
12961,20309,21
12961,20310,2
12961,20311,33.5
12961,20332,4
12961,20335,4
12961,20337,27
12961,20338,7
12961,20348,44
12961,20365,2
12962,20252,2
12962,20254,7
12962,20255,29
12962,20256,3
12962,20257,5
12962,20258,10
12962,20259,6.5
12962,20264,12
12962,20265,7
12962,20266,8
12962,20267,7
12962,20268,46.5
12962,20269,8
12962,20270,4
12962,20271,33
12962,20272,40
12962,20273,19
12962,20274,30
12962,20275,13
12962,20276,164.5
12962,20277,33
12962,20278,35
12962,20279,19
12962,20280,40
12962,20281,11.5
12962,20283,9
12962,20284,88.5
12962,20285,18
12962,20286,39
12962,20287,156
12962,20288,29
12962,20290,4
12962,20291,51
12962,20292,29
12962,20293,20
12962,20294,46
12962,20295,34
12962,20296,72
12962,20297,132
12962,20298,86
12962,20299,64
12962,20300,53
12962,20301,13
12962,20303,36
12962,20305,14
12962,20306,19
12962,20307,33
12962,20308,5
12962,20309,5
12962,20310,34
12962,20335,1
12962,20338,12
12962,20339,27
12962,20341,2
12962,20360,6
12962,20361,32
12962,20362,2
12963,20253,5
12963,20258,38
12963,20259,23
12963,20266,77.5
12963,20267,6
12963,20268,67
12963,20269,65
12963,20270,132
12963,20271,36
12963,20272,47
12963,20273,79
12963,20274,28.5
12963,20279,23
12963,20280,117
12963,20281,19
12963,20282,10
12963,20283,9
12963,20286,23.5
12963,20287,43
12963,20288,190.5
12963,20289,169
12963,20290,37
12963,20291,18
12963,20292,16
12963,20293,8
12963,20294,16
12963,20295,5
12963,20296,40
12963,20297,79.5
12963,20298,191
12963,20299,62
12963,20300,27
12963,20301,70.5
12963,20302,36
12963,20303,47
12963,20304,13
12963,20305,8
12963,20306,11
12963,20307,4
12963,20308,48
12963,20309,76
12963,20310,14
12963,20319,14
12963,20320,7
12963,20324,3
12963,20336,17
12963,20337,3
12963,20338,12
12963,20358,1
12963,20359,6
12963,20360,20
12963,20361,14
12964,20259,41
12964,20265,139
12964,20266,128.5
12964,20267,48
12964,20268,82.5
12964,20269,48.5
12964,20270,70
12964,20271,30
12964,20272,33.5
12964,20273,116.5
12964,20274,65
12964,20275,89.5
12964,20276,6
12964,20277,1
12964,20278,28
12964,20279,31
12964,20280,45.5
12964,20281,58
12964,20282,100.5
12964,20283,2
12964,20287,27
12964,20288,58
12964,20289,236.5
12964,20290,65
12964,20292,25
12964,20293,18
12964,20295,13
12964,20296,32.5
12964,20297,46
12964,20298,41
12964,20299,53
12964,20300,45
12964,20301,115.5
12964,20302,59.5
12964,20303,62
12964,20304,44
12964,20305,63
12964,20306,66
12964,20307,3
12964,20308,72
12964,20309,113.5
12964,20310,25
12964,20315,9
12964,20317,6
12964,20318,2
12964,20319,15
12964,20320,11
12964,20321,18.5
12964,20322,1
12964,20323,3
12964,20324,21
12964,20325,28
12964,20329,19
12964,20330,3
12964,20354,22
12964,20355,6
12964,20356,11
12964,20358,7
12965,20259,171.5
12965,20260,54
12965,20265,11
12965,20266,47.5
12965,20267,40
12965,20268,71
12965,20269,33
12965,20270,46
12965,20271,158
12965,20272,32
12965,20273,22
12965,20274,442
12965,20277,17
12965,20278,4
12965,20281,5
12965,20282,22
12965,20283,8
12965,20284,27
12965,20285,70
12965,20287,2
12965,20288,130.5
12965,20289,91
12965,20290,216
12965,20291,324.5
12965,20292,147
12965,20295,20
12965,20296,23
12965,20297,51
12965,20298,87
12965,20299,57
12965,20300,29
12965,20301,16
12965,20302,74
12965,20303,61
12965,20304,63
12965,20305,23
12965,20306,71
12965,20307,53
12965,20308,103.5
12965,20309,52
12965,20310,52
12965,20311,21
12965,20315,8
12965,20316,10
12965,20319,21
12965,20320,15
12965,20321,31.5
12965,20322,13
12965,20323,10
12965,20324,36
12965,20325,67
12965,20326,22
12965,20327,6
12965,20329,2
12965,20330,13
12965,20331,4
12965,20355,4
12965,20356,41
12966,20258,2
12966,20259,29
12966,20260,2
12966,20261,1
12966,20266,44.5
12966,20267,95
12966,20268,102.5
12966,20269,9
12966,20270,8
12966,20271,32
12966,20272,24
12966,20283,2.5
12966,20284,11
12966,20285,122.5
12966,20286,236.5
12966,20287,90
12966,20288,209.5
12966,20289,219.5
12966,20290,110.5
12966,20291,71
12966,20292,72
12966,20293,51
12966,20294,53
12966,20295,49
12966,20296,105.5
12966,20297,169
12966,20298,125
12966,20299,193
12966,20300,73
12966,20301,149
12966,20302,28.5
12966,20303,52
12966,20304,58
12966,20305,40.5
12966,20306,49.5
12966,20307,20
12966,20308,26
12966,20309,69
12966,20310,45.5
12966,20311,47
12966,20312,7
12966,20313,8
12966,20314,41
12966,20315,84.5
12966,20316,18
12966,20317,2
12966,20318,32
12966,20319,38
12966,20320,15
12966,20321,28
12966,20322,7
12966,20323,3
12966,20324,81
12966,20325,24
12966,20326,20
12966,20327,38
12966,20355,3
12967,20259,8
12967,20260,4
12967,20266,59
12967,20267,175.5
12967,20268,161
12967,20269,100.5
12967,20286,3
12967,20288,15.5
12967,20289,2
12967,20290,158
12967,20291,539
12967,20292,416.5
12967,20293,482.5
12967,20294,403.5
12967,20295,99
12967,20296,110.5
12967,20297,104.5
12967,20298,76
12967,20299,79
12967,20300,161.5
12967,20301,111.5
12967,20302,32
12967,20303,43
12967,20304,31
12967,20305,24
12967,20308,37
12967,20309,8
12967,20311,3
12967,20312,27.5
12967,20313,22
12967,20314,24
12967,20315,72
12967,20316,52
12967,20317,44
12967,20318,43
12967,20319,55
12967,20320,53
12967,20321,162.5
12967,20322,81.5
12967,20323,126
12967,20324,40
12967,20325,38
12967,20326,15
12967,20327,20
12967,20328,4
12967,20329,32
12967,20330,35
12967,20331,6
12967,20343,2
12967,20344,2
12968,20260,5
12968,20265,20
12968,20266,58
12968,20267,34
12968,20268,37
12968,20269,10
12968,20292,40
12968,20299,6
12968,20300,22
12968,20301,59.5
12968,20302,109
12968,20303,8
12968,20304,17
12968,20305,59
12968,20306,86
12968,20307,52
12968,20308,11
12968,20311,5
12968,20312,20
12968,20313,48
12968,20314,75.5
12968,20315,34
12968,20316,49
12968,20317,50
12968,20318,104
12968,20319,62
12968,20320,11
12968,20321,3
12968,20323,1
12968,20324,4
12968,20327,8.5
12968,20329,23
12968,20330,44
12968,20331,18
12968,20342,35
12968,20343,49
12968,20344,35.5
12968,20345,14
12969,20259,7
12969,20260,17
12969,20261,22
12969,20262,31.5
12969,20263,10
12969,20264,3
12969,20266,1
12969,20267,7
12969,20268,6
12969,20309,1
12969,20310,9
12969,20311,11
12969,20312,2
12969,20313,2
12969,20315,7
12969,20325,2
12969,20327,5
12969,20328,3
12969,20331,19
12969,20332,12
12969,20340,2
12969,20341,15
12969,20342,45
12969,20343,19
12969,20344,10
12970,20260,22
12970,20261,15
12970,20262,20
12970,20263,12.5
12970,20264,12
