n,e,ind
14720,18338,1
14720,18339,14
14721,18336,1
14721,18343,34
14722,18335,3
14722,18344,10
14723,18360,5
14723,18361,2
14724,18349,6
14724,18352,3
14724,18356,9
14724,18357,10
14724,18359,15
14724,18360,64.5
14724,18361,11
14725,18335,19
14725,18355,2
14725,18356,5
14725,18357,34
14725,18358,37
14725,18359,64
14725,18360,56
14725,18361,14
14726,18335,31
14726,18355,19
14726,18356,61.5
14726,18357,78
14726,18358,108.5
14726,18359,56.5
14726,18360,2
14727,18332,20
14727,18333,10
14727,18335,85.5
14727,18336,1
14727,18355,14
14727,18356,89
14727,18357,51.5
14727,18358,76
14727,18359,39
14728,18332,38
14728,18335,8
14728,18354,3
14728,18355,117.5
14728,18356,94
14728,18357,42
14729,18333,48
14729,18351,44
14729,18352,9
14729,18353,6
14729,18354,83
14729,18355,77
14729,18356,84
14729,18357,82
14730,18333,48
14730,18349,3
14730,18351,105
14730,18352,223.5
14730,18353,85
14730,18354,123
14730,18355,82.5
14730,18356,86
14730,18357,80
14731,18333,18
14731,18351,82
14731,18352,10
14731,18353,85
14731,18354,133.5
14731,18355,162.5
14731,18356,81
14731,18357,93.5
14732,18332,5
14732,18333,6
14732,18345,1
14732,18346,5
14732,18347,1
14732,18349,1
14732,18350,7
14732,18351,117
14732,18352,103.5
14732,18353,187
14732,18354,152
14732,18355,184.5
14732,18356,137
14732,18357,191.5
14732,18358,11
14733,18338,15.5
14733,18344,2
14733,18345,4
14733,18346,204.5
14733,18347,55
14733,18348,11
14733,18349,100
14733,18350,45.5
14733,18351,160.5
14733,18352,235
14733,18353,35.5
14733,18354,143
14733,18355,313.5
14733,18356,109
14733,18357,94
14733,18358,48.5
14734,18322,4
14734,18329,4
14734,18338,25
14734,18339,44
14734,18340,60
14734,18341,27
14734,18343,24
14734,18344,26.5
14734,18345,62.5
14734,18346,94.5
14734,18347,67
14734,18348,426.5
14734,18349,100.5
14734,18350,260
14734,18351,108
14734,18352,344
14734,18353,80.5
14734,18354,50.5
14734,18355,102
14734,18356,38
14734,18357,51.5
14734,18358,79.5
14735,18329,50.5
14735,18339,37
14735,18340,192
14735,18341,136.5
14735,18342,297.5
14735,18343,73.5
14735,18344,176
14735,18345,127
14735,18346,137
14735,18347,25
14735,18348,35
14735,18349,127.5
14735,18350,124
14735,18351,88
14735,18352,212.5
14735,18353,241
14735,18354,51
14735,18355,451
14735,18356,84.5
14735,18357,16
14735,18358,4.5
14736,18322,4
14736,18329,41.5
14736,18341,108
14736,18342,121
14736,18343,135
14736,18344,114
14736,18345,247.5
14736,18346,333
14736,18347,41.5
14736,18348,202
14736,18349,120.5
14736,18350,200.5
14736,18351,106
14736,18352,133.5
14736,18353,107
14736,18354,47.5
14736,18355,103
14736,18356,43
14736,18357,26
14736,18359,3
14737,18327,2
14737,18329,3
14737,18330,2
14737,18341,50.5
14737,18342,171.5
14737,18343,171.5
14737,18344,276
14737,18345,182.5
14737,18346,233.5
14737,18347,78
14737,18348,134
14737,18349,92.5
14737,18350,104.5
14737,18351,71
14737,18352,167
14737,18353,93
14737,18354,44.5
14737,18355,75.5
14737,18356,113
14737,18357,69.5
14737,18358,3
14737,18359,1
14738,18341,26
14738,18342,180
14738,18343,335.5
14738,18344,222
14738,18345,189
14738,18346,252.5
14738,18347,234.5
14738,18348,299
14738,18349,73
14738,18350,141.5
14738,18351,110
14738,18352,147
14738,18353,71
14738,18354,2
14738,18355,15
14738,18357,19
14738,18358,2
14739,18321,4
14739,18322,21
14739,18323,3
14739,18336,14
14739,18337,9
14739,18339,3
14739,18340,2
14739,18341,125.5
14739,18342,203.5
14739,18343,141
14739,18344,335.5
14739,18345,332.5
14739,18346,210.5
14739,18347,150.5
14739,18348,177.5
14739,18349,64.5
14739,18350,154.5
14739,18351,158.5
14739,18352,16
14739,18357,2
14739,18358,7
14740,18324,15
14740,18325,2
14740,18337,214
14740,18338,11
14740,18339,113.5
14740,18340,138
14740,18341,346
14740,18342,329
14740,18343,312
14740,18344,325.5
14740,18345,209.5
14740,18346,166
14740,18347,152.5
14740,18348,126.5
14740,18349,46
14740,18350,211
14740,18351,117
14740,18352,9
14740,18357,68.5
14740,18358,14
14741,18323,33.5
14741,18324,50
14741,18325,22.5
14741,18335,2
14741,18337,86
14741,18338,44.5
14741,18339,42
14741,18340,58.5
14741,18341,62.5
14741,18342,295.5
14741,18343,183.5
14741,18344,408
14741,18345,121.5
14741,18346,14.5
14741,18347,5
14741,18348,10
14741,18349,12.5
14741,18350,16
14741,18355,2
14741,18356,6
14741,18357,14
14741,18358,30
14741,18359,2
14742,18323,9
14742,18324,33
14742,18325,40
14742,18326,24
14742,18327,11.5
14742,18328,29
14742,18329,86.5
14742,18330,12
14742,18332,8
14742,18333,24.5
14742,18334,37
14742,18335,52.5
14742,18336,119.5
14742,18337,31
14742,18338,39
14742,18339,318.5
14742,18340,434.5
14742,18341,664.5
14742,18342,280
14742,18343,345
14742,18344,105
14742,18345,60
14742,18346,3
14742,18347,198
14742,18349,12
14742,18356,3
14743,18327,16
14743,18328,95
14743,18329,106.5
14743,18330,36
14743,18331,53
14743,18332,83
14743,18333,102.5
14743,18334,46
14743,18335,17
14743,18336,179.5
14743,18337,34
14743,18338,88
14743,18339,447
14743,18340,685
14743,18341,360.5
14743,18342,159
14743,18343,184
14743,18344,146.5
14743,18355,3
14743,18356,1
14743,18357,9
14743,18358,9
14744,18324,22
14744,18325,12
14744,18326,61.5
14744,18327,116.5
14744,18328,109.5
14744,18329,98.5
14744,18330,70
14744,18331,31
14744,18332,47.5
14744,18333,5
14744,18337,16
14744,18338,21
14744,18339,35
14744,18340,551
14744,18341,327.5
14744,18344,6
14744,18345,6
14744,18346,11
14744,18347,4
14744,18351,4
14744,18352,8
14745,18325,50
14745,18326,93
14745,18327,52
14745,18328,37
14745,18329,78.5
14745,18330,114
14745,18331,65.5
14745,18332,12
14745,18337,4.5
14745,18338,136.5
14745,18339,400.5
14745,18341,3
14745,18342,19
14745,18343,21
14745,18344,72.5
14745,18345,36
14745,18346,113
14745,18347,60.5
14745,18348,12
14745,18349,9
14745,18350,40
14745,18351,26.5
14745,18352,26
14745,18353,17
14745,18354,11
14745,18355,2
14746,18326,94
14746,18327,24
14746,18328,80.5
14746,18329,89
14746,18330,123
14746,18331,97
14746,18332,77.5
14746,18337,1
14746,18338,22
14746,18342,54.5
14746,18343,217
14746,18344,88
14746,18345,320.5
14746,18346,96
14746,18347,289
14746,18348,52
14746,18349,81
14746,18350,115
14746,18351,108
14746,18352,100
14746,18353,62
14746,18354,70
14746,18355,83
14746,18356,43
14747,18322,49
14747,18323,24
14747,18324,13
14747,18325,22
14747,18329,34
14747,18330,60
14747,18331,47.5
14747,18332,4
14747,18338,32
14747,18341,59.5
14747,18342,145
14747,18343,223.5
14747,18344,114
14747,18345,205.5
14747,18346,27.5
14747,18347,76.5
14747,18348,59
14747,18349,66
14747,18351,129
14747,18352,106
14747,18353,67
14747,18354,170.5
14747,18355,8
14747,18356,4
14747,18357,14
14747,18358,39
14747,18359,28
14747,18360,5
14748,18322,57
14748,18324,28.5
14748,18325,9
14748,18330,3
14748,18337,2
14748,18338,34.5
14748,18341,83
14748,18342,90
14748,18343,133
14748,18344,122.5
14748,18345,65
14748,18346,25
14748,18347,134.5
14748,18348,88.5
14748,18349,51
14748,18350,465
14748,18351,102
14748,18352,105
14748,18353,29
14748,18354,187
14748,18355,51
14748,18358,1
14748,18360,19
14748,18361,34
14748,18362,19.5
14748,18379,4
14749,18322,36
14749,18325,7
14749,18337,5
14749,18338,21
14749,18340,3
14749,18341,70
14749,18342,3
14749,18343,77
14749,18344,26
14749,18345,85
14749,18346,207.5
14749,18347,55
14749,18348,104
14749,18349,142.5
14749,18350,369.5
14749,18351,101
14749,18352,62
14749,18353,178
14749,18354,413.5
14749,18355,9
14749,18361,7
14749,18362,29
14749,18363,39
14749,18364,15
14749,18365,1
14749,18367,20
14749,18368,14
14750,18322,59
14750,18323,1
14750,18324,28
14750,18325,7
14750,18326,4
14750,18327,30
14750,18328,6
14750,18338,28.5
14750,18340,12.5
14750,18341,41.5
14750,18342,39
14750,18343,22
14750,18344,6
14750,18345,1
14750,18346,96.5
14750,18347,62
14750,18348,68
14750,18349,110
14750,18350,157
14750,18351,120
14750,18352,160
14750,18353,59
14750,18354,264.5
14750,18363,7
14750,18364,6
14750,18365,47
14750,18366,28.5
14750,18367,13.5
14750,18368,56
14750,18369,55
14750,18370,27
14751,18304,18
14751,18305,33
14751,18306,5
14751,18308,1
14751,18322,37
14751,18323,35
14751,18324,33
14751,18325,26
14751,18326,49
14751,18327,40
14751,18328,6
14751,18330,28
14751,18338,10
14751,18340,36
14751,18341,24
14751,18342,160
14751,18344,9
14751,18346,12
14751,18347,34.5
14751,18348,3
14751,18349,20
14751,18350,116.5
14751,18351,100
14751,18352,15.5
14751,18353,33
14751,18354,249
14751,18365,2
14751,18366,5
14751,18367,56
14751,18368,56.5
14751,18369,23
14751,18370,2
14752,18303,12
14752,18304,8
14752,18306,1
14752,18322,2
14752,18323,86
14752,18324,81
14752,18325,56
14752,18326,41.5
14752,18327,65
14752,18328,57
14752,18329,22
14752,18330,7
14752,18338,14
14752,18339,2
14752,18340,2
14752,18341,4
14752,18342,3
14752,18345,5
14752,18346,24
14752,18347,6
14752,18349,31
14752,18350,75
14752,18351,91
14752,18352,2
14752,18353,62
14752,18354,101
14752,18356,74.5
14752,18368,14
14752,18369,14
14752,18370,40.5
14752,18371,19
14752,18372,10
14752,18373,1
14752,18386,7.5
14752,18387,9
14752,18390,27
14753,18322,9
14753,18323,91
14753,18324,42
14753,18325,57
14753,18326,31
14753,18327,3
14753,18328,74
14753,18329,7
14753,18330,6
14753,18339,19
14753,18344,2
14753,18346,17
14753,18347,7.5
14753,18348,20
14753,18349,16.5
14753,18350,48
14753,18351,121
14753,18352,139
14753,18353,109.5
14753,18354,492
14753,18363,2
14753,18371,7
14753,18372,2
14753,18373,3
14753,18376,8
14753,18377,13
14753,18378,21
14753,18379,5
14753,18381,9.5
14753,18382,10
14753,18383,39
14753,18384,40
14753,18385,97.5
14753,18386,114.5
14753,18387,58
14753,18388,2
14753,18389,29
14753,18390,52.5
14754,18321,2
14754,18322,60
14754,18323,36
14754,18324,42
14754,18325,28
14754,18326,19
14754,18327,12
14754,18328,49
14754,18329,43.5
14754,18330,3
14754,18339,36
14754,18340,58.5
14754,18347,6
14754,18348,11
14754,18349,31
14754,18350,64
14754,18351,120
14754,18352,135
14754,18353,37
14754,18354,174.5
14754,18368,3
14754,18371,18
14754,18372,36
14754,18373,9
14754,18378,8
14754,18379,9
14754,18383,23
14754,18384,16
14754,18385,44
14754,18386,44
14754,18387,14
14754,18388,2
14755,18321,31
14755,18322,62.5
14755,18323,59
14755,18324,27
14755,18325,65.5
14755,18326,10
14755,18327,6
14755,18328,32
14755,18329,2
14755,18337,6
14755,18339,26
14755,18340,101
14755,18341,7
14755,18346,1
14755,18349,7
14755,18350,2
14755,18351,2
14755,18352,46
14755,18353,82
14755,18354,104
14755,18355,46
14755,18369,4
14755,18370,34.5
14755,18371,21
14755,18372,5
14755,18373,28
14755,18374,37
14755,18375,13.5
14755,18382,3
14755,18386,33
14756,18321,62
14756,18322,45.5
14756,18323,43.5
14756,18324,83
14756,18325,84
14756,18326,19.5
14756,18339,4
14756,18340,34
14756,18341,28
14756,18342,9
14756,18352,7
14756,18353,136.5
14756,18354,31
14756,18355,2
14756,18363,2
14756,18373,2
14756,18374,9.5
14756,18375,20
14756,18376,49
14756,18379,40
14756,18382,17
14756,18383,16
14756,18384,18
14757,18324,6
14757,18325,4
14757,18340,31
14757,18343,2
14757,18353,47
14757,18363,1
14757,18377,2
14757,18378,28
14757,18379,109
14757,18380,7
14757,18381,17
14757,18382,39
14757,18383,7
14757,18384,2
14758,18302,8
14758,18320,4
14758,18337,2
14758,18339,13
14758,18340,19
14758,18343,1
14758,18344,22
14758,18351,4.5
14758,18352,20
14758,18353,5
14758,18361,2
14758,18362,13
14758,18378,8
14758,18379,43
14758,18380,22
14758,18381,20
14758,18389,3
14758,18390,19.5
14759,18302,9
14759,18336,6
14759,18337,78
14759,18338,4
14759,18339,13
14759,18340,13
14759,18345,14
14759,18346,6
14759,18347,2
14759,18352,31
14759,18353,10
14759,18354,9
14759,18361,9
14759,18362,32
14759,18363,38
14759,18364,20
14759,18365,37
14759,18366,37
14759,18367,35
14759,18368,8
14759,18379,7
14759,18380,127
14759,18381,211
14759,18382,33
14759,18383,1
14760,18303,14
14760,18336,1
14760,18337,42
14760,18339,2
14760,18347,9
14760,18348,12
14760,18349,12
14760,18350,14
14760,18351,7
14760,18353,2
14760,18355,3
14760,18356,5
14760,18357,3
14760,18358,3
14760,18366,27
14760,18367,27
14760,18368,33
14760,18369,17
14760,18370,77.5
14760,18371,15
14760,18372,1
14760,18380,118.5
14760,18381,70
14760,18382,119
14760,18383,23
14760,18403,6
14761,18302,1
14761,18303,7
14761,18304,1
14761,18350,3
14761,18351,4
14761,18352,2
14761,18353,2
14761,18354,1
14761,18355,8
14761,18357,9
14761,18358,6
14761,18359,5
14761,18360,8
14761,18361,3
14761,18370,1
14761,18371,21
14761,18372,29
14761,18378,4
14761,18380,14
14761,18381,182
14761,18382,27.5
14761,18383,82
14761,18384,39
14761,18385,6
14761,18389,11
14761,18390,24
14761,18391,21
14762,18362,11
14762,18363,5
14762,18364,25.5
14762,18365,21
14762,18376,39
14762,18377,30
14762,18383,6
14762,18384,24
14762,18389,49.5
14762,18390,56
14762,18391,68
14762,18392,16
14762,18404,32
14763,18364,3
14763,18365,31
14763,18366,73.5
14763,18367,7
14763,18378,3
14763,18384,7
14763,18385,17.5
14763,18389,2
14763,18390,86
14763,18391,85
14763,18392,68
14763,18393,7
14763,18404,45.5
14763,18405,6
14764,18299,9
14764,18365,2
14764,18366,5
14764,18368,2
14764,18386,24
14764,18387,31
14764,18388,2
14764,18389,2
14764,18390,97
14764,18391,75.5
14764,18392,37
14764,18404,7
14764,18405,32
14764,18406,2
14765,18296,2
14765,18297,3
14765,18350,6
14765,18365,6
14765,18367,2
14765,18368,7
14765,18370,6
14765,18371,3
14765,18372,1
14765,18373,27
14765,18374,135
14765,18375,154.5
14765,18376,74.5
14765,18377,40.5
14765,18378,118.5
14765,18379,96
14765,18380,29.5
14765,18386,7
14765,18387,4
14765,18389,16
14765,18390,31
14765,18391,44
14765,18392,49
14765,18393,41.5
14765,18394,7
14765,18403,14
14765,18404,34
14765,18405,55
14765,18406,8
14765,18439,1
14765,18440,4
14766,18293,11
14766,18349,57
14766,18350,156
14766,18351,24
14766,18372,31
14766,18373,159
14766,18374,155
14766,18375,88
14766,18376,142
14766,18377,207
14766,18378,382.5
14766,18379,143
14766,18380,73.5
14766,18381,26
14766,18382,83.5
14766,18388,6
14766,18389,18
14766,18390,31
14766,18391,3
14766,18392,6
14766,18393,28
14766,18394,16
14766,18404,66
14766,18405,65
14766,18406,50
14766,18407,5
14766,18436,1
14766,18437,7
14767,18292,4
14767,18348,16
14767,18349,29
14767,18350,140
14767,18351,55
14767,18352,56.5
14767,18353,6
14767,18373,84
14767,18374,141
14767,18375,203.5
14767,18376,117
14767,18377,176
14767,18378,259
14767,18379,225
14767,18380,7
14767,18381,49
14767,18382,87
14767,18388,1
14767,18389,14
14767,18390,43
14767,18406,30
14767,18407,42.5
14767,18408,25
14767,18409,3
14767,18413,13
14767,18414,42
14767,18415,2
14767,18436,6
14767,18437,35.5
14768,18288,4
14768,18348,16
14768,18349,95
14768,18350,77
14768,18351,100.5
14768,18352,45.5
14768,18353,67
14768,18369,4
14768,18370,1
14768,18373,50
14768,18374,80
14768,18375,54.5
14768,18376,109
14768,18377,202
14768,18378,194
14768,18379,168.5
14768,18380,50
14768,18381,4
14768,18389,1
14768,18390,15
14768,18406,2
14768,18407,21
14768,18408,135.5
14768,18409,24
14768,18410,19
14768,18412,34
14768,18413,76.5
14768,18414,65
14768,18422,1
14768,18435,2
14768,18436,40
14768,18437,51
14769,18350,10
14769,18351,34.5
14769,18352,38.5
14769,18370,4
14769,18375,12
14769,18376,70.5
14769,18377,119
14769,18378,97
14769,18379,355.5
14769,18380,92.5
14769,18381,123.5
14769,18382,29
14769,18390,17
14769,18391,3
14769,18406,73.5
14769,18407,77
14769,18408,68.5
14769,18409,70
14769,18410,39
14769,18411,43
14769,18412,91
14769,18413,99.5
14769,18414,50.5
14769,18415,3
14769,18435,8
14769,18436,87
14769,18437,4
14769,18439,1
14769,18440,3
14770,18313,1
14770,18349,10
14770,18350,204
14770,18351,127.5
14770,18352,6
14770,18376,36
14770,18377,102
14770,18378,64
14770,18381,9
14770,18383,6
14770,18390,74
14770,18391,2
14770,18392,3
14770,18397,39
14770,18398,36
14770,18406,60
14770,18407,30.5
14770,18408,75
14770,18409,34
14770,18410,13.5
14770,18411,7
14770,18412,5
14770,18413,29
14770,18414,30
14770,18434,6
14770,18435,25
14770,18436,61
14770,18437,23
14770,18439,1
14770,18440,4
14771,18332,15
14771,18333,4.5
14771,18349,11
14771,18350,100
14771,18351,91.5
14771,18352,80
14771,18373,4
14771,18374,28
14771,18375,37.5
14771,18376,78
14771,18377,58
14771,18378,90
14771,18383,11
14771,18390,35.5
14771,18391,24.5
14771,18392,26
14771,18395,28
14771,18396,63
14771,18397,50
14771,18398,92
14771,18399,9
14771,18410,5
14771,18412,18
14771,18413,12
14771,18422,2
14771,18434,12
14771,18435,50.5
14771,18436,60
14771,18437,9
14771,18438,10
14772,18329,24
14772,18330,20
14772,18331,121
14772,18332,148
14772,18333,64.5
14772,18334,74
14772,18335,12
14772,18336,4
14772,18349,6
14772,18350,69
14772,18351,74.5
14772,18352,185.5
14772,18353,25
14772,18373,89
14772,18374,96
14772,18375,4
14772,18376,1
14772,18377,38
14772,18378,106
14772,18379,5
14772,18390,7
14772,18394,11.5
14772,18395,31
14772,18396,51.5
14772,18397,43.5
14772,18398,52.5
14772,18399,6
14772,18413,67.5
14772,18414,115
14772,18415,57.5
14772,18433,10
14772,18434,59
14772,18435,44
14772,18436,13
14772,18437,13
14772,18438,7
14773,18327,9
14773,18328,48
14773,18329,48
14773,18330,34
14773,18331,42
14773,18332,71
14773,18333,21.5
14773,18334,23
14773,18335,10
14773,18339,143.5
14773,18340,223
14773,18341,116
14773,18342,4
14773,18350,5
14773,18351,68.5
14773,18352,117
14773,18353,83.5
14773,18354,3
14773,18375,29
14773,18376,7
14773,18377,78
14773,18378,165.5
14773,18379,13
14773,18391,5
14773,18394,2
14773,18398,28
14773,18399,39
14773,18402,24
14773,18403,8
14773,18413,39
14773,18414,27
14773,18433,6
14773,18434,47
14773,18435,20
14773,18436,9
14773,18437,25
14774,18311,5
14774,18312,9
14774,18322,2
14774,18324,9
14774,18325,46.5
14774,18326,29.5
14774,18327,12
14774,18338,8
14774,18339,43
14774,18340,156
14774,18341,177
14774,18342,60
14774,18343,82.5
14774,18344,17
14774,18351,29
14774,18352,83
14774,18353,105.5
14774,18354,35
14774,18375,5
14774,18376,67
14774,18377,145.5
14774,18378,366.5
14774,18379,144.5
14774,18380,25
14774,18391,6
14774,18397,4
14774,18398,37.5
14774,18399,55
14774,18400,3
14774,18402,84
14774,18403,35
14774,18413,16
14774,18432,7
14774,18433,41
14774,18434,12
14775,18293,4
14775,18309,13
14775,18323,18
14775,18324,28
14775,18325,17
14775,18341,60.5
14775,18342,156.5
14775,18343,653.5
14775,18344,195
14775,18345,37
14775,18347,1
14775,18348,23
14775,18352,5.5
14775,18353,33.5
14775,18354,8
14775,18363,1
14775,18376,13
14775,18377,127
14775,18378,8
14775,18379,85.5
14775,18380,55
14775,18391,7.5
14775,18398,8
14775,18399,63.5
14775,18400,2
14775,18401,9.5
14775,18402,113
14775,18403,36
14775,18412,5
14775,18413,9
14775,18429,8
14775,18430,2
14775,18431,7
14775,18432,62
14775,18433,13
14775,18434,7
14775,18593,1
14776,18291,1
14776,18308,1
14776,18319,12
14776,18321,2
14776,18322,3
14776,18323,5
14776,18340,6
14776,18341,6
14776,18342,60
14776,18343,134
14776,18344,95.5
14776,18345,308
14776,18346,17
14776,18347,121
14776,18348,124.5
14776,18349,71
14776,18379,123
14776,18380,119.5
14776,18381,24
14776,18391,4
14776,18399,24
14776,18400,22
14776,18401,47.5
14776,18402,82.5
14776,18403,64.5
14776,18404,26
14776,18413,3
14776,18426,5
14776,18427,43.5
14776,18428,38
14776,18429,110
14776,18430,36
14776,18431,37
14776,18432,66.5
14776,18433,63
14776,18434,82.5
14776,18443,6
14776,18586,5
14776,18592,6
14776,18599,10
14777,18318,8
14777,18319,11.5
14777,18320,12
14777,18321,8
14777,18343,25
14777,18344,96
14777,18345,112
14777,18346,56.5
14777,18347,71.5
14777,18348,49
14777,18349,53.5
14777,18378,322
14777,18379,166.5
14777,18380,498
14777,18381,133.5
14777,18385,5
14777,18391,6
14777,18394,1.5
14777,18396,7
14777,18397,5
14777,18399,1
14777,18400,20
14777,18401,63.5
14777,18402,44
14777,18403,115.5
14777,18404,53
14777,18426,52
14777,18427,69
14777,18428,75
14777,18429,57
14777,18430,32.5
14777,18431,26
14777,18432,56.5
14777,18433,87
14777,18434,64
14777,18435,17.5
14777,18590,13
14777,18591,20
14777,18592,5
14778,18303,6
14778,18304,25
14778,18305,36
14778,18306,9
14778,18318,3.5
14778,18319,29
14778,18320,174
14778,18321,29
14778,18344,15
14778,18345,81
14778,18346,101.5
14778,18347,364.5
14778,18348,80.5
14778,18349,144.5
14778,18378,40
14778,18379,219.5
14778,18380,99
14778,18381,236
14778,18382,61.5
14778,18384,2
14778,18391,17
14778,18401,28
14778,18402,8
14778,18403,25.5
14778,18427,33
14778,18428,58.5
14778,18429,43.5
14778,18430,50.5
14778,18433,20
14778,18588,2
14778,18589,2
14778,18590,1
14779,18291,2
14779,18301,2
14779,18302,23.5
14779,18303,52
14779,18316,5
14779,18319,74.5
14779,18320,63
14779,18321,3
14779,18327,4
14779,18345,26
14779,18346,120.5
14779,18347,136
14779,18348,66.5
14779,18349,129.5
14779,18379,208.5
14779,18380,180
14779,18381,206
14779,18382,150.5
14779,18383,95.5
14779,18384,9
14779,18391,7
14779,18392,1
14779,18398,19
14779,18401,10
14779,18427,23
14779,18428,58
14779,18429,53
14779,18430,5
14779,18441,4
14780,18300,25.5
14780,18301,17.5
14780,18315,12
14780,18316,6
14780,18317,15
14780,18318,146.5
14780,18319,54
14780,18321,1
14780,18324,4
14780,18325,9
14780,18326,9.5
14780,18327,31
14780,18328,8
14780,18329,2
14780,18330,7
14780,18332,2
14780,18346,48
14780,18347,125
14780,18348,129
14780,18349,524.5
14780,18350,262.5
14780,18379,44
14780,18380,12
14780,18381,12
14780,18385,6
14780,18391,40
14780,18392,12
14780,18398,32.5
14780,18399,27
14780,18400,26
14780,18401,11
14780,18426,2.5
14780,18427,4
14780,18429,9
14780,18440,4
14780,18441,3
14780,18596,4
14781,18315,21.5
14781,18316,2
14781,18317,9
14781,18318,12
14781,18320,3
14781,18324,32
14781,18325,7
14781,18326,2
14781,18328,16
14781,18329,6
14781,18332,2
14781,18334,5
14781,18335,5
14781,18346,3
14781,18347,142.5
14781,18348,279.5
14781,18349,103
14781,18350,92.5
14781,18351,31
14781,18379,37
14781,18380,86.5
14781,18381,39
14781,18382,36.5
14781,18383,7.5
14781,18384,41
14781,18388,5
14781,18391,18
14781,18392,44
14781,18399,2
14781,18400,23
14781,18426,2
14781,18427,17
14781,18428,2
14781,18440,1
14781,18575,10
14781,18596,24
14781,18597,2
14782,18317,13
14782,18323,23
14782,18324,9.5
14782,18326,13
14782,18327,7
14782,18328,23
14782,18329,11
14782,18332,1.5
14782,18334,11
14782,18335,25
14782,18336,8
14782,18337,2
14782,18347,39
14782,18348,204
14782,18349,99
14782,18350,236.5
14782,18351,59
14782,18352,14
14782,18378,2
14782,18379,62
14782,18380,151
14782,18381,119
14782,18382,173.5
14782,18383,136
14782,18384,60
14782,18385,35
14782,18392,5
14782,18399,3
14782,18400,5
14782,18413,2
14782,18428,7
14782,18439,3
14782,18443,3
14782,18574,5.5
14782,18575,8
14782,18596,24
14782,18597,13
14782,18605,2
14783,18316,8
14783,18317,2
14783,18323,38
14783,18324,49.5
14783,18325,35
14783,18326,27
14783,18327,4
14783,18335,4
14783,18337,37
14783,18338,5
14783,18341,5
14783,18348,60.5
14783,18349,75
14783,18350,16
14783,18379,68
14783,18380,298.5
14783,18381,218
14783,18382,237
14783,18383,170.5
14783,18384,163
14783,18386,22.5
14783,18387,6
14783,18390,4
14783,18411,4
14783,18412,21
14783,18413,82.5
14783,18414,76.5
14783,18415,75
14783,18416,12
14783,18421,17
14783,18427,8
14783,18428,3.5
14783,18443,4
14783,18444,4
14783,18445,4
14783,18446,8
14783,18566,5
14783,18578,2
14783,18594,9
14783,18595,2
14783,18596,3
14783,18597,31
14783,18598,26
14783,18599,15
14783,18605,7
14783,18606,22
14783,18608,2
14784,18316,10
14784,18321,11
14784,18322,51.5
14784,18323,46.5
14784,18324,83
14784,18325,11
14784,18326,3
14784,18336,42
14784,18337,41
14784,18338,6
14784,18348,2
14784,18379,18
14784,18380,252.5
14784,18381,150.5
14784,18382,87
14784,18383,113.5
14784,18384,177.5
14784,18395,2
14784,18396,5
14784,18397,5
14784,18410,3
14784,18411,37
14784,18413,86.5
14784,18414,76
14784,18415,58
14784,18416,136
14784,18417,54
14784,18419,29
14784,18420,61.5
14784,18421,116.5
14784,18422,39
14784,18426,23
14784,18427,42
14784,18439,2
14784,18443,2
14784,18444,37
14784,18445,70
14784,18446,45
14784,18447,8
14784,18565,7
14784,18594,7
14784,18595,4
14784,18596,7
14784,18597,7
14784,18598,5
14784,18604,4
14784,18605,13
14784,18606,24
14784,18607,10
14784,18609,14
14785,18316,2
14785,18321,34
14785,18322,58.5
14785,18323,22
14785,18324,11
14785,18325,47
14785,18326,13.5
14785,18335,3
14785,18336,35
14785,18337,23
14785,18338,2
14785,18378,5
14785,18379,5
14785,18380,131
14785,18381,154
14785,18382,430
14785,18383,352
14785,18384,253.5
14785,18385,129.5
14785,18386,153.5
14785,18395,5
14785,18396,13
14785,18400,14
14785,18401,5
14785,18402,22
14785,18403,8
14785,18409,3
14785,18410,6
14785,18411,1
14785,18413,11
14785,18414,30
14785,18415,69
14785,18416,82.5
14785,18417,88.5
14785,18418,106.5
14785,18419,136.5
14785,18420,20
14785,18421,56
14785,18422,87.5
14785,18423,21
14785,18426,21
14785,18438,1
14785,18439,5
14785,18444,36
14785,18445,72
14785,18446,6
14785,18594,5
14785,18604,21
14785,18605,29
14785,18606,58.5
14785,18607,49
14785,18608,17
14785,18609,8
14786,18320,9
14786,18321,69
14786,18322,53
14786,18334,3
14786,18335,53
14786,18336,45
14786,18337,15
14786,18380,34
14786,18381,235.5
14786,18382,153
14786,18383,166
14786,18384,287
14786,18385,225.5
14786,18386,52
14786,18391,2
14786,18395,2
14786,18396,3
14786,18401,37
14786,18402,4
14786,18411,1
14786,18416,45.5
14786,18417,36.5
14786,18418,62
14786,18419,43
14786,18420,35
14786,18421,59
14786,18422,100
14786,18423,107
14786,18424,17
14786,18427,12
14786,18440,1
14786,18443,2
14786,18444,3
14786,18445,19
14786,18446,4.5
14786,18601,2
14786,18602,2
14786,18605,10.5
14786,18606,37
14786,18607,2
14787,18319,2
14787,18320,36
14787,18321,10
14787,18322,4
14787,18330,1
14787,18333,5
14787,18335,7
14787,18336,22
14787,18344,4
14787,18381,30
14787,18382,68
14787,18383,99.5
14787,18384,294.5
14787,18385,145.5
14787,18391,8.5
14787,18394,56
14787,18395,74.5
14787,18396,87.5
14787,18397,9
14787,18401,2
14787,18402,4
14787,18417,22
14787,18418,64
14787,18419,77
14787,18420,60
14787,18421,197
14787,18422,88
14787,18423,47.5
14787,18424,15
14787,18426,41.5
14787,18427,28.5
14787,18428,38
14787,18429,3
14787,18433,1
14787,18440,12
14787,18441,71
14787,18442,44
14787,18443,41
14787,18444,5
14787,18445,65
14787,18446,17
14787,18602,2
14787,18606,35.5
14788,18319,4
14788,18320,29
14788,18321,10
14788,18329,1
14788,18343,5
14788,18344,23
14788,18345,5
14788,18381,3
14788,18382,180.5
14788,18383,378
14788,18384,266
14788,18385,96.5
14788,18391,7
14788,18394,63
14788,18395,91.5
14788,18396,85.5
14788,18397,69
14788,18398,31
14788,18417,28
14788,18418,9
14788,18419,43
14788,18420,36.5
14788,18421,4
14788,18424,6
14788,18425,26
14788,18426,12
14788,18427,54
14788,18428,94
14788,18429,4
14788,18438,2
14788,18439,1
14788,18440,4
14788,18441,49.5
14788,18442,35.5
14788,18443,68
14788,18444,39
14788,18445,52
14788,18446,24
14788,18606,35
14788,18607,3
14788,18609,1
14789,18344,11
14789,18345,49
14789,18382,18.5
14789,18383,131
14789,18384,213
14789,18385,24
14789,18391,28
14789,18394,21
14789,18395,62
14789,18396,71
14789,18397,101
14789,18398,95
14789,18417,39
14789,18418,60
14789,18419,9.5
14789,18423,15
14789,18424,101.5
14789,18425,177.5
14789,18426,108
14789,18427,53
14789,18428,7
14789,18441,2
14789,18442,19
14789,18443,26
14789,18444,14
14789,18445,43
14789,18446,27
14789,18606,2
14790,18315,5
14790,18319,2
14790,18320,9
14790,18344,5
14790,18345,44
14790,18346,26
14790,18356,1.5
14790,18357,51
14790,18358,6
14790,18359,10
14790,18376,3
14790,18380,19
14790,18381,51.5
14790,18382,107.5
14790,18383,134.5
14790,18384,218
14790,18385,75
14790,18391,14
14790,18393,2
14790,18395,19
14790,18396,72
14790,18397,17
14790,18398,90
14790,18399,21
14790,18407,2
14790,18413,4
14790,18417,6
14790,18425,14
14790,18426,80
14790,18427,12
14790,18440,3
14790,18445,16
14790,18446,55
14790,18579,2
14790,18609,2
14791,18315,9.5
14791,18319,7
14791,18320,21
14791,18321,2
14791,18345,5
14791,18346,66
14791,18347,10
14791,18355,38
14791,18356,482
14791,18357,12
14791,18359,5
14791,18376,1
14791,18377,7
14791,18378,172.5
14791,18379,69.5
14791,18380,117
14791,18381,99.5
14791,18382,84.5
14791,18383,384
14791,18384,211.5
14791,18385,20.5
14791,18391,19
14791,18392,17
14791,18393,3
14791,18396,7
14791,18397,27
14791,18398,73
14791,18399,50.5
14791,18402,3
14791,18415,2
14791,18420,1
14791,18421,2
14791,18427,6
14791,18439,3
14791,18445,20.5
14791,18446,12
14791,18568,4
14791,18569,2
14791,18570,4
14791,18601,8
14791,18602,3
14791,18608,26
14791,18609,7
14792,18319,39
14792,18320,15
14792,18344,13
14792,18345,32
14792,18346,60
14792,18347,33
14792,18354,1.5
14792,18355,3
14792,18356,139
14792,18359,2
14792,18360,18.5
14792,18372,5
14792,18377,277
14792,18378,252
14792,18379,136.5
14792,18380,227.5
14792,18381,6.5
14792,18382,11
14792,18383,82.5
14792,18384,189
14792,18385,19
14792,18392,4
14792,18398,16
14792,18399,119
14792,18400,8
14792,18409,2
14792,18410,4
14792,18413,5
14792,18414,3
14792,18419,14.5
14792,18420,20.5
14792,18421,34
14792,18422,6
14792,18445,1
14792,18453,2
14792,18454,32
14792,18455,19.5
14792,18456,14
14792,18457,23
14792,18458,7
14792,18567,3
14792,18568,15
14792,18576,5
14792,18586,10
14792,18608,3
14792,18609,17
14793,18319,36
14793,18320,32
14793,18343,27
14793,18344,65
14793,18345,2
14793,18346,7
14793,18347,76
14793,18348,24
14793,18352,5
14793,18353,9
14793,18354,67
14793,18355,2
14793,18356,208
14793,18357,147
14793,18358,20
14793,18359,79
14793,18360,44
14793,18371,8
14793,18372,9
14793,18376,91
14793,18377,215
14793,18378,190.5
14793,18379,265.5
14793,18380,108
14793,18382,387
14793,18383,27
14793,18384,151
14793,18385,14
14793,18392,22
14793,18399,59
14793,18400,5
14793,18409,2
14793,18410,33
14793,18412,21
14793,18413,39
14793,18418,19
14793,18419,44
14793,18420,59
14793,18421,16
14793,18422,2
14793,18435,2
14793,18436,20.5
14793,18437,40.5
14793,18457,6
14793,18586,5
14793,18587,4
14793,18608,3
14793,18609,6
14793,18610,4
14794,18316,1
14794,18318,2
14794,18319,54.5
14794,18320,23.5
14794,18347,28
14794,18348,36
14794,18352,6
14794,18353,130
14794,18354,269.5
14794,18355,294
14794,18356,158
14794,18357,317.5
14794,18358,58
14794,18359,87
14794,18360,21
14794,18369,16
14794,18370,3.5
14794,18371,40.5
14794,18373,1
14794,18374,1
14794,18376,40
14794,18377,344.5
14794,18378,13
14794,18379,128.5
14794,18380,129
14794,18381,179.5
14794,18382,80
14794,18383,60
14794,18384,165
14794,18392,22
14794,18399,27.5
14794,18400,6
14794,18402,4
14794,18404,14
14794,18405,19
14794,18406,2
14794,18409,2
14794,18410,17
14794,18411,8
14794,18412,13
14794,18413,4
14794,18417,1
14794,18418,12
14794,18419,31
14794,18420,21
14794,18430,2
14794,18435,27
14794,18436,44.5
14794,18437,36
14794,18454,1
14794,18568,4
14794,18571,14
14794,18577,11
14794,18578,4
14794,18587,3
14794,18588,18
14794,18609,2
14795,18302,2
14795,18303,8
14795,18319,8
14795,18320,6
14795,18353,148.5
14795,18354,87
14795,18355,323
14795,18356,80
14795,18357,50.5
14795,18358,144
14795,18359,289.5
14795,18360,192.5
14795,18361,241.5
14795,18368,3
14795,18369,16
14795,18370,40
14795,18371,43
14795,18372,11
14795,18374,39.5
14795,18375,54
14795,18376,84.5
14795,18377,127
14795,18378,78
14795,18379,153
14795,18380,213.5
14795,18381,193
14795,18382,211
14795,18383,153
14795,18384,60
14795,18392,117
14795,18400,27
14795,18401,8
14795,18402,7
14795,18405,125.5
14795,18406,73
14795,18407,136.5
14795,18408,99.5
14795,18409,58
14795,18410,48.5
14795,18411,62
14795,18412,70.5
14795,18413,20
14795,18418,5
14795,18435,43
14795,18436,71
14795,18437,4
14795,18454,3.5
14795,18560,2
14795,18567,2
14795,18571,11
14795,18572,8
14795,18577,16
14795,18588,4
14795,18589,2
14796,18302,1
14796,18303,3
14796,18304,2
14796,18305,11
14796,18320,7
14796,18321,9
14796,18353,15
14796,18354,187.5
14796,18355,122
14796,18356,74
14796,18357,7
14796,18358,167.5
14796,18359,274.5
14796,18360,375
14796,18361,89.5
14796,18368,82
14796,18369,63.5
14796,18370,101
14796,18371,164.5
14796,18372,973
14796,18373,154.5
14796,18374,218
14796,18375,166.5
14796,18376,107.5
14796,18377,46
14796,18378,162.5
14796,18379,13
14796,18381,28
14796,18382,49
14796,18383,244.5
14796,18384,57
14796,18392,103
14796,18394,14
14796,18395,10
14796,18396,68.5
14796,18399,19.5
14796,18400,66
14796,18401,114.5
14796,18402,37
14796,18405,110.5
14796,18406,153.5
14796,18407,94
14796,18408,98.5
14796,18409,148
14796,18410,76
14796,18411,75
14796,18412,99
14796,18413,79
14796,18414,158.5
14796,18415,171.5
14796,18419,4
14796,18433,4
14796,18434,24
14796,18435,27
14796,18436,71.5
14796,18437,57
14796,18453,15
14796,18454,3
14796,18559,11
14796,18570,7
14796,18571,3
14796,18572,10
14796,18576,7
14796,18577,9
14796,18588,10
14796,18589,46
14796,18590,17
14796,18594,4
14796,18595,8
14796,18598,3
14796,18606,3
14797,18304,5
14797,18317,5
14797,18320,19
14797,18321,13
14797,18349,6
14797,18354,88.5
14797,18355,116
14797,18356,106
14797,18357,139
14797,18358,140.5
14797,18359,268
14797,18360,104
14797,18361,3
14797,18368,51
14797,18369,132.5
14797,18370,84
14797,18371,704.5
14797,18373,451
14797,18374,182
14797,18375,140
14797,18376,148
14797,18377,159
14797,18378,238
14797,18379,72
14797,18381,1
14797,18383,16
14797,18384,13
14797,18391,2
14797,18392,204.5
14797,18393,67.5
14797,18394,154.5
14797,18395,136.5
14797,18396,99.5
14797,18397,1
14797,18399,28
14797,18400,89.5
14797,18401,152
14797,18402,12
14797,18403,6
14797,18404,102
14797,18405,94
14797,18406,112.5
14797,18407,59
14797,18408,115
14797,18409,140
14797,18410,60
14797,18411,86.5
14797,18412,73
14797,18413,74.5
14797,18414,79
14797,18415,15
14797,18418,5
14797,18433,9
14797,18434,43
14797,18435,39
14797,18436,104
14797,18437,50
14797,18438,19
14797,18442,29
14797,18443,4
14797,18444,1
14797,18445,15.5
14797,18448,8.5
14797,18449,49
14797,18450,4
14797,18452,16
14797,18453,9
14797,18454,33
14797,18455,6
14797,18460,1
14797,18558,3
14797,18569,5
14797,18570,10
14797,18575,3
14797,18576,3
14797,18586,4
14797,18589,20
14797,18590,5.5
14797,18593,2
14797,18609,9
14797,18611,1
14798,18305,12
14798,18306,10
14798,18307,6
14798,18308,1
14798,18309,2
14798,18315,2
14798,18320,12
14798,18321,42
14798,18322,34
14798,18354,9
14798,18355,92
14798,18356,87
14798,18357,160
14798,18358,196
14798,18359,133
14798,18362,1.5
14798,18368,9
14798,18369,203
14798,18370,400.5
14798,18371,104.5
14798,18372,803.5
14798,18373,29
14798,18374,144
14798,18375,156
14798,18376,198.5
14798,18377,299
14798,18378,300
14798,18379,146
14798,18383,91.5
14798,18384,111
14798,18391,29
14798,18392,186
14798,18393,93.5
14798,18394,152
14798,18395,55.5
14798,18396,50
14798,18397,27
14798,18398,8
14798,18399,121
14798,18400,89
14798,18401,126
14798,18402,63
14798,18403,37
14798,18404,14
14798,18405,59
14798,18406,127.5
14798,18407,117.5
14798,18408,96
14798,18409,112.5
14798,18410,121
14798,18411,114.5
14798,18412,75
14798,18413,43
14798,18414,8
14798,18432,5
14798,18433,19
14798,18434,32
14798,18435,100.5
14798,18436,76.5
14798,18437,76
14798,18438,49
14798,18439,9
14798,18440,20
14798,18441,34
14798,18442,5
14798,18443,6
14798,18444,3
14798,18448,8
14798,18449,33
14798,18450,22
14798,18451,3
14798,18453,4
14798,18454,14
14798,18455,14
14798,18456,6
14798,18458,27
14798,18459,35
14798,18460,15
14798,18461,15
14798,18558,1
14798,18567,5
14798,18568,20
14798,18569,9
14798,18570,2
14798,18571,1
14798,18575,1
14798,18585,9
14798,18588,2
14798,18589,11
14798,18592,30
14798,18593,10
14798,18609,11
14798,18610,20.5
14798,18611,17
14799,18304,11
14799,18305,10
14799,18315,19
14799,18316,1
14799,18320,3
14799,18321,31
14799,18322,24
14799,18348,5
14799,18349,6
14799,18355,90.5
14799,18356,125.5
14799,18357,178.5
14799,18358,237.5
14799,18359,33.5
14799,18363,64.5
14799,18364,4
14799,18365,22
14799,18366,11
14799,18367,149.5
14799,18368,260.5
14799,18369,206.5
14799,18370,454
14799,18371,389
14799,18372,613.5
14799,18373,161
14799,18374,128
14799,18375,109.5
14799,18376,419.5
14799,18377,411
14799,18378,215
14799,18379,136.5
14799,18383,107.5
14799,18384,408.5
14799,18391,31
14799,18392,145.5
14799,18393,214
14799,18394,366.5
14799,18396,30
14799,18397,6
14799,18398,17
14799,18399,68.5
14799,18400,120
14799,18401,114
14799,18402,70.5
14799,18403,61.5
14799,18404,110
14799,18405,93
14799,18406,126.5
14799,18407,125
14799,18408,98
14799,18409,88.5
14799,18410,99
14799,18411,64
14799,18412,8
14799,18420,8
14799,18431,4
14799,18432,33.5
14799,18433,22
14799,18435,2
14799,18436,29
14799,18437,1
14799,18449,2
14799,18450,7
14799,18454,12
14799,18459,8
14799,18556,23
14799,18571,3
14799,18575,1
14799,18586,14
14799,18588,5
14799,18593,4
14799,18609,2
14799,18610,18
14799,18612,5
14800,18304,6
14800,18315,4
14800,18316,8
14800,18318,2
14800,18321,10.5
14800,18322,4
14800,18349,25
14800,18355,130
14800,18356,69
14800,18357,235
14800,18358,144
14800,18359,2
14800,18362,88
14800,18363,275.5
14800,18364,121.5
14800,18365,127
14800,18366,163.5
14800,18367,14.5
14800,18368,215.5
14800,18369,208
14800,18370,58
14800,18371,74
14800,18372,131.5
14800,18373,126
14800,18374,150
14800,18375,284.5
14800,18376,344
14800,18377,791
14800,18378,297
14800,18379,20
14800,18380,1
14800,18381,29
14800,18383,231
14800,18384,218
14800,18385,16
14800,18388,3
14800,18391,181
14800,18392,114
14800,18394,2
14800,18396,71.5
14800,18397,13
14800,18398,76
14800,18399,118
14800,18400,111
14800,18401,85
14800,18402,1
14800,18403,4
14800,18404,4
14800,18405,119
14800,18406,94
14800,18407,117
14800,18408,109.5
14800,18409,87
14800,18410,12
14800,18431,13
14800,18432,116.5
14800,18433,42
14800,18454,11
14800,18574,18
14800,18575,30
14800,18576,7
14800,18578,1
14800,18586,10
14800,18587,19.5
14800,18588,5
14800,18590,3
14800,18591,1
14800,18594,4
14800,18595,3
14800,18607,4
14800,18608,3
14800,18610,16
14801,18316,9
14801,18321,7
14801,18322,6
14801,18323,20.5
14801,18324,4
14801,18349,5
14801,18356,3
14801,18357,19.5
14801,18359,21.5
14801,18360,138
14801,18361,219
14801,18362,104.5
14801,18363,232
14801,18364,150
14801,18365,348
14801,18366,455.5
14801,18367,253
14801,18368,141
14801,18369,216
14801,18370,109
14801,18371,172.5
14801,18372,173
14801,18373,247
14801,18374,177.5
14801,18375,199
14801,18376,175.5
14801,18377,145
14801,18378,276
14801,18379,53
14801,18380,95
14801,18381,67
14801,18383,225
14801,18384,188
14801,18385,26
14801,18391,17
14801,18392,76
14801,18394,9
14801,18395,25
14801,18396,79.5
14801,18397,80
14801,18398,54
14801,18399,31
14801,18400,128
14801,18401,73
14801,18402,50
14801,18403,117.5
14801,18405,85
14801,18406,109
14801,18407,101
14801,18408,46.5
14801,18409,21
14801,18410,2
14801,18423,2
14801,18424,5
14801,18432,17
14801,18433,3
14801,18455,2
14801,18573,3
14801,18574,26
14801,18575,22
14801,18586,3
14801,18587,52
14801,18588,13
14801,18590,10
14801,18595,3
14801,18598,2
14801,18606,2
14801,18607,17
14801,18621,1
14802,18317,9
14802,18318,4
14802,18319,5
14802,18321,29
14802,18322,60.5
14802,18323,43
14802,18324,92.5
14802,18350,7
14802,18357,2
14802,18360,270.5
14802,18361,289.5
14802,18362,316.5
14802,18363,480.5
14802,18364,117
14802,18365,137.5
14802,18366,145
14802,18367,142
14802,18368,207
14802,18369,175.5
14802,18370,112
14802,18371,43.5
14802,18372,160.5
14802,18373,340
14802,18374,32
14802,18375,192
14802,18376,182.5
14802,18377,149
14802,18378,199
14802,18379,102.5
14802,18380,201.5
14802,18381,104
14802,18382,5.5
14802,18383,177
14802,18384,148
14802,18391,30
14802,18392,21
14802,18394,4
14802,18395,51
14802,18396,79
14802,18397,95.5
14802,18398,74
14802,18399,87
14802,18400,105.5
14802,18401,108
14802,18402,115
14802,18403,140
14802,18404,73.5
14802,18405,10
14802,18406,87
14802,18407,44.5
14802,18417,1
14802,18422,25
14802,18423,47.5
14802,18424,41
14802,18425,13
14802,18426,3
14802,18452,8
14802,18453,55
14802,18454,20
14802,18570,1.5
14802,18572,6
14802,18573,22.5
14802,18574,2
14802,18586,13
14802,18587,24
14802,18588,20
14802,18611,1
14803,18317,4
14803,18319,3.5
14803,18322,57
14803,18323,73
14803,18324,88
14803,18360,191.5
14803,18361,760
14803,18362,274.5
14803,18363,326.5
14803,18364,107.5
14803,18365,33
14803,18366,147.5
14803,18367,132.5
14803,18368,191
14803,18369,115
14803,18370,257
14803,18371,62
14803,18375,197.5
14803,18376,198.5
14803,18377,209.5
14803,18378,218.5
14803,18379,205.5
14803,18380,164
14803,18381,184.5
14803,18382,170
14803,18383,177
14803,18384,284
14803,18391,9
14803,18392,23
14803,18395,65
14803,18396,203
14803,18397,129.5
14803,18398,151.5
14803,18399,96
14803,18400,91.5
14803,18401,119
14803,18402,98
14803,18403,120.5
14803,18406,1
14803,18416,4
14803,18417,1
14803,18423,5
14803,18424,15
14803,18425,5
14803,18438,5
14803,18452,4
14803,18453,4
14803,18541,12
14803,18571,2
14803,18581,2
14803,18585,28
14803,18586,21
14803,18587,12
14803,18588,13
14803,18589,6
14803,18605,5
14803,18606,3
14804,18317,2
14804,18318,1
14804,18319,2
14804,18322,18.5
14804,18362,34
14804,18363,427
14804,18364,283.5
14804,18365,384.5
14804,18366,126.5
14804,18367,2
14804,18368,151
14804,18369,106.5
14804,18370,406.5
14804,18371,121
14804,18372,102
14804,18375,468.5
14804,18376,17.5
14804,18377,64
14804,18378,90
14804,18379,184.5
14804,18380,205
14804,18381,292
14804,18382,395
14804,18383,146.5
14804,18384,227.5
14804,18391,3
14804,18392,25
14804,18395,18
14804,18396,132
14804,18397,297
14804,18398,127
14804,18399,110
14804,18400,100
14804,18401,83
14804,18402,11.5
14804,18406,4
14804,18415,30.5
14804,18416,53
14804,18417,4
14804,18440,27
14804,18441,23.5
14804,18444,2
14804,18445,2
14804,18449,1
14804,18540,24
14804,18541,8
14804,18542,5
14804,18569,8
14804,18585,8
14804,18586,5
14804,18588,2
14804,18593,1
14804,18602,2
14804,18603,4
14804,18604,1
14804,18606,1
14804,18607,6
14804,18617,5
14805,18318,6
14805,18319,4
14805,18320,4
14805,18323,2
14805,18350,8
14805,18351,21
14805,18362,362
14805,18363,634
14805,18364,614
14805,18365,475
14805,18366,155.5
14805,18367,245
14805,18368,201
14805,18369,202
14805,18370,101
14805,18371,85.5
14805,18372,116.5
14805,18373,40.5
14805,18374,84
14805,18375,98
14805,18376,194
14805,18377,95
14805,18378,193
14805,18379,233.5
14805,18380,204.5
14805,18381,203
14805,18382,381
14805,18383,240
14805,18384,16
14805,18387,3
14805,18391,17
14805,18392,25
14805,18394,14
14805,18395,72
14805,18396,67
14805,18397,124
14805,18398,113
14805,18399,86
14805,18400,17
14805,18401,2
14805,18402,2
14805,18406,6
14805,18410,3
14805,18414,13
14805,18415,58
14805,18416,45.5
14805,18441,17
14805,18442,40.5
14805,18445,5
14805,18447,12
14805,18448,13
14805,18449,4
14805,18535,4
14805,18536,4.5
14805,18540,10
14805,18585,13
14805,18586,11
14805,18592,25
14805,18604,3
14805,18617,4
14806,18292,2
14806,18297,1
14806,18299,1
14806,18318,7
14806,18320,7
14806,18324,6.5
14806,18362,186.5
14806,18363,113.5
14806,18364,533
14806,18365,459.5
14806,18366,339
14806,18367,287.5
14806,18368,113
14806,18369,72.5
14806,18370,136.5
14806,18371,7
14806,18373,11
14806,18374,141.5
14806,18375,98.5
14806,18376,254
14806,18377,173.5
14806,18378,61.5
14806,18379,87
14806,18380,293
14806,18381,622
14806,18382,308.5
14806,18383,256.5
14806,18384,125
14806,18391,27
14806,18392,14
14806,18394,2
14806,18395,60.5
14806,18396,111.5
14806,18397,128
14806,18398,84
14806,18399,104.5
14806,18400,60
14806,18406,4
14806,18409,2
14806,18411,5
14806,18413,6.5
14806,18414,66.5
14806,18415,38
14806,18416,11
14806,18417,3
14806,18441,17
14806,18442,15
14806,18447,12
14806,18448,4
14806,18535,2
14806,18545,3
14806,18570,2
14806,18584,8
14806,18585,7
14806,18589,6
14806,18612,5.5
14807,18288,9
14807,18289,5
14807,18290,13.5
14807,18291,19
14807,18292,17
14807,18293,4
14807,18294,8
14807,18295,8
14807,18300,4
14807,18302,7
14807,18318,4
14807,18321,1
14807,18324,6
14807,18325,18
14807,18326,4
14807,18328,2
14807,18329,9
14807,18360,4
14807,18363,167.5
14807,18364,1112.5
14807,18365,665
14807,18366,356
14807,18367,170
14807,18368,240
14807,18369,355.5
14807,18370,207.5
14807,18371,10
14807,18372,35
14807,18373,168
14807,18374,25
14807,18375,70
14807,18376,90
14807,18377,136.5
14807,18378,87
14807,18381,698
14807,18382,237
14807,18383,273
14807,18384,7
14807,18391,73
14807,18394,22
14807,18395,103.5
14807,18396,124.5
14807,18397,136.5
14807,18398,60.5
14807,18399,74
14807,18400,122.5
14807,18401,2
14807,18403,5
14807,18407,4
14807,18411,9
14807,18412,31
14807,18413,48
14807,18414,65
14807,18415,7
14807,18420,4
14807,18440,6
14807,18441,38.5
14807,18536,5
14807,18540,4
14807,18541,1
14807,18542,6
14807,18543,4
14807,18544,6
14807,18572,6
14807,18578,2
14807,18583,5
14807,18584,13
14807,18590,3
14807,18602,4
14807,18603,6
14807,18610,3
14807,18611,1
14808,18284,2
14808,18286,10
14808,18287,1
14808,18288,13
14808,18289,17
14808,18290,7
14808,18295,1
14808,18296,8
14808,18300,6
14808,18303,28
14808,18304,30
14808,18321,7
14808,18325,4.5
14808,18326,17
14808,18328,5
14808,18344,2
14808,18359,48
14808,18360,111.5
14808,18361,4.5
14808,18362,12
14808,18363,5
14808,18364,314
14808,18365,695
14808,18366,365.5
14808,18367,289.5
14808,18368,190
14808,18369,203.5
14808,18370,350.5
14808,18371,69
14808,18372,95.5
14808,18373,283.5
14808,18374,196.5
14808,18375,225
14808,18376,270
14808,18377,443
14808,18378,248
14808,18379,152.5
14808,18380,477
14808,18381,462
14808,18382,522.5
14808,18383,258.5
14808,18384,22
14808,18390,2
14808,18391,57
14808,18394,72.5
14808,18395,151
14808,18396,194.5
14808,18397,93
14808,18398,92
14808,18399,87
14808,18400,37
14808,18402,2
14808,18412,53
14808,18413,108
14808,18414,30.5
14808,18419,5
14808,18420,3
14808,18421,4
14808,18439,7
14808,18440,13
14808,18441,24
14808,18445,26
14808,18466,13
14808,18467,27
14808,18468,4
14808,18476,16
14808,18536,4
14808,18542,5
14808,18543,15
14808,18544,12
14808,18545,3
14808,18548,2
14808,18549,9
14808,18550,9
14808,18575,1
14808,18577,6
14808,18578,4
14808,18583,8
14808,18600,2
14808,18601,4
14808,18602,3
14808,18610,3
14808,18614,8.5
14808,18620,1
14808,18622,4
14809,18284,8
14809,18285,5
14809,18286,3
14809,18297,11
14809,18298,4
14809,18300,2
14809,18301,12
14809,18302,2
14809,18303,38
14809,18304,24
14809,18305,6
14809,18319,6
14809,18321,5
14809,18322,1
14809,18325,2
14809,18326,11.5
14809,18358,15
14809,18359,24
14809,18360,237.5
14809,18361,201
14809,18362,40
14809,18364,41
14809,18365,17
14809,18366,149
14809,18367,124.5
14809,18368,101
14809,18369,117
14809,18370,97
14809,18371,101
14809,18372,214.5
14809,18373,219
14809,18374,309
14809,18375,259
14809,18376,173
14809,18377,248.5
14809,18378,281
14809,18379,319
14809,18380,312
14809,18381,502
14809,18382,617.5
14809,18383,315
14809,18384,73.5
14809,18390,19
14809,18391,37.5
14809,18393,20
14809,18394,112
14809,18395,364.5
14809,18396,217.5
14809,18397,119
14809,18398,128.5
14809,18399,84.5
14809,18403,1
14809,18404,3
14809,18411,11
14809,18412,35
14809,18413,3
14809,18414,14
14809,18415,18
14809,18416,4
14809,18425,3
14809,18426,2
14809,18440,3
14809,18441,22
14809,18442,12
14809,18445,9
14809,18455,4
14809,18464,38
14809,18465,46
14809,18466,42.5
14809,18467,24
14809,18468,5
14809,18539,4
14809,18550,2
14809,18577,2
14809,18582,25
14809,18601,4
14809,18611,7
14809,18612,12
14809,18613,5
14809,18614,1
14810,18281,6
14810,18282,2
14810,18283,11
14810,18284,1
14810,18298,10
14810,18303,3
14810,18304,13
14810,18319,3
14810,18322,3
14810,18326,7
14810,18351,4
14810,18352,18.5
14810,18353,39.5
14810,18358,1
14810,18359,39
14810,18360,158
14810,18361,274
14810,18362,143.5
14810,18365,52.5
14810,18366,154
14810,18367,104
14810,18368,128.5
14810,18370,72
14810,18371,309.5
14810,18372,283.5
14810,18373,260.5
14810,18374,227.5
14810,18375,284.5
14810,18376,333
14810,18377,616
14810,18378,314
14810,18379,241
14810,18380,393.5
14810,18381,108
14810,18382,185.5
14810,18383,213.5
14810,18387,38
14810,18388,28
14810,18390,12.5
14810,18391,4
14810,18392,30
14810,18393,36
14810,18394,397.5
14810,18395,323.5
14810,18396,187
14810,18397,143
14810,18398,170
14810,18399,42
14810,18403,5
14810,18407,4.5
14810,18408,92
14810,18409,33
14810,18411,41
14810,18412,2
14810,18425,1
14810,18441,19
14810,18442,47
14810,18443,11
14810,18445,30
14810,18446,9
14810,18461,23
14810,18464,14
14810,18465,13
14810,18538,10
14810,18576,4
14810,18577,4
14810,18581,18
14810,18582,6
14810,18613,5
14810,18631,5
14811,18282,18
14811,18283,4
14811,18298,5
14811,18302,7
14811,18306,7
14811,18319,12
14811,18320,8
14811,18327,2
14811,18351,2
14811,18352,21
14811,18353,61
14811,18359,43
14811,18360,213
14811,18361,61
14811,18362,185.5
14811,18363,18
14811,18365,8
14811,18366,129.5
14811,18367,83
14811,18368,89
14811,18369,9
14811,18370,27
14811,18371,184.5
14811,18372,246.5
14811,18373,215.5
14811,18374,214
14811,18375,265
14811,18376,124.5
14811,18377,342
14811,18378,297.5
14811,18379,312
14811,18380,508.5
14811,18381,328
14811,18382,202
14811,18383,180
14811,18384,66
14811,18387,6
14811,18388,3
14811,18390,5
14811,18392,424
14811,18393,192
14811,18394,82.5
14811,18395,185
14811,18396,324
14811,18397,191.5
14811,18398,153.5
14811,18408,40
14811,18409,90.5
14811,18410,5
14811,18411,5
14811,18441,19
14811,18444,5
14811,18445,21
14811,18446,9
14811,18451,1
14811,18460,2
14811,18461,7
14811,18462,6
14811,18556,3
14811,18576,11
14811,18577,4
14811,18578,4
14811,18581,4
14811,18594,2
14811,18595,18
14811,18599,4
14811,18620,2
14811,18621,8
14812,18281,10
14812,18282,7
14812,18298,3
14812,18300,7
14812,18306,1
14812,18307,3
14812,18319,17
14812,18320,4
14812,18332,2
14812,18333,5
14812,18354,3
14812,18359,61
14812,18360,74.5
14812,18361,4
14812,18362,83
14812,18363,97
14812,18364,2
14812,18366,38
14812,18367,65
14812,18368,30
14812,18369,65.5
14812,18370,551.5
14812,18371,385.5
14812,18372,289
14812,18373,198.5
14812,18374,196.5
14812,18375,264
14812,18376,4.5
14812,18377,245.5
14812,18378,332
14812,18379,381
14812,18380,493.5
14812,18381,427
14812,18382,529
14812,18383,578.5
14812,18384,185
14812,18389,9
14812,18391,38.5
14812,18392,117
14812,18393,47
14812,18394,74.5
14812,18395,38
14812,18396,139.5
14812,18397,159
14812,18398,62.5
14812,18407,9
14812,18408,7
14812,18409,11
14812,18410,24
14812,18441,5
14812,18445,15
14812,18451,6
14812,18452,20
14812,18453,28
14812,18454,5
14812,18458,2
14812,18459,25
14812,18460,2
14812,18461,45
14812,18462,13
14812,18463,7
14812,18466,3
14812,18536,2
14812,18578,3
14812,18579,2
14812,18580,2
14812,18581,2
14812,18593,4
14812,18594,14
14812,18595,9
14812,18601,14
14812,18602,4
14812,18603,1
14812,18612,18
14812,18613,14
14812,18614,2
14812,18620,3
14812,18622,4
14812,18628,10
14812,18629,1.5
14813,18279,1
14813,18280,4
14813,18281,13
14813,18282,5
14813,18300,5
14813,18307,9
14813,18308,5
14813,18319,16
14813,18320,1
14813,18328,16
14813,18329,4
14813,18332,9
14813,18333,30
14813,18364,110
14813,18365,8
14813,18367,24.5
14813,18368,264
14813,18369,799
14813,18370,286.5
14813,18371,166
14813,18372,338
14813,18373,253
14813,18374,387.5
14813,18375,394.5
14813,18376,231.5
14813,18377,279
14813,18378,753
14813,18379,276
14813,18380,584
14813,18381,273
14813,18382,269
14813,18383,544
14813,18384,96
14813,18389,8.5
14813,18390,62.5
14813,18391,83
14813,18392,190
14813,18393,82
14813,18394,110
14813,18395,131
14813,18396,113.5
14813,18397,123
14813,18398,21
14813,18400,22
14813,18401,50
14813,18402,3
14813,18403,61.5
14813,18404,226.5
14813,18405,41.5
14813,18406,92.5
14813,18407,116.5
14813,18408,57
14813,18409,6
14813,18410,31.5
14813,18427,2
14813,18445,24
14813,18446,15
14813,18450,25.5
14813,18451,21.5
14813,18452,14
14813,18453,23
14813,18458,2
14813,18459,46
14813,18460,9
14813,18461,40.5
14813,18462,34
14813,18463,50
14813,18464,34
14813,18465,35
14813,18466,2
14813,18472,4
14813,18473,3
14813,18489,5
14813,18534,5
14813,18535,4
14813,18537,9
14813,18538,2
14813,18578,4
14813,18579,5
14813,18580,17
14813,18593,10
14813,18594,8
14813,18596,2
14813,18597,4
14813,18602,2
14813,18604,1
14813,18608,1
14813,18609,4
14813,18610,97
14813,18611,60
14813,18612,34
14813,18613,52
14813,18614,10
14813,18619,21
14813,18620,8
14813,18627,2
14813,18630,2
14814,18280,6
14814,18281,4
14814,18294,5
14814,18295,2
14814,18300,2
14814,18308,16
14814,18321,4
14814,18330,5
14814,18333,25
14814,18334,10
14814,18335,1
14814,18336,20
14814,18337,17.5
14814,18338,11
14814,18364,35
14814,18365,105
14814,18366,10
14814,18367,97
14814,18368,97
14814,18369,317
14814,18370,209.5
14814,18371,490.5
14814,18372,428
14814,18373,227
14814,18374,728.5
14814,18375,99.5
14814,18376,395
14814,18377,293.5
14814,18378,897
14814,18379,165.5
14814,18380,332.5
14814,18381,134
14814,18382,740
14814,18383,608.5
14814,18385,6
14814,18389,57.5
14814,18390,112.5
14814,18391,148
14814,18392,157.5
14814,18393,119.5
14814,18394,113.5
14814,18395,68.5
14814,18396,16
14814,18397,51
14814,18398,29
14814,18401,100
14814,18402,90.5
14814,18403,72
14814,18404,94
14814,18405,79
14814,18406,376.5
14814,18407,26
14814,18408,68
14814,18409,90
14814,18422,13
14814,18424,4
14814,18425,45
14814,18426,62
14814,18427,74.5
14814,18428,50
14814,18429,43
14814,18430,72
14814,18431,10
14814,18433,13
14814,18439,4
14814,18445,37.5
14814,18446,4
14814,18448,6
14814,18449,25
14814,18450,3
14814,18460,4
14814,18461,55.5
14814,18462,4
14814,18463,12
14814,18464,7
14814,18465,5
14814,18472,24
14814,18473,11
14814,18476,2
14814,18533,1
14814,18534,3
14814,18535,24
14814,18536,10
14814,18537,29
14814,18538,8
14814,18539,5
14814,18592,13
14814,18593,12
14814,18595,6
14814,18597,2
14814,18598,2
14814,18599,10
14814,18600,6
14814,18605,2
14814,18607,7
14814,18609,28
14814,18610,133
14814,18611,130.5
14814,18612,60
14814,18613,81
14814,18614,12
14814,18619,33
14814,18620,13
14814,18621,7
14814,18622,13
14814,18628,2
14814,18629,3
14814,18630,13
14815,18280,5
14815,18281,5
14815,18293,51
14815,18294,11.5
14815,18295,14
14815,18296,30.5
14815,18298,3
14815,18308,9
14815,18309,3
14815,18319,2
14815,18320,6
14815,18321,2
14815,18322,1
14815,18330,8
14815,18331,9
14815,18332,18
14815,18333,41
14815,18334,35.5
14815,18335,21
14815,18336,7
14815,18337,18
14815,18338,7
14815,18352,2
14815,18355,2
14815,18367,50.5
14815,18368,120
14815,18369,181
14815,18370,650
14815,18371,277.5
14815,18372,382.5
14815,18373,503
14815,18374,148
14815,18375,381.5
14815,18376,372.5
14815,18377,94
14815,18378,305.5
14815,18379,234.5
14815,18380,109
14815,18381,507
14815,18382,949.5
14815,18383,263
14815,18387,4
14815,18388,3
14815,18389,53.5
14815,18390,65.5
14815,18391,10
14815,18392,120
14815,18393,111.5
14815,18394,40
14815,18396,6
14815,18397,17
14815,18398,39
14815,18399,29
14815,18400,39
14815,18401,117
14815,18402,103
14815,18403,49
14815,18404,140.5
14815,18405,185.5
14815,18406,25
14815,18422,118.5
14815,18423,68
14815,18424,45.5
14815,18425,60
14815,18426,47
14815,18427,88.5
14815,18428,33
14815,18429,19
14815,18430,5
14815,18431,3
14815,18432,14
14815,18433,12.5
14815,18445,45.5
14815,18448,4
14815,18449,11
14815,18466,1
14815,18473,2
14815,18477,2
14815,18508,1
14815,18531,4
14815,18532,5
14815,18533,12
14815,18534,3
14815,18535,12.5
14815,18536,30
14815,18537,17
14815,18538,47
14815,18539,3
14815,18540,6
14815,18541,1
14815,18573,1
14815,18575,2
14815,18576,3
14815,18579,2
14815,18592,21
14815,18595,6.5
14815,18600,5
14815,18606,4
14815,18609,36
14815,18610,67
14815,18611,42
14815,18612,20.5
14815,18613,23
14815,18618,5
14815,18619,8
14815,18620,2
14815,18631,5
14816,18279,2
14816,18280,4
14816,18281,2
14816,18294,1
14816,18296,40
14816,18297,50
14816,18298,18.5
14816,18299,6
14816,18302,23
14816,18303,2
14816,18309,24
14816,18330,5
14816,18331,33
14816,18332,30.5
14816,18333,18
14816,18356,20
14816,18367,15.5
14816,18368,271.5
14816,18369,23
14816,18370,172.5
14816,18371,1339.5
14816,18372,287.5
14816,18373,434
14816,18374,357.5
14816,18375,445.5
14816,18376,527.5
14816,18377,456
14816,18378,130.5
14816,18379,33
14816,18380,717
14816,18381,820
14816,18382,577.5
14816,18383,130.5
14816,18386,18
14816,18388,9
14816,18389,13
14816,18391,15
14816,18392,43.5
14816,18393,64
14816,18394,93.5
14816,18395,95
14816,18396,85.5
14816,18397,109.5
14816,18398,73.5
14816,18399,45
14816,18400,27
14816,18401,57.5
14816,18402,62
14816,18403,154.5
14816,18404,278
14816,18405,22.5
14816,18421,3
14816,18422,38
14816,18423,57
14816,18424,56.5
14816,18425,63
14816,18426,38
14816,18427,9
14816,18429,21
14816,18430,31
14816,18431,26
14816,18432,21
14816,18444,1
14816,18445,11
14816,18469,4
14816,18470,11
14816,18471,6
14816,18473,7
14816,18474,7
14816,18501,1
14816,18502,11
14816,18503,34
14816,18504,5
14816,18505,10
14816,18513,21
14816,18514,9
14816,18518,4
14816,18532,6
14816,18533,24
14816,18536,71.5
14816,18537,17
14816,18538,13
14816,18541,4
14816,18567,1
14816,18575,5
14816,18576,5
14816,18603,2
14816,18608,69.5
14816,18609,286.5
14816,18610,75.5
14816,18611,106
14816,18612,41
14816,18613,91
14816,18614,63
14816,18615,9
14816,18617,1
14816,18618,70
14816,18619,33.5
14816,18620,2
14816,18631,4
14816,18632,12
14817,18280,1
14817,18289,8
14817,18290,9
14817,18291,5
14817,18295,4
14817,18296,25
14817,18297,18
14817,18298,1
14817,18299,3
14817,18300,1
14817,18302,3
14817,18309,23
14817,18310,18
14817,18331,6.5
14817,18332,10
14817,18356,6
14817,18357,23
14817,18367,171
14817,18368,296.5
14817,18369,10
14817,18370,954
14817,18371,877.5
14817,18372,391
14817,18373,369
14817,18374,468.5
14817,18375,573
14817,18376,407
14817,18377,217.5
14817,18378,279
14817,18379,117
14817,18380,349
14817,18381,650
14817,18382,272.5
14817,18385,661.5
14817,18386,208
14817,18388,40.5
14817,18390,22
14817,18391,140.5
14817,18392,199
14817,18393,152.5
14817,18394,90
14817,18395,64.5
14817,18396,21
14817,18397,1
14817,18400,2
14817,18401,134.5
14817,18402,27.5
14817,18403,212.5
14817,18404,166
14817,18405,1
14817,18408,1
14817,18409,8
14817,18410,66.5
14817,18411,95
14817,18412,36
14817,18422,44
14817,18423,57
14817,18424,45
14817,18425,19
14817,18426,99
14817,18428,7
14817,18431,5
14817,18432,15
14817,18445,38
14817,18446,9
14817,18470,4
14817,18471,5
14817,18472,33
14817,18482,4
14817,18491,4
14817,18503,2
14817,18513,9
14817,18514,19.5
14817,18531,6
14817,18532,22
14817,18535,13
14817,18536,33
14817,18537,45
14817,18538,3
14817,18543,4
14817,18544,10
14817,18548,9
14817,18549,20
14817,18575,3.5
14817,18576,4
14817,18590,3
14817,18595,4
14817,18597,13
14817,18605,1
14817,18608,75.5
14817,18609,142.5
14817,18610,162
14817,18611,113
14817,18612,107
14817,18613,48.5
14817,18614,52
14817,18615,76
14817,18616,27
14817,18617,78.5
14817,18618,121
14817,18619,124.5
14817,18620,30
14817,18621,24.5
14818,18279,4.5
14818,18280,5
14818,18288,4
14818,18289,9
14818,18290,13
14818,18296,2
14818,18297,12
14818,18298,5
14818,18299,11
14818,18300,7
14818,18302,15
14818,18303,1
14818,18309,16
14818,18310,10
14818,18331,6
14818,18332,24
14818,18357,8
14818,18358,11
14818,18362,2
14818,18366,1
14818,18367,180
14818,18368,334.5
14818,18369,550.5
14818,18370,82
14818,18371,273.5
14818,18372,363
14818,18373,202.5
14818,18374,222
14818,18375,11
14818,18376,84.5
14818,18378,652.5
14818,18379,301.5
14818,18380,300.5
14818,18381,320.5
14818,18382,89
14818,18383,121
14818,18384,288
14818,18386,31.5
14818,18387,5
14818,18388,44
14818,18390,157.5
14818,18391,242.5
14818,18392,175.5
14818,18393,41
14818,18394,107.5
14818,18397,5
14818,18398,11
14818,18399,43.5
14818,18400,155
14818,18401,393
14818,18402,233
14818,18403,136.5
14818,18404,1
14818,18409,25.5
14818,18410,93
14818,18411,80
14818,18412,17
14818,18414,5
14818,18415,19.5
14818,18416,26
14818,18417,17
14818,18418,42.5
14818,18419,2
14818,18420,25.5
14818,18421,41
14818,18422,98.5
14818,18423,59
14818,18424,68.5
14818,18425,69.5
14818,18426,79
14818,18427,3
14818,18428,39
14818,18429,3
14818,18444,5
14818,18445,46
14818,18470,2
14818,18472,30.5
14818,18479,3
14818,18480,2
14818,18481,13
14818,18482,3
14818,18483,19
14818,18489,7
14818,18491,4
14818,18492,17
14818,18493,13
14818,18495,5
14818,18513,10
14818,18514,2
14818,18531,9
14818,18532,15
14818,18535,5
14818,18536,6
14818,18537,4
14818,18538,26
14818,18539,11
14818,18543,26
14818,18544,16
14818,18548,3
14818,18549,5
14818,18550,8
14818,18575,3
14818,18589,5
14818,18595,3
14818,18598,4
14818,18600,4
14818,18607,3
14818,18609,176
14818,18610,211.5
14818,18611,192.5
14818,18612,107
14818,18613,157.5
14818,18614,129
14818,18615,71
14818,18616,100
14818,18617,31
14818,18618,65
14818,18619,72
14818,18620,74
14818,18621,22
14818,18626,4
14819,18287,4
14819,18288,32
14819,18289,12
14819,18290,24.5
14819,18291,14
14819,18297,2
14819,18298,5
14819,18299,2
14819,18302,6
14819,18310,21
14819,18311,3
14819,18332,23
14819,18333,1
14819,18355,12
14819,18358,26
14819,18359,3
14819,18365,6
14819,18367,102.5
14819,18368,82.5
14819,18369,91
14819,18370,82
14819,18371,36
14819,18372,106
14819,18374,166.5
14819,18375,170.5
14819,18376,8
14819,18377,468
14819,18378,601
14819,18379,969
14819,18380,595
14819,18381,84
14819,18384,26
14819,18385,163
14819,18386,461
14819,18387,407.5
14819,18388,827.5
14819,18390,150.5
14819,18391,186
14819,18395,23
14819,18396,24
14819,18397,33
14819,18398,64.5
14819,18399,174
14819,18400,149.5
14819,18401,366
14819,18402,141.5
14819,18403,289.5
14819,18404,167
14819,18405,78.5
14819,18406,28
14819,18407,95.5
14819,18408,104
14819,18409,94.5
14819,18410,44
14819,18411,47
14819,18412,20
14819,18413,34.5
14819,18414,9
14819,18415,20.5
14819,18416,3
14819,18417,1
14819,18418,1
14819,18419,1
14819,18421,14
14819,18422,73.5
14819,18423,94.5
14819,18424,37
14819,18425,9
14819,18426,19
14819,18431,4
14819,18432,6
14819,18444,21.5
14819,18445,59
14819,18446,35
14819,18458,3
14819,18460,3
14819,18467,2
14819,18475,6.5
14819,18480,5
14819,18481,2
14819,18482,17
14819,18492,40
14819,18493,46
14819,18494,69
14819,18495,43
14819,18507,9
14819,18508,14
14819,18509,5
14819,18510,3
14819,18511,14
14819,18512,9
14819,18525,2
14819,18526,6
14819,18532,2
14819,18533,4
14819,18538,2
14819,18539,19
14819,18540,22
14819,18541,3
14819,18542,22
14819,18543,17
14819,18546,5
14819,18550,10
14819,18551,7
14819,18566,3
14819,18574,6
14819,18592,1
14819,18593,10
14819,18594,4
14819,18595,1
14819,18598,3
14819,18604,3
14819,18605,3
14819,18607,45
14819,18608,31
14819,18609,8
14819,18610,35
14819,18611,108
14819,18612,142
14819,18613,154.5
14819,18614,220
14819,18615,56.5
14819,18618,17
14819,18619,77
14819,18620,94.5
14819,18621,54
14819,18626,1.5
14819,18630,10
14820,18237,1
14820,18286,19
14820,18287,19
14820,18288,34
14820,18289,14
14820,18290,6
14820,18291,1
14820,18298,3
14820,18299,9
14820,18302,4
14820,18309,4
14820,18310,7
14820,18324,3
14820,18327,7
14820,18328,8
14820,18332,5
14820,18333,42
14820,18338,2
14820,18339,7
14820,18355,83.5
14820,18356,87.5
14820,18357,10
14820,18358,10
14820,18359,15
14820,18367,2
14820,18368,8.5
14820,18378,102
14820,18379,311
14820,18380,230
14820,18381,5
14820,18382,27
14820,18383,201.5
14820,18384,372.5
14820,18385,622
14820,18386,281
14820,18387,910
14820,18393,24
14820,18394,121.5
14820,18395,294
14820,18396,285
14820,18397,372
14820,18398,232
14820,18399,220.5
14820,18400,35
14820,18401,187
14820,18402,205
14820,18403,645.5
14820,18404,343.5
14820,18405,2
14820,18406,57
14820,18407,4
14820,18408,8
14820,18409,10.5
14820,18412,9
14820,18413,10
14820,18422,4
14820,18423,9
14820,18425,9
14820,18429,7
14820,18430,4
14820,18431,5.5
14820,18444,4
14820,18445,46
14820,18446,39
14820,18458,6
14820,18459,4
14820,18468,2
14820,18474,4
14820,18479,5
14820,18480,18
14820,18481,15
14820,18482,14.5
14820,18490,8
14820,18492,27
14820,18493,68
14820,18494,37
14820,18495,16
14820,18504,8.5
14820,18505,5
14820,18506,7
14820,18507,14
14820,18508,5
14820,18509,16
14820,18510,15
14820,18511,23
14820,18525,2
14820,18527,4
14820,18528,6
14820,18529,4
14820,18530,4
14820,18537,5
14820,18538,10
14820,18541,11
14820,18542,16
14820,18543,3
14820,18550,6
14820,18574,12
14820,18575,3
14820,18576,5
14820,18594,4
14820,18596,2
14820,18599,2
14820,18600,4
14820,18602,2
14820,18603,4
14820,18604,23.5
14820,18605,13
14820,18606,30
14820,18607,92.5
14820,18608,45
14820,18609,4
14820,18611,6
14820,18612,2
14820,18614,37
14820,18615,3
14820,18618,1
14820,18619,36
14820,18620,68
14820,18621,72
14820,18622,43
14820,18623,13
14820,18624,2
14820,18630,15
14820,18631,5
14821,18255,4
14821,18286,26
14821,18287,11
14821,18298,2
14821,18299,12
14821,18302,4
14821,18310,1
14821,18325,2
14821,18333,61
14821,18338,9
14821,18339,23
14821,18340,12
14821,18354,6
14821,18355,87
14821,18356,164
14821,18357,66
14821,18379,51
14821,18381,220
14821,18382,289.5
14821,18383,463
14821,18384,362.5
14821,18385,548
14821,18386,519
14821,18387,465
14821,18388,203
14821,18389,136
14821,18390,120
14821,18391,126
14821,18392,96
14821,18393,285
14821,18394,267.5
14821,18395,143
14821,18396,132.5
14821,18397,13.5
14821,18399,115.5
14821,18400,111
14821,18401,308.5
14821,18402,74.5
14821,18403,621
14821,18404,156.5
14821,18406,97
14821,18407,7
14821,18408,2
14821,18427,15.5
14821,18428,4
14821,18429,4
14821,18445,46
14821,18446,23
14821,18454,2
14821,18458,9
14821,18459,21
14821,18469,26
14821,18470,10
14821,18474,17
14821,18479,5
14821,18481,25
14821,18491,10
14821,18494,17
14821,18495,17
14821,18505,23
14821,18506,16
14821,18507,10
14821,18508,5
14821,18509,11
14821,18510,32
14821,18511,14
14821,18522,3
14821,18531,28.5
14821,18534,2
14821,18535,7
14821,18536,14
14821,18537,5
14821,18548,2
14821,18573,10
14821,18574,3
14821,18575,24
14821,18576,11
14821,18589,2
14821,18604,31
14821,18605,20
14821,18606,69
14821,18607,43
14821,18608,11
14821,18613,7
14821,18614,182
14821,18615,50.5
14821,18618,2
14821,18620,4
14821,18621,8
14821,18624,2
14821,18630,35
14821,18631,14
14822,18257,6
14822,18262,3
14822,18285,13
14822,18286,22
14822,18287,5
14822,18298,9
14822,18299,6
14822,18302,4
14822,18309,2
14822,18310,8
14822,18327,4
14822,18328,3
14822,18333,7
14822,18334,4
14822,18337,6
14822,18338,15
14822,18339,30.5
14822,18340,6
14822,18355,11
14822,18356,71
14822,18357,101
14822,18361,5
14822,18362,16
14822,18379,15.5
14822,18380,706.5
14822,18381,317
14822,18382,467
14822,18383,303
14822,18384,531.5
14822,18385,429.5
14822,18386,233.5
14822,18387,668.5
14822,18388,448
14822,18389,540.5
14822,18390,317.5
14822,18391,240.5
14822,18392,242.5
14822,18393,224.5
14822,18394,209
14822,18395,38.5
14822,18396,174
14822,18397,46
14822,18399,146.5
14822,18400,132
14822,18401,130
14822,18403,85
14822,18404,350.5
14822,18405,59
14822,18406,3
14822,18422,9
14822,18423,3
14822,18426,20
14822,18427,28
14822,18428,32
14822,18429,28
14822,18430,36
14822,18431,4
14822,18446,23
14822,18447,11
14822,18453,3
14822,18454,14
14822,18455,19
14822,18459,5
14822,18469,2
14822,18487,8
14822,18488,2
14822,18491,7
14822,18492,2
14822,18493,2
14822,18495,4
14822,18496,8
14822,18510,19
14822,18511,4
14822,18525,4
14822,18526,17
14822,18527,2
14822,18529,2
14822,18530,9
14822,18533,1
14822,18534,13.5
14822,18535,4
14822,18536,4
14822,18570,15
14822,18571,1
14822,18575,6
14822,18583,5
14822,18589,3
14822,18593,1
14822,18604,10
14822,18606,5
14822,18607,3
14822,18608,8.5
14822,18613,12.5
14822,18614,61
14822,18615,9
14822,18618,7
14822,18622,3
14822,18631,1
14823,18284,1
14823,18285,5
14823,18286,21
14823,18299,2
14823,18302,5
14823,18310,4
14823,18322,3
14823,18323,1
14823,18327,8
14823,18328,2
14823,18333,3
14823,18334,1
14823,18337,11
14823,18338,32
14823,18339,35
14823,18340,9
14823,18355,7
14823,18356,3
14823,18357,1
14823,18359,94
14823,18362,92
14823,18363,52
14823,18378,76
14823,18379,399.5
14823,18380,356.5
14823,18381,419.5
14823,18382,406.5
14823,18383,461.5
14823,18384,480.5
14823,18385,555.5
14823,18386,203.5
14823,18387,415
14823,18388,266
14823,18389,167.5
14823,18390,188.5
14823,18391,303
14823,18392,389.5
14823,18393,156
14823,18394,77
14823,18395,72.5
14823,18396,235
14823,18397,2
14823,18399,744
14823,18400,198
14823,18401,409
14823,18402,73.5
14823,18403,43.5
14823,18404,289
14823,18405,139.5
14823,18406,22
14823,18422,23
14823,18423,9
14823,18428,11
14823,18429,13
14823,18430,9
14823,18431,5
14823,18446,6
14823,18447,7
14823,18452,2
14823,18453,1
14823,18454,7
14823,18455,18
14823,18456,6
14823,18457,25
14823,18458,2
14823,18464,6
14823,18465,4
14823,18487,2
14823,18488,2
14823,18493,1
14823,18495,19.5
14823,18496,9
14823,18497,41
14823,18525,2
14823,18529,1
14823,18530,1
14823,18533,20
14823,18534,6
14823,18571,3
14823,18572,6
14823,18583,4
14823,18584,16
14823,18592,3
14823,18593,21
14823,18602,2
14823,18604,2
14823,18605,5
14823,18607,6
14823,18614,26
14823,18622,2
14823,18623,2
14823,18630,2
14823,18632,2
14823,18633,1
14824,18263,2
14824,18279,5
14824,18280,1
14824,18283,3
14824,18284,18
14824,18285,17
14824,18286,23
14824,18287,2
14824,18288,2
14824,18289,1
14824,18301,5
14824,18310,2
14824,18311,8
14824,18322,32
14824,18323,8
14824,18328,2
14824,18334,5
14824,18337,3
14824,18338,52.5
14824,18339,39
14824,18340,13
14824,18353,4
14824,18357,2
14824,18358,35
14824,18359,104.5
14824,18361,12
14824,18362,36
14824,18363,115.5
14824,18377,158
14824,18378,183.5
14824,18379,335.5
14824,18380,483.5
14824,18381,543
14824,18382,678
14824,18383,331
14824,18384,264
14824,18385,617.5
14824,18386,205.5
14824,18387,318
14824,18388,260
14824,18389,232.5
14824,18390,189.5
14824,18391,219.5
14824,18392,287.5
14824,18393,51
14824,18394,3.5
14824,18395,59
14824,18396,232
14824,18397,263.5
14824,18399,404
14824,18400,216
14824,18401,296
14824,18402,207.5
14824,18403,2
14824,18404,106.5
14824,18405,275
14824,18406,27
14824,18407,42
14824,18427,4
14824,18428,41.5
14824,18447,8
14824,18448,16
14824,18453,2
14824,18454,40
14824,18455,55
14824,18456,47
14824,18457,33.5
14824,18458,44
14824,18494,44
14824,18495,34
14824,18534,10
14824,18535,6
14824,18548,5
14824,18572,3
14824,18573,11
14824,18574,4
14824,18583,9
14824,18584,4
14824,18587,1
14824,18597,2
14824,18599,2
14824,18600,3
14824,18601,3
14824,18603,10
14824,18607,2
14824,18612,5
14824,18623,2
14824,18624,2
14824,18625,15
14824,18626,5
14824,18627,1
14824,18628,23
14824,18633,6
14825,18279,4
14825,18281,5
14825,18282,2
14825,18283,27.5
14825,18284,19
14825,18285,9
14825,18286,48
14825,18287,15
14825,18288,12
14825,18289,9
14825,18298,3
14825,18310,17
14825,18311,1
14825,18322,56
14825,18323,27
14825,18325,9
14825,18335,8
14825,18338,21
14825,18339,15
14825,18340,22
14825,18342,4
14825,18358,121.5
14825,18359,80
14825,18360,19
14825,18361,33
14825,18362,245.5
14825,18363,63.5
14825,18364,82
14825,18365,28
14825,18374,244.5
14825,18375,80.5
14825,18376,2
14825,18377,82
14825,18378,204
14825,18379,150.5
14825,18380,753
14825,18381,480
14825,18382,354
14825,18383,320.5
14825,18384,282.5
14825,18385,434
14825,18386,230.5
14825,18387,224
14825,18388,194
14825,18389,283
14825,18390,240
14825,18391,211
14825,18392,106
14825,18393,13
14825,18395,52
14825,18396,84
14825,18397,145.5
14825,18398,24
14825,18399,186
14825,18400,588
14825,18401,144.5
14825,18404,46
14825,18405,23
14825,18406,59.5
14825,18407,43
14825,18408,24
14825,18425,2
14825,18426,4
14825,18428,31.5
14825,18429,13
14825,18430,8
14825,18440,3
14825,18446,3
14825,18447,2
14825,18454,33
14825,18455,57.5
14825,18456,38
14825,18457,41
14825,18458,28
14825,18459,9
14825,18467,4
14825,18476,28
14825,18493,3
14825,18494,21
14825,18495,55
14825,18496,18
14825,18500,2
14825,18508,4
14825,18535,2
14825,18545,4
14825,18547,8
14825,18574,6
14825,18584,12
14825,18585,5
14825,18587,2
14825,18589,1
14825,18591,11
14825,18592,11
14825,18596,8
14825,18597,12
14825,18605,2
14825,18610,3
14825,18614,4
14825,18616,1
14825,18623,3
14825,18624,16
14825,18625,3
14825,18626,17
14825,18627,12
14825,18628,11
14826,18279,8
14826,18280,6
14826,18281,4
14826,18283,20.5
14826,18284,35
14826,18285,5
14826,18286,14
14826,18289,6
14826,18290,14
14826,18298,1
14826,18301,6
14826,18310,5
14826,18322,79
14826,18323,30
14826,18328,3
14826,18335,30
14826,18336,42
14826,18340,12.5
14826,18341,2
14826,18355,57.5
14826,18356,9
14826,18357,40
14826,18358,19
14826,18359,49
14826,18360,116.5
14826,18361,602.5
14826,18362,10
14826,18364,5
14826,18366,8
14826,18374,121.5
14826,18375,26
14826,18377,116
14826,18378,399
14826,18379,740
14826,18380,513
14826,18381,343
14826,18382,342
14826,18383,540
14826,18384,228
14826,18385,218
14826,18386,228
14826,18387,283.5
14826,18388,226
14826,18389,177
14826,18390,160.5
14826,18391,149
14826,18392,52
14826,18394,10
14826,18395,292
14826,18396,92.5
14826,18397,178.5
14826,18398,223.5
14826,18399,7
14826,18400,8
14826,18403,2
14826,18404,20
14826,18406,23
14826,18407,80.5
14826,18408,99
14826,18409,15
14826,18425,14.5
14826,18426,24
14826,18428,3
14826,18430,1
14826,18431,2
14826,18435,4
14826,18440,3
14826,18444,12
14826,18445,5
14826,18446,19
14826,18458,7
14826,18459,3
14826,18475,45
14826,18476,70
14826,18477,2
14826,18495,7
14826,18496,29
14826,18508,2
14826,18509,30
14826,18510,2
14826,18511,1
14826,18549,10
14826,18550,19.5
14826,18551,12
14826,18565,2
14826,18572,1
14826,18585,2
14826,18589,2
14826,18590,8
14826,18591,6
14826,18592,4
14826,18593,5
14826,18594,7
14826,18595,10
14826,18596,5
14826,18599,1
14826,18600,3
14826,18602,8
14826,18603,11.5
14826,18604,2
14826,18610,6
14826,18612,4
14826,18614,6
14826,18617,5
14826,18626,6
14826,18627,4.5
14826,18634,2
14827,18277,6
14827,18279,9
14827,18283,2
14827,18284,8
14827,18285,12
14827,18286,6
14827,18298,3
14827,18301,4
14827,18302,2
14827,18322,5
14827,18323,13
14827,18324,2
14827,18335,28
14827,18336,27
14827,18337,8
14827,18340,18
14827,18341,15
14827,18355,22
14827,18356,32
14827,18357,6
14827,18359,65.5
14827,18360,87
14827,18361,139
14827,18362,448.5
14827,18363,544
14827,18364,247.5
14827,18366,61.5
14827,18367,24
14827,18373,1
14827,18374,93.5
14827,18375,35.5
14827,18376,421
14827,18377,302
14827,18378,286
14827,18379,322.5
14827,18380,177
14827,18381,238
14827,18382,389
14827,18383,377
14827,18384,215.5
14827,18385,295
14827,18386,261
14827,18387,299
14827,18388,220
14827,18389,142
14827,18390,187
14827,18391,196
14827,18392,175
14827,18393,137
14827,18394,321
14827,18395,271
14827,18396,203.5
14827,18397,282
14827,18398,90.5
14827,18399,13
14827,18400,145
14827,18401,116
14827,18406,2
14827,18408,35.5
14827,18409,25
14827,18424,4
14827,18425,25.5
14827,18426,4
14827,18427,2
14827,18443,5
14827,18444,29
14827,18445,10
14827,18446,75.5
14827,18447,2
14827,18473,11
14827,18474,67
14827,18475,106
14827,18476,39
14827,18483,8
14827,18484,11
14827,18486,1
14827,18498,2
14827,18504,3
14827,18505,21
14827,18506,23
14827,18507,10
14827,18508,22
14827,18509,42.5
14827,18512,6
14827,18524,3
14827,18541,11
14827,18542,7
14827,18543,3
14827,18549,11
14827,18550,6
14827,18551,18
14827,18552,2
14827,18570,2
14827,18584,2
14827,18586,4.5
14827,18587,4
14827,18588,22
14827,18589,17
14827,18592,1
14827,18593,4
14827,18594,1
14827,18596,16
14827,18599,1
14827,18600,10
14827,18601,6
14827,18603,7
14827,18614,11
14827,18618,2
14827,18624,3
14827,18625,7
14828,18220,4
14828,18277,8
14828,18279,12
14828,18280,8
14828,18281,7
14828,18282,12
14828,18283,22
14828,18286,9
14828,18292,5
14828,18293,8
14828,18300,3
14828,18301,9
14828,18310,10
14828,18323,16
14828,18324,19.5
14828,18325,5
14828,18328,3
14828,18335,69.5
14828,18336,120
14828,18337,24
14828,18340,2
14828,18356,7
14828,18358,48.5
14828,18359,43
14828,18360,14
14828,18361,40
14828,18362,18
14828,18363,410.5
14828,18364,94
14828,18365,6
14828,18366,5
14828,18367,31
14828,18368,4
14828,18372,71.5
14828,18373,113.5
14828,18374,70
14828,18375,147
14828,18376,306.5
14828,18377,156.5
14828,18378,354
14828,18379,195
14828,18380,98.5
14828,18381,139.5
14828,18382,283
14828,18383,222
14828,18384,276
14828,18385,133.5
14828,18386,162
14828,18387,146
14828,18388,142
14828,18389,159
14828,18390,170.5
14828,18391,157.5
14828,18392,141.5
14828,18393,144
14828,18394,137.5
14828,18395,141.5
14828,18396,169.5
14828,18397,256.5
14828,18398,113.5
14828,18399,8
14828,18400,800
14828,18401,835.5
14828,18409,18
14828,18410,4
14828,18411,3
14828,18424,7
14828,18425,19
14828,18426,2
14828,18444,13
14828,18446,19
14828,18447,6
14828,18452,10
14828,18464,11
14828,18465,18
14828,18466,1
14828,18474,53.5
14828,18475,58.5
14828,18476,14
14828,18477,7
14828,18478,5
14828,18480,2.5
14828,18482,22
14828,18484,5
14828,18485,22
14828,18486,17
14828,18488,2
14828,18497,6
14828,18498,15
14828,18505,7
14828,18506,2
14828,18508,12
14828,18509,8
14828,18510,11
14828,18511,27
14828,18512,30
14828,18524,1
14828,18525,2
14828,18527,6
14828,18543,1
14828,18549,1
14828,18552,3
14828,18584,5.5
14828,18587,5
14828,18599,2
14828,18602,4
14828,18607,6
14828,18608,4
14828,18610,3
14828,18614,2
14828,18625,2
14828,18635,1
14828,18638,2
14829,18277,19
14829,18279,20
14829,18280,6
14829,18283,53.5
14829,18284,33.5
14829,18286,7
14829,18290,12
14829,18291,35
14829,18292,7
14829,18293,4
14829,18298,4
14829,18300,2
14829,18301,10
14829,18307,16.5
14829,18308,1
14829,18309,15
14829,18310,18
14829,18322,22
14829,18323,67
14829,18324,21
14829,18335,4
14829,18336,75
14829,18337,42
14829,18338,7
14829,18357,25
14829,18358,138
14829,18359,138.5
14829,18360,44
14829,18361,20
14829,18362,162
14829,18363,201
14829,18364,206.5
14829,18365,8
14829,18366,12.5
14829,18367,131.5
14829,18371,62
14829,18372,332.5
14829,18373,286.5
14829,18374,179.5
14829,18375,183.5
14829,18376,113.5
14829,18377,194.5
14829,18378,187.5
14829,18379,121.5
14829,18380,49
14829,18381,71
14829,18382,158
14829,18383,227
14829,18384,213
14829,18385,215
14829,18386,87
14829,18387,183
14829,18388,270
14829,18389,163
14829,18390,140.5
14829,18391,144
14829,18392,95
14829,18393,139.5
14829,18394,191
14829,18395,146.5
14829,18396,294
14829,18397,443
14829,18398,100.5
14829,18399,117.5
14829,18400,359.5
14829,18401,196
14829,18404,2
14829,18405,6
14829,18410,3
14829,18423,4
14829,18424,18.5
14829,18451,16
14829,18452,17
14829,18453,5
14829,18454,2
14829,18465,12.5
14829,18466,1
14829,18474,19
14829,18475,53
14829,18476,42
14829,18477,13
14829,18478,9
14829,18480,10
14829,18482,3
14829,18484,2
14829,18485,19
14829,18486,6
14829,18487,44
14829,18488,4
14829,18498,4
14829,18511,2
14829,18518,3
14829,18519,7
14829,18542,2
14829,18565,8
14829,18566,9
14829,18584,3
14829,18585,4
14829,18588,5
14829,18589,5
14829,18590,8
14829,18598,3
14829,18608,4
14829,18610,2
14829,18613,5
14829,18625,3
14829,18626,5
14830,18218,3.5
14830,18277,8
14830,18279,13
14830,18280,4
14830,18283,3
14830,18284,58
14830,18285,33
14830,18286,31
14830,18287,26
14830,18288,26
14830,18289,31
14830,18290,14.5
14830,18291,13
14830,18292,8
14830,18298,7
14830,18302,1
14830,18306,4
14830,18310,6
14830,18311,6
14830,18323,79.5
14830,18324,29
14830,18336,13
14830,18337,33
14830,18338,13
14830,18339,4
14830,18357,31.5
14830,18358,141
14830,18359,121
14830,18360,108
14830,18361,75
14830,18363,366
14830,18364,409
14830,18365,119
14830,18367,314.5
14830,18368,50
14830,18369,12
14830,18370,42
14830,18371,210
14830,18372,244.5
14830,18373,219.5
14830,18374,17
14830,18375,9
14830,18376,14.5
14830,18377,61.5
14830,18378,19
14830,18379,65
14830,18380,70
14830,18381,126
14830,18382,153.5
14830,18383,236.5
14830,18384,199.5
14830,18385,396.5
14830,18386,253.5
14830,18387,216.5
14830,18388,123.5
14830,18389,40.5
14830,18390,130.5
14830,18391,125
14830,18392,114
14830,18393,17
14830,18394,74.5
14830,18395,181
14830,18396,148
14830,18397,631.5
14830,18398,331.5
14830,18399,7
14830,18400,324.5
14830,18401,134.5
14830,18404,21
14830,18405,53
14830,18406,60
14830,18407,9
14830,18409,7
14830,18410,2
14830,18412,1
14830,18414,4
14830,18415,1
14830,18416,4
14830,18423,9
14830,18424,6
14830,18425,5
14830,18434,2
14830,18448,3
14830,18449,19
14830,18451,50.5
14830,18452,53
14830,18453,30
14830,18454,6
14830,18461,5
14830,18462,10
14830,18463,4
14830,18464,2
14830,18465,2
14830,18475,2
14830,18476,8
14830,18477,7
14830,18478,13
14830,18479,17
14830,18480,4
14830,18518,1
14830,18519,9
14830,18520,3
14830,18541,5
14830,18554,1
14830,18565,4
14830,18566,2
14830,18567,1
14830,18579,5
14830,18580,4
14830,18586,1
14830,18587,3
14830,18588,8
14830,18591,3
14830,18592,2
14830,18596,3
14830,18597,3
14830,18606,1
14831,18276,1
14831,18277,13
14831,18278,6
14831,18280,6
14831,18284,5
14831,18285,18
14831,18286,22
14831,18287,45.5
14831,18288,33
14831,18289,30
14831,18290,2
14831,18298,3
14831,18300,8
14831,18301,6
14831,18309,7
14831,18310,3
14831,18312,2
14831,18323,27
14831,18324,8
14831,18337,43
14831,18338,72.5
14831,18339,46
14831,18340,15
14831,18358,178
14831,18359,110
14831,18360,129
14831,18361,36.5
14831,18362,165
14831,18363,471.5
14831,18364,647.5
14831,18365,24.5
14831,18366,5
14831,18367,49.5
14831,18368,255
14831,18369,120
14831,18370,156.5
14831,18371,306.5
14831,18372,180.5
14831,18376,3
14831,18379,15
14831,18380,169
14831,18381,97.5
14831,18382,192.5
14831,18383,190.5
14831,18384,206.5
14831,18385,142
14831,18386,46
14831,18387,85
14831,18388,121.5
14831,18389,238
14831,18390,104
14831,18391,118
14831,18392,102.5
14831,18393,31
14831,18395,10
14831,18396,230.5
14831,18397,306.5
14831,18398,283
14831,18399,504
14831,18400,268.5
14831,18401,56
14831,18403,12
14831,18404,62
14831,18405,60.5
14831,18406,51
14831,18407,47
14831,18409,2
14831,18413,35
14831,18414,16
14831,18415,45
14831,18416,9
14831,18417,47
14831,18418,72
14831,18434,15
14831,18435,8
14831,18436,2
14831,18448,35
14831,18449,86
14831,18450,38
14831,18451,10
14831,18452,2
14831,18458,5
14831,18459,3
14831,18461,28
14831,18462,2
14831,18474,3
14831,18479,12
14831,18480,1
14831,18481,2
14831,18482,6
14831,18519,7
14831,18520,8
14831,18527,2
14831,18532,1
14831,18563,3
14831,18585,15
14831,18586,16
14831,18587,3
14831,18602,2
14831,18603,2
14831,18604,5
14831,18605,3
14832,18215,5
14832,18216,9
14832,18219,2
14832,18278,5
14832,18279,3
14832,18281,2
14832,18286,18
14832,18287,75
14832,18288,81
14832,18289,18
14832,18290,12
14832,18298,2
14832,18309,2
14832,18310,6
14832,18326,2
14832,18337,25
14832,18338,35
14832,18339,85
14832,18362,167
14832,18363,880
14832,18364,133
14832,18365,6
14832,18366,15
14832,18367,12
14832,18368,29
14832,18369,33
14832,18370,221
14832,18371,202.5
14832,18372,175
14832,18373,197
14832,18374,7
14832,18375,3
14832,18376,4.5
14832,18380,15
14832,18381,54.5
14832,18382,164
14832,18383,104.5
14832,18384,195
14832,18385,137.5
14832,18386,67
14832,18388,87.5
14832,18389,83.5
14832,18390,115
14832,18391,86
14832,18392,115.5
14832,18393,49
14832,18394,111.5
14832,18396,13
14832,18397,144.5
14832,18398,304
14832,18399,536
14832,18400,158
14832,18403,40
14832,18404,63
14832,18405,54.5
14832,18406,60.5
14832,18407,39
14832,18409,6
14832,18410,2
14832,18414,52
14832,18415,59.5
14832,18416,31
14832,18417,150
14832,18418,102.5
14832,18419,40
14832,18420,19
14832,18437,9
14832,18438,2
14832,18439,6
14832,18448,68
14832,18449,97.5
14832,18450,31
14832,18459,34
14832,18460,32.5
14832,18461,55
14832,18462,5
14832,18471,1
14832,18481,8
14832,18482,20
14832,18483,23
14832,18504,13
14832,18518,6
14832,18527,20
14832,18561,32
14832,18562,12
14832,18565,10
14832,18577,9
14832,18584,4
14832,18585,4
14832,18586,12
14832,18596,2
14832,18600,4
14832,18605,21.5
14832,18606,26
14832,18607,2
14832,18608,14
14832,18609,4
14832,18610,2
14833,18278,2
14833,18279,18
14833,18287,9
14833,18288,4
14833,18291,2
14833,18298,3
14833,18326,2
14833,18329,1
14833,18330,3
14833,18337,12
14833,18338,5
14833,18339,15
14833,18340,16
14833,18362,72
14833,18363,573
14833,18364,178.5
14833,18366,14
14833,18367,29
14833,18370,300
14833,18371,165
14833,18372,145.5
14833,18373,33
14833,18374,9
14833,18375,87.5
14833,18376,6
14833,18378,102.5
14833,18379,200
14833,18380,259.5
14833,18381,65
14833,18382,74
14833,18383,107
14833,18384,50
14833,18385,96.5
14833,18386,119
14833,18387,45
14833,18388,107.5
14833,18389,34
14833,18390,12
14833,18391,16
14833,18392,58
14833,18393,12
14833,18394,6
14833,18395,95
14833,18396,75.5
14833,18398,348.5
14833,18399,492.5
14833,18400,89.5
14833,18402,2
14833,18403,38
14833,18404,73
14833,18405,37.5
14833,18406,56
14833,18407,43
14833,18408,12.5
14833,18409,6.5
14833,18410,81.5
14833,18411,37
14833,18414,30.5
14833,18415,18
14833,18416,7
14833,18417,82
14833,18418,35
14833,18419,59.5
14833,18420,47
14833,18421,28
14833,18428,2
14833,18438,16
14833,18439,4
14833,18448,4
14833,18449,44
14833,18450,31
14833,18459,32
14833,18460,29
14833,18461,27
14833,18482,27
14833,18483,7
14833,18497,4
14833,18503,7
14833,18504,21
14833,18505,5
14833,18517,2
14833,18527,32
14833,18559,2
14833,18560,10.5
14833,18561,11
14833,18562,23
14833,18563,7
14833,18572,3
14833,18574,3
14833,18585,12
14833,18586,1
14833,18592,2
14833,18594,8
14833,18595,7
14833,18603,9
14833,18604,4
14833,18605,4
14833,18607,4
14833,18608,17.5
14833,18612,2
14834,18278,1
14834,18279,8
14834,18280,9
14834,18281,8.5
14834,18287,7
14834,18300,2
14834,18310,4
14834,18328,2
14834,18329,3
14834,18330,3.5
14834,18336,9
14834,18337,7
14834,18338,6
14834,18340,3
14834,18350,13
14834,18351,5
14834,18352,9
14834,18353,25
14834,18354,14
14834,18362,112.5
14834,18363,504
14834,18364,111.5
14834,18366,3
14834,18367,2
14834,18369,11
14834,18370,258
14834,18371,354.5
14834,18372,156.5
14834,18373,16
14834,18374,98
14834,18375,65
14834,18376,321.5
14834,18377,190.5
14834,18378,13
14834,18379,211
14834,18380,3
14834,18381,59.5
14834,18382,37
14834,18383,90
14834,18384,50
14834,18385,69
14834,18386,83
14834,18387,95.5
14834,18388,54.5
14834,18389,25.5
14834,18390,56
14834,18391,125
14834,18392,57.5
14834,18393,22
14834,18394,52.5
14834,18395,95
14834,18396,122
14834,18397,24.5
14834,18398,3
14834,18399,34
14834,18400,13
14834,18401,27
14834,18402,31
14834,18403,40
14834,18404,52
14834,18405,8
14834,18406,28
14834,18407,3
14834,18408,11
14834,18409,17
14834,18410,85.5
14834,18411,62
14834,18412,8
14834,18417,6
14834,18418,22
14834,18419,41
14834,18427,2
14834,18428,4
14834,18429,2
14834,18430,2
14834,18439,3
14834,18440,12
14834,18441,25
14834,18446,1
14834,18448,4
14834,18449,14
14834,18450,2
14834,18459,13
14834,18460,27
14834,18461,4
14834,18482,4
14834,18486,5
14834,18497,1
14834,18504,4
14834,18505,4
14834,18514,4
14834,18526,25
14834,18527,37
14834,18528,2
14834,18547,5
14834,18560,3
14834,18561,3
14834,18563,15
14834,18564,27
14834,18565,15
14834,18569,2
14834,18572,6
14834,18573,6
14834,18583,2
14834,18584,3
14834,18585,4
14834,18594,10
14834,18595,7
14834,18596,5
14834,18597,6
14834,18598,12
14834,18599,12.5
14834,18600,2
14834,18601,1
14834,18602,9
14834,18603,13
14834,18605,4
14835,18280,9
14835,18281,14
14835,18282,4
14835,18287,14
14835,18288,1
14835,18300,1
14835,18301,6
14835,18326,5
14835,18328,10
14835,18329,7
14835,18336,22
14835,18337,12
14835,18338,7
14835,18348,45
14835,18349,12
14835,18350,74
14835,18351,69
14835,18352,50
14835,18353,40
14835,18354,22
14835,18362,49
14835,18363,63
14835,18366,10
14835,18367,23
14835,18368,1
14835,18369,77
14835,18370,255
14835,18371,263.5
14835,18372,338
14835,18374,213.5
14835,18375,165
14835,18376,466
14835,18377,359.5
14835,18378,250.5
14835,18379,435
14835,18380,278.5
14835,18381,126
14835,18382,82.5
14835,18383,29
14835,18384,64
14835,18385,48
14835,18386,63.5
14835,18387,74.5
14835,18388,30
14835,18389,40
14835,18390,71.5
14835,18391,50
14835,18392,113.5
14835,18393,12
14835,18394,137.5
14835,18395,105.5
14835,18396,147.5
14835,18397,155.5
14835,18398,43
14835,18399,52
14835,18400,61
14835,18401,131
14835,18402,44
14835,18403,61
14835,18404,21
14835,18405,10
14835,18406,9
14835,18407,13
14835,18408,25
14835,18409,8
14835,18410,41.5
14835,18411,30.5
14835,18416,2
14835,18419,18
14835,18420,88
14835,18421,24
14835,18426,8
14835,18432,4
14835,18440,2
14835,18441,13.5
14835,18443,3
14835,18446,8
14835,18447,39
14835,18448,37.5
14835,18449,43
14835,18459,9
14835,18460,3
14835,18486,18
14835,18487,5
14835,18495,2
14835,18496,33
14835,18512,9
14835,18514,2
14835,18515,16
14835,18524,9
14835,18525,40
14835,18526,7
14835,18533,7
14835,18534,13
14835,18561,5
14835,18563,13
14835,18564,37
14835,18565,17
14835,18566,1
14835,18573,13
14835,18583,1
14835,18584,2
14835,18593,1
14835,18594,1
14835,18596,2
14835,18597,2
14835,18600,13
14835,18601,47.5
14835,18602,24
14835,18603,21
14835,18604,1
14835,18605,23
14835,18606,8
14836,18283,2
14836,18287,2
14836,18300,10
14836,18301,4
14836,18302,4
14836,18309,36.5
14836,18328,2
14836,18329,5
14836,18336,21
14836,18337,10
14836,18347,6
14836,18348,64
14836,18349,37
14836,18350,73
14836,18351,56
14836,18352,60
14836,18353,52
14836,18354,54.5
14836,18362,9
14836,18366,18
14836,18367,73.5
14836,18368,261.5
14836,18369,125.5
14836,18370,308
14836,18371,209
14836,18372,100
14836,18374,8
14836,18375,162.5
14836,18376,621.5
14836,18377,254.5
14836,18379,4.5
14836,18380,15
14836,18381,188.5
14836,18382,186
14836,18383,60
14836,18384,12
14836,18385,31
14836,18386,73
14836,18387,76.5
14836,18388,82.5
14836,18389,45
14836,18390,73
14836,18391,94
14836,18392,70
14836,18393,74
14836,18394,80
14836,18395,228
14836,18396,155
14836,18397,64.5
14836,18398,148.5
14836,18399,82
14836,18400,2
14836,18401,164.5
14836,18402,473
14836,18403,60.5
14836,18404,40
14836,18405,9
14836,18406,8
14836,18407,13
14836,18409,5
14836,18410,17
14836,18411,88
14836,18416,7
14836,18419,4
14836,18422,1
14836,18425,5
14836,18426,5
14836,18433,16
14836,18440,5
14836,18441,27
14836,18447,12
14836,18448,3
14836,18449,16
14836,18486,7
14836,18496,2
14836,18497,4
14836,18515,6
14836,18518,2
14836,18524,15
14836,18525,36
14836,18526,3
14836,18527,2
14836,18532,22
14836,18534,1
14836,18550,6
14836,18562,6
14836,18563,10
14836,18564,26
14836,18565,2
14836,18573,15
14836,18574,9
14836,18576,3
14836,18577,2
14836,18582,16
14836,18592,2
14836,18599,3
14836,18600,18.5
14836,18601,22
14836,18604,4
14836,18605,28
14836,18606,12
14836,18611,25.5
14836,18612,8
14836,18613,4
14837,18283,10
14837,18286,2
14837,18288,7
14837,18289,36
14837,18290,13
14837,18298,5
14837,18300,8
14837,18309,3
14837,18330,5
14837,18336,36
14837,18348,38
14837,18349,14
14837,18350,14
14837,18351,56
14837,18352,40.5
14837,18353,49
14837,18354,59
14837,18366,72.5
14837,18367,84.5
14837,18368,207.5
14837,18369,8.5
14837,18370,292.5
14837,18371,44
14837,18372,4
14837,18375,11
14837,18376,237.5
14837,18377,130
14837,18378,9.5
14837,18379,24.5
14837,18380,340
14837,18381,129.5
14837,18382,63
14837,18383,186
14837,18384,48
14837,18385,41.5
14837,18386,17
14837,18387,60.5
14837,18388,152
14837,18389,96.5
14837,18390,95
14837,18391,73
14837,18392,94.5
14837,18393,152
14837,18394,213
14837,18395,28
14837,18396,5
14837,18398,85
14837,18399,25
14837,18401,36
14837,18402,177.5
14837,18403,155
14837,18404,36.5
14837,18405,19
14837,18411,46.5
14837,18427,3
14837,18433,5
14837,18434,17
14837,18441,3
14837,18467,4
14837,18471,2
14837,18495,7
14837,18525,12
14837,18526,10
14837,18527,11
14837,18562,8
14837,18574,17
14837,18577,4
14837,18578,2
14837,18580,9
14837,18581,9
14837,18590,3
14837,18591,9
14837,18592,2
14837,18594,1
14837,18595,3
14837,18597,1
14837,18599,8
14837,18600,13
14837,18601,2
14837,18604,18
14837,18605,30
14837,18612,10
14837,18613,13
14838,18283,8
14838,18288,44
14838,18289,90
14838,18290,14
14838,18298,7
14838,18300,1
14838,18310,7
14838,18312,3
14838,18335,6
14838,18336,21
14838,18338,4
14838,18348,12
14838,18351,19
14838,18352,5
14838,18353,2.5
14838,18354,20
14838,18355,4
14838,18364,6
14838,18365,17.5
14838,18366,96.5
14838,18367,74
14838,18368,15
14838,18370,121
14838,18371,68
14838,18372,7
14838,18374,7
14838,18375,4
14838,18376,86
14838,18377,32.5
14838,18379,9
14838,18380,221
14838,18381,146
14838,18382,119
14838,18383,105
14838,18384,131.5
14838,18386,18
14838,18387,90
14838,18388,129.5
14838,18389,149.5
14838,18390,149
14838,18391,120
14838,18392,95
14838,18393,64
14838,18394,74
14838,18395,140
14838,18396,122.5
14838,18397,35.5
14838,18398,191
14838,18399,131.5
14838,18400,7
14838,18402,35
14838,18403,30.5
14838,18404,13
14838,18405,6
14838,18411,9
14838,18412,26.5
14838,18414,2
14838,18426,6
14838,18434,17
14838,18435,21
14838,18437,7
14838,18441,8
14838,18442,9
14838,18466,3
14838,18471,2
14838,18472,13
14838,18473,18
14838,18474,5
14838,18494,12
14838,18495,22
14838,18510,3
14838,18511,2
14838,18512,1
14838,18513,6
14838,18526,2
14838,18530,10
14838,18535,6
14838,18576,3
14838,18578,12
14838,18579,15.5
14838,18580,1
14838,18588,2
14838,18590,5
14838,18591,15
14838,18592,7
14838,18594,2
14838,18596,3
14838,18597,2
14838,18598,14
14838,18599,6
14838,18612,4
14838,18613,15
14838,18614,18
14839,18218,5
14839,18284,5
14839,18286,3
14839,18288,8
14839,18289,86.5
14839,18298,1
14839,18311,6
14839,18330,7.5
14839,18335,15
14839,18336,26
14839,18354,6
14839,18356,4
14839,18363,4
14839,18364,5
14839,18365,11
14839,18366,9
14839,18367,269.5
14839,18368,109
14839,18369,37
14839,18370,52.5
14839,18371,60
14839,18374,5
14839,18375,206.5
14839,18376,99
14839,18377,170.5
14839,18378,215.5
14839,18379,75
14839,18380,209.5
14839,18381,85
14839,18382,233
14839,18383,158
14839,18384,26
14839,18385,22.5
14839,18387,60.5
14839,18388,103
14839,18389,251.5
14839,18390,186
14839,18391,93
14839,18392,51
14839,18393,72.5
14839,18394,100
14839,18395,124.5
14839,18396,142
14839,18397,106
14839,18398,134.5
14839,18399,61.5
14839,18403,3
14839,18404,15
14839,18407,15
14839,18408,9
14839,18409,5
14839,18412,21
14839,18413,25
14839,18421,4
14839,18422,3
14839,18426,2
14839,18428,2
14839,18435,35
14839,18436,24
14839,18437,5
14839,18438,9.5
14839,18439,13
14839,18440,4
14839,18441,31
14839,18442,38
14839,18449,10
14839,18450,29
14839,18451,30
14839,18452,32.5
14839,18453,3
14839,18466,5
14839,18467,2
14839,18469,15
14839,18472,1
14839,18473,5
14839,18494,8
14839,18495,18
14839,18500,4
14839,18501,8
14839,18502,7
14839,18504,2
14839,18511,10
14839,18514,18
14839,18527,3
14839,18528,5
14839,18576,8
14839,18577,11
14839,18579,9
14839,18587,5
14839,18596,4
14839,18597,5
14839,18615,1
14840,18204,2
14840,18218,2.5
14840,18219,8
14840,18265,5
14840,18266,3
14840,18283,4
14840,18284,1
14840,18288,7
14840,18289,126.5
14840,18290,23
14840,18298,6
14840,18307,6
14840,18308,18
14840,18310,18
14840,18311,16
14840,18329,8
14840,18335,5
14840,18356,6
14840,18364,10
14840,18365,38
14840,18366,6
14840,18367,141
14840,18368,124.5
14840,18369,276.5
14840,18370,192
14840,18371,16
14840,18374,23
14840,18375,379
14840,18376,61
14840,18377,44
14840,18378,60.5
14840,18379,77
14840,18380,115
14840,18381,17
14840,18382,152
14840,18383,171
14840,18384,25
14840,18387,2
14840,18388,113
14840,18389,8
14840,18391,45
14840,18392,4
14840,18393,2
14840,18394,82
14840,18395,113
14840,18396,114.5
14840,18397,128
14840,18398,176
14840,18399,17
14840,18406,3
14840,18407,22
14840,18408,9
14840,18412,17
14840,18413,43
14840,18414,25
14840,18415,9
14840,18424,10
14840,18430,17
14840,18431,4
14840,18435,18
14840,18437,5
14840,18442,23
14840,18451,15
14840,18452,21
14840,18453,2
14840,18457,5
14840,18491,3
14840,18494,10
14840,18495,1
14840,18501,3
14840,18502,14
14840,18503,24.5
14840,18505,1
14840,18512,8
14840,18513,13
14840,18514,7
14840,18515,8
14840,18516,24
14840,18517,8
14840,18526,2
14840,18527,1
14840,18528,4
14840,18542,10
14840,18543,1
14840,18568,5.5
14840,18569,2
14840,18575,4
14840,18576,26
14840,18577,30
14840,18578,9
14840,18581,4
14840,18589,6
14840,18613,5
14840,18614,20
14840,18615,12
14840,18619,5
14840,18620,6
14841,18204,5
14841,18221,3
14841,18284,2
14841,18289,34
14841,18290,45.5
14841,18291,54
14841,18292,33
14841,18298,2
14841,18299,2
14841,18300,2
14841,18308,26
14841,18309,4
14841,18310,35.5
14841,18311,56
14841,18326,2
14841,18329,2
14841,18334,4
14841,18351,13
14841,18352,27
14841,18353,1.5
14841,18354,7
14841,18363,3
14841,18364,71
14841,18365,104
14841,18366,4
14841,18367,18
14841,18368,232.5
14841,18369,538.5
14841,18370,201
14841,18371,56
14841,18372,2
14841,18373,162
14841,18374,99
14841,18375,15
14841,18378,10
14841,18379,1
14841,18380,204
14841,18381,86
14841,18382,27.5
14841,18383,73
14841,18384,10
14841,18385,6
14841,18386,3
14841,18388,24
14841,18390,5
14841,18391,124
14841,18392,18.5
14841,18393,42.5
14841,18394,112
14841,18395,103
14841,18396,75
14841,18397,54
14841,18398,6
14841,18412,18
14841,18413,64
14841,18414,12
14841,18423,1
14841,18430,70
14841,18431,66
14841,18442,17
14841,18443,4
14841,18457,6
14841,18458,9
14841,18459,4
14841,18460,8
14841,18467,3
14841,18493,2
14841,18494,2
14841,18502,1
14841,18503,4
14841,18505,1
14841,18513,8
14841,18516,2
14841,18518,2
14841,18519,1
14841,18528,4
14841,18529,8
14841,18542,3
14841,18543,4
14841,18568,9
14841,18569,13
14841,18572,9
14841,18575,5
14841,18576,6
14841,18578,5
14841,18580,4
14841,18581,3
14841,18585,1
14841,18600,4
14841,18601,4
14841,18612,8
14841,18613,12
14841,18614,3
14842,18289,23
14842,18290,154.5
14842,18291,80
14842,18292,15
14842,18293,5
14842,18299,2
14842,18301,5
14842,18308,91
14842,18309,50
14842,18310,49
14842,18311,81.5
14842,18312,5
14842,18317,8
14842,18324,4
14842,18325,6
14842,18326,9
14842,18329,3
14842,18334,17.5
14842,18335,9
14842,18350,46
14842,18351,42
14842,18352,26
14842,18353,4
14842,18363,59
14842,18364,70
14842,18365,111.5
14842,18366,217.5
14842,18367,138
14842,18368,226.5
14842,18369,30
14842,18370,546
14842,18371,64
14842,18372,170.5
14842,18373,317.5
14842,18374,84.5
14842,18385,2
14842,18390,30
14842,18391,150
14842,18392,231
14842,18393,225.5
14842,18394,221.5
14842,18395,125
14842,18396,92
14842,18397,18
14842,18399,5
14842,18412,5
14842,18413,34
14842,18414,5
14842,18428,7
14842,18430,55.5
14842,18431,64
14842,18432,15.5
14842,18433,17
14842,18434,9
14842,18435,19
14842,18442,20
14842,18443,19
14842,18458,21
14842,18459,8
14842,18467,10
14842,18468,21
14842,18469,18
14842,18470,2
14842,18480,2
14842,18481,3
14842,18493,4
14842,18510,4
14842,18513,2
14842,18516,2
14842,18517,9
14842,18518,5
14842,18529,2
14842,18542,5
14842,18543,2
14842,18544,3
14842,18551,1
14842,18568,1
14842,18569,18
14842,18575,4
14842,18583,2
14842,18584,1
14842,18588,6
14842,18590,2
14842,18594,3
14842,18598,6
14842,18600,3
14842,18607,2
14842,18608,10
14842,18613,2
14842,18614,27
14843,18282,5
14843,18283,2
14843,18284,3.5
14843,18290,15
14843,18291,56
14843,18292,18
14843,18299,12
14843,18301,1
14843,18308,5
14843,18309,9
14843,18310,87
14843,18311,45
14843,18324,34
14843,18325,41
14843,18328,2
14843,18329,8
14843,18333,4
14843,18334,7
14843,18363,115
14843,18364,94.5
14843,18365,255
14843,18366,529.5
14843,18367,768.5
14843,18368,470.5
14843,18369,105.5
14843,18370,88
14843,18371,163.5
14843,18372,277.5
14843,18373,124
14843,18374,66
14843,18385,2
14843,18386,2
14843,18390,5
14843,18391,87
14843,18392,131.5
14843,18393,63.5
14843,18394,146
14843,18395,58
14843,18396,44
14843,18397,19
14843,18400,6
14843,18401,1
14843,18402,3
14843,18411,4
14843,18412,36
14843,18413,17
14843,18414,14
14843,18424,4
14843,18429,21
14843,18430,8
14843,18431,60
14843,18432,39
14843,18433,98
14843,18434,12
14843,18435,4
14843,18442,24
14843,18443,3
14843,18456,7
14843,18464,4
14843,18466,1
14843,18467,26
14843,18468,31
14843,18469,43
14843,18470,8
14843,18480,4
14843,18481,41.5
14843,18486,7
14843,18516,10
14843,18517,7
14843,18527,4
14843,18529,7
14843,18530,5
14843,18539,1
14843,18540,5
14843,18541,15
14843,18542,5
14843,18543,2
14843,18545,3
14843,18568,3
14843,18569,3
14843,18570,2
14843,18574,7
14843,18575,2
14843,18588,1
14843,18589,3
14843,18594,6
14844,18219,4
14844,18225,6
14844,18284,12.5
14844,18287,3
14844,18290,10
14844,18291,14
14844,18292,2
14844,18293,1
14844,18299,4
14844,18300,2
14844,18301,1
14844,18302,2
14844,18309,17
14844,18310,41
14844,18311,1
14844,18324,15
14844,18325,22
14844,18328,2
14844,18333,22
14844,18336,4
14844,18338,2
14844,18343,4
14844,18360,23
14844,18361,60.5
14844,18362,41
14844,18363,549.5
14844,18364,135.5
14844,18365,91.5
14844,18366,549.5
14844,18367,270
14844,18369,85.5
14844,18370,107
14844,18371,229
14844,18372,101
14844,18373,113.5
14844,18374,70
14844,18385,17
14844,18386,26
14844,18390,2
14844,18391,58
14844,18397,15
14844,18400,4
14844,18402,3
14844,18411,56
14844,18412,56
14844,18413,16
14844,18414,4
14844,18424,5
14844,18425,2
14844,18426,37
14844,18427,21
14844,18428,66
14844,18429,76
14844,18430,45.5
14844,18431,69.5
14844,18432,42.5
14844,18433,69
14844,18434,17
14844,18435,2
14844,18442,24
14844,18443,18
14844,18447,2
14844,18448,3
14844,18456,2
14844,18457,3
14844,18466,3
14844,18467,18
14844,18468,5
14844,18480,5
14844,18481,17
14844,18482,19
14844,18514,4
14844,18515,17
14844,18516,12
14844,18543,7
14844,18544,6
14844,18545,2
14844,18558,2
14844,18570,4
14844,18574,10
14844,18587,11
14844,18588,5
14844,18595,12
14844,18596,5
14845,18225,5
14845,18283,1
14845,18284,12
14845,18294,1
14845,18300,5
14845,18301,2
14845,18302,7
14845,18316,13
14845,18323,15
14845,18324,26
14845,18328,3
14845,18333,21
14845,18334,12
14845,18338,32
14845,18339,18
14845,18344,3
14845,18355,2
14845,18359,26
14845,18360,136
14845,18361,96.5
14845,18362,160
14845,18363,104.5
14845,18365,109
14845,18366,141
14845,18367,183.5
14845,18368,52
14845,18369,128.5
14845,18370,79.5
14845,18371,52
14845,18372,112
14845,18373,63
14845,18374,23
14845,18385,11
14845,18386,19
14845,18387,32
14845,18388,7
14845,18390,17
14845,18391,40
14845,18398,12
14845,18399,19
14845,18400,12
14845,18411,23
14845,18412,29
14845,18413,11
14845,18426,9
14845,18427,3
14845,18429,19.5
14845,18430,23
14845,18431,2
14845,18432,26.5
14845,18433,43.5
14845,18434,5
14845,18435,22
14845,18436,5
14845,18442,4
14845,18443,6
14845,18461,5
14845,18467,25
14845,18479,5
14845,18480,44.5
14845,18481,23
14845,18482,25.5
14845,18494,2
14845,18515,5
14845,18536,1
14845,18543,2
14845,18573,3
14845,18574,3
14845,18586,6
14845,18587,5
14845,18588,3
14845,18589,4
14845,18608,3
14845,18618,2
14846,18203,2
14846,18266,5
14846,18267,5
14846,18283,5.5
14846,18284,1
14846,18287,3
14846,18300,12
14846,18304,9
14846,18311,12
14846,18313,22
14846,18315,10
14846,18319,1
14846,18322,8
14846,18324,2
14846,18332,11
14846,18333,32
14846,18337,2
14846,18338,56
14846,18339,27
14846,18344,3
14846,18353,2
14846,18354,4
14846,18355,3
14846,18356,9
14846,18358,45
14846,18359,143
14846,18360,71
14846,18361,9.5
14846,18365,56
14846,18366,490.5
14846,18367,55.5
14846,18368,96
14846,18369,299.5
14846,18370,110
14846,18371,79
14846,18372,91
14846,18373,58
14846,18374,15.5
14846,18375,8
14846,18383,5
14846,18390,23
14846,18391,43.5
14846,18399,11
14846,18400,2
14846,18403,2
14846,18411,3
14846,18414,2
14846,18429,6
14846,18430,31
14846,18431,44
14846,18432,58
14846,18433,2
14846,18438,5
14846,18442,10
14846,18452,2
14846,18461,17
14846,18462,36
14846,18465,4
14846,18479,25
14846,18480,40
14846,18494,3
14846,18531,3
14846,18534,5
14846,18542,4
14846,18543,4
14846,18546,1
14846,18561,1
14846,18573,2
14846,18586,1
14846,18588,2
14846,18591,1
14846,18593,5
14846,18612,6
14847,18203,4
14847,18205,7
14847,18206,4
14847,18266,5
14847,18272,4
14847,18273,4
14847,18283,2
14847,18284,8
14847,18286,1
14847,18298,3
14847,18300,33
14847,18301,11
14847,18304,6
14847,18311,6
14847,18312,19
14847,18313,67
14847,18314,23
14847,18315,2
14847,18316,32.5
14847,18319,2
14847,18331,2
14847,18332,12
14847,18333,11
14847,18337,78
14847,18338,33
14847,18339,37.5
14847,18340,3
14847,18346,2
14847,18353,6
14847,18354,6
14847,18358,59.5
14847,18359,134
14847,18360,127
14847,18361,11
14847,18365,143.5
14847,18366,200
14847,18367,94
14847,18368,482.5
14847,18369,125.5
14847,18370,167
14847,18371,39
14847,18372,85.5
14847,18373,119
14847,18374,120.5
14847,18375,136
14847,18376,3
14847,18390,19
14847,18391,26
14847,18400,14
14847,18401,3
14847,18405,2
14847,18411,4
14847,18416,3
14847,18430,50
14847,18431,80
14847,18432,2
14847,18441,7
14847,18442,3
14847,18443,13.5
14847,18449,24.5
14847,18450,30
14847,18451,10
14847,18459,5
14847,18460,5
14847,18461,78.5
14847,18462,49
14847,18463,11.5
14847,18479,4
14847,18480,4
14847,18493,2
14847,18494,4
14847,18495,9
14847,18507,7
14847,18508,4
14847,18525,2
14847,18526,19.5
14847,18527,11.5
14847,18532,2
14847,18534,7
14847,18542,4
14847,18545,4
14847,18559,2
14847,18560,10
14847,18564,1
14847,18583,6
14847,18586,2
14847,18587,3
14847,18590,17
14847,18591,20
14847,18595,1
14847,18609,10
14847,18610,3
14847,18612,1
14847,18613,5
14848,18210,3
14848,18266,4
14848,18272,2
14848,18273,7
14848,18283,24
14848,18284,2
14848,18300,18
14848,18301,43
14848,18302,6
14848,18304,5
14848,18305,3
14848,18311,14
14848,18312,31.5
14848,18313,29.5
14848,18314,13
14848,18315,12
14848,18316,78
14848,18317,22
14848,18318,18
14848,18319,2
14848,18321,11
14848,18322,10
14848,18332,2
14848,18337,55.5
14848,18338,65.5
14848,18339,60
14848,18340,70
14848,18358,5
14848,18359,127
14848,18360,87
14848,18366,609.5
14848,18367,416.5
14848,18368,501.5
14848,18369,106
14848,18370,215.5
14848,18371,50.5
14848,18372,160
14848,18373,26.5
14848,18374,47.5
14848,18375,155.5
14848,18376,172
14848,18377,4
14848,18390,8
14848,18391,14
14848,18401,7
14848,18402,5
14848,18403,23
14848,18404,92.5
14848,18405,145
14848,18406,33
14848,18407,32
14848,18408,7
14848,18410,6
14848,18411,1
14848,18417,1
14848,18419,3
14848,18431,16
14848,18432,7
14848,18442,25
14848,18448,10
14848,18449,42
14848,18450,46
14848,18451,76
14848,18452,48.5
14848,18455,4
14848,18460,20
14848,18461,17
14848,18462,2
14848,18463,12
14848,18464,65
14848,18465,17
14848,18467,3
14848,18478,4
14848,18479,9
14848,18485,2
14848,18490,4
14848,18491,1
14848,18493,5
14848,18494,7
14848,18497,16
14848,18498,16
14848,18499,12
14848,18504,2
14848,18506,18
14848,18507,4
14848,18508,2
14848,18524,6.5
14848,18525,14
14848,18526,2
14848,18527,8
14848,18531,5
14848,18539,1
14848,18546,11
14848,18560,14
14848,18584,12
14848,18586,4
14848,18589,4
14848,18590,15
14848,18591,5
14848,18592,22
14848,18593,36
14848,18600,2
14848,18609,2
14848,18610,4
14848,18615,1
14849,18202,3
14849,18203,5
14849,18266,4
14849,18271,3
14849,18272,17.5
14849,18279,2
14849,18282,5
14849,18283,11.5
14849,18285,18
14849,18286,35
14849,18287,14
14849,18301,21.5
14849,18302,78.5
14849,18303,1
14849,18304,2
14849,18305,3
14849,18316,9
14849,18318,1
14849,18319,2
14849,18335,8
14849,18336,9
14849,18337,83
14849,18338,47.5
14849,18339,74
14849,18340,27.5
14849,18346,18
14849,18347,9
14849,18357,8
14849,18358,17
14849,18359,4
14849,18361,1
14849,18367,68
14849,18368,115.5
14849,18369,308
14849,18370,238
14849,18371,111.5
14849,18372,194
14849,18373,73.5
14849,18374,4
14849,18375,71.5
14849,18376,180
14849,18377,11
14849,18391,5
14849,18400,5
14849,18402,32
14849,18403,100.5
14849,18404,88
14849,18405,164
14849,18406,196.5
14849,18407,45
14849,18408,9
14849,18409,47
14849,18410,31
14849,18411,72.5
14849,18412,18
14849,18425,5
14849,18426,2
14849,18427,4
14849,18433,6
14849,18442,15
14849,18447,12
14849,18448,16
14849,18449,18.5
14849,18450,19
14849,18451,34
14849,18452,21
14849,18454,5
14849,18455,32
14849,18456,8
14849,18459,7
14849,18460,24
14849,18461,2
14849,18464,36
14849,18465,37
14849,18466,4
14849,18468,3
14849,18469,2
14849,18490,4
14849,18491,6
14849,18494,1
14849,18498,13
14849,18499,21.5
14849,18500,14
14849,18504,4
14849,18505,11
14849,18506,9
14849,18507,17
14849,18522,50.5
14849,18523,22
14849,18524,5
14849,18537,2
14849,18538,1
14849,18539,1
14849,18558,2
14849,18559,4
14849,18560,9
14849,18561,3
14849,18570,2
14849,18584,7
14849,18588,4
14849,18589,18
14849,18590,2
14849,18591,5
14849,18592,21
14849,18593,17
14849,18594,6
14849,18601,1
14849,18602,1
14849,18603,3.5
14849,18605,1
14850,18204,1
14850,18215,1
14850,18221,6
14850,18266,4
14850,18268,3
14850,18269,7
14850,18270,22
14850,18271,21
14850,18272,33.5
14850,18282,2
14850,18283,14
14850,18285,41
14850,18286,17
14850,18301,7
14850,18302,43
14850,18303,18.5
14850,18305,10
14850,18324,6
14850,18334,9
14850,18335,50
14850,18336,13
14850,18337,33
14850,18338,43
14850,18339,39
14850,18340,4
14850,18344,9
14850,18345,7
14850,18346,20.5
14850,18347,2
14850,18350,5
14850,18351,2
14850,18352,71.5
14850,18356,31
14850,18357,24
14850,18358,2
14850,18361,1
14850,18367,10
14850,18368,175.5
14850,18369,157
14850,18370,181.5
14850,18371,219
14850,18372,339.5
14850,18375,22.5
14850,18376,66
14850,18403,64.5
14850,18404,63
14850,18405,86.5
14850,18406,61
14850,18407,79
14850,18408,39
14850,18409,76
14850,18410,5
14850,18411,51
14850,18412,26
14850,18419,8
14850,18442,28
14850,18454,26
14850,18455,12
14850,18456,8
14850,18464,9
14850,18467,2
14850,18468,8
14850,18469,31.5
14850,18470,6
14850,18471,33
14850,18472,8
14850,18473,2
14850,18490,2
14850,18491,4
14850,18494,5
14850,18498,7
14850,18522,3
14850,18523,8
14850,18532,2
14850,18546,1.5
14850,18547,22.5
14850,18559,9
14850,18560,12
14850,18570,6
14850,18572,3
14850,18588,1
14850,18589,16
14850,18590,5
14850,18592,12
14850,18593,14
14850,18604,2
14851,18214,4
14851,18266,12
14851,18268,8
14851,18269,5
14851,18270,17
14851,18271,5
14851,18272,8
14851,18278,3
14851,18279,4
14851,18280,2
14851,18282,5
14851,18285,54
14851,18286,22
14851,18287,5
14851,18302,1.5
14851,18303,52
14851,18304,16
14851,18307,5.5
14851,18308,3
14851,18324,10
14851,18329,5
14851,18334,8
14851,18335,10
14851,18339,16.5
14851,18340,12
14851,18344,17
14851,18345,35.5
14851,18346,14
14851,18347,2
14851,18349,5
14851,18350,18.5
14851,18351,9
14851,18352,63
14851,18353,42
14851,18355,27
14851,18356,33.5
14851,18357,3
14851,18360,6
14851,18368,23
14851,18369,190.5
14851,18370,39
14851,18371,235
14851,18372,59.5
14851,18376,41
14851,18403,19
14851,18404,71
14851,18405,73
14851,18406,134.5
14851,18407,128.5
14851,18408,57
14851,18409,26
14851,18410,8
14851,18419,6
14851,18441,4
14851,18442,21
14851,18443,4
14851,18444,25.5
14851,18445,6
14851,18454,21
14851,18455,9
14851,18469,24
14851,18470,15
14851,18471,58.5
14851,18472,49.5
14851,18473,21.5
14851,18474,18.5
14851,18526,3
14851,18528,3
14851,18532,2
14851,18544,7
14851,18545,4
14851,18546,6
14851,18547,7
14851,18548,1
14851,18558,3
14851,18559,4
14851,18560,9
14851,18565,1
14851,18569,2
14851,18587,8
14851,18588,1
14851,18590,2
14851,18592,4
14851,18618,9
14852,18252,4
14852,18255,2
14852,18264,2
14852,18267,10
14852,18272,5
14852,18277,5
14852,18278,7
14852,18279,4
14852,18284,86.5
14852,18285,115
14852,18286,27
14852,18287,142
14852,18288,17
14852,18304,77
14852,18305,69
14852,18306,4
14852,18307,2
14852,18308,21
14852,18309,9
14852,18310,1
14852,18319,4
14852,18323,2
14852,18324,1
14852,18326,4
14852,18342,2
14852,18344,13
14852,18345,16
14852,18346,3.5
14852,18349,42
14852,18350,80
14852,18351,95.5
14852,18352,84.5
14852,18353,23
14852,18354,32
14852,18355,28.5
14852,18357,3
14852,18370,184
14852,18371,74.5
14852,18372,263
14852,18403,71
14852,18404,72
14852,18405,53
14852,18406,70
14852,18407,21
14852,18408,22
14852,18409,36
14852,18410,135.5
14852,18411,22
14852,18412,9
14852,18434,2
14852,18440,3
14852,18441,17
14852,18444,2
14852,18445,24
14852,18446,24
14852,18447,5
14852,18469,7
14852,18470,38
14852,18471,74
14852,18472,31
14852,18473,30
14852,18482,1
14852,18485,10
14852,18486,39.5
14852,18525,3
14852,18526,5
14852,18527,1
14852,18528,2
14852,18544,2
14852,18545,16
14852,18546,13
14852,18558,4
14852,18559,7
14852,18560,8
14852,18573,2
14852,18574,7
14852,18580,2
14852,18585,4
14852,18586,2
14852,18587,3
14852,18589,3
14852,18597,2
14852,18611,4
14852,18617,4
14853,18207,1
14853,18208,14
14853,18209,33
14853,18210,26
14853,18211,21
14853,18259,3
14853,18262,1
14853,18263,10
14853,18264,9
14853,18265,1
14853,18267,3
14853,18271,11
14853,18284,91
14853,18285,178
14853,18286,39
14853,18287,61.5
14853,18288,9.5
14853,18301,2
14853,18302,24.5
14853,18303,19
14853,18304,2
14853,18305,23.5
14853,18306,48
14853,18307,31
14853,18310,1
14853,18315,2
14853,18325,12
14853,18326,9
14853,18343,27
14853,18344,34
14853,18345,22
14853,18346,1
14853,18349,1
14853,18350,57
14853,18351,104.5
14853,18352,35
14853,18353,28
14853,18354,28
14853,18370,12
14853,18371,40.5
14853,18407,12
14853,18408,20
14853,18409,22.5
14853,18410,99
14853,18411,61.5
14853,18412,54
14853,18439,7
14853,18440,22
14853,18441,1
14853,18446,21.5
14853,18454,6
14853,18462,4
14853,18463,12
14853,18471,2
14853,18472,11
14853,18480,5
14853,18482,23.5
14853,18483,44.5
14853,18484,24
14853,18485,16
14853,18486,2
14853,18502,10
14853,18514,1
14853,18525,3
14853,18526,1
14853,18532,6
14853,18533,6
14853,18534,27
14853,18535,2
14853,18544,4
14853,18545,5
14853,18546,2
14853,18558,2
14853,18561,6
14853,18562,8
14853,18563,2
14853,18564,4
14853,18570,1
14853,18589,5
14853,18592,5
14853,18593,4
14853,18598,2
14853,18604,2
14853,18606,6
14853,18607,3
14853,18610,8
14853,18611,9
14854,18203,9
14854,18204,19
14854,18205,44.5
14854,18206,25
14854,18207,27
14854,18208,13
14854,18209,7
14854,18210,62
14854,18211,6
14854,18212,29.5
14854,18213,34
14854,18214,6
14854,18259,5
14854,18260,10
14854,18262,2
14854,18263,4
14854,18264,24
14854,18265,2
14854,18267,32
14854,18268,3
14854,18269,9
14854,18270,19
14854,18271,44
14854,18272,10.5
14854,18284,23
14854,18285,59.5
14854,18286,167
14854,18287,90
14854,18288,14
14854,18289,1
14854,18301,6
14854,18302,66
14854,18303,62
14854,18304,6
14854,18305,13
14854,18306,92
14854,18307,143
14854,18308,132
14854,18309,42
14854,18310,18
14854,18313,3
14854,18315,2
14854,18316,3
14854,18324,2
14854,18325,6
14854,18342,32
14854,18343,16
14854,18344,2
14854,18345,5
14854,18350,6
14854,18351,97
14854,18352,20
14854,18353,4
14854,18358,2
14854,18371,94.5
14854,18409,9
14854,18410,71
14854,18411,64
14854,18412,18
14854,18413,3
14854,18424,2
14854,18439,4
14854,18440,20.5
14854,18445,31.5
14854,18446,34
14854,18453,16
14854,18454,9
14854,18461,12
14854,18462,2
14854,18472,5
14854,18480,5
14854,18482,8
14854,18483,24
14854,18484,25
14854,18493,2
14854,18513,3
14854,18514,8
14854,18518,4
14854,18520,3
14854,18521,5
14854,18532,2
14854,18534,5
14854,18544,8
14854,18545,5
14854,18562,10
14854,18563,4
14854,18566,3
14854,18567,4
14854,18568,5
14854,18569,2
14854,18570,3
14854,18571,4
14854,18578,1
14854,18587,1
14854,18590,9
14854,18593,1
14854,18598,4
14854,18604,4
14854,18606,3
14854,18607,3
14854,18608,3
14854,18609,10
14854,18610,6
14854,18611,27
14854,18612,4
14855,18202,39
14855,18203,51
14855,18204,63.5
14855,18205,82
14855,18206,12
14855,18214,8
14855,18252,3
14855,18256,7
14855,18259,2
14855,18262,1
14855,18265,42
14855,18266,12
14855,18267,33
14855,18268,35.5
14855,18270,31.5
14855,18271,57
14855,18272,19
14855,18275,3
14855,18282,4
14855,18283,23.5
14855,18284,86
14855,18285,50
14855,18286,239.5
14855,18287,40
14855,18288,5
14855,18298,19
14855,18299,2
14855,18302,8.5
14855,18303,8
14855,18305,7
14855,18306,6
14855,18307,28
14855,18308,138.5
14855,18309,27.5
14855,18310,16
14855,18311,10
14855,18312,23
14855,18313,5
14855,18315,7
14855,18316,20
14855,18319,3
14855,18343,20
14855,18351,9
14855,18352,11
14855,18370,5
14855,18371,124
14855,18377,2
14855,18403,10
14855,18411,24
14855,18412,23
14855,18413,36
14855,18438,5
14855,18444,3
14855,18445,7
14855,18452,12
14855,18453,33.5
14855,18454,31
14855,18461,3
14855,18462,18
14855,18463,4
14855,18464,1
14855,18471,2
14855,18482,22
14855,18483,14.5
14855,18484,34
14855,18485,16.5
14855,18486,8
14855,18493,1
14855,18494,2
14855,18498,5
14855,18499,1
14855,18518,2
14855,18521,4
14855,18522,1
14855,18533,3
14855,18564,6
14855,18567,7
14855,18568,1
14855,18575,1
14855,18591,11
14855,18592,6
14855,18603,2
14855,18605,5
14855,18610,2
14855,18611,30
14855,18612,7
14855,18613,3
14855,18614,5
14855,18616,2
14856,18200,17
14856,18201,20
14856,18202,53
14856,18203,15
14856,18204,2
14856,18252,3
14856,18256,1
14856,18257,4
14856,18258,21.5
14856,18259,17
14856,18260,15
14856,18262,18
14856,18263,32
14856,18264,8
14856,18266,10
14856,18267,58.5
14856,18268,49
14856,18269,99.5
14856,18270,34
14856,18271,55
14856,18272,29
14856,18273,4
14856,18274,6
14856,18283,27
14856,18284,156.5
14856,18285,75
14856,18286,55.5
14856,18298,1
14856,18299,20
14856,18300,10
14856,18302,2
14856,18303,2
14856,18305,1
14856,18306,43
14856,18307,88
14856,18308,50
14856,18309,112
14856,18310,48
14856,18311,28
14856,18312,69
14856,18313,5
14856,18314,16
14856,18315,8
14856,18334,3
14856,18350,3
14856,18361,2
14856,18368,1
14856,18370,77
14856,18371,1
14856,18411,2
14856,18412,36.5
14856,18413,44
14856,18414,2
14856,18437,5
14856,18452,14
14856,18464,4
14856,18482,10
14856,18485,6
14856,18486,1
14856,18493,4
14856,18494,7
14856,18495,2
14856,18502,1
14856,18504,2
14856,18544,2
14856,18566,21
14856,18567,19
14856,18579,4
14856,18582,1
14856,18586,1
14856,18592,2
14856,18594,2
14856,18601,6
14856,18603,3
14856,18612,1
14856,18613,5
14856,18614,6
14856,18615,3
14857,18200,24
14857,18201,78
14857,18202,33
14857,18203,16
14857,18204,3
14857,18218,11
14857,18219,2
14857,18260,2
14857,18263,17
14857,18264,9
14857,18265,10
14857,18268,15
14857,18269,61
14857,18270,63
14857,18271,75
14857,18272,68
14857,18273,1
14857,18283,147.5
14857,18284,85
14857,18285,82
14857,18299,11
14857,18300,7
14857,18301,2
14857,18304,5
14857,18305,3
14857,18306,51
14857,18307,76
14857,18308,36.5
14857,18309,130
14857,18310,87
14857,18311,282.5
14857,18312,47
14857,18348,6
14857,18349,8
14857,18368,2
14857,18370,88.5
14857,18378,10
14857,18379,10
14857,18407,2
14857,18412,14
14857,18413,53
14857,18414,62.5
14857,18415,20
14857,18420,16.5
14857,18421,6
14857,18427,5
14857,18438,3.5
14857,18444,24
14857,18445,17
14857,18463,3
14857,18464,22
14857,18465,7
14857,18491,1
14857,18505,6
14857,18506,3
14857,18544,8
14857,18556,1
14857,18558,3
14857,18565,5
14857,18566,2
14857,18567,11
14857,18572,8
14857,18587,3
14857,18595,2
14857,18601,6
14857,18603,3
14858,18200,5
14858,18201,83.5
14858,18202,27
14858,18203,3
14858,18204,3
14858,18205,3
14858,18218,2
14858,18219,43.5
14858,18220,17
14858,18235,14.5
14858,18236,13
14858,18241,4
14858,18242,1
14858,18265,2
14858,18266,11
14858,18267,5
14858,18268,2
14858,18269,17
14858,18270,98.5
14858,18271,25
14858,18272,8
14858,18281,1
14858,18283,80.5
14858,18284,88
14858,18285,29.5
14858,18301,33
14858,18304,41
14858,18305,53
14858,18306,34
14858,18307,27
14858,18308,5
14858,18309,9
14858,18310,137
14858,18311,96
14858,18312,71
14858,18345,2
14858,18348,1
14858,18354,4
14858,18355,1
14858,18358,7
14858,18359,33.5
14858,18360,14.5
14858,18367,49.5
14858,18369,274
14858,18370,14
14858,18378,70
14858,18379,14
14858,18388,1
14858,18412,44
14858,18413,22
14858,18414,46
14858,18415,56
14858,18416,5
14858,18427,2
14858,18428,2
14858,18443,28
14858,18444,18.5
14858,18445,40
14858,18446,5
14858,18448,4
14858,18449,4
14858,18451,2
14858,18463,7
14858,18464,3
14858,18466,4
14858,18474,1
14858,18492,4
14858,18493,13.5
14858,18521,3
14858,18539,3
14858,18540,2
14858,18541,19
14858,18542,15
14858,18543,11
14858,18558,2
14858,18560,4
14858,18567,4
14858,18568,8
14858,18583,1
14858,18585,2
14858,18603,3
14859,18201,34
14859,18205,4
14859,18206,3
14859,18218,5
14859,18219,54
14859,18220,26
14859,18221,10
14859,18235,4
14859,18236,22
14859,18238,5
14859,18239,7
14859,18240,5
14859,18262,7
14859,18263,43
14859,18264,25
14859,18265,5
14859,18266,8
14859,18269,35
14859,18270,52
14859,18271,119.5
14859,18279,3
14859,18282,187
14859,18283,101
14859,18284,82.5
14859,18297,4
14859,18299,26
14859,18300,30
14859,18301,6
14859,18302,1
14859,18303,2
14859,18304,2
14859,18306,10
14859,18308,9
14859,18309,4
14859,18310,22
14859,18311,168.5
14859,18312,18
14859,18339,2
14859,18340,14
14859,18341,4
14859,18342,3
14859,18343,23
14859,18344,3
14859,18345,4
14859,18347,12
14859,18358,54
14859,18359,60.5
14859,18360,67
14859,18361,4
14859,18366,40
14859,18367,215
14859,18368,231.5
14859,18369,134
14859,18377,6
14859,18378,14
14859,18379,58
14859,18380,5
14859,18381,3
14859,18382,10
14859,18383,4
14859,18402,16
14859,18403,7
14859,18404,4
14859,18405,3
14859,18411,2
14859,18412,4
14859,18414,6
14859,18415,31
14859,18416,14
14859,18417,26
14859,18418,49
14859,18419,26
14859,18427,5
14859,18434,16
14859,18439,3
14859,18442,17
14859,18443,80
14859,18444,54
14859,18445,94.5
14859,18446,61
14859,18447,26
14859,18448,20.5
14859,18465,3
14859,18474,8
14859,18493,10
14859,18494,4
14859,18498,3
14859,18508,16
14859,18512,1
14859,18521,7
14859,18522,5
14859,18525,2
14859,18527,4
14859,18540,14
14859,18541,69
14859,18542,38
14859,18543,10
14859,18564,6
14859,18569,2
14859,18587,3
14859,18588,5
14860,18201,13
14860,18202,2
14860,18205,4
14860,18206,26
14860,18218,1
14860,18219,7
14860,18220,22
14860,18221,61
14860,18222,8
14860,18236,6
14860,18237,25
14860,18238,9
14860,18239,12
14860,18240,26
14860,18241,3
14860,18262,20.5
14860,18263,34
14860,18264,19
14860,18265,6
14860,18267,17
14860,18268,45
14860,18269,26
14860,18270,55
14860,18271,8
14860,18277,5
14860,18282,71.5
14860,18283,80.5
14860,18284,34
14860,18299,26
14860,18300,15.5
14860,18304,4
14860,18305,9
14860,18306,18
14860,18308,1
14860,18311,9
14860,18312,1
14860,18322,2
14860,18328,18
14860,18330,3
14860,18335,5
14860,18336,11
14860,18337,22
14860,18338,25
14860,18339,20
14860,18340,45
14860,18341,23
14860,18342,17
14860,18343,22
14860,18344,18
14860,18346,2
14860,18349,4
14860,18355,7
14860,18356,45
14860,18357,45
14860,18358,72
14860,18359,14.5
14860,18360,15.5
14860,18366,143.5
14860,18367,219.5
14860,18368,148.5
14860,18369,23
14860,18370,1
14860,18377,2
14860,18378,74
14860,18379,33
14860,18380,64
14860,18381,72
14860,18382,84.5
14860,18383,83.5
14860,18384,30
14860,18399,4
14860,18401,2
14860,18402,33
14860,18403,18.5
14860,18404,31
14860,18405,29
14860,18410,10.5
14860,18412,6
14860,18414,6
14860,18415,2
14860,18416,7
14860,18417,34.5
14860,18418,54
14860,18419,11.5
14860,18420,2
14860,18424,1
14860,18427,17
14860,18428,13
14860,18431,2
14860,18432,10
14860,18433,4
14860,18434,30
14860,18439,1
14860,18440,17
14860,18442,31
14860,18443,5.5
14860,18444,54
14860,18445,40
14860,18446,4
14860,18448,12
14860,18465,3
14860,18466,4
14860,18477,19
14860,18478,24
14860,18479,17
14860,18494,2
14860,18498,3
14860,18499,8
14860,18507,10
14860,18508,6
14860,18509,11.5
14860,18513,8
14860,18514,1
14860,18522,1
14860,18528,12
14860,18531,1
14860,18532,21
14860,18540,10
14860,18541,31
14860,18543,5
14860,18544,2
14860,18545,3
14860,18552,6
14860,18557,9
14860,18558,4
14860,18562,7
14860,18563,3
14860,18565,1
14860,18571,6
14860,18576,2
14860,18582,6
14860,18583,2
14860,18591,3
14861,18202,29
14861,18203,36.5
14861,18204,52
14861,18205,24
14861,18206,16
14861,18207,5
14861,18211,2
14861,18219,2
14861,18220,31
14861,18221,67
14861,18222,43
14861,18223,6
14861,18237,21
14861,18238,39
14861,18239,16
14861,18240,6
14861,18261,2
14861,18262,4
14861,18263,3
14861,18264,16
14861,18265,6
14861,18267,5
14861,18270,20
14861,18282,67
14861,18283,65.5
14861,18300,7
14861,18304,20
14861,18305,59
14861,18306,57
14861,18311,2
14861,18315,3
14861,18325,21
14861,18326,9
14861,18327,16
14861,18329,36.5
14861,18330,42
14861,18331,32.5
14861,18334,15
14861,18335,21
14861,18336,14
14861,18337,13
14861,18338,2
14861,18340,20
14861,18341,18
14861,18344,8
14861,18345,5
14861,18349,3
14861,18355,8
14861,18356,64.5
14861,18357,80
14861,18358,50
14861,18365,6
14861,18366,104
14861,18367,200.5
14861,18368,151.5
14861,18369,75.5
14861,18378,72
14861,18379,91.5
14861,18380,110
14861,18381,54
14861,18382,71.5
14861,18383,90
14861,18384,97.5
14861,18385,95
14861,18386,28
14861,18387,18
14861,18401,6
14861,18402,20
14861,18403,14
14861,18404,45
14861,18405,23
14861,18406,6
14861,18415,25
14861,18416,44
14861,18417,89.5
14861,18418,70
14861,18419,6
14861,18421,21
14861,18422,7
14861,18424,4
14861,18425,1
14861,18428,25
14861,18432,6
14861,18433,4
14861,18434,6
14861,18439,6.5
14861,18440,29.5
14861,18441,8
14861,18442,5
14861,18445,4
14861,18449,3
14861,18450,2
14861,18465,2
14861,18466,15
14861,18467,5
14861,18474,3
14861,18478,6
14861,18479,17
14861,18480,4
14861,18493,3
14861,18499,1
14861,18501,2
14861,18509,3
14861,18510,3
14861,18511,3
14861,18513,2
14861,18522,1
14861,18529,4
14861,18530,10
14861,18532,23.5
14861,18533,12
14861,18540,20
14861,18541,31
14861,18542,4
14861,18551,3
14861,18554,2
14861,18557,4
14861,18558,11
14861,18559,5
14861,18560,1
14861,18562,5
14861,18563,14
14861,18572,5
14861,18580,2
14861,18584,1
14861,18586,4
14861,18588,3
14861,18591,7
14861,18593,1
14861,18594,1
14861,18609,3
14862,18203,15
14862,18204,29
14862,18210,4
14862,18211,2
14862,18220,2
14862,18221,5
14862,18222,56
14862,18223,40
14862,18224,2
14862,18236,9
14862,18237,32
14862,18238,42.5
14862,18239,2
14862,18263,3
14862,18265,9.5
14862,18269,20
14862,18270,6
14862,18281,82.5
14862,18282,87.5
14862,18283,38
14862,18304,32
14862,18305,20
14862,18306,15
14862,18307,5
14862,18315,4
14862,18316,2
14862,18324,3
14862,18325,58.5
14862,18326,65
14862,18327,101
14862,18328,77
14862,18329,54
14862,18330,156.5
14862,18331,3
14862,18332,1
14862,18340,29
14862,18341,13
14862,18345,8
14862,18348,17
14862,18349,3
14862,18354,2
14862,18355,24.5
14862,18356,58
14862,18357,91
14862,18358,59
14862,18359,12
14862,18363,2
14862,18365,29
14862,18366,229.5
14862,18367,256
14862,18368,119.5
14862,18369,21
14862,18378,2
14862,18379,78.5
14862,18380,63
14862,18381,76
14862,18382,97
14862,18383,85
14862,18384,199.5
14862,18385,114
14862,18386,107
14862,18387,20
14862,18400,26
14862,18401,1
14862,18406,4
14862,18414,2
14862,18415,6
14862,18416,30.5
14862,18417,30
14862,18418,74.5
14862,18419,39.5
14862,18420,4
14862,18421,69
14862,18422,87.5
14862,18425,4
14862,18428,6
14862,18430,18
14862,18431,10
14862,18433,4
14862,18439,40.5
14862,18440,34
14862,18448,8
14862,18449,20
14862,18450,4
14862,18466,2
14862,18472,3
14862,18473,13
14862,18474,22.5
14862,18501,6
14862,18502,4
14862,18503,6
14862,18504,8
14862,18513,2
14862,18519,3
14862,18530,1
14862,18531,10.5
14862,18532,20
14862,18533,25
14862,18534,7
14862,18549,2
14862,18560,5
14862,18561,1
14862,18562,6
14862,18568,1
14862,18587,3
14862,18595,4
14862,18602,2
14862,18603,4
14862,18615,3
14863,18210,3
14863,18211,3
14863,18220,2
14863,18222,25
14863,18223,40
14863,18224,32
14863,18237,15
14863,18238,2
14863,18269,3
14863,18274,83
14863,18280,7
14863,18281,85.5
14863,18282,116
14863,18310,4
14863,18311,3
14863,18315,21
14863,18316,27
14863,18317,2
14863,18325,56
14863,18326,80
14863,18327,173.5
14863,18328,43
14863,18329,83.5
14863,18330,12
14863,18331,14
14863,18332,40
14863,18333,11
14863,18334,2
14863,18345,6
14863,18347,7
14863,18348,3
14863,18351,2
14863,18353,2
14863,18355,11
14863,18356,3
14863,18357,37
14863,18358,59
14863,18365,10
14863,18366,73
14863,18367,328.5
14863,18368,6.5
14863,18369,13
14863,18379,5.5
14863,18380,8
14863,18381,7
14863,18382,75
14863,18383,90
14863,18384,76
14863,18385,107.5
14863,18386,54.5
14863,18387,68
14863,18405,3
14863,18406,4
14863,18415,9
14863,18416,18
14863,18417,36
14863,18418,65.5
14863,18419,15
14863,18420,2
14863,18421,44
14863,18422,46
14863,18423,36
14863,18429,4
14863,18430,9
14863,18431,8
14863,18432,7
14863,18433,2
14863,18439,20.5
14863,18449,11
14863,18468,8
14863,18472,24
14863,18473,22
14863,18474,8
14863,18485,51.5
14863,18486,16
14863,18501,1
14863,18502,2
14863,18503,18
14863,18518,5
14863,18519,8
14863,18520,1
14863,18521,3
14863,18522,2
14863,18531,5
14863,18532,30
14863,18533,24
14863,18552,10
14863,18553,4
14863,18562,5
14863,18563,2
14863,18570,4
14863,18589,7
14863,18590,3
14863,18603,2
14864,18183,12
14864,18221,2
14864,18223,4
14864,18224,63
14864,18225,41
14864,18237,6
14864,18268,2
14864,18269,11
14864,18270,3
14864,18274,42.5
14864,18275,2
14864,18280,100
14864,18281,137
14864,18282,50
14864,18312,2
14864,18324,12
14864,18325,59
14864,18326,84
14864,18327,69
14864,18328,74
14864,18329,12
14864,18331,7
14864,18332,31
14864,18333,30
14864,18334,37
14864,18335,2
14864,18344,29
14864,18345,50
14864,18346,24
14864,18347,2
14864,18354,14
14864,18355,37
14864,18357,8
14864,18358,6
14864,18365,15
14864,18366,58.5
14864,18367,81.5
14864,18368,8
14864,18371,16.5
14864,18372,4
14864,18382,15
14864,18383,46
14864,18384,41
14864,18385,38
14864,18386,23.5
14864,18387,17
14864,18394,4
14864,18414,24
14864,18415,7
14864,18417,19.5
14864,18418,69.5
14864,18419,91
14864,18420,73
14864,18421,66.5
14864,18422,42
14864,18423,54.5
14864,18433,2
14864,18438,2
14864,18439,8
14864,18469,6
14864,18485,10
14864,18486,19
14864,18495,1
14864,18503,6
14864,18504,14
14864,18518,18
14864,18519,17
14864,18530,4
14864,18531,3
14864,18532,7
14864,18533,10
14864,18534,12
14864,18549,4
14864,18552,2
14864,18555,4
14864,18561,1
14864,18562,2
14864,18563,3
14864,18565,2
14864,18589,1
14864,18617,2
14865,18210,2
14865,18211,8
14865,18224,10
14865,18225,11
14865,18226,6
14865,18237,5
14865,18238,12.5
14865,18267,10
14865,18268,37.5
14865,18269,38
14865,18279,6
14865,18280,117
14865,18281,99
14865,18282,4
14865,18293,15
14865,18294,12
14865,18303,6
14865,18304,6
14865,18305,8
14865,18306,6
14865,18313,19
14865,18316,4
14865,18324,19
14865,18325,72
14865,18326,66
14865,18327,38
14865,18328,32
14865,18329,12.5
14865,18333,13
14865,18343,1
14865,18344,80
14865,18345,72
14865,18346,87
14865,18347,22
14865,18354,60
14865,18355,19
14865,18358,3
14865,18362,3
14865,18363,5
14865,18364,14
14865,18365,27
14865,18366,88
14865,18367,1
14865,18368,97.5
14865,18385,11
14865,18386,14
14865,18401,2.5
14865,18403,15
14865,18414,2
14865,18417,5
14865,18418,34
14865,18419,67
14865,18420,77
14865,18421,63
14865,18422,114
14865,18423,77.5
14865,18424,14.5
14865,18425,2
14865,18427,6
14865,18429,7
14865,18438,5
14865,18439,6
14865,18446,4
14865,18454,4
14865,18469,1
14865,18471,15
14865,18472,18
14865,18473,4
14865,18476,26
14865,18478,5
14865,18479,22
14865,18485,20
14865,18486,13
14865,18496,2
14865,18503,2
14865,18504,9
14865,18513,3
14865,18518,1
14865,18519,4
14865,18531,4
14865,18532,2
14865,18533,4
14865,18534,6
14865,18552,2
14865,18554,2
14865,18559,5
14865,18561,5
14865,18564,2
14865,18565,5
14865,18580,2
14865,18581,1
14865,18583,5
14865,18591,2
14865,18592,1
14865,18593,2
14865,18594,4.5
14866,18199,4
14866,18204,2
14866,18211,10
14866,18237,2
14866,18238,5
14866,18239,16
14866,18240,37
14866,18241,9
14866,18258,2
14866,18262,4
14866,18263,5.5
14866,18267,4
14866,18268,38
14866,18269,37
14866,18279,36
14866,18280,146.5
14866,18281,29
14866,18293,27
14866,18294,30
14866,18295,7
14866,18297,11
14866,18303,3
14866,18305,2
14866,18313,3
14866,18318,7
14866,18323,2
14866,18324,3
14866,18325,7
14866,18326,4
14866,18327,36
14866,18328,15
14866,18330,3
14866,18333,8
14866,18343,47
14866,18344,45
14866,18345,80
14866,18346,81
14866,18347,31.5
14866,18353,7
14866,18354,5
14866,18355,8
14866,18359,2
14866,18364,12
14866,18366,59
14866,18368,66.5
14866,18381,6
14866,18382,24
14866,18383,74.5
14866,18384,10
14866,18386,3
14866,18387,12
14866,18418,6
14866,18419,61
14866,18422,41.5
14866,18423,45
14866,18424,31
14866,18427,11
14866,18428,5
14866,18432,14
14866,18433,19
14866,18434,4
14866,18435,1
14866,18438,13
14866,18439,15
14866,18440,3
14866,18446,31
14866,18447,4
14866,18454,26.5
14866,18470,21
14866,18471,19
14866,18472,15
14866,18477,2
14866,18478,4
14866,18479,32
14866,18480,3
14866,18484,3
14866,18485,21
14866,18486,16
14866,18494,2
14866,18496,8
14866,18505,24
14866,18506,33
14866,18518,7
14866,18519,4
14866,18532,31
14866,18533,6
14866,18534,5
14866,18548,1
14866,18550,2
14866,18552,2
14866,18553,1
14866,18555,4
14866,18558,5
14866,18559,4
14866,18580,12
14866,18581,2
14866,18586,2
14866,18588,7
14866,18593,4
14866,18594,21
14866,18595,3
14866,18603,4
14866,18611,4
14867,18199,45
14867,18200,10
14867,18211,8
14867,18216,1
14867,18217,3
14867,18218,3
14867,18226,3
14867,18227,16
14867,18239,20
14867,18240,54.5
14867,18241,41
14867,18242,15
14867,18243,2
14867,18260,1
14867,18261,18
14867,18262,5
14867,18266,1
14867,18267,15
14867,18268,16
14867,18278,20
14867,18279,63
14867,18280,62
14867,18288,4
14867,18289,2
14867,18293,5
14867,18296,9
14867,18297,2
14867,18298,3
14867,18299,16.5
14867,18300,21
14867,18316,2
14867,18319,5
14867,18321,16
14867,18322,28.5
14867,18329,3
14867,18330,12
14867,18333,6
14867,18334,11
14867,18343,8
14867,18344,52
14867,18345,101
14867,18346,135
14867,18357,1
14867,18358,15
14867,18359,20
14867,18367,2
14867,18368,53
14867,18369,35.5
14867,18377,41
14867,18378,14
14867,18382,1
14867,18383,19
14867,18384,45.5
14867,18400,4
14867,18419,3
14867,18423,11
14867,18424,20
14867,18433,2
14867,18434,2
14867,18435,6
14867,18438,2
14867,18445,17
14867,18446,36
14867,18447,2
14867,18453,16
14867,18454,6
14867,18455,7
14867,18471,1
14867,18472,12
14867,18473,4
14867,18477,1
14867,18479,2
14867,18480,2
14867,18485,8
14867,18506,20
14867,18507,27
14867,18508,9
14867,18509,13
14867,18510,17
14867,18517,2
14867,18518,2
14867,18519,3
14867,18520,1
14867,18531,4
14867,18532,2
14867,18533,9
14867,18534,1
14867,18555,2
14867,18558,2
14867,18559,1
14867,18565,4
14867,18566,2
14867,18574,6
14867,18581,5
14867,18586,6
14867,18590,3
14867,18593,6
14867,18594,8
14867,18595,8
14867,18596,2
14867,18601,1
14867,18607,1
14867,18610,6
14867,18611,19
14868,18198,6
14868,18199,49
14868,18208,13
14868,18221,2
14868,18227,20
14868,18228,31
14868,18229,22
14868,18230,5
14868,18239,20
14868,18240,45
14868,18241,70.5
14868,18242,8
14868,18243,1
14868,18259,3
14868,18260,20
14868,18261,4
14868,18266,3
14868,18277,9
14868,18278,18
14868,18285,5
14868,18287,32
14868,18288,54
14868,18298,6
14868,18299,40
14868,18300,20
14868,18306,3
14868,18307,2
14868,18311,4
14868,18315,1
14868,18320,2
14868,18321,16.5
14868,18322,54
14868,18323,10
14868,18324,4.5
14868,18327,5
14868,18329,8
14868,18330,2
14868,18334,11
14868,18339,2
14868,18345,4
14868,18346,31.5
14868,18350,12
14868,18351,15
14868,18353,5
14868,18357,2
14868,18358,12
14868,18359,11
14868,18360,4
14868,18361,2
14868,18365,29
14868,18366,37
14868,18369,149.5
14868,18374,1
14868,18375,19
14868,18376,37
14868,18377,91.5
14868,18378,30
14868,18384,6
14868,18385,3
14868,18387,2
14868,18395,10
14868,18399,11.5
14868,18400,3
14868,18403,12
14868,18424,7.5
14868,18425,1
14868,18432,8
14868,18445,12
14868,18446,6
14868,18453,8
14868,18454,20
14868,18455,41
14868,18464,2
14868,18477,4
14868,18478,2
14868,18479,4
14868,18480,6
14868,18497,7
14868,18509,5
14868,18510,1
14868,18511,9
14868,18531,2
14868,18532,4
14868,18533,12
14868,18548,2
14868,18576,1
14868,18579,4
14868,18580,5
14868,18582,1
14868,18586,1
14868,18587,1
14868,18588,2
14868,18589,2
14868,18596,2
14868,18602,2
14868,18604,2
14868,18610,1
14868,18611,20
14868,18612,16
14869,18157,16
14869,18158,7
14869,18159,2
14869,18198,44
14869,18199,155
14869,18200,73
14869,18201,131
14869,18203,142.5
14869,18204,62
14869,18205,135.5
14869,18208,16
14869,18213,3
14869,18215,1
14869,18216,8
14869,18221,5
14869,18222,2
14869,18226,2
14869,18227,14
14869,18228,24
14869,18229,41
14869,18230,9.5
14869,18240,14.5
14869,18241,7
14869,18242,4
14869,18243,11
14869,18250,14
14869,18255,4
14869,18257,6
14869,18258,4
14869,18259,2
14869,18260,7
14869,18261,1
14869,18262,2
14869,18266,1
14869,18277,50.5
14869,18278,12
14869,18285,2
14869,18286,9
14869,18287,30
14869,18288,8
14869,18289,3
14869,18293,2
14869,18294,4
14869,18295,35
14869,18296,87.5
14869,18299,36
14869,18300,22
14869,18311,3
14869,18312,3
14869,18321,4
14869,18322,4
14869,18324,12
14869,18327,19
14869,18328,39
14869,18329,6
14869,18342,2
14869,18347,2
14869,18350,6
14869,18351,24
14869,18365,12
14869,18366,105.5
14869,18367,49
14869,18368,103.5
14869,18369,177.5
14869,18370,66
14869,18374,2
14869,18375,56
14869,18376,57
14869,18377,48.5
14869,18379,14
14869,18380,5
14869,18381,5
14869,18395,3
14869,18402,8
14869,18403,2
14869,18424,6
14869,18425,35
14869,18426,2
14869,18432,2
14869,18436,4
14869,18437,2
14869,18446,38
14869,18450,12
14869,18454,42
14869,18455,50
14869,18456,2
14869,18463,2
14869,18464,3
14869,18468,4
14869,18476,4
14869,18480,7
14869,18481,22
14869,18488,16
14869,18490,3
14869,18495,2
14869,18496,3
14869,18497,8
14869,18504,2
14869,18533,3
14869,18550,2
14869,18556,2
14869,18557,2
14869,18575,1
14869,18579,2
14869,18580,5
14869,18586,2
14869,18588,4
14869,18594,2
14869,18599,3
14869,18602,3
14869,18604,6
14869,18611,3
14869,18612,16
14870,18156,4
14870,18157,16
14870,18158,14
14870,18159,37.5
14870,18160,34
14870,18197,10.5
14870,18198,55.5
14870,18199,42
14870,18200,40.5
14870,18201,69.5
14870,18203,25
14870,18204,79
14870,18205,134
14870,18206,13
14870,18207,17
14870,18208,17
14870,18214,6
14870,18215,4
14870,18217,3
14870,18221,4
14870,18229,3
14870,18241,4
14870,18242,19
14870,18243,8
14870,18244,2
14870,18249,2
14870,18250,1
14870,18253,3
14870,18254,2
14870,18261,5
14870,18276,4
14870,18277,50.5
14870,18278,1
14870,18285,2
14870,18286,12
14870,18287,4
14870,18289,45
14870,18290,48
14870,18291,4
14870,18293,2
14870,18294,62.5
14870,18295,46
14870,18296,47
14870,18297,41.5
14870,18298,29
14870,18299,26
14870,18300,4
14870,18311,5
14870,18312,14
14870,18316,4
14870,18324,2
14870,18326,3
14870,18327,7
14870,18328,17
14870,18329,3
14870,18350,5
14870,18351,5
14870,18366,83
14870,18367,62.5
14870,18368,26
14870,18369,253
14870,18370,106
14870,18371,23.5
14870,18372,3
14870,18376,12
14870,18377,4
14870,18378,62
14870,18379,53
14870,18380,24.5
14870,18381,6
14870,18396,7
14870,18401,1
14870,18403,10
14870,18404,4
14870,18405,7
14870,18406,2
14870,18407,4
14870,18408,3
14870,18409,7
14870,18425,18
14870,18426,29
14870,18427,3
14870,18436,12
14870,18437,10
14870,18446,9
14870,18447,2
14870,18449,34
14870,18450,92.5
14870,18454,9
14870,18455,16.5
14870,18456,9
14870,18462,14
14870,18463,50
14870,18464,3
14870,18465,4
14870,18466,23
14870,18467,8
14870,18468,7
14870,18476,1
14870,18477,4
14870,18488,31
14870,18489,13
14870,18490,10
14870,18491,26
14870,18492,3
14870,18496,9
14870,18497,4
14870,18502,2
14870,18503,2
14870,18504,9
14870,18505,2
14870,18526,1
14870,18527,1
14870,18548,13
14870,18553,2
14870,18554,7
14870,18555,9
14870,18559,1
14870,18578,7
14870,18579,3
14870,18594,2
14870,18601,2
14870,18612,5
14871,18153,2
14871,18159,12
14871,18160,87
14871,18161,4
14871,18197,33.5
14871,18198,180.5
14871,18199,169
14871,18200,126
14871,18201,61
14871,18203,76
14871,18204,122
14871,18205,118.5
14871,18206,96
14871,18207,77
14871,18208,30
14871,18209,8.5
14871,18214,3
14871,18221,14
14871,18222,2
14871,18232,4
14871,18233,31
14871,18242,27
14871,18244,12
14871,18249,6
14871,18252,3
14871,18253,21.5
14871,18254,13
14871,18263,5
14871,18264,21
14871,18265,2
14871,18275,1
14871,18276,10
14871,18277,9
14871,18286,15
14871,18287,30
14871,18288,2
14871,18290,58
14871,18291,18
14871,18293,6.5
14871,18294,19
14871,18295,41.5
14871,18296,90.5
14871,18297,29
14871,18298,25
14871,18299,32
14871,18300,14
14871,18301,28
14871,18302,14
14871,18303,3
14871,18310,1
14871,18311,25.5
14871,18312,9
14871,18313,22
14871,18314,6
14871,18315,1
14871,18316,5
14871,18317,1
14871,18324,15
14871,18325,11
14871,18326,39
14871,18327,10
14871,18328,5
14871,18352,3
14871,18362,6
14871,18366,97
14871,18367,55
14871,18368,131.5
14871,18369,38
14871,18370,140
14871,18371,186.5
14871,18372,48.5
14871,18376,13
14871,18377,12
14871,18379,4
14871,18380,3
14871,18390,7
14871,18392,10
14871,18393,10.5
14871,18399,1
14871,18405,7
14871,18407,4
14871,18434,2
14871,18436,21
14871,18437,3
14871,18446,41
14871,18447,4
14871,18448,8
14871,18449,39
14871,18450,44.5
14871,18455,4
14871,18456,15
14871,18457,10
14871,18458,5
14871,18461,4
14871,18462,15
14871,18463,22
14871,18466,2.5
14871,18475,8
14871,18482,7
14871,18483,10
14871,18484,4
14871,18504,5
14871,18505,5
14871,18547,5
14871,18548,2
14871,18554,1
14871,18555,5
14871,18602,7
14872,18160,42
14872,18161,39
14872,18197,110.5
14872,18198,180.5
14872,18199,168.5
14872,18200,306
14872,18201,137
14872,18202,110
14872,18203,130
14872,18204,78
14872,18205,107
14872,18206,96.5
14872,18207,76.5
14872,18213,4
14872,18221,5
14872,18222,8
14872,18233,5
14872,18234,4
14872,18242,27
14872,18243,15
14872,18244,4
14872,18245,3.5
14872,18246,3
14872,18247,6
14872,18248,10
14872,18249,1
14872,18254,8.5
14872,18260,20
14872,18261,19
14872,18262,23
14872,18263,50
14872,18264,8
14872,18265,1.5
14872,18276,25
14872,18286,8
14872,18287,46.5
14872,18288,2
14872,18290,19
14872,18291,14
14872,18293,2
14872,18295,25
14872,18296,105
14872,18297,2
14872,18298,3
14872,18299,1
14872,18300,2
14872,18301,3
14872,18302,8
14872,18310,11
14872,18311,108
14872,18312,23
14872,18313,39
14872,18316,6
14872,18318,7
14872,18319,9
14872,18326,10.5
14872,18327,30
14872,18328,15
14872,18352,2
14872,18353,10
14872,18354,7
14872,18364,2.5
14872,18365,13
14872,18366,59
14872,18367,80
14872,18368,520.5
14872,18369,82
14872,18370,217
14872,18371,135
14872,18372,201.5
14872,18373,52
14872,18374,8
14872,18375,9
14872,18377,35
14872,18378,4
14872,18381,3
14872,18390,43
14872,18391,7
14872,18392,30
14872,18393,5
14872,18395,1
14872,18397,3
14872,18401,2
14872,18402,2
14872,18415,3
14872,18434,3
14872,18435,15
14872,18436,10
14872,18446,28
14872,18447,6
14872,18448,3
14872,18449,21
14872,18450,26
14872,18451,12
14872,18456,35
14872,18457,10
14872,18460,5
14872,18461,20
14872,18462,9
14872,18463,3
14872,18474,1
14872,18475,5
14872,18483,42
14872,18484,27
14872,18485,12
14872,18486,7
14872,18487,26
14872,18531,1
14872,18547,18
14872,18548,9
14872,18555,7
14872,18557,4
14872,18577,2
14872,18578,6
14872,18580,4
14872,18581,2
14872,18590,2
14872,18601,14
14872,18602,5
14872,18609,4
14872,18610,1
14873,18156,5
14873,18160,14
14873,18196,63.5
14873,18197,176
14873,18198,172.5
14873,18199,166
14873,18200,264
14873,18201,74.5
14873,18202,90
14873,18203,86
14873,18204,88.5
14873,18205,75
14873,18206,2
14873,18207,5
14873,18215,2
14873,18216,1
14873,18221,5
14873,18234,8
14873,18240,2
14873,18243,10
14873,18247,22.5
14873,18248,10
14873,18249,21
14873,18254,9
14873,18260,9
14873,18261,13
14873,18262,58
14873,18263,9
14873,18264,3
14873,18275,6
14873,18276,8
14873,18285,4
14873,18287,25
14873,18288,6
14873,18290,9
14873,18291,4
14873,18294,11
14873,18296,3
14873,18302,4
14873,18303,2
14873,18309,5
14873,18310,28.5
14873,18311,65.5
14873,18312,54
14873,18313,90.5
14873,18314,34
14873,18315,21
14873,18316,8.5
14873,18317,6
14873,18318,16
14873,18320,2
14873,18328,6
14873,18347,4
14873,18352,3
14873,18353,36
14873,18354,17
14873,18363,2
14873,18364,10
14873,18365,6
14873,18366,130.5
14873,18367,135
14873,18368,54
14873,18369,68.5
14873,18370,102.5
14873,18371,131.5
14873,18373,42
14873,18374,82.5
14873,18375,67
14873,18377,4
14873,18378,12.5
14873,18389,33
14873,18390,54.5
14873,18391,24
14873,18395,16
14873,18396,7
14873,18401,14
14873,18402,2
14873,18415,1
14873,18420,4
14873,18426,19
14873,18427,29
14873,18430,2
14873,18431,3
14873,18434,5
14873,18435,23
14873,18436,4
14873,18446,4
14873,18447,19.5
14873,18455,2
14873,18456,7
14873,18457,9
14873,18458,10
14873,18459,7.5
14873,18460,22
14873,18461,18.5
14873,18484,1
14873,18485,5
14873,18487,4
14873,18498,6
14873,18499,7
14873,18500,2
14873,18501,2
14873,18532,3
14873,18548,13
14873,18550,3
14873,18554,3
14873,18576,11
14873,18578,10.5
14873,18587,3
14873,18602,2
14873,18606,4
14874,18133,5
14874,18159,5
14874,18194,2
14874,18195,20
14874,18196,130.5
14874,18197,140.5
14874,18198,164
14874,18199,43
14874,18200,175
14874,18201,5
14874,18202,31
14874,18203,68
14874,18204,92.5
14874,18205,38
14874,18208,1
14874,18215,2
14874,18221,3
14874,18222,3
14874,18223,3
14874,18228,6
14874,18234,3
14874,18235,8
14874,18246,2
14874,18247,19
14874,18248,18
14874,18249,33
14874,18256,17
14874,18257,23
14874,18258,11
14874,18260,4
14874,18261,13
14874,18262,5
14874,18263,2
14874,18274,3
14874,18275,6.5
14874,18285,1
14874,18288,20
14874,18290,2
14874,18291,1
14874,18308,2
14874,18309,7
14874,18310,80.5
14874,18311,35
14874,18312,37
14874,18313,3
14874,18314,9
14874,18315,6
14874,18317,2
14874,18318,9
14874,18329,11
14874,18330,4
14874,18337,13
14874,18350,2
14874,18351,22
14874,18352,31
14874,18353,45
14874,18354,30
14874,18364,5
14874,18365,54
14874,18366,209.5
14874,18367,167
14874,18368,60.5
14874,18369,13
14874,18370,35
14874,18371,41.5
14874,18372,45.5
14874,18373,7
14874,18374,26
14874,18375,5
14874,18376,22.5
14874,18377,10
14874,18378,5
14874,18390,2
14874,18395,24
14874,18400,49
14874,18401,28.5
14874,18406,2
14874,18407,2
14874,18412,5
14874,18413,30.5
14874,18414,2
14874,18416,12
14874,18419,2
14874,18420,24.5
14874,18421,20
14874,18422,17
14874,18423,13
14874,18424,25
14874,18425,29
14874,18426,24
14874,18427,4
14874,18428,2
14874,18429,2
14874,18430,5
14874,18432,5
14874,18435,9
14874,18436,27
14874,18437,5
14874,18441,2
14874,18442,1
14874,18443,3
14874,18455,25
14874,18456,9
14874,18457,9
14874,18460,5
14874,18461,4
14874,18472,2
14874,18483,4
14874,18484,2
14874,18500,8
14874,18501,6
14874,18502,8
14874,18533,3
14874,18546,2
14874,18548,3
14874,18549,11
14874,18550,36
14874,18551,16
14874,18575,1
14874,18580,7
14874,18581,3
14874,18597,5
14874,18598,6
14874,18599,1
14874,18614,2
14875,18157,2
14875,18158,53
14875,18160,18
14875,18161,39
14875,18162,8
14875,18195,16
14875,18196,145
14875,18197,119
14875,18198,75
14875,18199,71.5
14875,18200,71
14875,18201,2
14875,18203,43
14875,18204,80.5
14875,18205,39.5
14875,18206,14
14875,18207,14
14875,18208,7
14875,18216,1
14875,18219,1
14875,18222,4
14875,18225,2
14875,18228,1
14875,18235,5
14875,18248,28
14875,18249,23
14875,18250,6.5
14875,18254,1
14875,18255,35.5
14875,18256,40
14875,18257,24
14875,18258,30
14875,18259,2
14875,18273,6
14875,18274,24
14875,18285,10
14875,18286,8
14875,18287,30
14875,18288,28
14875,18289,25
14875,18290,20
14875,18293,3
14875,18308,5
14875,18309,3
14875,18310,13
14875,18311,7
14875,18312,5
14875,18314,22
14875,18315,13
14875,18318,11
14875,18319,6
14875,18320,1
14875,18329,26
14875,18330,131
14875,18331,41
14875,18336,27.5
14875,18337,38
14875,18338,10
14875,18340,7
14875,18351,68
14875,18352,118
14875,18353,88.5
14875,18354,106
14875,18355,19
14875,18365,119
14875,18366,146.5
14875,18367,17
14875,18369,20
14875,18370,55.5
14875,18371,54
14875,18372,51
14875,18373,66
14875,18374,7
14875,18375,2
14875,18376,2
14875,18377,16
14875,18378,37
14875,18379,3
14875,18395,39
14875,18398,31
14875,18399,35
14875,18400,64.5
14875,18401,7
14875,18416,33
14875,18417,20
14875,18419,15
14875,18420,50
14875,18421,21
14875,18422,33.5
14875,18423,30.5
14875,18424,32
14875,18434,3
14875,18435,6
14875,18436,36.5
14875,18437,44
14875,18438,19
14875,18443,4
14875,18472,5
14875,18484,6
14875,18502,14.5
14875,18503,12
14875,18515,2
14875,18531,6
14875,18546,2
14875,18550,12
14875,18551,35
14875,18552,11
14875,18580,23
14875,18581,6
14875,18593,4
14875,18594,2
14875,18595,8
14875,18596,21
14875,18597,1
14875,18598,3
14875,18599,6
14876,18152,4
14876,18155,70
14876,18156,21.5
14876,18157,132.5
14876,18158,22
14876,18160,20.5
14876,18161,25
14876,18192,2
14876,18193,8
14876,18195,2
14876,18196,56.5
14876,18197,109.5
14876,18198,82
14876,18199,108.5
14876,18204,33
14876,18205,4
14876,18206,8
14876,18207,60
14876,18208,1
14876,18209,14
14876,18218,7
14876,18219,35
14876,18220,25
14876,18221,8
14876,18222,13
14876,18223,3
14876,18225,26
14876,18226,9
14876,18227,14
14876,18228,1
14876,18229,14.5
14876,18230,6
14876,18235,5
14876,18236,3
14876,18248,18
14876,18254,7
14876,18255,44
14876,18256,45
14876,18257,5
14876,18258,10
14876,18273,15
14876,18283,13
14876,18284,25.5
14876,18285,15
14876,18286,27
14876,18287,21
14876,18288,4
14876,18290,20
14876,18291,23
14876,18292,21
14876,18305,2.5
14876,18312,2
14876,18313,1
14876,18314,3
14876,18318,7
14876,18319,2
14876,18329,31
14876,18330,55
14876,18331,24
14876,18333,6
14876,18334,7
14876,18335,2
14876,18336,12
14876,18337,5
14876,18340,2
14876,18341,2
14876,18345,11
14876,18346,8
14876,18347,10
14876,18350,25
14876,18351,51
14876,18352,100.5
14876,18353,30
14876,18354,95
14876,18355,31.5
14876,18359,2
14876,18365,11
14876,18366,2
14876,18370,20.5
14876,18371,39
14876,18372,37
14876,18374,18
14876,18375,4
14876,18377,10
14876,18378,52.5
14876,18379,25
14876,18380,5
14876,18395,19
14876,18396,28
14876,18397,49
14876,18398,113
14876,18399,44
14876,18417,26
14876,18418,31
14876,18419,37
14876,18420,20
14876,18422,8
14876,18423,12
14876,18434,27.5
14876,18435,75
14876,18436,17
14876,18437,23.5
14876,18438,54.5
14876,18439,27
14876,18442,4
14876,18446,4
14876,18458,5
14876,18473,1
14876,18474,8
14876,18484,16
14876,18491,1
14876,18503,6
14876,18504,5
14876,18505,2
14876,18531,16
14876,18532,6
14876,18533,2
14876,18550,22
14876,18555,4
14876,18556,1.5
14876,18574,4
14876,18580,6
14876,18581,16
14876,18586,1
14876,18588,3
14876,18591,1
14876,18595,3
14876,18598,37
14876,18599,7
14876,18608,2
14876,18611,2
14876,18614,2
14876,18615,1.5
14877,18063,1
14877,18116,3
14877,18155,35
14877,18156,99
14877,18157,55
14877,18160,9.5
14877,18196,5
14877,18197,14.5
14877,18198,23
14877,18199,9
14877,18200,3
14877,18201,4
14877,18204,21
14877,18205,3
14877,18206,6
14877,18207,4
14877,18209,3
14877,18216,9
14877,18217,3
14877,18218,14
14877,18220,45
14877,18221,15
14877,18222,4
14877,18225,6
14877,18226,9
14877,18230,4
14877,18232,5
14877,18236,13
14877,18253,2
14877,18259,2
14877,18260,12
14877,18272,7
14877,18273,7
14877,18282,6
14877,18283,4
14877,18285,2
14877,18287,2
14877,18289,8
14877,18290,26
14877,18291,4
14877,18294,3
14877,18305,2
14877,18309,1
14877,18310,4
14877,18311,6
14877,18312,2
14877,18313,5
14877,18325,3
14877,18329,7
14877,18330,11
14877,18331,31.5
14877,18332,79
14877,18333,6
14877,18336,5
14877,18337,2
14877,18338,2
14877,18339,25
14877,18340,154.5
14877,18341,114
14877,18342,3
14877,18345,15
14877,18347,3
14877,18350,5
14877,18351,59
14877,18352,48
14877,18353,12
14877,18354,2
14877,18355,6
14877,18359,4
14877,18360,2
14877,18370,7
14877,18371,26
14877,18375,16
14877,18376,8
14877,18377,2
14877,18378,9
14877,18379,57
14877,18380,125.5
14877,18381,173
14877,18394,43.5
14877,18395,39.5
14877,18396,51
14877,18397,53
14877,18398,55
14877,18399,5
14877,18401,4
14877,18415,3
14877,18416,5
14877,18417,34.5
14877,18418,4
14877,18419,5
14877,18434,11
14877,18435,41
14877,18436,4
14877,18438,3
14877,18439,25
14877,18446,12
14877,18458,14
14877,18473,5
14877,18475,5.5
14877,18476,1
14877,18480,1
14877,18484,24
14877,18490,2
14877,18495,6
14877,18496,2
14877,18504,4
14877,18505,4
14877,18514,6
14877,18515,18
14877,18516,1
14877,18528,4
14877,18530,2
14877,18531,3
14877,18532,1
14877,18533,1.5
14877,18534,1
14877,18538,2
14877,18539,1
14877,18553,2
14877,18555,3
14877,18573,2
14877,18574,1
14877,18577,18
14877,18578,9
14877,18579,2
14877,18586,10
14877,18587,2
14877,18589,5
14877,18597,5
14877,18598,12
14877,18599,1
14877,18613,6
14877,18616,1
14878,18115,15
14878,18116,8
14878,18153,22.5
14878,18154,52
14878,18155,88
14878,18156,8
14878,18157,17
14878,18162,2
14878,18197,4
14878,18200,14
14878,18201,13
14878,18202,46
14878,18203,18
14878,18205,5
14878,18207,2
14878,18213,5
14878,18214,5
14878,18217,10
14878,18218,10
14878,18219,34
14878,18220,14
14878,18221,9
14878,18223,5
14878,18229,1
14878,18231,4
14878,18232,4
14878,18236,28.5
14878,18237,1
14878,18253,20.5
14878,18254,40
14878,18255,22
14878,18256,10
14878,18257,1
14878,18258,8
14878,18259,5
14878,18272,2
14878,18284,6
14878,18285,15
14878,18286,18.5
14878,18287,7
14878,18288,8
14878,18289,1
14878,18290,10
14878,18307,4
14878,18308,4
14878,18310,8
14878,18312,7
14878,18313,23
14878,18314,3
14878,18320,5
14878,18324,13
14878,18325,8.5
14878,18330,28
14878,18331,14
14878,18332,183
14878,18333,13
14878,18337,2
14878,18338,19
14878,18339,65
14878,18340,146.5
14878,18341,119
14878,18342,417.5
14878,18344,7
14878,18358,1.5
14878,18359,1
14878,18365,2
14878,18376,33
14878,18378,2
14878,18379,37
14878,18380,135.5
14878,18381,134
14878,18382,113.5
14878,18383,43.5
14878,18384,53
14878,18389,1
14878,18390,29
14878,18391,26
14878,18393,11
14878,18394,37
14878,18395,46
14878,18396,33
14878,18397,85.5
14878,18398,54.5
14878,18399,2
14878,18402,2
14878,18403,2
14878,18407,7
14878,18415,13
14878,18416,14
14878,18434,3
14878,18435,4
14878,18440,3
14878,18441,7
14878,18448,12
14878,18449,7
14878,18456,1
14878,18458,8
14878,18459,32
14878,18460,4
14878,18461,2
14878,18462,1.5
14878,18473,3
14878,18474,15
14878,18475,5
14878,18483,6
14878,18484,22
14878,18495,5
14878,18496,17
14878,18511,6
14878,18512,7
14878,18513,38
14878,18514,21
14878,18530,12
14878,18531,22
14878,18532,13
14878,18533,5
14878,18540,5
14878,18541,3
14878,18546,5
14878,18553,1
14878,18554,4
14878,18573,1
14878,18574,11
14878,18575,4
14878,18576,24
14878,18577,28.5
14878,18578,4
14878,18584,2
14878,18600,2
14878,18603,4
14878,18605,2
14878,18611,2
14879,18153,34
14879,18154,54
14879,18155,3
14879,18156,4
14879,18190,9
14879,18200,157
14879,18201,126.5
14879,18202,159
14879,18207,6
14879,18208,4
14879,18209,11
14879,18211,14
14879,18217,8
14879,18218,22
14879,18220,14.5
14879,18221,19
14879,18223,4
14879,18229,6
14879,18231,1
14879,18237,46.5
14879,18254,5
14879,18255,3
14879,18257,10
14879,18270,4
14879,18280,2
14879,18281,1
14879,18282,12
14879,18283,8
14879,18284,5.5
14879,18285,6
14879,18286,4
14879,18289,4
14879,18295,4
14879,18296,25
14879,18297,39
14879,18308,5
14879,18312,4
14879,18313,5
14879,18314,8
14879,18315,3
14879,18320,5.5
14879,18325,5
14879,18326,2
14879,18327,4
14879,18329,3
14879,18332,13
14879,18333,23.5
14879,18334,16
14879,18335,4
14879,18337,3
14879,18338,35.5
14879,18339,90.5
14879,18340,80
14879,18341,100.5
14879,18342,14
14879,18347,4
14879,18350,3
14879,18357,2
14879,18358,13
14879,18359,20
14879,18365,8
14879,18369,2
14879,18371,1
14879,18372,4
14879,18373,8
14879,18375,7
14879,18378,3
14879,18379,7
14879,18381,43
14879,18382,187
14879,18383,70.5
14879,18384,14.5
14879,18393,31
14879,18394,48.5
14879,18395,44.5
14879,18396,39
14879,18397,21
14879,18398,9
14879,18407,5
14879,18408,13
14879,18415,9
14879,18424,2
14879,18435,1
14879,18439,5
14879,18440,3
14879,18441,2
14879,18447,19
14879,18448,17
14879,18449,15
14879,18458,7.5
14879,18459,9
14879,18460,30.5
14879,18461,3
14879,18482,2.5
14879,18483,19
14879,18484,16.5
14879,18488,4
14879,18496,17
14879,18507,2
14879,18508,4
14879,18509,12
14879,18510,27.5
14879,18511,42.5
14879,18512,20
14879,18516,2
14879,18529,4
14879,18530,17.5
14879,18531,4
14879,18532,19
14879,18533,2
14879,18534,1
14879,18545,2
14879,18546,10
14879,18547,15
14879,18548,14
14879,18552,2
14879,18553,3
14879,18574,16
14879,18575,10
14879,18576,2
14879,18577,4
14879,18588,3
14879,18597,2
14879,18611,2
14879,18612,4
14880,18112,2
14880,18152,4
14880,18153,32
14880,18155,4
14880,18156,6
14880,18189,7
14880,18200,41.5
14880,18201,69
14880,18202,30
14880,18203,87
14880,18210,5
14880,18211,8
14880,18217,10
14880,18237,70
14880,18238,36
14880,18269,2
14880,18270,4
14880,18280,7
14880,18281,22
14880,18282,6
14880,18283,3
14880,18284,5
14880,18292,22
14880,18295,6
14880,18296,51
14880,18297,26
14880,18299,4
14880,18300,1
14880,18301,3
14880,18315,7
14880,18316,2
14880,18321,3
14880,18324,7
14880,18325,4
14880,18327,5
14880,18330,43
14880,18331,16
14880,18333,3
14880,18335,21
14880,18336,4
14880,18339,28
14880,18340,121
14880,18341,31
14880,18342,10
14880,18346,1
14880,18358,3
14880,18359,6
14880,18365,2
14880,18369,3
14880,18372,5
14880,18373,99
14880,18374,75.5
14880,18375,73.5
14880,18376,29
14880,18377,12
14880,18378,4
14880,18379,15
14880,18380,9
14880,18381,5
14880,18382,29
14880,18383,105.5
14880,18384,98.5
14880,18385,51
14880,18386,6
14880,18393,14.5
14880,18394,26
14880,18395,10
14880,18396,12
14880,18397,6
14880,18414,3
14880,18415,26
14880,18416,8
14880,18432,2
14880,18434,2
14880,18439,2
14880,18440,15
14880,18441,4
14880,18446,5
14880,18447,31.5
14880,18448,16
14880,18451,7
14880,18452,4
14880,18463,2
14880,18464,5
14880,18472,4
14880,18473,6
14880,18480,4
14880,18482,20.5
14880,18483,27.5
14880,18484,16
14880,18485,1
14880,18487,12
14880,18488,12.5
14880,18496,2
14880,18498,3
14880,18499,1
14880,18507,18
14880,18508,18
14880,18509,16
14880,18510,10
14880,18512,2
14880,18522,2
14880,18529,8
14880,18532,6.5
14880,18533,11
14880,18535,5
14880,18541,1
14880,18547,2
14880,18551,1
14880,18552,4
14880,18553,5
14880,18556,2
14880,18580,2
14880,18596,1
14880,18597,4
14880,18601,1
14880,18607,4
14880,18610,3
14880,18611,4
14881,18110,4
14881,18111,3
14881,18129,3
14881,18154,1
14881,18155,4
14881,18156,6.5
14881,18162,2
14881,18163,4
14881,18186,1
14881,18187,7.5
14881,18188,26
14881,18191,1
14881,18192,2
14881,18197,3
14881,18201,73
14881,18202,151
14881,18203,160
14881,18204,48
14881,18206,8
14881,18213,4
14881,18214,16.5
14881,18217,2
14881,18224,2
14881,18236,2
14881,18237,41
14881,18238,18
14881,18239,3
14881,18268,5
14881,18269,8
14881,18280,4
14881,18284,17
14881,18285,18
14881,18290,4
14881,18292,8
14881,18293,34.5
14881,18294,10
14881,18296,14
14881,18297,4.5
14881,18301,11
14881,18302,21
14881,18304,4
14881,18309,6
14881,18317,2
14881,18324,15
14881,18325,7
14881,18327,6
14881,18328,2
14881,18334,42.5
14881,18335,31
14881,18339,59.5
14881,18340,22
14881,18341,11
14881,18343,4
14881,18346,9
14881,18347,8
14881,18364,4
14881,18367,2
14881,18372,7
14881,18373,120
14881,18374,70
14881,18375,123.5
14881,18376,132.5
14881,18377,143
14881,18378,2
14881,18380,34.5
14881,18381,3
14881,18383,64
14881,18384,174
14881,18385,151
14881,18386,69
14881,18387,24
14881,18393,3
14881,18398,3
14881,18403,2
14881,18415,10.5
14881,18416,26
14881,18417,16
14881,18431,5
14881,18432,30
14881,18433,5
14881,18439,2
14881,18446,36
14881,18447,33
14881,18448,8
14881,18450,4
14881,18451,22
14881,18452,45
14881,18462,4
14881,18463,4
14881,18464,21
14881,18465,2
14881,18466,28
14881,18468,2
14881,18469,7
14881,18473,4
14881,18480,3.5
14881,18481,2
14881,18482,10
14881,18483,2
14881,18485,3
14881,18486,10
14881,18487,10
14881,18495,24
14881,18507,2
14881,18538,2
14881,18542,5
14881,18549,3
14881,18551,2
14881,18553,1
14881,18555,2
14881,18575,2
14881,18587,2
14881,18597,2
14881,18598,5
14881,18609,5
14881,18611,2
14881,18612,4
14881,18613,2
14882,18109,7
14882,18117,3
14882,18118,9
14882,18119,10
14882,18125,7
14882,18126,2
14882,18134,8
14882,18144,7
14882,18145,9
14882,18146,8
14882,18150,3
14882,18151,1
14882,18152,1
14882,18163,28
14882,18164,5
14882,18167,4
14882,18188,27
14882,18191,6
14882,18197,5
14882,18198,20
14882,18201,39
14882,18202,61
14882,18203,18
14882,18211,4
14882,18213,3
14882,18215,1
14882,18216,18
14882,18217,4
14882,18219,3
14882,18221,6
14882,18225,3
14882,18226,3
14882,18228,4
14882,18229,3
14882,18230,1
14882,18233,2
14882,18234,4
14882,18257,15
14882,18266,2
14882,18267,2
14882,18268,27
14882,18269,12
14882,18271,3
14882,18273,5
14882,18289,3
14882,18293,4
14882,18294,14
14882,18302,7.5
14882,18309,5
14882,18310,3
14882,18314,1
14882,18315,3
14882,18324,7
14882,18325,38
14882,18326,73
14882,18327,63
14882,18328,25
14882,18335,196
14882,18336,29
14882,18338,3
14882,18339,23.5
14882,18340,375.5
14882,18341,135
14882,18344,2
14882,18347,5
14882,18354,1
14882,18355,7
14882,18358,5
14882,18359,5
14882,18363,5
14882,18367,3
14882,18373,7
14882,18374,43.5
14882,18375,68
14882,18376,107.5
14882,18377,170
14882,18378,30
14882,18381,40
14882,18382,2
14882,18383,42
14882,18384,74
14882,18385,172
14882,18386,63
14882,18387,31
14882,18388,2
14882,18389,3
14882,18398,4
14882,18415,7
14882,18416,25
14882,18417,26
14882,18428,4
14882,18431,4
14882,18432,22.5
14882,18439,6
14882,18440,1
14882,18446,25
14882,18447,53
14882,18450,24
14882,18451,22
14882,18452,6
14882,18453,2
14882,18463,6
14882,18464,25.5
14882,18465,39
14882,18466,84
14882,18467,36
14882,18468,23
14882,18469,10
14882,18481,2
14882,18484,8
14882,18485,3
14882,18486,13.5
14882,18494,7.5
14882,18495,36
14882,18496,16
14882,18497,1
14882,18524,1
14882,18534,1
14882,18536,4
14882,18550,16
14882,18551,9
14882,18554,1.5
14882,18556,1
14882,18583,3
14882,18598,2
14882,18601,4
14882,18602,1
14882,18612,2
14883,18118,3
14883,18119,28
14883,18120,8
14883,18123,6
14883,18125,9
14883,18126,20.5
14883,18143,15
14883,18144,10
14883,18145,3
14883,18146,41
14883,18148,8
14883,18149,3
14883,18150,2
14883,18155,10
14883,18163,31
14883,18164,32
14883,18185,6
14883,18188,30
14883,18199,6
14883,18200,37
14883,18201,4
14883,18202,8
14883,18207,5
14883,18209,3
14883,18210,2
14883,18217,20
14883,18218,38
14883,18219,4
14883,18224,14
14883,18225,2
14883,18226,4
14883,18228,7
14883,18229,10
14883,18234,3
14883,18235,3
14883,18240,6
14883,18242,2
14883,18246,6
14883,18262,7
14883,18263,19
14883,18265,8
14883,18266,9
14883,18269,51.5
14883,18270,26
14883,18271,62
14883,18272,75.5
14883,18273,23.5
14883,18277,2
14883,18278,7
14883,18279,8
14883,18280,5
14883,18281,1
14883,18283,3
14883,18284,1
14883,18288,2
14883,18293,2
14883,18301,5
14883,18302,4
14883,18309,3
14883,18311,5.5
14883,18319,5
14883,18323,3
14883,18324,38
14883,18325,91.5
14883,18326,87.5
14883,18327,87.5
14883,18328,8
14883,18330,3
14883,18331,5
14883,18335,37
14883,18336,241
14883,18337,9
14883,18338,22
14883,18339,14
14883,18340,101.5
14883,18341,39
14883,18347,2
14883,18356,17
14883,18357,10
14883,18363,3
14883,18364,15.5
14883,18367,1
14883,18376,22
14883,18377,65
14883,18378,5
14883,18382,29
14883,18383,103
14883,18384,195.5
14883,18385,165.5
14883,18387,3
14883,18390,3
14883,18391,2
14883,18399,3
14883,18416,9
14883,18428,1
14883,18431,4
14883,18432,2
14883,18438,3
14883,18439,4
14883,18445,2
14883,18446,11
14883,18447,3
14883,18454,1
14883,18463,27.5
14883,18464,40
14883,18465,31
14883,18466,13
14883,18467,4
14883,18468,22
14883,18484,10
14883,18485,12
14883,18492,3
14883,18493,6
14883,18494,10
14883,18495,13
14883,18496,3
14883,18551,2
14883,18552,4
14883,18555,8
14883,18573,3
14883,18574,8
14883,18575,2
14883,18583,5
14883,18589,4
14883,18601,1
14884,18119,2.5
14884,18120,9
14884,18121,56.5
14884,18122,47
14884,18123,38
14884,18124,16
14884,18125,60.5
14884,18126,31
14884,18129,4
14884,18134,10
14884,18135,2
14884,18140,4
14884,18141,2
14884,18142,16
14884,18143,12
14884,18146,26
14884,18147,16
14884,18148,23
14884,18155,11
14884,18162,1
14884,18163,9
14884,18164,45
14884,18173,8
14884,18175,5
14884,18176,16.5
14884,18177,24
14884,18178,9
14884,18179,7
14884,18180,5
14884,18186,2
14884,18187,4
14884,18188,7
14884,18199,4
14884,18200,5
14884,18202,9
14884,18208,4
14884,18211,2
14884,18212,1
14884,18218,6
14884,18224,5
14884,18232,3
14884,18234,1
14884,18239,12.5
14884,18240,11
14884,18246,3
14884,18249,3
14884,18250,4
14884,18251,4
14884,18253,3
14884,18254,7
14884,18255,2
14884,18256,10
14884,18257,71
14884,18258,69
14884,18259,58
14884,18260,13
14884,18261,2
14884,18262,15
14884,18263,71
14884,18269,51.5
14884,18270,30
14884,18271,57
14884,18272,57
14884,18280,4.5
14884,18281,5
14884,18293,14
14884,18294,3
14884,18305,3
14884,18312,4
14884,18313,3
14884,18314,4
14884,18320,5
14884,18323,14
14884,18324,16
14884,18325,10
14884,18327,29
14884,18328,2
14884,18330,2
14884,18332,11
14884,18333,5
14884,18334,5
14884,18335,4
14884,18336,85.5
14884,18337,123
14884,18338,114
14884,18339,63
14884,18340,59.5
14884,18341,266.5
14884,18345,2
14884,18351,2
14884,18356,4
14884,18362,6
14884,18363,9
14884,18364,9
14884,18379,4
14884,18380,5
14884,18381,2
14884,18382,25
14884,18383,84
14884,18384,151.5
14884,18385,122.5
14884,18388,3
14884,18393,3
14884,18413,16
14884,18414,31
14884,18415,63
14884,18416,37
14884,18427,2
14884,18428,6
14884,18431,2.5
14884,18438,2
14884,18439,1
14884,18444,4
14884,18445,8
14884,18446,71.5
14884,18447,35
14884,18453,5
14884,18462,38
14884,18463,78
14884,18464,33
14884,18465,5.5
14884,18473,10
14884,18474,1
14884,18475,1
14884,18482,2
14884,18483,2
14884,18488,3
14884,18492,16
14884,18493,8.5
14884,18541,3
14884,18542,3
14884,18546,4
14884,18547,2
14884,18548,11
14884,18553,5
14884,18555,1
14884,18572,3
14884,18573,8
14884,18574,4
14884,18575,2
14884,18576,3
14884,18577,2
14884,18597,4
14884,18602,4
14885,18049,10
14885,18088,2
14885,18096,4
14885,18121,14
14885,18122,59.5
14885,18123,85.5
14885,18124,85
14885,18125,16
14885,18132,11
14885,18133,18
14885,18135,3
14885,18136,4
14885,18137,2
14885,18138,6
14885,18146,8
14885,18147,4.5
14885,18155,8
14885,18163,5
14885,18164,29
14885,18168,2
14885,18169,2
14885,18170,8
14885,18173,7
14885,18174,27
14885,18175,36
14885,18176,40
14885,18177,25
14885,18178,31
14885,18179,19
14885,18180,1
14885,18186,5
14885,18189,4
14885,18199,21
14885,18202,2
14885,18203,6
14885,18204,2
14885,18207,3
14885,18208,36
14885,18212,4
14885,18217,4
14885,18231,6
14885,18238,6
14885,18239,5
14885,18240,1
14885,18247,14
14885,18248,10.5
14885,18251,3
14885,18254,8
14885,18255,56.5
14885,18256,245
14885,18257,201.5
14885,18258,82.5
14885,18259,41
14885,18263,3
14885,18271,1
14885,18273,1
14885,18274,15
14885,18275,5
14885,18287,6
14885,18292,3
14885,18297,3
14885,18298,11
14885,18302,5
14885,18306,7
14885,18314,4
14885,18323,17
14885,18324,7
14885,18325,15
14885,18328,1
14885,18334,35
14885,18335,27
14885,18336,31
14885,18337,83.5
14885,18338,84
14885,18339,361
14885,18340,331
14885,18341,91
14885,18342,8
14885,18361,5
14885,18364,3
14885,18365,16
14885,18370,10
14885,18382,2
14885,18383,40
14885,18384,120.5
14885,18385,39
14885,18387,6
14885,18392,10
14885,18393,13
14885,18394,28
14885,18395,3
14885,18401,4
14885,18402,40
14885,18403,22
14885,18404,8
14885,18406,4
14885,18407,22
14885,18408,23
14885,18413,25
14885,18414,67
14885,18415,71
14885,18416,63.5
14885,18417,36.5
14885,18444,25
14885,18445,31
14885,18446,33
14885,18453,11
14885,18454,11
14885,18462,36
14885,18463,15.5
14885,18464,9
14885,18474,2
14885,18475,9.5
14885,18476,15
14885,18483,10
14885,18484,3
14885,18491,17
14885,18492,10
14885,18494,2
14885,18512,9
14885,18518,5
14885,18531,5.5
14885,18553,2
14885,18555,2
14885,18571,1
14885,18576,5
14885,18579,2
14885,18592,2
14885,18602,4
14885,18611,3
14886,18049,82.5
14886,18050,257.5
14886,18051,164
14886,18052,153
14886,18053,43
14886,18103,3
14886,18104,17
14886,18105,4
14886,18121,1
14886,18122,20
14886,18123,47.5
14886,18124,9
14886,18125,50
14886,18126,38
14886,18127,34
14886,18129,9
14886,18130,18
14886,18131,8.5
14886,18132,38
14886,18133,69
14886,18134,14
14886,18135,5
14886,18137,2
14886,18142,1
14886,18145,3
14886,18146,7
14886,18155,1
14886,18164,28
14886,18165,7
14886,18174,23.5
14886,18175,9
14886,18176,3.5
14886,18177,2
14886,18178,2
14886,18179,2
14886,18186,7
14886,18194,4
14886,18198,5
14886,18203,4
14886,18204,14
14886,18206,3
14886,18208,2
14886,18212,5
14886,18217,10
14886,18219,1
14886,18223,5
14886,18225,13
14886,18226,4
14886,18229,2
14886,18236,1
14886,18237,4
14886,18247,23
14886,18248,16
14886,18249,27
14886,18250,21
14886,18254,5
14886,18255,67
14886,18256,47.5
14886,18257,98.5
14886,18258,20
14886,18259,9
14886,18270,7
14886,18275,6
14886,18276,4
14886,18277,1
14886,18278,2
14886,18285,1
14886,18286,2
14886,18288,4
14886,18292,3
14886,18298,12
14886,18299,17
14886,18300,2
14886,18302,2
14886,18322,1
14886,18323,3
14886,18328,2
14886,18335,6
14886,18336,128.5
14886,18337,109.5
14886,18338,53.5
14886,18339,140.5
14886,18340,103
14886,18341,29
14886,18342,5
14886,18349,2
14886,18352,3
14886,18360,10
14886,18361,27
14886,18363,2
14886,18364,3
14886,18366,2
14886,18370,1
14886,18374,4
14886,18378,2
14886,18382,2
14886,18383,24
14886,18384,68
14886,18385,3
14886,18386,2
14886,18402,9
14886,18403,33
14886,18404,35.5
14886,18407,51.5
14886,18408,49
14886,18412,5
14886,18414,12
14886,18415,7
14886,18416,89.5
14886,18417,102
14886,18418,9
14886,18421,3
14886,18444,21.5
14886,18445,40.5
14886,18446,6
14886,18451,2.5
14886,18452,4
14886,18453,5
14886,18454,3
14886,18475,2
14886,18476,12
14886,18477,4
14886,18478,2
14886,18490,11
14886,18491,17
14886,18493,3
14886,18497,2
14886,18498,10
14886,18499,4
14886,18511,15
14886,18512,2
14886,18513,6
14886,18514,10
14886,18515,1
14886,18516,9
14886,18517,22
14886,18519,2
14886,18535,9
14886,18536,2
14886,18541,2
14886,18543,2
14886,18555,1
14886,18569,1
14886,18570,3
14886,18571,2
14886,18583,2
14886,18594,2
14886,18604,1
14886,18607,3
14886,18608,3
14887,18047,1
14887,18048,20
14887,18049,148.5
14887,18050,147.5
14887,18051,179.5
14887,18052,209.5
14887,18053,11
14887,18098,10
14887,18103,10
14887,18104,3
14887,18106,30
14887,18107,11
14887,18108,2
14887,18109,3
14887,18110,71.5
14887,18111,5
14887,18125,12
14887,18128,2
14887,18129,23
14887,18130,13
14887,18131,6
14887,18132,3
14887,18133,46
14887,18134,47
14887,18135,34
14887,18136,4
14887,18143,3
14887,18145,8
14887,18153,2
14887,18164,40
14887,18165,45
14887,18166,8
14887,18167,3
14887,18175,7
14887,18187,3
14887,18188,11.5
14887,18189,71.5
14887,18190,16
14887,18191,28
14887,18192,61
14887,18197,2
14887,18202,9
14887,18204,13
14887,18205,2
14887,18212,4
14887,18216,4
14887,18217,86.5
14887,18218,58
14887,18224,10
14887,18225,14
14887,18234,1
14887,18243,2
14887,18244,4
14887,18245,10
14887,18246,17.5
14887,18247,38
14887,18248,43
14887,18249,7
14887,18255,225
14887,18256,33
14887,18257,78.5
14887,18300,8
14887,18301,12
14887,18302,4
14887,18315,1
14887,18316,18
14887,18317,5
14887,18318,3
14887,18334,11
14887,18335,77
14887,18336,104
14887,18337,101
14887,18338,36
14887,18339,2
14887,18340,77
14887,18341,195
14887,18342,45.5
14887,18343,37.5
14887,18344,26
14887,18352,8
14887,18353,11
14887,18360,6
14887,18361,8
14887,18362,9
14887,18363,23
14887,18371,1
14887,18374,16
14887,18375,28.5
14887,18376,9
14887,18377,4
14887,18378,7
14887,18403,22.5
14887,18407,8
14887,18408,3
14887,18414,5
14887,18415,45
14887,18416,64
14887,18417,76
14887,18418,20
14887,18420,5
14887,18449,2
14887,18451,5
14887,18456,4
14887,18476,1
14887,18477,4
14887,18485,3
14887,18486,9
14887,18487,13
14887,18490,14
14887,18497,8
14887,18498,28
14887,18499,18
14887,18500,7
14887,18501,1
14887,18511,5
14887,18512,20.5
14887,18513,6
14887,18514,1
14887,18516,11
14887,18529,3
14887,18530,2
14887,18531,4
14887,18542,5
14887,18550,2
14887,18556,2
14887,18569,7
14887,18570,4
14887,18571,4
14887,18583,3
14887,18584,13
14887,18602,1
14887,18606,2
14887,18607,13
14887,18608,5
14887,18612,1
14887,18613,1
14887,18614,2
14888,18044,3
14888,18048,7
14888,18052,42
14888,18097,26
14888,18098,42
14888,18099,24
14888,18100,2
14888,18102,21.5
14888,18103,7
14888,18106,34
14888,18107,73
14888,18108,51
14888,18109,95.5
14888,18110,24
14888,18119,5
14888,18121,6
14888,18125,1
14888,18132,22
14888,18133,2
14888,18135,2
14888,18141,12
14888,18142,54.5
14888,18143,51.5
14888,18144,57
14888,18145,19
14888,18163,13
14888,18164,62
14888,18165,71.5
14888,18166,89
14888,18167,25
14888,18175,21
14888,18176,2
14888,18182,4
14888,18186,5
14888,18187,2
14888,18188,128.5
14888,18189,163
14888,18190,214
14888,18191,169
14888,18202,13
14888,18204,4
14888,18205,16
14888,18217,66.5
14888,18218,37
14888,18219,25
14888,18234,6
14888,18236,12
14888,18238,6
14888,18239,4
14888,18240,6
14888,18241,18
14888,18242,8
14888,18244,4
14888,18245,5
14888,18246,10
14888,18247,10
14888,18248,7
14888,18249,4
14888,18255,51.5
14888,18256,12
14888,18257,172
14888,18258,6
14888,18275,1
14888,18285,2
14888,18286,5
14888,18287,10
14888,18298,2
14888,18301,1
14888,18316,11
14888,18317,14
14888,18318,4
14888,18334,21
14888,18335,52
14888,18336,109
14888,18337,33.5
14888,18338,66.5
14888,18339,80.5
14888,18340,62.5
14888,18341,222
14888,18342,108
14888,18343,93
14888,18344,89
14888,18348,4
14888,18352,1
14888,18354,4
14888,18363,7
14888,18365,18
14888,18375,9
14888,18376,3
14888,18390,4
14888,18403,25
14888,18404,5
14888,18407,4
14888,18408,4
14888,18412,4
14888,18413,2
14888,18415,4
14888,18416,99.5
14888,18417,51
14888,18418,11
14888,18419,2
14888,18420,2
14888,18427,2
14888,18450,4
14888,18477,2
14888,18478,6
14888,18481,23
14888,18482,18
14888,18485,79
14888,18486,75.5
14888,18487,73
14888,18488,50
14888,18489,97.5
14888,18490,54
14888,18492,3
14888,18496,4
14888,18497,11
14888,18498,14
14888,18499,40
14888,18500,6
14888,18512,6
14888,18521,1
14888,18529,1
14888,18538,2.5
14888,18539,3
14888,18540,4
14888,18550,2
14888,18551,3
14888,18555,1
14888,18567,4
14888,18568,7
14888,18570,2
14888,18573,4
14888,18584,2
14888,18592,3
14888,18607,10
14889,18042,41.5
14889,18043,25
14889,18048,9
14889,18049,6
14889,18096,28
14889,18097,22
14889,18098,28.5
14889,18099,23
14889,18100,5
14889,18101,2
14889,18105,2
14889,18107,15
14889,18108,17
14889,18109,47
14889,18110,21
14889,18114,4
14889,18115,23
14889,18116,1
14889,18118,6
14889,18119,31.5
14889,18120,11
14889,18124,24.5
14889,18125,34
14889,18138,2
14889,18141,18
14889,18142,48
14889,18143,94
14889,18144,71.5
14889,18145,15
14889,18146,6
14889,18147,7
14889,18148,2
14889,18163,1
14889,18164,1
14889,18165,44
14889,18166,90.5
14889,18167,114.5
14889,18168,6
14889,18169,6
14889,18170,2
14889,18173,7
14889,18174,6
14889,18175,11
14889,18176,6
14889,18184,6
14889,18186,18
14889,18187,61.5
14889,18188,110.5
14889,18189,118.5
14889,18190,216
14889,18191,122
14889,18192,20
14889,18202,8
14889,18203,5
14889,18205,2
14889,18206,22
14889,18207,9
14889,18213,4
14889,18216,2
14889,18217,9
14889,18219,9
14889,18232,2
14889,18233,1
14889,18234,24
14889,18235,25.5
14889,18236,43
14889,18237,21
14889,18238,40
14889,18239,5.5
14889,18240,4
14889,18241,15.5
14889,18242,14
14889,18243,4
14889,18247,6
14889,18254,24
14889,18255,9
14889,18256,23
14889,18268,5
14889,18284,4
14889,18285,2
14889,18286,5
14889,18287,23.5
14889,18298,22
14889,18299,19
14889,18301,5
14889,18302,10
14889,18303,1
14889,18310,4
14889,18314,9
14889,18317,2
14889,18318,4
14889,18319,8
14889,18320,3
14889,18321,8
14889,18333,7
14889,18334,31
14889,18335,55
14889,18336,80
14889,18337,59
14889,18338,133
14889,18339,90.5
14889,18340,5
14889,18341,176
14889,18342,230
14889,18343,74.5
14889,18344,30
14889,18347,10
14889,18352,3
14889,18356,16
14889,18357,2
14889,18358,3
14889,18363,3
14889,18364,15
14889,18365,17
14889,18366,3
14889,18367,2
14889,18368,4
14889,18375,1
14889,18378,3
14889,18379,4
14889,18385,4
14889,18386,4
14889,18391,3
14889,18403,7
14889,18412,13
14889,18414,7
14889,18416,3
14889,18417,8
14889,18439,3
14889,18444,5
14889,18445,4
14889,18464,7
14889,18480,6
14889,18481,25
14889,18482,2
14889,18485,42
14889,18486,66
14889,18487,117
14889,18488,97
14889,18489,46.5
14889,18490,2
14889,18497,10
14889,18498,9
14889,18514,17
14889,18515,7
14889,18542,3
14889,18565,6
14889,18566,3
14889,18567,2
14889,18569,1
14889,18572,2
14889,18574,1
14889,18576,9
14889,18577,3
14889,18584,6
14889,18585,6
14889,18586,2
14889,18588,4
14889,18592,4
14889,18594,2
14889,18595,7
14889,18597,2
14889,18600,5
14889,18607,8
14889,18608,27
14889,18609,10
14889,18611,2
14889,18614,2
14890,18040,550
14890,18041,247
14890,18042,304.5
14890,18043,3
14890,18044,402
14890,18045,59.5
14890,18046,82
14890,18092,5
14890,18099,2
14890,18101,8
14890,18109,3
14890,18112,2
14890,18115,8
14890,18116,11.5
14890,18117,12
14890,18118,18
14890,18119,16
14890,18120,3
14890,18123,30
14890,18124,80
14890,18125,72.5
14890,18126,47
14890,18127,25
14890,18141,9
14890,18142,22
14890,18143,18
14890,18144,46
14890,18146,2
14890,18147,2
14890,18148,6
14890,18149,4
14890,18165,65.5
14890,18166,44
14890,18167,17
14890,18168,2
14890,18175,6
14890,18186,35
14890,18187,180.5
14890,18188,194.5
14890,18189,188.5
14890,18190,94
14890,18191,66.5
14890,18192,55.5
14890,18193,130.5
14890,18202,36.5
14890,18203,3
14890,18205,5
14890,18206,2
14890,18207,2
14890,18209,2
14890,18233,31
14890,18234,157
14890,18235,124.5
14890,18236,135.5
14890,18237,2
14890,18238,7
14890,18239,7
14890,18240,6
14890,18241,15.5
14890,18242,1
14890,18243,14.5
14890,18245,2
14890,18254,16
14890,18255,11.5
14890,18256,91.5
14890,18261,2
14890,18268,15
14890,18269,12
14890,18270,4
14890,18287,3
14890,18298,2
14890,18309,1
14890,18310,4
14890,18312,2
14890,18320,12
14890,18324,15
14890,18325,10
14890,18332,23
14890,18333,86
14890,18334,68
14890,18335,56.5
14890,18336,176.5
14890,18337,55
14890,18338,225.5
14890,18339,12
14890,18340,124
14890,18341,27
14890,18342,79
14890,18343,114
14890,18344,8
14890,18347,2
14890,18354,2
14890,18355,2
14890,18356,22
14890,18357,4
14890,18364,2
14890,18365,2
14890,18366,3
14890,18379,4
14890,18380,21
14890,18385,8
14890,18392,4
14890,18393,7
14890,18400,12
14890,18413,1
14890,18417,19
14890,18423,2
14890,18427,2
14890,18433,26
14890,18434,32
14890,18435,5
14890,18436,11
14890,18437,16
14890,18438,4
14890,18439,2.5
14890,18440,22.5
14890,18443,17.5
14890,18444,22
14890,18448,8
14890,18449,1
14890,18465,2
14890,18480,3
14890,18481,4
14890,18482,9
14890,18485,12
14890,18486,28
14890,18487,80.5
14890,18488,165.5
14890,18489,64
14890,18490,23
14890,18503,9
14890,18504,3
14890,18514,5
14890,18515,4
14890,18516,1
14890,18541,5
14890,18542,18
14890,18543,3
14890,18544,12
14890,18548,3
14890,18564,1
14890,18565,16
14890,18572,4
14890,18574,3
14890,18575,4
14890,18582,8
14890,18583,4
14890,18584,3
14890,18593,3
14890,18595,1
14890,18599,3
14890,18600,28.5
14890,18604,3
14890,18607,5
14890,18608,33
14890,18609,22
14890,18610,12
14890,18611,1
14890,18614,2
14891,18039,72.5
14891,18040,640.5
14891,18041,381.5
14891,18042,435
14891,18043,93
14891,18044,664
14891,18045,280
14891,18046,269
14891,18047,4
14891,18048,12
14891,18081,2
14891,18082,3
14891,18083,2
14891,18084,12
14891,18085,3
14891,18086,9
14891,18096,6
14891,18097,14
14891,18098,4
14891,18106,3
14891,18111,9
14891,18112,16
14891,18113,7
14891,18114,4
14891,18115,1
14891,18116,14
14891,18117,13
14891,18118,2
14891,18122,7
14891,18123,40
14891,18124,28
14891,18125,20
14891,18126,32
14891,18127,26
14891,18133,8
14891,18139,6
14891,18141,18
14891,18142,10
14891,18164,3
14891,18165,32
14891,18166,6
14891,18175,10
14891,18176,6
14891,18181,10
14891,18182,3
14891,18185,3.5
14891,18186,50
14891,18187,119
14891,18188,212.5
14891,18189,480
14891,18190,407
14891,18191,247
14891,18192,97
14891,18193,106
14891,18194,5
14891,18195,10
14891,18196,6
14891,18198,11
14891,18199,11
14891,18201,8
14891,18202,12.5
14891,18203,15
14891,18212,2
14891,18219,10
14891,18224,8
14891,18225,4
14891,18232,4
14891,18234,4
14891,18235,65
14891,18236,87
14891,18237,2
14891,18240,18.5
14891,18241,10
14891,18244,5
14891,18255,5
14891,18256,19
14891,18261,5
14891,18272,5
14891,18281,11
14891,18282,21
14891,18289,1
14891,18293,6
14891,18302,5
14891,18304,6
14891,18305,4
14891,18310,7
14891,18311,4
14891,18322,5
14891,18323,13
14891,18324,6
14891,18328,6
14891,18329,40
14891,18330,4
14891,18331,60.5
14891,18332,112.5
14891,18333,110
14891,18334,103
14891,18335,75.5
14891,18336,41
14891,18340,16
14891,18341,133
14891,18342,479.5
14891,18343,23
14891,18351,2
14891,18352,6.5
14891,18355,2
14891,18356,2
14891,18357,21
14891,18358,12
14891,18370,2
14891,18371,10
14891,18372,2
14891,18380,24.5
14891,18381,25
14891,18382,5
14891,18385,3
14891,18397,24.5
14891,18398,7
14891,18399,42
14891,18400,40
14891,18412,5
14891,18413,9
14891,18415,1
14891,18416,6
14891,18417,54
14891,18420,4
14891,18433,10.5
14891,18434,71.5
14891,18435,22
14891,18438,2
14891,18439,2
14891,18440,17
14891,18441,7
14891,18442,25.5
14891,18443,74
14891,18444,22
14891,18449,5
14891,18462,9
14891,18463,9
14891,18464,7
14891,18470,1.5
14891,18471,7.5
14891,18472,12
14891,18473,2
14891,18481,12
14891,18482,12
14891,18483,6
14891,18485,2
14891,18486,2
14891,18487,59
14891,18488,11
14891,18489,39
14891,18490,42.5
14891,18495,6
14891,18504,2
14891,18505,3.5
14891,18506,4
14891,18507,7
14891,18508,5
14891,18542,13
14891,18544,7
14891,18545,4
14891,18548,2
14891,18554,2
14891,18556,3
14891,18562,1
14891,18564,2
14891,18565,9
14891,18566,13
14891,18569,2
14891,18574,3
14891,18575,5
14891,18582,8
14891,18589,6
14891,18599,9.5
14891,18609,10
14891,18610,2
14892,18030,182.5
14892,18031,742.5
14892,18032,589.5
14892,18033,547
14892,18034,23.5
14892,18035,2
14892,18040,194
14892,18041,170.5
14892,18042,314
14892,18044,212.5
14892,18045,750
14892,18046,234.5
14892,18047,29
14892,18048,69
14892,18049,93
14892,18050,14
14892,18051,1
14892,18078,1
14892,18079,9
14892,18080,5
14892,18083,4
14892,18085,29.5
14892,18089,2
14892,18091,9
14892,18096,5
14892,18097,17
14892,18098,3
14892,18104,2
14892,18105,1
14892,18106,1
14892,18107,2
14892,18108,3
14892,18111,30
14892,18112,14
14892,18113,12
14892,18117,8
14892,18118,5
14892,18119,2
14892,18122,1
14892,18123,19
14892,18124,48
14892,18125,20
14892,18132,5
14892,18133,12
14892,18138,27
14892,18139,12
14892,18140,1
14892,18146,9
14892,18160,5
14892,18161,8
14892,18165,65
14892,18166,34.5
14892,18179,28.5
14892,18180,8
14892,18181,9
14892,18182,3
14892,18183,3
14892,18186,10
14892,18187,13
14892,18188,185
14892,18189,488.5
14892,18190,216
14892,18191,156
14892,18192,274.5
14892,18193,4
14892,18194,8
14892,18195,19
14892,18196,28
14892,18198,27
14892,18199,111.5
14892,18200,99
14892,18201,54
14892,18202,70
14892,18203,73.5
14892,18204,36
14892,18205,9
14892,18208,5
14892,18209,2
14892,18210,3
14892,18211,11
14892,18212,5
14892,18215,1
14892,18217,2
14892,18223,7
14892,18224,23
14892,18225,2
14892,18226,1
14892,18230,4
14892,18232,4
14892,18233,2
14892,18236,3.5
14892,18240,12
14892,18256,7
14892,18268,3
14892,18269,7
14892,18275,1
14892,18281,10
14892,18282,29
14892,18283,2
14892,18285,3
14892,18288,6
14892,18289,5
14892,18302,2
14892,18303,7
14892,18305,5
14892,18311,9
14892,18322,1
14892,18328,3
14892,18329,6
14892,18331,38
14892,18332,76
14892,18333,117.5
14892,18334,135
14892,18335,107
14892,18336,60
14892,18340,18.5
14892,18341,111
14892,18342,38
14892,18343,61
14892,18344,25
14892,18345,5
14892,18351,5
14892,18357,3
14892,18358,4
14892,18359,15
14892,18360,36
14892,18365,2
14892,18366,8
14892,18367,2
14892,18371,25
14892,18372,9
14892,18382,20
14892,18387,1
14892,18394,1
14892,18396,22
14892,18397,75
14892,18398,72.5
14892,18399,33
14892,18407,4
14892,18408,13
14892,18409,4
14892,18412,9
14892,18413,13
14892,18414,16
14892,18415,8
14892,18416,6
14892,18417,4
14892,18418,3
14892,18420,1
14892,18425,10
14892,18433,5
14892,18434,21
14892,18435,28
14892,18436,4
14892,18439,3
14892,18440,4
14892,18441,59
14892,18442,57
14892,18443,7
14892,18464,18
14892,18465,17
14892,18466,24.5
14892,18467,1
14892,18468,3
14892,18472,8
14892,18473,7
14892,18477,4
14892,18486,9
14892,18487,36
14892,18489,8
14892,18490,10
14892,18495,4
14892,18505,7
14892,18506,43
14892,18507,22
14892,18508,6
14892,18538,8
14892,18544,7
14892,18550,2
14892,18556,17
14892,18557,24
14892,18562,12
14892,18563,14
14892,18566,5
14892,18568,1
14892,18571,1
14892,18574,4
14892,18578,2
14892,18582,2
14892,18583,4
14892,18594,2
14892,18595,6
14892,18597,3
14892,18599,1
14892,18608,6
14892,18609,2
14892,18617,1
14893,18030,504.5
14893,18031,589
14893,18032,875
14893,18033,311.5
14893,18034,330.5
14893,18035,331
14893,18040,1
14893,18044,504
14893,18045,280.5
14893,18046,116
14893,18047,24
14893,18048,88
14893,18049,604.5
14893,18077,24
14893,18078,3
14893,18082,2
14893,18084,5
14893,18085,4
14893,18089,48
14893,18090,37
14893,18091,2
14893,18092,1
14893,18097,3
14893,18101,4
14893,18102,8
14893,18103,6
14893,18109,4
14893,18113,5
14893,18117,13
14893,18118,11
14893,18122,2
14893,18123,11
14893,18124,58
14893,18125,19
14893,18127,3
14893,18136,16
14893,18137,8
14893,18138,2
14893,18144,4
14893,18145,20
14893,18153,11
14893,18154,2
14893,18160,9
14893,18161,28
14893,18163,1
14893,18165,7
14893,18166,59
14893,18167,13
14893,18172,3
14893,18173,20
14893,18174,14
14893,18177,3
14893,18178,33
14893,18179,45
14893,18181,2
14893,18185,3
14893,18186,77
14893,18188,67.5
14893,18189,16
14893,18190,25
14893,18191,172
14893,18192,94
14893,18193,540
14893,18194,2
14893,18195,18.5
14893,18196,23
14893,18197,4
14893,18199,7
14893,18200,25
14893,18201,113.5
14893,18202,118.5
14893,18203,75.5
14893,18204,47.5
14893,18205,23.5
14893,18208,4
14893,18209,4
14893,18217,5
14893,18218,9
14893,18220,4
14893,18224,4
14893,18225,12
14893,18229,2
14893,18230,14
14893,18234,5
14893,18235,4
14893,18240,5
14893,18243,1
14893,18249,3
14893,18250,2
14893,18256,3
14893,18260,2
14893,18261,12
14893,18262,7
14893,18263,13
14893,18264,20
14893,18265,5
14893,18268,2
14893,18269,12
14893,18274,3
14893,18275,2
14893,18280,3
14893,18281,3
14893,18287,1
14893,18288,10
14893,18295,5
14893,18303,49
14893,18304,5
14893,18306,2
14893,18307,6
14893,18312,4
14893,18314,2
14893,18316,6
14893,18321,27
14893,18322,26
14893,18324,2
14893,18325,5
14893,18329,5
14893,18330,4
14893,18332,97.5
14893,18333,146
14893,18334,169
14893,18335,30
14893,18336,15
14893,18337,6
14893,18338,6
14893,18341,30
14893,18342,12.5
14893,18343,82
14893,18344,40.5
14893,18345,6
14893,18357,5
14893,18358,49
14893,18359,31
14893,18360,57
14893,18361,42.5
14893,18365,14
14893,18366,26
14893,18371,3
14893,18372,11
14893,18375,7
14893,18376,18
14893,18377,2
14893,18381,1
14893,18382,2
14893,18383,28.5
14893,18384,7
14893,18385,3
14893,18395,4
14893,18396,79.5
14893,18397,39.5
14893,18398,61
14893,18399,19.5
14893,18404,2
14893,18405,4
14893,18413,10
14893,18414,5
14893,18432,10
14893,18433,13
14893,18434,20
14893,18435,2
14893,18440,11
14893,18441,98
14893,18442,32
14893,18446,1
14893,18455,3
14893,18456,2
14893,18466,3
14893,18470,8
14893,18472,6
14893,18484,1
14893,18486,9
14893,18487,6
14893,18494,1
14893,18495,4
14893,18505,5
14893,18506,5
14893,18507,9
14893,18508,24
14893,18509,17.5
14893,18510,3
14893,18517,10
14893,18531,6
14893,18535,4
14893,18544,2
14893,18554,3
14893,18556,75
14893,18557,13
14893,18561,7
14893,18562,8
14893,18563,9
14893,18564,12
14893,18565,8
14893,18566,2
14893,18567,2
14893,18581,2
14893,18582,1
14893,18584,2
14893,18587,6
14893,18588,1
14893,18594,1
14893,18595,3
14893,18598,2
14893,18603,1
14893,18604,1
14893,18605,2
14893,18606,10
14893,18611,13
14893,18612,8
14894,18030,1370.5
14894,18031,597
14894,18032,351
14894,18033,170.5
14894,18034,241.5
14894,18035,90.5
14894,18036,66
14894,18037,62
14894,18043,2
14894,18044,276
14894,18045,526.5
14894,18047,14.5
14894,18048,55
14894,18049,241.5
14894,18050,189.5
14894,18051,4
14894,18067,4
14894,18075,9.5
14894,18076,95
14894,18077,55
14894,18078,6
14894,18080,39
14894,18081,19.5
14894,18087,8
14894,18088,65
14894,18089,123
14894,18090,87
14894,18091,55.5
14894,18092,10
14894,18093,2
14894,18098,2
14894,18101,18
14894,18102,2
14894,18103,45
14894,18104,11
14894,18108,4
14894,18109,6
14894,18122,2
14894,18123,5
14894,18124,14
14894,18128,1
14894,18129,3
14894,18130,4
14894,18145,4
14894,18146,3
14894,18148,5
14894,18153,5
14894,18161,9
14894,18166,6
14894,18167,14
14894,18173,8
14894,18174,8
14894,18176,3
14894,18178,29
14894,18179,2
14894,18180,19
14894,18181,7
14894,18186,3
14894,18187,2
14894,18188,46.5
14894,18189,11
14894,18191,34
14894,18192,132
14894,18193,49
14894,18195,13
14894,18199,4
14894,18200,187
14894,18201,68
14894,18202,142
14894,18203,65
14894,18204,1
14894,18205,36
14894,18206,3
14894,18207,1
14894,18212,14
14894,18213,41
14894,18218,4
14894,18224,3
14894,18225,34
14894,18226,20
14894,18227,6
14894,18229,4
14894,18230,2
14894,18231,1
14894,18234,3
14894,18240,1
14894,18242,5
14894,18255,5
14894,18261,10
14894,18262,12.5
14894,18263,39
14894,18264,46.5
14894,18265,7
14894,18269,26
14894,18271,5
14894,18287,6
14894,18290,4
14894,18295,15.5
14894,18303,5
14894,18304,15
14894,18305,4
14894,18306,5
14894,18308,2
14894,18314,10
14894,18315,3
14894,18316,4
14894,18321,14
14894,18322,31
14894,18323,6
14894,18329,2
14894,18330,1
14894,18333,10
14894,18334,93.5
14894,18335,13
14894,18338,4
14894,18339,1
14894,18341,43.5
14894,18342,32.5
14894,18343,33.5
14894,18352,2
14894,18353,4
14894,18354,1
14894,18358,13
14894,18359,65
14894,18360,22.5
14894,18361,104.5
14894,18375,1
14894,18376,22
14894,18377,29
14894,18378,30
14894,18382,36
14894,18383,10
14894,18384,18
14894,18385,14
14894,18386,7
14894,18388,3
14894,18390,3
14894,18396,45
14894,18397,11
14894,18398,63
14894,18399,8
14894,18400,3
14894,18431,4
14894,18432,5
14894,18440,23
14894,18441,3
14894,18442,13
14894,18443,41
14894,18444,43
14894,18455,3
14894,18472,43.5
14894,18473,12.5
14894,18474,12
14894,18491,1
14894,18495,2
14894,18506,2
14894,18507,3
14894,18508,14
14894,18509,24
14894,18510,11
14894,18511,4
14894,18513,3
14894,18516,5
14894,18517,9
14894,18528,2
14894,18531,4
14894,18532,9
14894,18533,8
14894,18535,5
14894,18537,4
14894,18541,1
14894,18554,3
14894,18555,6
14894,18556,34
14894,18557,39
14894,18558,18
14894,18560,12
14894,18561,22
14894,18564,7
14894,18565,41
14894,18566,19
14894,18568,4
14894,18576,3
14894,18584,3
14894,18593,4
14894,18596,1
14894,18599,5
14894,18600,2
14894,18602,6
14894,18605,2
14894,18606,4
14894,18607,1
14894,18612,15
14895,18029,133
14895,18030,169.5
14895,18031,164
14895,18032,357
14895,18033,566
14895,18034,137.5
14895,18035,737.5
14895,18036,498.5
14895,18037,226.5
14895,18038,383
14895,18039,137
14895,18043,71.5
14895,18044,247
14895,18045,364
14895,18048,33
14895,18049,228.5
14895,18050,236.5
14895,18051,223.5
14895,18053,26
14895,18054,265.5
14895,18059,7
14895,18066,18
14895,18067,48.5
14895,18068,102.5
14895,18069,54.5
14895,18073,18
14895,18074,48
14895,18075,82
14895,18076,41
14895,18077,102
14895,18078,26.5
14895,18079,90.5
14895,18080,335.5
14895,18081,63
14895,18087,8
14895,18088,90
14895,18089,28.5
14895,18090,58.5
14895,18091,78.5
14895,18092,127
14895,18093,30
14895,18094,5
14895,18100,12
14895,18101,39
14895,18103,13
14895,18104,55
14895,18109,9
14895,18134,17
14895,18136,3
14895,18149,2
14895,18150,6
14895,18151,14
14895,18152,3
14895,18153,1
14895,18160,18
14895,18161,16
14895,18166,5.5
14895,18167,8
14895,18178,15
14895,18179,18
14895,18180,1
14895,18188,12
14895,18192,16
14895,18193,142
14895,18194,55.5
14895,18200,6
14895,18201,60.5
14895,18202,23
14895,18203,21
14895,18204,12
14895,18205,39
14895,18206,4
14895,18212,41
14895,18213,24
14895,18224,19
14895,18227,19
14895,18228,17
14895,18229,2
14895,18239,3
14895,18253,9
14895,18254,5
14895,18255,8
14895,18262,6
14895,18263,17
14895,18264,17
14895,18268,2
14895,18269,6
14895,18270,2
14895,18281,9
14895,18282,34
14895,18283,23
14895,18293,1
14895,18294,6
14895,18305,2
14895,18315,2
14895,18318,11
14895,18319,2
14895,18329,3
14895,18330,4
14895,18333,7
14895,18334,3
14895,18335,5
14895,18336,2
14895,18338,54
14895,18339,20
14895,18340,43.5
14895,18341,74
14895,18342,58.5
14895,18343,36
14895,18344,15
14895,18345,3
14895,18357,4
14895,18359,5
14895,18361,4
14895,18376,3
14895,18377,14
14895,18378,1
14895,18379,3
14895,18381,19
14895,18382,57
14895,18384,31
14895,18386,3
14895,18388,2
14895,18389,6
14895,18390,6
14895,18391,6
14895,18397,27
14895,18398,45.5
14895,18416,9
14895,18417,11
14895,18425,1
14895,18431,2
14895,18432,8
14895,18443,4
14895,18444,1
14895,18451,3
14895,18452,13
14895,18453,2
14895,18454,5
14895,18455,4
14895,18471,4
14895,18472,42
14895,18473,30
14895,18474,52
14895,18475,26
14895,18490,5
14895,18492,5
14895,18502,2
14895,18504,4
14895,18510,13
14895,18511,31
14895,18512,2
14895,18513,4
14895,18515,7
14895,18516,10
14895,18517,5
14895,18527,8
14895,18528,18
14895,18530,6
14895,18531,11
14895,18532,26.5
14895,18533,13
14895,18534,9.5
14895,18536,9
14895,18547,1
14895,18549,1
14895,18552,11
14895,18553,4
14895,18555,32
14895,18557,102
14895,18558,134
14895,18559,63
14895,18560,14
14895,18561,14.5
14895,18562,24
14895,18563,14
14895,18564,21
14895,18565,11
14895,18568,1
14895,18571,5
14895,18572,3
14895,18576,2
14895,18577,1
14895,18580,2
14895,18581,4
14895,18589,3
14895,18600,7
14895,18601,8
14895,18602,1
14895,18612,13
14895,18613,9
14896,18029,289.5
14896,18030,688
14896,18031,418
14896,18032,371.5
14896,18034,485.5
14896,18035,361.5
14896,18036,544
14896,18037,586.5
14896,18038,296
14896,18039,875.5
14896,18040,110.5
14896,18042,203
14896,18043,186.5
14896,18044,17
14896,18048,153
14896,18049,284.5
14896,18050,42
14896,18052,2
14896,18053,163.5
14896,18054,542
14896,18066,32
14896,18067,134
14896,18068,188.5
14896,18069,148
14896,18070,312.5
14896,18071,30
14896,18072,94
14896,18073,101.5
14896,18074,41
14896,18075,130.5
14896,18076,111
14896,18077,174
14896,18078,398.5
14896,18079,299.5
14896,18080,401
14896,18081,242
14896,18087,105
14896,18088,70.5
14896,18090,37.5
14896,18091,55
14896,18092,68
14896,18093,7
14896,18094,52
14896,18095,39.5
14896,18096,54
14896,18100,8
14896,18101,7
14896,18104,1.5
14896,18110,5
14896,18137,9
14896,18139,7
14896,18140,4
14896,18141,13
14896,18149,12
14896,18150,4
14896,18151,5.5
14896,18160,5
14896,18161,4
14896,18167,12
14896,18168,4
14896,18170,5
14896,18176,15
14896,18177,3
14896,18180,4
14896,18187,20
14896,18188,9
14896,18190,17
14896,18191,15
14896,18193,86.5
14896,18194,32.5
14896,18200,2.5
14896,18201,10
14896,18204,5
14896,18205,14
14896,18210,8
14896,18211,27
14896,18212,66
14896,18213,11
14896,18214,5
14896,18216,5
14896,18217,15
14896,18222,15.5
14896,18223,40
14896,18224,13
14896,18227,1
14896,18228,1
14896,18235,4
14896,18239,14
14896,18240,9
14896,18250,6
14896,18251,1
14896,18252,12
14896,18253,15
14896,18262,3
14896,18263,2
14896,18269,14
14896,18270,9
14896,18275,4
14896,18277,5
14896,18278,20
14896,18280,4
14896,18282,20
14896,18283,55
14896,18284,4
14896,18285,23.5
14896,18286,3
14896,18293,4
14896,18294,9.5
14896,18295,2
14896,18318,3
14896,18319,12.5
14896,18323,6
14896,18324,2
14896,18336,42
14896,18337,87
14896,18338,126.5
14896,18339,98.5
14896,18340,48.5
14896,18341,188
14896,18342,222.5
14896,18343,2
14896,18344,74.5
14896,18345,14.5
14896,18353,2
14896,18354,8.5
14896,18364,2
14896,18366,6
14896,18376,5
14896,18380,6
14896,18381,95
14896,18382,29.5
14896,18383,2
14896,18390,3
14896,18391,7
14896,18396,1
14896,18397,6
14896,18401,3
14896,18416,2
14896,18418,4
14896,18425,2
14896,18432,3
14896,18438,4
14896,18439,4
14896,18452,25
14896,18453,8
14896,18454,3
14896,18490,4
14896,18491,1
14896,18493,12
14896,18511,7
14896,18515,4
14896,18516,1
14896,18517,2
14896,18527,10
14896,18528,11
14896,18529,39
14896,18530,15
14896,18531,4
14896,18534,1
14896,18535,3
14896,18536,2
14896,18537,3
14896,18539,6
14896,18540,3
14896,18541,8
14896,18542,3
14896,18543,1
14896,18545,5
14896,18546,6
14896,18547,5
14896,18548,11.5
14896,18549,23.5
14896,18550,8
14896,18551,4
14896,18552,19
14896,18553,46
14896,18554,45
14896,18555,51
14896,18557,29
14896,18558,146
14896,18559,120
14896,18560,3
14896,18561,11
14896,18562,3.5
14896,18563,1.5
14896,18567,9
14896,18580,5
14896,18583,4
14896,18595,1
14896,18600,8
14896,18611,1
14896,18612,22
14896,18613,7
14896,18614,2
14897,18029,250.5
14897,18030,844
14897,18031,62.5
14897,18032,557.5
14897,18033,274
14897,18034,353.5
14897,18035,722.5
14897,18036,459
14897,18037,918
14897,18038,458
14897,18039,594
14897,18040,338.5
14897,18041,157.5
14897,18042,821
14897,18043,795
14897,18044,342.5
14897,18045,142
14897,18046,185
14897,18047,14
14897,18048,1056
14897,18049,203
14897,18050,212.5
14897,18051,370.5
14897,18052,312.5
14897,18053,115
14897,18054,124
14897,18055,56
14897,18056,47.5
14897,18057,226.5
14897,18058,266
14897,18059,67
14897,18060,354.5
14897,18061,28
14897,18062,2
14897,18066,24
14897,18067,101
14897,18068,188
14897,18069,94
14897,18070,194.5
14897,18071,299.5
14897,18072,114.5
14897,18073,21
14897,18074,139
14897,18075,95
14897,18077,162
14897,18078,197.5
14897,18079,25
14897,18080,212.5
14897,18081,160.5
14897,18088,7
14897,18091,1
14897,18092,25
14897,18093,1
14897,18094,1
14897,18095,22.5
14897,18096,77.5
14897,18097,19
14897,18098,15
14897,18110,4
14897,18112,4
14897,18113,3
14897,18134,6
14897,18140,6
14897,18141,43.5
14897,18142,4
14897,18143,22
14897,18167,6
14897,18168,5
14897,18173,9
14897,18174,3
14897,18175,16
14897,18176,51.5
14897,18177,28
14897,18186,20
14897,18187,32
14897,18189,4
14897,18190,9.5
14897,18191,1
14897,18192,4
14897,18193,188
14897,18194,29
14897,18205,5
14897,18206,22
14897,18207,6
14897,18210,36.5
14897,18211,62.5
14897,18212,41
14897,18213,41.5
14897,18214,35
14897,18215,43
14897,18216,16
14897,18223,1
14897,18225,4
14897,18237,1
14897,18239,12
14897,18249,2
14897,18250,13
14897,18251,29
14897,18252,11
14897,18270,2
14897,18275,4
14897,18278,15
14897,18279,33
14897,18280,16
14897,18281,29
14897,18282,5
14897,18283,35
14897,18285,20
14897,18286,23.5
14897,18287,3
14897,18292,7
14897,18293,9
14897,18294,6
14897,18295,7
14897,18299,1
14897,18300,1
14897,18311,2
14897,18313,1
14897,18317,4
14897,18318,91.5
14897,18319,28
14897,18320,26
14897,18321,7
14897,18324,3
14897,18331,5
14897,18334,2
14897,18335,9.5
14897,18336,93
14897,18337,139.5
14897,18338,99.5
14897,18339,98
14897,18340,37
14897,18341,145.5
14897,18342,245.5
14897,18343,4
14897,18344,41
14897,18345,9
14897,18358,2
14897,18359,11
14897,18360,2
14897,18381,24
14897,18382,5
14897,18383,2
14897,18391,8
14897,18400,1
14897,18401,8
14897,18404,5
14897,18417,13
14897,18418,7
14897,18424,2
14897,18425,10
14897,18432,7
14897,18445,5
14897,18446,4
14897,18451,2
14897,18452,15
14897,18453,20
14897,18466,8
14897,18488,13
14897,18489,30
14897,18490,14
14897,18491,24
14897,18492,32
14897,18493,9
14897,18494,8
14897,18502,4
14897,18503,4
14897,18504,2
14897,18510,1
14897,18511,3
14897,18516,2
14897,18527,3
14897,18528,2
14897,18531,13
14897,18538,13
14897,18539,4
14897,18540,12
14897,18541,2
14897,18545,4
14897,18548,17
14897,18549,30
14897,18550,12
14897,18551,28
14897,18552,22
14897,18553,52
14897,18554,89.5
14897,18555,107
14897,18556,91
14897,18557,143
14897,18558,148
14897,18559,29
14897,18562,2
14897,18567,7
14897,18572,2
14897,18577,3
14897,18588,3
14897,18592,3
14897,18610,2
14897,18611,4
14897,18612,1
14897,18617,1
14898,18028,78
14898,18029,495
14898,18030,475
14898,18031,465.5
14898,18032,698.5
14898,18033,418.5
14898,18034,436
14898,18035,578.5
14898,18036,518.5
14898,18037,644.5
14898,18038,509.5
14898,18039,401
14898,18040,513.5
14898,18041,380
14898,18042,894.5
14898,18043,554.5
14898,18044,578.5
14898,18045,503.5
14898,18046,421.5
14898,18047,522
14898,18048,289
14898,18049,388
14898,18050,458
14898,18051,309.5
14898,18052,273
14898,18053,309
14898,18054,125
14898,18055,173
14898,18056,146.5
14898,18057,563
14898,18058,438.5
14898,18059,776
14898,18060,23
14898,18061,127
14898,18062,97
14898,18063,2
14898,18064,4
14898,18066,211
14898,18067,195
14898,18068,368
14898,18069,242.5
14898,18070,230
14898,18071,76.5
14898,18072,6
14898,18073,59.5
14898,18074,40.5
14898,18077,107
14898,18078,277
14898,18079,113
14898,18080,29.5
14898,18081,58
14898,18096,4
14898,18111,14.5
14898,18112,5
14898,18113,3
14898,18115,12
14898,18116,11
14898,18118,2
14898,18119,1
14898,18126,18
14898,18127,94
14898,18128,5
14898,18129,12
14898,18130,7
14898,18133,2
14898,18134,12
14898,18141,2
14898,18142,10
14898,18143,2
14898,18160,1
14898,18168,6.5
14898,18169,12
14898,18170,15
14898,18171,18
14898,18172,18
14898,18173,58
14898,18174,35
14898,18175,59
14898,18176,62
14898,18177,18.5
14898,18182,2
14898,18183,4
14898,18184,2
14898,18185,34.5
14898,18186,74
14898,18189,2
14898,18190,2
14898,18194,25
14898,18195,38
14898,18196,2
14898,18207,1
14898,18210,15
14898,18211,15
14898,18212,9
14898,18213,9
14898,18214,24
14898,18215,7
14898,18221,4
14898,18222,9
14898,18224,2
14898,18225,6
14898,18226,6
14898,18235,3
14898,18237,2
14898,18251,19
14898,18263,2
14898,18264,4
14898,18265,6
14898,18269,4
14898,18270,6
14898,18271,1
14898,18274,4
14898,18275,3
14898,18282,4
14898,18285,4
14898,18286,1
14898,18291,3
14898,18292,28
14898,18293,10
14898,18298,3
14898,18299,7
14898,18300,3
14898,18308,18
14898,18309,66
14898,18310,13
14898,18311,29
14898,18312,23.5
14898,18313,6
14898,18318,13
14898,18319,3
14898,18320,14
14898,18334,9.5
14898,18335,27
14898,18336,138
14898,18337,190.5
14898,18338,145
14898,18339,133.5
14898,18340,43
14898,18341,90
14898,18342,195
14898,18343,29
14898,18350,1
14898,18359,16
14898,18360,2
14898,18364,1
14898,18365,2
14898,18381,2
14898,18382,14
14898,18383,5
14898,18384,3
14898,18386,5
14898,18391,7.5
14898,18392,9
14898,18400,8
14898,18401,2
14898,18411,18
14898,18413,6
14898,18414,26
14898,18415,2
14898,18416,12
14898,18417,12
14898,18418,29
14898,18423,4
14898,18425,13
14898,18445,57
14898,18446,2
14898,18452,24
14898,18453,4
14898,18464,1
14898,18465,23
14898,18480,2
14898,18489,10
14898,18490,19
14898,18491,14
14898,18502,4
14898,18503,2
14898,18516,10
14898,18529,1
14898,18531,2
14898,18535,6
14898,18538,13.5
14898,18539,4
14898,18540,14
14898,18541,5
14898,18543,3
14898,18544,1
14898,18548,13.5
14898,18549,21
14898,18551,28
14898,18552,42
14898,18553,67
14898,18554,106
14898,18555,48.5
14898,18556,137.5
14898,18557,91.5
14898,18558,68
14898,18559,53.5
14898,18560,40
14898,18572,5
14898,18588,3
14898,18597,1
14898,18598,2
14898,18611,21
14898,18612,13
14898,18617,4
14899,18028,360
14899,18029,610.5
14899,18030,439.5
14899,18031,280
14899,18032,278
14899,18033,374
14899,18034,384.5
14899,18035,67
14899,18036,272
14899,18037,384.5
14899,18038,385.5
14899,18039,473
14899,18040,440.5
14899,18041,368
14899,18042,394.5
14899,18043,438
14899,18044,561.5
14899,18045,390
14899,18046,308.5
14899,18047,322.5
14899,18048,443.5
14899,18049,265
14899,18050,250
14899,18051,168
14899,18052,169
14899,18053,174
14899,18054,36
14899,18055,64
14899,18056,39
14899,18057,76
14899,18058,37
14899,18060,22
14899,18061,705
14899,18062,130.5
14899,18063,277
14899,18064,68
14899,18065,153
14899,18066,403
14899,18067,451.5
14899,18068,374
14899,18069,256.5
14899,18070,14
14899,18071,88.5
14899,18072,17
14899,18078,42
14899,18079,210.5
14899,18080,53.5
14899,18081,37
14899,18088,2
14899,18089,22
14899,18092,13.5
14899,18093,6
14899,18094,5
14899,18110,20
14899,18111,24
14899,18112,21
14899,18115,9
14899,18118,1
14899,18119,4
14899,18126,16
14899,18127,62
14899,18128,102
14899,18129,21
14899,18130,2
14899,18134,5
14899,18135,5
14899,18147,4
14899,18163,15
14899,18164,2
14899,18165,4
14899,18166,14
14899,18167,17
14899,18168,15
14899,18169,50
14899,18170,19.5
14899,18171,21
14899,18172,10
14899,18173,16
14899,18174,3
14899,18175,28
14899,18176,8
14899,18183,27
14899,18184,46.5
14899,18185,85
14899,18186,27
14899,18193,5
14899,18194,5
14899,18195,24
14899,18196,63.5
14899,18197,49
14899,18198,2
14899,18207,21.5
14899,18208,4
14899,18209,18
14899,18213,4
14899,18214,6
14899,18216,39
14899,18223,2
14899,18224,14
14899,18225,16
14899,18226,4
14899,18228,5
14899,18230,2
14899,18231,2
14899,18251,6
14899,18254,2
14899,18255,2
14899,18261,4
14899,18262,2
14899,18264,6
14899,18265,4
14899,18266,2
14899,18274,6
14899,18285,5
14899,18291,4
14899,18292,43
14899,18293,11
14899,18295,4
14899,18296,15
14899,18300,6
14899,18307,2
14899,18308,4
14899,18309,11
14899,18310,39
14899,18311,82
14899,18312,12
14899,18315,14
14899,18316,8
14899,18318,2
14899,18335,77
14899,18336,164
14899,18337,234
14899,18338,157.5
14899,18339,70
14899,18340,43
14899,18341,153
14899,18342,127
14899,18343,5
14899,18352,4
14899,18364,4
14899,18365,3
14899,18372,9
14899,18373,5
14899,18382,27
14899,18383,12
14899,18392,13
14899,18400,8
14899,18401,8
14899,18410,2
14899,18411,16
14899,18413,11
14899,18414,15.5
14899,18415,19
14899,18445,20
14899,18446,21
14899,18464,26
14899,18465,10
14899,18466,2
14899,18481,4
14899,18485,6
14899,18488,3
14899,18489,4
14899,18502,2
14899,18504,7
14899,18505,2
14899,18506,6
14899,18507,3
14899,18516,4
14899,18517,2
14899,18534,1
14899,18535,2
14899,18538,10
14899,18539,11
14899,18540,18.5
14899,18543,7
14899,18549,1
14899,18551,14
14899,18552,22
14899,18553,101
14899,18554,35
14899,18555,34.5
14899,18557,62
14899,18558,24
14899,18559,1
14899,18560,23
14899,18562,3
14899,18565,3
14899,18574,2
14899,18584,4
14899,18592,1
14899,18599,2
14899,18611,37
14899,18617,2
14899,18618,2.5
14900,18027,33
14900,18028,460
14900,18029,390
14900,18030,209
14900,18031,229.5
14900,18032,162.5
14900,18033,113
14900,18034,134
14900,18035,43
14900,18036,189.5
14900,18037,203.5
14900,18038,407.5
14900,18039,83
14900,18040,141
14900,18041,471
14900,18042,106
14900,18043,275.5
14900,18044,318
14900,18045,240
14900,18046,153
14900,18047,322.5
14900,18048,203.5
14900,18049,239.5
14900,18050,480.5
14900,18051,155.5
14900,18052,152
14900,18053,140.5
14900,18054,153
14900,18055,222.5
14900,18056,224
14900,18057,175
14900,18058,57
14900,18059,149
14900,18061,555.5
14900,18062,474.5
14900,18063,151.5
14900,18064,115
14900,18066,28
14900,18067,49.5
14900,18068,223.5
14900,18069,274.5
14900,18071,3.5
14900,18072,1
14900,18078,4
14900,18079,4
14900,18080,118
14900,18081,10
14900,18082,2
14900,18088,17
14900,18089,182
14900,18090,165
14900,18091,73
14900,18092,78
14900,18093,111
14900,18094,18
14900,18099,8
14900,18100,36
14900,18101,16
14900,18102,10
14900,18103,2
14900,18104,4
14900,18105,1
14900,18106,1
14900,18111,19
14900,18112,72
14900,18113,83.5
14900,18114,45
14900,18115,93
14900,18126,9.5
14900,18127,3
14900,18128,57
14900,18130,4
14900,18132,11
14900,18133,1
14900,18134,1
14900,18140,39.5
14900,18141,110.5
14900,18142,77.5
14900,18143,68.5
14900,18144,3
14900,18146,6
14900,18147,69
14900,18148,15
14900,18149,12
14900,18150,17.5
14900,18151,37.5
14900,18152,38
14900,18153,17
14900,18154,9
14900,18155,11
14900,18157,2
14900,18158,15
14900,18159,17
14900,18160,15
14900,18161,1
14900,18162,6
14900,18163,19
14900,18164,24
14900,18165,9
14900,18166,10
14900,18167,7
14900,18169,5
14900,18171,2
14900,18181,7
14900,18182,70
14900,18183,80
14900,18184,66
14900,18185,23.5
14900,18195,17
14900,18198,6.5
14900,18199,17
14900,18206,1
14900,18208,13.5
14900,18209,19
14900,18210,2
14900,18211,1
14900,18215,5
14900,18216,43
14900,18217,4
14900,18218,4
14900,18227,6
14900,18228,4
14900,18230,1
14900,18231,3
14900,18255,5
14900,18256,4
14900,18260,19
14900,18261,33
14900,18264,6
14900,18269,6
14900,18274,1
14900,18284,2
14900,18285,6
14900,18286,2
14900,18287,1
14900,18292,4
14900,18293,39
14900,18294,26.5
14900,18295,21
14900,18296,3
14900,18300,12
14900,18305,1
14900,18306,6
14900,18307,13
14900,18308,23
14900,18309,14
14900,18310,2
14900,18311,12
14900,18315,5
14900,18316,7
14900,18317,2
14900,18323,26
14900,18327,13
14900,18328,17.5
14900,18329,3
14900,18333,3
14900,18334,58
14900,18335,69.5
14900,18336,96
14900,18337,101
14900,18338,55
14900,18339,56
14900,18340,149
14900,18341,7
14900,18342,12
14900,18351,2
14900,18353,1
14900,18366,3.5
14900,18373,3
14900,18382,2
14900,18383,6
14900,18385,3
14900,18391,1
14900,18392,10
14900,18397,4
14900,18398,4
14900,18399,9
14900,18400,7
14900,18408,4
14900,18409,37
14900,18410,19
14900,18411,8
14900,18415,3
14900,18416,4
14900,18446,2
14900,18450,20
14900,18451,1
14900,18452,2
14900,18464,13
14900,18465,30
14900,18466,6
14900,18467,3
14900,18472,4
14900,18473,13
14900,18478,10
14900,18481,2
14900,18485,3
14900,18488,10
14900,18515,2
14900,18529,4
14900,18530,10
14900,18536,2
14900,18537,2.5
14900,18539,4
14900,18540,8
14900,18541,10
14900,18550,3
14900,18554,42.5
14900,18555,14
14900,18562,20
14900,18563,7
14900,18581,4
14900,18586,2
14900,18608,7
14900,18609,5
14900,18610,5
14900,18611,6
14900,18612,2
14900,18619,6
14901,18027,198
14901,18028,259.5
14901,18029,205.5
14901,18030,362
14901,18031,236
14901,18032,98
14901,18033,225.5
14901,18034,92.5
14901,18035,216
14901,18036,395
14901,18037,282
14901,18038,197
14901,18040,102.5
14901,18041,83
14901,18042,78
14901,18043,48.5
14901,18044,237
14901,18045,295
14901,18046,260.5
14901,18047,221.5
14901,18048,237
14901,18049,477.5
14901,18050,426.5
14901,18051,575.5
14901,18052,93
14901,18053,71
14901,18054,202
14901,18055,108
14901,18056,141
14901,18057,150
14901,18058,139.5
14901,18059,392
14901,18060,955
14901,18061,785.5
14901,18062,224.5
14901,18063,340
14901,18064,95.5
14901,18068,325.5
14901,18075,1
14901,18078,2
14901,18079,95
14901,18080,104.5
14901,18084,16
14901,18085,4
14901,18086,24
14901,18087,9
14901,18089,158.5
14901,18090,113
14901,18091,99
14901,18092,148.5
14901,18093,123.5
14901,18094,8
14901,18101,1
14901,18102,2
14901,18105,2
14901,18106,42
14901,18108,1
14901,18109,5
14901,18110,11
14901,18111,37
14901,18112,56
14901,18113,25
14901,18114,91.5
14901,18115,53
14901,18116,3
14901,18117,4
14901,18120,6
14901,18121,18
14901,18122,16
14901,18123,14
14901,18124,1
14901,18125,2
14901,18127,1
14901,18130,4
14901,18131,3
14901,18132,15
14901,18133,11
14901,18134,15
14901,18135,11
14901,18136,16
14901,18137,13.5
14901,18138,8
14901,18139,35
14901,18140,34
14901,18141,65.5
14901,18142,68
14901,18143,41
14901,18144,30
14901,18145,39
14901,18146,31
14901,18147,33
14901,18148,20.5
14901,18149,20
14901,18150,11
14901,18151,27
14901,18152,22
14901,18153,6
14901,18155,4
14901,18156,4
14901,18157,4
14901,18158,2
14901,18160,1
14901,18166,7
14901,18167,30
14901,18168,11
14901,18169,8
14901,18182,40
14901,18183,20
14901,18184,1
14901,18185,3
14901,18195,23
14901,18196,49
14901,18197,15
14901,18199,24
14901,18200,9
14901,18211,1
14901,18214,4
14901,18215,20
14901,18216,3.5
14901,18217,33
14901,18221,6
14901,18225,3
14901,18226,15
14901,18255,7
14901,18257,10
14901,18258,22
14901,18259,20
14901,18260,5
14901,18269,7
14901,18290,6
14901,18292,23.5
14901,18293,46
14901,18294,2
14901,18295,43
14901,18296,63
14901,18300,4
14901,18301,3
14901,18303,1
14901,18305,9
14901,18313,3
14901,18318,17
14901,18319,2
14901,18320,5
14901,18322,30
14901,18323,38
14901,18324,4
14901,18325,3
14901,18326,24
14901,18327,28
14901,18328,11
14901,18335,2
14901,18336,4
14901,18337,66.5
14901,18338,71
14901,18339,35
14901,18340,18.5
14901,18343,2
14901,18345,4.5
14901,18347,15
14901,18351,3
14901,18365,6
14901,18366,32
14901,18374,2
14901,18385,4
14901,18386,1
14901,18387,2
14901,18396,3
14901,18397,9
14901,18405,2
14901,18409,10
14901,18410,29
14901,18411,2
14901,18448,5
14901,18450,2
14901,18451,15
14901,18452,16
14901,18464,10.5
14901,18465,39
14901,18466,2
14901,18473,12
14901,18474,6
14901,18478,1
14901,18480,44
14901,18481,22
14901,18484,2
14901,18486,1
14901,18508,2
14901,18514,4
14901,18515,8
14901,18516,4
14901,18517,5
14901,18518,13
14901,18519,3
14901,18530,4
14901,18536,5
14901,18537,9
14901,18538,2
14901,18540,10
14901,18553,1
14901,18554,32
14901,18555,11
14901,18556,6
14901,18562,2
14901,18563,10
14901,18565,5
14901,18575,3
14901,18576,2
14901,18582,1
14901,18594,3
14901,18602,6
14901,18608,1
14901,18609,2
14902,18025,3
14902,18026,161.5
14902,18027,193
14902,18028,2
14902,18029,12
14902,18030,194.5
14902,18031,321.5
14902,18032,279
14902,18033,190.5
14902,18034,160
14902,18035,398.5
14902,18036,208
14902,18037,343
14902,18038,455.5
14902,18039,280.5
14902,18040,239.5
14902,18041,8
14902,18042,2
14902,18044,135
14902,18045,270.5
14902,18046,253
14902,18047,237
14902,18048,192
14902,18049,271
14902,18050,171
14902,18051,310.5
14902,18052,138.5
14902,18053,126
14902,18054,259
14902,18055,38
14902,18056,185.5
14902,18057,182.5
14902,18058,246.5
14902,18059,715.5
14902,18060,483.5
14902,18061,414.5
14902,18062,127.5
14902,18063,218
14902,18064,28
14902,18066,1
14902,18067,22
14902,18068,203
14902,18074,5
14902,18078,4
14902,18079,24.5
14902,18080,37
14902,18081,14
14902,18082,50
14902,18083,23.5
14902,18084,28
14902,18085,3
14902,18086,11
14902,18088,11
14902,18089,40
14902,18090,52.5
14902,18091,108
14902,18092,72.5
14902,18093,119
14902,18094,37
14902,18095,37.5
14902,18096,19
14902,18099,2
14902,18106,3
14902,18107,9
14902,18108,34
14902,18109,10
14902,18110,19
14902,18111,1
14902,18112,38
14902,18113,63
14902,18114,65
14902,18115,22
14902,18123,2
14902,18124,70
14902,18125,52.5
14902,18126,12
14902,18127,69.5
14902,18128,31
14902,18131,7
14902,18138,5
14902,18141,24
14902,18148,4
14902,18149,4
14902,18154,3
14902,18159,4
14902,18166,19.5
14902,18167,38.5
14902,18168,12
14902,18178,2
14902,18182,9
14902,18183,12
14902,18184,19
14902,18195,9
14902,18196,53.5
14902,18197,51
14902,18215,8.5
14902,18216,24
14902,18217,3.5
14902,18223,2
14902,18226,5
14902,18235,4
14902,18256,8
14902,18257,55
14902,18258,9
14902,18260,2
14902,18262,2
14902,18269,7
14902,18293,40
14902,18294,14
14902,18295,4
14902,18297,32
14902,18298,33
14902,18299,10
14902,18302,5
14902,18303,6
14902,18304,3
14902,18309,7
14902,18310,5
14902,18313,3
14902,18314,5
14902,18317,3
14902,18318,4
14902,18321,5
14902,18322,6
14902,18323,14
14902,18324,3
14902,18325,41.5
14902,18326,15
14902,18327,7
14902,18328,2
14902,18337,10
14902,18338,109
14902,18339,197
14902,18343,56.5
14902,18345,7
14902,18346,36
14902,18347,4
14902,18358,5
14902,18366,31
14902,18367,31
14902,18374,2
14902,18385,1
14902,18388,6.5
14902,18389,4
14902,18396,7
14902,18397,15
14902,18408,27
14902,18409,38
14902,18410,8
14902,18411,4
14902,18412,7
14902,18413,2
14902,18447,1
14902,18451,3
14902,18452,20
14902,18461,2
14902,18462,13
14902,18463,27
14902,18464,10
14902,18465,9
14902,18466,5
14902,18472,6
14902,18473,12
14902,18474,26
14902,18479,7
14902,18480,19
14902,18481,14
14902,18482,13
14902,18483,6
14902,18484,7
14902,18485,1
14902,18495,5
14902,18500,2
14902,18502,4
14902,18504,6
14902,18505,3
14902,18516,9
14902,18517,2
14902,18518,2
14902,18527,1
14902,18528,10
14902,18529,1
14902,18532,4
14902,18537,5
14902,18538,4
14902,18540,13
14902,18553,2
14902,18579,3
14902,18581,3
14902,18583,1
14902,18586,2
14902,18587,2
14902,18593,1
14902,18594,1
14902,18605,2
14903,18023,20
14903,18024,50.5
14903,18025,118
14903,18026,247.5
14903,18027,107
14903,18030,116
14903,18031,366.5
14903,18032,147
14903,18033,208
14903,18034,345
14903,18035,318
14903,18036,271
14903,18037,247
14903,18038,344.5
14903,18039,117
14903,18040,432.5
14903,18041,239.5
14903,18042,356.5
14903,18043,146
14903,18044,57
14903,18045,209.5
14903,18046,196.5
14903,18047,194.5
14903,18048,135
14903,18049,178.5
14903,18050,218.5
14903,18051,459
14903,18052,40
14903,18053,160.5
14903,18054,145.5
14903,18055,172
14903,18056,145.5
14903,18057,152
14903,18058,310
14903,18059,825
14903,18061,1
14903,18062,73.5
14903,18063,162
14903,18064,16
14903,18065,36
14903,18066,32
14903,18067,93
14903,18068,96
14903,18069,6
14903,18072,2
14903,18073,1
14903,18079,7
14903,18081,10
14903,18082,24.5
14903,18083,32
14903,18084,43.5
14903,18085,34
14903,18086,15
14903,18088,11
14903,18089,3
14903,18090,38
14903,18092,24
14903,18093,14
14903,18094,10
14903,18095,22
14903,18097,3
14903,18109,2
14903,18110,1
14903,18111,5
14903,18112,1
14903,18113,64
14903,18114,37
14903,18115,13
14903,18123,15
14903,18124,127.5
14903,18125,216.5
14903,18126,83
14903,18127,149
14903,18128,137.5
14903,18130,15
14903,18131,2
14903,18142,10
14903,18143,2
14903,18154,4
14903,18158,48
14903,18159,52.5
14903,18160,15
14903,18161,18
14903,18162,5
14903,18165,3
14903,18166,13
14903,18167,33
14903,18168,8
14903,18180,1
14903,18186,3
14903,18194,22
14903,18195,25
14903,18196,94.5
14903,18197,38
14903,18198,77.5
14903,18199,22.5
14903,18200,12
14903,18219,12
14903,18220,14
14903,18231,6
14903,18232,11
14903,18234,15
14903,18238,2
14903,18256,40
14903,18257,73
14903,18262,4
14903,18263,2
14903,18273,2
14903,18291,24
14903,18293,2
14903,18295,7
14903,18296,74
14903,18297,60
14903,18298,83.5
14903,18299,12
14903,18310,10
14903,18313,17
14903,18325,5
14903,18326,7
14903,18327,1
14903,18337,2
14903,18338,53
14903,18339,54.5
14903,18343,43
14903,18344,24
14903,18355,5
14903,18356,5
14903,18357,2
14903,18358,15
14903,18366,12
14903,18367,28
14903,18368,10
14903,18371,1
14903,18380,5
14903,18388,22
14903,18389,21
14903,18390,3
14903,18394,2
14903,18397,2
14903,18398,13
14903,18399,23.5
14903,18400,16
14903,18401,5.5
14903,18404,2
14903,18405,2
14903,18406,7
14903,18407,1
14903,18408,2
14903,18409,38
14903,18410,17
14903,18413,27
14903,18414,3
14903,18453,10
14903,18462,40
14903,18463,34
14903,18464,15
14903,18465,8
14903,18466,16
14903,18473,6
14903,18474,21
14903,18475,3
14903,18478,1
14903,18479,35
14903,18480,24
14903,18481,5
14903,18495,3
14903,18496,10
14903,18500,6
14903,18501,6
14903,18502,3
14903,18503,3
14903,18504,8
14903,18505,2
14903,18527,3
14903,18528,3
14903,18529,4
14903,18530,5
14903,18531,3
14903,18536,2
14903,18538,1
14903,18540,4
14903,18553,2
14903,18554,7
14903,18555,18
14903,18556,3
14903,18558,4
14903,18559,2
14903,18565,2
14903,18567,5
14903,18582,3
14903,18587,3
14903,18592,5
14903,18604,7
14903,18608,1
14903,18618,1
14904,18022,31.5
14904,18023,50
14904,18024,61
14904,18025,172
14904,18026,183.5
14904,18027,278.5
14904,18028,8
14904,18029,83
14904,18030,101
14904,18031,143.5
14904,18032,328
14904,18033,332
14904,18034,296
14904,18035,283
14904,18036,262.5
14904,18037,273.5
14904,18038,199.5
14904,18039,166
14904,18040,497
14904,18041,319.5
14904,18042,235.5
14904,18043,192.5
14904,18044,214.5
14904,18045,124
14904,18046,67
14904,18047,150
14904,18048,198.5
14904,18049,220.5
14904,18050,228.5
14904,18051,210
14904,18052,167.5
14904,18053,408.5
14904,18054,139
14904,18055,173
14904,18056,218
14904,18057,150
14904,18058,630
14904,18059,455
14904,18060,6
14904,18062,96
14904,18063,162.5
14904,18065,33
14904,18066,24
14904,18067,111.5
14904,18068,94
14904,18069,42
14904,18070,13
14904,18081,28
14904,18086,5
14904,18089,2
14904,18090,11
14904,18091,8
14904,18097,8
14904,18098,7
14904,18105,4
14904,18106,3
14904,18113,4
14904,18114,7
14904,18122,10
14904,18123,54
14904,18124,78.5
14904,18125,376.5
14904,18126,102.5
14904,18127,115.5
14904,18128,95.5
14904,18130,4
14904,18132,7
14904,18142,3
14904,18157,13
14904,18158,89
14904,18159,58
14904,18160,71
14904,18161,16
14904,18162,4
14904,18165,3
14904,18168,26
14904,18169,21
14904,18170,25
14904,18171,15
14904,18176,2
14904,18177,3
14904,18179,5
14904,18194,10
14904,18195,34.5
14904,18196,15
14904,18198,57.5
14904,18199,73
14904,18200,30
14904,18214,4
14904,18218,7
14904,18219,3
14904,18220,9
14904,18226,6
14904,18227,18
14904,18228,14
14904,18230,11
14904,18231,2
14904,18235,3
14904,18256,37
14904,18257,68
14904,18258,10
14904,18260,3
14904,18263,2
14904,18266,2
14904,18273,1
14904,18274,2
14904,18291,14
14904,18293,4
14904,18295,7
14904,18297,33
14904,18298,131
14904,18299,43.5
14904,18310,13
14904,18314,3
14904,18321,3
14904,18323,3
14904,18325,2
14904,18338,10
14904,18339,101
14904,18344,16
14904,18355,15
14904,18356,4
14904,18358,8
14904,18359,4
14904,18365,5
14904,18371,3
14904,18373,14
14904,18380,1
14904,18382,3
14904,18399,16
14904,18405,4
14904,18406,3
14904,18409,2
14904,18410,6.5
14904,18429,14
14904,18460,2
14904,18461,14
14904,18462,33
14904,18463,20
14904,18467,2
14904,18474,4
14904,18476,11
14904,18479,22
14904,18480,44.5
14904,18481,2
14904,18496,7
14904,18503,4
14904,18504,10
14904,18510,2
14904,18531,4
14904,18533,2
14904,18536,10
14904,18551,48
14904,18552,20
14904,18553,12
14904,18554,24
14904,18555,18
14904,18558,2
14904,18559,2
14904,18572,2
14904,18583,4
14904,18587,3
14904,18591,2
14905,18021,68
14905,18022,85
14905,18023,174.5
14905,18024,262.5
14905,18025,42
14905,18026,333.5
14905,18027,168.5
14905,18028,133.5
14905,18029,172.5
14905,18030,200
14905,18031,301
14905,18032,323
14905,18033,268
14905,18034,243.5
14905,18035,156
14905,18036,247
14905,18037,279.5
14905,18038,246
14905,18039,370
14905,18040,152
14905,18041,343
14905,18042,234.5
14905,18043,237.5
14905,18044,201
14905,18045,75
14905,18048,12
14905,18049,36
14905,18050,65
14905,18051,226
14905,18052,173
14905,18053,147
14905,18054,25
14905,18056,2
14905,18057,461
14905,18058,660.5
14905,18059,887
14905,18062,71
14905,18063,152.5
14905,18064,26.5
14905,18067,4
14905,18068,69
14905,18069,136
14905,18070,55
14905,18071,29
14905,18072,2
14905,18079,8
14905,18080,47
14905,18081,29
14905,18089,9
14905,18090,5
14905,18091,58
14905,18092,15
14905,18097,5
14905,18098,13
14905,18102,1
14905,18105,3
14905,18112,5
14905,18113,2
14905,18119,5
14905,18120,2
14905,18121,1
14905,18122,14
14905,18123,131
14905,18124,109.5
14905,18125,210
14905,18126,56
14905,18127,8
14905,18129,7
14905,18130,5
14905,18132,34
14905,18133,12
14905,18135,2
14905,18155,3
14905,18156,15
14905,18157,3
14905,18158,46
14905,18159,97.5
14905,18160,2
14905,18166,5
14905,18169,31
14905,18170,89.5
14905,18171,39
14905,18172,4
14905,18174,4
14905,18175,6.5
14905,18178,4
14905,18196,1
14905,18197,8
14905,18198,64.5
14905,18199,46.5
14905,18214,3
14905,18217,4
14905,18219,1
14905,18222,5
14905,18228,11
14905,18229,37
14905,18230,4
14905,18236,8
14905,18253,4
14905,18256,8
14905,18260,12
14905,18271,3
14905,18279,2
14905,18288,6
14905,18293,23
14905,18294,4
14905,18295,4
14905,18297,26
14905,18298,96
14905,18299,30
14905,18310,4
14905,18323,2
14905,18326,2
14905,18331,7
14905,18333,7
14905,18334,1
14905,18337,2
14905,18338,10
14905,18340,3
14905,18344,4
14905,18348,3
14905,18351,5
14905,18352,17
14905,18358,4
14905,18359,6
14905,18365,4
14905,18366,2
14905,18371,4
14905,18372,17
14905,18373,21
14905,18374,7.5
14905,18378,8
14905,18394,2
14905,18427,4
14905,18428,14
14905,18429,29
14905,18430,10
14905,18441,5
14905,18476,29
14905,18477,37
14905,18479,12
14905,18480,48
14905,18481,19.5
14905,18509,2
14905,18510,4
14905,18532,4
14905,18536,1
14905,18537,2
14905,18551,43
14905,18552,14.5
14905,18553,26
14905,18554,17
14905,18555,26
14905,18557,7
14905,18565,1
14905,18580,2
14905,18590,11
14905,18591,7
14906,18020,30
14906,18021,17
14906,18022,47
14906,18023,356.5
14906,18024,155
14906,18025,214
14906,18026,288
14906,18027,225.5
14906,18028,643
14906,18029,206
14906,18030,294
14906,18031,211
14906,18032,180
14906,18033,203.5
14906,18034,223
14906,18035,200.5
14906,18036,232.5
14906,18037,424
14906,18038,196
14906,18039,159.5
14906,18040,206.5
14906,18041,536
14906,18042,201.5
14906,18043,193
14906,18044,188.5
14906,18045,10
14906,18051,41
14906,18052,137.5
14906,18053,215
14906,18054,12
14906,18055,6
14906,18056,384.5
14906,18057,531.5
14906,18058,597.5
14906,18059,473
14906,18062,86.5
14906,18063,274
14906,18064,15.5
14906,18070,22
14906,18071,198.5
14906,18072,75
14906,18073,6
14906,18074,18.5
14906,18075,8
14906,18077,8
14906,18078,21
14906,18079,27
14906,18080,27
14906,18087,3
14906,18088,26.5
14906,18089,46.5
14906,18090,64.5
14906,18091,66
14906,18092,59
14906,18103,6
14906,18106,3
14906,18107,11
14906,18108,1
14906,18113,23
14906,18114,10
14906,18118,4
14906,18121,9
14906,18122,27
14906,18123,42.5
14906,18124,93
14906,18125,102
14906,18126,103
14906,18127,95.5
14906,18129,4
14906,18130,8
14906,18131,7
14906,18133,13
14906,18134,14.5
14906,18135,15
14906,18136,38.5
14906,18137,15
14906,18138,21
14906,18139,8
14906,18140,22
14906,18141,45
14906,18142,4
14906,18152,27
14906,18153,16
14906,18155,4
14906,18156,4
14906,18165,8
14906,18166,3
14906,18169,14
14906,18170,58.5
14906,18171,4
14906,18203,2
14906,18207,5
14906,18212,3
14906,18213,25
14906,18214,1
14906,18215,22.5
14906,18216,5
14906,18217,15
14906,18218,11
14906,18222,25
14906,18223,10
14906,18224,2
14906,18229,6
14906,18230,13
14906,18253,28
14906,18254,42
14906,18255,5
14906,18256,21.5
14906,18262,4
14906,18270,1
14906,18277,4
14906,18281,5
14906,18294,2
14906,18301,6
14906,18303,10
14906,18305,1
14906,18310,3
14906,18311,6
14906,18322,14
14906,18323,4
14906,18337,2
14906,18338,8
14906,18339,2
14906,18344,4
14906,18345,4
14906,18348,5
14906,18352,10
14906,18353,4
14906,18354,2
14906,18358,12
14906,18359,14
14906,18370,4
14906,18371,48.5
14906,18372,66
14906,18373,64
14906,18374,48.5
14906,18375,7
14906,18378,14
14906,18379,4
14906,18382,5
14906,18388,6.5
14906,18396,3
14906,18398,15
14906,18418,5
14906,18419,4
14906,18420,8
14906,18421,6
14906,18422,12
14906,18426,8
14906,18427,28
14906,18428,10
14906,18429,8.5
14906,18438,4
14906,18439,22
14906,18441,23
14906,18442,2
14906,18448,2
14906,18462,2
14906,18476,2
14906,18479,12
14906,18480,2
14906,18481,8
14906,18488,2
14906,18489,4
14906,18491,6
14906,18508,2
14906,18509,6
14906,18510,1
14906,18532,6
14906,18534,4
14906,18536,4
14906,18537,10
14906,18538,3
14906,18551,6
14906,18552,21.5
14906,18553,49
14906,18554,58
14906,18555,24
14906,18556,21
14906,18557,38
14906,18560,5
14906,18570,2
14906,18578,2
14906,18585,3.5
14906,18589,8
14906,18590,7
14906,18591,9
14906,18592,5
14906,18597,3
14906,18599,4
14906,18612,4
14907,18021,5
14907,18023,137
14907,18024,69
14907,18025,174.5
14907,18026,174
14907,18027,83
14907,18028,323
14907,18029,117
14907,18030,483
14907,18031,184.5
14907,18032,186
14907,18033,221
14907,18034,259
14907,18035,225.5
14907,18036,250.5
14907,18037,166.5
14907,18038,136
14907,18039,256
14907,18040,78
14907,18041,337
14907,18042,242
14907,18043,168
14907,18044,8.5
14907,18051,2
14907,18052,89
14907,18053,143.5
14907,18054,38
14907,18056,362
14907,18057,737
14907,18058,410.5
14907,18059,94
14907,18062,47.5
14907,18063,111.5
14907,18065,8
14907,18066,21
14907,18069,1
14907,18071,6
14907,18072,2
14907,18073,7
14907,18074,69.5
14907,18075,62
14907,18076,204.5
14907,18077,54
14907,18078,38.5
14907,18079,71
14907,18080,51
14907,18086,2
14907,18087,72
14907,18088,68.5
14907,18089,39
14907,18090,84.5
14907,18091,66
14907,18092,14
14907,18102,4
14907,18103,1
14907,18106,3
14907,18107,48
14907,18108,35.5
14907,18109,4
14907,18113,2
14907,18117,14
14907,18118,10
14907,18119,2
14907,18120,26
14907,18121,30.5
14907,18122,27
14907,18123,105
14907,18124,46
14907,18125,11
14907,18126,39
14907,18127,26
14907,18128,29
14907,18130,2
14907,18131,7
14907,18132,15
14907,18134,2
14907,18135,10
14907,18136,18
14907,18137,23
14907,18138,5
14907,18139,7
14907,18140,13
14907,18141,32
14907,18142,2
14907,18149,13
14907,18150,13
14907,18151,4
14907,18155,2
14907,18156,25
14907,18159,9
14907,18164,3
14907,18166,8
14907,18167,4
14907,18176,5
14907,18183,5
14907,18185,2
14907,18201,5
14907,18203,9
14907,18204,15
14907,18210,11
14907,18212,14
14907,18213,29
14907,18214,2
14907,18215,2
14907,18216,15
14907,18217,14
14907,18220,25
14907,18221,45
14907,18222,3
14907,18224,4
14907,18225,2
14907,18226,6
14907,18228,4
14907,18229,35
14907,18230,41
14907,18231,4
14907,18234,4
14907,18242,2
14907,18246,7
14907,18247,5
14907,18249,5
14907,18253,3
14907,18255,1
14907,18268,8
14907,18279,4
14907,18280,4
14907,18294,2
14907,18295,14
14907,18300,2
14907,18301,2
14907,18303,2
14907,18305,4
14907,18306,1
14907,18311,4
14907,18320,9
14907,18321,2
14907,18322,7
14907,18323,10
14907,18331,6
14907,18332,5
14907,18345,15
14907,18346,3
14907,18349,5
14907,18353,70.5
14907,18354,24
14907,18358,11.5
14907,18359,4
14907,18361,6.5
14907,18364,2
14907,18370,22
14907,18371,61
14907,18372,14
14907,18373,45.5
14907,18375,1
14907,18377,3
14907,18378,7
14907,18386,16
14907,18387,27.5
14907,18388,31
14907,18389,15
14907,18397,5
14907,18401,1
14907,18402,5
14907,18417,2
14907,18418,11
14907,18419,1
14907,18420,17
14907,18421,16
14907,18422,12
14907,18436,2
14907,18437,12
14907,18438,16
14907,18439,14
14907,18440,27
14907,18441,71
14907,18442,27
14907,18446,4
14907,18447,7
14907,18449,22
14907,18450,8
14907,18452,14
14907,18453,8
14907,18474,1
14907,18476,5
14907,18478,3
14907,18483,1
14907,18490,1
14907,18491,3
14907,18501,7
14907,18537,2
14907,18538,3
14907,18551,3.5
14907,18552,39
14907,18553,62
14907,18554,60
14907,18555,48
14907,18556,3
14907,18557,2
14907,18560,3
14907,18565,5
14907,18566,1
14907,18570,1
14907,18573,2
14907,18574,1
14907,18589,10
14907,18590,3
14907,18592,3
14907,18597,5
14907,18598,2
14907,18599,15
14907,18600,7
14907,18609,3
14907,18610,2
14907,18611,8
14907,18612,7
14907,18613,7.5
14908,18020,1
14908,18021,19
14908,18022,122.5
14908,18023,233.5
14908,18024,111
14908,18025,21
14908,18026,198
14908,18027,534.5
14908,18028,201.5
14908,18029,382.5
14908,18030,278.5
14908,18031,88
14908,18032,124
14908,18033,236.5
14908,18034,205.5
14908,18035,173.5
14908,18036,89
14908,18037,211
14908,18038,295
14908,18039,265.5
14908,18040,190
14908,18041,306
14908,18042,145.5
14908,18043,1
14908,18052,349.5
14908,18053,259.5
14908,18054,45
14908,18055,291
14908,18056,89.5
14908,18057,12
14908,18066,42
14908,18072,5
14908,18073,7
14908,18074,10
14908,18075,67
14908,18076,243
14908,18077,15.5
14908,18078,13
14908,18080,7
14908,18081,10
14908,18082,5
14908,18083,16
14908,18084,44
14908,18085,4
14908,18087,84
14908,18088,59.5
14908,18089,11
14908,18090,2
14908,18091,3
14908,18107,32.5
14908,18108,66
14908,18109,28
14908,18111,6
14908,18112,19
14908,18113,4
14908,18120,8
14908,18121,26
14908,18122,5
14908,18123,35
14908,18124,13
14908,18125,5
14908,18128,2
14908,18129,11
14908,18131,9
14908,18141,5
14908,18142,1
14908,18143,7
14908,18144,13
14908,18145,12
14908,18146,30
14908,18147,14.5
14908,18149,19
14908,18150,5
14908,18155,5
14908,18156,2
14908,18158,1
14908,18159,18
14908,18163,2
14908,18164,7
14908,18167,23
14908,18169,5
14908,18172,7.5
14908,18182,1
14908,18194,5
14908,18195,1
14908,18196,2
14908,18197,2
14908,18201,7
14908,18204,1.5
14908,18209,8
14908,18210,2
14908,18212,99
14908,18213,28.5
14908,18219,12
14908,18220,23
14908,18221,2
14908,18224,15
14908,18226,8.5
14908,18229,24
14908,18230,6
14908,18231,2
14908,18232,4
14908,18233,4
14908,18250,16
14908,18252,5
14908,18255,2
14908,18256,1
14908,18259,1
14908,18263,9
14908,18264,3
14908,18268,1
14908,18273,10
14908,18280,1
14908,18287,8
14908,18288,6
14908,18295,4
14908,18297,5
14908,18301,1
14908,18305,2
14908,18306,8
14908,18308,1
14908,18310,9
14908,18318,5
14908,18320,6
14908,18339,4
14908,18342,1
14908,18343,2.5
14908,18346,11
14908,18347,8
14908,18349,5
14908,18352,15
14908,18353,60
14908,18354,64
14908,18355,20.5
14908,18356,4
14908,18357,6
14908,18361,4
14908,18364,2
14908,18365,5
14908,18370,20
14908,18371,9
14908,18372,26
14908,18373,36
14908,18382,3
14908,18383,9
14908,18386,26
14908,18388,23
14908,18389,8
14908,18399,45
14908,18400,88
14908,18401,63
14908,18402,33
14908,18419,2
14908,18420,1
14908,18422,4
14908,18430,2
14908,18435,4
14908,18436,5
14908,18438,10
14908,18439,1
14908,18440,21
14908,18441,68
14908,18442,26.5
14908,18447,8
14908,18448,6
14908,18449,33
14908,18450,49.5
14908,18451,33.5
14908,18452,13
14908,18460,5
14908,18461,4
14908,18462,26
14908,18473,2
14908,18476,4
14908,18483,2
14908,18495,5
14908,18496,8
14908,18499,4
14908,18500,7
14908,18501,30
14908,18502,3
14908,18536,9
14908,18550,1
14908,18553,19
14908,18554,24
14908,18555,21
14908,18566,4
14908,18569,9
14908,18574,15
14908,18576,2
14908,18578,4
14908,18581,1
14908,18583,1
14908,18586,4
14908,18599,29
14908,18600,21
14908,18609,2
14908,18610,4
14908,18611,1
14908,18613,10
14908,18614,1
14909,18020,18
14909,18021,114.5
14909,18022,112
14909,18023,154
14909,18024,179
14909,18025,39
14909,18026,227
14909,18027,128.5
14909,18028,69
14909,18029,478.5
14909,18030,108
14909,18031,279.5
14909,18032,263
14909,18033,200
14909,18034,192
14909,18035,214.5
14909,18036,287
14909,18037,580.5
14909,18038,466
14909,18039,351
14909,18040,79
14909,18041,104
14909,18042,124
14909,18043,23
14909,18051,2
14909,18053,296.5
14909,18054,160.5
14909,18055,374.5
14909,18056,159.5
14909,18058,5
14909,18066,2
14909,18082,3
14909,18084,23
14909,18085,11
14909,18086,26
14909,18087,1
14909,18088,23
14909,18094,3
14909,18097,2
14909,18099,18
14909,18107,16
14909,18108,12
14909,18111,4
14909,18112,13
14909,18113,4
14909,18114,2
14909,18115,2
14909,18123,8
14909,18131,12
14909,18146,28
14909,18147,55.5
14909,18155,25.5
14909,18156,3
14909,18159,24
14909,18160,8
14909,18164,6
14909,18167,13
14909,18168,20.5
14909,18170,3
14909,18174,11
14909,18189,1
14909,18190,5
14909,18197,5
14909,18203,2
14909,18209,12
14909,18210,10
14909,18211,23
14909,18212,88.5
14909,18218,9
14909,18219,17
14909,18223,6
14909,18224,20
14909,18225,6
14909,18228,5
14909,18229,28
14909,18232,7
14909,18236,11
14909,18237,6
14909,18250,9
14909,18251,11
14909,18252,4
14909,18255,5
14909,18256,21
14909,18257,3
14909,18258,8
14909,18259,3
14909,18263,2
14909,18264,2
14909,18268,5
14909,18272,11
14909,18273,15
14909,18274,6
14909,18277,3
14909,18282,8
14909,18283,2
14909,18287,4
14909,18292,11
14909,18293,7
14909,18297,1
14909,18298,4
14909,18308,2
14909,18311,5
14909,18318,2
14909,18329,6
14909,18339,2
14909,18341,4.5
14909,18345,2
14909,18346,2
14909,18347,6
14909,18348,86
14909,18350,3
14909,18353,1
14909,18356,4
14909,18357,4
14909,18360,29
14909,18361,36
14909,18364,1
14909,18381,2
14909,18382,12
14909,18383,19
14909,18388,5.5
14909,18389,1
14909,18398,2
14909,18399,72
14909,18400,86
14909,18401,31
14909,18402,20
14909,18403,16
14909,18404,6
14909,18413,3
14909,18414,3
14909,18431,2
14909,18436,5
14909,18440,33
14909,18441,2
14909,18448,1
14909,18449,19
14909,18450,24
14909,18451,31
14909,18452,10
14909,18453,2
14909,18460,17
14909,18461,32
14909,18462,36
14909,18464,7
14909,18494,22
14909,18495,20
14909,18496,31
14909,18497,36
14909,18498,25
14909,18499,13
14909,18500,40
14909,18501,39
14909,18506,1
14909,18516,4
14909,18517,2
14909,18521,7
14909,18522,2
14909,18551,5
14909,18552,4
14909,18553,29.5
14909,18554,9.5
14909,18555,5
14909,18556,7
14909,18557,1
14909,18558,3
14909,18559,4
14909,18567,13
14909,18568,1
14909,18573,2
14909,18576,2
14909,18577,4
14909,18584,1
14909,18585,7
14909,18600,10
14909,18615,5
14910,18020,2
14910,18021,124
14910,18022,182.5
14910,18023,180
14910,18024,174
14910,18025,118.5
14910,18026,103
14910,18027,170
14910,18028,528.5
14910,18029,536
14910,18030,471.5
14910,18031,90
14910,18032,134
14910,18033,303.5
14910,18034,120.5
14910,18035,218
14910,18036,207
14910,18037,125.5
14910,18038,147.5
14910,18039,317
14910,18040,523
14910,18041,146
14910,18042,79
14910,18043,80
14910,18044,34.5
14910,18052,31
14910,18053,113
14910,18054,162
14910,18055,55
14910,18056,29
14910,18066,35.5
14910,18067,3
14910,18072,4
14910,18079,3
14910,18080,24
14910,18081,26.5
14910,18082,24.5
14910,18083,13
14910,18084,13
14910,18085,4
14910,18088,6
14910,18089,29
14910,18090,22
14910,18099,12
14910,18112,3
14910,18123,6
14910,18125,3
14910,18130,2
14910,18133,11
14910,18136,2
14910,18146,29
14910,18147,68
14910,18148,4
14910,18149,48
14910,18150,5
14910,18155,11
14910,18156,5
14910,18160,35
14910,18164,14
14910,18169,10
14910,18170,4
14910,18173,17
14910,18179,2
14910,18180,3
14910,18198,3
14910,18199,1
14910,18206,7
14910,18207,4
14910,18208,10
14910,18210,1
14910,18211,2
14910,18212,9
14910,18218,6
14910,18223,13
14910,18224,9
14910,18227,32
14910,18229,18
14910,18230,6
14910,18238,2
14910,18247,3
14910,18248,1
14910,18249,2
14910,18251,6
14910,18254,1
14910,18255,11
14910,18256,62.5
14910,18257,65
14910,18263,3
14910,18264,7
14910,18269,2
14910,18271,5
14910,18273,15
14910,18282,21
14910,18283,5
14910,18295,1
14910,18299,2
14910,18304,4
14910,18305,1
14910,18306,1
14910,18310,2
14910,18326,15
14910,18327,1
14910,18330,2
14910,18331,2
14910,18340,2
14910,18348,13
14910,18349,5
14910,18350,4
14910,18355,1
14910,18356,1
14910,18361,2
14910,18364,4
14910,18365,6
14910,18366,4
14910,18383,6
14910,18386,6
14910,18395,2
14910,18398,10
14910,18399,4
14910,18400,22
14910,18401,71
14910,18402,4
14910,18403,93.5
14910,18404,73
14910,18405,4
14910,18406,5
14910,18413,11
14910,18414,20
14910,18415,11
14910,18416,8
14910,18417,20
14910,18435,3
14910,18439,4
14910,18440,33
14910,18450,16
14910,18451,7
14910,18452,43
14910,18459,4
14910,18460,16
14910,18461,18
14910,18462,12
14910,18463,2
14910,18485,9
14910,18497,24
14910,18498,4
14910,18500,12
14910,18506,2
14910,18507,5
14910,18517,4
14910,18520,4
14910,18521,11
14910,18535,8
14910,18537,1
14910,18552,12
14910,18553,28
14910,18557,14
14910,18558,1.5
14910,18559,7
14910,18560,4
14910,18568,8
14910,18574,2
14910,18581,2
14910,18583,5
14910,18585,4
14910,18596,7
14910,18598,2
14910,18601,2
14911,18021,112
14911,18022,203.5
14911,18023,136
14911,18024,136
14911,18025,178.5
14911,18026,140.5
14911,18027,137.5
14911,18028,759.5
14911,18029,172
14911,18030,62
14911,18031,163
14911,18032,255.5
14911,18033,448.5
14911,18034,223.5
14911,18035,120
14911,18036,9
14911,18037,235
14911,18038,577
14911,18039,177.5
14911,18040,183
14911,18041,308.5
14911,18042,241.5
14911,18043,374.5
14911,18044,160.5
14911,18048,3
14911,18049,1
14911,18052,10
14911,18053,60
14911,18054,20
14911,18063,5
14911,18066,55.5
14911,18067,10
14911,18075,37
14911,18076,4
14911,18080,56
14911,18081,65
14911,18082,73
14911,18083,78
14911,18084,34
14911,18085,15
14911,18086,4
14911,18088,46
14911,18089,13
14911,18090,10
14911,18091,5.5
14911,18101,5
14911,18105,5
14911,18106,5.5
14911,18109,62
14911,18110,42
14911,18111,47.5
14911,18112,3
14911,18113,5
14911,18120,5
14911,18121,4
14911,18122,2
14911,18124,33.5
14911,18133,8
14911,18134,3
14911,18135,14
14911,18136,14
14911,18138,4
14911,18139,2
14911,18144,22
14911,18145,37
14911,18146,16
14911,18147,51
14911,18148,35
14911,18149,38
14911,18150,4
14911,18155,7
14911,18156,12
14911,18159,13
14911,18160,41
14911,18162,2
14911,18165,5
14911,18169,19
14911,18170,2
14911,18171,1
14911,18172,4
14911,18173,82
14911,18175,55
14911,18180,7
14911,18181,15
14911,18193,4
14911,18195,5
14911,18199,2
14911,18203,6
14911,18208,8
14911,18213,2
14911,18218,23
14911,18222,18
14911,18223,44
14911,18224,8
14911,18227,14
14911,18228,38.5
14911,18229,5
14911,18230,33
14911,18235,6
14911,18244,2
14911,18249,6
14911,18254,14
14911,18255,64
14911,18256,63
14911,18257,62.5
14911,18260,3
14911,18261,2
14911,18263,3
14911,18264,9
14911,18271,3
14911,18272,4
14911,18273,2
14911,18285,2
14911,18292,2
14911,18294,2
14911,18299,7
14911,18302,2
14911,18303,3
14911,18305,13
14911,18306,2
14911,18315,3
14911,18325,4
14911,18326,31.5
14911,18327,3
14911,18333,2
14911,18334,11
14911,18348,20
14911,18349,35
14911,18354,6
14911,18355,2
14911,18366,5
14911,18386,14
14911,18387,13
14911,18388,3
14911,18389,4
14911,18401,112.5
14911,18402,7
14911,18403,43
14911,18404,14
14911,18405,5
14911,18406,6
14911,18413,5
14911,18415,5
14911,18416,30
14911,18417,3
14911,18437,7
14911,18438,10
14911,18439,4
14911,18452,31
14911,18453,4
14911,18454,1
14911,18483,2
14911,18484,19
14911,18485,25
14911,18486,16
14911,18497,2
14911,18505,3
14911,18507,1
14911,18518,1
14911,18519,4
14911,18520,22
14911,18521,6
14911,18522,2
14911,18523,2
14911,18527,1
14911,18529,2
14911,18532,1
14911,18533,2
14911,18534,6
14911,18535,12
14911,18536,4
14911,18537,1
14911,18551,2
14911,18552,16
14911,18556,9
14911,18557,12
14911,18560,12
14911,18561,3
14911,18570,23
14911,18573,2
14911,18574,1
14911,18583,2
14911,18587,4
14911,18588,3
14911,18598,1
14911,18600,2
14911,18601,3
14911,18619,6
14912,18021,101
14912,18022,173.5
14912,18023,172.5
14912,18024,151.5
14912,18025,138.5
14912,18026,159.5
14912,18027,87
14912,18028,1
14912,18029,234
14912,18030,353
14912,18031,200
14912,18032,145
14912,18033,299.5
14912,18034,136
14912,18035,206
14912,18038,936.5
14912,18039,28
14912,18040,155
14912,18041,164
14912,18042,499
14912,18043,362
14912,18044,17
14912,18054,9.5
14912,18065,4
14912,18066,32
14912,18067,1
14912,18080,6
14912,18081,42
14912,18082,105
14912,18083,72
14912,18084,50
14912,18088,9
14912,18089,6
14912,18092,5
14912,18093,7
14912,18094,24
14912,18096,2
14912,18099,3
14912,18109,2
14912,18110,36
14912,18111,31.5
14912,18112,8
14912,18116,6
14912,18117,10
14912,18120,6
14912,18123,15
14912,18124,40
14912,18125,1
14912,18127,2
14912,18132,2
14912,18133,6
14912,18135,9
14912,18136,4
14912,18137,2
14912,18138,8
14912,18139,10
14912,18141,2
14912,18142,11
14912,18143,27
14912,18144,25
14912,18145,18
14912,18147,21
14912,18150,8
14912,18151,17
14912,18152,8
14912,18153,2
14912,18154,2
14912,18155,2
14912,18156,22
14912,18157,2
14912,18158,21
14912,18159,44
14912,18160,94
14912,18161,47
14912,18162,25
14912,18164,4
14912,18171,32
14912,18172,111
14912,18173,107.5
14912,18174,70
14912,18175,126
14912,18176,4
14912,18179,28
14912,18180,61.5
14912,18181,60
14912,18182,13
14912,18183,2
14912,18195,1
14912,18196,3
14912,18197,6
14912,18198,4
14912,18199,10
14912,18200,1
14912,18202,22
14912,18203,47
14912,18215,14
14912,18221,18.5
14912,18222,24
14912,18223,5
14912,18226,5
14912,18227,6
14912,18228,52
14912,18229,13
14912,18230,5
14912,18231,15
14912,18243,2
14912,18249,10
14912,18253,2
14912,18254,35
14912,18255,34.5
14912,18256,6
14912,18257,11
14912,18263,3
14912,18264,4
14912,18270,4
14912,18271,10.5
14912,18272,10
14912,18273,12.5
14912,18274,30
14912,18275,12
14912,18278,8
14912,18279,2
14912,18292,3
14912,18295,4
14912,18297,8
14912,18299,3
14912,18304,4
14912,18315,6
14912,18316,24
14912,18321,20
14912,18322,7
14912,18325,33
14912,18326,6
14912,18333,49
14912,18334,9
14912,18346,27
14912,18347,13
14912,18348,2
14912,18349,3
14912,18350,23
14912,18351,15.5
14912,18352,35.5
14912,18353,8
14912,18357,2
14912,18359,6
14912,18387,8
14912,18388,14
14912,18389,27
14912,18390,12
14912,18401,2
14912,18402,2
14912,18404,3
14912,18413,5
14912,18416,2
14912,18425,5
14912,18437,5
14912,18438,20
14912,18452,5
14912,18480,1
14912,18481,16.5
14912,18482,5
14912,18484,2
14912,18485,10
14912,18486,7
14912,18513,5
14912,18518,10
14912,18519,39
14912,18520,19
14912,18521,8
14912,18524,3
14912,18525,7
14912,18526,1
14912,18528,4
14912,18530,2
14912,18531,18.5
14912,18532,27.5
14912,18533,23
14912,18534,11
14912,18535,1
14912,18550,7
14912,18551,6
14912,18556,16
14912,18557,4
14912,18560,4
14912,18561,3
14912,18570,20
14912,18571,2
14912,18573,2
14912,18578,1
14912,18580,5
14912,18582,2
14912,18584,1.5
14912,18585,2
14912,18590,1
14912,18597,2
14913,18021,41.5
14913,18022,107.5
14913,18023,114
14913,18024,83
14913,18025,118
14913,18026,144.5
14913,18027,138
14913,18028,27.5
14913,18029,355
14913,18030,252
14913,18031,74.5
14913,18034,169.5
14913,18035,119
14913,18036,668
14913,18037,1139.5
14913,18038,170
14913,18039,67
14913,18040,540
14913,18041,163
14913,18042,98.5
14913,18043,323
14913,18051,4
14913,18052,2
14913,18062,29.5
14913,18063,39
14913,18065,39
14913,18066,67
14913,18075,17
14913,18076,2
14913,18081,35
14913,18082,156.5
14913,18083,59
14913,18088,27.5
14913,18089,79.5
14913,18090,83.5
14913,18091,5
14913,18092,2
14913,18093,9
14913,18095,3
14913,18097,1
14913,18098,9
14913,18100,9
14913,18109,3
14913,18110,41.5
14913,18122,5
14913,18123,6
14913,18124,23
14913,18125,8
14913,18140,7
14913,18151,7
14913,18152,4
14913,18153,3
14913,18154,7
14913,18156,13
14913,18157,4
14913,18158,21.5
14913,18160,9
14913,18161,44
14913,18162,21
14913,18171,26
14913,18172,166
14913,18173,140
14913,18174,56
14913,18175,11
14913,18180,20
14913,18181,9
14913,18198,4
14913,18199,2
14913,18201,3
14913,18202,33
14913,18203,66.5
14913,18204,28
14913,18210,1
14913,18215,3.5
14913,18221,19
14913,18224,12
14913,18225,12
14913,18227,4
14913,18228,39.5
14913,18229,18
14913,18231,40.5
14913,18244,2
14913,18248,23
14913,18249,8
14913,18250,1
14913,18254,3
14913,18257,7
14913,18259,3
14913,18270,2
14913,18271,40
14913,18272,30
14913,18273,56
14913,18274,42.5
14913,18275,9
14913,18276,6
14913,18277,6
14913,18278,6
14913,18279,2
14913,18286,2
14913,18291,2
14913,18294,6
14913,18314,1
14913,18315,44
14913,18316,5
14913,18318,1
14913,18319,10
14913,18320,10
14913,18321,62
14913,18322,10
14913,18332,17
14913,18333,30
14913,18345,1
14913,18346,29.5
14913,18347,4
14913,18348,2
14913,18350,5
14913,18351,33
14913,18352,138
14913,18353,2
14913,18358,2
14913,18359,4
14913,18360,2
14913,18362,16
14913,18371,45
14913,18388,2
14913,18389,8
14913,18390,23
14913,18391,15
14913,18392,15
14913,18399,1
14913,18412,2
14913,18415,2
14913,18431,2
14913,18436,2
14913,18437,8
14913,18438,15
14913,18451,1
14913,18461,2
14913,18485,2
14913,18486,17
14913,18505,3
14913,18506,6
14913,18512,9
14913,18519,1
14913,18520,11
14913,18521,24
14913,18524,2
14913,18525,2
14913,18526,1
14913,18528,9
14913,18529,15
14913,18530,17
14913,18531,4
14913,18532,12
14913,18533,7
14913,18549,1
14913,18550,9
14913,18551,7
14913,18556,20
14913,18559,3
14913,18561,3
14913,18563,1
14913,18567,3
14913,18569,4
14913,18571,9
14913,18572,1
14913,18585,3
14913,18586,2
14913,18592,3
14913,18604,4
14913,18607,4
14913,18609,2
14913,18615,7
14914,18022,113.5
14914,18023,22
14914,18024,22
14914,18025,15
14914,18028,53
14914,18029,303
14914,18030,25
14914,18035,2
14914,18036,59
14914,18037,454
14914,18038,1
14914,18039,186
14914,18040,85.5
14914,18041,680
14914,18042,62
14914,18043,61
14914,18044,5
14914,18060,3
14914,18062,6
14914,18063,2
14914,18065,89
14914,18066,24
14914,18068,3
14914,18074,7.5
14914,18075,36
14914,18076,4
14914,18082,137.5
14914,18083,56.5
14914,18088,8.5
14914,18089,88
14914,18090,50
14914,18091,2
14914,18097,8
14914,18098,16
14914,18099,4
14914,18100,14
14914,18113,4
14914,18121,6
14914,18122,12
14914,18125,12
14914,18126,9
14914,18136,1
14914,18137,3
14914,18143,2
14914,18144,12
14914,18155,8
14914,18156,20
14914,18157,9
14914,18158,15
14914,18161,4
14914,18170,62.5
14914,18171,88
14914,18172,250.5
14914,18173,59.5
14914,18174,14
14914,18203,6
14914,18204,8
14914,18212,8
14914,18215,24.5
14914,18217,1
14914,18228,19
14914,18229,14
14914,18230,5
14914,18238,2
14914,18248,3
14914,18249,6.5
14914,18250,2
14914,18256,11
14914,18258,3
14914,18266,4
14914,18271,4
14914,18274,29
14914,18275,21
14914,18276,38
14914,18277,8
14914,18280,22
14914,18281,2
14914,18285,18.5
14914,18286,1
14914,18314,24
14914,18315,23
14914,18316,6
14914,18319,14
14914,18320,41
14914,18321,44
14914,18322,18
14914,18323,8.5
14914,18332,23
14914,18333,36.5
14914,18344,67
14914,18345,30
14914,18346,25
14914,18347,11.5
14914,18348,1
14914,18349,2
14914,18350,9
14914,18351,80
14914,18352,39
14914,18358,2
14914,18359,14
14914,18361,9
14914,18362,11
14914,18363,3
14914,18371,15
14914,18374,12
14914,18375,3
14914,18389,9
14914,18390,30
14914,18391,32.5
14914,18398,4
14914,18399,1
14914,18400,8
14914,18402,8
14914,18412,5
14914,18413,1
14914,18415,9
14914,18416,4
14914,18429,5
14914,18430,17
14914,18431,16
14914,18461,1
14914,18485,3
14914,18486,18
14914,18487,5
14914,18512,1
14914,18520,57
14914,18521,78
14914,18522,9
14914,18525,7
14914,18526,5
14914,18528,7
14914,18529,1
14914,18532,3
14914,18533,12
14914,18548,2
14914,18549,6
14914,18550,8
14914,18553,4
14914,18557,2
14914,18563,7
14914,18568,2
14914,18569,1
14914,18572,1
14914,18575,3
14914,18585,5
14914,18593,4
14914,18602,2
14914,18608,6
14914,18615,1
14914,18616,3
14914,18622,5
14915,18022,4
14915,18026,4
14915,18031,1
14915,18032,10
14915,18033,4
14915,18035,5
14915,18036,177
14915,18037,19.5
14915,18038,299.5
14915,18039,1153
14915,18040,120.5
14915,18041,7
14915,18042,20
14915,18043,5
14915,18044,20
14915,18050,8
14915,18051,15
14915,18054,7
14915,18062,13
14915,18064,6
14915,18065,51.5
14915,18066,8
14915,18075,3
14915,18077,4
14915,18082,26
14915,18089,31
14915,18090,28
14915,18098,6
14915,18100,11
14915,18101,14
14915,18102,4
14915,18107,3
14915,18108,4
14915,18113,12
14915,18114,5
14915,18115,6
14915,18116,3
14915,18122,1
14915,18125,4
14915,18126,14
14915,18132,2
14915,18133,3
14915,18136,2
14915,18137,8
14915,18138,3
14915,18141,1
14915,18142,4
14915,18143,39.5
14915,18144,10
14915,18145,2
14915,18151,2
14915,18155,6
14915,18156,24
14915,18162,1
14915,18163,14
14915,18164,19
14915,18169,10
14915,18170,125.5
14915,18171,31
14915,18172,69
14915,18173,10
14915,18174,39
14915,18175,66
14915,18176,72.5
14915,18177,99
14915,18178,38
14915,18182,4
14915,18199,6
14915,18200,4
14915,18202,23
14915,18203,1
14915,18209,4
14915,18212,4
14915,18213,10
14915,18214,3
14915,18215,2
14915,18216,5
14915,18217,4
14915,18218,2
14915,18220,5
14915,18221,1
14915,18224,3
14915,18228,12
14915,18229,24
14915,18230,1
14915,18232,1
14915,18237,4
14915,18243,3
14915,18244,6.5
14915,18250,6
14915,18258,9
14915,18259,39
14915,18260,3
14915,18264,5
14915,18265,4
14915,18268,6
14915,18273,18
14915,18274,12.5
14915,18275,7
14915,18276,4
14915,18281,2
14915,18290,1
14915,18294,11
14915,18297,6
14915,18304,2
14915,18309,2
14915,18310,9
14915,18315,8
14915,18316,1
14915,18330,2
14915,18331,7
14915,18332,8
14915,18333,47.5
14915,18338,3
14915,18346,13
14915,18347,6
14915,18352,3
14915,18353,10
14915,18360,6
14915,18371,7
14915,18372,3
14915,18374,26
14915,18377,2
14915,18388,2
14915,18389,18
14915,18390,43
14915,18399,4
14915,18400,12
14915,18402,11
14915,18403,2
14915,18414,17
14915,18415,4
14915,18416,5
14915,18417,2
14915,18422,5
14915,18425,8
14915,18428,3
14915,18429,9
14915,18430,6
14915,18440,7
14915,18441,6
14915,18462,3
14915,18469,2
14915,18486,11
14915,18487,11
14915,18488,2
14915,18505,6
14915,18520,25
14915,18521,35.5
14915,18524,2
14915,18527,4
14915,18530,2
14915,18531,2
14915,18532,5
14915,18548,1
14915,18549,2
14915,18553,3
14915,18554,2
14915,18567,1
14915,18569,2
14915,18570,1
14915,18578,1
14915,18585,11
14915,18586,3
14915,18593,2
14915,18594,3
14915,18595,1
14915,18602,1
14915,18603,5
14915,18615,2
14915,18616,20
14915,18617,3
14915,18618,2
14915,18623,24
14916,18027,3
14916,18028,3
14916,18029,2
14916,18030,1
14916,18031,10
14916,18032,27
14916,18036,233
14916,18037,147.5
14916,18038,215
14916,18039,85
14916,18040,20
14916,18043,18
14916,18044,10
14916,18049,58
14916,18050,65
14916,18051,113.5
14916,18052,32.5
14916,18055,3
14916,18056,3
14916,18061,13
14916,18064,9
14916,18065,137.5
14916,18068,4
14916,18075,4
14916,18077,5
14916,18084,1
14916,18090,37
14916,18091,5
14916,18096,4
14916,18101,11
14916,18102,7.5
14916,18103,3
14916,18110,1
14916,18111,7
14916,18113,6
14916,18115,3
14916,18117,5
14916,18127,16
14916,18128,2
14916,18131,10.5
14916,18140,3
14916,18141,1
14916,18143,19
14916,18149,1
14916,18150,8
14916,18153,2
14916,18155,6
14916,18156,5
14916,18157,17
14916,18164,6
14916,18166,2
14916,18169,40
14916,18170,124.5
14916,18171,9
14916,18172,10
14916,18175,3
14916,18176,21
14916,18177,54
14916,18178,86
14916,18179,48.5
14916,18190,3
14916,18192,2
14916,18197,1
14916,18198,13
14916,18199,11
14916,18200,11.5
14916,18201,6
14916,18213,3
14916,18214,11
14916,18215,7
14916,18216,7
14916,18221,1
14916,18224,6
14916,18225,10
14916,18228,2
14916,18243,22
14916,18244,13
14916,18250,2
14916,18251,4
14916,18252,1
14916,18260,2
14916,18261,5
14916,18271,16
14916,18272,5
14916,18273,11
14916,18278,5
14916,18287,5
14916,18288,15
14916,18297,2
14916,18300,1
14916,18309,2
14916,18315,12
14916,18316,1
14916,18317,7
14916,18330,5
14916,18331,7
14916,18332,24
14916,18333,12
14916,18338,2
14916,18352,5
14916,18356,30
14916,18357,16
14916,18358,10
14916,18359,2
14916,18360,3
14916,18368,3
14916,18373,10
14916,18374,5
14916,18385,2
14916,18388,5
14916,18389,8
14916,18390,2
14916,18399,92
14916,18400,29
14916,18426,3
14916,18427,21
14916,18428,6
14916,18429,4
14916,18441,12
14916,18442,1
14916,18443,7
14916,18458,9
14916,18459,12
14916,18460,2
14916,18461,3
14916,18462,17
14916,18463,26
14916,18464,6
14916,18465,3
14916,18486,8
14916,18487,8
14916,18499,3
14916,18525,4
14916,18530,3
14916,18531,9
14916,18532,2
14916,18548,6
14916,18553,22
14916,18554,61
14916,18562,6
14916,18571,2
14916,18581,2
14916,18583,5
14916,18584,42
14916,18585,55.5
14916,18586,2
14916,18587,11
14916,18614,3
14916,18615,11
14916,18616,19
14916,18623,5
14917,18027,8
14917,18028,22
14917,18029,15
14917,18030,7
14917,18031,37.5
14917,18032,41
14917,18033,4
14917,18034,8
14917,18036,5
14917,18037,97.5
14917,18038,189
14917,18039,64
14917,18040,11.5
14917,18043,47.5
14917,18044,17
14917,18045,4
14917,18046,52
14917,18047,47.5
14917,18048,78
14917,18049,139
14917,18050,65
14917,18051,48
14917,18056,2
14917,18061,29
14917,18062,101.5
14917,18064,144
14917,18065,33
14917,18082,8
14917,18083,29
14917,18084,6
14917,18085,5
14917,18090,54
14917,18091,20
14917,18096,12
14917,18097,3
14917,18102,11
14917,18103,30
14917,18104,6
14917,18107,4
14917,18113,8
14917,18115,18
14917,18116,11
14917,18117,19
14917,18119,22.5
14917,18124,9
14917,18129,5.5
14917,18131,22
14917,18136,9
14917,18142,7
14917,18143,5
14917,18152,7
14917,18156,22
14917,18157,30
14917,18158,11.5
14917,18159,15.5
14917,18160,2
14917,18162,1
14917,18163,5
14917,18166,1
14917,18168,15.5
14917,18169,262.5
14917,18170,41.5
14917,18171,91
14917,18172,42
14917,18173,2
14917,18177,19.5
14917,18178,44
14917,18179,48.5
14917,18180,8
14917,18181,5
14917,18182,8
14917,18185,15
14917,18191,3
14917,18192,6
14917,18193,4
14917,18194,5
14917,18195,5
14917,18196,2
14917,18197,6
14917,18201,5
14917,18202,2
14917,18207,2
14917,18213,3
14917,18214,52
14917,18215,42
14917,18216,46
14917,18224,3
14917,18225,5
14917,18226,4
14917,18228,11
14917,18239,4
14917,18242,4
14917,18243,20
14917,18244,7
14917,18248,2
14917,18250,5
14917,18251,10
14917,18252,3
14917,18255,2
14917,18261,13
14917,18262,18
14917,18263,12
14917,18267,4
14917,18268,4
14917,18269,29.5
14917,18270,20
14917,18273,4
14917,18274,2
14917,18275,9
14917,18287,2
14917,18290,5
14917,18294,3
14917,18295,9.5
14917,18301,3
14917,18316,2
14917,18326,2
14917,18329,14
14917,18330,25
14917,18332,14
14917,18333,26
14917,18359,2
14917,18360,12.5
14917,18361,20
14917,18365,4
14917,18378,2
14917,18383,9
14917,18384,2
14917,18386,5
14917,18387,3
14917,18398,31.5
14917,18399,58
14917,18400,2
14917,18401,2
14917,18412,28.5
14917,18413,2
14917,18426,21
14917,18427,4
14917,18441,4
14917,18442,20
14917,18458,10
14917,18459,9
14917,18461,15
14917,18462,17
14917,18490,4
14917,18499,4
14917,18500,2
14917,18518,6
14917,18523,2
14917,18526,5
14917,18527,4
14917,18530,4
14917,18552,12
14917,18553,16
14917,18554,20
14917,18555,14.5
14917,18561,3
14917,18562,2
14917,18568,2
14917,18583,41
14917,18584,129
14917,18585,144
14917,18586,43
14917,18587,13
14917,18588,2
14917,18606,2
14918,18026,3
14918,18034,8
14918,18035,16
14918,18036,18
14918,18039,4
14918,18040,4
14918,18047,8
14918,18048,124.5
14918,18049,85
14918,18050,129.5
14918,18051,59
14918,18052,10
14918,18056,4
14918,18057,1
14918,18061,268
14918,18062,186
14918,18063,70.5
14918,18064,2
14918,18065,199.5
14918,18071,2
14918,18072,4
14918,18082,3
14918,18083,11
14918,18090,8
14918,18091,9
14918,18102,20
14918,18107,4
14918,18114,2
14918,18117,2
14918,18123,7
14918,18124,11
14918,18125,8
14918,18127,4
14918,18128,7
14918,18129,18
14918,18130,17
14918,18131,11
14918,18132,26
14918,18138,5
14918,18141,3
14918,18151,8
14918,18152,4
14918,18156,19
14918,18161,48.5
14918,18162,7
14918,18163,178.5
14918,18164,28
14918,18165,10
14918,18166,70
14918,18167,43
14918,18168,134
14918,18169,254
14918,18170,15
14918,18171,116.5
14918,18172,321
14918,18173,42.5
14918,18176,4
14918,18178,15
14918,18179,1
14918,18180,2
14918,18181,3
14918,18186,2
14918,18188,6
14918,18189,9
14918,18190,30
14918,18191,63
14918,18192,67
14918,18193,13
14918,18194,1
14918,18195,14
14918,18202,6
14918,18203,4
14918,18205,2
14918,18206,2
14918,18215,9
14918,18225,8
14918,18226,12
14918,18228,6
14918,18236,5
14918,18239,1
14918,18244,13
14918,18250,3
14918,18251,4
14918,18253,5
14918,18254,1
14918,18255,4
14918,18256,2
14918,18262,9
14918,18263,5
14918,18264,2
14918,18267,20.5
14918,18268,7
14918,18274,4
14918,18295,6
14918,18296,17
14918,18297,4
14918,18300,2
14918,18301,3
14918,18306,3
14918,18312,4
14918,18317,11
14918,18323,3
14918,18326,10
14918,18327,3
14918,18329,25.5
14918,18330,31
14918,18332,6
14918,18333,29
14918,18342,5
14918,18344,3
14918,18351,4
14918,18352,5
14918,18361,7
14918,18365,2
14918,18369,10
14918,18370,7
14918,18383,9
14918,18384,8
14918,18386,1
14918,18398,14
14918,18399,35
14918,18400,12
14918,18401,8
14918,18412,22.5
14918,18424,2
14918,18425,18
14918,18426,65
14918,18442,4
14918,18443,7
14918,18461,4
14918,18462,14
14918,18479,1
14918,18499,3
14918,18519,8
14918,18523,2
14918,18525,6
14918,18527,2
14918,18551,2
14918,18556,4
14918,18561,2
14918,18563,11
14918,18566,2
14918,18584,38
14918,18585,45.5
14918,18586,78
14918,18587,6
14918,18588,2
14918,18593,1
14918,18594,6
14919,18026,2
14919,18034,19
14919,18035,31
14919,18036,37
14919,18046,6
14919,18047,62
14919,18048,106.5
14919,18049,118
14919,18050,71
14919,18051,62
14919,18052,32
14919,18053,11
14919,18060,40
14919,18061,110.5
14919,18062,201.5
14919,18063,89
14919,18064,72.5
14919,18065,173.5
14919,18066,100.5
14919,18067,109
14919,18068,38
14919,18069,30
14919,18070,23
14919,18072,7
14919,18102,5
14919,18105,1.5
14919,18106,11
14919,18117,2
14919,18122,17
14919,18123,27
14919,18124,19
14919,18125,2
14919,18128,1
14919,18130,33.5
14919,18131,66.5
14919,18132,12
14919,18138,11
14919,18140,12
14919,18148,5
14919,18149,2
14919,18150,4
14919,18151,5
14919,18156,10
14919,18160,2
14919,18161,6
14919,18163,8
14919,18164,16
14919,18165,53.5
14919,18166,77.5
14919,18167,158.5
14919,18168,218
14919,18169,120.5
14919,18170,44.5
14919,18171,85
14919,18172,126.5
14919,18173,188.5
14919,18174,44.5
14919,18175,3
14919,18178,23
14919,18187,2
14919,18188,14
14919,18189,17
14919,18190,40
14919,18191,63
14919,18192,51
14919,18193,11.5
14919,18196,17
14919,18197,3
14919,18198,2
14919,18206,7
14919,18207,3
14919,18209,5
14919,18210,27
14919,18211,1
14919,18228,3
14919,18232,2
14919,18235,6
14919,18236,7
14919,18237,6
14919,18239,7
14919,18244,4
14919,18252,16
14919,18253,56
14919,18254,82.5
14919,18255,17
14919,18256,14
14919,18269,23
14919,18270,6
14919,18297,4
14919,18298,3
14919,18299,2
14919,18305,2
14919,18306,5
14919,18311,6
14919,18317,18
14919,18318,19
14919,18327,3
14919,18330,26
14919,18333,8
14919,18341,2
14919,18342,1
14919,18343,2
14919,18344,1
14919,18345,5
14919,18351,4
14919,18362,5
14919,18365,2
14919,18367,4
14919,18368,4
14919,18369,1
14919,18370,5
14919,18381,11
14919,18383,10
14919,18399,19
14919,18400,11
14919,18401,8
14919,18410,3
14919,18411,16
14919,18412,12
14919,18423,23
14919,18424,16
14919,18425,62.5
14919,18426,12
14919,18442,15
14919,18443,13
14919,18444,8
14919,18461,11
14919,18462,17
14919,18475,4
14919,18497,4
14919,18498,3.5
14919,18511,5
14919,18519,8
14919,18527,2
14919,18548,1
14919,18550,8
14919,18556,2
14919,18560,1
14919,18563,7
14919,18564,3
14919,18579,4
14919,18580,4
14919,18583,4
14919,18585,6
14919,18586,18
14919,18587,8
14919,18594,2
14919,18607,8
14920,18034,30
14920,18035,48
14920,18036,7
14920,18037,4
14920,18038,14
14920,18047,43
14920,18048,81
14920,18049,59
14920,18050,90
14920,18051,100
14920,18052,35
14920,18053,31
14920,18054,20
14920,18055,6
14920,18058,1
14920,18059,7.5
14920,18060,99
14920,18061,185.5
14920,18062,165
14920,18063,278
14920,18064,367
14920,18065,598
14920,18066,137
14920,18067,328.5
14920,18068,122
14920,18069,73.5
14920,18070,152.5
14920,18071,43
14920,18072,18
14920,18073,6
14920,18074,4
14920,18082,17
14920,18086,8
14920,18094,5
14920,18095,5
14920,18096,5
14920,18099,3
14920,18101,5
14920,18102,25
14920,18103,49
14920,18104,46
14920,18105,2
14920,18106,1
14920,18113,13
14920,18114,18.5
14920,18121,2
14920,18122,1
14920,18127,10
14920,18128,15
14920,18129,6
14920,18132,2
14920,18139,3
14920,18140,9
14920,18156,2
14920,18158,2
14920,18160,3
14920,18165,80.5
14920,18166,16
14920,18167,261.5
14920,18168,86.5
14920,18169,231
14920,18170,124.5
14920,18171,114
14920,18172,81
14920,18173,203.5
14920,18174,4
14920,18175,3.5
14920,18184,2
14920,18188,6.5
14920,18189,2
14920,18190,38
14920,18191,28
14920,18195,3
14920,18196,9
14920,18201,1
14920,18209,30.5
14920,18210,20
14920,18211,3
14920,18215,2
14920,18216,2
14920,18224,1
14920,18225,20.5
14920,18226,7
14920,18227,6
14920,18239,5
14920,18240,7
14920,18244,9
14920,18254,33
14920,18255,35
14920,18256,7
14920,18268,8
14920,18269,6
14920,18270,6
14920,18289,1
14920,18290,7
14920,18298,6
14920,18306,20.5
14920,18307,29
14920,18308,24
14920,18319,1
14920,18324,4
14920,18325,3
14920,18338,12
14920,18340,3
14920,18342,5
14920,18343,1
14920,18349,2
14920,18350,3
14920,18369,2
14920,18370,21
14920,18371,6
14920,18372,10
14920,18379,5
14920,18381,3
14920,18382,4.5
14920,18383,7
14920,18399,30
14920,18400,52
14920,18401,12
14920,18402,13
14920,18410,21
14920,18411,17
14920,18412,18
14920,18413,2
14920,18423,52
14920,18424,94.5
14920,18425,77.5
14920,18426,93
14920,18441,1
14920,18442,21.5
14920,18443,27
14920,18454,6
14920,18455,4
14920,18470,12
14920,18471,3
14920,18494,17.5
14920,18495,3
14920,18496,12.5
14920,18508,2
14920,18509,3
14920,18510,4
14920,18511,2
14920,18519,3
14920,18521,1
14920,18522,5
14920,18531,6
14920,18533,2
14920,18540,2
14920,18548,4
14920,18552,2
14920,18554,2
14920,18555,4
14920,18556,2
14920,18570,2
14920,18583,5
14920,18588,3
14920,18590,2
14920,18594,5
14920,18606,13
14921,18035,4
14921,18037,15
14921,18038,51
14921,18039,18
14921,18041,3
14921,18042,56
14921,18043,10
14921,18047,5
14921,18048,21
14921,18049,6
14921,18050,63.5
14921,18051,30.5
14921,18052,26
14921,18053,30.5
14921,18054,27
14921,18055,25.5
14921,18059,76
14921,18060,168
14921,18061,121.5
14921,18062,67
14921,18063,121.5
14921,18064,166.5
14921,18065,226
14921,18066,311.5
14921,18067,255
14921,18068,330.5
14921,18069,79.5
14921,18070,38
14921,18071,18
14921,18072,13
14921,18073,15
14921,18078,3
14921,18079,4
14921,18080,1
14921,18081,2
14921,18085,23
14921,18086,8.5
14921,18092,3
14921,18093,44.5
14921,18094,32.5
14921,18099,4
14921,18101,2
14921,18102,26.5
14921,18103,85.5
14921,18104,20
14921,18111,4
14921,18116,1
14921,18118,34
14921,18119,9
14921,18128,6
14921,18129,8
14921,18130,7
14921,18133,3
14921,18134,7
14921,18135,12
14921,18143,4
14921,18147,1
14921,18150,3
14921,18151,2
14921,18155,4
14921,18160,3
14921,18167,171.5
14921,18168,112
14921,18169,224.5
14921,18170,282.5
14921,18171,266
14921,18172,16
14921,18173,27
14921,18174,54
14921,18175,61
14921,18176,52
14921,18181,5
14921,18182,6
14921,18185,1
14921,18187,5
14921,18188,8
14921,18190,2
14921,18191,10
14921,18192,11
14921,18193,17
14921,18195,12
14921,18201,4
14921,18203,2
14921,18212,2
14921,18224,4
14921,18225,17
14921,18226,5
14921,18227,2
14921,18231,11
14921,18238,10
14921,18240,4
14921,18246,13
14921,18247,13
14921,18248,16
14921,18249,2
14921,18263,3
14921,18271,6
14921,18272,2
14921,18273,3
14921,18282,7
14921,18283,4
14921,18285,5
14921,18289,2
14921,18290,3
14921,18300,9
14921,18305,18
14921,18306,63
14921,18307,51
14921,18308,10
14921,18309,7
14921,18310,3
14921,18311,4
14921,18322,9
14921,18338,14
14921,18339,2
14921,18342,4
14921,18357,3
14921,18370,2
14921,18371,16
14921,18372,19.5
14921,18377,4
14921,18378,23
14921,18379,38.5
14921,18380,33
14921,18381,2
14921,18390,4
14921,18399,2
14921,18400,4
14921,18401,5
14921,18402,28
14921,18403,9
14921,18404,3
14921,18405,11
14921,18406,15
14921,18411,22
14921,18412,18
14921,18420,3
14921,18421,18
14921,18423,55
14921,18424,56.5
14921,18425,113
14921,18426,74
14921,18427,23
14921,18436,2
14921,18441,14
14921,18442,39.5
14921,18443,29
14921,18454,34
14921,18455,6
14921,18468,4
14921,18469,52.5
14921,18470,73.5
14921,18471,32
14921,18474,4
14921,18475,2
14921,18480,2
14921,18494,15.5
14921,18495,4
14921,18511,1
14921,18528,2
14921,18531,5
14921,18543,1
14921,18547,4
14921,18550,3
14921,18552,2
14921,18556,5
14921,18571,5
14921,18591,3
14922,18034,4
14922,18039,20
14922,18040,6
14922,18041,70
14922,18042,46
14922,18043,67.5
14922,18044,2
14922,18050,12
14922,18051,2
14922,18052,20
14922,18053,22.5
14922,18054,12
14922,18058,82
14922,18059,130
14922,18060,162
14922,18061,73
14922,18062,123.5
14922,18063,129.5
14922,18064,132.5
14922,18065,176
14922,18066,124
14922,18067,167
14922,18068,460.5
14922,18069,133
14922,18070,50.5
14922,18071,4
14922,18072,11
14922,18073,2
14922,18080,7
14922,18085,2
14922,18090,1
14922,18091,10
14922,18093,2
14922,18094,20.5
14922,18101,30.5
14922,18102,66.5
14922,18103,25
14922,18111,6
14922,18115,4.5
14922,18117,6
14922,18118,16
14922,18119,6
14922,18124,8
14922,18125,10
14922,18126,1
14922,18135,5
14922,18136,7
14922,18148,5
14922,18149,13
14922,18150,4
14922,18155,4
14922,18165,4
14922,18166,16
14922,18167,107
14922,18168,152.5
14922,18169,258.5
14922,18170,212.5
14922,18171,50.5
14922,18172,24
14922,18173,6
14922,18174,106
14922,18175,66
14922,18176,78
14922,18186,10
14922,18187,45.5
14922,18188,18
14922,18195,6
14922,18199,5
14922,18200,23
14922,18202,4
14922,18207,2
14922,18208,5.5
14922,18212,2
14922,18214,6
14922,18215,5
14922,18217,3
14922,18218,9
14922,18220,4
14922,18221,2
14922,18225,3
14922,18231,2
14922,18237,5
14922,18238,5
14922,18240,4
14922,18241,4
14922,18243,1
14922,18244,4
14922,18246,2
14922,18248,6
14922,18249,11
14922,18250,4
14922,18254,2
14922,18263,45
14922,18264,2
14922,18265,2
14922,18272,5
14922,18282,8
14922,18283,13
14922,18285,4
14922,18290,1
14922,18299,2
14922,18305,10
14922,18307,95
14922,18308,38
14922,18309,4
14922,18310,7
14922,18313,3
14922,18324,23
14922,18325,9
14922,18326,5
14922,18334,11
14922,18341,6
14922,18342,12
14922,18349,11
14922,18350,10
14922,18351,2
14922,18352,8
14922,18362,6.5
14922,18369,4
14922,18370,2
14922,18371,21
14922,18372,7
14922,18377,1
14922,18378,11
14922,18379,29
14922,18380,14
14922,18393,10
14922,18394,1
14922,18399,4
14922,18403,2
14922,18405,10
14922,18406,7
14922,18407,2
14922,18411,10
14922,18412,39
14922,18420,14
14922,18421,8
14922,18423,9
14922,18424,33
14922,18425,35
14922,18426,66.5
14922,18427,76
14922,18428,28
14922,18429,13.5
14922,18430,6
14922,18431,2
14922,18434,3
14922,18435,2
14922,18440,2
14922,18441,49.5
14922,18442,49
14922,18443,23
14922,18444,4
14922,18452,16
14922,18453,20
14922,18454,7
14922,18455,4
14922,18456,4
14922,18462,4
14922,18469,32
14922,18470,56
14922,18471,42.5
14922,18472,24
14922,18475,5
14922,18479,5
14922,18480,6
14922,18493,40
14922,18494,23
14922,18507,2
14922,18522,3
14922,18523,4
14922,18525,2
14922,18526,1
14922,18533,1
14922,18543,1
14922,18544,6
14922,18545,2
14922,18546,2
14922,18547,6
14922,18556,5
14922,18557,1
14922,18561,1
14922,18571,8.5
14922,18573,3
14922,18574,1
14922,18579,2
14922,18580,2
14922,18612,3
14922,18613,7
14922,18614,4
14923,18040,35.5
14923,18041,72
14923,18042,93
14923,18043,27
14923,18050,9.5
14923,18051,2
14923,18052,8
14923,18053,8
14923,18058,100
14923,18059,148.5
14923,18060,103
14923,18061,368.5
14923,18062,97
14923,18063,105
14923,18064,160.5
14923,18065,85
14923,18066,131.5
14923,18067,58
14923,18068,86.5
14923,18069,7
14923,18070,69
14923,18071,108.5
14923,18072,8
14923,18075,13
14923,18076,15
14923,18088,4
14923,18091,2
14923,18092,1
14923,18093,2
14923,18096,5
14923,18101,15
14923,18102,64
14923,18103,5
14923,18105,2
14923,18106,10
14923,18109,4
14923,18110,2
14923,18112,1
14923,18115,9
14923,18116,10
14923,18117,17
14923,18125,3
14923,18137,12
14923,18139,4
14923,18140,2.5
14923,18149,23
14923,18150,17
14923,18155,13
14923,18156,19
14923,18165,17
14923,18166,67.5
14923,18167,180
14923,18168,174
14923,18169,294
14923,18170,239
14923,18171,316
14923,18172,98
14923,18173,189
14923,18174,211
14923,18175,40.5
14923,18176,17.5
14923,18177,2
14923,18180,3
14923,18184,10
14923,18185,5
14923,18187,8
14923,18192,4
14923,18193,6
14923,18195,20
14923,18196,2
14923,18199,2
14923,18200,6
14923,18206,1
14923,18208,2
14923,18213,4
14923,18214,2
14923,18220,8
14923,18221,4
14923,18223,3
14923,18226,2
14923,18227,4
14923,18232,7
14923,18238,5
14923,18239,30
14923,18240,5
14923,18244,11
14923,18245,2.5
14923,18246,5
14923,18251,3
14923,18253,4
14923,18254,8
14923,18261,6
14923,18262,50
14923,18263,64
14923,18265,6
14923,18274,5
14923,18282,5
14923,18295,3
14923,18298,1
14923,18299,8
14923,18300,4
14923,18302,3
14923,18307,48
14923,18308,35
14923,18309,9
14923,18310,2
14923,18312,12
14923,18313,22
14923,18315,2
14923,18325,2
14923,18326,42
14923,18327,1
14923,18333,7
14923,18334,115
14923,18335,34.5
14923,18336,1
14923,18338,2
14923,18342,9
14923,18350,6
14923,18351,6
14923,18352,25
14923,18353,3
14923,18355,2
14923,18356,2
14923,18367,4
14923,18368,12
14923,18379,24.5
14923,18393,25
14923,18394,23
14923,18395,14.5
14923,18406,26
14923,18412,2
14923,18414,3
14923,18415,1
14923,18420,1
14923,18424,34
14923,18425,13
14923,18426,40.5
14923,18427,7
14923,18428,2
14923,18429,2
14923,18441,27
14923,18442,74.5
14923,18443,48
14923,18444,2
14923,18453,4
14923,18454,4
14923,18455,8
14923,18456,14
14923,18457,8
14923,18458,2
14923,18462,4
14923,18468,17.5
14923,18469,8
14923,18470,30.5
14923,18471,22
14923,18472,3
14923,18479,2
14923,18480,4
14923,18492,5
14923,18493,17
14923,18494,27
14923,18507,1
14923,18508,6
14923,18509,3
14923,18525,5
14923,18526,11
14923,18527,4
14923,18528,1
14923,18533,1
14923,18537,3
14923,18538,3.5
14923,18542,4
14923,18543,5
14923,18546,1
14923,18547,1
14923,18565,2
14923,18572,1
14923,18575,5
14923,18576,4
14923,18578,2
14923,18579,6
14923,18580,1
14923,18613,15
14923,18614,21
14923,18615,18
14923,18616,10
14924,18030,13
14924,18031,49
14924,18032,30
14924,18038,2
14924,18039,8
14924,18040,21
14924,18041,81
14924,18042,57
14924,18043,15
14924,18050,48
14924,18051,13
14924,18052,8
14924,18054,5
14924,18058,79
14924,18059,147.5
14924,18060,537.5
14924,18061,125.5
14924,18062,133
14924,18063,139
14924,18064,143.5
14924,18065,112
14924,18066,129
14924,18067,39
14924,18068,77
14924,18070,116.5
14924,18071,91
14924,18072,27
14924,18073,2
14924,18074,29
14924,18075,17
14924,18076,10
14924,18086,2
14924,18093,14
14924,18094,15
14924,18101,2
14924,18102,16
14924,18104,4
14924,18105,17
14924,18108,8
14924,18109,2
14924,18111,3
14924,18112,3
14924,18113,5
14924,18116,37.5
14924,18117,11.5
14924,18119,4
14924,18126,4
14924,18128,27
14924,18129,2
14924,18130,7
14924,18131,15
14924,18132,18
14924,18133,2
14924,18140,3
14924,18141,1
14924,18142,1
14924,18146,2
14924,18149,11
14924,18150,29
14924,18151,10
14924,18154,19
14924,18155,23
14924,18156,8
14924,18166,35
14924,18167,55
14924,18168,139
14924,18169,19.5
14924,18170,84
14924,18171,102
14924,18172,104.5
14924,18173,106
14924,18174,343.5
14924,18175,80.5
14924,18176,8.5
14924,18177,10
14924,18178,24
14924,18179,16
14924,18180,41
14924,18181,34
14924,18182,4
14924,18183,1
14924,18184,52
14924,18185,20
14924,18186,21
14924,18187,8
14924,18207,10
14924,18213,6.5
14924,18220,2
14924,18221,3
14924,18225,3
14924,18226,2
14924,18232,5
14924,18239,2
14924,18240,15
14924,18242,5
14924,18243,45
14924,18244,120
14924,18245,56.5
14924,18246,45.5
14924,18247,1
14924,18257,4
14924,18258,10
14924,18259,4
14924,18260,4
14924,18261,72.5
14924,18262,73.5
14924,18263,94
14924,18264,18
14924,18269,2
14924,18274,5
14924,18294,20
14924,18295,7
14924,18296,4
14924,18300,7
14924,18301,2.5
14924,18302,22
14924,18303,13
14924,18307,20
14924,18308,26
14924,18314,7
14924,18315,3.5
14924,18318,8
14924,18319,10
14924,18320,9
14924,18323,8
14924,18324,5
14924,18326,5
14924,18329,1
14924,18331,4
14924,18333,42
14924,18334,93
14924,18335,78
14924,18336,29
14924,18337,4
14924,18338,7
14924,18350,3
14924,18351,2
14924,18353,5
14924,18357,6
14924,18366,2
14924,18367,3
14924,18370,5.5
14924,18371,4
14924,18377,2
14924,18378,5.5
14924,18379,5
14924,18393,40
14924,18394,20
14924,18399,1
14924,18400,4
14924,18403,4
14924,18405,7
14924,18406,12
14924,18423,4
14924,18424,4
14924,18425,8
14924,18426,6
14924,18433,4
14924,18434,38
14924,18435,8
14924,18442,28
14924,18445,2
14924,18457,26
14924,18458,21.5
14924,18468,16
14924,18469,8
14924,18470,31
14924,18473,7
14924,18480,5
14924,18490,3
14924,18491,11
14924,18492,34
14924,18493,35
14924,18494,16
14924,18502,4
14924,18503,9
14924,18504,4
14924,18507,1
14924,18508,5
14924,18509,2
14924,18510,1
14924,18518,3
14924,18519,6
14924,18520,2
14924,18521,2
14924,18522,2
14924,18535,1
14924,18536,1
14924,18539,1
14924,18540,5
14924,18542,5
14924,18543,4
14924,18547,11
14924,18548,3
14924,18550,2
14924,18558,3
14924,18564,1
14924,18565,23.5
14924,18572,2
14924,18573,6
14924,18574,3
14924,18576,6
14924,18577,4
14924,18606,3
14924,18615,10
14924,18616,29.5
14924,18617,11
14924,18618,10
14924,18620,4
14925,18029,44
14925,18030,36
14925,18031,27
14925,18032,14
14925,18033,9.5
14925,18034,31
14925,18037,10
14925,18038,40.5
14925,18039,25.5
14925,18040,22
14925,18041,40
14925,18042,41
14925,18043,17
14925,18050,27
14925,18051,2
14925,18055,2
14925,18058,102
14925,18059,108
14925,18060,33
14925,18061,8
14925,18062,120
14925,18063,183
14925,18064,210
14925,18065,129
14925,18066,122
14925,18067,29
14925,18068,74
14925,18069,31.5
14925,18070,3
14925,18072,13
14925,18073,50
14925,18074,33
14925,18075,29
14925,18076,4
14925,18077,4
14925,18086,4.5
14925,18091,6
14925,18093,25
14925,18094,27
14925,18095,32
14925,18096,16
14925,18101,4
14925,18105,4
14925,18106,15
14925,18107,18
14925,18108,20
14925,18109,2.5
14925,18111,8
14925,18112,24
14925,18113,26
14925,18116,22
14925,18117,6
14925,18125,18
14925,18126,18
14925,18127,9
14925,18128,5
14925,18132,23
14925,18148,2
14925,18150,56.5
14925,18151,20
14925,18152,8
14925,18158,2
14925,18167,9
14925,18168,2
14925,18169,16
14925,18170,58
14925,18171,132.5
14925,18172,112.5
14925,18173,188.5
14925,18174,146.5
14925,18175,64.5
14925,18176,29
14925,18177,3
14925,18179,3
14925,18183,3
14925,18187,12
14925,18189,17
14925,18190,1
14925,18192,2
14925,18193,9
14925,18201,6
14925,18202,3
14925,18207,2
14925,18208,4
14925,18211,22.5
14925,18212,12
14925,18213,7
14925,18219,4
14925,18226,4
14925,18231,4
14925,18232,1
14925,18233,1
14925,18237,2
14925,18240,3
14925,18241,2
14925,18243,25
14925,18244,63.5
14925,18245,52
14925,18246,23.5
14925,18255,3
14925,18258,4
14925,18259,8
14925,18261,32
14925,18262,35
14925,18263,28
14925,18264,4
14925,18267,5
14925,18268,2
14925,18283,2
14925,18287,4
14925,18292,1
14925,18293,5
14925,18294,6
14925,18295,15
14925,18296,2
14925,18300,9
14925,18301,44
14925,18302,28
14925,18304,6
14925,18307,3
14925,18308,2
14925,18309,5
14925,18318,19.5
14925,18319,47
14925,18321,4
14925,18322,6
14925,18332,10
14925,18333,99.5
14925,18334,66
14925,18335,30
14925,18337,11
14925,18338,20
14925,18349,26
14925,18350,22.5
14925,18351,3
14925,18352,14
14925,18353,6
14925,18356,4
14925,18357,3
14925,18364,6
14925,18371,7
14925,18377,5
14925,18378,2
14925,18389,5
14925,18390,5
14925,18393,18
14925,18394,13
14925,18403,5
14925,18404,7
14925,18406,3
14925,18423,1
14925,18425,11
14925,18434,28
14925,18435,5
14925,18470,4
14925,18471,6
14925,18472,6
14925,18473,4
14925,18492,10
14925,18493,24
14925,18494,12
14925,18508,2
14925,18509,5
14925,18513,4
14925,18514,5
14925,18519,6
14925,18520,26
14925,18521,5
14925,18523,3
14925,18525,3
14925,18531,3
14925,18532,3
14925,18535,3
14925,18539,7
14925,18547,2
14925,18548,14
14925,18550,4
14925,18555,1
14925,18556,3
14925,18563,5
14925,18565,17
14925,18569,4
14925,18570,4
14925,18571,1
14925,18573,2
14925,18575,7
14925,18576,1
14925,18608,3
14925,18617,1
14925,18618,17
14925,18619,34.5
14925,18620,14
14925,18622,3
14926,18029,7.5
14926,18031,1
14926,18034,12
14926,18037,3
14926,18038,22
14926,18041,17.5
14926,18051,6
14926,18055,4
14926,18056,9
14926,18058,50
14926,18059,92
14926,18060,138.5
14926,18061,52.5
14926,18062,58
14926,18063,149
14926,18064,102
14926,18065,60.5
14926,18066,42
14926,18068,32
14926,18069,63
14926,18070,4
14926,18071,19
14926,18073,25.5
14926,18074,77.5
14926,18075,27.5
14926,18076,21
14926,18078,7
14926,18079,10
14926,18080,12
14926,18081,4
14926,18082,1
14926,18085,2
14926,18088,6
14926,18089,2
14926,18090,6
14926,18091,19.5
14926,18094,1
14926,18095,2
14926,18100,4
14926,18101,1
14926,18109,21
14926,18110,25
14926,18111,75
14926,18112,57
14926,18113,56
14926,18114,6
14926,18115,22
14926,18116,13
14926,18117,4
14926,18118,8
14926,18119,4
14926,18123,8
14926,18125,4.5
14926,18139,2
14926,18141,5
14926,18144,17
14926,18149,5
14926,18150,19
14926,18151,75.5
14926,18152,68
14926,18153,21
14926,18164,6
14926,18168,27
14926,18169,66
14926,18170,28
14926,18171,43
14926,18172,69
14926,18173,169
14926,18174,253
14926,18188,13
14926,18189,64
14926,18190,32
14926,18192,54.5
14926,18193,44
14926,18194,28
14926,18196,3
14926,18198,5
14926,18206,6
14926,18210,1
14926,18211,4
14926,18212,11
14926,18213,6
14926,18215,7
14926,18223,4
14926,18224,4
14926,18225,5
14926,18228,3
14926,18236,2
14926,18237,5
14926,18243,8
14926,18244,86.5
14926,18245,20
14926,18246,9
14926,18250,2
14926,18256,4
14926,18257,3
14926,18260,13
14926,18261,30
14926,18262,13.5
14926,18263,3
14926,18268,2
14926,18277,2
14926,18278,4
14926,18282,8
14926,18283,75
14926,18284,8
14926,18286,11
14926,18301,2
14926,18319,14
14926,18320,3
14926,18322,1
14926,18323,18
14926,18324,46
14926,18325,8
14926,18327,1
14926,18334,16.5
14926,18335,5
14926,18336,22
14926,18337,5
14926,18347,2
14926,18348,47
14926,18350,3
14926,18351,40
14926,18352,9
14926,18353,1
14926,18360,1
14926,18364,5
14926,18365,6.5
14926,18381,4
14926,18388,4
14926,18389,7
14926,18390,5
14926,18393,23
14926,18394,11
14926,18433,8
14926,18434,1
14926,18447,1
14926,18471,1
14926,18472,11
14926,18473,5
14926,18491,11
14926,18492,22
14926,18493,32
14926,18501,10
14926,18502,1
14926,18505,1
14926,18509,4
14926,18510,2
14926,18511,2
14926,18515,1
14926,18519,2
14926,18520,3
14926,18525,4
14926,18527,2
14926,18528,2
14926,18529,2
14926,18532,2
14926,18533,1
14926,18534,2
14926,18538,1
14926,18539,4
14926,18542,4
14926,18543,2
14926,18545,1
14926,18548,4
14926,18557,1
14926,18558,4
14926,18567,17
14926,18571,2
14926,18587,6
14926,18595,1
14926,18618,2
14926,18619,17
14926,18620,24.5
14926,18621,14
14926,18622,13.5
14927,18030,21
14927,18031,67
14927,18035,13
14927,18036,57
14927,18037,4
14927,18041,72
14927,18042,51.5
14927,18043,2
14927,18047,4
14927,18048,2
14927,18049,9
14927,18050,23
14927,18051,31
14927,18052,5
14927,18056,27
14927,18060,25
14927,18062,10
14927,18063,33
14927,18064,22
14927,18065,10
14927,18066,18
14927,18068,7
14927,18075,47.5
14927,18076,107.5
14927,18077,53.5
14927,18078,33
14927,18079,58
14927,18080,42
14927,18081,24
14927,18086,7
14927,18088,10
14927,18089,9
14927,18091,81
14927,18092,30
14927,18098,6
14927,18101,2
14927,18102,2
14927,18106,8
14927,18108,3
14927,18109,3
14927,18110,13
14927,18111,125
14927,18112,38.5
14927,18116,14
14927,18123,6
14927,18124,15
14927,18125,18
14927,18126,3
14927,18127,4
14927,18135,41
14927,18140,1
14927,18143,3
14927,18146,6.5
14927,18147,1
14927,18150,7
14927,18151,17
14927,18152,28
14927,18153,27
14927,18168,17
14927,18169,56
14927,18170,45
14927,18172,20
14927,18173,130
14927,18174,86
14927,18175,1
14927,18178,4
14927,18179,12
14927,18188,58.5
14927,18189,143
14927,18190,77
14927,18191,1
14927,18192,3
14927,18193,16
14927,18194,6
14927,18197,4
14927,18209,2
14927,18210,16.5
14927,18215,12
14927,18216,7
14927,18223,1
14927,18224,3
14927,18225,6
14927,18227,1
14927,18228,1
14927,18231,2
14927,18236,7
14927,18243,56.5
14927,18244,23
14927,18245,25
14927,18246,26
14927,18250,22
14927,18260,21
14927,18261,63
14927,18262,32
14927,18263,18
14927,18269,6
14927,18273,2
14927,18274,2
14927,18281,15.5
14927,18282,19
14927,18283,63
14927,18284,52.5
14927,18285,40
14927,18286,20.5
14927,18287,2
14927,18320,2
14927,18323,12
14927,18324,34
14927,18325,36
14927,18334,11
14927,18347,28.5
14927,18348,59.5
14927,18349,7
14927,18351,6
14927,18360,7
14927,18361,22
14927,18362,8
14927,18364,12
14927,18365,3
14927,18381,4
14927,18386,5
14927,18387,3
14927,18388,2
14927,18389,36
14927,18390,4
14927,18391,2
14927,18392,8
14927,18393,46.5
14927,18394,50
14927,18407,1
14927,18410,10.5
14927,18411,3
14927,18468,4
14927,18469,6
14927,18471,1
14927,18472,14
14927,18473,2
14927,18492,3
14927,18493,11
14927,18494,2
14927,18501,4
14927,18502,7
14927,18503,8
14927,18517,4
14927,18519,1
14927,18521,3
14927,18528,8
14927,18529,4
14927,18539,3
14927,18541,5
14927,18543,7
14927,18546,3
14927,18547,5
14927,18548,9
14927,18549,4
14927,18551,7
14927,18570,4
14927,18571,1
14927,18588,2
14927,18589,4
14927,18595,4
14927,18597,5
14927,18622,28
14927,18623,42
14927,18624,10
14927,18625,2.5
14928,18030,12
14928,18031,28
14928,18035,19
14928,18036,72
14928,18037,33.5
14928,18039,5
14928,18040,17
14928,18041,79
14928,18042,46
14928,18046,6
14928,18047,13
14928,18048,26
14928,18049,1
14928,18050,4
14928,18055,10
14928,18056,43
14928,18057,28
14928,18063,5
14928,18064,63
14928,18065,95.5
14928,18066,107
14928,18067,38
14928,18074,9
14928,18075,19.5
14928,18076,22
14928,18077,86
14928,18078,67.5
14928,18079,97.5
14928,18080,164.5
14928,18081,116
14928,18082,72
14928,18083,117.5
14928,18084,41
14928,18085,38
14928,18086,19
14928,18087,34
14928,18088,34
14928,18089,41
14928,18090,18
14928,18091,79
14928,18092,29
14928,18100,16
14928,18105,4
14928,18106,4
14928,18107,8
14928,18108,21
14928,18109,6
14928,18110,10
14928,18111,59.5
14928,18112,58
14928,18113,9
14928,18115,10
14928,18116,23
14928,18117,14
14928,18118,4
14928,18121,6
14928,18123,3
14928,18124,11
14928,18125,17
14928,18126,32
14928,18127,25
14928,18128,51.5
14928,18129,17
14928,18130,5
14928,18131,1
14928,18134,45
14928,18135,48.5
14928,18140,4
14928,18143,2
14928,18146,6
14928,18147,5
14928,18151,4
14928,18163,7
14928,18168,5
14928,18169,26
14928,18173,7
14928,18174,32
14928,18186,3
14928,18187,52
14928,18188,70
14928,18189,17
14928,18190,8
14928,18191,12
14928,18192,14
14928,18193,6
14928,18195,1
14928,18196,3
14928,18198,2
14928,18201,4
14928,18210,6
14928,18211,16
14928,18215,5
14928,18216,4
14928,18217,7
14928,18246,23.5
14928,18247,5
14928,18249,5
14928,18250,12
14928,18261,2
14928,18262,11
14928,18263,10
14928,18266,3
14928,18270,1
14928,18272,26
14928,18273,33
14928,18276,14
14928,18277,4
14928,18278,2
14928,18281,12
14928,18282,3
14928,18283,6
14928,18284,42
14928,18285,64.5
14928,18286,11
14928,18291,2
14928,18301,2
14928,18304,26
14928,18305,9
14928,18314,9
14928,18315,4
14928,18316,6
14928,18325,12
14928,18326,6
14928,18345,35.5
14928,18346,48
14928,18347,32
14928,18348,23.5
14928,18349,5
14928,18362,6
14928,18386,3
14928,18391,14
14928,18392,36
14928,18393,10
14928,18394,2
14928,18405,11
14928,18406,2
14928,18407,13
14928,18408,2
14928,18409,12
14928,18410,29
14928,18411,24
14928,18412,8
14928,18419,2
14928,18420,4
14928,18421,3
14928,18437,5
14928,18460,10
14928,18461,1
14928,18472,2
14928,18473,8
14928,18502,9
14928,18503,25
14928,18504,13
14928,18505,11
14928,18506,7
14928,18517,2
14928,18521,1
14928,18523,3
14928,18535,3
14928,18537,3
14928,18543,5
14928,18550,4
14928,18553,4
14928,18571,2
14928,18585,3
14928,18589,4
14928,18596,1
14928,18597,5
14928,18602,2
14928,18610,6
14928,18611,4
14928,18612,15
14928,18624,2
14928,18625,2
14929,18035,11
14929,18036,23
14929,18037,17
14929,18038,12
14929,18039,116
14929,18040,104
14929,18041,113
14929,18042,21
14929,18043,2
14929,18044,84
14929,18045,49.5
14929,18046,39
14929,18047,7
14929,18048,4
14929,18049,2
14929,18055,4
14929,18056,6
14929,18063,9.5
14929,18064,55
14929,18065,102.5
14929,18066,46
14929,18067,37
14929,18068,98.5
14929,18074,3
14929,18075,5
14929,18076,4
14929,18077,86
14929,18078,31
14929,18079,53
14929,18080,109
14929,18081,194.5
14929,18082,72
14929,18083,23
14929,18084,11.5
14929,18085,7
14929,18086,11
14929,18090,8
14929,18091,43
14929,18092,51.5
14929,18093,6
14929,18094,12
14929,18099,1
14929,18100,20
14929,18103,2
14929,18104,4
14929,18106,5
14929,18107,8
14929,18109,1
14929,18110,5
14929,18111,33
14929,18112,19
14929,18115,1
14929,18116,10
14929,18117,21.5
14929,18118,24
14929,18119,14
14929,18120,12
14929,18121,5
14929,18122,1
14929,18123,2
14929,18128,5
14929,18129,13
14929,18130,1
14929,18131,28
14929,18132,26
14929,18134,3
14929,18135,73.5
14929,18139,6
14929,18140,23
14929,18141,3.5
14929,18169,18
14929,18173,3
14929,18186,8
14929,18193,2
14929,18195,5
14929,18196,26
14929,18197,11
14929,18198,31
14929,18206,5.5
14929,18210,3
14929,18211,6
14929,18212,4
14929,18215,4
14929,18216,11
14929,18217,6
14929,18226,4
14929,18227,12
14929,18230,2
14929,18231,3
14929,18246,14
14929,18248,3
14929,18254,5
14929,18263,8
14929,18268,13
14929,18271,120
14929,18272,150
14929,18273,103
14929,18274,9
14929,18275,13
14929,18276,102
14929,18277,63
14929,18278,29
14929,18279,11
14929,18280,7
14929,18281,15
14929,18282,5
14929,18283,11
14929,18284,10
14929,18285,48
14929,18286,9
14929,18294,2
14929,18295,14
14929,18296,3
14929,18298,2
14929,18299,13
14929,18300,3
14929,18304,27
14929,18305,23
14929,18307,4
14929,18329,6
14929,18346,4.5
14929,18347,68.5
14929,18348,10
14929,18359,5
14929,18364,2
14929,18372,22.5
14929,18373,2
14929,18391,3
14929,18392,3
14929,18404,1
14929,18405,31
14929,18406,39.5
14929,18407,13
14929,18408,31
14929,18409,6
14929,18410,14
14929,18411,3
14929,18419,5
14929,18420,13.5
14929,18421,2
14929,18429,2
14929,18431,4
14929,18432,3
14929,18439,4
14929,18470,9
14929,18471,2
14929,18472,1
14929,18475,2
14929,18503,7
14929,18504,14
14929,18505,37.5
14929,18506,37
14929,18511,2
14929,18516,2.5
14929,18517,9
14929,18524,1
14929,18525,4
14929,18527,2
14929,18536,8
14929,18542,2
14929,18543,2
14929,18549,1
14929,18554,3
14929,18558,5
14929,18560,6
14929,18561,2
14929,18565,3
14929,18597,1
14929,18598,15
14929,18599,1
14929,18600,9
14929,18610,12
14929,18611,24
14929,18612,1
14929,18631,2
14930,18037,4
14930,18038,7.5
14930,18039,46
14930,18040,185.5
14930,18041,96.5
14930,18042,70
14930,18043,51.5
14930,18044,90
14930,18045,72
14930,18046,44
14930,18047,22.5
14930,18055,14
14930,18056,4
14930,18063,19.5
14930,18064,90
14930,18065,62
14930,18066,68
14930,18067,108
14930,18068,87
14930,18071,1
14930,18072,3
14930,18073,3
14930,18077,13
14930,18078,42
14930,18079,56
14930,18080,69
14930,18081,82
14930,18082,50
14930,18091,43
14930,18092,42
14930,18093,10
14930,18100,4
14930,18107,3
14930,18110,4
14930,18111,13
14930,18112,4
14930,18118,28
14930,18119,89
14930,18120,59.5
14930,18122,6
14930,18133,6
14930,18134,10
14930,18137,4
14930,18138,3
14930,18140,15
14930,18141,7
14930,18152,4
14930,18155,2
14930,18164,4
14930,18165,4
14930,18167,2
14930,18168,18
14930,18169,44
14930,18195,4
14930,18196,13
14930,18197,19
14930,18198,33
14930,18206,2
14930,18211,5
14930,18212,4
14930,18214,2
14930,18226,20
14930,18227,22
14930,18229,2
14930,18230,17
14930,18236,5
14930,18246,2
14930,18249,4
14930,18254,2
14930,18261,4
14930,18264,9
14930,18265,5
14930,18268,20
14930,18269,2
14930,18270,1
14930,18271,115
14930,18272,97.5
14930,18273,102
14930,18274,146.5
14930,18275,78
14930,18276,64
14930,18277,82
14930,18278,11
14930,18279,16
14930,18280,3
14930,18281,6
14930,18282,16
14930,18283,5
14930,18284,11
14930,18285,18
14930,18286,4
14930,18287,5
14930,18291,2
14930,18292,6.5
14930,18293,1
14930,18294,4
14930,18296,9
14930,18297,25
14930,18298,47
14930,18299,24
14930,18304,6
14930,18305,19
14930,18336,4
14930,18341,6
14930,18347,5
14930,18355,3
14930,18357,4
14930,18358,5
14930,18364,19
14930,18365,23
14930,18366,6
14930,18371,14
14930,18372,22
14930,18373,1
14930,18385,12
14930,18405,33
14930,18406,8
14930,18419,8
14930,18420,36
14930,18421,28
14930,18422,6
14930,18430,14
14930,18431,8
14930,18432,3
14930,18433,20
14930,18434,11
14930,18435,3
14930,18468,5
14930,18470,2
14930,18472,8
14930,18473,17
14930,18474,20
14930,18475,10
14930,18476,20
14930,18477,2
14930,18503,5
14930,18506,8
14930,18517,5
14930,18518,2
14930,18519,4
14930,18527,5
14930,18532,1
14930,18540,3
14930,18544,4
14930,18545,3
14930,18550,1
14930,18551,5
14930,18558,3
14930,18559,5
14930,18560,3
14930,18564,2
14930,18568,4
14930,18577,2
14930,18578,4
14930,18580,3
14930,18583,1
14930,18588,4
14930,18597,4
14930,18598,1
14930,18600,6
14930,18611,9
14930,18612,12
14930,18613,1
14930,18630,5
14930,18632,1
14931,18033,10.5
14931,18035,33
14931,18036,41
14931,18037,20
14931,18038,4
14931,18039,2
14931,18040,106
14931,18041,32
14931,18042,42
14931,18043,13
14931,18044,50
14931,18045,40
14931,18046,3
14931,18047,4
14931,18048,29
14931,18049,11
14931,18051,4
14931,18052,2
14931,18054,1
14931,18055,3
14931,18062,8
14931,18063,21
14931,18064,29
14931,18065,19
14931,18066,82.5
14931,18067,176.5
14931,18068,22
14931,18071,6
14931,18073,1
14931,18079,36
14931,18080,31
14931,18081,53
14931,18082,28
14931,18090,29
14931,18091,69
14931,18092,62
14931,18093,4
14931,18095,7
14931,18096,1
14931,18109,8
14931,18118,4
14931,18119,57.5
14931,18120,71.5
14931,18133,1
14931,18135,4
14931,18138,33.5
14931,18139,18
14931,18140,36
14931,18141,25
14931,18143,3
14931,18144,15
14931,18152,14
14931,18153,22
14931,18154,7
14931,18156,3
14931,18167,6
14931,18169,59.5
14931,18170,2
14931,18197,8
14931,18199,2
14931,18200,6
14931,18205,14
14931,18212,2
14931,18213,5
14931,18218,11.5
14931,18221,4
14931,18226,4.5
14931,18227,36
14931,18229,5
14931,18230,6
14931,18231,4
14931,18232,2
14931,18247,2
14931,18262,1
14931,18268,17
14931,18270,59.5
14931,18271,96
14931,18272,76
14931,18273,175.5
14931,18274,180
14931,18275,91
14931,18276,78.5
14931,18277,236
14931,18278,146
14931,18279,14
14931,18281,2
14931,18282,45
14931,18283,34
14931,18284,36
14931,18285,15
14931,18287,6
14931,18288,2
14931,18293,6
14931,18294,18
14931,18295,5
14931,18297,66
14931,18298,34
14931,18299,4
14931,18318,1
14931,18319,3
14931,18329,2
14931,18335,5
14931,18336,9
14931,18340,8
14931,18341,43
14931,18342,6
14931,18347,4
14931,18348,24
14931,18349,4
14931,18357,36
14931,18358,1
14931,18360,6
14931,18364,4.5
14931,18365,2
14931,18367,5
14931,18368,22
14931,18369,21
14931,18370,28.5
14931,18371,10
14931,18374,4
14931,18384,11
14931,18385,17
14931,18406,1
14931,18417,2
14931,18418,49
14931,18419,26
14931,18420,31
14931,18421,5
14931,18422,18
14931,18430,3
14931,18432,2
14931,18468,10
14931,18472,3
14931,18475,21
14931,18476,41.5
14931,18478,2
14931,18488,6
14931,18504,3
14931,18506,4
14931,18518,1
14931,18519,5
14931,18530,5
14931,18534,1
14931,18535,5
14931,18538,2
14931,18543,4
14931,18546,1
14931,18550,15
14931,18551,12
14931,18552,9.5
14931,18553,6
14931,18563,5
14931,18568,2
14931,18598,3.5
14931,18599,6
14931,18610,2
14931,18611,8
14931,18612,11
14931,18630,4
14931,18633,2
14931,18634,3
14932,18033,8
14932,18034,45
14932,18035,20
14932,18037,25.5
14932,18038,29.5
14932,18039,5
14932,18040,41.5
14932,18041,4
14932,18042,11.5
14932,18043,169
14932,18044,1
14932,18045,5
14932,18051,9
14932,18052,44
14932,18053,35
14932,18054,16
14932,18062,7
14932,18067,6
14932,18072,4
14932,18073,4
14932,18076,4
14932,18077,4
14932,18079,14
14932,18080,3
14932,18081,58
14932,18082,11
14932,18091,54.5
14932,18092,16.5
14932,18095,5
14932,18096,9
14932,18098,4
14932,18106,1
14932,18117,5
14932,18118,4
14932,18119,4
14932,18120,3
14932,18132,4
14932,18133,16
14932,18135,10
14932,18139,34
14932,18140,29
14932,18141,51.5
14932,18142,19.5
14932,18143,22
14932,18144,4
14932,18149,4
14932,18150,7
14932,18151,22
14932,18152,26
14932,18160,8
14932,18168,33
14932,18169,4
14932,18170,38
14932,18171,5
14932,18175,61.5
14932,18176,7
14932,18188,13
14932,18189,3
14932,18203,13.5
14932,18204,25
14932,18205,18
14932,18218,16
14932,18221,2
14932,18222,9
14932,18224,12
14932,18226,38
14932,18227,30
14932,18229,3
14932,18231,2
14932,18236,11
14932,18237,3
14932,18246,1
14932,18258,1
14932,18269,25
14932,18270,91
14932,18271,213
14932,18272,85
14932,18273,75
14932,18274,94.5
14932,18275,48
14932,18276,187
14932,18277,65
14932,18278,132
14932,18279,225
14932,18280,47
14932,18281,37
14932,18282,27
14932,18283,3
14932,18284,10
14932,18286,7
14932,18287,4
14932,18294,7
14932,18295,18
14932,18297,13
14932,18298,12
14932,18300,9
14932,18317,3
14932,18318,15
14932,18319,5
14932,18329,7
14932,18333,8
14932,18334,27.5
14932,18335,17
14932,18336,6
14932,18337,5
14932,18340,32.5
14932,18341,23
14932,18347,18
14932,18348,44
14932,18349,2
14932,18357,33
14932,18360,5
14932,18368,16
14932,18369,1
14932,18370,7
14932,18371,1
14932,18372,4
14932,18385,2
14932,18404,3
14932,18405,5
14932,18406,6
14932,18416,16
14932,18418,30
14932,18420,15
14932,18421,1
14932,18432,6
14932,18434,3
14932,18466,3
14932,18467,25
14932,18468,4
14932,18469,2
14932,18476,12
14932,18477,19
14932,18478,6
14932,18486,4
14932,18487,9
14932,18488,70
14932,18493,1
14932,18506,6
14932,18519,5
14932,18520,13
14932,18521,5
14932,18527,2
14932,18528,1.5
14932,18540,1
14932,18543,3
14932,18545,4
14932,18549,1
14932,18550,3
14932,18551,11
14932,18555,6
14932,18556,3
14932,18558,2
14932,18569,1
14932,18597,2
14932,18598,12.5
14932,18599,5
14932,18609,2
14932,18612,3
14932,18613,6
14933,18034,4
14933,18037,16
14933,18038,62
14933,18039,9
14933,18040,6
14933,18044,9
14933,18045,1
14933,18051,3
14933,18052,41.5
14933,18053,10
14933,18067,4
14933,18068,2
14933,18073,4
14933,18074,2
14933,18077,2
14933,18079,2
14933,18081,63
14933,18082,5
14933,18088,2
14933,18091,13
14933,18092,31
14933,18093,14
14933,18096,8
14933,18097,19
14933,18098,13
14933,18103,3
14933,18105,4
14933,18106,8
14933,18109,2
14933,18110,5
14933,18114,1
14933,18118,2
14933,18134,3
14933,18135,2
14933,18141,11
14933,18142,66
14933,18143,30
14933,18144,18
14933,18149,10
14933,18151,1
14933,18152,11
14933,18153,33
14933,18161,2
14933,18164,4
14933,18165,3
14933,18168,5
14933,18170,25
14933,18176,5
14933,18179,1
14933,18188,2
14933,18191,5
14933,18200,6
14933,18201,3
14933,18203,33
14933,18204,76.5
14933,18205,53
14933,18208,4
14933,18209,1
14933,18215,5
14933,18218,1
14933,18221,7
14933,18222,7
14933,18223,1
14933,18227,24
14933,18228,62
14933,18229,32
14933,18230,5
14933,18231,9
14933,18251,2
14933,18255,4
14933,18264,2
14933,18268,40
14933,18269,81
14933,18270,75
14933,18271,39
14933,18272,106
14933,18273,279
14933,18274,159.5
14933,18275,101
14933,18276,121
14933,18277,300.5
14933,18278,461.5
14933,18279,61.5
14933,18282,52
14933,18283,11
14933,18287,3
14933,18288,10
14933,18295,9
14933,18317,4
14933,18318,7
14933,18329,3
14933,18333,2
14933,18334,3.5
14933,18340,31
14933,18346,3
14933,18347,5
14933,18348,2
14933,18356,7
14933,18357,23.5
14933,18358,2
14933,18365,71.5
14933,18366,24
14933,18367,62
14933,18368,61
14933,18379,5
14933,18389,2
14933,18403,12
14933,18404,1
14933,18406,14
14933,18407,13
14933,18411,2
14933,18413,3
14933,18414,11
14933,18415,6
14933,18428,1
14933,18431,3
14933,18432,23
14933,18452,7
14933,18465,1
14933,18466,18
14933,18467,2
14933,18468,2
14933,18477,25
14933,18478,15
14933,18479,8
14933,18480,4
14933,18486,8
14933,18487,21
14933,18488,8
14933,18489,31
14933,18490,31
14933,18491,6
14933,18492,3
14933,18498,3
14933,18507,1.5
14933,18522,7
14933,18523,1
14933,18524,1
14933,18527,3
14933,18528,5
14933,18536,2
14933,18537,3
14933,18538,2
14933,18543,2
14933,18546,5
14933,18547,2
14933,18551,2
14933,18561,5
14933,18566,1
14933,18567,6
14933,18568,8
14933,18570,2
14933,18597,6
14933,18598,8
14933,18609,2
14933,18626,1
14933,18627,5
14934,18035,13
14934,18036,10
14934,18037,62.5
14934,18038,50
14934,18039,19
14934,18040,2
14934,18041,9
14934,18044,11
14934,18046,8
14934,18052,1
14934,18053,23
14934,18054,22.5
14934,18055,25
14934,18056,48
14934,18059,3
14934,18067,3
14934,18069,10
14934,18076,5
14934,18080,12
14934,18081,66
14934,18092,6.5
14934,18093,3
14934,18096,18
14934,18097,20
14934,18103,7
14934,18104,7
14934,18113,4
14934,18114,9
14934,18115,10
14934,18119,2
14934,18121,2
14934,18128,3
14934,18129,11
14934,18130,3
14934,18131,2
14934,18142,20
14934,18143,7
14934,18149,2
14934,18151,7
14934,18152,32
14934,18153,86
14934,18154,48
14934,18155,7
14934,18159,4.5
14934,18164,5
14934,18165,15
14934,18166,7
14934,18167,19
14934,18168,19
14934,18170,2
14934,18174,3
14934,18175,6
14934,18180,8
14934,18182,3
14934,18183,3
14934,18184,5
14934,18185,27
14934,18186,47
14934,18187,29
14934,18188,4
14934,18190,1
14934,18191,2
14934,18200,6
14934,18201,2
14934,18203,3
14934,18204,15.5
14934,18205,66
14934,18206,2
14934,18209,3
14934,18214,4
14934,18215,5
14934,18217,19
14934,18218,2
14934,18222,4
14934,18223,2
14934,18226,12
14934,18227,95.5
14934,18228,47
14934,18229,2
14934,18231,5
14934,18232,5
14934,18233,7
14934,18246,2
14934,18247,4
14934,18249,8
14934,18250,7
14934,18256,9
14934,18257,19
14934,18258,2
14934,18260,15
14934,18261,14
14934,18262,16.5
14934,18263,19
14934,18264,50
14934,18265,27
14934,18266,65
14934,18267,68.5
14934,18268,28
14934,18269,27
14934,18270,79
14934,18271,117
14934,18272,186.5
14934,18273,166.5
14934,18274,241
14934,18275,110
14934,18276,284
14934,18277,131
14934,18278,224
14934,18279,7
14934,18281,48.5
14934,18282,68.5
14934,18283,70.5
14934,18284,15
14934,18285,2
14934,18286,7
14934,18294,6.5
14934,18295,10
14934,18297,2
14934,18303,1
14934,18312,1
14934,18314,2
14934,18316,2
14934,18329,3
14934,18340,9
14934,18356,2
14934,18357,33
14934,18358,7
14934,18365,12
14934,18366,51
14934,18367,58.5
14934,18368,21
14934,18378,3
14934,18379,10
14934,18387,7
14934,18388,5
14934,18389,25
14934,18402,7
14934,18403,28
14934,18407,20.5
14934,18411,24
14934,18412,41
14934,18413,7
14934,18414,12
14934,18429,1
14934,18430,1
14934,18431,13
14934,18432,6.5
14934,18442,3
14934,18462,3
14934,18466,4
14934,18468,39
14934,18479,2
14934,18488,3
14934,18489,4
14934,18490,1
14934,18491,5
14934,18499,3
14934,18507,2
14934,18517,4
14934,18518,2
14934,18523,4
14934,18524,1
14934,18531,2
14934,18537,8
14934,18538,2
14934,18542,3
14934,18545,1
14934,18547,1.5
14934,18562,2
14934,18567,4
14934,18568,1
14934,18569,5.5
14934,18596,12
14934,18597,3
14934,18627,6
14935,18035,7
14935,18036,35
14935,18037,37.5
14935,18038,9
14935,18039,38
14935,18040,2
14935,18042,4
14935,18043,23
14935,18044,11
14935,18046,11
14935,18052,4.5
14935,18056,20
14935,18069,13
14935,18079,12
14935,18080,12
14935,18081,8
14935,18087,5
14935,18096,5
14935,18097,4
14935,18103,14
14935,18105,2
14935,18106,9
14935,18111,4
14935,18112,4
14935,18113,4.5
14935,18117,5
14935,18121,7
14935,18128,13
14935,18132,1
14935,18135,5
14935,18136,4
14935,18142,2
14935,18143,8
14935,18149,20
14935,18150,23
14935,18151,42
14935,18152,25
14935,18153,4
14935,18154,87.5
14935,18155,63
14935,18156,21
14935,18157,3
14935,18158,3
14935,18159,3
14935,18161,3
14935,18165,5
14935,18166,5
14935,18167,30
14935,18168,34
14935,18170,9
14935,18173,12
14935,18174,18
14935,18175,12
14935,18176,2
14935,18185,40
14935,18186,89
14935,18187,52
14935,18191,1
14935,18204,5
14935,18208,2
14935,18210,7
14935,18217,22
14935,18226,4.5
14935,18227,3
14935,18228,17
14935,18232,6
14935,18233,4
14935,18246,20
14935,18247,20
14935,18248,2
14935,18249,62
14935,18250,71.5
14935,18251,52
14935,18252,6
14935,18256,9.5
14935,18257,35.5
14935,18258,2.5
14935,18260,37
14935,18261,20
14935,18262,6
14935,18263,8
14935,18265,26
14935,18266,41
14935,18267,18
14935,18268,12
14935,18269,8
14935,18270,75
14935,18271,98.5
14935,18272,176.5
14935,18273,174
14935,18274,108.5
14935,18275,114
14935,18276,77
14935,18277,324
14935,18278,65
14935,18279,31
14935,18280,35
14935,18281,178.5
14935,18282,75
14935,18283,71
14935,18284,17
14935,18291,11
14935,18295,3
14935,18311,2
14935,18313,7
14935,18314,1
14935,18315,3.5
14935,18316,1
14935,18323,13
14935,18329,3
14935,18330,2
14935,18331,3.5
14935,18332,11
14935,18334,1
14935,18340,39
14935,18341,17
14935,18351,3
14935,18352,2
14935,18354,3
14935,18357,26
14935,18365,14
14935,18366,59
14935,18367,75.5
14935,18368,7
14935,18376,7
14935,18377,28
14935,18382,2
14935,18383,8
14935,18387,2
14935,18388,7.5
14935,18389,15
14935,18390,4
14935,18400,15
14935,18401,26.5
14935,18402,27.5
14935,18411,6
14935,18412,12
14935,18413,19
14935,18414,4
14935,18430,12
14935,18431,22
14935,18432,23
14935,18433,6
14935,18440,3
14935,18466,8
14935,18467,11
14935,18468,6
14935,18517,8
14935,18526,1
14935,18529,5
14935,18538,6
14935,18550,4
14935,18552,5
14935,18557,2
14935,18563,7
14935,18564,12
14935,18565,14
14935,18567,6
14935,18569,11
14935,18582,3
14935,18596,11
14935,18597,5
14935,18609,1
14935,18626,10
14935,18627,2
14936,18038,6
14936,18039,48
14936,18040,46
14936,18041,37
14936,18042,14
14936,18043,16
14936,18046,20
14936,18047,24
14936,18048,5
14936,18052,27
14936,18053,25
14936,18058,4
14936,18059,4
14936,18060,2
14936,18064,2
14936,18071,4
14936,18072,7
14936,18073,3.5
14936,18077,4
14936,18078,25.5
14936,18089,3
14936,18090,3
14936,18091,15
14936,18092,11
14936,18100,18
14936,18101,1
14936,18103,4
14936,18105,12
14936,18106,1
14936,18111,16
14936,18112,18
14936,18117,5
14936,18118,10
14936,18124,5
14936,18125,3
14936,18136,12.5
14936,18142,16
14936,18146,3
14936,18149,1
14936,18150,36.5
14936,18151,49
14936,18152,24
14936,18153,61
14936,18154,88
14936,18155,17
14936,18156,38
14936,18157,6
14936,18159,8
14936,18160,24
14936,18161,1
14936,18162,16
14936,18163,3
14936,18165,7
14936,18170,20.5
14936,18172,13
14936,18173,95
14936,18174,122.5
14936,18175,65
14936,18176,5
14936,18178,8
14936,18184,2
14936,18185,15
14936,18186,27
14936,18187,24
14936,18188,6
14936,18189,1
14936,18198,5
14936,18201,6
14936,18204,9
14936,18205,7
14936,18209,1
14936,18225,2
14936,18232,3
14936,18235,2
14936,18246,4
14936,18248,5
14936,18249,8
14936,18250,3.5
14936,18251,10
14936,18252,3
14936,18256,6
14936,18257,7
14936,18259,4
14936,18260,22.5
14936,18261,6
14936,18264,4
14936,18265,5
14936,18267,3
14936,18270,8
14936,18271,73
14936,18272,116.5
14936,18273,188.5
14936,18274,157.5
14936,18275,114.5
14936,18276,177
14936,18277,50
14936,18278,25.5
14936,18279,28
14936,18280,46
14936,18281,56
14936,18282,233
14936,18283,80
14936,18284,25
14936,18302,10
14936,18303,8
14936,18311,13
14936,18312,4
14936,18316,2
14936,18322,2
14936,18332,7.5
14936,18339,7
14936,18340,3
14936,18341,4
14936,18342,17
14936,18354,15
14936,18355,5
14936,18363,5
14936,18366,12
14936,18367,2
14936,18368,2
14936,18375,7
14936,18376,36
14936,18377,10.5
14936,18378,4
14936,18379,3
14936,18383,4
14936,18397,9.5
14936,18398,22
14936,18399,12
14936,18400,12
14936,18401,6
14936,18413,13
14936,18430,1
14936,18431,1
14936,18432,11
14936,18433,35
14936,18439,3
14936,18440,26
14936,18466,6
14936,18468,10
14936,18515,3
14936,18516,1
14936,18517,13.5
14936,18518,7
14936,18519,7
14936,18521,1
14936,18530,4
14936,18533,4
14936,18540,3
14936,18542,5
14936,18544,3
14936,18545,2
14936,18546,1
14936,18547,1
14936,18551,1
14936,18552,2
14936,18553,6
14936,18558,5
14936,18566,14.5
14936,18567,27
14936,18568,1
14936,18575,1
14936,18576,5
14936,18594,4
14936,18595,18
14936,18596,4
14936,18609,1
14936,18612,5
14936,18613,8
14936,18627,14
14937,18036,3
14937,18038,20
14937,18039,23
14937,18040,38
14937,18041,6
14937,18046,24
14937,18047,29
14937,18048,4
14937,18053,4
14937,18054,4
14937,18058,8
14937,18063,13
14937,18064,8
14937,18072,7
14937,18074,4
14937,18077,4.5
14937,18078,13
14937,18082,3
14937,18091,20
14937,18092,2
14937,18099,2
14937,18100,31
14937,18101,7
14937,18103,7
14937,18105,13.5
14937,18106,4
14937,18111,4
14937,18112,3
14937,18118,2
14937,18119,3
14937,18126,2
14937,18128,2
14937,18129,6
14937,18132,13
14937,18136,3
14937,18142,3
14937,18146,4
14937,18150,7
14937,18151,12
14937,18152,16.5
14937,18153,14
14937,18154,16
14937,18156,7
14937,18162,3
14937,18163,5
14937,18170,13
14937,18172,53
14937,18173,36
14937,18174,68.5
14937,18175,86.5
14937,18176,16
14937,18178,5
14937,18179,3
14937,18187,52
14937,18188,15
14937,18192,5
14937,18199,2
14937,18203,2
14937,18204,21
14937,18205,6
14937,18206,2
14937,18207,7
14937,18216,6
14937,18256,10
14937,18257,36
14937,18258,40.5
14937,18259,8
14937,18260,7
14937,18261,28.5
14937,18264,4
14937,18266,2
14937,18268,9
14937,18269,2
14937,18270,23.5
14937,18271,81
14937,18272,59
14937,18273,36
14937,18274,42.5
14937,18275,56.5
14937,18276,46
14937,18277,34
14937,18278,10
14937,18279,5
14937,18280,2
14937,18281,13
14937,18282,45
14937,18283,28
14937,18284,5
14937,18291,6
14937,18301,2
14937,18302,21
14937,18303,7
14937,18309,4
14937,18310,11
14937,18311,23
14937,18312,8
14937,18322,11
14937,18323,2
14937,18326,10
14937,18335,4
14937,18337,2
14937,18338,4
14937,18339,3
14937,18360,1
14937,18375,2
14937,18376,7
14937,18384,7
14937,18385,5
14937,18396,4
14937,18397,14
14937,18398,13
14937,18399,16
14937,18407,3
14937,18413,4
14937,18432,19
14937,18433,4
14937,18439,2
14937,18440,9
14937,18441,35
14937,18445,2
14937,18454,3
14937,18460,7
14937,18466,13
14937,18468,2
14937,18483,7
14937,18484,2
14937,18494,4
14937,18500,2
14937,18515,2
14937,18517,6
14937,18518,1
14937,18519,28
14937,18520,5
14937,18529,1
14937,18532,2
14937,18540,2
14937,18541,1
14937,18542,1
14937,18545,3
14937,18564,1
14937,18567,6
14937,18568,15
14937,18569,8
14937,18573,3
14937,18574,4
14937,18594,5
14937,18595,24
14937,18608,5
14937,18628,4
14937,18629,2
14937,18633,2
14938,18040,6
14938,18041,28
14938,18042,7
14938,18046,6
14938,18047,10
14938,18048,5
14938,18049,6
14938,18054,10
14938,18062,3
14938,18063,21
14938,18064,2
14938,18077,7
14938,18078,18
14938,18079,10
14938,18080,4
14938,18085,9
14938,18100,2
14938,18103,8
14938,18104,21
14938,18117,17
14938,18121,2
14938,18126,3
14938,18128,29
14938,18129,36
14938,18130,11
14938,18131,11
14938,18137,8
14938,18142,2
14938,18146,2
14938,18147,4
14938,18150,4
14938,18152,18
14938,18153,30
14938,18162,17.5
14938,18163,2
14938,18169,9
14938,18170,18.5
14938,18172,11
14938,18174,30
14938,18175,4
14938,18176,2
14938,18178,2
14938,18179,6
14938,18186,3
14938,18187,20
14938,18188,8
14938,18191,2
14938,18192,4
14938,18194,4
14938,18196,2
14938,18199,2
14938,18200,2
14938,18205,9
14938,18206,5
14938,18207,6
14938,18217,5
14938,18218,10
14938,18234,4
14938,18238,4
14938,18256,2
14938,18268,74
14938,18269,16
14938,18270,25
14938,18271,12
14938,18272,51
14938,18273,124.5
14938,18274,48.5
14938,18275,10
14938,18276,15.5
14938,18277,13
14938,18278,40
14938,18279,20
14938,18280,7
14938,18284,9
14938,18285,7
14938,18289,4
14938,18290,2
14938,18293,34
14938,18302,11
14938,18303,24.5
14938,18304,12
14938,18306,6
14938,18307,2
14938,18310,13
14938,18311,25
14938,18312,44
14938,18313,4
14938,18314,2
14938,18321,5
14938,18322,5
14938,18323,13
14938,18324,1
14938,18325,4
14938,18336,3
14938,18337,12
14938,18338,16
14938,18339,2
14938,18348,2
14938,18349,23
14938,18350,9
14938,18383,3.5
14938,18384,39
14938,18385,4
14938,18396,6
14938,18397,5
14938,18398,2
14938,18407,6
14938,18408,1
14938,18419,4
14938,18420,1
14938,18429,5
14938,18430,13
14938,18431,10
14938,18432,8
14938,18433,13
14938,18440,4
14938,18441,23
14938,18454,2
14938,18461,22
14938,18462,5
14938,18466,34
14938,18467,8
14938,18483,10
14938,18484,6
14938,18493,3
14938,18494,2
14938,18501,6
14938,18515,4
14938,18516,15
14938,18519,13
14938,18520,7
14938,18521,4
14938,18535,4
14938,18536,4
14938,18539,2
14938,18541,9
14938,18555,3
14938,18569,6
14938,18570,23
14938,18572,2
14938,18573,1
14938,18574,18
14938,18575,21
14938,18576,5
14938,18577,5
14938,18583,1
14938,18593,8
14938,18594,25
14938,18595,5
14938,18596,16
14938,18607,1
14938,18609,17
14938,18610,7
14938,18630,10
14938,18631,1
14938,18633,1
14939,18040,1
14939,18041,67
14939,18042,25
14939,18045,4
14939,18046,8
14939,18047,10
14939,18048,28
14939,18062,5
14939,18063,16.5
14939,18076,22
14939,18077,27.5
14939,18078,7
14939,18079,44
14939,18080,36.5
14939,18085,8
14939,18087,2
14939,18091,15
14939,18092,6
14939,18094,2
14939,18098,9
14939,18100,5
14939,18101,26.5
14939,18102,36
14939,18103,72.5
14939,18104,71.5
14939,18105,8
14939,18111,6
14939,18116,2
14939,18117,17
14939,18119,2
14939,18122,7
14939,18125,3
14939,18128,12
14939,18129,79
14939,18130,10
14939,18133,3
14939,18138,5
14939,18141,2
14939,18148,3
14939,18151,5
14939,18152,4
14939,18153,4
14939,18162,16
14939,18166,3
14939,18167,3
14939,18169,8
14939,18170,10
14939,18179,4
14939,18180,5
14939,18196,5
14939,18199,8
14939,18200,7
14939,18201,2
14939,18208,4
14939,18209,4
14939,18215,5
14939,18216,17
14939,18217,38
14939,18238,4
14939,18239,1.5
14939,18243,3
14939,18252,3
14939,18253,3
14939,18266,4
14939,18267,16
14939,18268,29
14939,18269,2
14939,18270,22
14939,18271,2
14939,18273,100
14939,18274,73
14939,18275,65
14939,18276,39
14939,18277,25
14939,18278,69.5
14939,18279,63
14939,18280,54.5
14939,18281,14
14939,18282,17
14939,18283,8
14939,18284,11
14939,18288,2
14939,18289,7
14939,18302,14
14939,18303,39
14939,18304,54
14939,18305,71.5
14939,18306,14
14939,18307,2
14939,18310,12
14939,18311,64
14939,18312,57.5
14939,18313,4
14939,18314,10
14939,18321,4
14939,18322,7
14939,18323,22
14939,18324,7
14939,18325,5
14939,18334,7
14939,18335,34
14939,18336,16
14939,18347,4
14939,18349,2
14939,18350,2
14939,18363,3
14939,18381,4
14939,18384,8
14939,18385,12
14939,18386,4
14939,18396,20
14939,18407,5
14939,18408,15
14939,18409,2
14939,18410,1
14939,18415,2
14939,18416,4
14939,18419,1
14939,18432,10
14939,18433,32
14939,18434,10
14939,18440,3
14939,18458,3
14939,18459,11
14939,18460,7
14939,18466,36.5
14939,18467,3
14939,18468,10
14939,18484,2
14939,18492,5
14939,18493,13
14939,18494,7
14939,18501,2
14939,18506,5
14939,18519,1
14939,18520,4
14939,18524,2
14939,18527,2
14939,18531,2
14939,18537,3
14939,18540,2
14939,18541,8
14939,18542,8
14939,18544,2
14939,18546,5
14939,18550,3
14939,18552,2.5
14939,18554,4
14939,18577,2
14939,18578,2
14939,18593,3
14939,18594,33
14939,18595,38
14939,18596,2
14939,18599,4
14939,18600,2
14939,18610,14
14939,18611,9
14939,18633,6
14940,18041,72
14940,18042,11
14940,18048,5
14940,18063,20
14940,18064,20
14940,18076,84.5
14940,18077,82
14940,18078,52.5
14940,18079,82
14940,18080,47
14940,18086,12
14940,18091,11
14940,18092,14.5
14940,18097,6
14940,18098,21
14940,18099,13
14940,18100,30
14940,18101,60
14940,18102,98.5
14940,18103,118.5
14940,18104,59.5
14940,18105,5
14940,18106,4
14940,18107,23
14940,18109,1
14940,18110,9
14940,18111,2
14940,18113,4
14940,18114,3
14940,18115,3
14940,18117,12
14940,18121,2
14940,18125,8
14940,18129,2
14940,18131,1
14940,18132,2
14940,18134,6
14940,18138,20.5
14940,18139,2.5
14940,18149,1
14940,18150,7
14940,18151,14
14940,18152,28
14940,18153,4
14940,18154,6
14940,18157,19
14940,18158,2
14940,18160,3
14940,18161,5
14940,18162,6
14940,18163,22
14940,18164,5
14940,18175,5
14940,18180,5
14940,18181,11
14940,18198,4
14940,18199,4
14940,18200,1
14940,18201,1
14940,18207,5
14940,18209,8
14940,18210,4
14940,18211,8
14940,18212,5
14940,18215,12
14940,18216,10
14940,18217,9
14940,18218,13
14940,18240,15
14940,18241,1
14940,18252,1
14940,18256,4
14940,18257,4
14940,18260,2
14940,18266,4
14940,18267,7
14940,18272,2
14940,18274,53.5
14940,18275,31
14940,18276,26
14940,18277,25
14940,18278,50
14940,18279,104.5
14940,18280,68.5
14940,18281,29.5
14940,18282,57
14940,18283,8
14940,18288,10
14940,18289,2
14940,18291,4
14940,18302,12
14940,18303,38.5
14940,18304,50.5
14940,18305,29
14940,18306,14
14940,18307,22
14940,18309,20
14940,18310,91.5
14940,18311,12
14940,18318,2
14940,18321,2
14940,18322,18.5
14940,18323,20
14940,18333,2
14940,18334,35.5
14940,18335,2
14940,18350,4
14940,18364,21
14940,18365,8
14940,18366,6
14940,18374,2
14940,18379,7
14940,18380,28.5
14940,18381,17
14940,18388,1
14940,18389,6
14940,18396,5
14940,18407,10
14940,18408,7
14940,18409,2
14940,18415,3
14940,18419,3
14940,18420,2
14940,18421,5
14940,18427,3
14940,18443,15
14940,18458,3
14940,18459,11
14940,18460,2
14940,18462,17
14940,18463,8
14940,18466,78
14940,18467,77
14940,18468,12
14940,18469,2
14940,18483,2
14940,18493,6
14940,18494,17
14940,18502,6
14940,18519,2
14940,18520,2
14940,18523,2
14940,18529,2
14940,18539,2
14940,18540,2
14940,18542,6
14940,18545,4
14940,18551,3
14940,18552,3
14940,18555,2
14940,18556,2
14940,18591,1
14940,18592,5
14940,18593,16
14940,18594,26
14940,18595,2
14940,18599,2
14940,18600,12
14940,18602,2
14940,18607,2
14940,18613,2
14940,18618,4
14941,18041,34
14941,18042,16
14941,18043,13
14941,18044,7
14941,18045,3
14941,18048,11.5
14941,18049,4
14941,18065,4
14941,18066,9
14941,18074,1
14941,18075,27.5
14941,18076,44
14941,18077,86.5
14941,18078,10
14941,18080,3
14941,18094,2
14941,18101,68
14941,18102,81.5
14941,18103,45
14941,18104,6
14941,18107,5
14941,18108,4
14941,18110,5
14941,18111,7
14941,18113,8
14941,18114,10
14941,18116,4
14941,18127,5
14941,18128,4
14941,18129,32
14941,18130,10.5
14941,18131,15
14941,18139,2
14941,18142,4
14941,18143,2
14941,18152,5
14941,18153,16
14941,18154,4
14941,18155,2
14941,18157,15
14941,18160,2
14941,18161,12
14941,18162,7.5
14941,18163,19
14941,18167,22.5
14941,18168,3
14941,18172,2
14941,18173,3
14941,18175,16
14941,18176,10
14941,18181,39
14941,18182,28
14941,18211,3
14941,18212,19
14941,18213,9
14941,18218,4
14941,18219,18
14941,18223,5
14941,18224,10
14941,18238,5
14941,18239,7
14941,18240,9
14941,18252,7.5
14941,18256,9
14941,18257,7
14941,18259,7
14941,18261,8
14941,18270,1
14941,18272,22
14941,18273,28
14941,18274,43.5
14941,18275,25
14941,18278,10
14941,18282,18
14941,18288,4
14941,18302,2
14941,18303,6
14941,18304,4
14941,18307,5
14941,18308,7
14941,18309,20
14941,18310,3
14941,18311,3
14941,18312,3
14941,18321,14
14941,18322,58.5
14941,18331,1
14941,18332,3
14941,18333,10
14941,18345,6
14941,18364,24
14941,18365,5
14941,18366,2
14941,18379,8
14941,18380,1
14941,18381,3
14941,18388,12
14941,18389,3
14941,18394,24
14941,18402,3
14941,18407,11.5
14941,18415,8
14941,18416,6
14941,18418,4
14941,18420,4
14941,18421,19
14941,18422,3
14941,18423,3
14941,18425,1
14941,18435,1
14941,18443,11
14941,18444,1
14941,18451,4
14941,18452,4
14941,18457,2
14941,18458,10
14941,18459,2
14941,18460,2
14941,18462,5
14941,18464,4
14941,18465,2
14941,18466,110
14941,18467,145
14941,18468,10
14941,18492,6
14941,18493,3
14941,18494,2
14941,18497,4
14941,18507,2
14941,18518,8
14941,18519,1
14941,18520,2
14941,18524,1
14941,18530,5
14941,18531,1
14941,18536,2
14941,18540,34
14941,18541,4
14941,18542,1
14941,18544,3.5
14941,18551,1
14941,18552,4
14941,18554,3
14941,18555,7
14941,18556,4
14941,18557,5
14941,18593,13
14941,18594,10
14941,18598,7
14941,18599,24
14941,18600,3
14941,18617,1
14941,18619,2
14942,18042,9
14942,18043,48
14942,18044,49
14942,18045,2
14942,18049,2
14942,18054,7
14942,18055,16.5
14942,18056,2
14942,18057,12
14942,18065,5
14942,18070,6
14942,18071,7
14942,18075,37
14942,18076,151
14942,18077,48
14942,18080,2
14942,18084,2
14942,18086,3
14942,18090,6
14942,18093,12.5
14942,18094,9
14942,18095,7
14942,18098,2
14942,18101,13
14942,18102,3
14942,18103,6
14942,18105,9
14942,18114,6
14942,18115,7
14942,18116,2
14942,18122,4
14942,18123,1
14942,18127,24
14942,18129,18
14942,18130,15.5
14942,18151,11
14942,18152,54
14942,18153,23
14942,18154,8
14942,18161,29
14942,18162,4
14942,18163,10
14942,18165,4
14942,18166,19.5
14942,18167,6
14942,18171,3
14942,18172,25
14942,18173,6
14942,18174,16
14942,18175,6
14942,18176,5
14942,18181,5
14942,18182,6
14942,18210,2
14942,18213,7
14942,18215,3
14942,18218,16
14942,18223,5
14942,18224,24
14942,18230,2
14942,18238,15
14942,18239,13
14942,18240,4
14942,18242,9
14942,18243,3
14942,18248,21
14942,18249,4
14942,18250,3
14942,18252,20
14942,18257,9
14942,18259,3
14942,18272,6
14942,18273,49
14942,18274,28
14942,18282,20
14942,18292,7
14942,18297,2
14942,18298,3
14942,18303,2
14942,18304,12
14942,18307,9
14942,18308,15
14942,18309,33
14942,18310,24
14942,18311,12
14942,18316,2
14942,18321,12
14942,18322,32
14942,18323,12
14942,18338,9
14942,18365,4
14942,18366,3
14942,18388,2
14942,18393,7
14942,18394,12
14942,18402,2
14942,18403,7
14942,18404,3
14942,18407,3
14942,18410,6
14942,18421,33
14942,18422,10
14942,18424,3
14942,18425,13.5
14942,18426,5
14942,18427,3
14942,18433,1
14942,18435,9
14942,18444,26.5
14942,18445,8
14942,18451,2
14942,18452,10
14942,18457,3
14942,18464,9
14942,18465,102
14942,18466,164.5
14942,18467,123.5
14942,18468,77
14942,18469,16
14942,18470,10
14942,18483,10
14942,18494,4
14942,18495,1
14942,18519,6
14942,18521,5
14942,18522,2
14942,18527,1
14942,18532,6
14942,18533,4
14942,18534,2
14942,18538,2
14942,18543,2
14942,18544,2
14942,18547,16
14942,18549,1
14942,18552,3.5
14942,18584,5
14942,18592,2
14942,18593,4
14942,18598,1
14942,18599,7
14942,18600,11
14942,18601,5
14942,18603,1
14942,18604,5
14943,18043,45
14943,18044,69.5
14943,18045,22
14943,18053,2
14943,18054,29
14943,18055,22
14943,18058,8
14943,18063,16
14943,18070,3
14943,18071,5
14943,18076,17
14943,18077,43.5
14943,18079,1
14943,18081,2
14943,18082,8
14943,18084,14
14943,18089,6
14943,18091,1
14943,18095,5
14943,18103,13
14943,18105,4
14943,18106,11
14943,18107,4
14943,18116,5
14943,18122,4
14943,18127,2
14943,18129,2
14943,18135,7
14943,18140,2
14943,18143,2
14943,18151,2
14943,18152,19
14943,18153,9.5
14943,18161,1
14943,18162,15
14943,18163,5
14943,18164,16
14943,18165,19
14943,18167,3
14943,18170,1
14943,18171,3
14943,18172,15
14943,18180,7
14943,18181,5
14943,18207,16
14943,18223,12
14943,18224,46
14943,18225,24
14943,18230,4
14943,18232,1
14943,18237,6
14943,18238,12
14943,18239,3
14943,18242,16
14943,18243,13
14943,18244,38
14943,18245,17
14943,18246,2
14943,18247,13
14943,18248,31.5
14943,18249,15
14943,18250,2
14943,18252,9
14943,18257,16
14943,18268,10.5
14943,18269,3
14943,18273,8
14943,18274,11
14943,18277,2
14943,18282,2
14943,18292,10
14943,18293,5
14943,18295,2
14943,18296,17
14943,18297,11
14943,18298,21
14943,18308,10
14943,18309,4
14943,18311,14
14943,18312,9
14943,18322,15
14943,18323,2
14943,18328,1
14943,18329,6
14943,18337,16
14943,18338,22
14943,18339,27.5
14943,18351,29
14943,18352,20
14943,18353,4
14943,18386,1
14943,18393,7
14943,18394,12
14943,18407,11
14943,18421,1
14943,18422,3
14943,18423,6
14943,18424,13
14943,18425,14
14943,18426,8
14943,18427,1
14943,18433,24
14943,18434,4.5
14943,18435,12
14943,18436,7
14943,18442,2
14943,18444,7
14943,18445,25
14943,18451,6
14943,18452,5
14943,18453,6
14943,18464,14
14943,18465,17
14943,18467,101
14943,18468,54
14943,18469,39
14943,18470,134.5
14943,18471,57
14943,18482,18
14943,18483,36
14943,18484,4
14943,18494,2
14943,18517,4
14943,18521,2
14943,18522,3
14943,18537,2
14943,18542,3
14943,18543,14
14943,18544,4
14943,18547,2
14943,18552,5
14943,18553,2
14943,18564,1
14943,18565,8
14943,18600,4
14943,18601,5
14943,18602,9
14943,18603,20
14943,18604,1
14944,18043,32
14944,18044,15
14944,18045,11.5
14944,18046,2
14944,18053,24.5
14944,18054,20
14944,18055,14
14944,18063,38
14944,18064,25.5
14944,18069,11
14944,18070,2
14944,18074,13
14944,18075,16
14944,18076,8
14944,18077,12
14944,18082,3
14944,18083,4
14944,18085,3
14944,18086,8
14944,18089,5
14944,18090,5.5
14944,18091,7
14944,18092,2
14944,18093,7
14944,18095,1
14944,18096,2
14944,18097,8
14944,18098,7
14944,18103,23
14944,18107,6
14944,18109,28
14944,18111,13
14944,18118,2
14944,18120,5
14944,18123,1
14944,18125,16
14944,18126,6
14944,18127,9
14944,18129,5
14944,18132,4
14944,18134,2
14944,18136,2
14944,18139,2
14944,18140,3
14944,18141,38
14944,18142,44
14944,18143,19
14944,18145,8
14944,18150,2
14944,18152,5
14944,18153,5
14944,18154,21
14944,18155,9
14944,18156,3
14944,18160,5
14944,18161,2
14944,18162,7
14944,18163,3
14944,18164,7
14944,18167,26
14944,18168,3
14944,18171,12
14944,18179,3
14944,18180,18
14944,18181,22
14944,18182,38.5
14944,18183,19
14944,18185,2
14944,18192,5
14944,18222,2
14944,18223,5
14944,18237,6
14944,18238,3
14944,18244,6
14944,18245,8
14944,18246,4
14944,18248,4
14944,18249,3
14944,18258,2
14944,18259,4
14944,18271,6
14944,18272,8
14944,18273,9
14944,18276,1
14944,18277,5
14944,18285,5
14944,18293,30.5
14944,18294,28
14944,18295,4
14944,18296,6
14944,18298,1
14944,18310,4
14944,18322,4
14944,18323,8
14944,18328,12
14944,18329,4
14944,18330,5
14944,18336,5
14944,18337,25
14944,18338,31.5
14944,18339,55
14944,18340,2
14944,18341,7
14944,18351,1
14944,18352,13
14944,18353,23
14944,18354,7
14944,18361,5
14944,18379,6
14944,18384,8
14944,18386,3
14944,18393,5
14944,18407,12
14944,18425,11
14944,18433,2
14944,18434,15
14944,18435,10
14944,18441,5
14944,18442,2
14944,18444,3
14944,18445,28
14944,18446,6
14944,18453,1
14944,18467,57
14944,18468,21
14944,18469,102.5
14944,18470,37
14944,18471,28
14944,18482,5
14944,18483,31
14944,18484,32.5
14944,18485,33.5
14944,18486,15
14944,18487,7
14944,18500,2
14944,18501,1
14944,18516,2
14944,18517,3
14944,18520,4
14944,18521,2
14944,18537,2
14944,18538,25
14944,18539,28
14944,18541,22
14944,18542,7
14944,18543,60.5
14944,18544,18
14944,18545,1
14944,18547,1
14944,18551,4
14944,18554,1
14944,18565,2
14944,18566,3
14944,18595,4
14944,18596,1
14944,18597,3
14944,18603,2
14944,18604,2
14944,18605,8
14944,18607,4
14945,18043,14
14945,18044,13
14945,18053,2
14945,18054,13
14945,18055,1
14945,18062,4
14945,18063,23
14945,18064,34
14945,18065,6
14945,18068,18
14945,18071,8
14945,18072,8
14945,18073,26
14945,18074,40
14945,18075,3
14945,18076,24
14945,18077,13
14945,18078,17
14945,18079,4
14945,18083,2
14945,18091,2
14945,18092,4
14945,18093,2
14945,18096,5
14945,18097,56
14945,18098,14
14945,18099,2
14945,18108,1
14945,18109,11
14945,18110,4
14945,18115,13
14945,18119,16
14945,18124,29
14945,18125,90
14945,18126,21
14945,18132,6
14945,18139,6
14945,18141,2
14945,18142,29
14945,18143,18
14945,18144,34
14945,18145,16
14945,18146,4
14945,18147,13
14945,18149,3.5
14945,18150,7
14945,18157,4
14945,18161,8
14945,18164,2
14945,18171,15
14945,18172,28
14945,18173,10
14945,18180,13
14945,18181,43.5
14945,18182,55
14945,18183,22
14945,18184,14
14945,18190,2
14945,18191,5
14945,18192,3
14945,18198,2
14945,18213,5
14945,18223,5
14945,18235,6
14945,18258,7
14945,18259,10
14945,18260,9
14945,18261,2
14945,18269,3
14945,18270,4
14945,18272,46
14945,18273,25
14945,18276,4
14945,18280,7
14945,18293,15
14945,18294,8
14945,18295,6
14945,18296,2
14945,18297,4
14945,18304,6
14945,18311,2
14945,18318,1
14945,18319,8
14945,18320,21
14945,18321,32
14945,18322,6
14945,18323,1
14945,18324,31
14945,18325,33
14945,18326,18
14945,18327,3
14945,18336,3
14945,18337,12
14945,18338,2
14945,18339,5
14945,18349,2
14945,18352,5
14945,18353,27
14945,18357,1
14945,18361,1
14945,18379,2
14945,18384,2
14945,18385,12
14945,18395,1
14945,18396,13
14945,18399,1
14945,18407,6
14945,18421,3
14945,18422,3
14945,18441,4
14945,18444,2
14945,18445,2
14945,18462,9
14945,18464,9
14945,18469,6
14945,18470,3
14945,18481,4
14945,18483,24
14945,18484,36
14945,18485,4
14945,18486,42.5
14945,18487,20
14945,18488,11
14945,18489,4
14945,18494,5
14945,18501,4
14945,18502,7
14945,18503,3
14945,18508,1
14945,18509,15
14945,18511,1
14945,18513,3
14945,18522,2
14945,18531,2
14945,18537,3
14945,18538,16
14945,18539,12
14945,18541,7
14945,18542,19
14945,18543,44
14945,18544,3.5
14945,18545,2
14945,18566,7
14945,18570,1
14945,18593,2
14945,18595,3
14945,18596,9
14945,18597,4
14945,18606,2
14945,18609,4
14946,18043,17
14946,18044,10
14946,18045,8
14946,18050,5
14946,18052,12
14946,18053,5
14946,18060,17
14946,18061,14.5
14946,18063,2
14946,18064,91
14946,18065,4
14946,18068,17
14946,18071,1
14946,18076,3
14946,18077,11
14946,18078,22
14946,18084,2
14946,18085,4
14946,18087,2
14946,18093,8
14946,18094,5
14946,18095,4
14946,18096,24
14946,18097,13
14946,18098,5
14946,18100,6
14946,18102,1
14946,18106,6
14946,18107,3
14946,18109,10
14946,18110,10
14946,18112,11
14946,18115,8
14946,18118,1
14946,18119,7
14946,18120,4
14946,18121,2
14946,18125,6
14946,18126,9
14946,18127,4
14946,18128,2
14946,18132,2
14946,18139,6
14946,18144,6
14946,18145,6
14946,18149,4
14946,18164,2
14946,18168,5
14946,18169,11
14946,18170,3
14946,18171,15
14946,18172,15
14946,18173,2
14946,18182,12
14946,18183,52
14946,18185,13
14946,18190,2
14946,18191,4
14946,18193,4
14946,18195,6
14946,18199,6
14946,18206,19
14946,18207,5
14946,18215,4
14946,18256,11.5
14946,18259,2
14946,18260,1
14946,18261,10
14946,18269,2
14946,18270,1
14946,18271,4
14946,18272,5
14946,18273,2
14946,18281,21
14946,18282,48
14946,18283,3
14946,18284,10
14946,18293,17
14946,18294,27
14946,18295,30
14946,18296,4
14946,18298,3
14946,18304,2
14946,18318,3
14946,18319,8
14946,18320,6
14946,18321,3.5
14946,18322,2
14946,18324,7
14946,18325,8
14946,18326,2
14946,18327,2
14946,18340,4
14946,18341,4
14946,18347,4
14946,18348,11
14946,18349,5
14946,18357,23
14946,18358,26
14946,18359,15
14946,18361,4
14946,18374,6
14946,18375,2
14946,18376,3
14946,18380,6
14946,18391,5
14946,18396,25
14946,18397,30
14946,18398,16
14946,18399,2
14946,18407,4
14946,18409,3
14946,18421,6
14946,18422,8
14946,18461,6
14946,18462,17
14946,18463,2
14946,18464,5
14946,18480,3
14946,18481,3
14946,18482,5
14946,18483,8
14946,18484,2
14946,18485,5
14946,18486,26
14946,18487,9
14946,18503,4
14946,18507,3
14946,18508,19.5
14946,18509,27
14946,18510,8
14946,18511,4
14946,18520,4
14946,18531,4
14946,18535,2
14946,18538,7
14946,18539,5
14946,18541,3
14946,18542,4
14946,18544,6
14946,18545,3
14946,18551,6
14946,18569,1
14946,18570,13
14946,18571,9
14946,18572,3
14946,18574,8
14946,18597,1
14946,18598,2
14946,18607,1
14946,18610,3
14946,18617,1
14947,18043,1
14947,18044,25
14947,18045,17
14947,18046,60
14947,18047,2
14947,18052,7
14947,18059,20
14947,18060,34
14947,18061,13
14947,18064,32
14947,18065,20
14947,18066,6
14947,18069,5.5
14947,18070,3
14947,18071,1
14947,18076,12
14947,18077,9
14947,18078,46
14947,18080,14
14947,18081,16
14947,18082,9
14947,18083,6
14947,18084,1
14947,18092,1
14947,18093,4
14947,18096,28
14947,18097,35
14947,18102,7
14947,18103,3
14947,18107,1
14947,18109,15
14947,18110,11
14947,18111,53.5
14947,18112,6
14947,18115,4
14947,18116,6
14947,18118,20
14947,18119,20
14947,18121,2
14947,18122,2
14947,18126,31
14947,18127,33
14947,18128,32.5
14947,18131,56
14947,18145,14
14947,18146,8
14947,18148,9
14947,18149,2
14947,18150,4
14947,18169,8
14947,18170,36
14947,18171,25
14947,18173,7
14947,18182,5
14947,18183,3
14947,18185,2
14947,18189,2
14947,18191,3
14947,18194,3
14947,18199,2
14947,18203,17.5
14947,18204,9.5
14947,18207,13
14947,18208,18.5
14947,18216,4.5
14947,18256,6
14947,18260,2
14947,18273,7
14947,18274,1
14947,18281,4
14947,18282,24
14947,18283,26.5
14947,18284,34.5
14947,18285,12
14947,18294,31
14947,18295,19
14947,18309,2
14947,18311,4
14947,18317,3
14947,18323,6
14947,18324,3
14947,18325,6
14947,18329,2
14947,18330,31
14947,18331,5
14947,18341,29
14947,18342,57
14947,18343,16
14947,18344,9
14947,18348,11
14947,18351,5
14947,18352,3
14947,18353,17
14947,18357,5
14947,18358,17
14947,18359,5
14947,18360,1
14947,18374,7
14947,18375,13
14947,18376,8
14947,18397,9
14947,18398,8
14947,18399,1
14947,18404,5
14947,18407,3
14947,18408,3
14947,18420,1
14947,18421,11
14947,18428,4
14947,18429,3
14947,18443,3
14947,18460,4
14947,18461,23
14947,18463,11
14947,18487,7
14947,18488,8
14947,18493,3.5
14947,18494,7
14947,18495,4
14947,18509,10
14947,18510,2
14947,18524,4
14947,18530,2
14947,18531,5
14947,18544,4
14947,18565,3
14947,18571,3
14947,18572,5
14947,18573,1
14947,18574,2
14948,18045,4
14948,18046,53.5
14948,18047,22
14948,18048,1
14948,18049,8
14948,18053,30
14948,18059,7
14948,18064,7.5
14948,18066,5
14948,18071,26
14948,18073,4
14948,18076,6
14948,18078,14.5
14948,18083,3
14948,18085,4
14948,18087,9
14948,18089,11
14948,18090,11
14948,18091,5
14948,18092,4
14948,18095,3
14948,18096,37
14948,18097,24
14948,18102,2
14948,18103,6
14948,18109,4
14948,18110,2
14948,18111,15
14948,18113,13
14948,18114,4
14948,18116,2
14948,18120,2
14948,18122,4
14948,18123,2
14948,18124,3
14948,18125,10
14948,18126,16
14948,18127,55
14948,18128,8
14948,18129,46
14948,18130,8
14948,18131,22.5
14948,18132,9
14948,18145,16
14948,18146,28
14948,18149,27.5
14948,18151,10
14948,18152,9
14948,18153,4
14948,18159,2
14948,18164,4
14948,18174,11
14948,18175,13
14948,18183,15
14948,18184,1
14948,18189,14
14948,18190,2
14948,18203,1
14948,18205,5
14948,18208,6
14948,18209,37
14948,18214,4
14948,18215,15
14948,18216,47
14948,18217,7
14948,18227,4
14948,18273,5
14948,18300,1.5
14948,18310,7
14948,18311,1
14948,18317,7
14948,18323,3
14948,18324,2
14948,18325,2
14948,18330,3
14948,18331,8
14948,18336,1
14948,18337,56
14948,18338,8
14948,18341,6
14948,18342,35
14948,18343,10
14948,18344,21
14948,18351,5
14948,18352,10
14948,18353,8
14948,18358,2
14948,18360,8
14948,18367,14.5
14948,18374,22
14948,18375,2
14948,18389,2
14948,18390,3
14948,18397,3
14948,18398,32
14948,18399,4
14948,18404,1
14948,18408,15
14948,18409,2
14948,18410,1
14948,18417,1
14948,18420,2
14948,18421,14
14948,18427,2
14948,18428,25
14948,18429,4
14948,18447,2
14948,18448,5
14948,18460,2
14948,18461,5
14948,18462,4
14948,18482,3
14948,18494,2
14948,18495,17
14948,18510,15
14948,18511,20
14948,18512,2
14948,18513,2
14948,18521,1
14948,18523,2
14948,18524,5
14948,18526,2
14948,18531,7
14948,18537,5
14948,18538,4
14948,18542,7
14948,18543,4
14948,18546,1
14948,18547,4
14948,18571,2
14948,18572,22
14948,18573,8
14948,18581,4
14948,18585,3
14948,18601,2
14948,18604,1
14948,18622,1
14949,18046,22
14949,18047,10
14949,18048,1
14949,18049,4
14949,18052,5
14949,18053,39
14949,18054,25
14949,18059,6
14949,18063,3
14949,18064,18
14949,18065,70
14949,18066,29
14949,18071,4
14949,18072,4
14949,18073,6
14949,18074,3
14949,18077,7
14949,18079,1
14949,18080,1
14949,18081,4
14949,18083,2
14949,18089,9
14949,18090,6
14949,18097,17
14949,18108,15
14949,18109,11
14949,18111,46
14949,18112,5
14949,18115,1.5
14949,18117,3
14949,18125,7
14949,18126,1
14949,18127,4
14949,18129,83.5
14949,18130,88
14949,18131,46.5
14949,18132,6
14949,18139,1
14949,18144,1
14949,18149,4.5
14949,18159,5
14949,18165,9
14949,18166,1
14949,18167,4
14949,18173,2
14949,18174,23
14949,18175,31
14949,18176,6
14949,18189,24
14949,18190,11
14949,18195,6
14949,18196,8
14949,18197,9
14949,18204,5
14949,18205,2
14949,18209,5
14949,18210,16.5
14949,18211,18
14949,18216,2
14949,18227,4
14949,18299,3
14949,18301,1
14949,18336,34
14949,18337,77
14949,18338,11
14949,18341,4
14949,18342,8
14949,18365,7
14949,18366,6
14949,18370,2
14949,18371,4
14949,18372,7
14949,18373,2
14949,18374,12
14949,18387,1
14949,18389,4
14949,18392,3
14949,18395,8
14949,18398,1
14949,18399,16
14949,18407,13
14949,18408,67.5
14949,18409,34
14949,18410,15
14949,18411,14.5
14949,18419,3
14949,18423,3
14949,18426,5
14949,18428,7
14949,18459,1
14949,18461,3
14949,18462,12
14949,18469,3
14949,18494,2
14949,18495,28
14949,18496,19
14949,18497,10
14949,18511,32
14949,18512,11
14949,18513,1
14949,18515,5
14949,18518,4
14949,18531,2
14949,18537,3
14949,18544,2
14949,18546,3
14949,18547,2
14949,18548,2
14949,18572,16
14949,18573,9
14949,18574,2
14949,18581,2
14949,18583,5
14949,18604,4
14950,18048,63.5
14950,18049,22
14950,18052,26
14950,18053,60.5
14950,18054,11
14950,18057,2.5
14950,18059,4
14950,18060,3
14950,18063,2
14950,18064,85
14950,18065,58.5
14950,18073,9
14950,18078,9
14950,18088,6
14950,18089,1
14950,18091,4
14950,18103,12
14950,18112,50
14950,18113,9
14950,18115,23
14950,18117,8
14950,18118,8
14950,18119,4
14950,18128,15
14950,18129,47
14950,18130,28
14950,18136,5
14950,18139,8
14950,18144,6.5
14950,18145,7
14950,18146,8
14950,18150,3
14950,18151,4
14950,18161,4
14950,18162,24
14950,18163,5
14950,18166,20
14950,18167,1
14950,18170,6
14950,18172,6
14950,18173,4
14950,18174,7.5
14950,18182,4
14950,18183,4
14950,18187,3
14950,18190,7
14950,18195,10.5
14950,18196,58
14950,18197,4
14950,18198,3
14950,18200,3
14950,18203,2
14950,18204,17
14950,18210,4
14950,18211,16
14950,18219,1
14950,18220,7
14950,18221,3
14950,18222,15
14950,18245,2
14950,18257,4
14950,18258,4
14950,18259,2
14950,18263,2
14950,18278,3
14950,18279,3
14950,18295,6
14950,18301,2
14950,18302,3
14950,18324,12
14950,18336,3
14950,18337,41.5
14950,18338,4
14950,18351,2
14950,18354,4
14950,18364,26
14950,18365,32.5
14950,18372,4
14950,18374,4
14950,18386,4
14950,18387,9
14950,18389,2
14950,18394,1
14950,18397,1
14950,18406,60
14950,18407,49
14950,18408,81.5
14950,18409,1
14950,18410,33
14950,18411,104.5
14950,18417,4
14950,18418,27
14950,18419,25.5
14950,18423,7
14950,18425,5
14950,18426,9
14950,18458,2
14950,18461,5
14950,18470,9
14950,18488,2
14950,18493,5
14950,18494,3
14950,18495,1
14950,18496,2
14950,18497,14
14950,18498,4
14950,18502,2
14950,18503,1
14950,18511,2
14950,18512,7
14950,18513,4
14950,18517,8
14950,18521,3
14950,18536,3
14950,18540,4
14950,18541,1
14950,18543,1
14950,18544,12
14950,18547,3
14950,18548,19
14950,18549,18
14950,18565,2
14950,18581,1
14950,18583,3
14950,18599,2
14950,18609,3
14950,18610,13
14950,18611,7
14950,18612,7
14951,18046,20
14951,18047,98.5
14951,18048,77.5
14951,18049,53
14951,18050,2
14951,18053,7
14951,18054,2
14951,18059,4
14951,18060,8
14951,18064,34
14951,18065,86
14951,18066,17.5
14951,18073,6
14951,18074,14
14951,18075,14.5
14951,18076,18
14951,18077,29
14951,18078,38.5
14951,18079,82
14951,18080,2
14951,18084,50.5
14951,18085,20
14951,18089,10
14951,18090,17
14951,18091,4
14951,18093,5
14951,18102,5
14951,18103,36
14951,18104,4
14951,18111,5
14951,18112,46
14951,18115,6
14951,18116,9
14951,18117,34
14951,18121,18
14951,18123,3
14951,18127,8
14951,18128,2
14951,18129,2
14951,18130,17.5
14951,18137,4
14951,18140,6
14951,18141,2
14951,18145,16
14951,18146,4
14951,18150,5
14951,18151,4
14951,18158,5
14951,18163,42
14951,18164,48
14951,18165,7
14951,18172,5
14951,18174,25
14951,18175,9
14951,18176,2
14951,18191,4
14951,18193,3
14951,18194,4
14951,18196,16
14951,18197,5
14951,18198,36.5
14951,18199,4
14951,18202,7
14951,18204,5
14951,18212,7
14951,18220,8
14951,18221,34
14951,18222,43
14951,18223,2
14951,18231,4
14951,18232,32.5
14951,18233,10
14951,18245,2
14951,18249,5
14951,18257,15
14951,18258,9
14951,18259,8
14951,18260,5
14951,18261,12
14951,18262,8
14951,18263,14
14951,18278,4
14951,18279,29
14951,18294,11
14951,18295,20
14951,18296,5
14951,18307,7
14951,18323,2
14951,18324,46.5
14951,18325,7
14951,18337,11
14951,18346,4
14951,18354,6
14951,18364,16
14951,18365,38
14951,18366,9
14951,18385,1
14951,18386,2
14951,18402,4
14951,18403,3
14951,18405,3
14951,18406,17
14951,18407,18
14951,18408,22
14951,18418,39.5
14951,18419,27
14951,18420,4
14951,18422,2
14951,18425,6
14951,18458,2
14951,18459,5
14951,18460,8
14951,18493,1
14951,18496,6
14951,18497,3
14951,18498,3
14951,18509,2
14951,18510,2
14951,18517,9
14951,18518,3
14951,18521,2
14951,18523,9
14951,18527,5
14951,18529,4
14951,18530,3
14951,18531,4
14951,18534,4
14951,18543,2
14951,18548,31.5
14951,18549,12
14951,18550,2
14951,18581,5
14951,18610,1
14951,18611,4
14951,18620,7
14951,18621,5
14952,18046,32
14952,18047,80
14952,18048,52
14952,18049,11
14952,18054,2
14952,18060,1
14952,18064,4
14952,18065,8
14952,18067,4
14952,18071,5
14952,18072,2
14952,18073,7
14952,18074,11
14952,18075,3
14952,18076,14
14952,18077,15
14952,18079,71
14952,18080,39
14952,18081,11
14952,18082,8
14952,18084,93
14952,18085,137.5
14952,18086,55
14952,18087,21
14952,18090,19
14952,18091,71
14952,18092,9
14952,18093,4
14952,18095,4
14952,18096,2
14952,18097,2
14952,18098,2
14952,18103,10
14952,18104,3
14952,18105,5
14952,18109,12
14952,18110,28
14952,18111,93
14952,18112,73.5
14952,18116,4
14952,18121,3
14952,18123,2
14952,18127,12
14952,18135,4
14952,18144,18
14952,18147,3
14952,18151,4
14952,18163,15
14952,18164,28
14952,18170,6
14952,18171,2
14952,18173,12
14952,18174,57.5
14952,18182,10
14952,18183,11
14952,18194,3
14952,18195,12
14952,18196,199
14952,18197,25.5
14952,18198,13
14952,18202,2
14952,18221,5
14952,18222,46.5
14952,18223,37
14952,18224,2
14952,18229,8
14952,18230,2
14952,18231,9
14952,18232,34
14952,18233,24
14952,18234,1
14952,18235,7
14952,18236,3
14952,18248,3
14952,18249,5
14952,18250,4
14952,18251,2
14952,18252,3
14952,18254,14
14952,18258,11
14952,18259,10
14952,18260,11
14952,18261,1
14952,18278,13
14952,18279,29
14952,18280,62
14952,18281,14
14952,18287,3
14952,18288,3
14952,18293,8
14952,18294,4
14952,18295,10
14952,18296,5
14952,18307,4
14952,18317,6
14952,18318,2
14952,18319,7
14952,18320,6
14952,18324,30
14952,18325,21.5
14952,18328,2
14952,18346,1.5
14952,18354,3
14952,18363,4
14952,18365,13
14952,18403,3
14952,18404,56
14952,18408,3
14952,18418,28
14952,18419,42
14952,18420,32.5
14952,18421,20
14952,18422,1
14952,18445,11
14952,18446,5
14952,18458,2
14952,18459,7
14952,18494,2
14952,18508,4
14952,18515,5
14952,18518,8
14952,18525,2
14952,18531,4
14952,18533,2
14952,18539,2
14952,18540,8
14952,18541,5
14952,18542,3
14952,18543,6
14952,18544,2
14952,18547,2
14952,18548,7
14952,18559,2
14952,18560,5
14952,18594,2
14952,18621,10
14953,18046,40
14953,18047,67
14953,18048,11
14953,18051,4
14953,18055,3
14953,18056,4
14953,18060,4
14953,18061,7
14953,18062,4
14953,18064,4
14953,18065,2
14953,18068,2
14953,18070,2
14953,18071,4
14953,18072,2
14953,18074,3.5
14953,18077,4
14953,18079,14
14953,18080,8.5
14953,18081,8
14953,18082,29
14953,18083,52
14953,18084,77
14953,18085,112.5
14953,18086,141
14953,18087,16
14953,18091,16
14953,18096,3
14953,18103,6
14953,18104,6
14953,18105,16
14953,18108,4
14953,18109,30
14953,18110,85
14953,18111,55
14953,18112,43.5
14953,18113,42
14953,18115,2
14953,18116,14
14953,18121,9.5
14953,18122,2
14953,18126,14
14953,18127,18.5
14953,18128,4
14953,18130,8
14953,18140,5
14953,18142,4
14953,18144,4
14953,18146,3
14953,18147,3
14953,18162,34
14953,18163,52
14953,18164,65
14953,18165,9
14953,18168,2
14953,18170,4
14953,18173,2
14953,18174,25
14953,18186,2
14953,18195,24.5
14953,18196,72.5
14953,18197,121.5
14953,18198,42.5
14953,18199,2
14953,18202,24
14953,18215,1
14953,18216,11
14953,18222,20
14953,18223,40
14953,18229,22
14953,18230,16
14953,18231,60
14953,18232,69
14953,18233,54
14953,18234,21
14953,18235,7
14953,18236,8
14953,18247,13
14953,18248,8
14953,18249,12
14953,18250,4
14953,18251,10
14953,18252,21
14953,18253,7
14953,18254,2
14953,18258,27
14953,18259,18
14953,18260,2
14953,18265,1
14953,18266,7
14953,18267,20
14953,18268,21
14953,18269,3
14953,18272,12
14953,18273,4
14953,18274,26
14953,18275,13
14953,18277,54
14953,18278,60.5
14953,18279,74.5
14953,18280,52
14953,18281,29
14953,18286,7
14953,18287,2
14953,18307,3
14953,18317,8
14953,18318,20
14953,18319,4
14953,18323,10
14953,18324,35
14953,18325,81
14953,18326,49
14953,18327,63
14953,18328,28
14953,18329,22
14953,18330,5
14953,18331,29
14953,18332,2
14953,18334,3
14953,18337,2
14953,18346,22
14953,18347,9
14953,18350,1
14953,18398,4
14953,18399,3
14953,18403,2
14953,18404,11
14953,18405,2
14953,18408,5
14953,18418,4
14953,18419,5
14953,18420,18
14953,18421,27
14953,18423,1
14953,18446,14
14953,18447,5
14953,18455,4
14953,18456,4
14953,18457,27
14953,18458,1
14953,18492,4
14953,18496,7
14953,18499,2
14953,18503,1
14953,18506,2
14953,18513,1
14953,18516,2
14953,18518,10
14953,18519,1
14953,18521,2
14953,18527,1
14953,18533,6
14953,18538,5
14953,18541,9
14953,18547,2
14953,18558,5
14953,18560,3
14953,18561,3
14953,18593,11
14953,18622,3
14954,18051,41
14954,18052,21
14954,18059,20
14954,18060,4
14954,18061,6
14954,18065,5
14954,18075,2
14954,18076,1
14954,18077,2
14954,18078,4
14954,18082,2
14954,18083,55
14954,18084,53
14954,18085,19.5
14954,18086,120
14954,18087,69
14954,18089,4
14954,18091,4
14954,18092,1
14954,18096,1
14954,18104,2
14954,18107,7
14954,18109,30
14954,18110,45
14954,18111,9
14954,18112,12
14954,18115,8
14954,18124,4
14954,18125,4
14954,18126,10
14954,18129,1
14954,18132,2
14954,18138,8
14954,18144,25
14954,18145,13.5
14954,18150,7
14954,18151,1
14954,18153,2
14954,18155,5
14954,18156,10
14954,18160,5
14954,18162,6
14954,18165,2
14954,18166,4
14954,18167,4
14954,18168,16
14954,18172,7
14954,18173,4
14954,18174,31
14954,18175,17
14954,18177,3
14954,18186,4
14954,18195,26.5
14954,18196,39
14954,18197,46.5
14954,18198,30
14954,18199,7
14954,18202,27
14954,18209,1
14954,18210,2
14954,18211,13
14954,18213,3
14954,18222,13
14954,18223,7
14954,18224,7
14954,18227,3
14954,18228,2
14954,18229,6
14954,18231,3
14954,18232,12
14954,18233,2
14954,18235,3
14954,18236,13
14954,18240,3
14954,18243,4
14954,18252,27
14954,18253,5
14954,18258,6
14954,18265,1
14954,18266,19
14954,18267,116
14954,18268,47.5
14954,18269,6
14954,18270,13
14954,18271,4
14954,18272,8
14954,18273,5
14954,18274,16
14954,18275,9
14954,18277,8
14954,18278,16
14954,18279,46.5
14954,18280,18
14954,18281,17
14954,18287,2
14954,18308,1
14954,18309,1
14954,18310,3
14954,18323,25
14954,18324,44
14954,18325,124.5
14954,18326,75
14954,18327,75
14954,18328,53
14954,18329,29
14954,18330,59.5
14954,18331,14
14954,18332,5
14954,18334,2
14954,18335,17
14954,18336,10
14954,18345,3
14954,18346,33.5
14954,18347,29
14954,18365,2
14954,18376,5
14954,18382,3
14954,18383,7
14954,18384,44
14954,18385,46
14954,18399,2
14954,18400,4
14954,18403,13
14954,18404,27
14954,18408,3
14954,18420,1
14954,18423,8
14954,18424,11
14954,18425,7
14954,18426,11
14954,18436,2
14954,18437,4
14954,18438,5
14954,18441,10
14954,18442,7
14954,18443,2
14954,18447,10
14954,18448,15
14954,18454,9
14954,18455,2
14954,18456,5
14954,18457,6
14954,18507,4
14954,18508,30
14954,18509,12
14954,18510,2
14954,18511,5
14954,18512,4
14954,18517,5
14954,18518,11
14954,18519,2
14954,18521,4
14954,18524,3
14954,18526,3
14954,18528,1
14954,18530,4
14954,18531,34.5
14954,18533,4
14954,18540,2
14954,18542,2
14954,18543,7
14954,18544,5
14954,18545,3
14954,18568,3
14954,18569,5
14954,18573,2
14954,18575,1
14954,18592,2
14954,18593,17
14954,18594,5
14954,18622,1
14954,18623,11
14955,18050,2
14955,18051,7
14955,18052,22
14955,18054,2
14955,18057,7
14955,18058,21
14955,18059,59
14955,18060,14
14955,18064,4
14955,18065,4
14955,18069,8
14955,18070,11
14955,18072,2
14955,18077,5
14955,18082,18.5
14955,18083,10
14955,18084,8
14955,18085,2
14955,18086,30
14955,18087,37
14955,18088,7
14955,18089,2
14955,18091,5
14955,18105,2
14955,18110,2
14955,18111,5
14955,18115,20
14955,18130,4
14955,18137,11
14955,18143,6
14955,18144,7.5
14955,18145,1
14955,18146,15.5
14955,18147,16
14955,18148,120.5
14955,18149,8
14955,18152,1
14955,18154,1
14955,18161,14
14955,18162,28
14955,18167,4
14955,18168,6
14955,18172,5
14955,18173,17
14955,18174,1
14955,18175,2
14955,18181,16
14955,18182,1.5
14955,18189,4.5
14955,18190,15
14955,18194,7
14955,18195,3
14955,18196,5
14955,18198,4
14955,18202,4
14955,18203,2
14955,18204,29
14955,18208,2
14955,18210,11
14955,18211,8
14955,18212,5
14955,18217,4
14955,18223,2
14955,18224,7
14955,18236,13.5
14955,18239,9
14955,18240,12
14955,18241,4
14955,18252,28.5
14955,18266,61
14955,18267,82.5
14955,18268,45
14955,18269,3
14955,18270,14
14955,18277,10.5
14955,18278,10
14955,18279,20
14955,18281,2
14955,18284,1
14955,18288,5
14955,18301,2
14955,18302,7
14955,18303,1
14955,18305,1
14955,18307,3
14955,18308,4
14955,18310,4
14955,18311,1
14955,18322,5
14955,18323,43
14955,18324,93
14955,18325,97.5
14955,18326,61
14955,18327,104.5
14955,18328,157
14955,18329,28
14955,18330,32
14955,18333,8
14955,18334,4
14955,18336,6
14955,18345,16
14955,18346,24
14955,18347,2
14955,18375,1
14955,18376,2
14955,18380,16
14955,18381,82
14955,18382,66.5
14955,18383,39
14955,18384,137
14955,18385,22
14955,18403,10
14955,18404,4
14955,18405,1
14955,18423,9
14955,18424,14
14955,18425,17
14955,18426,6
14955,18437,27.5
14955,18438,21
14955,18439,3
14955,18440,16
14955,18441,21
14955,18442,2
14955,18448,2
14955,18452,3
14955,18453,3
14955,18454,20.5
14955,18455,13
14955,18456,8
14955,18479,2
14955,18482,2
14955,18498,2
14955,18499,2
14955,18507,15
14955,18508,19
14955,18509,2
14955,18510,8
14955,18511,21
14955,18512,4
14955,18513,2
14955,18518,5
14955,18519,3
14955,18523,4
14955,18528,2
14955,18529,3
14955,18531,42.5
14955,18532,8.5
14955,18533,2
14955,18535,2
14955,18539,2
14955,18543,6
14955,18544,11
14955,18545,34
14955,18546,10
14955,18555,1
14955,18568,4
14955,18569,1
14955,18572,5
14955,18573,5
14955,18574,5
14955,18593,16.5
14955,18596,1
14955,18602,5
14955,18603,1
14955,18604,3
14955,18606,4
14955,18610,1
14955,18628,1
14956,18051,3
14956,18052,8.5
14956,18056,6
14956,18058,27
14956,18059,12
14956,18060,8
14956,18062,2
14956,18072,2
14956,18073,6
14956,18078,6
14956,18082,5
14956,18083,3
14956,18085,3
14956,18087,9
14956,18088,9
14956,18089,6
14956,18093,2
14956,18103,22
14956,18104,2
14956,18106,4
14956,18110,1
14956,18111,10
14956,18122,4
14956,18129,5
14956,18130,21
14956,18135,9
14956,18136,5
14956,18145,4
14956,18146,23
14956,18147,128.5
14956,18148,86.5
14956,18149,12
14956,18161,2
14956,18162,3
14956,18167,5
14956,18174,8
14956,18179,28
14956,18190,2
14956,18191,14
14956,18192,14
14956,18193,5
14956,18198,2
14956,18199,16
14956,18200,15
14956,18202,2
14956,18204,5
14956,18205,1
14956,18209,2
14956,18212,7
14956,18213,11
14956,18221,3
14956,18265,30
14956,18266,63
14956,18267,20
14956,18270,6
14956,18288,1
14956,18300,5
14956,18301,21
14956,18302,23
14956,18307,4
14956,18308,1
14956,18310,2
14956,18317,6
14956,18318,3
14956,18319,4
14956,18324,24.5
14956,18326,37
14956,18327,60.5
14956,18328,96.5
14956,18329,151.5
14956,18330,36
14956,18331,9
14956,18333,1
14956,18334,2
14956,18344,1
14956,18345,7
14956,18346,39
14956,18347,15
14956,18355,2
14956,18356,10
14956,18357,2
14956,18360,3
14956,18361,2
14956,18370,1
14956,18371,1
14956,18372,1
14956,18378,6
14956,18379,33
14956,18380,53
14956,18381,138
14956,18382,105.5
14956,18383,85
14956,18384,36
14956,18385,3
14956,18403,4
14956,18404,1
14956,18407,15
14956,18408,9
14956,18409,5
14956,18426,19
14956,18436,5
14956,18437,5
14956,18438,7
14956,18439,18
14956,18443,6
14956,18445,19.5
14956,18446,7
14956,18447,4
14956,18453,10
14956,18454,35
14956,18455,43
14956,18500,7
14956,18506,9
14956,18511,1
14956,18512,1
14956,18513,2
14956,18516,2
14956,18519,4
14956,18523,5
14956,18530,5
14956,18531,11
14956,18532,1
14956,18534,2
14956,18535,2
14956,18539,5
14956,18540,7
14956,18541,15
14956,18545,5
14956,18546,6
14956,18555,2
14956,18557,1
14956,18560,5
14956,18570,2
14956,18571,6
14956,18574,2
14956,18593,22
14956,18594,13
14956,18595,12
14956,18596,1
14956,18609,3
14956,18610,20
14956,18611,3
14956,18621,2
14956,18622,2
14957,18052,4
14957,18062,2
14957,18065,1
14957,18066,15
14957,18067,10
14957,18070,5
14957,18071,3
14957,18073,4
14957,18076,3
14957,18083,8
14957,18085,4
14957,18087,4
14957,18088,2
14957,18089,5
14957,18096,1
14957,18103,36.5
14957,18104,51
14957,18105,7
14957,18108,8.5
14957,18109,26
14957,18111,5
14957,18118,3
14957,18119,16
14957,18120,20
14957,18121,5
14957,18130,6
14957,18131,8
14957,18132,9
14957,18137,5
14957,18144,4
14957,18145,3
14957,18146,51.5
14957,18147,141
14957,18148,85
14957,18149,22
14957,18161,4
14957,18179,7
14957,18192,13
14957,18193,18.5
14957,18199,6
14957,18200,1
14957,18205,2
14957,18206,2
14957,18213,5
14957,18230,16
14957,18254,3
14957,18263,4
14957,18264,14
14957,18265,2
14957,18266,22
14957,18288,3
14957,18291,7
14957,18306,4
14957,18311,3
14957,18317,4
14957,18325,4
14957,18326,60
14957,18327,27
14957,18328,111.5
14957,18329,38
14957,18330,44
14957,18331,15
14957,18335,14
14957,18344,4
14957,18345,51
14957,18346,3
14957,18347,4
14957,18353,3
14957,18355,21
14957,18356,39
14957,18357,39
14957,18360,5
14957,18361,7
14957,18370,2
14957,18371,2
14957,18378,1
14957,18379,1
14957,18380,59.5
14957,18381,63
14957,18382,26
14957,18383,50
14957,18384,26
14957,18403,3
14957,18406,9
14957,18407,27
14957,18408,16
14957,18409,20
14957,18416,5
14957,18417,1
14957,18426,5
14957,18439,1
14957,18445,7
14957,18446,11
14957,18453,2
14957,18455,1
14957,18506,4
14957,18507,1
14957,18512,5
14957,18515,4.5
14957,18516,7
14957,18517,4
14957,18521,5
14957,18522,3
14957,18524,3
14957,18529,3
14957,18531,5.5
14957,18532,31
14957,18533,13
14957,18534,7
14957,18540,13
14957,18553,5
14957,18554,7.5
14957,18557,1
14957,18573,4
14957,18593,7
14957,18596,7
14957,18610,2
14957,18612,3
14957,18613,3
14957,18614,5
14957,18621,5
14957,18622,17.5
14958,18053,5
14958,18060,1
14958,18062,9
14958,18072,10
14958,18077,1
14958,18088,2
14958,18094,5
14958,18099,4
14958,18101,6
14958,18102,7
14958,18103,27
14958,18104,20
14958,18105,5
14958,18108,2
14958,18119,11
14958,18120,2
14958,18129,2
14958,18130,9
14958,18131,48
14958,18132,26
14958,18137,3
14958,18144,5
14958,18146,42
14958,18147,12
14958,18148,18
14958,18153,1.5
14958,18158,4
14958,18159,4
14958,18175,3
14958,18176,9.5
14958,18192,14
14958,18211,5
14958,18217,4
14958,18218,100
14958,18219,73
14958,18220,39
14958,18229,11
14958,18230,4
14958,18234,2
14958,18254,5
14958,18263,28
14958,18264,10
14958,18288,18
14958,18289,22.5
14958,18306,6
14958,18312,1
14958,18313,8
14958,18314,9
14958,18325,8
14958,18326,14
14958,18327,30
14958,18335,19
14958,18344,37.5
14958,18345,44
14958,18346,4
14958,18347,2
14958,18353,4
14958,18354,4
14958,18355,5
14958,18356,21.5
14958,18357,10
14958,18361,4
14958,18371,3
14958,18381,65
14958,18382,73
14958,18383,20
14958,18392,2
14958,18393,30
14958,18394,9
14958,18395,28.5
14958,18403,10
14958,18413,2
14958,18414,2
14958,18416,6
14958,18453,2
14958,18507,1
14958,18513,3
14958,18515,16.5
14958,18521,1
14958,18522,2
14958,18523,3
14958,18524,2
14958,18527,2
14958,18531,12
14958,18532,34
14958,18533,6
14958,18538,1
14958,18539,4
14958,18540,4
14958,18544,1
14958,18554,16.5
14958,18555,17
14958,18556,1
14958,18559,2
14958,18578,1
14958,18585,12
14958,18586,2
14958,18587,8
14958,18588,1
14958,18593,3
14958,18619,4
14958,18620,4
14958,18621,9
14958,18622,22
14958,18623,8
14959,18054,2
14959,18058,3
14959,18063,4
14959,18070,3
14959,18071,15
14959,18072,22
14959,18079,10.5
14959,18089,4
14959,18100,16
14959,18102,2
14959,18104,24
14959,18105,2
14959,18107,15
14959,18108,32.5
14959,18111,9
14959,18113,1
14959,18118,4
14959,18119,3
14959,18126,1
14959,18128,4
14959,18130,6
14959,18139,3
14959,18141,4
14959,18143,7
14959,18145,4
14959,18146,7
14959,18158,1
14959,18186,3
14959,18187,1
14959,18198,11.5
14959,18203,7
14959,18217,11
14959,18218,28.5
14959,18219,105
14959,18220,92
14959,18221,3
14959,18247,2
14959,18248,6
14959,18256,3
14959,18262,15
14959,18263,8
14959,18276,3
14959,18278,5
14959,18279,7
14959,18282,7
14959,18286,4
14959,18287,1
14959,18289,4
14959,18290,2
14959,18291,4
14959,18292,8
14959,18302,3
14959,18304,1
14959,18310,1.5
14959,18312,11
14959,18313,9
14959,18314,4
14959,18324,5
14959,18343,6
14959,18345,17
14959,18348,4
14959,18352,2
14959,18353,2
14959,18354,15
14959,18355,2
14959,18362,7
14959,18363,1
14959,18381,80
14959,18382,61
14959,18383,21.5
14959,18390,14
14959,18392,7
14959,18393,5
14959,18394,3
14959,18402,2
14959,18403,4
14959,18405,8
14959,18406,13
14959,18441,3
14959,18442,8
14959,18451,3
14959,18452,2
14959,18454,3
14959,18475,5
14959,18479,1
14959,18500,4
14959,18501,4
14959,18517,4
14959,18527,8
14959,18531,49
14959,18532,34
14959,18533,3
14959,18536,1
14959,18554,8
14959,18562,4
14959,18563,5
14959,18578,6
14959,18586,1
14959,18593,2
14959,18621,2
14959,18623,1
14960,18061,5
14960,18062,2
14960,18063,1
14960,18071,12.5
14960,18072,10
14960,18073,2
14960,18074,3
14960,18092,2
14960,18093,8
14960,18097,2
14960,18099,12
14960,18100,3
14960,18105,2
14960,18108,17
14960,18109,2
14960,18115,2
14960,18116,5
14960,18124,5
14960,18125,3
14960,18126,3
14960,18127,1
14960,18143,5
14960,18144,14
14960,18145,11
14960,18155,3
14960,18156,2
14960,18187,2
14960,18198,34
14960,18199,4
14960,18201,2
14960,18210,2
14960,18217,52
14960,18218,114
14960,18219,21
14960,18220,22
14960,18221,39
14960,18222,9
14960,18223,3
14960,18236,4
14960,18242,17
14960,18251,1
14960,18261,1
14960,18278,5
14960,18280,1
14960,18290,2
14960,18296,3
14960,18297,1
14960,18303,68
14960,18304,7
14960,18310,16
14960,18311,11
14960,18312,15
14960,18321,15
14960,18328,7
14960,18332,3
14960,18334,8
14960,18335,3
14960,18343,1
14960,18344,13.5
14960,18345,3
14960,18352,3
14960,18354,11
14960,18362,2
14960,18363,14
14960,18373,3
14960,18374,13
14960,18375,18
14960,18383,16
14960,18389,4
14960,18390,36
14960,18392,11
14960,18401,6
14960,18402,2
14960,18404,5
14960,18405,16
14960,18406,9
14960,18414,2
14960,18415,2
14960,18426,2
14960,18434,1
14960,18442,17
14960,18453,3
14960,18475,9
14960,18478,4
14960,18479,7
14960,18493,1
14960,18498,3
14960,18511,3
14960,18517,2
14960,18518,36
14960,18519,36
14960,18521,5
14960,18524,2
14960,18530,16
14960,18531,12
14960,18532,2
14960,18533,1
14960,18536,6
14960,18537,2
14960,18554,1
14960,18562,45.5
14960,18563,6
14960,18565,2
14960,18577,4
14960,18585,12
14960,18586,1
14960,18587,6
14960,18607,1
14960,18622,2
14961,18055,5
14961,18056,10
14961,18057,35
14961,18058,15
14961,18059,22
14961,18060,12
14961,18061,30
14961,18062,22
14961,18063,12
14961,18065,10
14961,18068,2
14961,18078,12
14961,18086,7
14961,18092,7
14961,18093,8
14961,18108,5
14961,18115,3
14961,18118,2
14961,18127,2
14961,18132,5
14961,18133,15
14961,18134,14
14961,18135,4
14961,18136,4
14961,18140,3
14961,18144,15
14961,18151,5
14961,18152,4
14961,18156,4
14961,18180,13
14961,18181,5
14961,18185,2
14961,18198,48.5
14961,18199,4
14961,18200,4
14961,18201,2
14961,18210,2
14961,18215,5
14961,18216,46
14961,18217,121.5
14961,18218,155.5
14961,18219,61
14961,18220,68
14961,18221,16
14961,18222,15
14961,18223,6
14961,18224,2
14961,18236,6
14961,18242,9
14961,18243,8
14961,18244,3
14961,18254,2
14961,18259,15.5
14961,18260,15
14961,18261,6
14961,18279,6
14961,18283,1
14961,18285,4
14961,18286,2
14961,18296,8
14961,18302,1
14961,18303,51
14961,18304,33
14961,18306,5
14961,18307,23.5
14961,18310,28
14961,18311,17
14961,18312,7
14961,18332,4
14961,18333,11
14961,18334,31
14961,18335,31
14961,18336,11
14961,18344,1
14961,18352,2
14961,18354,5
14961,18359,3
14961,18363,2
14961,18369,4
14961,18370,2
14961,18371,45
14961,18372,18
14961,18373,1
14961,18374,24
14961,18375,17
14961,18383,4
14961,18389,4
14961,18390,16.5
14961,18391,7
14961,18399,27
14961,18400,9
14961,18401,13
14961,18402,2
14961,18404,8
14961,18427,4
14961,18432,2
14961,18433,11
14961,18434,26
14961,18435,5
14961,18436,7
14961,18437,8
14961,18438,14
14961,18439,6
14961,18443,1
14961,18444,3
14961,18447,3
14961,18449,28
14961,18450,4
14961,18453,2
14961,18475,14
14961,18476,8
14961,18477,29
14961,18478,13
14961,18493,4
14961,18494,8
14961,18500,1
14961,18519,10
14961,18522,2
14961,18524,5
14961,18529,4
14961,18530,3
14961,18553,4
14961,18562,26
14961,18563,7
14961,18564,16
14961,18576,13
14961,18599,5
14961,18611,2
14961,18615,1
14961,18627,1
14962,18054,3
14962,18055,22
14962,18056,47
14962,18057,82
14962,18058,6
14962,18059,11
14962,18060,15
14962,18061,24
14962,18062,27
14962,18063,16
14962,18064,28
14962,18065,3
14962,18067,2
14962,18071,2
14962,18078,29
14962,18087,14
14962,18088,4
14962,18097,11
14962,18099,6
14962,18107,3
14962,18108,3
14962,18128,5
14962,18129,1
14962,18133,13
14962,18134,3
14962,18135,4
14962,18141,9
14962,18152,25
14962,18153,9
14962,18154,3
14962,18162,8
14962,18168,2
14962,18171,2
14962,18172,3
14962,18175,3
14962,18181,2
14962,18188,2
14962,18189,4
14962,18190,15
14962,18195,5
14962,18196,1
14962,18197,3
14962,18198,3
14962,18205,5
14962,18207,13
14962,18208,13
14962,18214,3
14962,18215,33.5
14962,18216,66.5
14962,18217,36
14962,18218,119
14962,18219,89.5
14962,18220,57
14962,18221,6
14962,18223,1
14962,18224,1
14962,18228,2
14962,18229,9
14962,18230,5
14962,18231,8
14962,18236,2
14962,18244,20
14962,18245,14.5
14962,18246,27
14962,18247,12
14962,18248,2
14962,18254,2
14962,18257,4
14962,18258,8
14962,18259,8
14962,18260,2
14962,18269,8
14962,18283,4
14962,18285,8.5
14962,18286,16
14962,18302,3
14962,18303,9
14962,18307,19
14962,18308,11
14962,18310,15
14962,18311,30
14962,18312,9
14962,18320,3
14962,18332,11
14962,18333,9
14962,18334,20
14962,18335,30.5
14962,18336,5
14962,18349,3
14962,18353,7
14962,18354,6
14962,18358,6
14962,18359,2
14962,18369,8
14962,18370,47
14962,18371,37
14962,18372,2
14962,18373,4
14962,18384,5
14962,18389,2
14962,18390,7
14962,18399,23.5
14962,18400,18
14962,18412,4
14962,18433,4
14962,18434,4
14962,18436,8
14962,18438,2
14962,18447,6
14962,18448,7
14962,18449,39
14962,18451,17.5
14962,18454,3
14962,18459,5
14962,18476,21
14962,18477,13
14962,18478,15
14962,18479,4
14962,18491,2
14962,18493,9.5
14962,18494,2
14962,18501,1
14962,18505,2
14962,18508,2
14962,18509,2
14962,18510,4
14962,18511,8
14962,18512,4
14962,18513,2
14962,18515,1
14962,18518,1
14962,18520,3
14962,18522,7
14962,18526,2
14962,18529,2
14962,18530,5
14962,18535,6
14962,18559,1
14962,18562,4
14962,18563,17
14962,18564,5
14962,18575,3
14962,18576,10
14962,18577,4
14962,18610,3
14962,18617,6.5
14962,18618,4
14962,18628,3
14962,18630,4
14962,18631,2
14963,18055,33
14963,18056,8
14963,18057,19
14963,18061,17
14963,18062,15
14963,18063,7
14963,18064,6
14963,18065,8
14963,18078,4
14963,18079,6
14963,18081,4
14963,18084,5
14963,18085,16
14963,18088,15
14963,18097,8
14963,18098,27
14963,18105,15.5
14963,18106,20
14963,18111,9
14963,18112,2
14963,18116,6
14963,18117,10
14963,18150,7
14963,18151,8
14963,18154,8
14963,18155,3
14963,18156,4
14963,18165,4
14963,18169,5
14963,18170,4
14963,18180,2
14963,18184,2
14963,18185,2
14963,18186,10
14963,18190,13
14963,18196,11
14963,18197,4
14963,18198,35
14963,18204,15.5
14963,18205,13
14963,18214,20
14963,18215,39.5
14963,18216,55.5
14963,18217,97
14963,18218,97
14963,18219,31.5
14963,18230,12
14963,18231,20
14963,18232,2
14963,18233,3
14963,18245,30.5
14963,18246,69.5
14963,18247,63
14963,18254,10
14963,18255,6
14963,18256,11
14963,18257,16.5
14963,18258,31.5
14963,18259,8
14963,18269,12
14963,18270,2
14963,18283,4
14963,18284,9
14963,18285,6
14963,18288,1
14963,18289,10
14963,18300,12
14963,18301,4
14963,18302,4
14963,18305,2
14963,18309,24
14963,18310,46
14963,18311,26.5
14963,18312,6
14963,18325,1
14963,18326,3
14963,18332,1
14963,18333,4
14963,18358,4
14963,18361,4
14963,18365,4
14963,18367,4
14963,18370,21
14963,18371,36
14963,18389,4
14963,18392,6
14963,18393,37.5
14963,18394,4
14963,18399,20.5
14963,18400,12
14963,18411,8.5
14963,18430,7
14963,18431,7
14963,18432,2
14963,18433,3
14963,18447,2
14963,18448,51.5
14963,18449,22.5
14963,18450,2
14963,18451,7
14963,18454,1
14963,18455,1
14963,18456,3
14963,18476,1
14963,18478,9
14963,18479,14
14963,18489,2
14963,18492,1
14963,18493,16
14963,18494,3
14963,18496,9
14963,18497,7
14963,18501,6
14963,18503,1
14963,18511,1
14963,18512,2
14963,18524,4
14963,18525,12
14963,18527,6
14963,18528,2
14963,18534,6
14963,18535,6
14963,18551,4
14963,18562,10
14963,18563,7
14963,18564,3
14963,18576,12
14963,18577,13
14963,18609,3
14963,18630,15
14963,18631,17
14963,18632,5
14963,18633,3
14964,18055,16
14964,18056,11
14964,18058,8
14964,18061,2
14964,18062,7
14964,18064,7
14964,18068,7
14964,18069,3
14964,18074,7
14964,18075,4
14964,18079,8
14964,18081,1
14964,18082,3.5
14964,18083,3
14964,18085,3
14964,18087,4
14964,18088,5
14964,18089,32.5
14964,18090,31
14964,18097,4
14964,18098,4
14964,18101,8
14964,18105,4
14964,18108,3
14964,18109,3
14964,18111,3
14964,18115,2
14964,18116,2
14964,18117,2
14964,18119,2
14964,18120,4
14964,18121,7
14964,18122,4
14964,18142,2
14964,18143,7
14964,18149,3.5
14964,18151,16
14964,18153,19
14964,18156,4
14964,18165,5
14964,18167,10
14964,18169,3
14964,18174,15.5
14964,18175,2
14964,18179,18
14964,18180,24
14964,18184,5
14964,18189,2
14964,18196,8
14964,18197,20
14964,18198,30
14964,18199,4
14964,18207,4
14964,18215,21
14964,18216,11
14964,18217,16
14964,18218,158.5
14964,18219,5
14964,18229,9
14964,18230,22
14964,18231,2
14964,18232,16
14964,18245,11.5
14964,18246,3
14964,18247,2
14964,18254,24
14964,18255,46.5
14964,18256,38
14964,18258,8
14964,18259,4
14964,18269,12
14964,18270,5
14964,18271,8
14964,18272,9
14964,18288,29.5
14964,18289,24
14964,18290,4
14964,18298,7
14964,18299,17
14964,18300,16
14964,18301,38
14964,18302,9.5
14964,18309,65.5
14964,18310,58
14964,18311,38
14964,18312,5
14964,18326,4
14964,18333,3
14964,18338,2
14964,18367,5
14964,18368,45
14964,18369,19
14964,18371,15
14964,18387,1
14964,18389,1
14964,18393,6
14964,18394,16.5
14964,18395,9
14964,18400,14
14964,18413,3
14964,18417,1
14964,18424,7
14964,18425,10
14964,18426,3
14964,18427,1
14964,18430,9
14964,18446,2
14964,18447,9
14964,18448,63
14964,18449,35
14964,18450,28
14964,18451,3
14964,18455,6
14964,18477,2
14964,18478,11
14964,18479,7
14964,18480,11
14964,18488,1
14964,18489,5
14964,18490,9
14964,18491,7
14964,18492,32.5
14964,18493,39
14964,18494,22
14964,18495,23
14964,18496,1
14964,18498,1
14964,18501,15
14964,18505,5
14964,18513,5
14964,18514,3
14964,18519,1
14964,18521,4
14964,18522,3
14964,18524,2
14964,18525,44
14964,18526,22
14964,18527,25
14964,18528,15
14964,18529,6
14964,18531,3
14964,18532,8
14964,18533,2
14964,18545,1
14964,18546,1
14964,18549,1
14964,18550,7
14964,18551,5
14964,18552,6
14964,18553,8
14964,18608,11
14964,18609,15
14964,18610,10
14964,18631,12
14964,18632,6
14964,18633,4
14964,18634,1
14965,18055,8
14965,18056,45
14965,18059,1
14965,18061,6
14965,18068,2
14965,18069,2
14965,18079,4
14965,18080,4
14965,18081,7
14965,18089,25
14965,18090,2
14965,18091,6
14965,18097,3
14965,18098,4
14965,18100,13
14965,18101,29
14965,18102,5
14965,18111,5
14965,18112,19
14965,18117,5
14965,18118,3
14965,18120,9
14965,18125,4
14965,18127,5
14965,18131,2
14965,18133,2
14965,18134,91
14965,18135,82
14965,18137,2
14965,18141,2
14965,18142,32
14965,18143,3
14965,18151,13
14965,18152,3
14965,18165,4
14965,18167,6
14965,18170,9
14965,18171,5
14965,18172,5
14965,18173,33
14965,18174,14
14965,18175,6
14965,18179,3
14965,18180,14
14965,18197,5
14965,18198,3
14965,18199,117
14965,18201,10
14965,18204,2
14965,18208,4
14965,18218,10
14965,18219,2
14965,18229,10
14965,18230,19
14965,18233,3
14965,18238,4
14965,18249,11
14965,18250,4
14965,18251,5
14965,18254,4
14965,18255,6
14965,18256,10
14965,18259,3
14965,18267,19
14965,18268,2
14965,18270,3
14965,18271,7
14965,18281,4
14965,18287,6
14965,18288,74
14965,18289,40
14965,18290,30
14965,18297,6
14965,18298,8
14965,18300,3
14965,18301,26
14965,18302,17
14965,18308,22
14965,18309,19
14965,18310,2
14965,18311,2
14965,18312,18
14965,18319,4
14965,18330,2
14965,18339,8
14965,18340,11
14965,18349,2
14965,18362,2
14965,18367,10
14965,18368,43
14965,18369,10
14965,18370,6
14965,18389,15
14965,18390,18
14965,18394,22
14965,18395,14.5
14965,18396,4
14965,18400,4
14965,18401,1
14965,18405,4
14965,18418,1
14965,18420,2
14965,18423,2
14965,18424,30
14965,18425,10
14965,18426,7
14965,18432,6
14965,18436,4
14965,18442,2
14965,18446,4
14965,18448,16
14965,18449,22
14965,18450,5
14965,18478,12
14965,18479,7
14965,18491,3
14965,18493,2
14965,18494,10
14965,18495,19
14965,18497,8
14965,18500,10
14965,18501,12
14965,18504,2
14965,18508,2
14965,18510,1
14965,18512,2
14965,18514,1
14965,18515,4
14965,18518,2
14965,18520,2
14965,18521,5
14965,18524,11
14965,18526,32
14965,18527,43
14965,18528,31
14965,18529,2
14965,18530,4
14965,18531,10
14965,18546,1
14965,18547,2
14965,18548,4
14965,18549,2
14965,18550,3
14965,18552,11
14965,18553,34
14965,18577,3
14965,18592,4
14965,18611,4
14966,18056,23
14966,18068,2
14966,18070,15.5
14966,18071,5
14966,18072,21
14966,18087,1
14966,18088,20.5
14966,18089,70.5
14966,18090,5
14966,18092,4
14966,18097,4
14966,18098,5
14966,18102,9
14966,18106,4
14966,18108,4
14966,18113,2
14966,18115,2
14966,18119,3
14966,18121,2
14966,18125,2
14966,18126,2
14966,18128,5
14966,18131,18
14966,18132,12
14966,18133,42
14966,18134,73
14966,18135,88.5
14966,18136,35
14966,18137,22
14966,18138,2
14966,18139,9
14966,18140,11
14966,18142,3
14966,18145,4
14966,18152,9
14966,18153,12
14966,18154,4
14966,18162,4
14966,18169,24
14966,18170,35
14966,18171,18.5
14966,18172,20
14966,18173,31.5
14966,18177,4
14966,18179,2
14966,18180,3
14966,18193,2
14966,18194,14
14966,18199,26
14966,18201,12
14966,18202,10
14966,18203,3
14966,18207,1
14966,18208,4
14966,18218,6
14966,18230,4
14966,18241,2
14966,18250,25
14966,18251,2
14966,18257,14
14966,18258,13
14966,18266,2
14966,18267,9
14966,18268,20
14966,18269,2
14966,18271,5
14966,18280,1
14966,18287,9.5
14966,18288,43.5
14966,18289,62
14966,18290,79
14966,18291,17
14966,18301,6.5
14966,18308,38
14966,18309,24
14966,18310,12
14966,18311,46
14966,18312,31
14966,18313,1
14966,18339,31
14966,18340,8
14966,18344,1
14966,18356,4
14966,18368,7
14966,18385,5
14966,18388,1
14966,18389,13
14966,18390,9
14966,18391,1
14966,18400,5
14966,18401,5
14966,18405,33.5
14966,18406,4
14966,18426,26
14966,18427,6
14966,18432,2
14966,18448,7
14966,18464,2
14966,18478,4
14966,18494,4
14966,18495,21
14966,18496,9
14966,18499,2
14966,18500,7
14966,18501,21
14966,18505,2
14966,18507,2
14966,18515,2
14966,18521,7
14966,18522,1
14966,18526,39.5
14966,18527,57
14966,18528,110
14966,18529,62
14966,18530,14
14966,18531,2
14966,18536,2
14966,18537,4
14966,18552,1
14966,18553,4
14966,18605,7
14966,18619,4
14966,18620,7
14966,18621,6
14966,18635,4
14966,18636,4
14967,18056,2
14967,18068,2
14967,18071,10.5
14967,18074,4
14967,18080,2
14967,18086,1
14967,18087,4
14967,18088,36
14967,18089,43
14967,18090,15
14967,18091,7
14967,18097,19
14967,18098,5
14967,18104,18
14967,18105,16
14967,18106,6
14967,18107,9
14967,18108,2
14967,18113,2
14967,18118,10
14967,18132,2
14967,18133,84
14967,18134,58
14967,18135,52.5
14967,18136,110.5
14967,18137,276.5
14967,18138,52
14967,18139,46
14967,18140,75
14967,18141,19
14967,18142,14
14967,18146,8
14967,18153,21
14967,18154,36.5
14967,18161,5
14967,18162,25
14967,18163,19
14967,18164,2
14967,18169,3
14967,18171,18
14967,18172,52
14967,18173,34
14967,18177,3
14967,18188,4
14967,18193,2
14967,18194,12
14967,18196,4
14967,18200,14
14967,18202,24
14967,18203,3
14967,18204,2
14967,18207,4
14967,18208,2
14967,18231,13
14967,18232,23
14967,18242,5
14967,18268,17
14967,18269,42.5
14967,18270,2
14967,18287,2
14967,18288,38
14967,18289,54.5
14967,18290,62
14967,18291,34.5
14967,18308,4
14967,18310,6
14967,18311,29
14967,18312,11
14967,18313,2
14967,18323,5
14967,18324,8
14967,18325,4
14967,18332,2
14967,18346,2
14967,18356,6
14967,18357,1
14967,18362,4
14967,18364,8
14967,18388,1
14967,18389,10
14967,18399,3
14967,18400,13
14967,18401,21
14967,18402,7
14967,18405,10
14967,18425,2
14967,18426,5
14967,18427,7
14967,18444,1
14967,18445,29
14967,18446,14
14967,18447,3
14967,18448,9
14967,18449,6
14967,18451,10
14967,18459,4
14967,18495,4
14967,18496,8
14967,18499,2
14967,18500,59
14967,18501,30
14967,18503,2
14967,18504,2
14967,18509,2
14967,18517,5
14967,18518,5
14967,18522,3
14967,18523,21
14967,18524,32
14967,18525,36.5
14967,18526,146
14967,18527,210
14967,18528,174
14967,18529,100.5
14967,18530,281
14967,18531,57
14967,18532,2
14967,18602,2
14967,18603,19
14967,18604,17
14967,18620,8
14967,18621,6
14967,18622,2
14967,18635,3
14967,18636,5
14967,18637,15
14968,18060,3
14968,18063,14
14968,18065,3.5
14968,18066,2
14968,18070,1
14968,18071,13
14968,18072,4
14968,18075,4
14968,18076,2
14968,18078,2
14968,18079,5
14968,18080,5
14968,18081,10
14968,18084,8
14968,18086,37
14968,18087,16
14968,18088,78
14968,18089,44
14968,18090,44
14968,18091,31.5
14968,18092,18
14968,18093,3
14968,18097,6
14968,18098,9
14968,18099,2
14968,18101,4
14968,18102,13
14968,18103,4
14968,18113,12
14968,18114,15
14968,18121,1
14968,18128,4
14968,18134,39
14968,18135,114
14968,18136,133.5
14968,18137,239
14968,18138,99
14968,18139,159.5
14968,18140,48.5
14968,18141,9
14968,18142,9
14968,18143,3.5
14968,18148,2
14968,18153,12
14968,18154,4
14968,18155,4.5
14968,18157,2
14968,18158,6
14968,18161,36
14968,18162,29
14968,18163,53
14968,18164,52.5
14968,18165,17
14968,18166,11
14968,18170,2
14968,18171,6
14968,18172,17
14968,18173,46.5
14968,18174,17
14968,18176,2
14968,18179,4
14968,18200,27
14968,18202,9
14968,18203,19
14968,18204,9
14968,18207,5
14968,18210,7
14968,18231,1
14968,18232,28
14968,18233,50
14968,18234,21
14968,18240,2
14968,18249,2
14968,18269,2
14968,18276,4
14968,18277,5
14968,18288,14
14968,18289,3
14968,18295,9
14968,18300,6.5
14968,18310,17
14968,18311,9
14968,18324,1
14968,18325,1
14968,18331,10
14968,18332,50
14968,18333,15
14968,18334,10
14968,18335,7
14968,18345,2
14968,18346,5
14968,18362,24
14968,18363,18
14968,18364,33
14968,18365,20
14968,18366,39
14968,18376,49
14968,18377,7
14968,18383,6
14968,18387,9.5
14968,18388,23.5
14968,18389,12
14968,18401,13
14968,18402,11.5
14968,18404,10
14968,18405,26
14968,18406,6
14968,18426,27
14968,18444,2
14968,18445,21
14968,18446,18
14968,18460,4
14968,18496,3
14968,18497,3
14968,18499,15
14968,18500,14
14968,18501,69
14968,18502,40
14968,18503,7
14968,18508,2
14968,18512,3
14968,18514,3
14968,18518,30
14968,18519,31
14968,18520,3
14968,18522,85
14968,18523,56
14968,18524,8
14968,18525,70
14968,18526,188
14968,18527,82
14968,18528,186
14968,18529,146.5
14968,18530,219
14968,18531,340
14968,18541,1
14968,18601,29
14968,18602,7
14968,18603,6
14968,18604,9
14968,18624,5
14969,18059,5
14969,18060,56
14969,18061,38.5
14969,18062,1
14969,18063,3
14969,18064,1
14969,18065,18
14969,18066,5
14969,18069,2
14969,18080,31
14969,18081,28
14969,18083,6
14969,18084,29
14969,18085,53
14969,18086,43.5
14969,18088,1
14969,18089,2
14969,18090,10
14969,18093,11
14969,18097,6
14969,18098,17.5
14969,18099,22
14969,18100,82
14969,18101,68
14969,18102,13
14969,18103,10
14969,18104,49.5
14969,18105,7
14969,18114,12
14969,18119,7
14969,18132,3
14969,18135,2
14969,18136,62
14969,18137,86
14969,18138,93
14969,18139,59
14969,18140,5
14969,18141,5
14969,18142,15
14969,18146,2
14969,18154,12
14969,18161,3
14969,18162,8
14969,18164,5
14969,18165,15
14969,18170,13
14969,18171,7
14969,18172,3
14969,18173,17
14969,18174,9
14969,18184,5
14969,18194,4
14969,18198,3
14969,18200,23
14969,18201,11
14969,18206,4
14969,18207,2
14969,18210,5
14969,18211,6
14969,18233,11
14969,18234,16
14969,18235,9
14969,18236,4
14969,18240,5
14969,18272,25
14969,18273,28
14969,18274,3
14969,18276,2
14969,18282,2
14969,18289,12
14969,18290,7
14969,18295,9
14969,18296,5
14969,18298,36
14969,18299,90.5
14969,18300,6
14969,18301,1
14969,18309,5
14969,18310,5
14969,18312,2
14969,18317,17
14969,18318,11
14969,18328,3
14969,18329,10
14969,18330,6
14969,18331,16
14969,18332,46
14969,18333,54
14969,18334,42
14969,18335,27
14969,18346,2
14969,18362,11
14969,18363,9
14969,18364,11
14969,18365,29
14969,18366,64
14969,18376,2
14969,18377,28
14969,18378,8
14969,18385,2
14969,18386,16
14969,18387,17
14969,18388,11
14969,18389,3
14969,18401,1
14969,18402,2
14969,18403,6
14969,18404,12
14969,18405,9
14969,18408,33
14969,18417,1
14969,18426,9
14969,18427,5
14969,18428,22
14969,18429,10
14969,18430,6
14969,18431,18
14969,18444,2
14969,18445,5
14969,18446,4
14969,18448,2
14969,18449,1
14969,18453,3
14969,18459,14.5
14969,18460,9
14969,18492,9
14969,18493,2
14969,18501,15
14969,18502,55.5
14969,18503,14
14969,18513,1
14969,18514,2
14969,18515,2
14969,18519,18
14969,18520,39
14969,18521,14
14969,18522,22
14969,18523,6
14969,18525,75
14969,18526,113
14969,18527,37
14969,18528,65
14969,18529,53
14969,18530,62
14969,18531,24
14969,18532,2
14969,18536,2
14969,18584,1
14969,18585,8
14969,18586,5
14969,18600,4
14969,18601,1
14969,18602,32
14969,18619,2
14969,18620,8
14969,18628,1
14970,18059,3
14970,18060,23
14970,18061,47
14970,18062,34
14970,18063,1
14970,18068,17
14970,18069,10.5
14970,18080,27
14970,18081,4.5
14970,18084,51
14970,18085,72.5
14970,18086,63.5
14970,18087,10
14970,18090,15
14970,18091,2
14970,18093,4
14970,18094,3
14970,18099,53.5
14970,18100,54.5
14970,18101,55.5
14970,18102,32.5
14970,18103,49
14970,18104,37.5
14970,18111,20.5
14970,18112,5
14970,18116,6
14970,18118,2
14970,18121,6
14970,18129,4
14970,18135,3
14970,18136,67.5
14970,18137,8
14970,18138,97
14970,18139,11
14970,18146,19
14970,18147,8
14970,18150,14
14970,18151,8
14970,18156,4
14970,18161,4
14970,18172,6
14970,18173,11
14970,18184,7
14970,18185,4
14970,18188,3
14970,18189,20
14970,18190,6
14970,18193,2
14970,18194,2
14970,18195,5
14970,18198,2
14970,18200,1
14970,18210,5
14970,18220,4
14970,18221,9
14970,18222,25
14970,18223,52
14970,18224,1
14970,18225,5
14970,18243,9
14970,18244,2
14970,18245,16
14970,18264,5
14970,18272,25
14970,18273,44
14970,18274,39.5
14970,18276,3
14970,18277,8
14970,18289,3
14970,18290,5
14970,18297,50
14970,18298,65.5
14970,18299,40
14970,18300,12
14970,18301,1
14970,18316,11
14970,18317,35
14970,18319,30
14970,18320,11.5
14970,18321,14.5
14970,18330,20.5
14970,18331,10
14970,18332,23
14970,18333,1
14970,18334,3
14970,18335,6
14970,18346,2
14970,18351,11
14970,18353,1
14970,18354,57
14970,18363,52
14970,18364,66
14970,18365,64
14970,18366,11
14970,18373,2
14970,18376,1
14970,18377,58
14970,18378,6
14970,18385,2
14970,18386,21.5
14970,18387,42
14970,18388,10
14970,18402,2
14970,18403,2
14970,18404,12
14970,18408,94.5
14970,18411,11
14970,18412,2
14970,18425,5
14970,18426,8.5
14970,18427,1
14970,18429,10
14970,18430,15
14970,18431,33
14970,18432,7
14970,18438,3
14970,18444,5
14970,18452,1
14970,18453,2
14970,18459,3
14970,18492,8
14970,18495,2
14970,18500,8
14970,18501,11.5
14970,18502,5
14970,18503,12
14970,18507,2
14970,18517,4
14970,18518,5
14970,18520,31
14970,18521,42
14970,18524,4
14970,18525,37
14970,18526,99
14970,18527,8
14970,18528,5
14970,18529,5
14970,18531,11
14970,18532,5
14970,18534,1
14970,18536,1
14970,18568,1
14970,18586,2
14970,18598,8
14970,18599,9
14970,18600,11
14970,18601,30
14970,18602,13
14970,18603,8
14970,18604,5
14970,18605,4
14970,18628,8
14970,18629,10
14971,18060,5
14971,18061,33
14971,18062,44
14971,18063,4
14971,18065,8
14971,18067,2
14971,18068,6
14971,18069,2
14971,18070,3
14971,18072,18
14971,18077,4
14971,18079,8
14971,18080,2
14971,18081,18
14971,18082,2
14971,18083,28
14971,18084,63
14971,18085,158.5
14971,18086,84
14971,18087,57
14971,18088,4
14971,18096,4
14971,18098,6
14971,18099,72
14971,18100,27.5
14971,18101,91.5
14971,18102,53
14971,18103,10
14971,18106,4
14971,18111,2
14971,18116,2
14971,18119,2
14971,18121,3
14971,18122,36
14971,18123,50
14971,18125,5
14971,18135,1
14971,18136,32
14971,18138,5
14971,18146,17
14971,18147,5
14971,18148,6
14971,18149,6
14971,18150,7
14971,18151,2
14971,18152,2
14971,18155,24
14971,18167,5
14971,18168,2
14971,18172,4
14971,18173,1
14971,18179,4
14971,18186,22
14971,18187,25
14971,18189,10
14971,18190,4
14971,18193,9.5
14971,18194,8
14971,18195,13
14971,18196,8
14971,18199,1
14971,18203,1
14971,18204,3
14971,18209,5
14971,18210,12
14971,18220,25
14971,18221,11
14971,18222,1
14971,18223,14
14971,18224,2
14971,18225,4
14971,18235,2
14971,18243,43
14971,18244,15
14971,18245,3
14971,18248,3
14971,18249,7
14971,18266,17
14971,18271,28
14971,18272,13
14971,18274,84
14971,18275,27
14971,18276,24
14971,18297,4
14971,18298,46
14971,18299,21
14971,18300,2
14971,18316,21
14971,18317,13
14971,18318,2
14971,18319,42
14971,18320,37
14971,18321,25
14971,18331,2
14971,18332,2
14971,18354,20
14971,18355,3
14971,18359,2
14971,18363,52
14971,18364,48
14971,18365,22
14971,18373,29
14971,18374,21
14971,18375,31
14971,18376,37
14971,18377,10
14971,18378,1
14971,18404,16
14971,18407,12
14971,18408,96.5
14971,18409,8
14971,18410,3
14971,18411,12
14971,18414,3.5
14971,18416,2
14971,18423,1
14971,18432,42
14971,18433,14
14971,18442,4
14971,18443,19
14971,18444,8
14971,18455,4
14971,18494,2
14971,18495,5
14971,18500,14
14971,18501,5
14971,18506,3
14971,18518,2
14971,18519,8
14971,18520,22
14971,18521,15
14971,18522,18.5
14971,18523,16
14971,18524,14
14971,18525,90
14971,18526,71.5
14971,18543,6
14971,18553,1
14971,18566,1
14971,18567,2
14971,18569,1
14971,18586,2
14971,18587,2
14971,18588,3
14971,18604,5
14971,18628,3
14971,18638,11
14971,18641,33
14971,18648,4
14972,18060,2
14972,18061,9
14972,18062,24
14972,18063,4
14972,18066,19
14972,18070,35
14972,18071,14
14972,18072,2
14972,18077,4
14972,18078,31
14972,18079,1.5
14972,18082,5
14972,18083,9
14972,18084,66
14972,18085,69.5
14972,18086,30
14972,18088,11
14972,18089,3
14972,18090,4
14972,18091,8
14972,18092,4
14972,18093,5
14972,18095,5
14972,18099,108
14972,18100,184.5
14972,18101,130
14972,18102,54.5
14972,18103,76.5
14972,18104,6
14972,18105,6
14972,18106,7
14972,18107,2
14972,18110,6
14972,18111,6
14972,18117,3
14972,18118,2
14972,18120,2
14972,18121,24
14972,18122,50
14972,18123,17
14972,18124,5
14972,18130,7
14972,18136,2
14972,18139,3
14972,18147,5
14972,18152,3
14972,18155,34
14972,18156,12
14972,18167,2
14972,18172,2
14972,18175,17
14972,18176,17
14972,18186,16
14972,18187,36.5
14972,18188,12
14972,18189,5
14972,18192,5
14972,18193,2
14972,18194,12
14972,18195,6
14972,18196,5
14972,18197,9
14972,18198,1
14972,18199,8
14972,18204,25
14972,18210,6.5
14972,18211,3
14972,18220,26
14972,18223,31
14972,18224,13
14972,18225,2
14972,18228,4
14972,18241,4
14972,18243,13.5
14972,18244,13
14972,18249,12
14972,18265,11
14972,18266,4
14972,18267,5
14972,18270,11
14972,18271,3
14972,18275,34
14972,18276,7
14972,18291,2
14972,18292,18
14972,18295,6
14972,18298,40
14972,18299,6
14972,18309,7
14972,18316,6
14972,18317,19
14972,18318,44
14972,18319,28
14972,18323,1
14972,18324,9.5
14972,18325,15.5
14972,18354,10
14972,18355,4
14972,18359,2
14972,18363,16.5
14972,18364,4
14972,18374,1
14972,18375,20
14972,18376,7.5
14972,18377,16
14972,18402,14
14972,18403,7.5
14972,18404,39
14972,18405,23
14972,18407,88.5
14972,18408,93.5
14972,18409,5
14972,18414,15
14972,18429,4
14972,18433,6
14972,18443,35
14972,18479,5
14972,18480,4
14972,18494,2
14972,18495,2
14972,18496,1
14972,18499,13
14972,18500,16
14972,18501,3
14972,18503,1
14972,18504,2
14972,18512,2
14972,18517,2
14972,18520,2
14972,18522,8
14972,18523,50.5
14972,18524,80
14972,18525,34
14972,18526,60
14972,18527,31
14972,18567,4
14972,18568,9
14972,18590,6
14972,18591,12
14972,18593,4
14972,18604,2
14972,18616,2
14972,18628,9
14972,18638,16
14972,18639,28
14972,18640,1
14972,18641,4
14972,18643,1
14973,18061,1
14973,18070,30
14973,18071,19
14973,18072,5
14973,18074,3
14973,18078,10
14973,18082,2
14973,18083,9
14973,18084,5
14973,18087,11
14973,18088,18
14973,18099,80
14973,18100,54
14973,18101,61
14973,18102,74
14973,18103,48
14973,18111,16
14973,18114,4
14973,18116,5
14973,18117,37.5
14973,18118,7
14973,18120,3
14973,18121,6
14973,18122,51
14973,18123,24
14973,18132,3
14973,18134,5
14973,18138,22
14973,18139,22
14973,18141,5
14973,18144,4
14973,18147,6
14973,18155,14
14973,18156,2
14973,18167,2
14973,18168,4
14973,18171,11
14973,18172,1
14973,18173,9.5
14973,18186,31
14973,18187,30
14973,18188,15
14973,18199,1
14973,18204,3
14973,18205,12
14973,18208,1
14973,18209,2
14973,18210,4
14973,18214,3
14973,18219,2
14973,18220,5
14973,18223,15
14973,18238,4.5
14973,18241,7
14973,18243,30
14973,18249,1
14973,18250,5
14973,18269,5
14973,18275,4
14973,18286,5
14973,18291,1
14973,18292,11
14973,18295,2
14973,18309,6
14973,18310,1
14973,18316,10
14973,18317,19.5
14973,18318,19
14973,18319,18
14973,18320,5
14973,18323,9
14973,18324,6
14973,18341,1
14973,18353,9
14973,18354,93.5
14973,18355,85
14973,18356,17
14973,18357,4
14973,18363,30
14973,18396,2
14973,18398,6.5
14973,18402,15
14973,18403,20
14973,18404,48
14973,18405,228.5
14973,18406,67
14973,18407,51
14973,18408,6
14973,18426,4
14973,18427,12
14973,18428,42.5
14973,18429,11
14973,18440,2
14973,18442,21
14973,18443,7
14973,18478,1
14973,18479,5
14973,18480,45
14973,18482,5
14973,18488,1
14973,18501,2
14973,18502,3
14973,18503,2
14973,18505,4
14973,18514,5
14973,18524,29
14973,18525,7
14973,18526,49
14973,18527,25
14973,18528,24
14973,18550,6
14973,18564,4
14973,18565,1
14973,18566,1
14973,18567,5
14973,18568,6
14973,18589,2
14973,18590,16
14973,18591,22
14973,18592,4
14973,18593,3
14973,18614,6.5
14973,18628,1
14973,18635,4
14973,18637,35
14973,18638,39
14973,18639,13.5
14973,18640,3
14973,18641,19
14973,18642,17.5
14973,18644,41
14973,18645,20
14974,18065,25
14974,18067,9
14974,18068,4
14974,18069,4
14974,18070,2
14974,18071,1
14974,18072,4
14974,18073,3
14974,18074,8
14974,18075,13
14974,18076,22
14974,18077,2
14974,18082,3
14974,18088,1
14974,18091,5
14974,18092,2
14974,18094,6
14974,18095,2
14974,18097,1
14974,18098,8
14974,18099,53
14974,18100,2
14974,18101,19
14974,18102,49.5
14974,18103,69
14974,18111,8.5
14974,18114,2
14974,18117,18
14974,18118,7
14974,18119,15
14974,18120,4
14974,18121,18
14974,18122,20
14974,18123,25
14974,18131,5
14974,18132,10
14974,18135,8.5
14974,18142,1
14974,18143,17
14974,18144,1.5
14974,18145,2
14974,18147,17.5
14974,18148,73
14974,18155,4
14974,18166,1
14974,18167,2
14974,18168,3
14974,18171,25.5
14974,18185,3
14974,18186,3
14974,18188,4
14974,18204,7
14974,18205,14
14974,18206,5
14974,18209,5
14974,18210,10
14974,18215,15
14974,18216,3
14974,18238,3
14974,18239,2
14974,18242,1
14974,18243,3
14974,18267,10
14974,18268,6
14974,18275,6
14974,18288,4
14974,18292,16
14974,18297,6
14974,18309,1
14974,18310,2
14974,18315,6
14974,18316,15
14974,18318,12
14974,18319,2
14974,18320,12
14974,18322,8
14974,18323,13
14974,18334,1
14974,18354,58.5
14974,18355,79
14974,18356,7
14974,18357,2
14974,18362,7.5
14974,18363,24
14974,18364,12
14974,18402,23
14974,18403,48
14974,18404,96
14974,18405,69.5
14974,18406,55
14974,18410,1
14974,18415,16
14974,18416,9
14974,18426,2
14974,18427,8
14974,18428,30
14974,18429,8
14974,18441,8
14974,18442,20
14974,18478,9
14974,18479,23
14974,18480,33
14974,18481,1
14974,18482,1
14974,18488,4
14974,18489,7
14974,18503,10
14974,18504,1
14974,18513,9
14974,18514,47.5
14974,18515,8
14974,18516,4
14974,18526,13
14974,18527,5
14974,18528,4
14974,18540,3
14974,18566,5
14974,18567,13
14974,18568,3
14974,18569,6
14974,18578,2
14974,18591,9
14974,18592,4
14974,18593,2
14974,18613,2
14974,18614,8
14974,18627,1
14974,18628,6
14974,18638,6
14974,18639,4
14974,18640,30
14974,18641,46
14974,18642,62
14974,18643,21
14974,18644,25
14975,18062,22
14975,18063,11
14975,18064,40
14975,18065,92
14975,18066,3
14975,18069,6
14975,18070,21
14975,18071,8
14975,18075,16
14975,18076,14
14975,18088,5
14975,18091,2
14975,18092,23
14975,18097,5
14975,18098,5
14975,18099,8
14975,18100,4
14975,18102,6
14975,18113,4
14975,18115,3
14975,18116,3
14975,18117,2
14975,18118,5
14975,18120,27
14975,18121,70.5
14975,18122,19
14975,18124,3
14975,18129,5
14975,18130,9
14975,18132,3
14975,18134,1
14975,18135,12
14975,18137,4
14975,18138,11
14975,18142,4
14975,18144,2
14975,18145,6
14975,18146,12.5
14975,18147,51
14975,18148,17
14975,18150,4
14975,18151,7
14975,18155,6
14975,18158,4
14975,18167,1
14975,18168,15
14975,18169,5
14975,18170,9
14975,18171,23
14975,18186,1
14975,18200,1
14975,18211,1
14975,18236,4
14975,18237,2
14975,18244,9
14975,18245,2
14975,18260,2
14975,18267,3
14975,18292,4
14975,18293,3
14975,18296,2
14975,18297,2
14975,18300,4
14975,18301,7
14975,18302,14
14975,18303,25
14975,18316,4
14975,18318,2
14975,18319,19
14975,18320,23
14975,18321,12
14975,18322,7
14975,18334,23
14975,18335,8
14975,18347,4
14975,18352,10
14975,18353,10
14975,18354,31
14975,18355,65
14975,18362,7
14975,18363,3
14975,18381,5
14975,18395,4
14975,18396,16
14975,18397,2
14975,18398,16
14975,18400,16
14975,18401,26
14975,18402,35
14975,18403,76
14975,18404,109
14975,18405,49.5
14975,18406,48
14975,18409,2
14975,18414,23
14975,18415,44
14975,18416,8
14975,18424,6
14975,18425,3
14975,18426,22
14975,18427,33
14975,18428,13
14975,18429,5.5
14975,18438,6
14975,18439,1
14975,18441,2
14975,18479,4
14975,18480,44
14975,18481,45
14975,18482,32
14975,18483,2
14975,18484,16
14975,18485,14
14975,18486,11
14975,18487,6
14975,18501,4
14975,18503,2
14975,18509,2
14975,18514,5
14975,18515,9
14975,18516,10
14975,18519,3
14975,18537,5
14975,18540,2
14975,18541,1
14975,18542,1
14975,18547,7
14975,18563,1
14975,18564,3
14975,18567,4
14975,18568,8
14975,18577,4
14975,18578,2
14975,18592,9
14975,18636,1
14975,18637,2
14975,18638,12
14975,18639,46
14975,18640,95
14975,18641,102
14975,18642,77.5
14975,18643,8
14976,18060,1
14976,18061,17
14976,18062,25
14976,18063,54
14976,18064,85
14976,18065,92.5
14976,18066,8
14976,18070,10
14976,18071,1
14976,18075,15
14976,18076,16.5
14976,18082,19
14976,18083,6.5
14976,18084,2
14976,18085,5
14976,18086,2
14976,18088,2
14976,18092,7
14976,18097,7
14976,18098,2
14976,18099,2
14976,18102,7
14976,18104,1
14976,18105,6
14976,18115,7
14976,18116,1
14976,18120,5
14976,18121,10
14976,18122,17
14976,18124,4
14976,18125,2
14976,18129,10
14976,18130,23
14976,18132,19
14976,18134,3
14976,18137,13
14976,18138,35
14976,18145,2
14976,18146,69
14976,18147,49
14976,18148,10
14976,18149,67
14976,18150,1
14976,18158,5
14976,18159,14
14976,18163,3
14976,18164,6
14976,18168,2
14976,18169,6
14976,18170,15
14976,18173,2
14976,18176,3
14976,18182,3
14976,18184,2
14976,18189,1
14976,18190,11
14976,18200,5
14976,18203,3
14976,18217,8
14976,18218,4
14976,18236,3
14976,18245,3
14976,18259,3
14976,18292,2
14976,18293,15
14976,18296,9
14976,18297,12
14976,18301,22.5
14976,18302,21
14976,18303,32.5
14976,18315,1
14976,18316,7
14976,18317,12
14976,18318,7
14976,18320,3
14976,18334,6
14976,18335,3
14976,18344,10
14976,18345,31
14976,18353,10
14976,18354,17
14976,18355,34
14976,18356,83
14976,18357,2
14976,18361,2
14976,18382,2
14976,18384,5
14976,18387,8
14976,18388,7
14976,18389,3
14976,18395,8
14976,18396,4
14976,18397,4
14976,18398,3
14976,18401,7
14976,18402,13
14976,18403,62.5
14976,18404,26.5
14976,18405,1
14976,18406,4
14976,18407,4
14976,18409,20
14976,18410,3
14976,18413,5.5
14976,18414,16
14976,18415,2
14976,18423,2
14976,18424,29
14976,18425,2
14976,18426,8
14976,18427,19
14976,18428,7
14976,18437,3
14976,18438,20
14976,18439,3
14976,18440,5
14976,18441,1
14976,18474,6
14976,18475,4
14976,18476,3
14976,18479,15
14976,18480,24.5
14976,18481,26
14976,18482,32
14976,18483,27
14976,18484,21
14976,18485,17
14976,18486,4
14976,18509,3
14976,18513,7
14976,18514,9
14976,18515,4
14976,18516,1
14976,18517,2
14976,18518,6
14976,18535,1
14976,18539,2
14976,18541,1
14976,18542,1
14976,18563,1
14976,18564,7
14976,18565,4
14976,18567,2
14976,18575,21
14976,18576,2
14976,18587,1
14976,18601,2
14976,18602,2
14976,18623,5
14976,18635,18
14976,18636,10
14976,18637,2
14976,18638,2
14976,18639,119.5
14976,18640,80
14976,18641,116.5
14976,18642,17
14976,18643,18
14977,18063,34
14977,18064,43
14977,18065,4
14977,18066,12
14977,18067,2
14977,18070,8
14977,18077,28.5
14977,18078,3
14977,18082,25
14977,18085,15
14977,18086,5
14977,18092,5
14977,18093,4
14977,18096,15
14977,18102,2
14977,18111,4
14977,18112,4
14977,18113,4
14977,18114,4
14977,18115,2
14977,18117,2
14977,18120,2
14977,18121,8
14977,18122,15.5
14977,18124,4
14977,18125,6
14977,18129,31
14977,18130,5
14977,18131,2
14977,18132,11
14977,18137,12
14977,18138,10
14977,18139,2
14977,18146,60
14977,18147,88.5
14977,18148,32
14977,18149,66
14977,18158,19
14977,18159,3
14977,18164,3
14977,18169,5
14977,18175,2
14977,18182,14.5
14977,18183,61.5
14977,18184,48
14977,18187,2
14977,18203,10
14977,18210,6
14977,18217,3
14977,18220,4
14977,18230,12
14977,18252,7
14977,18265,7
14977,18271,1
14977,18272,6
14977,18274,2
14977,18300,1
14977,18303,14
14977,18317,7
14977,18333,4
14977,18334,24
14977,18336,5
14977,18344,14
14977,18345,6
14977,18346,1
14977,18347,1
14977,18348,1
14977,18355,15
14977,18356,49.5
14977,18360,8
14977,18361,8
14977,18362,2
14977,18384,23
14977,18385,1
14977,18386,11.5
14977,18387,4
14977,18388,23
14977,18389,12
14977,18402,41
14977,18403,33
14977,18407,4
14977,18408,14
14977,18409,10
14977,18410,5
14977,18411,16
14977,18412,33.5
14977,18413,16
14977,18421,4
14977,18429,5
14977,18437,6
14977,18438,13
14977,18439,17
14977,18440,32
14977,18473,2
14977,18474,5
14977,18475,3
14977,18479,27
14977,18480,2
14977,18482,5
14977,18483,14
14977,18484,7
14977,18495,14
14977,18503,2
14977,18504,2
14977,18509,3
14977,18511,5
14977,18512,24
14977,18513,18
14977,18517,7
14977,18518,23
14977,18541,2
14977,18562,5
14977,18564,5
14977,18574,2
14977,18575,6
14977,18576,10
14977,18577,15
14977,18578,6
14977,18586,4.5
14977,18587,1
14977,18601,3
14977,18602,6
14977,18603,19.5
14977,18617,1
14977,18632,3
14977,18633,8
14977,18634,12
14977,18635,2
14977,18639,102
14977,18640,15
14977,18641,38
14977,18642,50
14978,18063,6
14978,18064,5
14978,18067,2
14978,18071,5
14978,18073,6
14978,18074,9
14978,18077,10
14978,18082,2
14978,18083,15
14978,18085,4
14978,18096,13
14978,18097,6
14978,18108,5
14978,18110,1
14978,18111,1
14978,18122,4
14978,18126,2
14978,18128,11
14978,18129,21
14978,18130,3
14978,18131,5
14978,18132,2
14978,18137,16
14978,18143,4
14978,18146,21
14978,18147,74.5
14978,18148,5
14978,18149,2
14978,18157,5
14978,18158,22
14978,18159,36
14978,18168,4
14978,18169,6
14978,18178,5
14978,18181,1
14978,18182,13
14978,18183,8
14978,18184,40.5
14978,18185,3
14978,18186,2
14978,18194,2
14978,18209,5
14978,18210,5
14978,18213,24.5
14978,18214,4
14978,18215,1
14978,18222,6
14978,18230,2
14978,18245,2
14978,18264,8
14978,18265,22
14978,18266,7
14978,18272,19
14978,18273,4
14978,18274,1
14978,18276,15
14978,18277,13
14978,18278,1
14978,18299,17.5
14978,18301,4
14978,18305,11
14978,18331,4
14978,18333,40
14978,18334,38
14978,18335,19
14978,18344,2
14978,18345,32
14978,18348,6
14978,18351,1
14978,18352,2
14978,18356,8
14978,18357,5
14978,18358,22
14978,18359,10
14978,18360,28
14978,18369,5
14978,18382,17
14978,18383,24
14978,18384,26
14978,18385,18
14978,18386,28
14978,18387,6
14978,18388,5
14978,18402,11
14978,18403,11
14978,18412,2
14978,18421,3
14978,18422,2
14978,18428,1
14978,18430,2
14978,18437,27
14978,18438,7
14978,18439,16
14978,18440,7
14978,18441,10
14978,18465,4
14978,18476,2
14978,18479,36
14978,18480,11
14978,18483,1
14978,18484,15
14978,18494,9
14978,18495,6
14978,18500,4
14978,18505,2
14978,18509,3
14978,18510,6
14978,18511,29
14978,18517,2
14978,18518,2
14978,18522,3
14978,18524,6
14978,18527,7
14978,18530,1
14978,18559,6
14978,18560,6
14978,18561,2
14978,18576,10
14978,18577,13
14978,18578,5
14978,18579,4
14978,18584,2
14978,18586,2
14978,18598,6
14978,18599,36
14978,18600,10
14978,18603,2
14978,18604,1
14978,18606,7
14978,18609,1
14978,18611,4
14978,18612,2
14978,18617,7
14978,18618,4
14978,18624,5
14978,18629,6
14978,18630,7
14978,18632,8
14978,18633,6
14978,18639,94
14978,18640,45
14978,18641,43.5
14979,18065,13.5
14979,18069,2
14979,18073,14
14979,18074,30
14979,18079,2
14979,18080,4
14979,18081,7.5
14979,18082,10
14979,18083,27
14979,18084,32.5
14979,18085,30
14979,18088,4
14979,18091,4
14979,18092,10
14979,18093,1
14979,18094,6
14979,18095,1
14979,18103,2
14979,18106,2
14979,18108,2
14979,18111,4
14979,18124,4
14979,18125,6
14979,18126,11
14979,18130,39.5
14979,18131,6
14979,18133,4
14979,18134,1
14979,18136,3
14979,18137,24
14979,18144,10
14979,18145,4
14979,18146,6
14979,18147,47
14979,18149,4
14979,18150,3
14979,18157,9
14979,18158,4
14979,18159,2
14979,18160,1
14979,18166,1
14979,18177,4
14979,18179,4
14979,18184,10
14979,18193,7.5
14979,18221,7
14979,18228,7
14979,18229,2
14979,18230,1
14979,18231,1
14979,18235,2
14979,18239,1.5
14979,18241,1
14979,18242,5
14979,18243,12
14979,18245,6
14979,18254,1
14979,18256,4
14979,18257,2
14979,18258,2
14979,18272,11
14979,18273,32
14979,18274,7
14979,18276,5
14979,18277,2
14979,18299,8
14979,18303,5
14979,18305,26
14979,18306,2
14979,18309,13
14979,18314,1
14979,18317,2
14979,18318,4
14979,18332,8
14979,18333,14
14979,18334,45
14979,18335,39
14979,18336,5
14979,18339,2
14979,18340,14
14979,18346,5
14979,18349,6
14979,18350,3
14979,18351,32
14979,18352,6
14979,18357,1
14979,18358,4
14979,18359,41
14979,18360,5
14979,18375,4
14979,18376,7
14979,18382,12
14979,18383,3
14979,18385,1
14979,18386,10
14979,18401,2
14979,18402,6
14979,18403,1.5
14979,18406,1
14979,18436,3.5
14979,18437,41
14979,18438,15
14979,18439,2
14979,18464,2
14979,18465,16
14979,18466,3
14979,18468,4
14979,18494,5
14979,18503,2
14979,18505,4
14979,18507,3
14979,18512,10
14979,18513,2
14979,18517,4
14979,18524,4
14979,18531,3
14979,18558,6
14979,18559,6
14979,18560,5
14979,18562,2
14979,18563,5
14979,18577,2
14979,18582,20
14979,18583,15
14979,18584,55
14979,18585,2
14979,18598,3.5
14979,18599,12.5
14979,18600,4
14979,18602,2
14979,18612,5
14979,18618,4
14979,18619,3
14979,18626,2
14979,18629,12
14979,18630,4
14979,18638,2
14979,18639,22
14979,18640,47
14979,18641,26
14979,18642,6
14979,18643,3
14980,18065,6
14980,18069,2
14980,18074,9
14980,18075,2
14980,18076,6
14980,18080,2
14980,18083,13
14980,18084,2
14980,18086,2
14980,18091,2
14980,18093,3
14980,18094,4
14980,18095,1
14980,18098,2
14980,18099,4
14980,18100,4
14980,18102,12
14980,18103,16
14980,18104,4.5
14980,18105,2
14980,18106,6
14980,18115,1
14980,18122,2
14980,18123,4
14980,18125,9
14980,18126,4
14980,18128,4
14980,18129,36.5
14980,18130,69
14980,18131,37
14980,18133,5
14980,18134,2
14980,18136,5
14980,18137,8
14980,18139,3
14980,18140,3
14980,18143,6
14980,18144,17
14980,18145,13
14980,18146,8
14980,18147,17
14980,18152,10
14980,18157,1
14980,18158,2
14980,18159,9
14980,18162,2
14980,18188,1
14980,18194,2
14980,18206,5
14980,18207,3
14980,18209,4
14980,18211,4
14980,18218,5
14980,18219,6
14980,18221,4
14980,18228,3
14980,18230,4
14980,18231,5
14980,18232,23
14980,18233,24
14980,18236,3
14980,18240,1
14980,18242,4
14980,18243,4
14980,18244,25
14980,18245,28
14980,18246,10
14980,18247,4
14980,18248,7
14980,18254,2
14980,18257,12
14980,18258,27
14980,18259,37
14980,18260,15
14980,18261,8
14980,18273,24.5
14980,18274,42.5
14980,18275,2
14980,18276,16
14980,18277,9
14980,18302,8
14980,18303,8
14980,18305,27
14980,18306,49
14980,18307,8.5
14980,18308,3
14980,18309,13
14980,18317,11
14980,18318,4
14980,18334,15
14980,18335,2
14980,18339,13
14980,18340,14
14980,18345,6
14980,18346,1
14980,18347,4
14980,18350,12
14980,18351,26
14980,18352,1.5
14980,18356,5
14980,18357,2
14980,18358,37
14980,18359,29.5
14980,18360,4
14980,18375,6
14980,18382,1
14980,18383,14
14980,18384,20
14980,18385,26
14980,18386,14.5
14980,18394,9
14980,18395,3
14980,18403,8
14980,18404,2
14980,18420,2
14980,18421,3
14980,18422,3
14980,18436,4
14980,18437,13
14980,18439,3
14980,18464,14
14980,18465,25
14980,18466,23
14980,18467,3
14980,18482,9
14980,18495,1
14980,18496,5
14980,18512,2
14980,18513,10
14980,18514,5
14980,18515,3
14980,18516,2
14980,18558,7
14980,18559,2
14980,18560,3
14980,18561,4
14980,18582,16
14980,18583,12
14980,18584,4
14980,18585,13
14980,18601,5
14980,18602,1
14980,18603,5
14980,18640,60
14980,18641,8
14980,18642,1
14980,18643,1
14981,18065,5
14981,18066,9
14981,18070,6
14981,18076,2
14981,18084,1
14981,18087,5
14981,18092,2
14981,18093,5
14981,18094,4
14981,18095,12
14981,18100,4
14981,18111,1
14981,18124,1
14981,18130,30
14981,18131,30
14981,18132,3
14981,18133,7
14981,18138,3
14981,18146,5
14981,18152,13
14981,18153,8
14981,18158,3
14981,18159,39
14981,18160,27
14981,18163,23
14981,18164,9
14981,18181,2
14981,18193,5
14981,18195,6.5
14981,18197,2
14981,18199,10
14981,18207,16
14981,18208,13
14981,18209,2
14981,18214,2
14981,18219,26
14981,18221,19
14981,18230,18
14981,18232,12
14981,18233,28
14981,18234,8
14981,18235,5
14981,18242,5
14981,18244,4
14981,18245,9
14981,18246,3
14981,18247,24
14981,18248,31
14981,18249,50
14981,18250,5
14981,18257,24
14981,18258,39
14981,18259,59
14981,18260,23
14981,18261,61
14981,18262,63
14981,18274,31.5
14981,18275,14.5
14981,18276,7
14981,18281,2
14981,18293,4
14981,18294,3
14981,18306,29.5
14981,18307,33
14981,18308,51.5
14981,18309,21
14981,18310,13
14981,18311,10
14981,18312,4.5
14981,18317,19
14981,18318,4
14981,18330,13
14981,18331,10.5
14981,18339,32
14981,18340,23.5
14981,18341,1
14981,18352,2
14981,18356,13.5
14981,18357,57
14981,18358,29
14981,18359,31
14981,18360,2
14981,18371,5
14981,18376,5
14981,18383,13
14981,18384,68
14981,18385,18
14981,18386,45
14981,18393,17
14981,18394,16
14981,18395,16
14981,18396,1
14981,18397,3
14981,18403,6
14981,18404,27
14981,18405,4
14981,18406,4
14981,18407,2
14981,18421,2
14981,18465,8
14981,18466,5
14981,18469,3
14981,18482,2
14981,18494,2
14981,18495,3
14981,18514,5
14981,18524,4
14981,18525,5
14981,18539,2
14981,18543,2
14981,18551,13
14981,18557,8
14981,18559,4
14981,18560,24
14981,18561,7
14981,18582,6
14981,18587,10
14981,18588,2
14981,18589,15
14981,18590,2
14981,18609,4
14981,18641,5
14981,18642,1
14981,18644,2
14982,18081,22
14982,18082,17
14982,18086,15
14982,18087,5
14982,18090,4
14982,18092,11
14982,18093,44
14982,18094,36
14982,18095,19
14982,18097,1
14982,18098,4
14982,18100,21
14982,18101,5
14982,18102,29
14982,18103,11
14982,18111,4
14982,18128,10
14982,18129,1
14982,18131,13
14982,18132,31
14982,18133,8
14982,18137,8
14982,18138,7
14982,18148,3
14982,18153,5
14982,18154,2
14982,18157,4
14982,18158,2
14982,18159,7
14982,18160,28
14982,18162,36
14982,18163,29
14982,18164,29
14982,18181,4
14982,18188,2
14982,18194,3
14982,18195,6
14982,18196,3
14982,18198,15
14982,18199,33
14982,18200,3
14982,18210,3
14982,18211,1
14982,18219,3
14982,18220,6
14982,18221,14
14982,18222,5
14982,18230,33
14982,18231,34.5
14982,18232,2
14982,18233,4
14982,18234,2
14982,18244,4
14982,18245,8
14982,18246,50.5
14982,18247,16
14982,18248,15
14982,18249,4
14982,18250,7
14982,18251,2
14982,18257,12
14982,18259,3
14982,18260,4
14982,18261,20
14982,18262,2
14982,18275,2
14982,18276,5
14982,18278,4
14982,18281,3
14982,18290,2
14982,18291,7
14982,18293,16.5
14982,18294,12.5
14982,18295,2
14982,18304,2
14982,18305,2
14982,18306,7
14982,18307,19
14982,18308,32.5
14982,18309,33.5
14982,18310,24
14982,18311,31.5
14982,18312,15
14982,18317,10
14982,18318,1
14982,18331,7
14982,18332,3
14982,18333,18
14982,18334,2
14982,18340,4
14982,18345,1
14982,18346,5
14982,18347,4
14982,18352,2
14982,18356,18
14982,18357,27
14982,18368,8
14982,18369,6
14982,18370,19
14982,18371,10
14982,18379,25
14982,18384,9
14982,18385,2
14982,18386,21
14982,18387,8
14982,18394,7
14982,18395,11
14982,18403,8
14982,18404,25
14982,18405,15
14982,18406,20
14982,18422,4
14982,18423,2
14982,18436,4
14982,18459,2
14982,18468,3
14982,18494,7
14982,18495,2
14982,18506,10
14982,18507,11
14982,18522,7
14982,18525,5.5
14982,18526,2
14982,18536,1
14982,18551,4
14982,18552,1
14982,18553,3
14982,18559,1
14982,18560,10
14982,18561,9
14982,18582,27
14982,18583,2
14982,18587,7
14982,18588,5
14982,18589,11
14982,18590,11
14982,18591,5
14982,18642,5
14982,18643,1
14983,18076,26
14983,18077,3
14983,18079,4
14983,18081,2
14983,18082,2
14983,18083,10
14983,18086,12
14983,18087,2
14983,18091,2
14983,18093,6
14983,18094,8
14983,18095,2
14983,18096,4
14983,18097,17
14983,18099,9.5
14983,18100,24
14983,18101,62
14983,18102,25
14983,18131,5
14983,18132,18
14983,18134,2
14983,18135,3
14983,18139,5.5
14983,18146,13
14983,18147,3.5
14983,18148,7
14983,18153,4
14983,18160,6
14983,18162,19
14983,18163,19
14983,18164,15
14983,18174,6
14983,18194,3
14983,18198,18
14983,18211,2
14983,18219,15.5
14983,18220,18.5
14983,18221,40
14983,18222,17
14983,18223,6
14983,18228,1
14983,18230,30
14983,18231,4
14983,18232,6
14983,18245,3
14983,18249,11
14983,18250,5
14983,18256,3
14983,18257,5
14983,18258,2
14983,18259,1
14983,18261,3
14983,18266,4
14983,18267,3
14983,18277,3
14983,18280,13
14983,18281,14.5
14983,18282,10
14983,18292,4
14983,18293,14
14983,18294,29.5
14983,18295,13
14983,18304,8
14983,18305,13
14983,18306,9
14983,18307,6
14983,18308,3
14983,18309,23
14983,18310,4
14983,18311,5
14983,18312,24
14983,18313,2
14983,18321,4
14983,18330,4
14983,18331,15
14983,18332,28
14983,18333,34
14983,18339,4
14983,18346,3
14983,18347,2
14983,18352,4
14983,18353,2
14983,18369,18
14983,18370,15
14983,18371,11
14983,18372,17.5
14983,18373,2
14983,18379,5
14983,18380,4
14983,18386,19.5
14983,18387,17.5
14983,18401,6
14983,18402,4
14983,18403,3
14983,18404,10
14983,18405,2
14983,18406,4
14983,18422,14
14983,18423,2
14983,18427,9
14983,18428,4
14983,18438,6
14983,18467,3
14983,18468,17
14983,18494,1
14983,18499,2
14983,18501,2
14983,18503,4
14983,18506,4
14983,18507,14
14983,18508,5
14983,18523,1
14983,18526,2
14983,18535,2
14983,18552,25.5
14983,18553,16
14983,18554,5
14983,18556,1
14983,18569,2
14983,18582,21
14983,18587,2
14983,18590,5
14983,18591,21
14983,18592,9
14983,18611,9
14983,18625,8
14983,18628,2
14984,18066,3
14984,18068,5
14984,18071,2
14984,18076,9
14984,18085,1
14984,18086,37
14984,18087,6
14984,18092,30
14984,18093,8
14984,18097,3
14984,18098,15
14984,18099,4
14984,18101,12
14984,18102,2
14984,18104,9
14984,18129,9
14984,18133,6
14984,18134,2
14984,18139,11
14984,18140,11
14984,18144,3
14984,18145,4
14984,18146,4
14984,18147,9
14984,18148,8
14984,18149,2
14984,18150,4
14984,18157,15
14984,18161,10
14984,18162,47
14984,18175,2
14984,18177,4
14984,18187,2
14984,18188,4
14984,18189,3
14984,18191,3
14984,18192,8
14984,18193,13
14984,18219,3
14984,18220,18
14984,18221,20
14984,18222,50
14984,18223,2
14984,18249,13
14984,18250,2
14984,18256,5
14984,18265,19
14984,18266,5
14984,18280,16
14984,18281,21
14984,18292,4
14984,18293,21
14984,18294,48
14984,18295,28
14984,18306,4
14984,18308,1
14984,18321,10
14984,18330,40
14984,18331,21
14984,18332,15
14984,18333,8
14984,18339,21
14984,18340,4
14984,18369,1
14984,18370,5
14984,18371,13
14984,18372,3
14984,18373,11
14984,18379,10.5
14984,18380,29.5
14984,18381,8
14984,18387,2
14984,18388,2
14984,18405,6
14984,18406,3
14984,18421,5
14984,18422,24
14984,18423,27
14984,18424,4
14984,18427,17
14984,18438,8
14984,18467,5
14984,18468,15
14984,18505,16
14984,18506,2
14984,18508,10
14984,18509,24
14984,18510,24
14984,18511,6
14984,18551,2
14984,18553,14
14984,18554,18
14984,18556,2
14984,18557,2
14984,18569,4
14984,18576,4
14984,18582,16
14984,18590,3
14984,18613,2
14984,18625,21
14984,18626,34.5
14984,18627,40
14984,18628,1
14984,18641,13
14984,18642,4
14985,18065,6
14985,18066,2
14985,18067,2
14985,18070,1
14985,18077,11.5
14985,18078,13
14985,18079,8
14985,18080,6
14985,18085,2
14985,18086,56
14985,18087,7
14985,18091,4
14985,18092,6
14985,18093,12
14985,18094,8
14985,18097,1
14985,18098,12
14985,18123,6
14985,18133,1
14985,18143,4
14985,18149,2
14985,18161,5
14985,18169,5
14985,18180,15
14985,18181,4
14985,18183,3
14985,18186,18
14985,18187,20.5
14985,18188,5
14985,18189,29
14985,18191,2
14985,18192,11
14985,18216,3
14985,18220,18
14985,18221,34
14985,18222,44
14985,18223,18
14985,18256,2
14985,18257,2
14985,18258,3
14985,18262,3
14985,18264,14
14985,18265,6
14985,18280,1
14985,18284,7
14985,18293,3
14985,18294,1
14985,18297,3
14985,18298,6
14985,18299,15
14985,18300,22
14985,18321,2
14985,18331,12
14985,18332,2
14985,18333,38
14985,18371,19
14985,18372,2
14985,18387,9
14985,18388,22
14985,18389,7
14985,18407,2
14985,18410,4
14985,18411,3
14985,18421,14
14985,18422,27
14985,18423,17
14985,18438,4
14985,18441,4.5
14985,18442,3
14985,18505,6
14985,18506,23
14985,18510,12
14985,18534,2
14985,18545,3
14985,18553,2
14985,18555,3
14985,18556,2
14985,18573,1
14985,18575,2
14985,18582,16
14985,18590,2
14985,18609,1
14985,18613,1
14985,18614,2
14985,18619,1
14985,18620,2
14985,18621,2
14985,18623,8
14985,18624,3
14985,18626,3
14985,18627,12
14985,18641,12
14985,18642,4
14986,18066,6
14986,18067,4
14986,18076,10
14986,18078,36
14986,18079,35
14986,18080,47
14986,18081,23
14986,18082,13
14986,18085,35
14986,18086,66
14986,18087,34.5
14986,18089,1
14986,18090,2
14986,18098,18
14986,18102,3
14986,18104,9.5
14986,18129,5
14986,18133,4
14986,18138,3
14986,18140,2
14986,18145,4
14986,18149,2
14986,18152,2
14986,18153,4
14986,18168,8
14986,18169,7
14986,18177,1
14986,18183,8
14986,18185,4
14986,18186,13
14986,18187,25
14986,18188,41
14986,18189,47
14986,18190,7
14986,18191,10
14986,18192,17
14986,18193,22
14986,18194,2
14986,18198,22
14986,18199,33
14986,18200,17
14986,18201,1
14986,18214,4
14986,18220,35
14986,18222,33
14986,18223,16
14986,18241,3
14986,18256,2
14986,18261,1
14986,18262,12
14986,18263,69.5
14986,18264,68
14986,18265,18
14986,18279,10
14986,18281,6
14986,18283,2
14986,18284,3
14986,18299,12.5
14986,18310,3
14986,18317,2
14986,18318,4
14986,18319,3
14986,18324,2
14986,18325,7
14986,18326,5
14986,18332,8
14986,18353,1
14986,18354,3
14986,18359,2
14986,18380,4
14986,18388,1
14986,18406,4
14986,18411,1
14986,18423,12
14986,18430,2
14986,18436,2
14986,18437,1
14986,18438,15
14986,18441,5
14986,18443,6
14986,18496,3
14986,18497,4
14986,18503,1
14986,18507,2
14986,18508,2
14986,18545,2
14986,18546,3
14986,18547,8
14986,18548,41
14986,18549,5
14986,18550,3
14986,18555,62
14986,18556,4
14986,18567,2
14986,18568,2
14986,18574,14
14986,18581,1
14986,18582,9
14986,18590,4
14986,18599,3
14986,18617,2
14986,18618,21
14986,18619,11
14986,18620,13
14986,18624,1
14986,18625,2
14986,18626,3
14986,18640,2
14986,18641,9
14986,18643,4
14987,18064,2
14987,18065,13
14987,18066,9
14987,18067,9
14987,18068,2
14987,18069,3
14987,18070,4
14987,18071,3
14987,18076,10
14987,18079,6
14987,18080,21
14987,18081,41
14987,18085,8
14987,18086,3
14987,18087,2
14987,18091,1
14987,18095,4
14987,18098,11
14987,18106,3
14987,18111,4
14987,18113,1
14987,18130,4
14987,18137,13
14987,18138,9
14987,18139,64
14987,18140,68
14987,18149,2
14987,18150,10
14987,18151,5
14987,18152,3
14987,18155,4
14987,18156,3
14987,18172,2
14987,18179,4
14987,18180,4
14987,18185,2
14987,18186,18
14987,18187,4
14987,18188,5
14987,18189,4
14987,18192,2
14987,18194,1
14987,18196,4
14987,18197,2
14987,18198,9
14987,18199,7
14987,18200,71
14987,18201,48
14987,18218,2
14987,18224,4
14987,18239,4
14987,18251,2
14987,18262,16
14987,18263,37
14987,18264,4.5
14987,18268,2
14987,18279,38
14987,18280,30
14987,18281,5
14987,18282,34.5
14987,18287,2
14987,18291,21
14987,18292,55
14987,18293,18
14987,18294,5
14987,18318,2
14987,18325,31
14987,18326,18
14987,18332,6
14987,18333,4
14987,18334,2
14987,18344,6
14987,18352,2
14987,18358,2
14987,18360,5
14987,18372,4
14987,18380,2
14987,18381,5
14987,18382,1
14987,18389,4
14987,18411,1
14987,18412,2
14987,18420,1
14987,18430,3
14987,18431,2
14987,18435,1
14987,18437,6
14987,18438,28.5
14987,18439,5
14987,18460,2
14987,18498,6
14987,18499,2
14987,18500,3
14987,18501,4
14987,18502,6
14987,18507,12
14987,18508,4
14987,18509,36
14987,18530,5
14987,18547,3
14987,18548,50
14987,18549,10
14987,18551,1
14987,18555,18
14987,18573,2
14987,18574,2
14987,18575,1
14987,18581,13
14987,18582,3
14987,18596,1
14987,18599,10
14987,18600,15
14987,18619,4
14987,18620,5
14987,18640,7
14987,18641,13
14988,18064,4
14988,18065,12
14988,18066,4
14988,18067,2
14988,18070,4
14988,18071,5
14988,18078,2
14988,18080,13
14988,18081,8
14988,18084,2
14988,18090,5
14988,18091,6
14988,18101,4
14988,18102,1
14988,18103,2
14988,18117,8
14988,18118,13
14988,18138,31
14988,18139,66
14988,18140,49.5
14988,18155,15
14988,18163,9
14988,18167,9
14988,18179,4
14988,18185,32
14988,18186,2
14988,18187,11
14988,18197,22.5
14988,18199,19
14988,18200,29
14988,18202,3
14988,18203,4
14988,18209,5
14988,18216,4
14988,18217,15
14988,18238,22
14988,18239,4
14988,18252,5
14988,18257,1
14988,18259,1
14988,18262,5
14988,18267,5
14988,18268,7
14988,18269,2
14988,18280,14
14988,18281,9
14988,18282,34
14988,18283,19
14988,18285,3
14988,18286,14
14988,18287,29
14988,18289,9
14988,18290,58.5
14988,18291,74
14988,18292,48
14988,18293,18
14988,18294,16
14988,18303,10
14988,18307,2
14988,18314,7
14988,18315,16
14988,18325,45.5
14988,18326,57.5
14988,18327,13
14988,18328,14
14988,18332,1
14988,18333,9
14988,18334,2
14988,18335,4
14988,18342,1.5
14988,18343,11
14988,18349,1.5
14988,18350,1
14988,18352,23
14988,18353,2
14988,18359,2
14988,18360,1
14988,18361,24
14988,18378,2
14988,18381,1
14988,18387,7
14988,18388,18
14988,18389,29.5
14988,18390,25.5
14988,18391,15
14988,18392,4
14988,18403,2
14988,18410,4
14988,18413,9
14988,18414,18
14988,18415,17
14988,18416,3
14988,18419,4
14988,18420,33
14988,18421,6
14988,18432,3
14988,18437,6
14988,18482,1
14988,18494,3
14988,18502,35
14988,18503,26
14988,18507,51
14988,18508,60
14988,18543,2
14988,18544,2
14988,18545,2
14988,18546,4
14988,18547,11
14988,18548,19
14988,18581,7
14988,18582,2
14988,18596,9
14988,18604,2
14988,18605,8
14988,18606,6.5
14988,18612,9
14988,18613,6
14988,18619,4
14988,18620,20
14989,18064,1
14989,18072,3
14989,18073,1
14989,18075,2
14989,18078,5
14989,18081,7
14989,18085,3
14989,18090,5.5
14989,18091,16
14989,18102,2
14989,18117,34
14989,18118,15
14989,18136,6
14989,18137,3
14989,18140,2
14989,18141,1
14989,18142,11
14989,18148,4
14989,18163,1.5
14989,18164,1
14989,18167,2
14989,18180,22
14989,18185,18.5
14989,18186,6
14989,18197,3
14989,18216,23
14989,18217,3
14989,18218,5
14989,18219,5
14989,18236,5
14989,18238,24
14989,18239,6
14989,18251,1
14989,18256,14
14989,18257,3
14989,18267,2
14989,18268,14
14989,18269,11
14989,18280,3
14989,18282,1.5
14989,18283,1
14989,18286,7
14989,18287,16.5
14989,18288,21
14989,18289,34
14989,18290,56
14989,18291,125
14989,18292,36
14989,18293,22
14989,18303,15
14989,18310,2
14989,18315,2
14989,18326,13
14989,18327,9
14989,18328,2
14989,18332,2
14989,18333,55
14989,18334,11
14989,18335,22
14989,18348,2
14989,18351,15
14989,18352,3
14989,18360,2
14989,18361,6
14989,18362,5
14989,18377,2
14989,18379,1
14989,18381,3
14989,18382,1
14989,18383,2
14989,18387,1
14989,18388,5
14989,18389,21
14989,18390,4
14989,18391,5
14989,18392,9
14989,18402,4
14989,18403,5
14989,18406,5
14989,18409,2
14989,18410,4
14989,18413,3
14989,18415,25
14989,18416,2
14989,18419,7
14989,18420,6
14989,18433,1
14989,18434,2
14989,18465,3
14989,18483,2
14989,18484,3
14989,18485,6
14989,18501,2
14989,18502,6
14989,18503,27
14989,18506,23
14989,18507,64.5
14989,18508,29
14989,18526,2
14989,18542,5
14989,18544,5
14989,18548,12
14989,18549,7
14989,18582,2
14989,18584,6
14989,18586,5
14989,18587,1
14989,18589,12
14989,18593,2
14989,18596,2
14989,18597,6
14989,18618,2
14989,18619,5
14990,18071,5
14990,18073,1
14990,18074,1
14990,18075,23.5
14990,18076,43
14990,18077,2
14990,18080,2
14990,18090,7
14990,18091,8
14990,18094,3
14990,18097,3
14990,18099,4
14990,18118,3
14990,18142,4
14990,18152,12
14990,18154,5
14990,18155,31
14990,18178,4
14990,18179,14
14990,18180,40
14990,18181,10
14990,18184,46
14990,18185,13.5
14990,18187,1
14990,18200,3
14990,18209,2
14990,18210,3
14990,18216,4
14990,18217,11.5
14990,18218,34
14990,18219,7
14990,18229,5
14990,18230,1
14990,18235,2
14990,18236,1
14990,18237,2
14990,18244,4
14990,18245,8
14990,18246,3
14990,18249,8
14990,18250,22
14990,18251,7
14990,18252,1
14990,18255,18
14990,18256,5
14990,18264,5.5
14990,18268,5
14990,18269,9.5
14990,18270,7
14990,18285,12
14990,18286,18
14990,18287,27
14990,18288,23
14990,18289,33.5
14990,18290,78
14990,18291,129
14990,18292,101
14990,18293,186
14990,18294,53
14990,18299,4
14990,18300,21
14990,18301,10
14990,18302,28
14990,18303,23
14990,18304,1
14990,18323,4.5
14990,18332,1
14990,18333,6
14990,18350,20
14990,18351,9.5
14990,18354,1
14990,18355,4
14990,18357,2
14990,18359,4
14990,18361,2
14990,18377,4
14990,18390,15
14990,18391,2
14990,18402,4
14990,18403,8
14990,18411,8
14990,18412,11
14990,18415,17
14990,18416,1
14990,18484,4
14990,18501,1
14990,18504,8
14990,18505,32
14990,18506,46
14990,18507,43
14990,18529,5
14990,18544,2
14990,18545,2
14990,18550,2
14990,18551,5
14990,18566,1
14990,18567,2
14990,18573,2
14990,18585,13
14990,18589,4
14990,18593,2
14990,18596,4
14990,18597,9
14990,18598,9
14990,18599,8
14990,18603,3
14990,18604,1
14990,18618,1
14990,18619,15
14990,18620,6
14990,18621,7
14990,18641,5.5
14991,18072,17
14991,18073,31.5
14991,18074,17
14991,18075,36
14991,18076,29
14991,18077,6
14991,18078,1
14991,18079,10.5
14991,18081,5
14991,18082,1
14991,18083,4
14991,18090,2
14991,18093,16
14991,18096,2
14991,18097,2
14991,18142,8
14991,18143,7
14991,18144,10
14991,18145,9
14991,18153,9
14991,18154,10.5
14991,18155,51.5
14991,18156,13
14991,18157,20
14991,18169,1
14991,18170,7
14991,18172,4
14991,18178,1.5
14991,18179,14
14991,18180,3
14991,18182,5
14991,18183,60
14991,18184,16
14991,18185,12
14991,18199,2
14991,18200,12
14991,18206,2
14991,18207,2
14991,18208,4
14991,18216,2
14991,18218,8
14991,18224,1
14991,18229,1
14991,18232,2
14991,18233,36
14991,18236,27
14991,18237,11
14991,18245,5
14991,18246,3
14991,18249,7
14991,18250,8
14991,18251,6
14991,18254,3
14991,18258,8
14991,18259,9
14991,18269,2
14991,18270,5
14991,18287,6
14991,18288,10
14991,18289,5
14991,18290,42
14991,18291,107.5
14991,18292,92.5
14991,18293,52
14991,18294,8
14991,18295,4
14991,18300,8
14991,18301,13
14991,18302,5
14991,18303,2.5
14991,18315,2
14991,18316,33
14991,18317,3
14991,18318,4
14991,18323,1
14991,18324,11
14991,18350,20.5
14991,18356,2
14991,18358,4
14991,18360,9
14991,18390,12
14991,18403,4
14991,18415,9
14991,18416,13
14991,18427,2
14991,18434,6
14991,18444,2
14991,18499,8
14991,18504,6
14991,18505,64
14991,18506,3
14991,18518,3
14991,18538,8
14991,18545,2
14991,18546,2
14991,18550,8
14991,18551,3
14991,18562,2
14991,18564,3
14991,18565,4
14991,18566,2
14991,18567,4
14991,18568,2
14991,18569,2
14991,18584,4
14991,18589,6
14991,18597,2
14991,18603,5
14991,18604,1
14991,18608,3
14991,18610,1
14991,18611,7
14991,18612,4
14991,18613,10
14991,18622,3
14992,18073,65
14992,18074,2
14992,18075,2
14992,18076,14.5
14992,18078,19
14992,18079,24
14992,18081,12
14992,18082,2
14992,18083,2
14992,18087,2
14992,18090,2
14992,18093,7
14992,18094,3
14992,18121,9
14992,18122,11
14992,18130,1
14992,18142,4
14992,18143,1
14992,18144,3
14992,18145,8
14992,18154,6
14992,18155,35
14992,18156,10
14992,18157,3
14992,18159,19
14992,18163,1
14992,18169,2
14992,18177,3.5
14992,18182,22
14992,18183,15
14992,18200,2
14992,18205,7
14992,18206,22
14992,18207,16
14992,18208,1
14992,18209,9
14992,18222,12
14992,18224,4
14992,18227,7
14992,18228,4
14992,18232,4
14992,18233,7
14992,18236,4
14992,18237,1
14992,18238,10
14992,18239,14
14992,18257,17
14992,18258,28
14992,18259,4
14992,18260,22
14992,18270,7
14992,18271,2
14992,18289,4
14992,18290,15
14992,18291,105
14992,18292,33
14992,18293,7
14992,18299,6
14992,18300,3
14992,18316,4
14992,18317,4
14992,18318,2
14992,18325,2
14992,18358,10
14992,18359,64.5
14992,18360,29
14992,18376,1
14992,18377,7
14992,18378,10
14992,18390,17
14992,18391,7
14992,18392,5
14992,18393,1
14992,18403,2
14992,18404,35
14992,18405,4
14992,18408,2
14992,18409,4
14992,18423,18
14992,18424,24
14992,18425,4
14992,18427,4
14992,18433,1
14992,18434,6
14992,18435,5
14992,18436,6
14992,18437,8
14992,18477,4
14992,18505,14
14992,18533,2
14992,18537,9
14992,18538,4.5
14992,18548,2
14992,18549,5
14992,18562,2
14992,18602,1
14992,18604,4
14992,18608,5
14992,18613,2
14992,18629,7
14992,18636,12
14992,18637,3
14992,18638,4
14993,18068,3
14993,18073,3
14993,18078,25.5
14993,18079,11
14993,18081,15
14993,18083,1
14993,18084,4
14993,18089,5
14993,18091,4
14993,18092,2
14993,18093,3
14993,18103,2
14993,18116,4
14993,18120,18
14993,18121,41
14993,18122,1
14993,18129,7
14993,18130,11
14993,18131,30
14993,18141,4
14993,18142,13
14993,18143,9
14993,18145,5
14993,18153,4
14993,18154,8
14993,18158,13
14993,18159,7
14993,18160,2
14993,18166,2
14993,18174,8
14993,18175,2
14993,18189,1
14993,18193,3
14993,18199,8
14993,18200,8
14993,18206,39
14993,18207,10
14993,18208,20
14993,18209,22.5
14993,18230,4
14993,18231,16
14993,18232,14
14993,18233,2
14993,18238,9
14993,18239,17
14993,18240,9
14993,18252,1
14993,18253,3
14993,18255,3
14993,18257,3
14993,18258,8
14993,18259,8
14993,18260,17
14993,18261,6
14993,18270,2
14993,18271,7
14993,18291,68
14993,18292,25
14993,18294,2
14993,18317,2
14993,18318,15
14993,18324,14
14993,18359,20
14993,18360,12
14993,18361,42
14993,18376,5
14993,18377,5
14993,18390,4
14993,18392,2
14993,18394,6
14993,18404,38
14993,18408,2
14993,18409,2
14993,18423,24
14993,18424,14.5
14993,18425,8
14993,18427,5
14993,18428,2
14993,18434,1
14993,18435,4
14993,18436,17
14993,18463,4
14993,18493,2
14993,18497,1
14993,18499,3
14993,18500,2
14993,18533,11
14993,18537,6
14993,18548,2
14993,18602,12
14993,18628,5
14993,18629,17
14993,18630,13
14993,18638,14
14993,18639,6
14994,18069,3
14994,18070,8
14994,18071,12
14994,18081,24
14994,18082,13
14994,18083,7.5
14994,18084,30
14994,18089,8
14994,18090,2
14994,18091,2
14994,18092,4
14994,18094,1
14994,18103,4
14994,18116,4
14994,18117,5
14994,18119,15
14994,18120,7
14994,18121,5
14994,18125,2
14994,18129,6
14994,18130,4
14994,18131,15
14994,18132,9
14994,18135,4
14994,18142,1
14994,18155,7
14994,18165,4
14994,18166,2
14994,18170,4
14994,18172,12
14994,18174,6
14994,18188,3
14994,18197,2
14994,18198,4
14994,18199,7
14994,18200,23
14994,18201,1
14994,18202,11
14994,18206,1
14994,18209,8
14994,18210,1
14994,18229,1
14994,18230,12
14994,18231,16
14994,18232,3
14994,18239,4
14994,18240,5
14994,18251,1
14994,18252,1
14994,18253,15
14994,18254,26
14994,18255,3
14994,18256,1
14994,18260,14
14994,18261,2
14994,18268,2
14994,18269,6
14994,18270,2
14994,18292,2
14994,18294,1
14994,18316,1
14994,18318,1
14994,18338,1
14994,18341,2
14994,18350,2
14994,18358,4
14994,18359,14
14994,18361,12
14994,18374,3
14994,18375,11
14994,18376,3
14994,18395,4
14994,18403,15
14994,18404,42
14994,18415,4.5
14994,18422,6
14994,18425,15
14994,18428,6
14994,18435,3
14994,18436,32
14994,18469,4
14994,18498,1
14994,18499,12
14994,18514,4
14994,18533,3
14994,18534,7
14994,18536,2
14994,18537,6
14994,18538,6
14994,18627,3
14994,18628,14
14994,18629,4
14994,18633,5
14994,18641,5
14995,18069,6
14995,18070,29
14995,18071,14
14995,18077,3
14995,18079,6
14995,18080,11
14995,18081,31.5
14995,18082,9
14995,18083,33
14995,18084,28
14995,18085,2
14995,18088,4
14995,18090,1
14995,18104,3
14995,18116,1
14995,18119,4
14995,18120,4
14995,18122,7
14995,18125,9
14995,18126,5
14995,18131,17
14995,18132,11
14995,18133,2
14995,18137,5
14995,18145,11
14995,18146,9
14995,18154,17
14995,18169,4
14995,18170,36
14995,18171,19
14995,18173,4
14995,18190,15
14995,18198,5
14995,18199,4
14995,18200,1
14995,18201,1
14995,18205,3
14995,18218,1
14995,18223,11
14995,18224,21
14995,18225,23
14995,18230,5
14995,18231,11
14995,18232,5
14995,18233,4
14995,18239,4
14995,18241,2
14995,18247,2
14995,18251,1
14995,18253,3
14995,18254,12.5
14995,18255,2
14995,18260,10
14995,18270,10
14995,18271,2
14995,18282,2
14995,18283,1
14995,18294,1
14995,18306,8
14995,18316,7
14995,18330,1
14995,18353,5
14995,18355,1
14995,18358,9
14995,18359,6
14995,18360,5
14995,18375,12.5
14995,18376,2
14995,18395,4
14995,18397,6
14995,18398,23.5
14995,18399,17
14995,18403,35.5
14995,18404,30.5
14995,18405,10
14995,18406,2
14995,18414,4
14995,18415,4
14995,18416,2
14995,18425,5
14995,18427,2
14995,18428,5
14995,18449,2
14995,18460,3
14995,18461,3
14995,18470,2
14995,18479,9
14995,18480,10
14995,18481,2
14995,18482,3
14995,18491,3
14995,18533,1
14995,18534,7
14995,18535,6
14995,18536,7
14995,18537,4
14995,18560,4
14995,18561,7
14995,18562,1
14995,18625,2
14995,18629,4
14995,18630,2
14995,18634,6
14995,18638,3
14996,18077,11
14996,18078,6
14996,18079,13
14996,18080,50
14996,18081,57
14996,18082,27
14996,18083,11
14996,18084,22
14996,18085,22
14996,18089,2
14996,18093,4
14996,18116,5
14996,18117,1.5
14996,18126,15.5
14996,18127,2
14996,18129,3
14996,18131,39
14996,18132,63
14996,18134,3
14996,18135,3
14996,18141,21
14996,18146,4
14996,18150,3
14996,18152,2
14996,18164,8
14996,18169,61.5
14996,18170,45.5
14996,18171,9
14996,18172,3
14996,18181,10
14996,18190,12.5
14996,18200,5
14996,18201,1
14996,18202,8
14996,18206,6
14996,18217,2
14996,18224,7.5
14996,18225,13
14996,18226,2
14996,18236,2
14996,18247,5
14996,18252,8
14996,18254,14
14996,18255,15
14996,18256,4
14996,18261,3
14996,18275,2
14996,18276,3
14996,18277,22
14996,18278,6
14996,18280,2.5
14996,18281,5
14996,18282,5
14996,18283,4
14996,18306,19
14996,18307,20
14996,18309,5
14996,18314,2
14996,18315,1
14996,18316,1
14996,18330,5
14996,18331,6
14996,18347,12
14996,18348,3
14996,18349,9
14996,18350,2
14996,18357,13
14996,18358,26
14996,18359,27
14996,18360,2
14996,18361,2
14996,18375,14
14996,18395,7
14996,18396,11
14996,18397,34
14996,18398,20
14996,18404,12
14996,18405,21
14996,18406,12
14996,18407,4
14996,18409,21
14996,18424,2
14996,18425,20
14996,18428,4
14996,18437,2
14996,18461,3
14996,18479,19.5
14996,18480,1
14996,18491,3
14996,18492,15
14996,18493,12
14996,18494,3.5
14996,18535,18
14996,18536,21
14996,18537,5
14996,18560,17
14996,18561,13
14996,18637,3
14997,18071,10
14997,18072,3
14997,18079,14
14997,18080,20
14997,18081,11
14997,18082,2
14997,18085,20
14997,18093,5
14997,18094,8
14997,18095,13
14997,18096,35.5
14997,18098,1
14997,18099,9
14997,18114,9
14997,18120,6
14997,18121,1
14997,18123,1
14997,18126,52
14997,18127,63
14997,18128,65
14997,18129,16
14997,18132,3
14997,18133,10.5
14997,18134,13.5
14997,18135,7
14997,18138,4
14997,18141,29
14997,18142,2
14997,18143,12.5
14997,18148,1
14997,18151,2
14997,18160,2
14997,18165,3
14997,18166,4
14997,18167,1
14997,18168,19.5
14997,18169,25
14997,18170,6
14997,18173,3
14997,18176,2
14997,18177,17.5
14997,18186,9.5
14997,18190,4
14997,18199,8
14997,18200,2
14997,18202,1
14997,18204,7
14997,18217,2
14997,18218,9
14997,18223,2
14997,18224,24
14997,18225,13
14997,18241,7
14997,18252,4
14997,18254,6
14997,18255,13
14997,18256,39
14997,18263,2
14997,18275,14
14997,18276,42
14997,18277,11
14997,18278,39
14997,18279,20
14997,18280,23
14997,18281,20
14997,18282,1
14997,18302,8
14997,18303,2
14997,18305,2
14997,18306,20.5
14997,18307,41
14997,18308,8
14997,18316,5
14997,18330,4
14997,18331,6
14997,18334,1
14997,18335,18
14997,18336,5
14997,18337,5
14997,18346,42.5
14997,18347,27
14997,18348,26
14997,18350,2
14997,18354,1
14997,18355,6
14997,18356,7
14997,18357,8
14997,18358,18
14997,18359,3
14997,18360,9
14997,18361,2
14997,18375,2
14997,18396,1
14997,18397,9
14997,18398,14
14997,18401,6
14997,18404,6
14997,18405,3
14997,18406,2
14997,18407,3
14997,18409,10
14997,18410,2
14997,18425,34
14997,18426,1
14997,18429,3
14997,18449,5
14997,18450,1
14997,18478,3
14997,18479,14
14997,18482,2
14997,18491,15
14997,18492,10
14997,18493,10
14997,18535,2
14997,18536,6
14997,18537,2
14997,18539,3
14997,18542,7
14997,18544,3
14997,18560,11
14997,18607,4
14997,18617,1
14997,18636,4
14997,18637,5
14997,18639,3
14998,18072,37.5
14998,18074,6
14998,18078,2
14998,18079,13
14998,18083,4
14998,18084,4
14998,18085,9
14998,18088,10
14998,18095,5
14998,18096,7
14998,18097,6
14998,18098,1
14998,18099,11
14998,18102,4
14998,18114,14.5
14998,18118,2
14998,18119,4
14998,18120,5
14998,18121,2
14998,18122,1
14998,18124,2
14998,18125,22.5
14998,18126,27
14998,18127,66
14998,18128,23
14998,18133,8
14998,18138,12
14998,18139,8
14998,18143,18
14998,18148,10
14998,18149,12
14998,18163,2
14998,18165,6
14998,18166,7
14998,18167,4
14998,18168,7
14998,18171,4
14998,18173,1
14998,18174,12
14998,18175,4
14998,18176,2
14998,18185,2
14998,18186,5
14998,18193,7
14998,18194,7
14998,18195,21
14998,18223,11
14998,18224,39
14998,18225,17
14998,18226,4
14998,18252,13
14998,18253,4
14998,18255,1
14998,18256,18
14998,18257,13
14998,18258,1
14998,18264,1
14998,18276,8
14998,18277,7
14998,18278,7
14998,18279,27
14998,18280,8
14998,18299,1
14998,18302,20
14998,18303,20
14998,18305,6
14998,18306,51
14998,18307,97
14998,18308,4
14998,18309,1
14998,18329,4
14998,18331,2
14998,18333,4
14998,18334,12
14998,18335,27
14998,18336,8
14998,18345,2
14998,18346,15
14998,18347,7
14998,18348,2
14998,18349,2
14998,18361,2
14998,18386,1
14998,18397,3
14998,18398,7
14998,18401,3
14998,18425,15
14998,18426,17
14998,18437,2
14998,18450,4.5
14998,18477,2
14998,18478,14
14998,18479,2
14998,18490,1
14998,18491,21.5
14998,18492,55.5
14998,18493,7
14998,18495,2
14998,18521,5
14998,18538,5
14998,18539,4
14998,18542,2
14998,18543,37.5
14998,18544,15
14998,18559,13
14998,18560,9
14998,18603,13
14998,18604,3
14998,18605,13
14998,18606,17
14998,18607,11
14998,18617,21
14998,18636,3
14998,18637,10
14999,18072,8.5
14999,18073,8
14999,18082,4
14999,18083,4
14999,18085,10
14999,18088,5
14999,18089,2
14999,18090,1
14999,18098,1
14999,18103,2
14999,18116,25.5
14999,18117,19
14999,18118,1
14999,18124,2
14999,18127,3
14999,18133,24
14999,18139,23
14999,18142,3
14999,18155,6
14999,18163,2
14999,18164,15
14999,18166,1
14999,18171,2
14999,18172,2
14999,18175,30
14999,18176,6
14999,18178,3
14999,18193,20.5
14999,18194,72
14999,18195,15
14999,18196,11
14999,18213,23
14999,18214,20
14999,18222,4
14999,18223,1
14999,18226,13
14999,18227,7
14999,18228,5
14999,18245,3
14999,18249,54
14999,18250,3
14999,18252,2
14999,18253,5
14999,18255,6
14999,18258,2
14999,18302,2
14999,18303,11
14999,18306,14
14999,18307,26
14999,18308,5
14999,18316,3
14999,18317,26
14999,18318,17.5
14999,18331,1
14999,18333,12
14999,18334,10
14999,18336,4
14999,18345,3
14999,18357,2
14999,18358,4
14999,18375,1
14999,18377,2
14999,18399,5
14999,18400,18
14999,18401,8.5
14999,18419,4
14999,18420,4
14999,18425,10
14999,18437,13
14999,18450,18
14999,18455,14
14999,18459,5
14999,18462,6
14999,18463,2
14999,18477,18
14999,18478,12
14999,18491,17
14999,18492,9
14999,18493,19
14999,18494,6
14999,18495,33
14999,18496,16
14999,18508,4
14999,18521,3
14999,18528,4
14999,18538,3
14999,18539,7
14999,18542,5
14999,18543,11
14999,18544,6
14999,18559,24
14999,18560,1
14999,18603,29
14999,18604,25
14999,18605,13
14999,18606,9
14999,18607,4
14999,18608,2
14999,18615,8
14999,18616,11
14999,18617,19
15000,18073,11
15000,18083,8
15000,18084,9
15000,18085,2
15000,18088,2
15000,18107,13
15000,18108,24.5
15000,18109,5
15000,18110,25
15000,18111,3
15000,18113,11
15000,18114,4
15000,18115,14
15000,18116,1
15000,18124,6
15000,18128,9
15000,18133,26
15000,18134,4
15000,18135,4
15000,18137,1
15000,18139,19
15000,18140,33
15000,18141,21
15000,18142,24.5
15000,18144,17
15000,18145,2
15000,18154,8
15000,18156,18
15000,18160,2
15000,18161,2
15000,18163,4
15000,18170,16
15000,18171,3
15000,18173,18.5
15000,18174,15
15000,18175,16
15000,18176,51.5
15000,18184,2
15000,18194,41.5
15000,18195,16
15000,18196,23
15000,18199,6
15000,18207,4
15000,18220,5
15000,18221,4
15000,18222,7
15000,18223,3
15000,18226,2
15000,18227,17
15000,18228,13
15000,18237,3
15000,18246,31.5
15000,18247,1
15000,18248,35.5
15000,18249,17
15000,18250,8
15000,18252,1
15000,18286,17
15000,18287,18
15000,18288,10
15000,18289,20
15000,18298,1
15000,18299,2
15000,18302,5
15000,18316,6
15000,18317,20.5
15000,18318,55.5
15000,18319,14
15000,18327,16
15000,18328,4
15000,18332,5
15000,18345,7
15000,18346,2
15000,18357,3
15000,18358,10.5
15000,18376,7
15000,18383,2
15000,18387,3
15000,18391,2
15000,18392,2
15000,18400,34
15000,18401,5
15000,18415,5
15000,18416,1
15000,18421,11
15000,18422,23.5
15000,18423,3
15000,18434,2
15000,18437,7
15000,18451,6
15000,18453,14
15000,18454,9
15000,18455,5
15000,18457,2
15000,18458,5
15000,18459,23
15000,18491,4
15000,18492,1
15000,18495,6
15000,18496,8
15000,18508,2
15000,18509,6
15000,18521,7
15000,18522,1
15000,18529,3
15000,18538,2
15000,18542,8
15000,18575,1
15000,18580,2
15000,18598,2
15000,18605,16
15000,18606,6
15000,18610,3
15000,18611,4
15000,18612,11
15000,18613,10
15000,18614,10
15000,18615,12
15000,18616,17
15000,18627,3
15001,18089,2
15001,18096,1
15001,18105,2
15001,18106,7
15001,18107,1
15001,18108,4
15001,18109,5
15001,18110,49
15001,18111,110.5
15001,18112,61
15001,18113,52
15001,18114,15
15001,18122,2
15001,18123,2
15001,18124,4
15001,18125,2
15001,18132,7
15001,18133,51
15001,18134,12
15001,18139,8
15001,18140,51
15001,18141,76
15001,18142,49.5
15001,18143,41
15001,18144,46
15001,18145,7.5
15001,18153,4
15001,18154,16
15001,18156,10
15001,18157,8
15001,18158,5
15001,18159,2
15001,18166,2
15001,18167,1
15001,18168,3
15001,18170,2
15001,18173,1
15001,18174,29
15001,18175,55.5
15001,18176,8
15001,18177,3
15001,18189,1
15001,18190,1
15001,18193,5
15001,18194,6
15001,18196,29.5
15001,18197,22
15001,18198,3
15001,18212,2
15001,18222,3
15001,18223,2
15001,18227,40
15001,18228,4
15001,18229,47
15001,18230,13.5
15001,18231,4
15001,18236,14
15001,18247,14
15001,18248,35
15001,18249,7
15001,18269,2
15001,18286,14
15001,18287,41.5
15001,18288,19
15001,18299,3
15001,18309,7
15001,18317,6
15001,18321,3
15001,18322,13
15001,18327,32
15001,18328,10
15001,18345,11
15001,18346,4
15001,18357,4
15001,18374,5
15001,18375,26
15001,18376,7
15001,18377,8
15001,18384,13
15001,18385,5
15001,18386,2.5
15001,18387,2
15001,18388,1
15001,18390,6.5
15001,18391,7
15001,18400,6
15001,18401,4
15001,18407,25.5
15001,18408,3
15001,18415,9
15001,18435,10
15001,18436,5
15001,18437,4
15001,18445,2
15001,18446,5
15001,18447,9
15001,18448,4
15001,18451,1
15001,18452,26
15001,18453,19
15001,18454,6
15001,18459,41
15001,18460,4
15001,18476,5
15001,18492,5
15001,18508,4
15001,18528,3
15001,18529,7
15001,18530,3
15001,18542,6
15001,18574,3
15001,18575,4
15001,18580,4
15001,18601,1
15001,18604,11
15001,18605,46.5
15001,18611,8
15001,18612,13
15001,18613,7
15001,18614,12
15001,18636,9
15002,18083,2
15002,18084,7
15002,18100,4
15002,18101,22
15002,18102,53
15002,18103,5
15002,18104,8
15002,18105,4
15002,18106,30
15002,18107,11
15002,18108,49
15002,18109,38
15002,18110,42
15002,18111,48
15002,18112,32
15002,18113,51
15002,18114,32
15002,18115,21
15002,18116,10
15002,18117,20
15002,18118,6
15002,18120,3
15002,18122,3
15002,18125,26.5
15002,18126,2
15002,18128,4
15002,18129,7
15002,18130,3
15002,18133,15
15002,18134,5
15002,18139,10
15002,18140,42
15002,18141,81.5
15002,18142,35.5
15002,18143,60
15002,18144,33
15002,18151,9
15002,18153,37.5
15002,18154,37
15002,18157,17
15002,18158,6
15002,18170,5
15002,18175,2
15002,18181,2
15002,18188,11
15002,18189,1
15002,18197,10
15002,18198,5
15002,18212,6
15002,18213,24
15002,18214,18.5
15002,18215,2
15002,18226,8
15002,18227,39
15002,18228,34
15002,18229,55
15002,18230,35
15002,18231,13
15002,18232,2
15002,18238,3
15002,18248,9
15002,18249,1
15002,18268,28
15002,18285,12
15002,18286,23
15002,18287,27
15002,18293,2
15002,18295,2
15002,18303,11
15002,18308,4
15002,18309,4
15002,18310,2
15002,18322,9
15002,18323,4
15002,18326,18
15002,18327,78.5
15002,18328,27.5
15002,18329,13
15002,18330,1
15002,18345,16
15002,18346,22
15002,18349,15
15002,18350,6
15002,18351,3
15002,18357,21
15002,18358,22
15002,18374,7
15002,18375,13
15002,18376,21.5
15002,18377,9
15002,18378,4
15002,18384,4
15002,18385,13
15002,18386,12
15002,18387,12
15002,18388,5
15002,18390,9
15002,18400,5
15002,18407,4
15002,18408,8
15002,18409,2
15002,18424,2
15002,18425,11
15002,18435,6
15002,18439,4
15002,18446,17
15002,18447,15
15002,18448,15
15002,18449,6
15002,18450,9
15002,18451,3
15002,18452,22
15002,18453,6.5
15002,18455,6
15002,18456,14
15002,18457,27
15002,18459,2
15002,18471,3
15002,18529,3
15002,18530,7
15002,18540,7
15002,18575,4
15002,18579,4
15002,18604,13
15002,18605,23
15002,18606,2
15002,18635,2
15002,18636,3
15003,18080,2
15003,18084,2
15003,18088,1
15003,18094,3
15003,18097,11
15003,18098,5
15003,18099,12
15003,18100,32
15003,18101,43
15003,18102,40
15003,18103,7
15003,18104,12
15003,18105,43.5
15003,18106,16
15003,18107,28
15003,18108,5
15003,18111,5
15003,18112,3
15003,18113,10.5
15003,18128,2
15003,18138,4
15003,18139,1
15003,18142,8.5
15003,18143,18
15003,18144,15
15003,18145,52.5
15003,18146,15
15003,18152,4
15003,18153,78.5
15003,18154,29
15003,18183,2
15003,18187,14
15003,18188,15
15003,18191,19
15003,18192,1
15003,18197,1
15003,18211,5
15003,18212,40
15003,18213,23
15003,18214,1
15003,18215,8.5
15003,18226,9
15003,18227,107
15003,18228,96
15003,18229,15
15003,18248,1
15003,18264,4
15003,18265,7
15003,18266,9
15003,18267,9
15003,18285,5
15003,18286,26
15003,18292,2
15003,18305,13.5
15003,18309,4
15003,18310,4
15003,18322,6
15003,18323,12
15003,18326,27
15003,18327,52
15003,18328,85.5
15003,18329,16
15003,18349,9
15003,18350,18
15003,18351,2
15003,18357,30.5
15003,18358,16.5
15003,18374,1
15003,18376,12
15003,18387,5
15003,18389,4
15003,18390,24
15003,18391,1
15003,18409,4
15003,18416,2
15003,18437,2
15003,18446,9
15003,18447,14
15003,18448,11
15003,18449,25.5
15003,18450,9
15003,18452,1
15003,18456,8
15003,18457,38.5
15003,18458,2
15003,18459,11
15003,18461,4
15003,18462,8
15003,18471,2
15003,18474,3
15003,18475,6
15003,18491,2
15003,18517,2
15003,18529,3
15003,18530,4
15003,18531,2
15003,18534,2
15003,18540,1
15003,18574,1
15003,18584,1
15003,18589,4
15003,18604,23
15003,18605,2
15003,18606,7
15003,18607,3
15003,18608,5
15003,18635,6
15004,18080,2
15004,18081,3
15004,18088,4
15004,18094,10
15004,18095,5
15004,18096,2
15004,18097,14
15004,18098,17
15004,18099,34
15004,18100,13
15004,18101,15
15004,18102,15
15004,18103,33
15004,18104,3.5
15004,18107,5
15004,18116,4
15004,18144,3
15004,18151,2
15004,18152,26
15004,18153,48
15004,18154,28
15004,18155,23
15004,18156,4
15004,18161,1
15004,18181,4
15004,18187,2
15004,18190,4
15004,18196,1
15004,18197,7
15004,18211,4
15004,18212,40
15004,18213,8
15004,18226,2
15004,18227,23
15004,18228,18
15004,18229,37
15004,18230,10.5
15004,18231,10
15004,18237,2
15004,18263,2
15004,18264,14
15004,18265,10
15004,18283,14
15004,18284,5
15004,18285,5
15004,18286,15
15004,18287,6
15004,18296,4
15004,18304,3
15004,18305,2
15004,18311,6
15004,18318,4
15004,18319,1
15004,18320,1
15004,18321,20
15004,18322,9
15004,18326,7.5
15004,18327,66
15004,18328,58.5
15004,18329,7
15004,18345,10.5
15004,18346,6
15004,18356,1
15004,18357,16
15004,18358,12
15004,18359,12
15004,18374,3
15004,18388,6
15004,18389,49
15004,18390,33
15004,18391,9
15004,18409,6
15004,18410,2
15004,18416,1
15004,18429,9
15004,18447,11
15004,18448,10
15004,18453,11
15004,18455,12
15004,18456,44.5
15004,18457,36.5
15004,18458,4
15004,18459,4
15004,18460,4
15004,18530,3
15004,18531,5
15004,18533,1
15004,18534,5
15004,18537,4
15004,18540,2
15004,18562,2
15004,18573,2
15004,18584,7
15004,18589,2
15004,18603,3
15004,18604,10
15004,18635,4
15004,18637,6
15005,18086,38.5
15005,18087,12
15005,18088,2
15005,18091,4
15005,18092,10
15005,18093,6
15005,18094,11
15005,18095,4
15005,18097,4
15005,18099,5
15005,18110,3
15005,18111,9
15005,18120,2
15005,18121,8
15005,18139,9
15005,18140,6
15005,18146,10
15005,18147,4
15005,18151,32
15005,18152,5
15005,18153,26
15005,18154,64
15005,18155,6
15005,18156,15.5
15005,18161,2
15005,18166,5
15005,18167,9
15005,18175,2
15005,18190,13
15005,18212,22
15005,18227,9
15005,18228,10
15005,18230,45
15005,18231,13
15005,18232,4
15005,18236,2
15005,18238,4
15005,18256,3
15005,18258,4
15005,18264,2
15005,18265,7
15005,18267,7
15005,18268,7
15005,18283,3
15005,18284,7
15005,18285,2
15005,18286,7
15005,18287,2
15005,18304,2
15005,18305,5
15005,18306,1
15005,18311,8
15005,18312,16.5
15005,18317,2
15005,18318,7
15005,18319,1
15005,18320,2
15005,18326,2
15005,18327,3
15005,18328,2
15005,18344,8
15005,18345,17
15005,18346,17
15005,18348,1
15005,18353,3
15005,18356,5
15005,18357,1
15005,18358,12
15005,18359,2
15005,18374,5
15005,18375,2
15005,18387,18
15005,18388,20
15005,18389,42
15005,18390,17
15005,18391,7
15005,18409,1
15005,18410,30
15005,18422,4
15005,18428,13
15005,18429,44.5
15005,18430,12
15005,18447,1
15005,18453,4
15005,18454,42
15005,18455,23
15005,18456,42
15005,18457,9
15005,18458,25
15005,18459,11.5
15005,18460,2
15005,18461,3
15005,18491,5
15005,18531,2
15005,18532,5
15005,18533,4
15005,18561,7
15005,18562,4
15005,18563,3
15005,18603,18
15005,18604,9
15005,18635,5
15006,18085,13
15006,18086,26
15006,18087,16
15006,18090,6
15006,18091,35
15006,18092,5
15006,18093,4
15006,18119,3
15006,18120,2
15006,18121,17
15006,18122,12
15006,18124,6
15006,18125,1
15006,18128,1
15006,18138,2
15006,18139,3
15006,18141,2
15006,18142,44
15006,18143,3
15006,18146,5
15006,18151,7
15006,18165,4
15006,18166,1
15006,18174,1
15006,18183,7
15006,18184,18
15006,18185,5
15006,18186,6
15006,18187,2
15006,18188,7
15006,18189,13
15006,18190,7
15006,18195,1
15006,18200,2
15006,18203,5
15006,18211,10.5
15006,18212,15
15006,18219,3
15006,18220,10
15006,18225,5
15006,18226,14
15006,18227,2
15006,18230,3
15006,18231,4
15006,18232,1
15006,18245,10
15006,18247,3
15006,18254,8.5
15006,18256,3
15006,18265,1
15006,18267,5
15006,18268,1
15006,18276,10
15006,18277,6
15006,18296,7
15006,18311,16
15006,18312,18.5
15006,18313,2
15006,18327,4
15006,18336,5
15006,18344,15
15006,18345,5
15006,18351,5
15006,18352,32
15006,18373,5
15006,18374,3
15006,18375,3
15006,18376,4
15006,18389,21
15006,18390,6
15006,18397,4
15006,18409,8
15006,18410,4
15006,18415,3
15006,18429,4
15006,18452,1
15006,18453,2
15006,18454,96.5
15006,18455,65
15006,18456,38
15006,18457,2
15006,18458,16
15006,18459,11
15006,18491,4.5
15006,18523,4
15006,18531,2
15006,18532,7
15006,18533,12
15006,18534,4
15006,18537,5
15006,18551,11
15006,18552,2
15006,18560,4
15006,18562,2
15006,18573,2
15006,18580,5
15006,18596,2
15006,18597,10
15006,18602,13
15006,18603,18
15006,18634,1
15007,18083,1
15007,18084,8
15007,18085,71.5
15007,18086,59
15007,18087,3
15007,18089,3
15007,18090,2
15007,18091,12
15007,18118,1
15007,18119,14
15007,18124,26
15007,18125,4
15007,18126,2
15007,18127,2
15007,18130,6
15007,18131,8
15007,18139,7
15007,18143,8
15007,18149,2
15007,18162,1
15007,18166,2
15007,18172,3
15007,18173,19
15007,18182,23.5
15007,18183,45.5
15007,18184,20
15007,18185,13
15007,18186,9.5
15007,18190,2
15007,18200,2
15007,18201,7
15007,18202,3
15007,18209,2
15007,18210,4
15007,18211,8
15007,18213,2
15007,18220,8
15007,18225,9
15007,18226,6
15007,18231,15
15007,18232,8
15007,18253,4
15007,18255,2
15007,18259,5
15007,18267,4
15007,18276,3
15007,18277,7
15007,18278,1
15007,18280,4
15007,18311,3
15007,18312,12
15007,18313,6
15007,18328,4
15007,18329,1
15007,18335,6
15007,18336,16
15007,18344,3
15007,18347,2
15007,18351,3
15007,18352,5
15007,18372,1
15007,18376,1
15007,18377,3
15007,18378,6
15007,18388,2
15007,18389,23.5
15007,18390,28
15007,18391,35
15007,18396,2
15007,18397,24.5
15007,18398,32
15007,18399,2
15007,18400,4
15007,18401,2
15007,18413,5
15007,18428,13
15007,18429,8
15007,18449,1
15007,18453,51
15007,18454,113.5
15007,18455,9
15007,18456,16
15007,18457,6
15007,18458,6
15007,18486,2
15007,18490,10
15007,18524,3
15007,18529,6
15007,18530,2
15007,18533,31
15007,18534,4
15007,18560,16
15007,18562,4
15007,18574,4
15007,18589,17
15007,18590,6
15007,18596,12
15007,18601,21
15007,18602,19
15007,18612,3
15007,18613,3
15007,18614,15
15007,18615,7
15007,18633,2
15008,18081,2
15008,18082,2
15008,18083,8
15008,18084,43
15008,18085,124
15008,18086,13
15008,18087,3
15008,18117,4
15008,18126,3
15008,18130,11
15008,18131,51
15008,18136,2
15008,18137,2
15008,18143,4
15008,18144,1
15008,18146,5
15008,18148,2
15008,18150,2
15008,18151,6
15008,18162,4
15008,18165,16
15008,18172,2
15008,18181,2
15008,18182,12
15008,18183,28
15008,18184,8
15008,18211,4
15008,18219,5
15008,18225,6.5
15008,18231,2
15008,18232,8
15008,18233,3
15008,18267,2
15008,18272,2
15008,18273,2
15008,18274,2
15008,18275,4
15008,18276,16
15008,18277,1
15008,18295,1
15008,18296,1
15008,18312,8
15008,18313,6
15008,18327,4
15008,18328,16.5
15008,18329,2
15008,18334,4
15008,18335,20
15008,18336,2
15008,18337,2
15008,18351,9
15008,18371,8
15008,18372,5
15008,18373,8
15008,18389,2
15008,18390,8
15008,18391,7
15008,18392,3
15008,18398,16
15008,18399,2
15008,18400,32
15008,18401,9
15008,18402,1
15008,18413,1
15008,18414,2
15008,18428,13
15008,18429,13.5
15008,18436,3
15008,18448,1
15008,18452,2
15008,18453,63
15008,18454,178
15008,18455,2
15008,18457,9
15008,18458,4
15008,18487,3
15008,18488,16
15008,18489,17
15008,18490,24
15008,18524,7
15008,18525,17
15008,18528,1
15008,18529,5
15008,18533,2
15008,18535,15
15008,18536,31
15008,18537,4
15008,18559,52
15008,18560,22
15008,18561,4
15008,18562,4
15008,18587,1
15008,18588,14
15008,18589,23
15008,18596,13
15008,18600,4
15008,18613,12
15008,18626,1
15009,18082,3
15009,18083,140.5
15009,18084,70
15009,18085,58
15009,18086,2
15009,18087,3
15009,18116,3
15009,18117,6
15009,18128,50.5
15009,18129,64
15009,18130,62
15009,18131,103.5
15009,18132,3
15009,18133,3
15009,18134,6
15009,18137,4
15009,18152,12
15009,18153,6
15009,18154,17
15009,18161,5
15009,18162,5
15009,18163,7
15009,18164,20
15009,18165,11
15009,18166,7
15009,18174,5
15009,18176,7
15009,18180,1
15009,18216,3
15009,18224,5
15009,18229,1
15009,18232,1
15009,18233,1
15009,18273,1
15009,18274,9
15009,18275,21
15009,18281,4
15009,18282,1
15009,18291,2
15009,18292,3
15009,18293,9
15009,18294,9
15009,18295,18.5
15009,18296,10
15009,18327,5
15009,18328,14
15009,18329,11
15009,18333,8
15009,18334,34.5
15009,18335,23
15009,18336,1
15009,18347,4
15009,18350,2
15009,18358,6
15009,18371,27
15009,18372,25
15009,18373,23.5
15009,18390,19
15009,18391,14
15009,18392,5
15009,18398,3.5
15009,18399,1
15009,18400,7
15009,18411,2
15009,18412,6
15009,18413,5
15009,18428,19.5
15009,18448,8
15009,18449,3
15009,18450,12
15009,18451,7
15009,18452,10
15009,18453,7
15009,18468,4
15009,18487,12
15009,18488,30
15009,18489,6
15009,18490,7
15009,18497,4
15009,18528,2
15009,18533,2
15009,18534,12
15009,18535,26
15009,18559,2
15009,18560,6
15009,18561,15
15009,18562,18
15009,18584,4
15009,18587,2
15009,18588,10
15009,18589,4
15009,18635,1.5
15010,18082,29
15010,18083,116
15010,18084,72
15010,18085,31.5
15010,18086,30.5
15010,18087,28
15010,18088,37
15010,18089,16
15010,18090,1
15010,18112,3
15010,18113,3
15010,18114,11
15010,18115,9
15010,18116,4
15010,18121,5
15010,18128,52
15010,18129,28
15010,18130,22
15010,18131,47.5
15010,18135,2
15010,18139,11
15010,18143,26
15010,18154,3
15010,18155,19
15010,18161,5
15010,18163,6
15010,18164,17
15010,18165,2
15010,18166,6
15010,18191,1
15010,18203,1
15010,18204,4
15010,18214,7
15010,18216,4
15010,18223,4
15010,18224,4
15010,18241,5
15010,18242,17
15010,18243,8
15010,18244,9
15010,18245,16
15010,18273,7
15010,18274,2
15010,18280,5
15010,18281,26
15010,18282,4
15010,18291,1
15010,18292,19
15010,18293,46
15010,18294,17
15010,18295,9
15010,18296,10
15010,18297,5
15010,18305,2
15010,18324,3
15010,18325,23
15010,18326,7
15010,18327,6
15010,18333,4
15010,18334,18
15010,18335,13
15010,18336,8
15010,18345,3
15010,18347,3
15010,18357,12
15010,18358,5
15010,18359,8
15010,18371,15
15010,18372,19
15010,18373,3
15010,18412,2.5
15010,18413,13
15010,18422,4
15010,18423,2
15010,18428,15
15010,18429,8
15010,18447,2
15010,18448,13
15010,18449,21
15010,18450,7
15010,18452,3
15010,18469,2
15010,18470,1
15010,18487,4
15010,18489,3
15010,18490,1
15010,18524,7
15010,18525,10
15010,18534,1
15010,18535,4
15010,18544,8
15010,18549,2
15010,18560,2
15010,18561,8
15010,18571,2
15010,18572,3
15010,18586,7
15010,18587,31
15010,18588,14
15010,18589,2
15010,18596,4
15010,18612,3
15011,18083,16
15011,18084,9
15011,18085,4
15011,18086,2
15011,18087,17
15011,18091,1
15011,18101,8
15011,18102,3
15011,18112,32
15011,18113,18
15011,18114,18
15011,18127,3
15011,18128,28
15011,18129,59
15011,18130,52
15011,18131,57
15011,18132,5
15011,18141,2
15011,18144,2
15011,18154,4
15011,18155,9
15011,18161,4
15011,18162,3
15011,18175,1
15011,18179,3
15011,18190,5
15011,18191,21
15011,18201,2
15011,18202,2
15011,18203,4
15011,18204,3
15011,18215,6
15011,18216,2
15011,18232,5
15011,18239,16
15011,18240,45
15011,18241,31
15011,18242,39
15011,18243,44
15011,18244,51
15011,18245,5
15011,18275,1
15011,18280,18.5
15011,18281,40
15011,18282,2
15011,18286,2
15011,18287,3
15011,18292,2
15011,18293,4
15011,18294,10
15011,18295,18
15011,18296,3
15011,18304,19
15011,18305,13
15011,18306,8
15011,18321,7
15011,18322,28.5
15011,18323,4
15011,18334,4.5
15011,18335,12
15011,18336,1
15011,18346,8
15011,18357,15
15011,18358,45.5
15011,18359,10
15011,18371,9
15011,18412,27
15011,18413,17
15011,18421,2
15011,18422,4
15011,18428,16
15011,18429,9
15011,18430,4
15011,18436,14
15011,18447,5
15011,18448,4
15011,18451,2
15011,18454,4
15011,18456,2
15011,18457,4
15011,18469,1
15011,18470,7
15011,18480,1
15011,18481,25
15011,18482,3
15011,18485,5.5
15011,18486,19
15011,18491,2
15011,18516,4
15011,18525,22
15011,18526,8
15011,18549,2
15011,18550,4
15011,18560,4
15011,18561,18
15011,18562,16
15011,18563,5
15011,18564,1
15011,18571,2
15011,18572,5
15011,18573,2
15011,18575,2
15011,18576,5
15011,18586,5
15011,18587,8
15011,18595,9
15011,18596,1
15011,18619,3
15011,18631,2
15011,18632,6
15011,18633,7
15012,18098,1
15012,18100,3
15012,18101,26
15012,18102,42
15012,18107,2
15012,18108,1
15012,18109,2
15012,18112,2
15012,18113,14
15012,18114,31
15012,18121,12
15012,18127,53
15012,18128,24
15012,18129,44.5
15012,18130,83
15012,18131,68.5
15012,18132,33
15012,18136,1
15012,18137,2
15012,18139,8
15012,18140,2
15012,18143,3
15012,18144,4
15012,18145,4
15012,18154,3
15012,18158,3.5
15012,18161,7
15012,18162,1
15012,18169,2
15012,18174,1
15012,18175,5
15012,18190,5
15012,18196,2
15012,18200,18
15012,18201,31
15012,18202,33
15012,18203,10
15012,18214,4
15012,18215,1
15012,18216,2
15012,18237,2
15012,18240,14
15012,18241,42
15012,18242,56
15012,18243,78.5
15012,18244,68
15012,18245,19
15012,18255,4
15012,18258,6
15012,18259,21
15012,18260,6
15012,18261,1
15012,18271,9
15012,18272,8
15012,18280,4
15012,18281,40
15012,18283,1
15012,18285,2
15012,18288,2
15012,18293,10
15012,18294,19
15012,18295,4
15012,18304,9
15012,18305,4
15012,18321,2
15012,18322,5
15012,18334,1
15012,18335,2
15012,18336,1
15012,18346,6
15012,18347,8
15012,18354,6
15012,18355,10
15012,18356,17.5
15012,18357,20
15012,18358,29
15012,18359,1
15012,18365,13
15012,18366,2.5
15012,18371,2
15012,18412,46
15012,18413,8
15012,18415,9
15012,18436,3
15012,18437,3.5
15012,18446,6
15012,18447,2
15012,18448,2
15012,18449,2
15012,18453,1
15012,18455,2
15012,18468,1
15012,18469,11
15012,18480,5
15012,18481,8
15012,18483,7
15012,18485,2
15012,18486,4
15012,18506,5.5
15012,18507,8
15012,18512,2
15012,18513,2
15012,18525,5
15012,18526,20
15012,18562,16
15012,18563,14
15012,18564,24
15012,18565,6
15012,18576,13
15012,18578,2
15012,18585,5
15012,18586,14
15012,18587,4
15012,18588,1
15012,18595,14
15012,18612,5
15012,18613,7
15012,18614,2
15012,18632,19
15012,18633,31
15012,18634,11
15012,18635,17
15013,18095,4
15013,18096,15
15013,18097,5
15013,18098,4
15013,18099,9
15013,18100,24
15013,18101,10
15013,18102,9
15013,18104,3
15013,18105,4
15013,18108,6
15013,18112,10
15013,18122,5
15013,18123,4
15013,18129,2
15013,18130,17
15013,18131,19
15013,18132,23
15013,18137,5
15013,18138,8
15013,18139,4
15013,18140,13
15013,18143,2
15013,18158,44.5
15013,18160,2
15013,18161,14
15013,18162,8
15013,18165,1
15013,18171,6
15013,18183,2
15013,18184,1
15013,18189,1
15013,18190,1
15013,18194,17
15013,18199,13
15013,18200,18
15013,18203,2
15013,18207,2
15013,18214,7
15013,18226,1
15013,18227,4
15013,18229,7
15013,18236,1
15013,18237,6
15013,18239,8
15013,18240,31.5
15013,18241,24.5
15013,18242,6
15013,18243,52
15013,18244,27
15013,18257,5
15013,18258,15
15013,18259,30
15013,18260,13
15013,18271,6
15013,18281,1
15013,18282,16
15013,18283,11
15013,18295,3.5
15013,18302,4
15013,18303,1
15013,18314,6
15013,18315,6
15013,18331,4
15013,18332,17
15013,18333,32
15013,18334,6
15013,18335,1
15013,18336,3
15013,18347,16.5
15013,18353,2
15013,18354,15
15013,18355,30
15013,18356,42
15013,18357,23
15013,18366,6
15013,18371,2
15013,18372,4
15013,18408,2
15013,18412,11
15013,18414,13.5
15013,18433,2
15013,18435,1
15013,18436,32
15013,18437,10
15013,18445,7
15013,18446,7
15013,18453,10
15013,18454,4
15013,18468,27.5
15013,18482,4
15013,18483,10
15013,18484,2
15013,18501,2
15013,18506,22
15013,18507,20
15013,18511,2
15013,18512,11
15013,18513,5
15013,18525,13
15013,18526,10
15013,18541,6
15013,18565,23
15013,18566,21
15013,18567,1
15013,18570,1
15013,18577,29
15013,18578,14
15013,18595,14
15013,18604,2
15013,18610,2
15013,18611,2
15013,18612,31
15013,18613,15.5
15013,18614,4
15013,18631,7
15013,18632,23.5
15013,18633,39.5
15013,18634,5
15013,18635,4
15013,18636,1
15014,18100,2
15014,18106,4
15014,18111,14
15014,18119,2
15014,18130,3
15014,18132,2
15014,18135,4
15014,18138,20
15014,18139,4
15014,18141,30
15014,18142,20
15014,18150,11
15014,18152,1
15014,18158,34
15014,18159,42
15014,18160,5
15014,18161,3
15014,18162,8
15014,18163,17
15014,18164,24
15014,18165,6
15014,18177,2
15014,18194,19
15014,18195,7
15014,18196,70.5
15014,18197,55.5
15014,18198,11
15014,18199,20
15014,18200,18
15014,18218,4
15014,18230,1
15014,18236,10
15014,18237,10
15014,18239,3
15014,18240,1
15014,18256,4
15014,18257,10
15014,18258,39
15014,18259,68
15014,18260,13
15014,18261,2
15014,18270,2
15014,18273,2
15014,18282,17
15014,18283,17
15014,18302,5
15014,18303,13
15014,18313,9
15014,18314,14
15014,18315,62
15014,18316,25
15014,18317,12
15014,18327,3
15014,18328,2
15014,18330,4
15014,18331,7
15014,18332,2
15014,18333,2
15014,18334,19
15014,18335,5
15014,18341,5
15014,18342,3
15014,18347,16
15014,18348,1
15014,18355,4
15014,18357,2
15014,18363,2
15014,18364,4
15014,18365,4
15014,18370,3
15014,18386,7
15014,18411,5
15014,18412,57
15014,18413,3
15014,18414,10
15014,18435,17
15014,18436,9
15014,18437,31
15014,18446,2
15014,18447,3
15014,18449,3
15014,18450,6
15014,18451,6
15014,18454,6
15014,18466,1
15014,18467,2
15014,18468,9
15014,18478,1
15014,18480,2
15014,18481,2
15014,18499,2
15014,18500,5
15014,18505,2
15014,18506,48
15014,18507,12
15014,18511,4
15014,18512,1
15014,18513,2
15014,18524,24
15014,18525,13
15014,18528,5
15014,18559,3
15014,18565,4
15014,18566,22
15014,18567,31
15014,18568,2
15014,18577,7
15014,18578,11
15014,18587,2
15014,18594,4
15014,18595,5
15014,18609,27
15014,18610,12
15014,18611,9
15014,18612,16
15014,18613,11
15014,18620,3
15014,18621,26
15014,18622,25
15014,18623,12
15014,18632,16
15014,18633,28
15014,18634,17
15015,18107,1
15015,18111,4
15015,18112,21
15015,18137,3
15015,18138,11
15015,18139,14.5
15015,18140,6
15015,18141,28
15015,18142,16.5
15015,18147,3
15015,18149,5
15015,18151,33
15015,18152,18
15015,18153,8
15015,18158,6
15015,18159,92
15015,18160,30
15015,18162,17
15015,18163,70.5
15015,18164,38.5
15015,18165,29.5
15015,18167,15
15015,18168,9
15015,18194,9
15015,18195,91
15015,18196,102
15015,18197,7
15015,18200,2
15015,18205,4
15015,18216,2
15015,18218,2
15015,18236,9
15015,18255,4
15015,18257,8
15015,18258,15
15015,18259,26
15015,18260,19
15015,18266,2
15015,18268,19
15015,18269,26
15015,18270,7
15015,18281,9
15015,18282,8
15015,18302,2
15015,18303,7
15015,18313,9
15015,18314,16
15015,18315,37
15015,18316,14
15015,18317,3
15015,18327,2
15015,18328,2
15015,18329,4
15015,18341,13
15015,18347,3
15015,18348,6
15015,18349,1
15015,18370,10
15015,18371,16
15015,18372,21.5
15015,18373,11
15015,18374,2
15015,18376,3
15015,18385,5
15015,18386,14
15015,18400,4
15015,18401,27
15015,18402,7
15015,18411,1
15015,18412,136
15015,18413,22.5
15015,18414,2
15015,18415,10
15015,18416,1
15015,18417,3
15015,18418,16
15015,18419,4.5
15015,18420,36
15015,18421,33
15015,18422,46
15015,18423,22.5
15015,18435,34
15015,18436,36
15015,18437,44
15015,18438,8
15015,18481,6
15015,18505,17
15015,18506,6
15015,18524,5
15015,18525,2
15015,18526,4
15015,18528,3
15015,18567,2
15015,18568,7
15015,18577,1
15015,18578,26
15015,18593,5
15015,18594,31
15015,18596,8
15015,18597,6
15015,18598,11
15015,18599,33
15015,18600,15
15015,18601,14
15015,18609,4
15015,18622,10
15015,18633,63
15015,18634,6
15016,18111,14
15016,18112,30
15016,18113,6
15016,18132,2
15016,18134,7
15016,18136,3
15016,18141,6
15016,18142,35.5
15016,18149,8.5
15016,18152,10
15016,18159,19
15016,18160,15
15016,18161,22
15016,18162,46
15016,18163,57
15016,18164,115.5
15016,18165,18
15016,18167,2
15016,18176,2
15016,18177,9
15016,18182,1
15016,18188,4
15016,18192,5
15016,18195,18
15016,18196,37
15016,18206,17
15016,18207,3
15016,18215,19
15016,18218,2
15016,18219,12.5
15016,18220,1
15016,18227,3
15016,18235,5
15016,18236,1
15016,18258,5
15016,18259,6
15016,18266,2
15016,18268,13
15016,18269,17
15016,18270,25
15016,18279,13
15016,18280,5
15016,18281,1
15016,18282,5
15016,18300,3
15016,18301,5
15016,18313,2
15016,18314,4
15016,18315,5
15016,18316,1
15016,18341,8
15016,18370,5
15016,18371,55.5
15016,18372,148.5
15016,18373,72.5
15016,18374,27.5
15016,18375,34
15016,18376,7
15016,18384,6
15016,18385,8
15016,18386,2
15016,18402,15.5
15016,18403,18
15016,18404,2
15016,18411,54.5
15016,18412,53
15016,18413,45.5
15016,18414,20
15016,18415,43
15016,18416,22.5
15016,18417,10
15016,18418,37
15016,18419,39
15016,18420,48
15016,18421,31
15016,18422,41
15016,18423,53
15016,18424,8
15016,18425,5
15016,18426,1
15016,18428,3
15016,18429,1
15016,18435,11
15016,18436,28
15016,18437,33.5
15016,18438,26
15016,18442,3
15016,18443,2
15016,18465,4
15016,18475,4
15016,18476,3
15016,18479,6
15016,18480,15
15016,18504,9
15016,18505,15
15016,18506,4
15016,18523,12
15016,18524,2
15016,18526,2
15016,18530,2
15016,18533,2
15016,18534,7
15016,18577,11
15016,18578,11
15016,18593,12
15016,18594,22
15016,18595,5
15016,18596,28.5
15016,18597,7
15016,18598,2
15016,18600,1
15016,18619,3
15016,18620,6
15016,18622,2
15016,18633,3
15016,18636,3
15017,18111,1
15017,18112,6.5
15017,18113,19
15017,18114,4
15017,18126,1
15017,18129,1
15017,18138,15
15017,18139,14
15017,18142,2
15017,18144,7
15017,18158,1
15017,18159,13
15017,18160,16
15017,18161,52.5
15017,18162,37
15017,18163,23
15017,18164,45
15017,18165,8
15017,18174,11
15017,18180,6
15017,18181,4
15017,18183,6
15017,18184,1
15017,18186,6
15017,18187,4
15017,18188,9
15017,18189,1
15017,18193,8
15017,18194,2
15017,18195,43
15017,18196,55.5
15017,18197,9
15017,18205,10
15017,18206,10
15017,18207,17
15017,18213,4
15017,18214,44
15017,18215,42
15017,18216,35
15017,18217,7
15017,18224,11
15017,18225,9
15017,18226,8
15017,18227,17
15017,18228,4
15017,18235,1
15017,18258,2
15017,18259,19.5
15017,18267,2
15017,18268,2
15017,18270,4
15017,18276,4
15017,18299,4
15017,18300,11
15017,18314,3
15017,18315,20
15017,18339,5
15017,18340,14
15017,18341,9
15017,18360,4
15017,18361,6
15017,18362,6
15017,18369,3.5
15017,18370,5
15017,18371,58.5
15017,18372,85
15017,18373,89.5
15017,18374,112
15017,18375,49
15017,18376,52
15017,18383,1.5
15017,18384,18
15017,18385,9.5
15017,18386,6
15017,18401,3
15017,18404,2
15017,18411,33.5
15017,18412,14
15017,18413,49
15017,18414,164
15017,18421,29.5
15017,18422,27
15017,18423,9
15017,18424,6
15017,18427,1
15017,18435,21
15017,18436,73
15017,18437,27
15017,18438,41
15017,18473,15
15017,18474,31
15017,18475,10
15017,18476,3
15017,18479,5
15017,18503,17
15017,18504,22
15017,18505,29
15017,18506,4
15017,18522,4
15017,18523,2
15017,18525,1
15017,18526,4
15017,18532,8
15017,18533,3
15017,18534,7
15017,18555,2
15017,18560,7
15017,18577,19
15017,18578,4
15017,18593,16
15017,18594,18
15017,18597,2
15017,18619,8
15017,18632,13
15018,18111,2
15018,18112,1
15018,18113,3
15018,18114,7
15018,18115,1
15018,18116,5
15018,18125,4
15018,18126,9
15018,18137,4
15018,18138,4
15018,18139,2
15018,18143,2
15018,18144,4
15018,18145,4
15018,18149,5
15018,18150,3
15018,18152,13
15018,18153,6
15018,18162,13
15018,18163,2
15018,18174,17
15018,18182,16
15018,18184,9
15018,18185,2
15018,18190,15
15018,18191,21
15018,18192,20
15018,18193,28
15018,18194,36
15018,18195,18
15018,18204,5
15018,18206,8
15018,18214,20
15018,18215,35
15018,18216,53.5
15018,18217,21
15018,18222,6
15018,18224,15
15018,18225,3
15018,18226,12
15018,18233,7
15018,18234,4
15018,18235,3
15018,18236,9
15018,18244,4
15018,18253,3
15018,18258,4
15018,18259,19
15018,18260,9
15018,18267,19
15018,18268,8
15018,18276,2
15018,18290,2
15018,18300,7
15018,18301,10
15018,18302,7
15018,18314,2
15018,18315,22
15018,18316,3
15018,18323,2
15018,18324,2
15018,18325,5
15018,18339,22
15018,18340,23
15018,18341,17.5
15018,18360,2
15018,18361,9
15018,18362,16
15018,18363,6
15018,18369,7
15018,18370,28
15018,18371,5
15018,18372,27
15018,18373,63
15018,18374,6
15018,18375,79.5
15018,18376,15
15018,18382,18
15018,18383,32
15018,18384,24
15018,18385,19
15018,18386,10
15018,18390,8
15018,18411,25.5
15018,18412,6.5
15018,18413,39
15018,18414,60
15018,18415,27
15018,18421,4
15018,18422,45
15018,18435,8
15018,18436,45
15018,18437,26
15018,18471,9
15018,18472,16
15018,18473,15
15018,18474,3
15018,18502,12
15018,18503,10
15018,18505,5
15018,18520,4
15018,18521,19
15018,18522,2
15018,18523,6
15018,18525,4
15018,18533,5
15018,18552,2
15018,18560,7
15018,18561,14
15018,18570,4
15018,18577,6
15018,18593,13
15018,18594,9
15018,18619,3
15018,18620,2
15018,18621,4
15018,18623,4
15018,18624,8
15018,18633,3
15018,18636,1
15019,18116,4
15019,18122,53
15019,18123,11
15019,18126,64
15019,18127,11
15019,18131,5
15019,18133,22.5
15019,18134,3
15019,18137,10
15019,18138,92
15019,18139,31
15019,18140,8
15019,18141,3
15019,18143,6
15019,18144,8
15019,18145,48.5
15019,18146,5
15019,18151,4
15019,18152,3
15019,18153,36.5
15019,18156,5
15019,18162,2
15019,18169,2
15019,18177,2
15019,18180,13
15019,18181,8
15019,18182,3
15019,18190,3
15019,18193,4
15019,18199,32.5
15019,18200,9
15019,18201,7
15019,18203,4
15019,18204,3
15019,18205,2
15019,18213,14
15019,18214,34
15019,18215,12
15019,18224,3
15019,18235,13
15019,18236,28
15019,18237,6
15019,18252,4
15019,18253,2
15019,18258,3
15019,18259,6
15019,18266,9.5
15019,18267,13
15019,18270,5
15019,18276,16
15019,18290,3
15019,18300,2
15019,18301,6
15019,18302,14
15019,18313,2
15019,18315,18
15019,18316,16
15019,18317,1
15019,18326,2
15019,18340,12
15019,18341,18
15019,18342,1
15019,18343,10
15019,18350,3
15019,18360,2
15019,18371,15
15019,18372,86
15019,18373,31
15019,18374,1.5
15019,18380,2
15019,18381,14
15019,18382,24
15019,18383,11
15019,18384,36
15019,18385,18
15019,18388,6
15019,18389,6
15019,18390,33
15019,18392,14
15019,18393,1
15019,18409,2
15019,18411,18.5
15019,18436,31
15019,18437,93
15019,18438,2
15019,18471,4
15019,18475,5
15019,18476,3
15019,18502,20.5
15019,18521,22
15019,18522,3
15019,18523,4
15019,18524,5
15019,18525,3
15019,18550,7
15019,18551,7
15019,18552,10
15019,18553,4
15019,18560,3
15019,18561,12
15019,18562,7
15019,18567,5
15019,18577,20
15019,18578,5
15019,18579,2
15019,18593,20
15019,18594,7
15019,18616,2
15019,18621,2
15019,18622,1
15019,18623,5
15019,18624,2
15019,18632,1
15019,18633,6
15020,18116,1
15020,18121,4
15020,18122,25.5
15020,18123,24
15020,18124,11
15020,18125,18
15020,18126,65
15020,18128,2
15020,18129,2
15020,18131,63
15020,18132,47.5
15020,18133,32
15020,18134,42
15020,18135,4
15020,18138,11
15020,18139,30
15020,18140,15
15020,18141,26.5
15020,18142,2
15020,18143,7
15020,18144,60.5
15020,18145,75.5
15020,18146,14
15020,18152,409.5
15020,18153,3
15020,18170,8
15020,18171,5
15020,18173,6
15020,18174,27.5
15020,18175,7
15020,18176,38
15020,18177,27
15020,18178,3
15020,18181,3
15020,18188,10
15020,18194,1
15020,18199,37
15020,18200,73
15020,18201,1
15020,18210,5
15020,18223,11
15020,18224,6
15020,18237,13
15020,18238,3
15020,18244,9
15020,18253,4
15020,18259,19
15020,18266,6
15020,18267,8
15020,18270,6
15020,18271,10
15020,18301,8
15020,18302,3
15020,18303,1
15020,18324,1
15020,18325,4
15020,18327,8
15020,18339,2
15020,18350,2
15020,18368,2
15020,18369,4
15020,18372,4
15020,18373,34
15020,18374,1
15020,18380,9
15020,18381,47
15020,18382,73.5
15020,18383,18
15020,18384,2
15020,18389,24
15020,18390,13.5
15020,18391,2
15020,18392,13
15020,18393,18
15020,18394,8
15020,18399,16
15020,18400,17
15020,18411,6
15020,18436,28
15020,18437,29.5
15020,18438,5
15020,18467,2
15020,18493,4
15020,18501,7
15020,18502,5
15020,18523,10
15020,18524,7
15020,18525,4
15020,18549,9
15020,18550,16
15020,18552,4
15020,18560,15
15020,18561,9
15020,18562,12.5
15020,18577,8
15020,18578,1
15020,18579,1
15020,18593,26
15020,18595,1
15021,18116,8
15021,18117,1
15021,18118,2
15021,18122,4
15021,18123,16
15021,18124,122.5
15021,18125,114.5
15021,18126,3
15021,18130,4
15021,18131,65
15021,18132,31
15021,18138,4
15021,18139,21
15021,18140,29
15021,18141,84
15021,18142,24.5
15021,18143,10
15021,18144,76.5
15021,18152,338
15021,18153,148.5
15021,18157,6
15021,18160,2
15021,18166,4
15021,18170,6
15021,18171,13
15021,18172,20
15021,18173,65
15021,18174,37
15021,18175,54.5
15021,18176,59
15021,18177,53
15021,18178,16
15021,18180,2
15021,18181,23.5
15021,18182,35
15021,18183,21
15021,18186,3
15021,18188,7
15021,18193,2
15021,18194,14
15021,18199,29
15021,18200,24
15021,18201,26
15021,18202,16
15021,18223,8
15021,18224,4
15021,18236,4
15021,18259,12
15021,18260,3
15021,18266,1
15021,18269,3
15021,18270,3
15021,18288,8
15021,18289,18
15021,18294,8
15021,18295,3
15021,18296,4
15021,18298,7.5
15021,18301,2
15021,18302,8
15021,18324,44
15021,18325,28
15021,18326,5
15021,18350,3
15021,18358,2
15021,18359,5
15021,18367,11
15021,18374,5
15021,18380,6
15021,18381,30.5
15021,18382,11
15021,18389,39
15021,18390,5
15021,18391,3
15021,18392,20
15021,18393,19
15021,18394,1
15021,18398,6
15021,18399,66.5
15021,18400,38
15021,18401,11
15021,18410,9
15021,18411,4
15021,18436,22
15021,18437,9
15021,18438,1
15021,18466,10
15021,18467,9
15021,18468,4
15021,18470,39.5
15021,18471,36.5
15021,18472,11
15021,18473,7.5
15021,18498,2
15021,18499,3
15021,18500,9
15021,18522,5
15021,18523,7
15021,18524,4
15021,18557,2
15021,18559,11
15021,18560,8
15021,18576,1
15021,18577,14
15021,18578,10
15021,18579,11
15021,18591,8
15021,18592,16
15021,18593,22
15021,18617,6
15021,18626,4
15021,18633,7
15022,18116,7
15022,18117,1
15022,18123,87
15022,18124,99.5
15022,18125,9
15022,18130,5
15022,18131,31.5
15022,18132,19
15022,18136,5
15022,18137,6
15022,18139,10
15022,18140,16
15022,18141,75.5
15022,18142,24.5
15022,18143,25.5
15022,18144,7
15022,18145,110
15022,18146,23.5
15022,18156,3
15022,18157,51
15022,18159,4
15022,18166,4
15022,18167,3
15022,18168,7
15022,18170,2
15022,18171,15.5
15022,18172,11
15022,18173,15
15022,18174,6
15022,18175,11
15022,18176,5
15022,18181,3
15022,18185,2
15022,18187,5
15022,18188,31
15022,18193,8
15022,18194,62
15022,18198,2
15022,18199,49
15022,18200,50.5
15022,18201,44.5
15022,18202,35.5
15022,18203,2
15022,18211,8
15022,18239,6
15022,18247,14.5
15022,18259,1
15022,18260,5
15022,18270,5
15022,18287,2
15022,18288,6
15022,18289,2
15022,18294,5
15022,18295,17
15022,18296,8
15022,18297,3
15022,18298,31
15022,18299,21.5
15022,18324,14
15022,18325,43
15022,18326,6
15022,18350,4
15022,18351,15
15022,18352,2
15022,18355,6
15022,18356,4
15022,18357,10
15022,18358,15
15022,18359,10.5
15022,18367,1
15022,18381,15
15022,18382,3
15022,18392,13
15022,18393,8
15022,18394,1
15022,18399,7
15022,18401,3
15022,18411,4
15022,18436,54.5
15022,18437,27
15022,18465,10
15022,18466,19.5
15022,18467,2
15022,18468,6
15022,18469,20
15022,18470,83
15022,18471,51
15022,18472,44.5
15022,18473,15
15022,18497,5
15022,18498,19
15022,18499,23
15022,18516,19
15022,18517,22
15022,18518,6
15022,18523,2
15022,18549,5
15022,18550,5
15022,18551,2
15022,18577,9
15022,18578,41.5
15022,18579,8
15022,18590,8
15022,18591,26.5
15022,18592,5
15022,18616,5
15022,18633,2
15022,18634,2
15023,18131,9
15023,18132,16
15023,18136,1
15023,18137,6
15023,18139,7
15023,18140,62.5
15023,18141,24.5
15023,18142,22
15023,18143,18
15023,18144,454.5
15023,18145,364.5
15023,18146,194.5
15023,18148,11
15023,18150,28
15023,18152,32
15023,18153,2
15023,18156,29
15023,18157,63
15023,18158,63
15023,18159,43
15023,18162,2
15023,18163,13
15023,18164,5
15023,18171,5
15023,18172,12
15023,18186,1
15023,18187,18
15023,18188,37
15023,18189,22
15023,18193,43
15023,18194,8.5
15023,18198,3
15023,18199,10
15023,18200,11
15023,18201,29.5
15023,18202,51
15023,18203,2
15023,18209,3
15023,18210,7
15023,18211,2
15023,18232,3
15023,18234,3
15023,18246,6
15023,18247,5.5
15023,18259,6
15023,18289,2
15023,18292,5
15023,18293,5
15023,18295,9
15023,18296,14
15023,18298,1
15023,18299,3
15023,18324,23
15023,18325,2
15023,18350,7
15023,18351,11
15023,18357,4
15023,18358,1
15023,18359,8
15023,18360,4
15023,18367,27
15023,18368,8
15023,18381,5
15023,18382,3
15023,18394,1
15023,18399,2
15023,18400,2
15023,18409,12
15023,18410,3
15023,18411,30
15023,18436,36
15023,18437,15
15023,18438,5
15023,18463,8
15023,18464,4
15023,18465,6
15023,18469,60
15023,18470,55.5
15023,18471,4
15023,18472,11
15023,18494,2
15023,18495,6
15023,18496,20
15023,18497,11
15023,18498,12
15023,18499,2
15023,18516,14
15023,18517,35
15023,18518,6
15023,18520,4
15023,18521,15
15023,18549,2
15023,18550,6
15023,18578,14
15023,18579,1
15023,18598,7
15023,18599,15.5
15023,18610,4
15023,18615,5
15023,18631,17
15023,18632,4
15023,18633,11
15024,18137,12
15024,18139,6
15024,18142,19
15024,18143,22.5
15024,18144,382.5
15024,18145,559.5
15024,18146,226
15024,18147,20
15024,18148,33
15024,18149,13
15024,18150,95
15024,18151,9
15024,18155,25
15024,18156,127
15024,18157,77
15024,18158,102
15024,18159,3
15024,18160,13
15024,18161,26
15024,18162,26.5
15024,18163,2
15024,18175,6
15024,18185,2
15024,18186,53
15024,18187,18
15024,18188,1
15024,18189,31
15024,18190,4
15024,18194,2
15024,18199,5
15024,18200,38
15024,18201,6
15024,18202,14
15024,18205,1
15024,18206,14
15024,18207,1
15024,18208,62
15024,18209,9
15024,18210,4
15024,18222,24
15024,18234,3
15024,18235,6
15024,18243,4
15024,18244,12
15024,18254,2
15024,18259,5
15024,18293,12
15024,18294,1
15024,18295,3
15024,18299,4
15024,18325,9
15024,18339,9
15024,18340,1
15024,18343,6
15024,18344,1
15024,18350,4
15024,18351,1
15024,18358,1
15024,18359,25.5
15024,18360,3
15024,18361,9
15024,18367,2
15024,18368,6.5
15024,18381,3
15024,18382,20
15024,18392,6
15024,18393,4
15024,18394,5
15024,18400,6
15024,18406,3
15024,18407,6
15024,18408,2
15024,18409,35
15024,18410,24
15024,18411,5
15024,18417,4
15024,18418,31
15024,18419,27
15024,18420,40.5
15024,18427,1
15024,18428,4
15024,18435,4
15024,18436,56
15024,18437,36.5
15024,18438,14
15024,18439,2
15024,18464,10
15024,18467,3
15024,18468,51.5
15024,18469,27
15024,18470,34
15024,18471,2
15024,18493,24
15024,18494,15.5
15024,18495,21
15024,18515,12
15024,18516,70
15024,18517,87
15024,18518,47
15024,18519,44
15024,18520,32
15024,18521,93
15024,18522,2
15024,18549,18
15024,18550,2
15024,18579,5
15024,18580,36
15024,18581,65
15024,18582,2
15024,18598,19.5
15024,18599,22
15024,18615,1
15024,18616,12
15024,18622,2
15024,18623,2
15024,18624,3
15024,18631,5
15024,18632,31
15024,18633,7
15025,18137,28
15025,18138,5
15025,18140,7.5
15025,18143,19
15025,18144,98
15025,18145,198
15025,18146,60
15025,18147,41
15025,18148,25
15025,18149,24
15025,18150,28
15025,18151,98
15025,18152,116
15025,18154,62
15025,18155,132.5
15025,18156,244.5
15025,18157,293.5
15025,18158,29
15025,18159,23
15025,18160,2
15025,18161,8
15025,18164,3
15025,18176,1
15025,18179,3
15025,18180,12
15025,18186,6
15025,18187,22
15025,18188,3
15025,18193,6
15025,18194,18
15025,18195,2
15025,18200,13.5
15025,18201,2
15025,18206,36
15025,18207,13
15025,18208,20.5
15025,18209,85
15025,18210,5
15025,18211,5
15025,18220,4
15025,18221,9
15025,18222,20
15025,18230,2
15025,18232,1
15025,18243,7.5
15025,18244,3
15025,18251,9
15025,18252,1
15025,18259,7
15025,18269,2
15025,18270,2
15025,18337,7
15025,18338,2
15025,18339,20
15025,18340,18
15025,18342,4
15025,18343,2
15025,18344,1
15025,18359,4
15025,18360,2
15025,18392,15
15025,18393,27
15025,18394,19.5
15025,18407,5
15025,18409,13
15025,18410,16
15025,18416,22
15025,18417,20.5
15025,18418,16
15025,18419,17
15025,18420,31
15025,18421,19
15025,18435,13
15025,18436,66.5
15025,18437,39.5
15025,18438,36
15025,18452,15
15025,18453,7
15025,18460,4
15025,18466,1
15025,18468,2
15025,18470,14
15025,18471,22
15025,18492,2
15025,18493,14
15025,18494,12
15025,18514,2
15025,18515,7
15025,18516,41
15025,18517,25
15025,18518,20
15025,18519,111.5
15025,18520,76
15025,18521,10
15025,18544,1
15025,18546,1
15025,18548,19
15025,18549,11
15025,18578,6
15025,18579,27
15025,18580,75
15025,18581,71
15025,18582,3
15025,18596,16
15025,18599,27
15025,18600,32
15025,18601,25
15025,18602,19
15025,18603,7
15025,18616,10
15025,18622,1
15025,18632,30
15025,18633,12
15026,18137,6
15026,18138,4
15026,18143,96
15026,18144,69.5
15026,18145,125
15026,18146,72
15026,18147,148
15026,18148,59
15026,18149,155
15026,18150,216.5
15026,18151,339.5
15026,18152,184
15026,18153,120
15026,18154,14.5
15026,18155,14
15026,18156,6
15026,18157,15
15026,18158,23.5
15026,18159,25
15026,18175,4
15026,18179,14.5
15026,18180,6
15026,18186,11
15026,18187,42
15026,18188,4
15026,18193,37
15026,18194,35.5
15026,18195,1
15026,18200,3
15026,18207,33
15026,18208,49
15026,18209,19
15026,18211,4
15026,18221,9
15026,18222,3
15026,18231,2
15026,18232,1
15026,18250,13
15026,18251,19
15026,18252,19
15026,18253,10
15026,18257,2
15026,18258,20
15026,18259,30
15026,18260,1
15026,18268,7
15026,18269,5
15026,18308,4
15026,18315,3
15026,18321,46
15026,18323,25
15026,18335,14
15026,18336,32
15026,18337,26
15026,18338,3
15026,18340,36
15026,18344,1
15026,18345,6
15026,18360,9
15026,18361,13
15026,18368,4
15026,18391,2
15026,18392,3
15026,18394,32
15026,18395,18
15026,18408,1
15026,18409,26
15026,18435,6
15026,18436,46
15026,18437,7
15026,18452,16
15026,18453,18
15026,18461,14
15026,18463,3
15026,18492,11
15026,18493,6
15026,18512,8
15026,18515,7
15026,18518,11
15026,18519,70.5
15026,18520,24.5
15026,18521,24
15026,18522,13
15026,18535,1
15026,18543,19
15026,18544,21
15026,18545,8
15026,18546,4
15026,18547,24
15026,18548,23
15026,18549,4
15026,18577,6
15026,18578,11
15026,18579,86
15026,18580,102.5
15026,18581,12
15026,18595,1
15026,18596,17
15026,18599,17
15026,18600,36
15026,18601,15
15026,18602,5
15026,18615,13
15026,18629,2
15026,18632,22
15026,18633,4
15027,18138,1
15027,18143,34
15027,18144,34
15027,18145,52
15027,18146,102
15027,18147,93.5
15027,18148,144.5
15027,18149,236.5
15027,18150,275.5
15027,18151,401
15027,18152,98
15027,18153,355.5
15027,18154,11
15027,18155,42
15027,18156,22
15027,18157,56
15027,18158,9
15027,18168,8
15027,18169,9
15027,18179,12
15027,18180,41
15027,18181,6
15027,18182,2
15027,18186,19
15027,18187,53.5
15027,18188,6
15027,18193,2
15027,18207,8
15027,18208,25.5
15027,18223,2
15027,18224,16.5
15027,18231,10
15027,18239,4
15027,18247,62.5
15027,18248,6
15027,18250,2
15027,18252,2
15027,18253,10
15027,18254,3
15027,18259,5
15027,18260,13
15027,18268,1
15027,18269,3
15027,18286,5
15027,18308,8
15027,18314,1
15027,18321,5
15027,18322,23
15027,18323,18
15027,18324,21
15027,18339,4
15027,18340,15
15027,18341,1
15027,18344,8
15027,18354,10
15027,18355,4
15027,18361,5
15027,18367,5
15027,18368,5
15027,18382,11
15027,18391,6
15027,18392,6
15027,18394,18
15027,18395,25
15027,18408,7
15027,18409,42
15027,18410,6
15027,18436,5
15027,18450,22
15027,18451,15.5
15027,18452,9
15027,18453,8
15027,18454,4
15027,18461,44
15027,18462,9
15027,18490,2
15027,18491,19
15027,18512,17
15027,18513,14
15027,18517,5
15027,18518,62
15027,18519,45
15027,18520,6
15027,18522,2
15027,18523,4
15027,18535,1
15027,18544,6
15027,18545,27
15027,18546,19
15027,18547,21
15027,18549,2
15027,18577,7
15027,18578,5
15027,18579,64
15027,18580,39
15027,18581,37
15027,18582,5
15027,18590,3
15027,18595,4
15027,18596,15
15027,18598,9
15027,18599,36
15027,18600,22
15027,18601,1
15027,18612,10
15027,18613,29.5
15027,18614,16.5
15027,18615,10
15027,18617,2
15027,18618,3
15027,18628,13
15027,18629,27
15027,18632,3
15028,18142,8
15028,18143,46
15028,18144,96
15028,18145,216.5
15028,18146,243.5
15028,18147,172.5
15028,18148,222.5
15028,18149,201.5
15028,18150,189
15028,18151,399.5
15028,18152,148
15028,18153,115.5
15028,18154,128.5
15028,18155,52.5
15028,18156,89
15028,18157,3
15028,18160,7
15028,18161,21
15028,18165,2
15028,18170,13
15028,18177,8
15028,18178,11
15028,18179,21
15028,18180,16.5
15028,18188,5.5
15028,18205,3
15028,18207,1
15028,18208,27
15028,18231,2
15028,18238,1
15028,18246,12
15028,18247,104
15028,18248,39
15028,18259,8
15028,18260,7
15028,18268,11
15028,18269,2
15028,18278,6
15028,18279,1
15028,18286,6
15028,18287,2
15028,18308,3
15028,18309,3
15028,18315,3
15028,18316,3
15028,18322,10
15028,18323,20
15028,18324,7
15028,18353,15
15028,18354,15
15028,18355,1
15028,18367,1
15028,18374,4
15028,18383,4
15028,18392,18
15028,18393,13
15028,18394,10
15028,18408,8
15028,18409,36
15028,18425,2
15028,18427,1
15028,18428,2
15028,18436,9
15028,18438,4
15028,18449,5
15028,18451,12
15028,18454,2
15028,18455,19
15028,18458,5
15028,18459,2
15028,18460,39
15028,18461,31
15028,18489,4
15028,18490,6
15028,18491,19
15028,18508,2
15028,18509,2
15028,18510,6
15028,18511,6
15028,18518,15
15028,18536,1
15028,18545,12
15028,18546,25
15028,18547,4
15028,18579,4
15028,18580,7
15028,18581,2
15028,18582,2
15028,18594,5
15028,18595,12
15028,18596,12
15028,18597,20
15028,18598,29
15028,18599,13
15028,18609,9
15028,18610,22
15028,18611,5
15028,18612,16
15028,18613,34
15028,18614,17
15028,18618,5
15028,18629,38
15028,18630,14
15028,18631,1
15028,18632,12
15029,18141,2
15029,18142,1
15029,18143,199
15029,18144,64.5
15029,18145,297
15029,18146,157
15029,18147,202.5
15029,18148,219
15029,18149,164.5
15029,18150,218
15029,18151,101
15029,18152,150.5
15029,18153,100
15029,18154,106.5
15029,18155,35
15029,18156,17
15029,18164,2
15029,18179,2
15029,18195,2
15029,18205,3
15029,18206,5
15029,18209,5
15029,18210,4
15029,18211,4
15029,18235,3
15029,18236,6
15029,18246,12
15029,18247,83
15029,18248,30
15029,18279,7
15029,18280,5
15029,18281,3
15029,18282,1
15029,18286,3
15029,18287,30
15029,18308,16
15029,18309,7
15029,18310,7
15029,18314,2
15029,18315,16
15029,18316,10
15029,18323,17
15029,18324,1
15029,18354,14
15029,18368,6
15029,18369,4
15029,18370,1
15029,18375,6
15029,18380,2
15029,18384,1
15029,18385,2
15029,18388,3.5
15029,18390,2
15029,18396,6
15029,18408,1
15029,18409,6
15029,18415,2
15029,18418,4
15029,18428,11
15029,18436,13
15029,18437,5
15029,18450,2
15029,18458,6
15029,18459,62
15029,18460,6
15029,18463,1
15029,18488,31
15029,18489,15
15029,18490,1
15029,18508,10
15029,18509,8
15029,18510,9
15029,18515,19
15029,18516,1
15029,18545,4
15029,18546,6
15029,18563,1
15029,18579,6
15029,18580,13
15029,18583,5
15029,18584,6
15029,18594,7.5
15029,18595,17
15029,18596,27.5
15029,18597,20
15029,18609,2
15029,18610,21
15029,18611,24
15029,18612,30
15029,18613,7
15029,18628,14
15029,18629,16
15029,18630,16
15029,18631,31
15029,18632,30.5
15029,18633,9
15030,18142,10
15030,18143,111.5
15030,18144,223
15030,18145,187.5
15030,18146,385.5
15030,18147,354.5
15030,18148,78
15030,18149,113
15030,18150,3
15030,18152,92.5
15030,18153,2
15030,18155,21
15030,18156,158.5
15030,18157,14
15030,18158,4
15030,18187,1
15030,18188,12
15030,18189,7
15030,18195,3.5
15030,18200,2
15030,18206,1
15030,18218,4
15030,18219,9
15030,18220,5
15030,18235,7
15030,18236,4
15030,18237,17
15030,18238,3
15030,18239,1
15030,18242,4
15030,18243,15.5
15030,18246,36
15030,18247,103
15030,18260,1
15030,18265,4
15030,18278,2
15030,18279,2
15030,18280,4
15030,18281,1
15030,18282,1
15030,18286,2
15030,18287,4
15030,18308,9
15030,18309,52
15030,18310,31
15030,18311,13
15030,18312,12
15030,18315,10
15030,18316,4
15030,18341,4
15030,18342,9
15030,18343,20
15030,18354,1
15030,18368,2.5
15030,18369,4
15030,18378,4
15030,18384,1
15030,18385,14.5
15030,18386,6
15030,18388,13
15030,18395,11
15030,18396,7
15030,18407,2
15030,18414,4
15030,18417,41
15030,18418,50
15030,18419,4
15030,18428,34
15030,18429,12
15030,18436,1
15030,18459,9
15030,18460,7
15030,18487,20
15030,18488,10
15030,18491,6
15030,18508,4
15030,18513,1
15030,18514,14
15030,18515,1
15030,18544,4
15030,18545,13
15030,18560,2
15030,18564,2
15030,18565,1
15030,18578,2
15030,18580,3
15030,18594,9
15030,18595,28
15030,18611,3
15030,18612,24
15030,18628,6
15030,18629,2
15030,18630,2
15030,18631,4
15030,18632,24
15030,18633,20
15031,18143,109.5
15031,18144,345
15031,18145,230.5
15031,18146,137.5
15031,18150,40
15031,18151,139.5
15031,18152,129.5
15031,18156,7
15031,18157,2
15031,18158,7
15031,18164,20
15031,18165,31
15031,18166,20
15031,18183,2
15031,18187,2
15031,18188,30
15031,18189,17
15031,18200,28
15031,18201,5
15031,18202,1
15031,18216,1
15031,18219,5
15031,18220,15
15031,18231,2
15031,18232,20
15031,18233,6
15031,18238,3
15031,18242,51
15031,18243,30
15031,18244,2
15031,18245,11
15031,18246,72
15031,18259,8
15031,18260,13
15031,18265,4
15031,18266,5
15031,18279,7
15031,18280,10
15031,18281,12
15031,18288,2
15031,18310,7
15031,18316,16
15031,18317,6
15031,18326,3
15031,18327,5
15031,18331,4.5
15031,18332,4
15031,18333,9
15031,18341,35.5
15031,18342,25
15031,18343,19
15031,18370,2
15031,18378,12
15031,18385,5
15031,18386,13
15031,18389,2
15031,18395,6
15031,18396,1
15031,18407,12
15031,18408,5
15031,18409,6
15031,18418,55
15031,18419,2
15031,18428,32
15031,18437,3
15031,18447,3
15031,18449,3
15031,18486,14
15031,18487,17
15031,18506,2
15031,18510,2
15031,18536,1
15031,18537,1
15031,18564,2
15031,18566,9
15031,18579,17
15031,18580,4
15031,18590,2
15031,18612,6
15031,18613,19
15031,18632,6
15031,18633,5
15032,18144,143.5
15032,18145,6
15032,18147,27
15032,18148,57
15032,18149,158.5
15032,18150,128.5
15032,18151,137.5
15032,18152,38
15032,18155,5
15032,18164,20
15032,18165,40
15032,18166,47
15032,18167,8
15032,18173,2
15032,18174,1
15032,18184,20
15032,18185,4
15032,18186,13
15032,18187,6
15032,18188,8
15032,18189,15
15032,18194,11
15032,18195,10
15032,18196,7
15032,18200,14
15032,18201,28
15032,18202,2
15032,18231,13
15032,18232,5
15032,18241,16
15032,18242,105
15032,18243,43.5
15032,18244,38
15032,18245,30
15032,18246,130.5
15032,18254,28
15032,18255,7.5
15032,18257,4
15032,18258,15
15032,18259,19.5
15032,18279,16
15032,18280,16
15032,18281,10
15032,18282,28
15032,18287,10
15032,18288,27.5
15032,18297,14
15032,18298,13
15032,18308,9
15032,18316,2
15032,18327,8
15032,18328,5
15032,18331,12
15032,18332,4
15032,18333,9
15032,18334,3
15032,18341,11
15032,18342,13
15032,18343,31
15032,18344,5
15032,18355,1
15032,18356,2
15032,18357,6
15032,18370,3
15032,18378,6
15032,18384,2
15032,18389,3
15032,18397,1
15032,18407,17
15032,18408,29
15032,18409,21.5
15032,18417,12
15032,18418,43
15032,18427,1
15032,18446,2
15032,18460,5
15032,18461,17.5
15032,18484,2
15032,18485,5
15032,18486,31
15032,18487,2
15032,18506,13
15032,18507,2
15032,18510,2
15032,18535,3
15032,18536,8
15032,18537,3
15032,18538,3
15032,18589,4
15032,18606,1
15032,18613,9
15032,18633,2
15033,18146,55
15033,18147,93
15033,18148,44
15033,18149,24
15033,18150,19
15033,18157,7
15033,18163,11
15033,18164,37
15033,18165,10
15033,18170,2
15033,18172,30
15033,18173,15
15033,18174,9
15033,18179,21
15033,18184,32
15033,18185,31
15033,18186,12
15033,18187,14
15033,18188,4
15033,18194,16.5
15033,18195,26
15033,18201,67.5
15033,18202,13
15033,18208,7
15033,18225,42
15033,18226,49
15033,18227,36
15033,18229,10
15033,18240,9.5
15033,18241,36
15033,18242,102.5
15033,18243,150
15033,18244,39.5
15033,18245,59
15033,18246,7
15033,18247,11
15033,18248,9
15033,18258,35
15033,18259,25
15033,18266,4
15033,18267,2
15033,18278,3
15033,18279,6
15033,18280,4
15033,18281,7
15033,18282,4
15033,18287,14
15033,18288,37
15033,18289,4
15033,18290,2
15033,18297,4
15033,18298,8
15033,18299,11
15033,18300,9
15033,18306,2
15033,18308,12
15033,18309,16
15033,18328,37.5
15033,18329,1
15033,18330,13
15033,18331,16
15033,18332,5
15033,18341,3
15033,18342,22
15033,18343,32
15033,18344,16
15033,18354,3
15033,18355,5
15033,18356,6
15033,18357,11.5
15033,18370,17
15033,18406,2
15033,18407,4
15033,18408,54
15033,18409,4
15033,18417,35
15033,18418,19.5
15033,18419,21
15033,18420,8
15033,18426,2
15033,18427,9
15033,18428,3
15033,18437,1
15033,18447,1
15033,18460,27.5
15033,18461,28
15033,18484,6
15033,18485,45
15033,18486,10
15033,18504,2
15033,18537,5
15033,18538,7
15033,18614,5
15033,18615,3
15034,18145,13
15034,18146,62
15034,18147,15
15034,18159,7
15034,18160,7
15034,18161,13
15034,18162,38.5
15034,18163,46
15034,18164,71.5
15034,18165,35
15034,18166,11
15034,18170,29
15034,18171,31
15034,18172,19
15034,18173,17
15034,18174,15
15034,18178,18
15034,18179,15.5
15034,18180,4
15034,18184,9
15034,18185,24
15034,18186,16
15034,18187,3
15034,18195,4
15034,18196,26
15034,18201,20
15034,18202,1
15034,18208,4
15034,18209,2
15034,18225,14
15034,18226,135.5
15034,18227,31
15034,18228,5
15034,18237,6
15034,18241,6
15034,18242,63.5
15034,18243,93
15034,18244,78
15034,18245,67
15034,18246,54
15034,18247,96
15034,18248,18
15034,18280,2
15034,18281,10
15034,18282,2
15034,18287,3
15034,18288,19
15034,18289,7
15034,18290,7
15034,18296,5
15034,18297,4
15034,18298,8
15034,18299,25
15034,18300,19
15034,18309,8
15034,18330,5
15034,18331,9
15034,18332,39
15034,18341,5
15034,18342,12.5
15034,18343,28
15034,18344,23
15034,18356,34
15034,18357,40.5
15034,18358,16
15034,18359,10
15034,18370,12
15034,18372,1
15034,18373,2
15034,18380,3
15034,18387,2
15034,18400,4
15034,18407,26
15034,18408,31
15034,18409,3
15034,18417,2
15034,18437,4
15034,18440,14
15034,18441,25
15034,18460,24
15034,18461,9
15034,18484,23
15034,18485,3
15034,18538,5
15034,18539,16.5
15034,18540,1
15034,18581,5
15034,18598,2
15034,18615,4
15034,18617,1
15034,18632,2
15035,18146,3
15035,18160,4
15035,18161,46
15035,18162,58
15035,18163,42
15035,18164,47.5
15035,18165,45
15035,18166,3
15035,18171,15
15035,18172,26
15035,18173,66
15035,18174,43
15035,18178,2
15035,18179,9
15035,18184,5
15035,18208,2
15035,18209,7
15035,18225,6
15035,18226,45
15035,18227,15
15035,18228,6
15035,18236,29
15035,18237,27
15035,18242,7
15035,18243,30
15035,18244,68
15035,18245,70
15035,18246,146
15035,18247,20
15035,18249,1
15035,18280,3
15035,18281,14
15035,18282,3
15035,18288,2
15035,18289,1
15035,18299,3
15035,18315,1
15035,18316,9
15035,18319,4
15035,18321,6
15035,18323,8
15035,18324,4
15035,18342,8
15035,18343,20
15035,18344,17
15035,18345,10
15035,18356,26
15035,18357,57.5
15035,18358,24
15035,18370,15
15035,18371,30
15035,18372,4
15035,18399,9
15035,18400,20
15035,18406,2
15035,18407,43.5
15035,18408,16
15035,18409,3.5
15035,18436,9
15035,18440,25
15035,18441,20
15035,18442,2
15035,18455,10
15035,18456,6
15035,18457,6
15035,18458,2
15035,18459,26
15035,18478,5
15035,18484,15
15035,18485,2
15035,18503,10
15035,18504,2
15035,18539,8
15035,18555,5
15035,18578,4
15035,18580,2
15035,18581,18
15035,18598,6
15035,18599,10
15035,18604,2
15035,18612,2
15035,18617,3
15035,18618,18
15035,18619,9
15036,18160,4
15036,18161,21
15036,18162,20
15036,18163,38
15036,18164,26
15036,18165,16
15036,18180,6
15036,18184,10
15036,18208,4
15036,18209,2
15036,18215,4
15036,18219,2
15036,18220,2
15036,18225,3
15036,18226,3.5
15036,18236,2
15036,18237,19
15036,18238,2
15036,18242,19
15036,18243,153.5
15036,18244,47.5
15036,18245,58
15036,18246,43
15036,18258,18
15036,18259,19
15036,18260,7
15036,18266,2
15036,18289,14
15036,18313,2
15036,18317,6.5
15036,18318,31
15036,18319,45
15036,18320,1
15036,18321,5
15036,18322,18
15036,18323,26
15036,18324,9
15036,18342,4
15036,18343,16
15036,18356,5
15036,18357,61.5
15036,18358,55
15036,18369,6
15036,18371,10
15036,18400,1
15036,18401,2
15036,18406,4
15036,18407,37
15036,18408,7
15036,18417,5
15036,18425,11
15036,18426,14
15036,18427,10
15036,18431,4
15036,18436,12
15036,18440,2
15036,18441,18
15036,18442,7
15036,18454,20
15036,18456,3
15036,18458,49
15036,18459,79
15036,18460,22.5
15036,18474,7
15036,18475,5
15036,18476,6
15036,18477,7
15036,18484,11
15036,18502,3
15036,18503,11
15036,18554,1
15036,18555,9
15036,18580,10
15036,18581,15
15036,18582,6
15036,18591,3
15036,18599,1
15036,18603,4
15036,18618,11.5
15037,18160,2
15037,18162,6
15037,18163,36
15037,18165,18
15037,18183,14.5
15037,18184,21
15037,18215,2
15037,18216,6
15037,18217,17
15037,18218,25
15037,18219,10
15037,18224,2
15037,18225,4
15037,18237,35
15037,18238,77
15037,18239,11
15037,18242,7
15037,18244,1
15037,18245,26
15037,18246,10
15037,18257,6
15037,18258,22
15037,18261,7
15037,18262,13
15037,18263,6
15037,18264,2
15037,18265,15
15037,18266,2
15037,18270,12
15037,18271,10
15037,18272,7
15037,18273,6
15037,18274,3
15037,18288,1
15037,18315,5
15037,18317,10
15037,18318,80
15037,18319,118.5
15037,18320,68
15037,18321,34
15037,18322,42
15037,18323,2
15037,18342,6
15037,18357,10
15037,18358,76.5
15037,18359,30.5
15037,18360,11
15037,18369,7
15037,18370,3
15037,18402,5
15037,18406,13
15037,18407,47
15037,18408,12
15037,18413,2
15037,18417,5
15037,18425,10
15037,18426,45
15037,18427,9
15037,18428,11
15037,18429,26.5
15037,18430,15
15037,18431,31
15037,18432,1
15037,18433,2
15037,18436,15
15037,18440,1
15037,18441,11.5
15037,18453,7
15037,18454,22
15037,18457,19
15037,18458,32
15037,18459,20
15037,18460,2
15037,18483,12
15037,18484,16
15037,18502,1
15037,18503,9
15037,18504,3
15037,18522,3
15037,18530,5
15037,18531,2
15037,18554,1
15037,18555,3
15037,18580,12.5
15037,18581,32
15037,18582,8
15037,18599,1
15037,18624,1
15037,18625,2
15038,18164,1
15038,18165,7
15038,18183,1
15038,18184,17
15038,18199,10
15038,18202,2
15038,18214,1
15038,18217,4
15038,18218,9
15038,18219,9
15038,18220,7
15038,18237,4
15038,18238,31
15038,18239,7
15038,18242,5
15038,18243,3
15038,18244,42
15038,18245,9
15038,18256,2
15038,18257,22.5
15038,18258,9
15038,18261,2
15038,18262,10
15038,18263,33
15038,18264,8
15038,18270,22
15038,18271,31
15038,18272,10
15038,18273,8
15038,18304,2
15038,18315,3
15038,18316,9
15038,18317,16
15038,18318,26
15038,18319,105.5
15038,18321,79.5
15038,18322,21
15038,18335,3
15038,18336,3
15038,18337,2
15038,18338,11
15038,18339,12
15038,18358,83
15038,18359,13
15038,18382,3
15038,18383,6
15038,18384,23
15038,18385,3
15038,18386,16
15038,18387,5
15038,18402,10
15038,18406,35
15038,18407,20.5
15038,18426,12
15038,18427,43
15038,18428,47.5
15038,18429,22
15038,18430,2
15038,18431,9
15038,18432,14
15038,18435,2
15038,18440,1
15038,18441,1
15038,18453,10
15038,18454,6
15038,18457,18
15038,18458,3
15038,18471,7
15038,18472,6
15038,18482,5
15038,18483,17
15038,18484,2
15038,18500,2
15038,18501,4
15038,18504,3
15038,18580,18
15038,18581,30
15038,18607,4
15038,18632,1
15039,18165,2
15039,18193,2
15039,18199,32
15039,18202,16
15039,18203,11
15039,18209,2
15039,18211,2
15039,18217,9
15039,18224,1
15039,18238,2
15039,18243,20
15039,18244,20
15039,18245,6
15039,18256,5
15039,18257,26.5
15039,18258,8
15039,18261,15
15039,18262,87.5
15039,18263,17.5
15039,18271,12
15039,18272,5
15039,18304,7
15039,18305,2
15039,18320,7.5
15039,18321,62
15039,18322,37
15039,18323,2
15039,18335,14
15039,18336,23
15039,18337,17
15039,18338,31
15039,18339,36
15039,18346,33
15039,18347,26.5
15039,18348,19
15039,18349,4
15039,18359,9
15039,18360,4
15039,18369,1
15039,18381,5
15039,18382,28
15039,18383,39
15039,18384,41
15039,18385,26
15039,18386,35
15039,18387,11
15039,18388,17
15039,18390,1
15039,18391,7
15039,18392,25
15039,18393,2
15039,18394,3
15039,18405,7
15039,18406,46
15039,18407,14
15039,18425,6
15039,18427,7
15039,18428,20
15039,18435,18.5
15039,18436,11
15039,18453,1
15039,18454,1
15039,18455,12
15039,18456,15
15039,18457,13
15039,18470,5
15039,18471,13.5
15039,18482,15
15039,18483,1
15039,18499,4
15039,18501,6
15039,18504,22
15039,18505,4
15039,18521,5
15039,18547,4
15039,18548,4
15039,18561,5.5
15039,18562,1
15039,18579,1
15039,18606,1
15039,18608,2
15039,18632,2
15040,18166,1
15040,18174,2
15040,18175,12
15040,18176,2
15040,18179,29
15040,18180,12
15040,18193,8
15040,18194,14
15040,18198,14
15040,18199,23
15040,18202,13
15040,18203,13
15040,18204,2
15040,18209,7
15040,18210,2
15040,18214,8
15040,18216,21
15040,18217,16
15040,18218,13
15040,18238,2
15040,18239,2
15040,18252,1
15040,18256,3
15040,18257,8
15040,18261,3
15040,18262,25
15040,18263,2
15040,18270,3
15040,18271,11
15040,18272,15
15040,18273,6
15040,18277,1
15040,18288,11
15040,18296,2
15040,18303,7
15040,18304,36
15040,18305,6
15040,18306,9
15040,18321,27
15040,18322,10
15040,18337,6.5
15040,18338,8
15040,18339,31
15040,18346,4
15040,18347,48
15040,18348,31
15040,18349,70
15040,18350,10
15040,18359,5
15040,18360,19
15040,18369,3
15040,18370,3
15040,18384,12
15040,18385,35
15040,18386,40.5
15040,18387,39
15040,18388,18
15040,18389,22
15040,18390,21
15040,18391,36
15040,18392,11
15040,18403,7
15040,18404,9.5
15040,18405,14
15040,18406,20
15040,18436,15
15040,18455,3
15040,18456,25.5
15040,18468,26
15040,18469,45
15040,18470,21
15040,18481,23
15040,18482,15
15040,18504,12
15040,18505,22
15040,18546,5
15040,18547,13
15040,18548,9
15040,18549,4
15040,18561,15
15040,18562,2
15040,18589,4
15040,18632,5
15040,18633,19
15041,18176,24
15041,18177,66.5
15041,18178,20
15041,18179,35
15041,18180,32
15041,18181,5
15041,18189,4
15041,18193,2
15041,18194,16
15041,18198,8
15041,18199,5
15041,18202,10
15041,18203,15
15041,18210,5
15041,18216,8
15041,18217,9
15041,18232,2
15041,18233,10
15041,18238,4
15041,18239,6
15041,18252,3
15041,18262,12
15041,18277,2
15041,18278,4
15041,18279,8
15041,18287,7
15041,18288,22
15041,18295,6
15041,18297,5
15041,18303,16
15041,18304,43
15041,18305,8
15041,18306,1
15041,18307,5
15041,18321,6
15041,18338,21
15041,18339,18
15041,18340,13.5
15041,18341,2
15041,18342,6
15041,18343,97
15041,18344,19
15041,18345,2
15041,18347,69
15041,18348,20
15041,18349,8
15041,18350,12
15041,18351,3.5
15041,18359,3
15041,18360,2
15041,18361,8
15041,18386,61
15041,18387,14
15041,18391,5
15041,18400,13
15041,18403,24
15041,18404,57
15041,18405,65
15041,18406,16
15041,18436,6
15041,18454,2
15041,18455,18
15041,18456,7
15041,18466,5
15041,18467,42
15041,18468,43
15041,18469,15.5
15041,18470,12.5
15041,18480,39.5
15041,18481,35.5
15041,18482,18
15041,18505,14
15041,18506,23
15041,18515,3
15041,18516,17
15041,18517,5
15041,18561,6
15041,18562,26
15041,18563,10
15041,18564,19
15041,18591,1
15041,18598,1
15041,18629,8
15041,18630,35
15041,18631,35
15041,18632,2
15042,18176,48
15042,18177,84
15042,18178,47
15042,18179,50
15042,18180,15
15042,18188,7
15042,18189,12
15042,18193,5
15042,18194,2
15042,18199,8
15042,18200,3
15042,18202,34
15042,18203,6
15042,18208,7
15042,18217,12
15042,18230,4
15042,18231,35
15042,18232,12
15042,18233,3
15042,18239,4
15042,18245,4
15042,18249,5
15042,18260,5
15042,18261,4
15042,18278,1
15042,18279,8
15042,18287,2
15042,18295,8
15042,18304,3
15042,18305,14.5
15042,18306,21
15042,18307,6
15042,18321,10
15042,18322,13
15042,18323,3
15042,18338,10
15042,18339,50
15042,18340,4
15042,18341,1
15042,18342,12
15042,18343,62
15042,18344,49
15042,18345,50
15042,18346,73
15042,18347,37
15042,18348,20
15042,18349,44
15042,18350,18
15042,18351,18
15042,18352,4
15042,18360,2
15042,18361,2
15042,18362,2
15042,18369,6
15042,18386,2
15042,18387,11
15042,18400,12
15042,18404,6
15042,18405,10
15042,18439,11
15042,18454,2
15042,18465,4
15042,18466,28
15042,18467,1
15042,18478,8
15042,18479,19
15042,18480,19
15042,18481,2
15042,18494,8
15042,18506,8
15042,18507,6
15042,18515,13
15042,18516,5
15042,18517,1
15042,18561,4
15042,18562,1
15042,18563,9
15042,18564,2
15042,18578,2
15042,18603,2
15042,18604,8
15042,18606,1
15042,18607,3
15042,18629,19
15042,18630,37
15042,18631,16
15042,18634,3
15043,18176,10
15043,18177,15
15043,18178,28
15043,18179,23.5
15043,18180,8
15043,18189,18
15043,18190,23
15043,18195,1
15043,18201,1
15043,18218,2
15043,18226,2
15043,18231,1
15043,18245,1
15043,18246,4
15043,18254,1
15043,18276,4
15043,18277,6
15043,18279,4
15043,18285,2
15043,18294,5
15043,18295,2
15043,18305,4
15043,18319,3
15043,18321,16
15043,18322,18
15043,18333,2
15043,18336,19
15043,18337,5
15043,18338,12
15043,18339,46
15043,18340,28.5
15043,18341,24
15043,18342,23
15043,18343,50
15043,18344,50
15043,18345,40
15043,18346,56
15043,18347,33
15043,18348,17
15043,18349,45
15043,18350,23
15043,18351,19
15043,18361,2
15043,18362,2
15043,18380,1
15043,18399,2
15043,18400,6
15043,18418,5
15043,18419,4
15043,18420,5
15043,18462,17.5
15043,18463,12
15043,18464,8
15043,18465,4
15043,18478,18
15043,18479,17
15043,18480,3
15043,18496,4
15043,18507,2
15043,18515,8
15043,18561,4
15043,18580,17
15043,18581,1
15043,18602,2
15043,18604,2
15043,18606,7
15043,18607,2
15043,18631,2
15043,18634,11
15044,18179,12
15044,18180,19
15044,18181,31.5
15044,18182,5
15044,18185,4
15044,18189,14
15044,18190,35
15044,18191,5
15044,18204,2
15044,18210,2
15044,18231,39
15044,18244,6
15044,18254,2
15044,18255,1.5
15044,18277,3
15044,18288,11
15044,18289,35
15044,18290,2
15044,18293,4
15044,18294,4
15044,18319,3
15044,18320,5
15044,18321,23
15044,18322,13
15044,18323,36
15044,18336,6
15044,18337,38
15044,18338,30
15044,18339,21.5
15044,18340,39
15044,18341,14
15044,18342,36
15044,18343,20
15044,18344,62.5
15044,18345,66.5
15044,18346,29
15044,18347,137.5
15044,18349,35
15044,18350,92
15044,18351,53.5
15044,18352,4
15044,18381,3
15044,18390,20
15044,18400,1
15044,18402,3
15044,18405,7
15044,18408,2
15044,18409,13.5
15044,18416,1
15044,18417,4
15044,18418,1
15044,18419,16
15044,18420,22
15044,18421,6
15044,18424,4
15044,18439,3
15044,18462,15
15044,18463,1
15044,18464,1
15044,18477,39
15044,18478,20.5
15044,18479,4
15044,18495,7
15044,18496,5
15044,18528,8
15044,18579,4
15044,18580,3
15044,18603,9
15044,18604,25
15044,18605,8
15044,18606,4
15045,18180,4
15045,18189,13
15045,18190,17
15045,18191,3
15045,18204,4
15045,18205,15
15045,18206,6
15045,18207,17
15045,18208,24
15045,18214,15
15045,18215,4
15045,18216,3
15045,18231,40
15045,18232,20
15045,18233,27
15045,18234,8
15045,18239,6
15045,18240,2
15045,18245,3
15045,18253,1
15045,18254,35
15045,18255,10.5
15045,18256,10
15045,18267,1
15045,18287,1
15045,18288,11
15045,18289,17
15045,18293,5
15045,18319,2
15045,18320,4
15045,18321,4
15045,18322,22
15045,18323,13.5
15045,18337,12
15045,18338,4
15045,18339,10
15045,18340,20
15045,18341,19
15045,18342,12
15045,18343,30
15045,18344,43
15045,18345,78
15045,18346,18
15045,18347,35.5
15045,18348,26
15045,18349,74
15045,18350,16
15045,18351,57
15045,18352,34
15045,18363,1
15045,18367,4
15045,18368,4
15045,18370,36
15045,18371,14
15045,18372,5
15045,18389,10
15045,18390,31
15045,18393,2
15045,18394,13
15045,18395,7
15045,18406,3
15045,18409,4
15045,18419,6
15045,18425,3
15045,18426,2
15045,18436,7
15045,18477,36
15045,18492,1
15045,18493,5
15045,18495,15
15045,18503,2
15045,18528,5
15045,18529,7.5
15045,18578,7
15045,18586,3
15045,18587,10
15045,18605,1.5
15045,18606,3
15045,18607,5
15045,18610,4
15045,18632,3
15046,18205,25
15046,18206,57
15046,18207,75.5
15046,18208,4
15046,18215,4
15046,18231,33
15046,18232,33.5
15046,18233,26
15046,18234,12
15046,18235,2
15046,18239,13
15046,18240,40
15046,18241,12
15046,18245,2
15046,18247,4
15046,18253,20
15046,18254,30
15046,18255,22
15046,18256,9
15046,18290,11
15046,18301,3
15046,18320,3
15046,18321,7
15046,18322,14
15046,18323,21
15046,18341,2
15046,18342,35
15046,18343,29
15046,18344,8
15046,18364,17
15046,18368,1
15046,18370,13.5
15046,18371,49
15046,18372,56
15046,18373,18
15046,18374,4
15046,18376,3
15046,18377,16
15046,18378,5
15046,18390,33
15046,18394,5
15046,18395,25
15046,18397,3
15046,18410,2
15046,18427,9
15046,18428,18
15046,18429,2
15046,18434,2
15046,18436,4
15046,18439,2
15046,18448,1
15046,18449,1
15046,18452,4
15046,18476,14
15046,18477,14
15046,18492,2
15046,18494,33
15046,18529,24
15046,18530,2
15046,18580,1
15046,18607,3
15046,18608,7
15046,18609,17
15046,18611,1
15047,18186,3
15047,18204,2
15047,18205,25
15047,18206,41
15047,18207,18
15047,18214,3
15047,18215,17
15047,18216,3
15047,18230,2.5
15047,18231,5
15047,18232,5
15047,18234,17
15047,18235,24
15047,18238,3
15047,18240,12
15047,18243,1
15047,18245,8
15047,18246,2
15047,18253,4
15047,18254,36
15047,18255,53
15047,18268,7
15047,18270,7
15047,18271,2
15047,18272,3
15047,18301,10
15047,18322,7
15047,18323,4
15047,18324,2
15047,18341,15
15047,18342,24
15047,18343,12
15047,18344,12
15047,18361,7
15047,18362,2
15047,18363,3
15047,18364,42.5
15047,18367,2
15047,18371,3
15047,18372,30
15047,18373,3
15047,18374,27
15047,18375,29.5
15047,18376,12
15047,18377,51
15047,18378,11
15047,18390,30
15047,18395,17
15047,18403,3
15047,18420,9
15047,18428,4
15047,18437,2
15047,18450,12
15047,18451,37
15047,18452,9
15047,18475,12
15047,18476,30
15047,18491,3
15047,18492,3
15047,18493,15
15047,18494,35
15047,18504,2
15047,18529,4
15047,18530,7
15047,18580,5
15047,18605,3
15047,18611,22
15047,18612,7
15047,18613,3
15048,18195,2
15048,18203,15
15048,18204,32
15048,18205,35
15048,18206,89.5
15048,18208,2
15048,18214,19
15048,18216,8
15048,18217,12
15048,18218,4
15048,18228,4
15048,18230,5
15048,18231,10
15048,18234,4
15048,18235,3
15048,18245,6
15048,18246,3
15048,18254,25
15048,18255,16
15048,18266,3
15048,18267,31
15048,18268,15
15048,18269,27
15048,18270,31
15048,18271,24
15048,18272,2
15048,18300,5
15048,18301,7
15048,18302,5
15048,18323,7
15048,18324,5
15048,18325,48
15048,18326,6
15048,18341,19
15048,18342,27
15048,18343,12
15048,18347,4
15048,18362,2
15048,18363,8
15048,18364,14
15048,18375,23
15048,18376,33.5
15048,18377,71
15048,18378,10
15048,18379,7
15048,18380,13
15048,18389,6
15048,18403,6
15048,18420,20
15048,18421,7.5
15048,18422,3
15048,18448,5
15048,18449,41
15048,18450,58
15048,18451,54
15048,18452,35.5
15048,18473,2
15048,18474,13
15048,18475,6
15048,18491,2
15048,18492,23
15048,18493,35
15048,18494,36
15048,18495,12
15048,18515,3
15048,18530,11
15048,18531,4
15048,18558,4
15048,18578,3
15048,18602,11
15048,18603,9
15048,18604,25
15048,18609,2
15048,18610,6
15048,18611,5
15048,18612,26
15048,18613,16
15048,18614,19
15048,18615,4
15048,18616,2
15048,18625,7
15048,18626,3
15049,18192,27
15049,18193,28
15049,18194,36
15049,18195,69.5
15049,18196,27
15049,18197,19
15049,18204,68.5
15049,18205,27
15049,18206,5
15049,18214,10
15049,18215,3
15049,18216,13
15049,18218,2
15049,18222,3
15049,18223,4
15049,18227,9
15049,18228,31
15049,18229,5
15049,18234,12
15049,18235,3
15049,18243,9
15049,18244,47
15049,18245,44
15049,18246,19
15049,18248,8
15049,18253,2
15049,18254,21
15049,18256,7
15049,18257,1
15049,18268,18.5
15049,18269,24
15049,18270,8
15049,18271,37.5
15049,18272,12
15049,18273,18
15049,18299,9
15049,18300,9
15049,18301,45
15049,18302,22
15049,18303,32
15049,18304,13
15049,18309,2
15049,18324,3
15049,18325,15.5
15049,18326,14
15049,18327,4
15049,18341,1
15049,18342,13
15049,18343,29
15049,18344,3
15049,18349,3
15049,18361,2
15049,18362,7
15049,18363,31
15049,18364,46
15049,18365,13
15049,18367,2
15049,18376,4
15049,18377,27
15049,18378,38
15049,18379,5
15049,18389,12
15049,18395,5
15049,18402,5
15049,18403,4
15049,18413,30.5
15049,18414,20.5
15049,18419,18
15049,18420,41
15049,18421,59.5
15049,18422,49
15049,18435,1
15049,18438,9.5
15049,18448,9
15049,18449,46
15049,18450,31.5
15049,18451,33
15049,18452,9
15049,18473,15
15049,18474,10
15049,18492,11
15049,18493,34
15049,18494,32
15049,18530,11
15049,18531,3
15049,18547,3
15049,18549,3
15049,18559,5
15049,18578,7
15049,18580,2
15049,18602,2
15049,18603,24
15049,18604,18
15049,18614,15
15049,18615,26
15049,18616,52.5
15049,18617,1
15049,18625,9
15050,18193,54
15050,18194,121
15050,18195,100.5
15050,18196,63
15050,18197,30.5
15050,18204,62
15050,18205,4
15050,18206,5
15050,18207,2
15050,18214,13
15050,18215,24
15050,18216,1
15050,18222,2
15050,18223,7
15050,18224,1
15050,18225,7
15050,18227,7
15050,18228,14
15050,18229,3
15050,18230,5
15050,18243,1
15050,18244,25
15050,18245,9
15050,18246,33
15050,18247,9
15050,18248,4
15050,18254,2
15050,18255,33
15050,18256,28
15050,18268,18
15050,18269,20
15050,18270,65
15050,18271,28.5
15050,18272,77
15050,18273,129.5
15050,18274,4
15050,18281,11
15050,18282,2
15050,18298,11
15050,18299,22
15050,18300,13
15050,18301,26
15050,18302,39
15050,18303,69
15050,18304,11
15050,18308,3
15050,18309,3
15050,18323,3
15050,18324,15
15050,18325,12
15050,18326,17
15050,18327,8
15050,18343,17
15050,18344,7
15050,18361,6
15050,18362,10
15050,18363,52
15050,18364,45
15050,18365,39
15050,18378,4
15050,18383,1
15050,18389,16
15050,18390,16
15050,18394,16
15050,18395,28
15050,18402,7
15050,18413,48
15050,18414,30
15050,18419,2
15050,18420,32.5
15050,18421,26
15050,18422,37.5
15050,18423,56
15050,18424,16
15050,18435,2
15050,18437,28
15050,18438,11
15050,18439,7
15050,18447,4
15050,18448,57
15050,18449,14
15050,18462,4
15050,18472,2
15050,18492,1
15050,18493,15
15050,18494,12
15050,18521,3
15050,18522,8
15050,18523,2
15050,18547,4
15050,18558,3
15050,18578,1
15050,18579,15
15050,18580,15
15050,18592,2
15050,18594,2
15050,18606,2
15050,18615,28
15050,18616,11
15050,18623,2
15051,18191,1
15051,18193,6
15051,18194,41
15051,18195,46
15051,18196,86
15051,18204,3
15051,18205,1
15051,18206,12
15051,18207,2
15051,18209,2
15051,18211,4
15051,18214,35
15051,18215,15
15051,18225,6
15051,18226,4
15051,18227,36
15051,18228,45.5
15051,18230,14
15051,18243,1
15051,18244,12
15051,18245,69
15051,18246,71
15051,18247,42
15051,18248,18
15051,18254,6
15051,18255,29
15051,18256,45
15051,18270,8
15051,18271,28
15051,18272,77.5
15051,18273,63
15051,18274,13
15051,18275,11
15051,18281,16
15051,18289,3
15051,18299,2
15051,18301,13
15051,18302,2
15051,18303,14
15051,18304,74
15051,18307,2
15051,18308,3
15051,18311,1
15051,18325,5
15051,18326,5
15051,18327,11
15051,18344,4
15051,18353,4.5
15051,18361,11
15051,18362,38
15051,18363,76
15051,18364,24
15051,18365,2
15051,18366,1
15051,18381,14.5
15051,18382,2
15051,18383,2
15051,18390,5
15051,18391,4
15051,18395,18
15051,18396,25
15051,18397,11
15051,18401,20
15051,18402,23
15051,18403,14
15051,18404,2
15051,18412,8
15051,18413,20
15051,18414,34
15051,18417,9
15051,18422,35
15051,18423,25.5
15051,18424,12
15051,18433,5
15051,18434,4
15051,18437,8
15051,18439,9
15051,18440,2
15051,18441,6
15051,18445,12
15051,18446,19
15051,18447,8
15051,18468,4
15051,18470,26
15051,18471,16
15051,18523,20
15051,18524,14
15051,18531,26
15051,18535,3
15051,18545,2
15051,18546,7
15051,18547,8
15051,18574,1
15051,18579,23
15051,18580,3
15051,18587,7
15051,18615,10
15051,18616,4
15051,18617,4
15052,18191,2
15052,18192,3
15052,18193,4
15052,18194,27
15052,18195,18
15052,18196,14.5
15052,18197,3
15052,18225,1
15052,18226,4
15052,18228,6
15052,18232,3
15052,18243,8
15052,18244,2
15052,18245,24
15052,18246,16
15052,18247,5
15052,18248,19.5
15052,18254,6
15052,18255,11
15052,18256,51
15052,18257,29
15052,18258,18
15052,18269,3
15052,18270,59
15052,18271,70
15052,18272,37
15052,18273,71.5
15052,18274,29
15052,18275,14
15052,18277,4
15052,18278,4
15052,18280,10
15052,18281,7
15052,18299,5
15052,18309,2
15052,18310,2
15052,18311,5
15052,18312,8
15052,18327,5
15052,18328,6
15052,18353,22.5
15052,18354,4
15052,18355,2
15052,18360,7
15052,18361,25.5
15052,18362,2
15052,18363,12
15052,18364,19
15052,18365,9.5
15052,18382,19
15052,18383,39
15052,18384,6
15052,18397,1.5
15052,18402,30
15052,18403,44
15052,18404,15
15052,18410,2
15052,18411,26
15052,18412,55
15052,18413,68
15052,18414,72.5
15052,18415,47
15052,18416,46
15052,18417,67
15052,18418,1
15052,18425,8
15052,18426,2
15052,18427,1
15052,18428,2
15052,18432,5
15052,18433,62
15052,18434,5
15052,18441,3
15052,18444,11
15052,18445,40
15052,18446,32
15052,18469,6
15052,18470,48
15052,18471,7
15052,18481,5
15052,18486,1
15052,18513,2
15052,18523,2
15052,18524,2
15052,18530,1
15052,18531,32
15052,18532,11.5
15052,18533,27
15052,18547,4
15052,18574,7
15052,18575,21
15052,18579,3
15052,18606,6
15052,18617,31
15053,18194,1
15053,18196,17
15053,18197,6
15053,18201,9
15053,18202,12
15053,18207,2
15053,18227,1
15053,18228,4
15053,18229,6
15053,18231,4
15053,18232,4
15053,18243,3
15053,18244,2
15053,18246,9
15053,18256,11
15053,18257,20
15053,18258,12
15053,18269,23
15053,18270,27
15053,18271,19
15053,18272,9
15053,18273,19.5
15053,18274,7
15053,18275,7
15053,18276,2
15053,18278,38
15053,18280,23
15053,18281,6
15053,18284,2
15053,18299,1
15053,18308,2
15053,18309,3
15053,18310,2
15053,18311,4
15053,18312,3
15053,18328,7
15053,18349,7
15053,18350,17
15053,18351,43
15053,18352,56
15053,18353,41
15053,18354,8
15053,18355,22
15053,18356,13
15053,18360,9
15053,18361,5
15053,18378,15
15053,18385,3
15053,18401,6
15053,18402,26
15053,18403,13
15053,18410,3
15053,18411,14
15053,18412,33
15053,18413,69
15053,18414,81
15053,18415,79
15053,18416,36.5
15053,18417,69
15053,18418,2
15053,18424,2
15053,18425,15
15053,18426,34
15053,18427,24.5
15053,18432,55
15053,18433,59
15053,18442,2
15053,18443,27
15053,18444,41
15053,18445,72
15053,18446,55
15053,18447,11
15053,18456,2
15053,18466,5
15053,18467,2
15053,18468,43.5
15053,18469,21
15053,18470,10
15053,18485,16
15053,18486,2
15053,18488,2
15053,18489,6
15053,18500,2
15053,18512,8
15053,18513,7
15053,18519,8
15053,18531,13
15053,18532,24
15053,18533,32.5
15053,18574,14
15053,18575,14
15053,18576,14
15053,18577,21
15053,18578,8
15053,18605,5
15053,18606,18
15053,18616,4
15053,18617,8
15053,18618,12
15054,18194,2
15054,18201,2
15054,18202,5
15054,18207,10
15054,18212,2
15054,18244,2.5
15054,18254,5
15054,18257,5
15054,18258,11
15054,18270,4
15054,18271,2
15054,18272,4
15054,18279,2
15054,18280,22
15054,18281,15
15054,18282,4
15054,18311,2
15054,18312,5
15054,18318,2
15054,18328,2
15054,18348,2
15054,18349,32
15054,18350,36.5
15054,18351,88
15054,18352,69.5
15054,18353,22.5
15054,18354,25
15054,18355,35
15054,18356,32
15054,18360,8
15054,18361,1
15054,18378,15.5
15054,18383,2
15054,18384,5
15054,18385,2
15054,18402,7
15054,18403,12
15054,18413,3
15054,18414,34.5
15054,18415,43
15054,18416,81.5
15054,18417,30
15054,18427,2
15054,18428,5
15054,18431,4
15054,18432,46
15054,18433,15
15054,18441,5
15054,18442,12
15054,18443,66.5
15054,18444,40
15054,18445,45.5
15054,18446,12
15054,18447,4
15054,18454,10
15054,18455,7
15054,18461,3
15054,18463,5
15054,18464,12
15054,18465,14
15054,18466,36
15054,18467,17
15054,18468,79.5
15054,18469,8
15054,18484,22
15054,18485,4
15054,18502,2
15054,18512,8
15054,18513,6
15054,18519,3
15054,18520,11
15054,18521,17
15054,18531,8
15054,18532,36
15054,18533,16
15054,18534,12
15054,18535,20
15054,18554,8
15054,18555,1
15054,18576,1
15054,18577,6
15054,18617,2
15054,18618,28
15054,18619,29.5
15054,18620,16
15054,18621,18
15055,18201,15
15055,18202,1
15055,18205,3
15055,18207,3
15055,18211,1
15055,18212,11
15055,18213,29
15055,18218,7
15055,18258,3
15055,18268,1
15055,18279,13
15055,18280,14
15055,18281,7.5
15055,18289,3
15055,18292,6
15055,18311,5
15055,18312,17.5
15055,18327,2
15055,18344,14
15055,18345,18
15055,18349,13
15055,18350,25
15055,18351,42
15055,18352,34
15055,18353,35
15055,18354,5
15055,18356,21
15055,18357,3
15055,18362,3
15055,18363,3
15055,18375,20.5
15055,18377,42.5
15055,18378,44
15055,18379,2
15055,18382,6
15055,18383,20
15055,18384,36
15055,18385,6
15055,18386,9
15055,18395,36
15055,18396,8
15055,18399,4
15055,18402,2
15055,18407,8
15055,18408,2
15055,18415,6
15055,18416,13.5
15055,18424,8
15055,18432,4
15055,18439,7
15055,18440,25
15055,18441,36
15055,18442,32.5
15055,18443,58
15055,18444,2
15055,18448,3
15055,18449,4
15055,18451,3
15055,18453,16
15055,18454,136
15055,18455,68
15055,18461,17
15055,18462,37
15055,18463,49
15055,18464,49.5
15055,18465,31
15055,18466,44
15055,18467,7
15055,18483,2
15055,18484,9
15055,18504,4
15055,18512,10
15055,18520,3
15055,18521,14
15055,18531,9
15055,18532,28
15055,18533,31
15055,18534,3
15055,18535,18
15055,18537,2
15055,18554,4
15055,18555,15
15055,18559,7
15055,18570,1
15055,18571,3
15055,18617,2
15055,18619,35.5
15055,18620,18
15056,18201,8
15056,18206,4
15056,18207,12
15056,18211,6
15056,18212,21
15056,18213,13
15056,18216,5
15056,18219,5
15056,18220,13
15056,18221,2
15056,18242,7
15056,18279,6
15056,18280,4
15056,18289,15
15056,18290,10
15056,18291,27
15056,18292,32.5
15056,18293,15
15056,18312,12
15056,18313,2
15056,18331,2
15056,18343,8
15056,18344,6
15056,18350,2
15056,18351,44
15056,18352,17
15056,18353,9
15056,18354,7
15056,18356,6
15056,18362,1
15056,18364,2
15056,18373,5
15056,18374,32
15056,18375,63
15056,18376,17
15056,18377,19
15056,18378,15.5
15056,18383,11
15056,18384,2
15056,18385,10
15056,18386,1
15056,18394,10
15056,18395,42.5
15056,18396,48.5
15056,18397,32
15056,18398,36
15056,18399,31
15056,18402,2
15056,18432,8
15056,18439,18
15056,18440,22
15056,18441,8
15056,18442,6
15056,18443,40
15056,18444,2
15056,18453,28
15056,18454,135
15056,18455,62.5
15056,18456,46
15056,18459,10
15056,18460,50
15056,18461,50
15056,18462,50.5
15056,18463,64.5
15056,18464,12
15056,18465,47.5
15056,18466,14
15056,18481,4
15056,18483,7.5
15056,18484,6
15056,18520,2
15056,18522,9
15056,18530,12
15056,18531,14
15056,18532,35
15056,18533,17
15056,18554,1
15056,18555,6
15056,18568,3
15056,18569,5
15056,18570,21
15056,18571,15
15056,18589,4
15056,18617,4
15056,18619,10.5
15056,18620,36
15057,18201,1
15057,18206,13
15057,18207,14
15057,18210,2
15057,18211,24
15057,18212,41
15057,18214,44
15057,18215,11
15057,18216,15
15057,18217,32
15057,18218,12.5
15057,18220,16
15057,18221,4
15057,18229,19
15057,18230,28
15057,18231,3
15057,18235,8
15057,18236,3
15057,18237,15
15057,18242,3
15057,18265,4
15057,18266,2
15057,18279,8
15057,18280,4
15057,18288,20
15057,18289,9
15057,18290,12
15057,18291,23
15057,18292,30
15057,18293,8
15057,18313,5
15057,18331,4
15057,18332,1
15057,18350,7
15057,18351,18
15057,18352,35
15057,18353,16
15057,18354,1
15057,18356,4
15057,18362,3
15057,18364,2
15057,18373,41
15057,18374,29
15057,18375,65
15057,18376,24.5
15057,18383,1
15057,18385,3
15057,18394,29
15057,18395,99
15057,18396,10
15057,18402,5
15057,18403,2
15057,18427,6
15057,18443,2
15057,18452,9
15057,18453,17
15057,18454,52
15057,18455,50
15057,18456,67
15057,18457,10
15057,18458,59.5
15057,18460,125
15057,18461,71
15057,18462,70
15057,18463,32
15057,18464,22.5
15057,18465,11
15057,18496,4
15057,18497,31
15057,18498,13
15057,18499,20
15057,18529,11
15057,18530,7
15057,18531,1
15057,18534,5
15057,18570,1
15057,18571,6
15057,18619,29
15057,18620,28
15057,18621,9
15058,18206,3
15058,18207,9
15058,18211,7
15058,18212,21
15058,18213,8
15058,18214,17
15058,18215,24
15058,18216,24.5
15058,18217,2
15058,18229,17
15058,18230,21
15058,18231,10
15058,18236,52
15058,18237,55
15058,18238,6.5
15058,18240,1
15058,18241,9
15058,18242,9
15058,18243,29
15058,18244,4
15058,18247,1
15058,18264,4
15058,18265,4
15058,18266,5
15058,18287,4
15058,18288,27.5
15058,18289,20
15058,18290,5
15058,18292,13
15058,18293,12
15058,18294,7
15058,18332,19
15058,18349,12
15058,18350,5
15058,18351,6
15058,18352,3
15058,18354,5
15058,18362,1
15058,18363,3
15058,18364,9
15058,18375,23
15058,18376,2
15058,18377,6
15058,18388,3
15058,18394,60.5
15058,18395,159
15058,18396,29
15058,18400,2
15058,18403,6
15058,18404,4
15058,18426,52
15058,18427,109
15058,18428,11
15058,18436,3
15058,18441,2
15058,18442,2
15058,18443,6
15058,18451,16.5
15058,18452,92.5
15058,18453,6
15058,18454,49.5
15058,18455,16
15058,18456,40
15058,18457,75
15058,18458,31
15058,18459,9
15058,18460,49
15058,18461,29.5
15058,18462,5
15058,18484,1
15058,18498,2
15058,18528,1
15058,18529,5
15058,18530,10
15058,18535,15
15058,18552,4
15058,18554,4
15058,18567,2
15058,18568,5
15058,18571,1
15058,18572,6
15058,18582,3
15058,18620,29
15058,18621,15
15059,18206,11
15059,18207,1
15059,18211,14
15059,18212,18
15059,18213,9
15059,18214,8
15059,18215,12
15059,18216,2
15059,18229,4
15059,18230,11
15059,18231,14
15059,18235,19
15059,18236,8
15059,18241,6
15059,18243,15
15059,18244,19
15059,18247,4
15059,18263,1
15059,18264,11
15059,18265,2
15059,18266,2
15059,18286,3
15059,18287,9
15059,18288,22
15059,18289,29
15059,18290,2
15059,18291,5
15059,18306,8
15059,18307,7
15059,18332,3
15059,18333,4
15059,18347,6
15059,18348,21
15059,18351,5
15059,18376,5
15059,18377,6
15059,18394,61
15059,18395,53
15059,18396,36
15059,18397,18
15059,18399,2
15059,18402,1
15059,18403,22
15059,18404,4
15059,18425,3.5
15059,18426,149
15059,18427,23
15059,18450,1
15059,18451,41
15059,18452,147
15059,18453,69.5
15059,18454,77
15059,18455,86.5
15059,18456,108
15059,18457,84
15059,18458,37
15059,18459,1
15059,18460,8
15059,18461,2
15059,18528,1
15059,18547,3
15059,18566,8
15059,18567,10
15059,18569,5
15059,18583,2
15059,18599,2
15059,18600,6
15059,18620,4
15059,18621,39.5
15059,18622,13
15060,18211,4
15060,18212,8
15060,18214,22.5
15060,18215,22
15060,18216,11
15060,18219,4
15060,18223,4
15060,18234,1
15060,18235,10
15060,18236,3
15060,18244,30
15060,18246,3
15060,18263,5
15060,18264,17
15060,18265,31
15060,18266,2
15060,18285,2
15060,18286,2
15060,18287,1
15060,18290,19
15060,18306,6
15060,18307,3
15060,18332,2
15060,18333,9
15060,18334,3
15060,18348,8
15060,18361,41
15060,18363,2
15060,18392,8.5
15060,18394,14
15060,18395,53
15060,18396,65.5
15060,18397,54.5
15060,18398,20
15060,18399,7
15060,18400,5
15060,18402,6
15060,18403,4
15060,18404,17
15060,18419,4
15060,18421,4
15060,18426,75.5
15060,18451,120.5
15060,18452,78
15060,18453,87
15060,18454,67
15060,18455,39
15060,18456,43
15060,18458,11
15060,18478,5
15060,18479,2
15060,18527,4
15060,18565,5
15060,18567,2
15060,18568,9
15060,18598,4
15060,18599,10
15060,18621,49
15060,18622,5
15061,18211,1
15061,18214,1
15061,18219,10
15061,18220,14
15061,18235,1
15061,18246,7
15061,18247,2
15061,18263,10
15061,18264,21
15061,18265,6
15061,18285,15.5
15061,18304,6
15061,18306,20
15061,18307,4
15061,18334,2
15061,18361,2
15061,18362,7
15061,18364,4
15061,18381,2
15061,18387,2
15061,18389,9
15061,18390,3
15061,18391,17
15061,18392,117
15061,18393,2
15061,18394,20
15061,18395,58
15061,18396,57.5
15061,18397,58
15061,18402,24
15061,18403,69
15061,18404,87.5
15061,18417,2
15061,18418,14
15061,18419,4
15061,18425,19
15061,18426,267.5
15061,18427,2
15061,18451,13.5
15061,18452,16
15061,18453,84
15061,18454,8
15061,18456,19.5
15061,18479,13
15061,18480,10
15061,18508,7
15061,18565,5
15061,18568,6
15062,18217,4
15062,18218,4
15062,18220,2
15062,18235,3
15062,18246,5
15062,18256,2
15062,18263,1
15062,18264,13
15062,18265,8
15062,18284,14
15062,18285,14
15062,18290,2
15062,18291,10
15062,18302,3
15062,18304,1
15062,18305,2
15062,18306,9
15062,18307,12
15062,18322,1
15062,18323,4
15062,18324,11
15062,18335,5
15062,18337,1
15062,18361,4
15062,18362,3
15062,18363,7
15062,18364,2
15062,18375,3
15062,18376,2
15062,18387,8
15062,18388,24
15062,18389,40
15062,18390,20
15062,18391,71
15062,18392,128.5
15062,18393,26
15062,18394,9
15062,18395,19
15062,18396,35
15062,18397,13
15062,18402,3
15062,18403,59.5
15062,18417,10
15062,18418,2
15062,18422,6
15062,18423,47
15062,18424,30.5
15062,18425,64
15062,18426,116
15062,18427,47.5
15062,18430,2
15062,18471,2
15062,18472,16
15062,18474,1
15062,18478,6
15062,18479,40
15062,18480,4
15062,18496,2
15062,18502,5
15062,18508,1
15062,18516,2
15062,18517,8
15062,18518,1
15062,18537,1
15062,18538,2
15062,18539,2
15062,18570,2
15062,18622,1
15063,18217,6
15063,18218,14
15063,18234,3
15063,18235,1
15063,18255,5
15063,18256,2
15063,18260,3
15063,18264,12
15063,18265,6
15063,18283,1
15063,18284,4
15063,18290,10
15063,18291,15
15063,18302,8
15063,18303,13
15063,18304,23
15063,18305,14
15063,18306,22
15063,18307,27
15063,18308,15
15063,18322,3
15063,18323,7
15063,18324,11
15063,18325,11
15063,18336,2
15063,18337,6
15063,18338,3
15063,18339,1
15063,18361,6
15063,18362,10
15063,18363,39
15063,18364,21
15063,18377,2
15063,18388,1
15063,18389,12
15063,18390,9
15063,18391,39
15063,18392,76
15063,18393,16
15063,18394,4
15063,18395,34
15063,18396,72.5
15063,18397,14
15063,18398,4
15063,18401,1
15063,18403,4
15063,18416,6
15063,18417,17
15063,18423,42
15063,18424,68.5
15063,18425,123.5
15063,18426,47
15063,18427,40.5
15063,18428,24
15063,18429,75
15063,18430,24
15063,18432,5
15063,18472,24
15063,18473,20
15063,18474,8
15063,18476,2
15063,18477,6
15063,18478,12
15063,18479,2
15063,18502,7
15063,18503,5
15063,18516,10.5
15063,18517,11
15063,18537,5
15063,18538,18.5
15063,18539,9
15063,18562,9
15063,18621,5
15064,18219,2
15064,18234,17
15064,18245,1
15064,18251,1
15064,18252,15
15064,18254,1
15064,18255,4
15064,18256,8
15064,18259,39
15064,18260,15
15064,18261,14
15064,18263,2
15064,18264,12
15064,18289,53
15064,18290,19
15064,18291,10
15064,18292,6
15064,18302,25
15064,18303,1
15064,18304,11
15064,18305,2
15064,18306,2
15064,18307,3
15064,18322,6
15064,18323,13
15064,18324,20
15064,18325,6
15064,18326,1
15064,18336,3
15064,18338,7
15064,18339,9.5
15064,18362,16
15064,18363,38
15064,18364,22
15064,18369,2
15064,18375,4
15064,18376,26
15064,18391,9
15064,18392,30
15064,18393,79
15064,18394,56
15064,18395,83
15064,18396,151
15064,18397,40.5
15064,18402,1
15064,18403,8
15064,18404,24
15064,18405,2
15064,18416,5
15064,18423,1
15064,18424,32
15064,18425,90.5
15064,18426,2
15064,18427,4
15064,18428,3
15064,18429,55
15064,18430,27
15064,18431,19
15064,18471,3
15064,18473,16
15064,18474,14
15064,18475,23
15064,18476,26.5
15064,18477,97
15064,18478,48
15064,18503,13
15064,18517,2
15064,18518,2
15064,18539,1
15064,18546,5
15064,18553,2
15064,18554,5
15064,18590,7
15064,18603,2
15064,18604,7
15064,18611,2
15064,18619,9
15065,18243,3
15065,18244,7
15065,18251,1
15065,18252,4
15065,18255,28
15065,18256,9
15065,18260,2
15065,18262,18
15065,18275,33
15065,18288,1
15065,18289,18
15065,18290,42
15065,18291,29
15065,18292,15
15065,18293,4
15065,18305,2
15065,18323,3.5
15065,18324,25
15065,18325,1
15065,18336,2
15065,18337,14
15065,18338,12
15065,18339,39.5
15065,18340,35.5
15065,18362,1
15065,18363,30
15065,18364,32
15065,18366,4
15065,18375,19
15065,18376,26.5
15065,18391,22.5
15065,18392,203.5
15065,18393,85
15065,18394,4
15065,18395,34
15065,18396,105
15065,18397,38
15065,18398,2
15065,18402,14
15065,18403,16
15065,18415,4
15065,18423,1
15065,18424,56
15065,18425,35
15065,18429,11
15065,18430,2
15065,18473,1
15065,18474,113.5
15065,18475,117
15065,18476,119
15065,18477,64
15065,18478,16
15065,18538,2
15065,18555,6
15065,18556,11
15065,18557,8
15065,18560,3
15065,18562,1
15065,18590,4
15065,18604,27
15065,18605,7
15065,18608,2
15065,18610,1
15065,18611,5
15065,18617,2
15066,18229,9.5
15066,18243,10
15066,18244,16
15066,18251,2
15066,18252,2
15066,18256,5
15066,18260,16
15066,18261,20
15066,18262,4
15066,18263,5
15066,18273,13
15066,18274,15
15066,18275,20
15066,18288,1
15066,18289,8
15066,18290,23
15066,18291,13
15066,18292,6
15066,18323,7
15066,18324,7
15066,18326,4
15066,18337,12
15066,18338,21
15066,18339,2
15066,18362,5
15066,18363,6
15066,18364,18
15066,18365,17
15066,18366,1
15066,18372,2
15066,18373,13
15066,18374,8
15066,18375,14
15066,18376,4
15066,18390,2
15066,18396,5
15066,18397,32
15066,18402,10
15066,18403,26
15066,18412,12
15066,18413,3
15066,18414,9
15066,18415,63
15066,18423,27.5
15066,18424,32
15066,18425,3
15066,18429,36.5
15066,18470,13
15066,18471,30
15066,18472,61
15066,18473,49
15066,18474,129
15066,18475,58
15066,18476,27
15066,18555,19
15066,18556,19
15066,18557,24
15066,18560,3
15066,18561,7
15066,18562,6
15066,18594,1
15066,18604,5
15066,18605,14.5
15066,18606,54
15066,18608,25
15066,18609,3
15067,18224,2
15067,18229,18
15067,18231,28
15067,18232,8
15067,18243,48.5
15067,18244,6
15067,18251,7
15067,18252,12
15067,18260,2
15067,18261,18
15067,18262,8
15067,18263,19
15067,18273,59
15067,18274,51
15067,18275,14
15067,18279,1
15067,18288,5
15067,18289,19
15067,18290,10
15067,18323,3
15067,18324,12
15067,18337,29.5
15067,18338,23
15067,18339,2
15067,18362,22
15067,18363,5
15067,18364,33
15067,18365,24
15067,18372,4
15067,18373,26.5
15067,18374,10
15067,18375,4
15067,18393,8
15067,18394,9
15067,18395,6
15067,18396,1
15067,18397,2
15067,18401,1
15067,18402,9
15067,18403,15.5
15067,18412,15
15067,18413,50
15067,18414,60.5
15067,18415,83
15067,18416,33
15067,18418,5
15067,18419,2
15067,18420,16
15067,18423,48
15067,18424,6
15067,18428,23
15067,18429,59
15067,18470,23
15067,18471,33
15067,18472,75
15067,18473,46.5
15067,18474,34.5
15067,18475,35
15067,18476,49
15067,18477,213.5
15067,18478,28
15067,18519,1
15067,18529,4
15067,18530,1
15067,18556,14
15067,18557,49
15067,18559,23.5
15067,18560,35
15067,18561,1
15067,18585,16
15067,18586,30
15067,18588,2
15067,18605,5
15067,18606,178
15067,18607,88.5
15067,18608,82
15067,18609,24.5
15068,18224,4
15068,18229,17
15068,18231,20
15068,18232,23
15068,18233,5
15068,18243,40
15068,18244,25
15068,18245,14
15068,18262,4
15068,18270,4
15068,18271,2
15068,18274,34
15068,18275,11.5
15068,18276,12
15068,18277,3
15068,18279,1
15068,18289,2
15068,18324,3
15068,18337,30
15068,18338,43
15068,18357,2
15068,18362,40.5
15068,18363,6
15068,18372,5
15068,18373,9
15068,18374,10
15068,18375,2
15068,18376,3
15068,18394,28
15068,18396,2
15068,18401,11
15068,18402,2
15068,18403,4
15068,18412,4
15068,18413,54
15068,18414,76
15068,18415,23
15068,18418,9
15068,18419,16
15068,18420,29
15068,18422,17
15068,18423,20
15068,18424,8
15068,18428,70
15068,18429,47
15068,18464,5
15068,18471,1
15068,18473,13
15068,18474,37
15068,18475,13
15068,18484,2
15068,18485,4.5
15068,18486,17
15068,18487,2
15068,18519,4
15068,18520,3
15068,18521,3
15068,18522,3
15068,18529,10
15068,18530,6
15068,18532,3
15068,18535,2
15068,18536,6
15068,18537,4
15068,18540,4
15068,18557,22.5
15068,18586,1
15068,18587,31
15068,18588,16
15068,18589,4
15068,18599,2
15068,18605,2
15068,18606,70
15068,18607,82
15068,18608,97
15068,18609,30
15069,18230,9
15069,18231,1
15069,18232,13
15069,18233,10
15069,18234,13
15069,18236,2
15069,18242,11.5
15069,18243,14
15069,18245,3
15069,18246,2.5
15069,18270,1
15069,18271,28
15069,18272,21
15069,18274,31
15069,18275,17
15069,18276,95
15069,18277,17
15069,18278,13
15069,18279,2
15069,18338,2
15069,18362,38.5
15069,18363,7
15069,18374,4
15069,18375,10
15069,18394,7
15069,18401,15
15069,18402,3
15069,18403,2
15069,18412,45
15069,18413,56
15069,18414,16.5
15069,18422,14.5
15069,18428,12
15069,18429,7
15069,18462,2
15069,18463,14
15069,18468,2
15069,18474,3
15069,18485,2
15069,18486,32
15069,18487,10
15069,18488,13
15069,18489,5
15069,18501,15
15069,18511,1
15069,18512,8
15069,18521,2
15069,18522,5
15069,18529,6
15069,18530,7
15069,18533,4
15069,18534,11
15069,18535,2
15069,18558,1
15069,18587,36
15069,18588,20.5
15069,18589,2
15069,18590,5
15069,18604,8
15069,18605,42
15069,18606,115.5
15069,18607,40
15069,18608,18
15069,18609,35
15070,18229,6
15070,18230,41
15070,18232,4
15070,18233,4
15070,18234,3
15070,18235,3
15070,18236,1
15070,18269,79.5
15070,18272,29
15070,18273,5
15070,18274,18
15070,18275,44
15070,18276,50
15070,18277,45.5
15070,18278,31
15070,18279,21.5
15070,18280,2
15070,18305,9
15070,18306,34
15070,18309,15
15070,18310,5
15070,18311,2
15070,18338,2
15070,18339,2
15070,18361,15
15070,18362,11
15070,18364,4.5
15070,18365,2
15070,18401,5
15070,18402,11.5
15070,18404,4
15070,18405,2
15070,18407,22
15070,18410,11
15070,18411,28
15070,18412,23
15070,18422,15
15070,18428,7
15070,18463,25
15070,18487,22
15070,18488,21
15070,18489,29
15070,18490,8
15070,18491,1
15070,18501,20
15070,18502,12
15070,18504,4
15070,18511,2
15070,18512,12
15070,18513,4
15070,18530,9
15070,18533,3
15070,18556,5
15070,18587,3
15070,18588,3
15070,18590,26
15070,18595,6
15070,18596,9
15070,18601,32
15070,18603,52
15070,18604,44
15070,18605,39
15070,18606,118.5
15070,18607,101
15070,18608,121
15070,18609,29
15070,18610,7
15070,18611,8
15071,18233,2
15071,18234,13
15071,18235,13
15071,18239,3
15071,18256,3
15071,18270,6
15071,18271,56
15071,18272,55
15071,18273,105
15071,18274,45
15071,18275,35
15071,18276,67
15071,18277,41
15071,18278,38
15071,18279,55
15071,18280,31
15071,18281,4
15071,18306,7
15071,18308,1
15071,18309,37
15071,18310,7
15071,18338,2
15071,18339,17
15071,18343,11
15071,18361,2
15071,18362,10
15071,18363,2
15071,18400,5
15071,18402,3
15071,18404,8
15071,18405,17
15071,18406,33
15071,18407,31
15071,18409,6
15071,18410,39
15071,18411,18.5
15071,18412,25
15071,18420,3
15071,18421,6
15071,18422,20
15071,18462,11
15071,18463,50
15071,18481,6
15071,18488,7
15071,18489,2
15071,18490,4
15071,18491,2
15071,18492,22
15071,18493,10
15071,18494,9
15071,18498,7
15071,18499,57
15071,18500,14
15071,18501,17
15071,18502,5
15071,18503,2
15071,18512,16
15071,18530,4
15071,18590,27
15071,18595,20
15071,18596,4
15071,18599,18
15071,18600,73.5
15071,18601,96
15071,18602,78
15071,18603,65
15071,18604,61
15071,18605,68
15071,18606,55
15071,18607,149.5
15071,18608,27
15071,18609,23
15072,18236,2
15072,18238,2
15072,18255,9
15072,18256,3
15072,18257,2
15072,18265,9
15072,18269,2
15072,18270,18.5
15072,18271,52
15072,18272,65
15072,18273,209.5
15072,18274,240.5
15072,18275,53.5
15072,18276,43
15072,18277,13
15072,18280,6
15072,18281,2
15072,18282,3
15072,18283,8
15072,18306,47
15072,18307,16
15072,18308,47.5
15072,18309,9.5
15072,18318,5
15072,18338,1
15072,18339,7
15072,18340,5
15072,18342,5
15072,18360,5
15072,18361,6
15072,18363,4
15072,18364,6
15072,18400,4
15072,18401,5
15072,18402,4
15072,18404,3
15072,18405,8
15072,18406,58.5
15072,18407,22
15072,18411,5
15072,18412,13
15072,18419,23
15072,18420,68
15072,18422,4
15072,18431,9
15072,18432,6
15072,18457,4
15072,18462,17
15072,18463,12
15072,18464,3
15072,18472,6
15072,18473,10
15072,18474,6
15072,18481,6
15072,18482,6
15072,18492,2
15072,18495,1
15072,18499,10
15072,18500,19
15072,18501,73
15072,18502,26
15072,18503,3
15072,18527,4
15072,18548,2
15072,18589,2
15072,18590,56
15072,18598,2
15072,18599,21
15072,18600,122
15072,18601,48
15072,18602,42
15072,18603,69
15072,18604,29
15072,18605,3
15072,18606,4
15072,18607,83
15072,18608,46
15073,18255,6
15073,18257,2
15073,18269,7
15073,18270,17
15073,18271,45
15073,18272,62
15073,18273,34
15073,18274,36
15073,18275,24
15073,18276,51
15073,18282,6
15073,18283,2
15073,18306,14
15073,18307,22
15073,18308,47
15073,18309,16
15073,18318,30
15073,18321,15
15073,18338,3
15073,18343,13
15073,18359,3
15073,18360,85.5
15073,18361,11
15073,18363,16
15073,18364,19
15073,18366,7
15073,18367,6
15073,18401,16
15073,18404,12
15073,18405,15
15073,18406,70
15073,18407,21
15073,18412,19
15073,18417,47
15073,18418,128
15073,18419,95.5
15073,18426,2
15073,18427,58
15073,18428,15
15073,18430,27
15073,18431,44
15073,18435,8
15073,18457,39
15073,18458,24.5
15073,18459,8
15073,18460,5
15073,18461,41
15073,18462,17
15073,18473,7
15073,18474,17
15073,18475,22.5
15073,18483,2
15073,18501,34.5
15073,18502,13
15073,18523,2
15073,18524,2
15073,18525,2
15073,18527,14
15073,18548,1
15073,18549,6
15073,18589,14
15073,18590,42.5
15073,18591,7
15073,18599,2
15073,18600,5
15073,18601,17
15073,18602,11
15073,18603,37
15073,18604,3
15074,18269,4
15074,18270,8
15074,18271,145
15074,18272,107
15074,18273,65
15074,18274,14
15074,18275,28
15074,18276,130
15074,18277,4
15074,18305,7
15074,18306,40
15074,18307,47
15074,18308,18
15074,18309,8
15074,18318,16.5
15074,18319,48.5
15074,18320,25
15074,18321,8
15074,18341,2
15074,18342,1
15074,18343,12
15074,18344,8
15074,18358,1
15074,18359,1
15074,18360,26
15074,18361,6
15074,18364,24
15074,18365,19.5
15074,18366,12
15074,18367,5
15074,18368,7
15074,18369,7
15074,18390,5
15074,18391,38.5
15074,18392,20
15074,18393,1
15074,18394,25
15074,18395,1
15074,18398,3
15074,18400,14.5
15074,18401,29
15074,18402,2
15074,18404,2
15074,18405,24.5
15074,18406,30
15074,18407,71
15074,18412,31
15074,18417,57
15074,18418,59
15074,18419,1
15074,18427,45
15074,18428,49
15074,18429,21
15074,18430,26
15074,18431,89
15074,18432,8
15074,18443,2
15074,18451,5
15074,18456,5
15074,18457,42
15074,18458,41.5
15074,18459,33.5
15074,18460,32.5
15074,18461,2
15074,18473,1
15074,18475,4
15074,18480,1
15074,18501,7
15074,18508,6
15074,18509,11
15074,18523,3
15074,18524,5
15074,18527,10
15074,18549,2
15074,18550,3
15074,18551,1
15074,18589,11
15074,18590,31.5
15074,18591,30
15074,18592,3
15074,18602,3
15074,18603,21
15075,18270,16
15075,18271,5
15075,18272,9.5
15075,18273,34
15075,18274,55.5
15075,18275,85.5
15075,18276,150.5
15075,18277,137
15075,18305,2
15075,18306,15
15075,18307,43
15075,18308,10
15075,18318,8
15075,18320,23
15075,18321,13
15075,18342,5
15075,18343,6
15075,18356,5
15075,18358,2
15075,18359,5
15075,18360,5
15075,18363,6
15075,18364,15
15075,18366,2
15075,18367,4.5
15075,18368,4
15075,18391,10
15075,18392,33.5
15075,18393,36
15075,18394,63
15075,18395,48
15075,18399,6
15075,18400,28
15075,18401,1
15075,18407,33
15075,18408,2
15075,18416,5
15075,18417,41
15075,18418,7
15075,18428,3
15075,18429,21
15075,18430,37
15075,18431,84
15075,18432,44.5
15075,18433,66
15075,18442,2
15075,18443,2
15075,18453,2
15075,18455,5
15075,18456,13.5
15075,18457,1
15075,18459,16
15075,18475,9
15075,18476,2
15075,18496,6
15075,18497,2
15075,18508,6
15075,18519,4
15075,18541,2
15075,18590,44
15075,18591,82
15075,18592,25
15076,18269,5
15076,18270,14
15076,18274,102
15076,18275,32
15076,18276,57
15076,18277,7.5
15076,18307,2
15076,18308,2
15076,18317,4
15076,18318,26
15076,18319,12
15076,18320,22
15076,18321,16
15076,18342,5
15076,18356,19
15076,18357,2
15076,18358,10
15076,18359,9
15076,18363,9
15076,18385,3
15076,18390,2
15076,18391,39
15076,18392,7
15076,18393,1
15076,18398,1
15076,18399,170
15076,18400,3
15076,18401,7
15076,18408,54.5
15076,18414,3
15076,18415,98.5
15076,18416,21
15076,18423,17
15076,18429,4
15076,18430,50
15076,18431,33.5
15076,18432,6
15076,18433,27
15076,18434,6
15076,18435,2
15076,18438,2
15076,18441,5
15076,18442,25
15076,18443,13
15076,18445,2
15076,18446,9
15076,18447,12
15076,18448,39
15076,18449,3
15076,18452,23
15076,18453,25
15076,18454,6
15076,18455,20
15076,18456,5
15076,18457,3
15076,18475,4
15076,18476,9
15076,18477,4
15076,18496,3
15076,18517,8
15076,18518,20
15076,18519,9
15076,18551,3
15076,18589,3
15076,18590,12
15077,18317,2
15077,18318,31.5
15077,18319,7
15077,18320,26
15077,18321,16
15077,18339,2
15077,18357,4
15077,18359,3
15077,18390,22
15077,18391,37
15077,18392,10
15077,18397,26
15077,18398,24.5
15077,18399,41
15077,18401,9
15077,18407,13
15077,18413,4
15077,18414,38
15077,18415,11
15077,18419,2
15077,18422,3
15077,18423,29
15077,18424,7
15077,18429,21
15077,18430,9
15077,18441,1
15077,18442,15
15077,18443,24.5
15077,18444,33
15077,18445,45
15077,18446,96
15077,18447,71
15077,18448,37.5
15077,18451,20
15077,18452,13
15077,18453,20
15077,18454,36
15077,18455,10
15077,18462,1
15077,18469,4
15077,18516,5
15077,18517,15
15077,18518,14
15077,18590,2
15078,18317,5
15078,18318,25
15078,18319,15
15078,18333,3
15078,18334,38.5
15078,18335,5
15078,18336,18
15078,18351,9
15078,18352,3
15078,18378,1
15078,18387,2
15078,18390,6
15078,18391,2
15078,18392,10
15078,18398,12
15078,18399,44.5
15078,18401,8
15078,18407,9
15078,18408,53
15078,18410,297
15078,18412,3
15078,18413,23
15078,18414,16
15078,18415,73
15078,18416,17
15078,18420,4
15078,18421,24.5
15078,18422,38
15078,18423,5
15078,18428,6
15078,18444,20
15078,18445,39.5
15078,18446,6
15078,18447,16
15078,18448,52
15078,18463,1
15078,18464,12
15078,18465,8
15078,18497,2
15078,18515,2
15078,18517,2
15078,18518,2
15078,18552,2
15079,18317,10
15079,18318,14
15079,18319,2
15079,18334,36
15079,18335,12
15079,18336,15
15079,18339,4
15079,18340,5
15079,18351,39
15079,18352,32
15079,18377,5
15079,18385,4
15079,18386,17.5
15079,18387,6
15079,18388,16
15079,18389,12
15079,18390,2
15079,18392,9
15079,18393,7
15079,18394,9
15079,18399,8
15079,18400,64
15079,18401,43.5
15079,18402,16
15079,18403,7
15079,18405,9.5
15079,18406,24
15079,18407,39
15079,18408,46
15079,18409,160
15079,18410,689.5
15079,18411,338
15079,18412,17
15079,18413,61
15079,18414,3.5
15079,18415,94
15079,18416,21
15079,18420,10
15079,18421,64.5
15079,18427,5
15079,18428,19
15079,18549,1
15079,18550,9
15079,18551,2
15079,18577,4
15079,18578,33
15079,18579,6
15080,18333,9
15080,18334,28
15080,18335,4
15080,18351,35
15080,18352,8
15080,18356,1
15080,18376,1
15080,18377,6
15080,18382,10
15080,18383,5
15080,18384,11
15080,18385,9
15080,18386,9
15080,18387,8
15080,18388,48
15080,18389,10
15080,18398,2
15080,18399,11
15080,18400,74
15080,18401,49
15080,18402,13
15080,18403,109.5
15080,18404,546
15080,18406,2
15080,18407,2
15080,18409,40
15080,18410,7
15080,18411,6
15080,18412,520
15080,18413,11
15080,18414,1
15080,18419,15
15080,18420,10
15080,18421,15
15080,18422,6
15080,18423,10
15080,18424,9
15080,18427,12
15080,18428,10
15080,18521,2
15080,18546,1
15080,18548,17
15080,18549,10
15080,18550,7
15080,18578,17
15080,18593,1
15080,18594,34
15080,18595,34
15080,18596,16.5
15081,18332,2
15081,18334,6
15081,18335,3
15081,18349,7
15081,18350,4
15081,18351,33
15081,18352,37
15081,18353,7
15081,18355,4
15081,18359,6
15081,18367,6
15081,18368,2
15081,18378,6
15081,18381,8
15081,18382,3
15081,18383,8
15081,18384,9
15081,18385,15
15081,18386,10
15081,18387,13
15081,18388,37.5
15081,18399,18
15081,18400,89.5
15081,18401,44.5
15081,18403,73.5
15081,18404,43
15081,18405,168
15081,18406,435.5
15081,18407,114
15081,18411,61
15081,18412,13
15081,18418,7
15081,18419,26
15081,18421,15
15081,18422,59
15081,18423,22
15081,18424,69.5
15081,18426,1
15081,18427,7
15081,18453,2
15081,18490,10
15081,18512,1
15081,18513,4
15081,18520,7
15081,18521,12
15081,18542,6
15081,18543,1
15081,18548,7
15081,18549,1
15081,18578,17
15081,18593,21
15081,18594,46.5
15081,18595,70
15081,18596,40
15082,18334,2
15082,18349,4
15082,18350,1
15082,18351,23
15082,18352,28
15082,18353,5
15082,18354,7
15082,18356,2
15082,18366,3
15082,18367,6
15082,18375,1
15082,18376,1
15082,18378,17
15082,18379,57.5
15082,18380,18
15082,18381,25
15082,18382,10
15082,18383,6
15082,18384,8
15082,18385,4
15082,18386,4
15082,18387,8
15082,18388,18
15082,18389,17
15082,18396,2
15082,18399,3
15082,18403,36
15082,18404,195
15082,18405,198
15082,18406,229.5
15082,18407,29
15082,18408,6
15082,18411,37
15082,18417,8
15082,18418,78.5
15082,18419,2
15082,18421,7.5
15082,18422,23
15082,18423,4
15082,18424,7
15082,18425,13.5
15082,18426,12.5
15082,18427,2
15082,18446,12
15082,18453,8
15082,18454,5
15082,18474,3
15082,18489,6
15082,18490,35.5
15082,18491,4
15082,18512,11
15082,18513,2
15082,18520,2
15082,18544,4
15082,18578,19.5
15082,18579,5
15082,18595,10
15083,18351,15
15083,18352,13
15083,18353,2
15083,18354,19
15083,18355,13
15083,18356,1
15083,18360,4
15083,18361,2
15083,18364,12
15083,18366,3
15083,18375,13
15083,18376,18
15083,18377,10
15083,18378,30
15083,18379,14
15083,18380,30
15083,18381,18
15083,18382,19
15083,18383,3
15083,18385,6
15083,18388,17.5
15083,18389,41.5
15083,18390,14
15083,18391,6
15083,18395,16.5
15083,18403,97
15083,18404,160
15083,18405,174
15083,18406,206.5
15083,18407,39
15083,18408,69
15083,18409,23
15083,18410,46
15083,18411,93
15083,18412,9
15083,18416,7
15083,18417,18
15083,18418,5
15083,18425,10
15083,18426,37.5
15083,18433,2
15083,18435,2
15083,18436,18
15083,18437,1
15083,18445,21
15083,18446,2
15083,18447,3
15083,18453,10
15083,18454,19.5
15083,18463,4
15083,18479,4
15083,18480,2
15083,18481,12.5
15083,18487,3
15083,18488,1
15083,18489,37
15083,18490,14
15083,18491,5
15083,18542,4
15083,18543,9
15083,18544,31
15083,18545,7
15083,18578,4
15083,18579,17
15083,18592,5
15083,18593,4
15083,18594,2
15084,18351,26.5
15084,18352,17
15084,18353,20
15084,18354,9
15084,18355,10
15084,18358,1
15084,18360,4
15084,18361,25
15084,18362,6
15084,18363,27
15084,18364,13
15084,18372,4
15084,18373,4
15084,18375,11
15084,18376,10
15084,18377,23
15084,18378,45
15084,18379,20
15084,18380,8
15084,18382,3
15084,18389,16
15084,18390,15
15084,18391,2
15084,18392,10
15084,18393,4
15084,18394,24
15084,18395,4
15084,18403,135
15084,18404,230
15084,18405,31
15084,18406,66
15084,18407,457.5
15084,18408,117
15084,18409,131
15084,18410,134
15084,18411,69
15084,18412,57
15084,18415,2
15084,18416,13
15084,18417,4
15084,18421,1
15084,18432,15
15084,18433,64
15084,18434,139
15084,18435,59
15084,18436,35
15084,18437,2
15084,18444,12
15084,18445,22
15084,18446,2
15084,18453,17
15084,18454,30
15084,18455,4
15084,18476,4
15084,18480,37
15084,18481,22.5
15084,18482,2
15084,18486,7
15084,18487,37
15084,18488,28
15084,18489,18
15084,18490,14
15084,18542,1
15084,18543,23
15084,18544,21
15084,18545,11
15084,18570,4
15084,18576,3
15084,18579,27.5
15084,18592,72
15084,18593,52
15084,18594,12
15085,18351,14
15085,18352,18
15085,18353,21
15085,18354,31
15085,18355,1
15085,18358,1
15085,18361,13
15085,18362,18
15085,18363,33
15085,18364,1
15085,18366,23
15085,18368,1
15085,18369,2
15085,18370,4
15085,18371,35
15085,18372,15
15085,18373,4
15085,18374,42
15085,18375,14
15085,18376,11
15085,18377,35
15085,18378,38
15085,18379,13
15085,18380,5
15085,18384,1
15085,18387,2
15085,18391,3
15085,18392,22
15085,18393,29
15085,18394,11
15085,18403,107
15085,18404,170
15085,18405,334
15085,18406,205.5
15085,18407,258.5
15085,18408,209.5
15085,18409,121
15085,18410,242.5
15085,18411,6
15085,18412,11
15085,18418,4
15085,18419,2
15085,18420,25.5
15085,18421,5
15085,18431,60
15085,18432,45
15085,18433,70
15085,18434,40
15085,18435,47
15085,18453,2
15085,18454,13
15085,18455,39
15085,18456,25
15085,18469,2
15085,18472,3
15085,18481,60
15085,18482,19
15085,18483,27
15085,18484,9
15085,18495,1
15085,18497,3
15085,18543,9
15085,18544,6
15085,18545,10
15085,18556,4
15085,18571,2
15085,18573,2
15085,18576,11
15085,18577,23
15085,18578,2
15085,18579,9
15085,18580,8
15085,18591,9
15085,18592,50.5
15085,18593,37.5
15086,18358,14
15086,18361,2
15086,18362,19
15086,18363,1
15086,18365,18
15086,18366,39.5
15086,18367,7
15086,18369,15
15086,18370,3
15086,18371,32
15086,18372,28
15086,18373,6
15086,18374,1
15086,18375,4
15086,18376,6
15086,18377,2
15086,18378,5
15086,18379,8
15086,18380,2
15086,18385,2
15086,18391,14
15086,18392,36
15086,18393,17
15086,18403,40.5
15086,18404,165
15086,18405,93
15086,18406,174
15086,18407,255
15086,18408,296.5
15086,18409,125
15086,18410,74
15086,18412,33
15086,18415,1
15086,18416,182.5
15086,18417,21
15086,18418,120
15086,18419,71
15086,18420,68
15086,18421,3
15086,18431,15
15086,18433,22
15086,18434,45
15086,18435,5
15086,18436,8
15086,18456,21
15086,18457,39
15086,18469,6
15086,18481,21
15086,18482,37
15086,18483,9
15086,18484,27
15086,18485,1
15086,18495,2
15086,18496,29
15086,18497,12.5
15086,18499,5.5
15086,18516,1
15086,18517,14
15086,18518,13
15086,18576,2
15086,18577,3
15086,18578,9
15086,18580,18
15086,18591,8
15086,18592,22
15086,18593,3
15086,18594,5
15087,18358,2
15087,18361,20
15087,18362,11
15087,18366,9
15087,18367,7
15087,18368,9
15087,18369,5
15087,18371,5
15087,18372,1
15087,18374,1
15087,18386,2
15087,18388,1
15087,18390,4
15087,18391,24
15087,18392,35
15087,18393,5
15087,18395,2
15087,18396,15
15087,18397,4
15087,18402,29.5
15087,18403,57
15087,18404,121
15087,18405,112
15087,18406,156.5
15087,18407,70
15087,18408,205.5
15087,18409,262
15087,18410,121
15087,18412,84.5
15087,18413,2
15087,18414,7
15087,18415,7
15087,18416,384.5
15087,18417,114
15087,18418,65
15087,18419,86
15087,18420,69
15087,18421,68
15087,18423,2
15087,18424,3
15087,18433,58
15087,18434,28
15087,18458,4
15087,18459,4
15087,18468,6
15087,18469,11
15087,18481,4
15087,18497,26
15087,18498,10
15087,18499,10
15087,18510,4
15087,18568,17
15087,18580,29
15087,18581,8
15087,18591,19
15087,18592,1
15088,18361,6
15088,18362,9
15088,18367,1
15088,18368,14
15088,18371,2
15088,18372,2
15088,18374,3
15088,18375,2
15088,18379,4
15088,18392,1
15088,18393,10
15088,18394,14
15088,18395,21
15088,18396,17
15088,18399,5
15088,18402,80.5
15088,18403,71
15088,18404,63
15088,18405,106
15088,18406,128
15088,18407,66
15088,18408,263
15088,18409,356.5
15088,18410,109
15088,18415,199.5
15088,18416,96
15088,18417,167.5
15088,18418,164
15088,18419,96
15088,18420,106
15088,18421,80
15088,18422,20
15088,18423,1
15088,18433,19
15088,18434,42.5
15088,18468,16
15088,18469,9
15088,18497,2
15088,18510,19
15088,18525,1
15088,18567,22.5
15088,18568,49.5
15088,18569,10
15088,18580,29
15088,18581,21.5
15088,18582,3
15088,18583,8
15088,18584,3
15089,18370,2
15089,18372,2
15089,18401,6
15089,18402,86.5
15089,18404,7
15089,18405,52
15089,18406,93
15089,18407,184.5
15089,18408,348
15089,18409,123.5
15089,18410,119
15089,18411,121
15089,18414,42
15089,18415,100
15089,18416,133
15089,18417,115.5
15089,18418,123
15089,18419,129.5
15089,18420,121.5
15089,18421,49.5
15089,18422,52
15089,18423,29
15089,18424,21
15089,18426,3
15089,18450,2
15089,18467,41
15089,18468,20
15089,18469,33.5
15089,18470,1
15089,18492,1
15089,18499,7
15089,18500,34
15089,18501,2
15089,18503,8
15089,18510,15
15089,18526,4
15089,18537,2
15089,18552,10
15089,18565,2
15089,18566,25
15089,18567,39
15089,18568,43
15089,18569,23
15089,18570,3
15089,18582,17
15090,18367,4
15090,18371,2
15090,18372,9
15090,18402,7
15090,18404,6
15090,18405,29
15090,18406,69
15090,18407,43.5
15090,18408,355
15090,18409,527.5
15090,18410,637.5
15090,18411,116
15090,18412,94.5
15090,18413,86
15090,18414,175.5
15090,18415,136.5
15090,18416,160.5
15090,18417,208.5
15090,18418,287.5
15090,18419,310.5
15090,18420,256
15090,18421,54
15090,18422,86
15090,18423,4
15090,18448,4
15090,18449,21
15090,18450,5
15090,18452,7
15090,18466,14
15090,18467,32
15090,18469,15
15090,18470,38
15090,18471,11
15090,18472,6
15090,18473,6
15090,18474,7
15090,18493,17
15090,18500,37
15090,18501,20
15090,18502,15
15090,18503,21
15090,18510,2
15090,18533,13
15090,18534,4
15090,18552,20
15090,18553,9
15090,18554,33
15090,18555,11
15090,18565,1
15090,18566,25
15090,18567,53.5
15090,18568,24
15090,18569,32
15090,18570,42
15090,18582,2
15090,18583,13
15091,18368,1
15091,18369,1
15091,18371,4
15091,18406,13
15091,18407,21
15091,18409,322.5
15091,18410,467.5
15091,18411,59
15091,18412,63
15091,18413,339
15091,18414,264.5
15091,18415,126
15091,18416,102.5
15091,18417,175.5
15091,18418,354
15091,18419,770
15091,18420,46
15091,18421,55.5
15091,18422,25
15091,18448,41
15091,18449,22
15091,18450,35
15091,18453,1
15091,18457,3
15091,18458,3
15091,18466,41
15091,18467,11
15091,18470,2
15091,18471,27
15091,18472,39
15091,18473,60
15091,18474,25
15091,18491,16
15091,18492,4
15091,18493,1
15091,18500,2
15091,18501,6
15091,18502,15
15091,18533,24
15091,18534,15
15091,18535,21
15091,18552,2
15091,18553,38
15091,18554,34
15091,18555,19
15091,18556,3
15091,18565,3
15091,18566,5
15091,18567,6
15091,18570,10
15091,18571,14
15091,18584,7
15092,18410,16
15092,18411,381.5
15092,18412,263
15092,18413,63
15092,18414,150
15092,18415,146
15092,18416,176.5
15092,18417,493.5
15092,18418,346.5
15092,18419,160
15092,18420,480.5
15092,18421,255
15092,18422,92
15092,18426,6
15092,18448,49
15092,18449,60
15092,18450,70
15092,18451,23
15092,18452,13.5
15092,18458,14
15092,18459,7
15092,18466,12.5
15092,18467,5
15092,18472,1
15092,18473,15
15092,18474,29
15092,18475,33
15092,18476,13
15092,18477,10
15092,18478,7
15092,18491,3
15092,18492,10
15092,18493,8
15092,18502,24
15092,18533,4
15092,18534,27.5
15092,18535,42
15092,18536,5
15092,18552,35
15092,18553,6
15092,18555,9
15093,18412,217
15093,18413,99.5
15093,18414,77.5
15093,18415,115
15093,18416,119
15093,18417,80
15093,18418,139
15093,18419,99
15093,18420,249
15093,18421,41
15093,18424,4
15093,18427,9
15093,18439,1
15093,18448,19.5
15093,18449,20
15093,18450,50
15093,18451,63
15093,18452,23
15093,18458,3
15093,18465,1
15093,18475,20
15093,18476,50
15093,18477,67.5
15093,18478,8
15093,18479,2
15093,18480,4
15093,18493,14
15093,18494,9
15093,18501,3.5
15093,18502,12
15093,18534,9
15093,18551,9
15093,18552,8
15093,18580,1
15094,18415,5
15094,18416,16
15094,18417,28
15094,18418,42
15094,18419,48
15094,18420,35
15094,18421,23
15094,18422,36
15094,18423,38
15094,18424,27
15094,18425,15
15094,18426,29
15094,18427,42
15094,18433,2
15094,18436,11
15094,18437,20
15094,18438,25
15094,18439,59
15094,18449,7
15094,18450,30
15094,18451,25
15094,18452,45
15094,18477,5
15094,18478,14.5
15094,18479,15
15094,18480,11
15094,18481,8
15094,18493,1
15094,18494,15
15094,18495,3
15094,18502,10.5
15094,18527,1
15094,18528,10
15094,18551,12
15094,18580,2
15095,18421,6
15095,18422,31.5
15095,18423,46
15095,18424,60
15095,18425,55
15095,18426,36
15095,18427,36.5
15095,18428,35
15095,18429,5
15095,18432,13
15095,18433,51
15095,18434,72
15095,18435,27
15095,18436,68
15095,18437,45
15095,18438,34
15095,18439,9
15095,18451,1
15095,18480,29.5
15095,18481,8
15095,18494,10
15095,18495,2
15095,18504,10
15095,18526,32
15095,18527,22
15095,18528,9
15095,18542,5
15095,18587,6
15095,18588,17
15095,18589,8
15096,18422,11
15096,18423,4
15096,18424,8
15096,18429,2
15096,18432,2
15096,18433,11
15096,18434,12
15096,18435,60
15096,18436,71
15096,18437,35
15096,18479,2
15096,18480,15
15096,18494,1
15096,18497,1
15096,18498,6
15096,18504,10
15096,18505,5
15096,18525,9
15096,18526,12
15096,18527,13
15096,18546,12
15096,18561,4
15096,18562,9
15096,18563,7
15096,18587,6
15096,18588,23
15096,18589,8
15097,18435,10
15097,18436,43
15097,18437,31
15097,18440,33
15097,18441,10
15097,18449,1
15097,18497,2
15097,18503,2
15097,18504,11.5
15097,18510,4
15097,18511,7
15097,18525,9
15097,18526,4
15097,18528,1
15097,18543,2
15097,18545,8
15097,18546,30
15097,18547,38
15097,18548,3
15097,18561,16
15097,18562,14
15097,18587,25
15097,18588,11.5
15097,18589,1
15098,18437,1
15098,18439,9
15098,18440,102.5
15098,18441,61
15098,18442,2
15098,18443,105
15098,18444,63.5
15098,18451,36
15098,18452,20.5
15098,18462,1
15098,18527,4
15098,18528,1
15098,18544,21
15098,18545,11
15098,18546,31
15098,18547,2
15098,18560,7
15098,18561,23
15098,18562,8
15098,18587,10
15099,18439,35
15099,18440,51
15099,18441,59.5
15099,18442,57.5
15099,18443,45
15099,18444,82
15099,18451,64
15099,18452,11
15099,18461,12
15099,18462,16
15099,18463,105
15099,18464,57
15099,18465,1
15099,18466,6
15099,18467,2
15099,18493,3
15099,18522,2
15099,18527,13
15099,18544,52
15099,18545,16
15099,18560,17
15099,18562,4
15099,18584,1.5
15099,18586,3
15100,18440,2
15100,18441,43
15100,18442,39
15100,18443,87
15100,18444,11.5
15100,18450,6
15100,18451,61.5
15100,18452,26
15100,18462,27
15100,18463,49
15100,18464,14
15100,18465,23
15100,18466,4
15100,18493,12
15100,18542,15
15100,18543,38
15100,18544,24
15100,18559,13
15100,18560,30
15100,18561,17
15100,18562,27
15100,18568,1
15100,18573,4
15100,18580,4
15100,18582,3
15101,18441,16
15101,18442,39
15101,18443,30
15101,18450,2
15101,18451,53
15101,18452,27.5
15101,18462,6
15101,18463,21
15101,18464,36
15101,18465,11
15101,18489,23.5
15101,18490,43
15101,18492,9
15101,18493,24.5
15101,18508,15
15101,18509,3
15101,18521,2
15101,18522,1
15101,18541,3
15101,18542,29
15101,18543,19
15101,18544,33
15101,18558,5
15101,18559,26
15101,18560,5
15101,18573,8
15101,18574,23
15101,18575,16
15101,18576,9
15101,18580,8
15101,18581,2
15101,18582,2
15101,18583,6
15101,18584,2
15102,18443,3
15102,18450,1
15102,18451,48
15102,18452,41
15102,18453,26
15102,18454,23.5
15102,18462,19
15102,18463,15
15102,18464,26
15102,18479,8.5
15102,18489,9
15102,18490,44
15102,18491,6
15102,18492,5
15102,18493,44.5
15102,18507,19
15102,18508,4
15102,18521,2
15102,18542,24
15102,18543,52
15102,18544,31
15102,18558,1
15102,18573,2
15102,18574,1
15102,18575,8
15102,18576,17
15102,18577,13
15102,18579,19
15102,18580,10
15102,18581,66.5
15102,18582,30
15102,18583,7
15103,18450,9
15103,18451,46
15103,18452,74.5
15103,18453,100
15103,18454,103.5
15103,18461,24
15103,18462,44.5
15103,18464,33
15103,18465,6
15103,18479,92
15103,18480,3
15103,18490,3
15103,18491,29.5
15103,18492,4
15103,18493,37
15103,18506,4
15103,18507,24.5
15103,18520,2
15103,18542,51
15103,18543,67
15103,18544,22
15103,18578,10
15103,18580,5
15103,18581,10
15103,18582,4
15104,18450,26.5
15104,18451,55.5
15104,18452,61
15104,18453,44
15104,18454,52
15104,18463,21
15104,18464,4
15104,18465,4
15104,18478,32.5
15104,18479,17
15104,18480,20
15104,18481,6
15104,18491,4
15104,18492,25
15104,18493,13
15104,18506,9
15104,18507,21
15104,18520,2
15104,18540,10
15104,18541,36
15104,18542,29
15104,18543,103.5
15104,18578,51.5
15104,18579,39.5
15104,18580,10
15104,18581,8
15105,18450,14
15105,18451,69
15105,18452,43
15105,18453,40
15105,18454,3
15105,18462,8
15105,18463,86.5
15105,18464,8
15105,18478,4
15105,18479,1
15105,18481,13
15105,18482,7
15105,18492,8.5
15105,18493,38
15105,18494,9
15105,18507,10
15105,18508,1
15105,18520,9
15105,18535,5
15105,18543,7
15105,18546,11
15105,18577,4
15105,18578,57
15105,18579,81
15105,18581,65.5
15106,18450,3
15106,18451,14
15106,18452,46.5
15106,18453,30
15106,18454,26
15106,18459,10
15106,18462,16
15106,18463,54
15106,18464,16
15106,18480,2
15106,18481,4
15106,18482,6
15106,18483,11.5
15106,18493,1
15106,18494,13
15106,18495,11.5
15106,18507,9
15106,18508,5
15106,18518,1
15106,18535,12
15106,18544,4
15106,18545,2
15106,18546,2
15106,18566,2
15106,18567,2
15106,18576,3
15106,18577,45
15106,18578,60.5
15106,18579,22
15107,18453,14
15107,18454,51
15107,18455,37
15107,18456,16
15107,18457,17
15107,18458,13
15107,18459,25
15107,18460,7
15107,18461,16
15107,18462,26
15107,18463,44
15107,18483,7.5
15107,18495,12
15107,18507,1
15107,18508,29
15107,18509,5
15107,18517,26
15107,18518,22
15107,18519,4
15107,18533,8
15107,18534,14
15107,18535,7
15107,18562,6
15107,18567,2
15107,18576,2
15107,18577,14
15107,18578,1
15108,18453,5
15108,18454,28.5
15108,18455,19
15108,18456,51.5
15108,18457,59
15108,18458,27
15108,18459,19
15108,18460,17
15108,18461,45
15108,18462,67
15108,18508,17
15108,18509,12
15108,18516,3
15108,18517,6
15108,18519,4
15108,18531,11
15108,18532,27
15108,18533,1
15108,18535,7
15108,18562,1
15108,18573,3
15109,18455,5
15109,18456,19.5
15109,18457,7
15109,18461,14
15109,18509,25
15109,18515,11
15109,18531,9
15109,18532,19
15109,18533,3
15110,18468,17
15110,18475,8
15110,18476,1
15110,18478,11
15110,18489,17
15110,18509,24
15110,18510,20
15110,18511,3
15110,18515,17.5
15110,18517,4
15110,18532,26
15110,18533,8
15110,18549,16
15110,18574,3
15111,18467,4
15111,18468,21
15111,18470,5
15111,18475,17
15111,18476,7
15111,18477,20.5
15111,18478,26
15111,18488,1
15111,18489,33
15111,18490,9
15111,18499,15
15111,18510,23.5
15111,18511,33
15111,18512,3
15111,18514,8
15111,18517,7
15111,18521,15
15111,18532,2
15111,18533,22
15111,18534,7
15111,18547,3
15111,18549,32.5
15111,18552,6
15111,18573,3
15111,18574,4
15112,18467,11
15112,18468,9
15112,18469,4
15112,18470,36
15112,18473,4
15112,18474,16
15112,18475,5
15112,18476,21
15112,18477,29
15112,18478,6
15112,18487,15
15112,18488,32
15112,18489,11
15112,18490,35.5
15112,18500,3
15112,18514,12.5
15112,18517,13
15112,18520,5
15112,18521,25
15112,18522,6
15112,18533,10
15112,18534,24
15112,18545,37
15112,18546,18
15112,18547,34
15112,18548,26
15112,18549,59.5
15112,18550,35
15112,18551,40
15112,18552,16
15112,18573,19
15113,18466,2
15113,18467,14
15113,18468,31
15113,18469,43
15113,18470,21
15113,18473,38
15113,18474,29
15113,18475,51
15113,18476,53.5
15113,18477,30
15113,18478,48
15113,18479,4
15113,18487,4
15113,18488,37.5
15113,18489,14
15113,18490,14
15113,18491,6
15113,18500,10
15113,18511,4
15113,18523,4
15113,18534,1
15113,18546,53.5
15113,18547,24
15113,18548,13
15113,18549,38
15113,18551,9
15113,18552,3
15113,18572,25
15113,18573,22
15114,18467,4
15114,18468,2
15114,18469,19
15114,18470,50.5
15114,18471,56
15114,18472,5
15114,18473,35
15114,18474,51
15114,18475,62.5
15114,18476,64.5
15114,18477,39
15114,18478,16
15114,18479,13
15114,18490,32
15114,18491,35
15114,18500,7
15114,18501,5
15114,18512,2
15114,18514,5
15114,18515,2
15114,18546,12
15114,18547,3
15114,18548,46
15114,18549,18
15114,18551,1
15114,18566,12
15114,18570,2
15114,18571,24.5
15114,18572,11
15115,18469,135
15115,18474,5
15115,18475,20
15115,18476,36
15115,18477,34.5
15115,18490,18
15115,18491,10
15115,18500,2
15115,18501,1.5
15115,18513,26
15115,18548,4
15115,18549,4
15115,18564,5
15115,18565,3
15115,18566,5
15115,18571,5
15115,18573,4
15116,18476,10
15116,18477,10
15116,18490,2
15116,18491,32
15116,18492,12
15116,18508,15
15116,18509,4
15116,18513,20
15116,18561,22
15116,18562,12
15116,18569,2
15117,18491,10
15117,18492,30.5
15117,18493,4
15117,18507,2
15117,18508,1
15117,18542,10
15117,18543,14
15117,18561,25.5
15117,18562,22
15117,18568,9
15118,18506,5
15118,18507,17.5
15118,18542,2
15118,18543,20
15118,18546,1
15118,18561,16
15118,18562,69
15118,18563,31
15118,18568,5
15118,18570,1
15118,18572,1
15119,18506,17
15119,18507,11
15119,18508,6
15119,18529,2
15119,18542,2
15119,18543,21
15119,18544,8
15119,18562,17
15119,18563,51
15119,18564,52
15119,18567,16
15120,18504,2
15120,18505,21
15120,18506,25.5
15120,18507,6
15120,18508,8
15120,18529,20
15120,18533,2
15120,18534,21
15120,18535,11
15120,18542,17
15120,18543,48.5
15120,18544,9.5
15120,18563,64
15120,18564,36
15120,18566,17.5
15120,18567,28
15121,18502,11
15121,18503,5
15121,18504,23
15121,18505,5
15121,18527,19
15121,18529,13
15121,18533,7
15121,18534,7
15121,18535,6
15121,18541,22
15121,18542,15
15121,18543,16.5
15121,18544,19
15121,18563,10
15121,18564,92.5
15121,18565,13
15121,18566,16
15121,18569,4
15121,18570,12
15122,18478,5
15122,18479,3
15122,18488,4
15122,18502,5
15122,18503,5
15122,18504,2
15122,18519,2
15122,18520,10
15122,18527,21
15122,18528,10
15122,18529,9
15122,18537,23
15122,18538,22.5
15122,18540,7
15122,18543,3
15122,18544,22
15122,18545,6
15122,18547,2
15122,18548,13
15122,18549,4
15122,18564,41
15122,18565,63
15122,18566,27.5
15122,18568,2
15123,18487,4
15123,18488,14
15123,18489,47
15123,18490,8
15123,18501,2
15123,18520,28.5
15123,18521,7
15123,18522,3
15123,18526,5
15123,18527,34
15123,18528,57
15123,18529,31.5
15123,18536,8
15123,18537,32.5
15123,18538,15
15123,18545,23
15123,18546,5
15123,18547,50
15123,18548,12
15123,18563,2
15123,18564,117.5
15123,18565,40
15123,18566,12.5
15123,18567,8
15124,18488,53
15124,18489,35
15124,18490,4
15124,18521,33
15124,18522,8
15124,18523,31
15124,18524,1
15124,18526,2
15124,18527,42
15124,18528,55
15124,18529,28
15124,18534,4
15124,18535,2
15124,18536,43
15124,18537,5
15124,18545,4
15124,18546,32
15124,18547,49
15124,18548,12
15124,18562,14
15124,18563,10
15124,18566,11
15124,18567,27
15125,18488,16.5
15125,18489,21
15125,18490,7
15125,18501,2
15125,18520,3
15125,18521,5
15125,18522,31
15125,18523,14
15125,18527,6
15125,18528,24
15125,18534,61
15125,18535,31.5
15125,18536,25
15125,18545,21
15125,18546,38
15125,18547,5
15125,18548,28
15125,18549,1
15125,18550,5
15125,18551,10
15125,18552,5
15125,18561,12
15125,18562,27
15125,18563,3
15126,18488,4
15126,18489,9
15126,18501,4
15126,18521,4
15126,18523,6.5
15126,18535,15
15126,18536,7
15126,18545,11
15126,18546,14
15126,18547,38
15126,18548,41
15126,18549,7
15126,18550,51
15126,18551,15.5
15126,18561,30
15127,18488,7
15127,18489,19
15127,18497,1
15127,18501,5.5
15127,18544,14
15127,18547,38
15127,18548,66.5
15127,18549,29
15127,18550,8
15127,18562,35
15128,18487,9
15128,18488,28
15128,18489,14
15128,18494,4
15128,18495,4
15128,18497,13
15128,18498,5
15128,18500,36
15128,18501,42
15128,18502,15
15128,18544,6
15128,18546,7
15128,18547,36
15128,18548,38.5
15128,18559,5
15128,18561,10
15129,18487,7
15129,18488,11
15129,18495,20.5
15129,18496,19
15129,18497,13
15129,18498,46
15129,18499,40.5
15129,18500,82
15129,18501,45
15129,18502,45
15129,18503,9
15129,18529,1
15129,18534,5
15129,18546,33
15129,18547,20
15129,18548,5
15129,18557,12
15130,18498,37
15130,18499,94
15130,18500,82
15130,18501,99.5
15130,18502,34.5
15130,18538,6
15130,18545,1
15130,18546,5
15130,18548,3
15130,18557,1
15130,18558,2.5
15131,18499,4
15131,18500,56
15131,18501,29
15131,18502,43
15131,18526,17
15131,18546,7
15131,18555,3
15131,18557,2
15131,18558,8
15132,18499,14
15132,18500,19
15132,18501,4
15132,18502,33
15132,18503,12
15132,18526,13
15132,18527,11
15132,18553,5
15132,18557,2
15132,18558,8
15133,18499,1
15133,18500,12
15133,18501,27.5
15133,18502,32
15133,18503,23
15133,18504,3
15133,18515,16.5
15133,18527,46
15133,18528,16
15133,18529,5
15133,18542,3
15133,18546,6
15133,18553,1
15133,18554,11
15133,18557,11
15134,18499,17
15134,18500,24
15134,18501,17
15134,18502,26
15134,18503,27
15134,18514,5
15134,18515,8.5
15134,18526,10
15134,18527,27.5
15134,18528,32
15134,18529,19
15134,18530,19.5
15134,18546,2
15134,18552,13
15134,18553,5
15134,18554,6
15134,18557,1
15135,18499,2.5
15135,18501,7
15135,18502,49.5
15135,18503,32
15135,18504,31
15135,18514,14.5
15135,18515,7
15135,18524,46
15135,18525,39.5
15135,18526,41
15135,18527,32
15135,18528,72.5
15135,18529,1
15135,18530,4
15135,18550,3
15135,18551,8
15136,18501,11
15136,18502,31
15136,18503,24
15136,18504,37
15136,18513,1
15136,18514,2
15136,18524,16
15136,18525,23
15136,18526,43
15136,18527,31
15136,18528,17
15136,18529,71
15136,18530,29
15136,18531,4.5
15136,18549,30.5
15136,18550,14
15137,18499,4
15137,18501,10
15137,18502,28
15137,18503,24
15137,18504,2
15137,18519,31
15137,18520,30.5
15137,18524,2
15137,18528,8
15137,18529,90
15137,18530,51
15137,18531,10
15137,18534,6
15137,18535,9
15137,18543,6
15137,18544,12
15137,18547,7
15137,18548,16
15137,18549,6
15138,18499,6
15138,18502,30.5
15138,18503,29
15138,18504,6
15138,18519,115.5
15138,18520,74.5
15138,18521,38.5
15138,18522,3
15138,18527,2
15138,18529,10
15138,18530,44
15138,18535,2
15138,18540,13
15138,18542,71.5
15138,18543,12
15138,18544,13
15138,18546,20
15138,18547,58
15138,18548,7
15138,18551,12
15139,18499,2
15139,18502,30
15139,18503,37
15139,18504,32
15139,18505,16.5
15139,18506,2
15139,18518,4
15139,18519,16
15139,18520,21
15139,18527,34
15139,18528,8
15139,18529,37
15139,18530,26
15139,18531,6
15139,18536,10
15139,18537,76
15139,18538,49
15139,18539,10
15139,18540,63
15139,18542,57.5
15139,18543,14
15139,18544,18
15139,18545,18
15139,18546,43
15139,18547,18
15139,18548,46.5
15139,18549,2
15139,18551,7
15140,18501,17
15140,18502,63.5
15140,18503,27
15140,18504,56
15140,18505,42.5
15140,18516,12
15140,18518,34
15140,18519,30
15140,18520,2
15140,18527,34
15140,18528,24
15140,18533,8
15140,18536,96
15140,18537,117
15140,18538,117
15140,18539,108
15140,18540,34
15140,18542,33.5
15140,18543,25
15140,18544,16
15140,18546,18
15140,18547,2
15140,18548,19
15140,18549,39
15140,18551,33
15140,18552,8.5
15141,18502,5
15141,18503,25
15141,18504,34
15141,18505,63
15141,18506,15
15141,18510,2
15141,18511,25
15141,18512,13
15141,18513,2
15141,18516,53
15141,18517,78
15141,18518,10
15141,18519,47
15141,18527,20
15141,18528,3
15141,18533,70.5
15141,18534,70
15141,18535,84
15141,18536,87.5
15141,18537,212
15141,18538,229
15141,18539,119.5
15141,18540,163.5
15141,18541,95.5
15141,18542,56
15141,18543,55.5
15141,18545,6
15141,18547,2
15141,18548,6
15141,18549,22
15141,18550,37.5
15141,18551,2
15142,18504,24
15142,18505,48.5
15142,18506,49
15142,18507,5
15142,18508,16
15142,18509,9
15142,18510,9
15142,18511,7
15142,18516,8
15142,18517,21
15142,18518,3
15142,18519,11
15142,18520,13
15142,18533,7
15142,18534,77
15142,18535,105.5
15142,18536,40
15142,18537,37
15142,18538,37
15142,18539,173
15142,18540,167.5
15142,18541,188.5
15142,18542,31.5
15142,18550,2
15143,18504,1
15143,18505,16
15143,18506,16
15143,18507,16
15143,18508,34
15143,18509,69.5
15143,18510,41
15143,18511,25
15143,18516,24
15143,18517,9
15143,18518,16
15143,18519,2
15143,18520,14
15143,18535,22
15143,18536,16
15143,18537,24
15143,18538,92
15143,18539,233
15143,18540,151.5
15143,18541,145
15143,18542,2
15143,18547,3
15143,18550,1
15143,18551,2
15144,18506,3
15144,18507,22
15144,18508,36
15144,18509,31
15144,18510,37
15144,18511,12
15144,18516,3
15144,18519,9
15144,18532,6
15144,18536,2
15144,18537,22
15144,18538,52
15144,18539,16.5
15144,18540,141
15144,18541,143
15144,18542,15
15144,18543,3
15145,18507,2
15145,18508,41
15145,18509,37
15145,18510,6
15145,18517,2
15145,18520,77
15145,18531,1
15145,18533,3
15145,18534,8
15145,18539,20
15145,18540,150
15145,18541,106
15145,18542,1
15145,18543,1
15146,18508,6
15146,18509,7
15146,18520,14
15146,18521,5
15146,18524,2
15146,18530,15
15146,18531,57
15146,18532,64
15146,18533,61.5
15146,18537,19
15146,18538,176
15146,18539,26
15146,18540,148.5
15146,18541,73
15146,18542,6.5
15146,18543,8
15146,18544,49
15146,18545,1
15146,18549,2
15147,18520,12
15147,18521,40
15147,18522,82
15147,18528,18.5
15147,18529,64
15147,18530,91
15147,18531,93.5
15147,18532,43
15147,18533,2
15147,18537,160
15147,18538,43
15147,18539,18
15147,18540,4
15147,18541,68
15147,18542,137.5
15147,18543,164
15147,18544,131.5
15147,18545,2
15148,18520,8
15148,18521,16
15148,18522,25
15148,18524,142.5
15148,18525,23
15148,18527,8
15148,18528,57
15148,18529,98
15148,18530,62
15148,18531,7
15148,18540,2
15148,18541,38.5
15148,18542,71.5
15148,18543,4
15149,18520,246
15149,18521,244
15149,18522,47.5
15149,18523,52
15149,18524,53.5
15149,18525,82.5
15149,18526,13
15149,18527,250
15149,18528,84
15149,18529,19.5
15149,18539,15
15149,18540,38
15149,18541,30
15149,18542,67
15149,18543,9
15149,18548,3
15149,18554,4
15150,18519,149
15150,18520,47
15150,18521,7
15150,18522,238
15150,18523,124
15150,18524,16
15150,18525,164
15150,18526,91.5
15150,18527,132
15150,18528,100
15150,18529,12
15150,18530,4
15150,18538,25
15150,18539,16.5
15150,18542,68.5
15150,18543,63.5
15150,18544,2
15150,18553,1
15150,18554,17
15151,18519,35
15151,18520,101.5
15151,18521,1
15151,18522,65.5
15151,18523,234
15151,18524,42
15151,18525,144.5
15151,18526,188
15151,18527,71.5
15151,18528,63
15151,18537,2
15151,18540,2
15151,18542,2
15151,18543,29
15151,18544,48
15151,18545,4
15152,18521,11
15152,18522,61
15152,18523,176
15152,18524,69
15152,18525,90
15152,18530,6
15152,18531,27
15152,18542,2
15153,18521,9
15153,18522,177
15153,18523,117.5
15153,18525,12.5
15153,18526,2
15153,18531,187
15153,18532,17
15153,18533,150
15154,18525,74
15154,18526,1
15154,18527,86.5
15154,18528,22.5
15154,18543,2
15154,18552,22
15155,18527,17
