n,e,ind
12972,17707,6
12973,17706,8
12973,17707,3
12974,17706,4
12974,17707,33
12975,17706,38
12975,17707,58
12975,17708,35.5
12975,17709,8
12975,17712,6
12975,17717,5
12976,17704,11
12976,17705,8
12976,17706,12
12976,17707,19
12976,17708,8
12976,17709,5
12976,17718,5
12977,17703,13
12977,17710,2
12977,17711,2
12978,17703,9
12978,17704,6
12978,17714,2
12979,17702,11
12979,17703,9
12981,17700,13
12981,17701,16
12982,17701,5
12984,17704,3
12985,17697,16
12985,17698,3
12986,17699,2
12986,17707,2
12986,17712,6
12986,17713,7
12987,17698,3
12987,17713,5
12988,17679,12
12988,17697,4
12989,17709,15
12989,17723,20
12990,17709,4
12990,17710,4
12991,17707,2
12991,17708,3
12991,17710,1
12992,17706,7
12992,17707,7
12992,17708,9
12992,17709,3
12992,17726,2
12992,17727,8
12992,17728,6
12993,17707,6
12993,17708,2
12993,17726,4
12993,17727,2
12994,17692,4
12994,17693,3
12994,17694,2
12994,17726,10
12994,17727,4
12995,17692,4
12995,17693,20
12997,17730,9
12999,17692,10
12999,17693,4
13001,17699,4
13001,17700,8
13001,17724,9
13002,17700,2
13002,17721,3
13002,17724,10
13003,17719,6
13003,17720,48
13003,17721,15
13003,17722,2
13003,17724,6
13003,17729,3
13004,17681,5
13004,17719,2
13004,17720,21.5
13004,17750,10
13004,17751,6
13005,17686,3
13005,17687,18
13005,17688,10
13005,17689,2
13005,17718,26
13005,17719,44
13005,17720,12
13005,17750,9
13005,17751,3
13006,17687,2
13006,17718,15
13006,17719,22
13006,17720,6
13006,17750,4
13007,17718,11
13007,17719,29
13007,17720,5
13008,17680,6
13008,17681,6
13009,17680,5
13009,17681,7
13009,17682,2
13009,17729,1
13009,17743,2
13010,17680,1
13010,17681,2
13011,17728,3
13012,17706,4
13012,17729,2
13012,17743,11
13012,17744,9
13012,17759,2
13012,17760,3
13012,17761,1
13013,17688,3
13013,17689,32
13013,17690,5
13013,17691,4
13013,17743,1
13013,17759,2
13014,17688,2
13014,17689,6
13014,17690,4
13014,17691,1
13014,17692,8
13014,17693,3
13014,17754,3
13014,17755,12
13014,17759,8
13015,17693,3
13015,17694,3
13015,17739,2
13015,17754,14
13015,17755,10
13015,17812,1
13015,17813,2
13016,17713,7
13016,17714,3
13016,17737,2
13016,17738,10
13016,17739,15
13016,17755,10
13016,17766,2
13017,17713,22
13017,17714,8
13017,17715,6
13017,17738,6
13017,17739,33.5
13017,17740,14
13017,17755,16
13017,17756,4
13017,17766,5
13017,17767,4
13018,17672,1
13018,17715,15
13018,17716,4
13018,17740,4
13018,17741,8
13018,17742,5
13018,17755,2
13018,17767,9
13018,17813,8
13019,17672,5
13019,17673,7
13019,17674,3
13019,17715,4
13019,17726,2
13019,17763,14
13019,17809,10.5
13019,17810,12
13020,17740,2
13020,17762,10
13020,17763,6
13020,17764,4
13020,17765,4
13020,17807,2
13020,17809,2
13021,17682,5
13021,17687,5
13021,17688,1.5
13021,17762,6
13021,17763,6
13021,17764,4
13021,17765,3
13021,17806,4
13022,17648,2
13022,17683,2
13022,17685,11
13022,17687,13
13022,17711,7
13022,17712,13
13022,17713,17
13022,17720,7
13022,17739,11
13022,17740,21
13022,17741,10
13022,17817,10
13022,17818,17
13023,17648,13
13023,17685,3
13023,17686,12
13023,17687,3
13023,17688,5
13023,17712,17
13023,17713,2
13023,17719,1
13023,17720,7
13023,17739,3
13023,17740,37
13023,17741,11
13023,17757,2
13023,17758,11
13023,17759,20
13023,17760,17
13023,17788,5
13023,17817,10
13024,17648,4
13024,17686,2
13024,17687,4
13024,17739,11
13024,17740,10
13024,17759,9
13024,17760,14
13024,17767,9
13024,17780,6
13024,17783,6
13024,17789,2
13024,17815,4
13024,17816,6
13024,17817,4
13025,17648,9
13025,17696,2
13025,17739,3
13025,17740,9
13025,17759,7
13025,17766,6
13025,17767,15
13025,17780,2
13025,17781,2
13025,17782,3
13025,17783,3
13025,17788,1
13025,17795,7
13025,17804,3
13025,17807,12
13025,17808,4
13025,17809,2
13025,17814,2
13025,17815,3
13025,17816,13
13025,17817,10
13026,17695,15
13026,17696,1
13026,17710,4
13026,17711,2
13026,17766,1
13026,17767,2
13026,17774,10
13026,17775,19
13026,17780,2
13026,17781,13
13026,17794,3
13026,17795,19
13026,17806,18
13026,17807,6
13026,17808,3
13026,17815,3
13026,17816,4
13026,17818,6
13027,17670,15
13027,17671,12.5
13027,17672,2
13027,17679,11
13027,17680,1
13027,17693,5
13027,17695,10
13027,17703,3
13027,17704,8
13027,17705,6
13027,17711,4
13027,17712,6
13027,17774,11
13027,17775,18
13027,17780,2
13027,17787,1
13027,17788,12
13027,17791,1
13027,17807,6
13027,17808,16
13027,17809,4
13027,17811,6
13027,17812,4
13027,17815,16
13027,17822,20
13028,17647,3
13028,17662,9
13028,17663,1
13028,17670,3
13028,17671,11
13028,17672,4
13028,17692,2
13028,17693,5
13028,17704,11
13028,17705,18
13028,17720,5
13028,17767,2
13028,17788,2
13028,17807,15
13028,17808,16
13028,17809,2
13028,17814,3
13028,17815,5
13028,17822,2
13028,17823,1
13029,17660,7
13029,17661,2
13029,17662,18
13029,17663,4
13029,17671,2
13029,17675,4
13029,17676,10
13029,17677,4
13029,17678,14
13029,17679,19
13029,17704,7
13029,17705,8
13029,17706,1
13029,17726,1
13029,17767,8.5
13029,17768,15
13029,17777,2
13029,17778,4
13029,17779,2
13029,17805,6
13029,17808,2
13029,17815,2
13030,17660,4
13030,17661,16
13030,17676,8
13030,17677,30
13030,17678,22.5
13030,17679,4
13030,17706,4
13030,17729,13
13030,17730,1
13030,17732,8
13030,17761,4
13030,17777,8
13030,17778,14
13030,17787,13.5
13030,17790,1
13030,17795,2
13030,17808,2
13031,17677,2
13031,17728,4
13031,17729,19
13031,17730,18
13031,17731,23
13031,17732,8
13031,17758,7
13031,17761,11
13031,17762,7
13031,17771,1
13031,17790,19.5
13031,17795,9
13031,17796,5
13031,17805,1
13031,17806,1
13032,17672,6
13032,17715,2
13032,17728,2
13032,17729,19
13032,17730,14
13032,17731,9
13032,17742,6
13032,17756,5
13032,17757,9.5
13032,17758,11
13032,17759,7
13032,17770,7
13032,17771,4
13032,17772,10
13032,17774,2
13032,17796,1
13032,17805,7
13032,17806,2
13032,17823,2
13033,17671,13
13033,17672,11
13033,17710,1
13033,17715,2
13033,17728,7
13033,17729,4
13033,17738,2
13033,17745,2
13033,17755,5
13033,17756,14
13033,17757,10
13033,17758,6
13033,17771,7
13033,17772,5
13033,17773,13.5
13033,17774,6
13033,17783,7
13033,17785,7
13033,17801,4
13033,17802,6
13033,17805,13
13034,17653,7
13034,17654,3
13034,17657,2
13034,17704,1
13034,17706,4
13034,17709,4
13034,17723,2
13034,17727,4
13034,17757,4
13034,17758,9
13034,17773,1
13034,17774,5
13034,17783,2
13034,17790,2
13034,17801,1
13034,17802,12
13034,17803,5
13034,17804,7
13034,17805,5
13035,17651,2
13035,17652,16
13035,17653,25
13035,17654,6
13035,17662,12
13035,17663,1
13035,17674,11
13035,17675,3
13035,17682,15
13035,17683,7
13035,17708,5
13035,17721,6
13035,17722,15
13035,17725,7
13035,17744,2
13035,17757,4
13035,17758,2
13035,17773,4
13035,17783,1
13035,17790,20
13035,17799,6
13035,17802,4
13035,17803,4
13035,17804,4
13035,17805,9
13035,17806,3
13036,17651,4
13036,17652,44.5
13036,17653,37
13036,17654,10
13036,17674,7
13036,17675,13
13036,17720,56
13036,17721,88
13036,17722,37
13036,17723,35
13036,17724,20
13036,17770,4
13036,17776,19
13036,17784,7
13036,17785,12
13036,17789,6
13036,17790,31
13036,17791,9
13036,17792,4
13036,17799,4
13036,17803,9.5
13036,17804,6
13036,17805,16
13036,17806,2
13036,17813,2
13036,17814,2
13036,17825,16
13037,17651,6
13037,17653,5
13037,17718,2
13037,17719,1
13037,17720,36.5
13037,17721,20
13037,17722,29
13037,17723,56
13037,17724,10
13037,17770,19
13037,17781,1
13037,17791,1
13037,17792,15
13037,17804,1
13037,17805,4
13037,17806,4
13037,17812,2
13037,17813,30
13037,17814,4
13037,17815,3
13037,17816,2
13037,17821,12
13037,17822,23.5
13037,17823,6
13037,17824,8
13037,17825,27
13038,17639,9
13038,17650,2
13038,17652,3
13038,17715,11
13038,17716,32
13038,17717,23
13038,17718,16
13038,17719,6
13038,17720,37
13038,17721,45
13038,17722,75.5
13038,17723,37
13038,17724,6
13038,17727,2
13038,17769,2
13038,17770,6
13038,17771,4
13038,17781,2
13038,17786,3
13038,17787,1
13038,17789,4
13038,17790,1
13038,17792,3
13038,17812,10
13038,17813,12
13038,17814,25
13038,17815,6.5
13038,17821,5
13038,17822,3
13039,17638,4
13039,17639,23
13039,17640,12
13039,17694,11
13039,17707,11
13039,17708,16
13039,17709,1
13039,17710,6
13039,17712,3
13039,17714,2
13039,17715,1
13039,17716,21
13039,17717,60.5
13039,17718,25
13039,17719,24
13039,17720,62.5
13039,17721,103.5
13039,17722,140
13039,17723,40
13039,17724,2
13039,17725,20
13039,17751,1
13039,17756,3
13039,17757,5
13039,17758,3
13039,17759,7
13039,17772,4
13039,17773,13
13039,17786,3
13039,17787,5
13039,17789,4
13039,17790,8
13039,17792,6
13039,17793,28
13039,17800,2
13039,17801,4
13039,17802,2
13039,17812,2
13039,17814,4
13039,17815,28
13039,17816,9
13039,17821,5
13040,17639,11
13040,17640,1
13040,17694,42
13040,17695,4
13040,17707,15
13040,17708,31
13040,17709,35
13040,17710,15
13040,17711,3
13040,17713,4
13040,17714,36
13040,17715,3
13040,17717,30
13040,17719,1
13040,17720,53
13040,17721,28
13040,17722,45
13040,17723,18
13040,17725,5
13040,17726,6
13040,17751,2
13040,17752,2
13040,17756,2
13040,17757,4
13040,17758,4
13040,17759,10
13040,17790,60
13040,17791,48
13040,17792,18
13040,17793,10
13040,17794,10
13040,17801,3
13040,17802,11
13040,17813,9
13040,17814,6
13040,17816,15
13040,17821,25
13040,17822,1
13041,17693,2
13041,17698,2
13041,17699,15
13041,17700,2
13041,17707,37
13041,17708,14
13041,17709,58
13041,17710,3
13041,17713,2
13041,17714,20
13041,17715,9.5
13041,17716,12
13041,17717,2
13041,17718,4
13041,17719,10
13041,17720,2
13041,17722,11
13041,17723,3
13041,17740,7
13041,17756,11
13041,17757,22
13041,17758,4
13041,17789,13
13041,17790,15
13041,17791,24
13041,17792,13
13041,17793,36
13041,17794,2
13041,17795,2
13041,17802,6
13041,17808,1
13041,17809,5
13041,17813,3
13041,17816,10
13041,17817,5
13041,17818,11
13041,17819,3
13041,17820,6
13041,17821,10
13042,17619,2
13042,17620,2
13042,17670,13
13042,17671,3
13042,17672,3
13042,17698,5
13042,17699,12
13042,17700,5
13042,17704,5
13042,17708,5
13042,17714,4
13042,17715,21
13042,17716,2
13042,17719,10
13042,17776,5
13042,17777,5
13042,17786,8
13042,17787,14
13042,17788,43.5
13042,17789,35.5
13042,17790,36
13042,17791,53.5
13042,17792,11
13042,17793,75
13042,17794,34
13042,17795,4
13042,17797,7
13042,17802,12
13042,17803,22
13042,17807,6
13042,17808,21.5
13042,17809,5.5
13042,17818,23.5
13042,17819,4
13042,17833,2
13043,17618,3
13043,17670,2
13043,17671,3
13043,17698,15
13043,17699,23.5
13043,17700,12.5
13043,17710,2
13043,17741,4
13043,17742,3
13043,17776,2
13043,17777,2
13043,17786,8
13043,17787,2
13043,17788,1
13043,17789,68
13043,17790,63.5
13043,17791,63
13043,17792,21
13043,17793,31
13043,17794,5
13043,17795,5
13043,17796,4.5
13043,17797,7
13043,17798,4
13043,17799,2
13043,17818,2
13043,17826,6
13043,17833,2
13044,17594,14
13044,17632,2
13044,17698,14
13044,17699,5
13044,17700,4
13044,17702,4
13044,17741,5
13044,17742,5
13044,17787,5
13044,17788,49
13044,17789,78
13044,17790,88
13044,17791,6
13044,17824,2
13044,17825,1
13044,17826,6
13044,17827,16
13044,17828,7
13045,17604,5
13045,17605,6
13045,17631,23
13045,17632,15
13045,17702,1
13045,17711,4
13045,17741,7
13045,17742,9
13045,17752,18
13045,17753,1
13045,17763,5
13045,17764,1
13045,17778,4
13045,17787,3
13045,17788,24
13045,17789,34
13045,17824,6
13045,17826,5
13045,17827,24
13045,17828,5
13045,17834,8
13046,17595,8
13046,17630,6
13046,17631,27
13046,17632,22
13046,17672,3
13046,17740,9
13046,17741,32
13046,17742,18.5
13046,17743,5
13046,17747,26
13046,17748,5
13046,17749,25
13046,17750,2
13046,17751,3
13046,17752,28
13046,17753,7.5
13046,17754,2
13046,17763,3
13046,17764,3
13046,17772,7
13046,17778,13
13046,17779,3
13046,17780,4.5
13046,17787,9
13046,17788,4
13046,17826,4
13046,17834,1
13047,17593,3
13047,17594,9
13047,17595,33
13047,17596,2
13047,17602,2
13047,17603,8
13047,17604,7
13047,17613,4
13047,17614,1
13047,17631,2
13047,17635,3
13047,17695,11
13047,17696,4
13047,17699,3
13047,17700,3
13047,17701,6
13047,17712,4
13047,17713,2
13047,17740,10
13047,17742,8
13047,17748,18
13047,17749,17
13047,17750,12
13047,17751,15
13047,17752,19
13047,17753,16
13047,17754,3
13047,17763,4
13047,17764,21
13047,17770,1
13047,17771,4
13047,17772,20
13047,17773,3
13047,17778,4
13047,17779,18
13047,17780,13
13047,17787,2
13047,17820,3
13048,17595,4
13048,17596,5
13048,17597,2
13048,17600,4
13048,17613,17.5
13048,17614,20
13048,17615,10
13048,17629,3
13048,17635,7
13048,17665,2
13048,17695,4
13048,17696,14
13048,17697,28
13048,17698,31.5
13048,17699,5
13048,17700,6
13048,17734,3
13048,17738,1
13048,17748,3
13048,17749,11
13048,17750,13
13048,17751,6
13048,17752,3
13048,17770,14
13048,17771,23
13048,17772,8
13048,17779,16
13048,17780,6.5
13048,17786,4
13048,17809,6
13048,17820,10
13049,17597,3
13049,17613,5
13049,17614,9
13049,17615,5
13049,17665,11
13049,17666,1
13049,17682,6
13049,17687,5
13049,17697,6
13049,17698,23
13049,17699,23
13049,17710,2
13049,17711,33
13049,17712,23
13049,17734,21
13049,17735,11
13049,17736,11
13049,17738,5
13049,17749,4
13049,17750,24
13049,17771,4
13049,17772,10
13049,17808,5
13049,17809,2
13049,17830,3
13050,17617,2
13050,17664,2
13050,17665,43
13050,17666,12.5
13050,17668,4
13050,17679,2
13050,17682,4
13050,17684,6
13050,17695,4
13050,17697,15
13050,17698,25
13050,17699,12
13050,17710,13
13050,17711,9
13050,17712,12
13050,17733,23
13050,17734,37
13050,17735,35
13050,17736,13
13050,17737,2
13050,17750,2
13050,17808,9
13050,17809,14
13051,17615,2
13051,17664,1
13051,17665,17.5
13051,17666,11
13051,17667,5
13051,17668,21.5
13051,17678,4
13051,17679,12
13051,17683,14
13051,17684,18
13051,17685,11
13051,17695,4
13051,17696,42
13051,17697,25
13051,17698,31
13051,17699,4
13051,17732,6
13051,17733,3
13051,17735,7
13051,17736,6
13051,17737,3
13051,17738,4
13051,17762,12
13051,17805,3
13051,17808,1
13051,17809,8
13051,17810,11
13052,17622,2
13052,17623,2
13052,17665,3
13052,17668,2
13052,17678,16
13052,17679,5
13052,17680,11
13052,17681,2
13052,17682,6
13052,17683,17
13052,17696,10
13052,17698,15
13052,17699,2
13052,17774,3
13052,17805,4
13052,17806,4
13052,17808,3
13053,17621,20
13053,17622,23
13053,17623,23
13053,17682,4
13053,17696,3
13053,17745,2
13053,17777,1
13053,17807,5
13053,17808,5
13053,17827,3
13053,17828,3
13054,17595,3
13054,17623,2
13054,17657,5
13054,17678,1
13054,17679,2
13054,17691,6
13054,17692,11
13054,17745,6
13054,17776,7
13054,17783,4
13054,17807,3
13054,17808,9
13055,17614,2
13055,17615,28
13055,17622,3
13055,17627,4
13055,17657,7
13055,17658,10
13055,17667,2
13055,17678,4
13055,17691,19
13055,17692,52
13055,17693,4
13055,17720,4
13055,17751,2
13055,17770,8
13055,17781,4
13055,17782,40
13055,17783,20
13055,17787,3
13055,17788,1
13055,17789,1
13055,17807,3
13055,17808,15
13055,17809,3
13056,17614,10
13056,17615,31
13056,17616,9
13056,17617,24.5
13056,17618,9
13056,17657,2
13056,17658,3
13056,17659,4
13056,17667,10
13056,17685,2
13056,17688,20
13056,17693,11
13056,17720,18.5
13056,17721,2
13056,17770,5
13056,17771,1
13056,17772,4
13056,17773,6
13056,17778,6
13056,17780,33
13056,17781,34
13056,17782,27
13056,17783,4
13056,17788,19
13056,17808,2
13056,17809,4
13057,17599,10
13057,17613,3
13057,17614,20
13057,17615,54.5
13057,17616,12
13057,17617,6
13057,17625,3
13057,17648,14
13057,17656,20
13057,17657,17
13057,17720,13
13057,17721,7
13057,17750,6
13057,17768,3
13057,17770,2
13057,17771,18
13057,17772,19
13057,17773,3
13057,17774,3
13057,17775,2
13057,17776,4
13057,17777,12
13057,17778,3
13057,17781,16
13057,17782,4
13057,17807,5
13058,17570,1
13058,17571,3
13058,17599,4
13058,17600,10
13058,17613,11
13058,17614,41
13058,17615,38
13058,17616,22.5
13058,17617,9
13058,17646,4
13058,17647,45
13058,17648,19
13058,17657,9
13058,17673,2
13058,17685,3
13058,17695,4
13058,17736,7
13058,17762,6
13058,17764,4
13058,17770,2
13058,17771,18
13058,17772,4
13058,17773,13
13058,17774,12
13058,17775,2.5
13058,17778,20
13058,17781,7
13059,17570,2
13059,17596,2
13059,17597,5
13059,17602,7
13059,17603,6
13059,17613,40
13059,17614,30
13059,17616,31
13059,17617,44
13059,17618,3
13059,17626,10
13059,17627,4
13059,17630,2
13059,17646,22
13059,17647,9
13059,17667,2
13059,17670,4
13059,17725,3
13059,17726,2
13059,17736,3
13059,17742,2
13059,17743,10
13059,17761,1
13059,17763,13
13059,17764,16
13059,17765,4
13059,17778,4
13059,17800,4
13060,17601,2
13060,17613,3
13060,17614,17
13060,17615,22
13060,17626,8
13060,17627,2
13060,17646,2
13060,17681,8
13060,17726,8
13060,17727,9
13060,17728,3
13060,17742,11
13060,17743,3
13060,17744,1
13060,17745,5
13060,17746,6
13060,17759,4
13060,17760,6
13060,17764,7
13060,17770,6
13060,17771,3
13060,17772,1
13060,17779,4
13060,17787,4
13060,17800,2
13060,17801,9
13061,17559,2
13061,17560,3
13061,17561,3
13061,17568,4
13061,17614,26
13061,17615,10
13061,17616,21
13061,17653,4
13061,17667,2
13061,17702,4
13061,17704,10
13061,17705,7
13061,17726,3
13061,17727,20
13061,17728,8
13061,17735,2
13061,17746,4
13061,17747,3
13061,17748,2
13061,17759,4
13061,17760,4
13061,17766,6
13061,17771,4
13061,17784,2
13061,17786,2
13061,17787,1
13061,17799,4
13061,17800,23
13061,17801,16
13062,17559,20.5
13062,17560,5
13062,17566,2
13062,17567,14.5
13062,17606,5
13062,17613,2
13062,17628,1
13062,17634,2
13062,17635,17
13062,17636,7
13062,17664,13
13062,17665,6
13062,17666,18.5
13062,17686,6
13062,17703,2
13062,17704,17
13062,17705,16
13062,17706,9
13062,17707,21
13062,17708,6
13062,17709,18
13062,17710,8
13062,17727,20
13062,17728,14
13062,17729,3
13062,17735,4
13062,17746,2
13062,17747,16
13062,17748,10
13062,17755,4
13062,17766,2
13062,17786,5
13062,17799,4
13062,17800,2
13063,17559,2
13063,17560,8.5
13063,17561,7
13063,17566,2
13063,17567,10
13063,17568,3
13063,17569,4
13063,17631,2
13063,17632,2
13063,17635,5
13063,17636,10.5
13063,17637,12
13063,17654,7
13063,17663,11
13063,17664,73
13063,17665,44
13063,17666,14
13063,17667,9
13063,17675,6
13063,17684,6
13063,17685,7
13063,17686,5
13063,17702,14.5
13063,17703,25
13063,17704,13
13063,17705,3
13063,17706,11
13063,17707,1
13063,17708,5
13063,17724,3
13063,17725,7
13063,17726,17.5
13063,17728,26.5
13063,17729,4
13063,17746,5
13063,17747,14
13063,17748,4
13063,17754,6
13063,17755,6
13063,17788,7
13063,17809,11
13064,17561,27
13064,17562,7
13064,17563,4
13064,17564,5
13064,17566,1
13064,17628,4
13064,17631,4
13064,17632,5
13064,17635,18
13064,17636,10
13064,17654,1
13064,17663,49.5
13064,17664,66
13064,17665,30.5
13064,17666,59.5
13064,17667,2.5
13064,17675,3
13064,17676,14
13064,17677,3
13064,17678,2
13064,17684,5
13064,17685,17
13064,17686,25.5
13064,17687,11
13064,17688,22
13064,17703,30
13064,17704,23
13064,17705,17
13064,17706,3
13064,17725,2
13064,17728,6
13064,17729,31
13064,17730,14
13064,17750,3
13064,17753,5
13064,17754,6
13064,17755,7
13064,17758,1
13064,17787,2
13064,17788,8
13065,17554,1.5
13065,17555,25.5
13065,17556,22
13065,17561,3
13065,17563,6
13065,17628,4
13065,17629,2
13065,17635,16
13065,17663,36
13065,17664,32
13065,17665,56
13065,17666,127.5
13065,17667,3
13065,17675,11
13065,17676,17
13065,17677,18
13065,17684,1
13065,17685,6.5
13065,17686,18
13065,17687,15
13065,17688,15
13065,17703,11
13065,17704,28
13065,17705,19
13065,17706,5
13065,17707,1
13065,17708,1
13065,17711,10
13065,17712,5
13065,17727,1
13065,17729,4
13065,17747,10
13065,17748,15
13065,17749,2
13065,17750,15
13065,17758,3
13065,17759,2
13065,17760,3
13065,17788,5
13066,17555,2
13066,17661,5
13066,17662,20
13066,17663,33
13066,17664,61.5
13066,17665,28
13066,17666,25.5
13066,17667,13
13066,17668,2
13066,17670,4
13066,17673,6.5
13066,17674,11
13066,17685,2
13066,17704,6
13066,17713,8
13066,17750,14.5
13066,17758,3
13066,17759,7
13066,17767,9
13066,17768,5
13066,17775,4
13066,17800,3
13066,17801,8
13067,17554,3
13067,17556,2
13067,17632,1
13067,17635,1.5
13067,17661,16
13067,17662,2
13067,17663,8
13067,17664,1
13067,17665,9
13067,17667,15
13067,17668,36.5
13067,17669,3
13067,17671,9
13067,17672,2
13067,17673,5
13067,17674,6
13067,17711,4
13067,17712,18
13067,17713,5
13067,17714,8
13067,17736,1
13067,17762,3
13067,17767,1
13067,17768,9
13067,17769,5
13067,17770,14
13067,17789,1
13067,17800,2
13067,17801,7
13068,17632,2
13068,17634,3
13068,17640,2
13068,17646,1
13068,17661,17
13068,17666,1
13068,17667,23.5
13068,17668,32
13068,17669,21
13068,17672,3
13068,17710,4
13068,17711,19
13068,17712,20.5
13068,17713,11.5
13068,17736,4
13068,17737,4
13068,17738,7
13068,17762,2
13068,17763,9
13068,17764,3
13068,17767,8
13068,17768,11
13068,17769,7
13068,17770,7
13068,17785,9
13068,17786,9
13068,17787,2
13069,17571,2
13069,17641,2
13069,17642,7
13069,17661,1
13069,17662,5
13069,17670,27
13069,17671,3
13069,17712,20
13069,17713,8
13069,17729,8
13069,17730,8
13069,17731,1
13069,17732,2
13069,17738,18
13069,17739,5
13069,17763,2
13069,17785,9
13069,17786,3
13069,17788,6
13069,17799,11
13069,17800,1
13070,17558,7
13070,17564,2
13070,17572,9
13070,17625,3
13070,17639,2
13070,17641,5
13070,17642,6
13070,17661,9
13070,17662,6
13070,17664,7
13070,17670,5
13070,17671,2
13070,17716,4
13070,17728,3
13070,17729,5
13070,17730,34
13070,17737,12
13070,17738,8
13070,17766,4
13070,17767,10
13070,17768,8
13070,17769,3
13070,17787,1
13070,17788,5
13070,17799,7
13070,17800,4
13071,17557,24
13071,17558,40
13071,17559,8
13071,17560,2
13071,17625,5
13071,17636,3
13071,17637,2
13071,17641,4
13071,17663,3
13071,17664,23
13071,17665,7
13071,17670,2
13071,17716,8
13071,17717,1
13071,17729,14
13071,17730,10
13071,17746,2
13071,17756,7
13071,17757,2
13071,17758,4
13071,17759,9
13071,17767,1
13071,17787,19
13071,17788,9
13071,17789,2
13072,17556,8
13072,17558,2
13072,17560,1
13072,17625,20
13072,17626,4
13072,17662,16
13072,17663,11
13072,17665,2
13072,17669,2
13072,17746,15
13072,17747,21
13072,17748,5
13072,17756,7
13072,17757,2
13072,17758,6
13072,17759,3
13072,17770,2
13072,17787,2
13072,17788,3
13073,17622,8
13073,17623,2
13073,17631,7
13073,17632,5
13073,17655,7
13073,17656,26
13073,17746,16.5
13073,17747,13.5
13073,17748,4
13073,17757,2
13073,17764,4
13074,17548,3
13074,17549,5
13074,17576,6
13074,17577,2
13074,17622,11
13074,17630,4
13074,17632,5
13074,17639,3
13074,17640,2.5
13074,17642,3
13074,17644,4
13074,17653,3
13074,17654,2
13074,17655,2
13074,17656,15
13074,17708,14
13074,17717,1
13074,17746,3
13074,17764,4
13074,17765,7
13075,17548,4
13075,17549,22
13075,17577,14
13075,17643,5
13075,17645,6
13075,17653,2
13075,17656,12
13075,17706,2
13075,17707,1
13075,17708,3
13075,17717,1
13075,17763,10
13075,17764,2
13075,17765,9
13075,17766,5
13076,17548,1
13076,17577,13
13076,17600,3
13076,17615,2
13076,17653,1
13076,17655,2
13076,17657,28.5
13076,17658,18
13076,17707,1
13076,17708,3
13076,17719,6
13076,17729,3
13076,17736,1
13076,17758,2
13076,17759,14
13076,17760,25
13076,17763,13
13076,17764,9
13076,17765,15
13077,17595,4
13077,17597,3
13077,17599,15
13077,17600,38.5
13077,17601,5
13077,17632,1
13077,17643,1
13077,17653,5.5
13077,17657,17.5
13077,17658,21.5
13077,17659,4
13077,17689,6
13077,17690,13
13077,17702,6
13077,17703,3
13077,17717,1
13077,17718,10
13077,17719,2
13077,17723,5
13077,17729,1
13077,17730,1
13077,17736,5
13077,17741,8
13077,17742,6
13077,17757,4
13077,17758,5
13077,17759,12
13078,17560,5
13078,17594,13
13078,17595,21
13078,17596,5.5
13078,17600,9
13078,17632,11
13078,17633,17
13078,17634,4
13078,17643,1
13078,17644,2
13078,17686,25
13078,17687,7
13078,17688,3
13078,17689,3
13078,17690,3
13078,17700,19
13078,17701,9
13078,17702,35
13078,17717,20
13078,17718,18
13078,17719,5
13078,17722,2
13078,17723,25
13078,17729,10
13078,17741,3
13078,17742,18
13078,17743,12
13078,17758,2
13078,17761,6
13078,17771,2
13078,17772,5
13078,17773,2
13079,17557,2
13079,17576,6
13079,17600,3
13079,17632,1
13079,17637,3
13079,17652,2.5
13079,17653,2
13079,17683,8
13079,17686,9
13079,17687,13
13079,17688,18
13079,17689,18
13079,17690,10
13079,17691,4
13079,17695,16
13079,17698,2
13079,17700,4
13079,17701,10
13079,17702,7
13079,17717,6.5
13079,17718,22.5
13079,17719,11
13079,17723,4
13079,17757,31
13079,17758,10
13079,17759,2
13079,17761,14
13079,17772,6
13079,17773,2
13079,17786,2
13079,17787,4
13080,17575,28.5
13080,17576,21
13080,17625,15
13080,17626,9
13080,17628,4
13080,17629,6
13080,17631,5
13080,17632,4
13080,17635,19.5
13080,17636,11
13080,17637,33
13080,17638,17
13080,17644,5
13080,17645,6
13080,17673,5
13080,17674,11
13080,17675,7
13080,17676,8
13080,17682,2
13080,17683,4
13080,17684,4
13080,17686,6
13080,17687,18
13080,17688,6
13080,17689,6
13080,17690,11
13080,17691,42.5
13080,17692,15.5
13080,17693,3
13080,17696,7
13080,17699,8
13080,17701,19
13080,17717,6
13080,17730,2
13080,17736,5
13080,17758,2
13080,17759,6
13080,17760,11
13080,17761,10.5
13080,17762,1
13080,17772,6
13080,17787,7
13080,17788,21
13080,17789,6
13081,17553,8
13081,17568,4
13081,17571,20
13081,17572,26.5
13081,17574,10.5
13081,17575,32
13081,17576,12.5
13081,17625,6
13081,17628,12
13081,17629,4
13081,17637,15
13081,17638,33
13081,17646,2
13081,17665,4
13081,17672,8
13081,17675,13
13081,17687,14
13081,17688,24.5
13081,17689,8
13081,17690,13
13081,17691,3
13081,17693,6
13081,17694,10
13081,17695,3
13081,17700,18
13081,17701,7
13081,17702,4
13081,17729,2
13081,17733,6
13081,17734,6
13081,17735,4
13081,17736,2
13081,17738,3
13081,17772,7
13081,17787,6
13081,17788,4
13081,17789,12
13082,17567,47
13082,17568,38
13082,17569,35
13082,17570,2
13082,17571,18
13082,17572,14
13082,17627,9
13082,17628,7
13082,17659,2
13082,17661,5
13082,17671,3
13082,17672,14
13082,17675,7
13082,17676,4
13082,17684,12
13082,17685,2
13082,17687,2
13082,17689,13
13082,17690,3
13082,17691,14
13082,17692,3
13082,17693,8
13082,17694,7
13082,17701,47
13082,17702,19
13082,17703,5
13082,17718,2
13082,17723,1
13082,17729,2
13082,17730,13
13082,17731,17
13082,17732,10
13082,17733,29
13082,17734,39
13082,17735,14
13082,17736,2
13082,17785,5
13082,17786,3
13082,17788,4
13083,17554,3
13083,17564,5
13083,17565,21
13083,17568,8
13083,17569,14
13083,17570,3
13083,17571,1
13083,17627,4
13083,17628,1
13083,17640,16
13083,17666,4
13083,17670,1
13083,17672,1
13083,17681,2
13083,17683,3
13083,17684,4
13083,17690,11.5
13083,17691,6
13083,17692,5
13083,17693,3.5
13083,17694,10
13083,17699,2
13083,17701,4
13083,17702,9
13083,17729,3
13083,17730,7
13083,17731,5
13083,17733,1
13083,17734,2
13083,17736,2
13083,17739,3
13083,17740,2
13083,17755,4
13083,17759,2
13083,17785,2
13083,17788,4.5
13084,17546,6
13084,17564,15.5
13084,17565,56
13084,17566,3
13084,17568,8
13084,17570,2
13084,17594,8
13084,17607,12
13084,17608,2
13084,17627,2
13084,17640,23
13084,17641,6
13084,17662,6
13084,17663,2
13084,17665,2
13084,17666,20
13084,17667,2
13084,17673,7
13084,17677,1
13084,17679,3
13084,17681,9
13084,17701,2
13084,17702,5
13084,17704,16
13084,17705,1
13084,17731,22
13084,17732,2
13084,17759,1
13084,17787,2
13084,17788,2
13084,17789,1
13085,17518,17
13085,17562,1
13085,17565,18.5
13085,17566,7
13085,17567,2
13085,17607,17
13085,17608,12
13085,17609,19
13085,17610,19.5
13085,17615,2
13085,17625,15
13085,17626,5
13085,17628,5
13085,17641,2
13085,17659,6
13085,17661,10
13085,17662,9
13085,17663,9
13085,17665,2
13085,17666,9
13085,17667,1
13085,17681,20
13085,17682,9
13085,17699,2
13085,17700,1
13085,17704,8
13085,17706,7
13085,17707,21.5
13085,17708,7
13085,17713,11
13085,17724,1
13085,17745,2
13085,17759,15
13085,17787,14
13086,17518,25
13086,17519,30
13086,17520,7
13086,17543,4
13086,17559,5
13086,17560,11
13086,17565,7
13086,17566,19
13086,17567,1
13086,17608,5
13086,17609,11
13086,17611,9
13086,17616,9
13086,17617,10
13086,17658,1
13086,17659,45.5
13086,17660,16
13086,17661,42
13086,17662,18
13086,17663,16
13086,17681,11
13086,17682,6
13086,17683,9
13086,17704,4
13086,17707,21
13086,17708,2
13086,17710,8
13086,17712,7
13086,17713,21
13086,17714,7.5
13086,17739,1
13086,17741,10
13086,17750,2
13086,17757,1
13086,17770,2
13086,17771,2
13086,17785,4
13086,17786,2
13086,17787,6
13087,17519,2
13087,17532,5
13087,17540,3
13087,17541,2
13087,17549,4
13087,17550,2
13087,17556,3
13087,17558,4
13087,17560,19
13087,17561,1
13087,17595,3
13087,17608,7
13087,17609,3
13087,17615,6
13087,17616,15
13087,17617,18
13087,17625,2
13087,17635,17
13087,17648,1
13087,17659,23
13087,17660,8
13087,17684,10
13087,17689,13
13087,17713,9
13087,17714,2
13087,17739,6
13087,17740,8
13087,17741,10
13087,17742,15
13087,17751,3
13087,17757,2
13087,17770,7
13087,17771,7
13087,17785,3
13087,17786,2
13088,17519,6
13088,17539,10
13088,17540,26.5
13088,17548,1
13088,17558,1
13088,17559,21
13088,17587,1
13088,17589,10
13088,17615,5
13088,17616,65
13088,17617,23
13088,17618,8
13088,17631,3
13088,17632,6
13088,17635,23
13088,17636,5
13088,17648,1
13088,17653,1
13088,17683,3
13088,17684,2
13088,17712,11
13088,17714,2
13088,17718,1
13088,17721,9
13088,17724,2
13088,17739,7
13088,17740,4
13088,17741,4
13088,17742,18
13088,17743,9
13088,17750,9
13088,17751,2
13088,17770,9
13088,17771,3
13088,17785,2
13088,17786,5
13088,17799,3
13088,17800,8
13089,17524,6
13089,17525,12
13089,17526,3
13089,17538,8
13089,17539,14
13089,17540,2
13089,17547,3
13089,17551,2
13089,17563,4
13089,17615,4
13089,17616,27
13089,17617,8
13089,17630,8
13089,17631,9
13089,17635,9
13089,17636,1
13089,17653,2
13089,17655,19
13089,17657,10
13089,17658,2
13089,17674,2
13089,17693,5
13089,17707,3
13089,17708,13
13089,17724,4
13089,17725,4
13089,17726,5
13089,17729,1
13089,17741,2
13089,17742,18
13089,17743,9
13089,17748,4
13089,17749,2
13089,17756,2
13089,17757,6
13089,17758,4
13089,17759,7
13089,17799,2
13090,17523,10
13090,17524,12
13090,17525,3
13090,17605,1
13090,17606,14
13090,17607,1
13090,17615,15
13090,17616,21
13090,17630,5
13090,17654,15
13090,17655,60
13090,17656,13
13090,17657,11
13090,17672,31.5
13090,17673,4
13090,17674,15
13090,17675,8
13090,17682,22
13090,17683,2
13090,17685,2
13090,17705,3
13090,17707,12.5
13090,17708,31
13090,17723,15
13090,17724,17
13090,17725,18
13090,17726,16
13090,17727,2
13090,17728,3
13090,17729,5
13090,17741,2
13090,17742,2
13090,17748,7
13090,17751,3
13090,17752,9
13090,17756,8
13090,17757,9
13090,17758,18
13090,17759,5
13090,17763,2
13090,17783,2
13090,17803,6
13091,17605,12
13091,17606,23
13091,17607,1
13091,17651,4
13091,17654,9
13091,17655,38
13091,17656,49
13091,17657,6
13091,17672,5
13091,17673,14
13091,17674,43
13091,17675,9
13091,17681,8
13091,17682,13
13091,17683,14
13091,17684,27
13091,17685,1
13091,17692,2
13091,17697,5
13091,17710,2
13091,17720,7
13091,17721,4
13091,17725,7
13091,17726,24
13091,17727,9
13091,17728,1
13091,17732,2
13091,17733,2
13091,17735,11
13091,17738,3
13091,17748,4
13091,17751,5
13091,17752,4
13091,17756,17
13091,17779,3
13091,17780,2
13091,17781,2
13091,17782,6
13092,17517,3
13092,17550,3
13092,17642,2
13092,17651,2
13092,17655,18
13092,17656,34
13092,17657,38
13092,17658,28
13092,17659,3
13092,17673,2
13092,17674,4
13092,17676,2
13092,17677,4.5
13092,17680,3
13092,17681,8
13092,17682,11
13092,17683,21
13092,17684,20
13092,17685,8
13092,17693,1
13092,17708,37
13092,17709,24
13092,17711,7
13092,17712,2
13092,17717,4
13092,17718,4
13092,17719,23
13092,17726,13
13092,17729,6
13092,17731,2
13092,17732,5
13092,17733,9
13092,17734,10
13092,17739,4
13092,17752,1
13092,17756,5
13092,17757,6
13092,17779,4
13092,17780,9
13092,17781,15
13092,17782,6
13093,17550,4
13093,17588,2
13093,17590,4
13093,17632,6
13093,17641,14
13093,17642,2
13093,17647,2
13093,17648,4
13093,17656,16
13093,17657,10
13093,17658,18.5
13093,17680,9
13093,17684,7
13093,17686,14
13093,17687,6
13093,17698,1
13093,17699,2
13093,17700,12
13093,17708,5
13093,17709,39
13093,17710,18
13093,17711,10.5
13093,17712,5
13093,17717,6
13093,17718,9
13093,17725,1
13093,17726,36
13093,17727,16
13093,17728,1
13093,17733,6
13093,17734,2
13093,17739,16
13093,17740,8
13093,17755,7
13093,17756,6
13093,17779,4
13093,17780,2
13093,17781,1
13094,17536,3
13094,17537,8
13094,17538,10
13094,17539,1
13094,17560,36.5
13094,17561,26
13094,17562,2
13094,17577,8
13094,17578,10
13094,17632,12
13094,17641,1
13094,17642,3
13094,17645,2
13094,17654,2
13094,17655,2
13094,17656,23
13094,17657,4
13094,17659,6
13094,17679,11
13094,17684,2
13094,17698,1
13094,17699,4
13094,17700,14
13094,17702,3
13094,17704,4
13094,17710,13
13094,17711,12
13094,17712,16
13094,17713,2
13094,17716,3
13094,17717,26
13094,17718,26
13094,17719,13
13094,17720,2
13094,17725,8
13094,17728,2
13094,17734,3
13094,17740,5
13094,17755,8
13094,17785,3
13095,17536,18.5
13095,17537,1
13095,17538,24
13095,17539,20
13095,17544,2
13095,17547,2
13095,17560,11
13095,17561,40
13095,17562,6
13095,17577,16
13095,17578,57
13095,17617,16
13095,17618,4
13095,17632,3
13095,17633,3
13095,17654,16
13095,17655,8
13095,17656,8
13095,17657,23
13095,17658,13
13095,17659,18
13095,17678,2
13095,17679,25.5
13095,17680,6
13095,17683,5
13095,17684,13
13095,17685,3
13095,17698,2
13095,17704,8
13095,17705,10
13095,17713,7
13095,17714,6
13095,17718,5.5
13095,17719,25
13095,17720,10
13095,17728,9
13095,17729,11
13095,17751,2
13095,17752,2
13095,17756,1
13095,17786,2
13095,17787,3
13095,17795,2
13096,17522,1
13096,17535,4
13096,17536,7
13096,17539,4
13096,17547,11
13096,17548,21
13096,17570,15
13096,17571,3
13096,17577,10
13096,17578,20
13096,17579,12.5
13096,17603,4
13096,17608,5
13096,17617,20
13096,17618,1
13096,17632,11
13096,17638,5
13096,17657,8
13096,17658,14
13096,17659,17
13096,17660,20
13096,17679,16
13096,17680,9
13096,17683,1
13096,17685,5
13096,17689,8
13096,17690,4
13096,17691,2
13096,17697,2
13096,17698,7
13096,17699,2
13096,17705,2
13096,17719,4
13096,17720,2
13096,17726,3
13096,17728,2
13096,17746,7
13096,17753,2
13096,17754,2
13096,17755,4
13096,17756,2
13096,17759,3
13096,17760,4
13096,17786,14
13096,17787,5
13096,17795,6
13096,17797,7
13097,17522,9.5
13097,17526,4
13097,17536,3
13097,17547,6
13097,17570,3
13097,17571,59
13097,17572,22
13097,17573,10
13097,17574,9
13097,17575,25
13097,17578,3
13097,17595,2
13097,17603,18
13097,17604,12
13097,17617,4
13097,17632,16.5
13097,17636,11
13097,17659,21
13097,17660,6
13097,17661,2
13097,17680,31
13097,17681,7
13097,17682,12
13097,17683,12
13097,17684,4
13097,17685,7
13097,17689,18
13097,17690,6
13097,17699,2
13097,17714,6.5
13097,17715,2
13097,17741,3
13097,17746,7
13097,17747,16
13097,17794,5
13097,17796,7
13097,17797,30
13097,17798,2
13097,17808,2
13098,17517,4
13098,17526,4
13098,17529,2
13098,17552,19
13098,17570,22
13098,17571,42.5
13098,17572,48
13098,17573,32
13098,17574,34
13098,17575,18
13098,17576,2
13098,17594,22
13098,17595,21
13098,17603,20
13098,17604,2
13098,17619,2
13098,17632,7
13098,17633,2
13098,17636,24
13098,17644,4
13098,17659,17
13098,17660,23
13098,17680,1
13098,17681,10
13098,17682,37
13098,17683,3
13098,17684,3
13098,17690,1
13098,17693,4
13098,17704,4
13098,17714,5.5
13098,17715,2
13098,17722,1
13098,17723,13
13098,17724,2
13098,17734,8
13098,17735,2
13098,17740,4
13098,17741,10
13098,17742,6
13098,17761,2
13098,17788,7
13098,17789,6
13098,17796,9
13098,17797,20
13098,17798,2
13098,17808,16
13098,17809,3
13099,17517,1
13099,17531,6
13099,17534,2
13099,17535,3
13099,17551,22
13099,17552,42.5
13099,17570,20
13099,17571,47.5
13099,17572,64
13099,17573,41
13099,17574,26
13099,17594,10
13099,17603,5
13099,17617,4
13099,17631,2
13099,17632,2
13099,17633,14
13099,17646,2
13099,17659,2
13099,17660,2
13099,17680,13
13099,17681,6
13099,17682,49
13099,17683,19
13099,17684,23
13099,17685,13
13099,17689,6
13099,17690,7
13099,17693,2
13099,17698,3
13099,17699,8.5
13099,17714,11
13099,17734,2
13099,17736,4
13099,17737,16
13099,17738,1
13099,17739,1
13099,17740,44.5
13099,17741,33
13099,17742,5
13099,17785,4
13099,17792,13
13099,17797,17
13099,17798,1
13099,17808,15
13099,17809,2
13100,17506,2
13100,17511,4
13100,17522,4
13100,17526,3
13100,17527,14
13100,17528,38
13100,17530,8
13100,17531,7
13100,17532,8
13100,17567,1
13100,17570,25
13100,17571,65
13100,17572,56
13100,17573,53.5
13100,17578,3
13100,17583,3
13100,17617,10
13100,17618,7
13100,17632,62
13100,17633,23
13100,17634,15
13100,17646,4
13100,17681,4
13100,17682,7
13100,17683,27
13100,17684,26
13100,17685,74
13100,17686,27
13100,17687,4
13100,17688,2
13100,17691,3
13100,17692,3
13100,17693,22
13100,17694,10
13100,17699,3
13100,17700,15
13100,17701,4
13100,17707,4
13100,17736,4.5
13100,17737,5
13100,17739,29
13100,17742,18
13100,17743,3
13100,17752,6
13100,17753,4
13100,17755,1
13100,17797,4
13100,17808,4
13101,17508,3
13101,17509,2
13101,17510,32
13101,17511,10
13101,17526,11
13101,17527,9
13101,17528,18
13101,17529,5
13101,17530,35
13101,17531,59
13101,17532,40
13101,17571,22
13101,17572,50
13101,17573,122.5
13101,17574,8
13101,17614,8
13101,17617,11
13101,17632,9
13101,17633,29
13101,17634,13
13101,17661,1
13101,17662,6
13101,17663,6
13101,17666,2
13101,17682,7
13101,17683,36
13101,17684,4
13101,17685,2
13101,17692,9
13101,17693,26.5
13101,17694,1
13101,17699,14
13101,17700,19
13101,17701,30
13101,17707,12
13101,17708,17
13101,17709,12
13101,17711,2
13101,17712,2
13101,17736,1
13101,17737,6
13101,17752,1
13101,17754,4
13101,17755,2
13101,17756,16
13101,17766,2
13101,17791,2
13101,17808,4
13102,17503,7
13102,17526,7
13102,17529,26
13102,17530,48
13102,17531,43
13102,17532,60
13102,17570,7
13102,17571,29
13102,17572,12
13102,17599,4
13102,17602,4
13102,17632,38
13102,17633,7
13102,17652,9
13102,17653,1
13102,17662,12
13102,17663,12.5
13102,17683,4
13102,17684,11
13102,17692,11
13102,17693,2
13102,17698,11
13102,17699,5
13102,17700,11.5
13102,17706,4
13102,17708,13
13102,17710,3
13102,17727,3
13102,17734,2
13102,17751,6
13102,17752,18
13102,17760,5.5
13102,17761,4
13102,17762,4
13102,17766,1
13103,17530,12
13103,17531,40
13103,17532,8
13103,17547,10
13103,17556,8
13103,17569,2
13103,17570,30.5
13103,17571,32.5
13103,17572,10
13103,17573,9.5
13103,17574,1
13103,17575,2
13103,17598,10
13103,17599,11.5
13103,17602,2
13103,17617,2
13103,17631,7
13103,17632,55
13103,17641,4
13103,17661,2
13103,17662,6
13103,17663,5
13103,17666,26
13103,17667,7
13103,17681,4
13103,17682,2
13103,17684,9
13103,17696,2
13103,17697,31
13103,17698,28
13103,17699,18.5
13103,17700,13.5
13103,17702,6.5
13103,17706,5
13103,17711,6
13103,17726,6
13103,17727,18
13103,17735,2
13103,17738,9
13103,17750,5
13103,17751,14
13103,17752,5
13104,17546,13
13104,17547,15.5
13104,17548,5
13104,17557,1
13104,17569,5
13104,17570,27
13104,17571,22
13104,17572,17
13104,17573,16
13104,17574,66
13104,17575,31
13104,17595,5
13104,17603,6
13104,17625,2
13104,17631,6
13104,17632,19
13104,17633,8
13104,17662,17
13104,17663,14
13104,17664,2
13104,17665,6
13104,17666,6
13104,17681,6
13104,17697,47
13104,17698,52.5
13104,17699,115.5
13104,17700,86
13104,17701,97
13104,17702,25
13104,17703,16
13104,17704,47
13104,17705,21
13104,17706,56
13104,17707,1
13104,17714,4
13104,17715,3
13104,17724,2
13104,17725,3
13104,17733,15
13104,17734,2
13104,17738,3.5
13104,17739,2
13104,17741,1
13104,17743,2
13104,17744,3.5
13104,17750,7
13105,17502,1
13105,17503,2
13105,17546,11
13105,17547,44.5
13105,17548,7
13105,17549,3
13105,17572,15
13105,17573,58.5
13105,17574,46.5
13105,17593,1
13105,17594,39
13105,17595,46
13105,17596,2
13105,17602,4
13105,17621,6
13105,17622,18
13105,17652,8
13105,17663,15
13105,17664,42.5
13105,17665,35
13105,17691,1
13105,17692,13
13105,17693,3
13105,17694,38
13105,17695,39.5
13105,17696,4
13105,17698,27
13105,17699,88.5
13105,17700,134.5
13105,17701,4.5
13105,17702,6
13105,17703,18
13105,17704,31
13105,17705,96.5
13105,17706,14
13105,17707,18
13105,17708,56.5
13105,17709,9
13105,17712,4
13105,17713,2
13105,17714,7
13105,17734,13
13105,17741,17
13105,17742,1.5
13105,17743,8
13105,17750,6
13105,17752,13
13105,17753,12
13105,17768,3
13105,17769,2
13105,17808,5
13106,17502,9
13106,17522,2
13106,17545,2
13106,17547,47.5
13106,17548,42
13106,17549,40
13106,17550,2
13106,17573,36
13106,17574,5
13106,17592,7
13106,17593,51.5
13106,17594,81
13106,17595,18
13106,17596,8
13106,17621,18
13106,17622,21.5
13106,17623,17
13106,17639,1
13106,17648,7
13106,17650,15
13106,17663,4
13106,17664,24.5
13106,17665,3
13106,17682,13
13106,17683,3
13106,17692,2
13106,17693,1
13106,17694,15.5
13106,17695,33
13106,17696,20
13106,17697,26.5
13106,17698,57
13106,17699,67.5
13106,17700,85.5
13106,17701,40
13106,17702,49.5
13106,17703,47
13106,17704,58
13106,17705,19.5
13106,17707,6
13106,17708,68
13106,17709,26
13106,17711,8
13106,17714,9
13106,17715,13
13106,17716,10
13106,17717,4
13106,17719,2
13106,17720,2
13106,17721,12
13106,17726,1
13106,17740,4
13106,17741,13
13106,17743,2
13106,17744,5
13106,17752,5
13106,17807,4
13106,17808,14.5
13107,17502,11
13107,17503,3
13107,17510,2
13107,17521,9
13107,17522,21
13107,17523,24
13107,17524,2
13107,17547,20
13107,17548,33
13107,17549,42
13107,17550,13.5
13107,17573,9.5
13107,17591,26
13107,17592,11
13107,17593,32
13107,17594,12
13107,17611,12
13107,17612,18.5
13107,17613,2
13107,17614,7
13107,17638,4
13107,17639,11
13107,17645,4
13107,17646,4
13107,17647,12
13107,17648,7
13107,17649,14
13107,17663,5
13107,17664,2
13107,17682,2
13107,17683,2
13107,17693,1
13107,17694,8
13107,17695,48.5
13107,17696,30
13107,17697,29
13107,17698,24
13107,17699,3
13107,17700,47
13107,17701,56
13107,17702,57
13107,17703,107.5
13107,17704,38
13107,17708,21
13107,17709,52
13107,17710,4
13107,17725,10
13107,17726,17.5
13107,17744,2
13107,17752,4
13107,17753,2
13107,17757,4
13107,17766,6
13107,17767,3
13107,17772,7
13107,17773,9.5
13107,17790,2
13107,17806,1
13107,17807,17
13107,17808,4
13108,17510,1
13108,17511,37.5
13108,17512,2
13108,17521,4
13108,17522,32
13108,17523,33.5
13108,17524,22.5
13108,17525,4
13108,17530,2
13108,17547,4
13108,17548,13.5
13108,17549,20
13108,17573,2
13108,17579,8
13108,17591,6
13108,17592,5
13108,17604,6
13108,17605,18
13108,17612,17
13108,17613,9
13108,17621,7
13108,17637,14
13108,17638,21.5
13108,17639,4
13108,17640,6
13108,17641,32
13108,17642,24
13108,17645,10
13108,17646,3
13108,17648,6
13108,17649,3
13108,17661,2
13108,17662,2
13108,17678,6
13108,17694,7
13108,17695,45.5
13108,17696,19
13108,17697,22
13108,17698,50.5
13108,17700,12
13108,17701,36
13108,17702,58
13108,17703,68
13108,17704,47
13108,17709,8
13108,17710,4
13108,17716,8
13108,17717,1
13108,17721,2
13108,17723,4
13108,17724,6
13108,17726,4
13108,17742,15
13108,17743,11
13108,17751,13
13108,17752,12
13108,17766,4
13108,17771,6
13108,17772,21
13108,17789,3
13108,17790,13
13108,17793,16
13108,17807,4
13109,17501,1
13109,17522,12
13109,17523,16
13109,17524,14
13109,17546,2
13109,17564,1
13109,17584,3
13109,17604,15.5
13109,17605,11
13109,17620,10
13109,17621,18
13109,17622,8
13109,17636,4
13109,17637,10
13109,17640,24
13109,17641,3
13109,17642,4
13109,17658,7
13109,17678,4
13109,17679,19
13109,17680,8
13109,17681,5
13109,17694,18
13109,17695,9
13109,17697,1
13109,17698,6
13109,17699,14
13109,17701,31
13109,17702,64.5
13109,17703,98
13109,17704,52
13109,17705,13
13109,17706,17.5
13109,17707,33
13109,17708,7
13109,17709,4
13109,17710,5.5
13109,17718,3
13109,17721,5
13109,17722,14
13109,17723,4
13109,17725,7
13109,17771,24
13109,17772,11.5
13109,17773,13
13109,17774,1
13109,17789,18
13109,17790,16
13110,17523,14
13110,17546,3
13110,17547,2
13110,17562,1
13110,17563,11
13110,17564,23
13110,17565,7
13110,17588,7
13110,17604,11
13110,17620,3
13110,17622,3
13110,17623,1
13110,17636,2
13110,17637,16
13110,17640,10
13110,17662,4
13110,17669,1
13110,17679,12
13110,17681,25
13110,17682,3
13110,17692,2
13110,17696,3
13110,17701,6
13110,17702,40
13110,17703,77
13110,17704,100.5
13110,17705,58
13110,17706,15
13110,17707,47
13110,17708,10
13110,17709,12.5
13110,17710,4
13110,17715,3
13110,17722,8
13110,17751,2
13110,17771,8
13110,17772,13
13110,17773,13
13110,17774,3.5
13110,17788,5
13110,17789,10
13110,17792,6
13110,17793,4
13111,17502,6
13111,17509,2
13111,17510,3
13111,17562,6
13111,17563,18
13111,17564,16
13111,17565,10
13111,17569,2
13111,17587,2
13111,17592,3
13111,17593,13
13111,17609,5
13111,17620,7
13111,17621,5
13111,17630,2
13111,17631,2
13111,17634,4
13111,17664,17
13111,17665,10
13111,17679,22
13111,17680,8
13111,17682,30
13111,17695,3
13111,17699,6
13111,17703,46
13111,17704,76
13111,17705,33
13111,17709,2
13111,17722,1
13111,17723,2
13111,17750,4
13111,17751,4
13111,17789,1
13111,17790,2
13111,17791,4
13111,17793,2
13112,17546,4
13112,17547,25.5
13112,17548,48.5
13112,17549,22
13112,17564,3
13112,17565,8
13112,17580,2
13112,17586,4
13112,17587,14
13112,17588,5
13112,17592,1
13112,17593,4
13112,17607,4
13112,17608,19
13112,17609,5
13112,17631,7
13112,17634,3
13112,17664,15
13112,17665,13
13112,17666,5
13112,17667,13
13112,17668,5
13112,17679,22
13112,17680,20
13112,17695,21
13112,17696,7
13112,17718,2
13112,17750,23
13112,17751,5
13112,17769,2
13112,17791,3
13112,17792,6
13113,17500,12
13113,17501,1
13113,17546,24
13113,17547,40.5
13113,17548,24.5
13113,17549,4
13113,17578,16
13113,17579,4.5
13113,17586,4
13113,17587,6
13113,17588,7
13113,17589,4
13113,17591,4
13113,17592,5
13113,17593,7
13113,17605,2
13113,17606,8
13113,17607,29
13113,17608,34.5
13113,17609,2
13113,17664,2
13113,17665,1
13113,17667,23
13113,17668,15
13113,17669,19
13113,17670,4
13113,17675,14.5
13113,17676,7
13113,17694,2
13113,17695,14
13113,17696,12
13113,17709,1
13113,17719,2
13113,17738,3
13113,17739,2
13113,17750,2
13113,17751,8
13113,17793,2.5
13113,17808,1
13114,17500,4
13114,17501,2
13114,17545,7
13114,17546,49
13114,17547,10
13114,17587,11
13114,17588,17
13114,17589,9
13114,17591,3
13114,17592,2
13114,17605,3
13114,17606,17
13114,17607,14
13114,17608,27
13114,17639,10
13114,17640,25
13114,17641,8
13114,17666,2.5
13114,17667,10
13114,17668,7
13114,17669,40
13114,17670,20
13114,17674,11
13114,17675,26
13114,17676,19
13114,17694,3
13114,17695,3
13114,17696,4
13114,17708,3
13114,17709,5
13114,17710,1
13114,17736,1
13114,17737,12
13114,17738,15
13114,17740,5
13114,17750,11
13114,17751,10
13114,17793,3
13114,17794,2
13114,17802,2
13114,17803,6
13114,17808,5
13114,17819,28
13114,17820,11
13115,17487,2
13115,17496,38.5
13115,17506,43.5
13115,17507,36
13115,17545,2
13115,17546,7
13115,17572,2
13115,17575,5
13115,17587,22.5
13115,17588,19
13115,17589,2
13115,17590,10
13115,17591,6
13115,17605,12
13115,17606,57
13115,17607,34
13115,17608,10
13115,17632,2
13115,17639,31
13115,17640,17
13115,17641,2
13115,17661,16.5
13115,17662,13
13115,17667,2
13115,17668,13
13115,17669,4
13115,17674,21
13115,17675,54.5
13115,17676,30
13115,17677,20
13115,17679,4
13115,17695,13
13115,17700,4
13115,17701,21.5
13115,17702,5
13115,17707,1
13115,17715,7
13115,17717,3
13115,17721,5
13115,17738,4
13115,17740,7
13115,17741,11
13115,17755,2
13115,17777,2
13115,17793,2
13115,17802,13
13115,17803,11
13115,17819,16
13115,17820,7
13116,17489,5
13116,17491,8
13116,17493,3
13116,17494,30
13116,17495,44
13116,17496,34
13116,17499,14
13116,17500,1
13116,17506,38
13116,17507,36
13116,17508,68.5
13116,17574,2
13116,17575,12.5
13116,17576,4
13116,17586,8
13116,17587,9
13116,17588,2
13116,17605,2
13116,17606,31
13116,17632,7
13116,17639,3
13116,17660,17
13116,17661,25
13116,17662,3
13116,17667,9
13116,17668,8
13116,17674,18
13116,17675,34
13116,17676,5
13116,17677,25
13116,17694,8
13116,17695,32.5
13116,17696,7
13116,17700,6
13116,17701,10
13116,17702,5
13116,17709,2
13116,17740,9
13116,17741,7
13116,17758,3
13116,17793,2
13116,17794,1
13116,17795,18
13116,17796,6
13116,17803,5
13117,17490,7
13117,17493,17
13117,17494,22
13117,17495,92.5
13117,17496,45
13117,17498,18
13117,17499,74.5
13117,17500,43
13117,17501,18
13117,17506,10
13117,17507,26.5
13117,17508,53.5
13117,17509,11
13117,17530,26
13117,17531,14.5
13117,17573,5
13117,17574,22
13117,17575,7
13117,17576,37.5
13117,17577,9
13117,17586,4
13117,17587,1
13117,17605,2
13117,17632,6
13117,17633,3
13117,17658,2
13117,17659,4
13117,17660,17
13117,17669,3.5
13117,17676,4
13117,17694,8
13117,17695,1
13117,17708,7
13117,17727,10
13117,17749,5
13117,17756,3
13117,17757,3
13117,17795,10
13117,17797,2
13118,17487,3
13118,17494,15
13118,17495,33
13118,17496,71
13118,17497,153
13118,17498,117
13118,17499,84
13118,17500,93
13118,17501,53
13118,17502,5
13118,17508,6
13118,17529,3
13118,17530,44.5
13118,17531,49
13118,17532,29
13118,17573,2
13118,17574,16
13118,17575,34
13118,17576,11
13118,17577,8
13118,17587,12
13118,17636,22
13118,17637,5
13118,17658,9
13118,17669,4
13118,17710,7
13118,17727,4
13118,17733,8
13118,17734,8
13118,17749,2
13118,17752,5
13118,17753,10
13118,17754,17
13118,17755,38
13118,17756,24.5
13118,17757,28.5
13118,17758,4
13118,17803,1
13118,17808,3
13118,17817,1
13119,17490,2
13119,17496,17.5
13119,17497,43
13119,17498,67
13119,17499,109.5
13119,17500,103
13119,17501,44.5
13119,17502,3
13119,17529,18
13119,17530,67.5
13119,17531,58
13119,17532,30
13119,17533,7
13119,17543,3
13119,17544,3
13119,17577,10
13119,17605,1
13119,17636,3.5
13119,17667,2
13119,17669,3
13119,17691,2
13119,17692,14.5
13119,17699,3
13119,17700,2
13119,17701,5
13119,17702,3
13119,17706,2
13119,17707,5
13119,17709,8
13119,17710,22
13119,17737,3
13119,17751,2
13119,17752,24.5
13119,17753,24
13119,17754,45
13119,17755,43
13119,17756,34.5
13119,17757,41.5
13119,17758,33
13119,17763,4
13119,17787,1.5
13119,17788,2
13119,17807,13
13119,17809,2
13119,17814,3
13119,17816,4
13119,17817,21
13120,17490,5
13120,17495,8
13120,17496,24
13120,17497,98
13120,17498,63
13120,17499,10
13120,17500,91.5
13120,17501,72
13120,17502,35.5
13120,17503,9
13120,17529,14
13120,17530,38
13120,17531,30
13120,17532,4
13120,17533,15
13120,17543,7
13120,17544,26
13120,17545,5
13120,17546,1
13120,17574,17
13120,17576,2
13120,17605,7
13120,17629,1
13120,17656,6
13120,17667,11
13120,17678,3
13120,17688,7
13120,17689,11
13120,17690,19
13120,17691,19
13120,17692,14
13120,17699,1
13120,17700,4
13120,17701,19
13120,17702,12
13120,17709,5
13120,17716,7
13120,17717,6
13120,17735,1
13120,17736,1
13120,17737,2
13120,17753,9
13120,17754,53
13120,17755,75
13120,17756,9
13120,17757,30.5
13120,17758,15
13120,17761,1
13120,17787,7
13120,17788,6
13120,17806,8
13120,17807,15
13120,17808,6
13120,17818,1
13121,17495,22
13121,17496,6
13121,17497,45.5
13121,17498,59.5
13121,17499,7
13121,17500,26
13121,17501,70
13121,17502,38
13121,17530,4
13121,17531,11
13121,17542,3
13121,17543,29
13121,17544,37
13121,17545,34
13121,17546,6
13121,17569,15
13121,17570,4
13121,17572,2
13121,17573,2
13121,17574,51
13121,17575,47
13121,17576,19
13121,17637,2
13121,17652,4
13121,17653,2
13121,17666,6
13121,17667,20
13121,17669,5
13121,17670,9
13121,17678,8
13121,17689,27.5
13121,17690,22
13121,17691,22
13121,17708,8
13121,17715,14
13121,17716,21
13121,17717,7
13121,17721,1
13121,17730,4
13121,17731,8
13121,17735,1
13121,17736,1.5
13121,17742,4
13121,17743,11
13121,17744,9
13121,17753,8
13121,17754,35
13121,17755,37
13121,17756,89.5
13121,17757,38
13121,17758,2
13121,17763,2
13121,17787,13
13121,17818,1
13122,17494,18
13122,17495,31.5
13122,17496,57
13122,17497,26
13122,17499,10
13122,17503,2
13122,17530,2
13122,17531,2
13122,17543,18
13122,17544,59
13122,17545,16
13122,17546,22
13122,17550,2
13122,17551,14
13122,17552,2
13122,17568,10
13122,17569,67.5
13122,17570,44
13122,17571,6
13122,17574,36
13122,17575,25
13122,17576,6
13122,17598,13
13122,17636,4
13122,17637,24
13122,17651,10
13122,17652,36.5
13122,17653,6
13122,17664,2
13122,17665,6
13122,17666,11.5
13122,17667,10
13122,17669,6
13122,17670,8
13122,17671,4
13122,17689,11
13122,17690,13
13122,17711,4
13122,17712,4
13122,17717,5.5
13122,17720,16
13122,17721,21
13122,17722,7
13122,17724,5
13122,17729,1
13122,17730,1
13122,17731,6
13122,17737,2
13122,17742,10
13122,17743,11.5
13122,17744,7
13122,17745,4
13122,17746,12.5
13122,17753,4
13122,17754,49
13122,17755,23
13122,17756,59.5
13122,17757,22
13122,17758,7
13122,17765,14.5
13122,17778,2
13122,17787,4
13122,17819,7
13122,17820,6
13123,17494,7.5
13123,17495,2
13123,17498,20
13123,17499,11
13123,17544,30
13123,17545,41
13123,17546,36
13123,17547,11
13123,17551,1
13123,17566,3
13123,17567,34.5
13123,17568,14
13123,17569,67.5
13123,17570,38
13123,17571,9
13123,17573,2
13123,17574,1
13123,17598,44
13123,17600,3
13123,17602,2
13123,17623,3
13123,17624,10
13123,17625,26
13123,17626,19
13123,17627,8
13123,17652,8
13123,17653,5
13123,17664,5
13123,17665,41
13123,17666,35
13123,17667,11.5
13123,17670,16
13123,17671,19
13123,17672,4
13123,17710,2
13123,17711,9
13123,17713,4
13123,17720,8
13123,17721,38
13123,17722,17
13123,17723,1
13123,17729,4
13123,17739,4
13123,17741,4
13123,17742,3
13123,17746,5
13123,17747,27
13123,17748,9
13123,17751,8
13123,17752,22
13123,17753,10
13123,17754,2
13123,17756,4
13123,17757,17
13123,17758,26.5
13123,17767,2
13123,17768,2
13123,17778,13
13123,17779,13
13123,17780,15
13124,17512,4
13124,17544,4
13124,17545,29.5
13124,17546,4
13124,17547,8
13124,17551,2
13124,17552,31
13124,17565,2
13124,17566,42
13124,17567,30
13124,17568,18
13124,17569,9
13124,17570,5
13124,17581,2
13124,17598,47
13124,17599,21
13124,17600,7
13124,17601,10
13124,17602,39
13124,17623,43
13124,17624,21
13124,17625,37
13124,17626,26.5
13124,17627,10
13124,17653,17
13124,17665,4
13124,17666,7.5
13124,17667,5
13124,17670,7
13124,17671,50
13124,17672,8
13124,17679,3
13124,17680,1
13124,17682,3
13124,17685,6
13124,17686,5
13124,17713,5
13124,17722,18
13124,17723,22
13124,17730,6
13124,17739,19
13124,17741,4
13124,17742,3
13124,17745,2
13124,17746,9
13124,17747,9
13124,17750,6
13124,17751,10
13124,17752,4
13124,17756,6
13124,17757,2
13124,17758,12
13124,17768,3
13124,17771,9
13124,17775,4
13124,17776,3
13124,17777,7
13124,17778,19
13124,17779,9
13124,17780,10
13124,17817,2
13124,17823,4
13124,17824,12
13124,17825,22
13125,17507,1
13125,17545,15
13125,17546,15
13125,17547,8
13125,17551,12
13125,17552,27
13125,17565,14
13125,17566,10
13125,17567,6
13125,17598,60
13125,17599,40
13125,17600,36
13125,17601,16.5
13125,17602,50
13125,17603,6
13125,17621,3
13125,17623,25
13125,17624,10
13125,17637,8
13125,17667,13
13125,17668,11.5
13125,17670,2
13125,17671,33
13125,17672,4
13125,17683,8
13125,17684,6
13125,17685,3
13125,17696,7
13125,17709,2
13125,17711,1
13125,17726,1
13125,17729,12
13125,17730,8
13125,17732,8
13125,17746,5
13125,17747,13
13125,17749,5
13125,17750,4
13125,17796,4
13125,17817,1
13125,17824,22
13126,17492,5
13126,17493,2
13126,17494,8
13126,17506,3
13126,17507,14.5
13126,17545,6
13126,17546,14
13126,17547,33
13126,17548,20.5
13126,17549,12
13126,17550,7
13126,17551,23
13126,17552,25.5
13126,17569,5
13126,17590,5.5
13126,17591,26
13126,17598,62.5
13126,17599,56
13126,17600,48
13126,17601,61
13126,17602,21
13126,17603,5
13126,17604,2
13126,17621,5
13126,17622,28.5
13126,17623,31.5
13126,17629,2
13126,17632,2
13126,17639,12
13126,17668,54
13126,17669,3
13126,17679,2
13126,17682,5
13126,17683,12
13126,17684,48
13126,17685,5
13126,17702,6
13126,17706,1
13126,17716,1
13126,17717,2
13126,17724,9
13126,17725,14
13126,17731,1
13126,17745,9
13126,17764,2
13126,17765,9
13126,17766,2
13126,17779,2
13126,17793,2
13126,17796,10
13126,17823,3
13127,17494,2
13127,17547,9
13127,17548,4
13127,17550,18
13127,17551,34
13127,17568,1
13127,17597,3
13127,17598,37
13127,17599,47
13127,17600,87
13127,17601,26
13127,17602,43
13127,17603,48
13127,17604,22
13127,17621,18.5
13127,17622,19
13127,17623,2
13127,17633,21
13127,17634,9
13127,17675,3
13127,17677,4
13127,17678,48.5
13127,17679,57
13127,17680,3
13127,17681,9
13127,17684,8
13127,17690,1
13127,17695,2
13127,17696,11
13127,17717,3
13127,17724,2
13127,17725,11
13127,17726,10
13127,17731,1
13127,17741,5
13127,17745,4
13127,17765,1
13127,17766,2
13127,17773,2
13127,17774,12
13127,17784,4
13127,17785,4
13127,17791,9
13127,17792,6
13127,17793,2
13127,17807,16
13128,17495,1
13128,17505,3
13128,17507,2
13128,17547,2.5
13128,17550,2
13128,17551,17
13128,17555,4
13128,17556,7
13128,17577,4
13128,17596,23
13128,17597,17
13128,17598,36.5
13128,17599,24
13128,17600,31
13128,17601,11
13128,17603,13
13128,17604,2
13128,17619,27
13128,17620,22
13128,17621,18
13128,17634,3
13128,17637,3
13128,17638,2
13128,17655,4
13128,17656,14
13128,17657,15
13128,17674,29
13128,17675,82.5
13128,17676,111.5
13128,17677,3
13128,17678,104.5
13128,17679,62.5
13128,17680,7
13128,17681,28
13128,17682,2.5
13128,17684,10
13128,17706,11
13128,17707,4
13128,17714,2
13128,17715,9
13128,17716,3
13128,17722,7
13128,17725,24.5
13128,17726,11
13128,17732,4
13128,17733,1
13128,17734,2
13128,17741,2
13128,17764,4
13128,17792,5
13128,17804,11
13128,17805,27
13128,17806,16
13128,17807,10
13129,17503,4
13129,17504,2
13129,17510,2
13129,17511,2
13129,17512,5
13129,17513,26
13129,17514,43.5
13129,17546,15
13129,17555,9
13129,17558,6
13129,17559,2
13129,17574,20
13129,17595,12
13129,17596,44
13129,17598,56.5
13129,17599,31.5
13129,17600,18
13129,17601,12
13129,17603,22
13129,17618,14
13129,17619,42
13129,17620,9
13129,17640,5
13129,17641,10
13129,17654,2
13129,17655,11
13129,17656,50
13129,17657,7
13129,17658,13
13129,17674,98.5
13129,17675,79.5
13129,17676,3
13129,17677,8
13129,17678,3
13129,17679,100
13129,17680,27
13129,17681,16
13129,17690,8
13129,17692,2
13129,17693,2
13129,17694,3
13129,17695,5
13129,17696,8
13129,17706,19
13129,17707,2
13129,17709,2
13129,17716,2
13129,17734,14
13129,17735,5
13129,17743,6
13129,17752,1
13129,17762,1
13129,17764,5
13129,17765,5
13129,17798,7
13129,17799,2
13129,17804,1
13129,17805,26
13129,17806,6
13129,17820,3
13129,17821,2
13130,17511,2
13130,17512,59.5
13130,17513,6
13130,17514,2
13130,17531,14
13130,17532,34
13130,17533,19
13130,17534,2
13130,17545,1
13130,17551,2
13130,17558,2
13130,17570,2
13130,17571,4
13130,17597,5.5
13130,17598,67
13130,17599,46.5
13130,17600,11
13130,17603,15.5
13130,17616,18
13130,17617,22.5
13130,17618,48
13130,17620,3
13130,17654,10
13130,17655,21
13130,17656,35
13130,17657,7
13130,17658,10
13130,17662,1
13130,17674,5
13130,17675,7
13130,17676,40
13130,17677,70.5
13130,17678,91.5
13130,17679,16
13130,17680,45.5
13130,17681,12
13130,17683,1
13130,17690,4
13130,17694,6
13130,17695,21
13130,17696,4
13130,17709,2
13130,17710,2
13130,17716,2
13130,17727,1
13130,17734,20
13130,17735,2
13130,17736,10
13130,17742,5
13130,17743,14
13130,17744,3
13130,17748,4
13130,17751,3
13130,17752,5
13130,17753,5
13130,17756,19
13130,17762,3
13130,17763,13
13130,17765,2
13130,17779,1
13130,17802,1
13130,17803,17
13130,17804,7
13130,17805,26.5
13130,17820,10
13131,17510,4
13131,17511,39
13131,17512,53.5
13131,17513,45
13131,17514,5
13131,17531,37
13131,17532,90.5
13131,17533,64
13131,17534,55.5
13131,17535,10
13131,17536,2
13131,17550,10
13131,17551,16
13131,17552,34
13131,17553,10
13131,17554,1
13131,17573,2
13131,17598,8
13131,17599,29
13131,17600,16
13131,17601,25
13131,17602,6
13131,17616,2
13131,17617,17
13131,17654,10
13131,17655,50
13131,17656,48.5
13131,17662,1
13131,17672,5
13131,17673,52
13131,17674,11
13131,17675,9
13131,17676,29
13131,17677,50
13131,17678,175.5
13131,17679,17
13131,17680,5
13131,17683,3
13131,17689,11
13131,17693,2
13131,17710,5
13131,17711,1
13131,17717,3
13131,17734,12
13131,17735,28
13131,17736,2
13131,17741,2
13131,17742,8
13131,17748,3
13131,17749,4
13131,17750,4
13131,17753,5
13131,17763,2
13131,17801,2
13131,17802,5
13131,17804,18
13131,17805,25
13131,17819,4
13131,17820,13
13131,17821,10
13132,17499,17
13132,17511,27
13132,17512,17
13132,17513,29
13132,17514,41
13132,17515,18
13132,17524,2
13132,17531,31
13132,17532,28.5
13132,17533,52
13132,17534,63.5
13132,17535,27.5
13132,17536,15
13132,17537,1
13132,17550,8
13132,17551,5
13132,17552,3
13132,17553,4
13132,17562,2
13132,17563,17
13132,17564,11
13132,17581,5
13132,17599,4
13132,17603,6
13132,17630,3
13132,17631,24
13132,17632,3
13132,17633,5
13132,17635,3
13132,17640,4
13132,17654,39
13132,17655,17
13132,17656,11
13132,17657,3
13132,17665,23
13132,17666,28
13132,17670,9
13132,17671,13
13132,17672,15
13132,17673,40
13132,17674,36
13132,17675,2
13132,17676,25.5
13132,17677,4.5
13132,17678,15.5
13132,17679,20
13132,17688,18
13132,17692,3
13132,17693,4
13132,17704,11
13132,17711,5
13132,17734,6
13132,17735,12
13132,17741,1
13132,17763,5
13132,17804,6
13132,17805,2.5
13132,17808,4
13132,17821,1
13133,17503,8
13133,17510,5
13133,17511,12
13133,17514,30
13133,17515,31.5
13133,17523,10
13133,17524,2
13133,17532,31
13133,17533,77
13133,17534,74.5
13133,17535,47
13133,17536,21
13133,17551,2
13133,17552,3
13133,17562,9
13133,17563,20
13133,17564,4
13133,17565,6
13133,17581,14.5
13133,17615,21
13133,17629,11
13133,17630,29
13133,17631,37
13133,17654,12
13133,17655,10
13133,17660,4
13133,17665,19
13133,17666,2
13133,17671,20.5
13133,17673,17
13133,17674,36
13133,17675,30
13133,17676,8
13133,17679,10
13133,17680,8
13133,17687,12
13133,17688,15
13133,17692,17
13133,17693,3
13133,17711,10
13133,17754,2
13133,17764,5
13133,17778,5
13133,17821,6
13134,17490,4
13134,17493,3
13134,17504,2
13134,17514,5
13134,17515,15
13134,17518,3
13134,17524,4
13134,17533,16
13134,17534,6
13134,17535,2
13134,17558,2
13134,17559,1
13134,17613,7
13134,17614,20
13134,17615,21.5
13134,17627,28
13134,17628,69
13134,17629,46.5
13134,17630,35
13134,17631,55.5
13134,17632,2
13134,17640,2
13134,17641,1
13134,17660,9
13134,17668,18
13134,17669,5
13134,17671,8
13134,17672,7
13134,17673,2
13134,17674,20
13134,17675,4
13134,17679,2
13134,17680,21
13134,17681,8
13134,17686,9
13134,17687,17
13134,17688,7
13134,17705,2
13134,17709,2
13134,17749,3
13134,17750,6
13134,17751,2
13134,17752,2
13134,17753,4
13134,17754,2
13134,17778,1
13134,17779,2
13135,17488,1
13135,17496,4
13135,17533,19
13135,17534,2
13135,17559,1
13135,17561,2
13135,17613,12
13135,17614,42
13135,17625,29
13135,17626,28
13135,17627,70
13135,17628,85
13135,17629,44
13135,17630,21
13135,17631,6
13135,17658,2
13135,17668,10
13135,17669,21
13135,17672,3
13135,17673,4
13135,17674,4
13135,17678,20
13135,17679,35
13135,17680,1
13135,17681,1
13135,17688,2
13135,17716,2
13135,17749,2
13135,17750,4
13135,17751,7
13135,17752,3
13135,17773,2
13135,17774,2
13135,17790,3
13135,17791,3
13135,17795,4
13135,17796,1
13135,17811,1
13135,17812,3
13136,17519,24
13136,17520,33
13136,17521,2
13136,17522,1
13136,17545,2
13136,17548,2
13136,17609,5
13136,17613,28.5
13136,17614,10
13136,17625,39
13136,17626,100.5
13136,17627,70.5
13136,17628,42.5
13136,17629,66
13136,17630,43
13136,17656,3
13136,17668,2
13136,17678,4
13136,17679,7
13136,17681,15
13136,17682,9
13136,17692,1
13136,17693,4
13136,17699,10
13136,17700,2
13136,17704,2
13136,17717,15
13136,17719,3
13136,17724,4
13136,17725,1
13136,17726,14
13136,17751,4
13136,17771,2
13136,17772,6
13136,17773,14
13136,17774,6
13136,17783,2
13136,17794,2
13136,17795,5
13136,17811,12
13136,17812,2
13137,17517,12
13137,17518,40
13137,17519,20
13137,17520,13
13137,17521,4
13137,17534,8
13137,17535,10
13137,17577,3
13137,17613,11
13137,17624,5
13137,17625,34
13137,17626,42
13137,17627,46.5
13137,17628,6
13137,17629,62
13137,17630,82
13137,17631,2
13137,17692,3
13137,17699,3
13137,17700,4
13137,17716,15.5
13137,17718,10
13137,17719,4
13137,17725,16
13137,17726,31
13137,17727,11
13137,17742,3
13137,17744,4
13137,17751,7
13137,17772,2
13137,17773,6
13137,17781,2
13137,17782,20
13137,17783,4
13137,17792,1
13137,17795,9
13137,17797,14
13137,17798,19
13137,17810,14
13137,17817,3
13137,17820,7
13137,17821,2
13137,17822,4
13137,17823,5
13138,17507,11
13138,17516,13.5
13138,17517,26
13138,17518,59
13138,17519,14
13138,17521,2
13138,17532,8
13138,17533,25
13138,17534,85.5
13138,17535,44
13138,17536,37
13138,17552,35
13138,17553,1
13138,17591,3
13138,17604,1
13138,17605,10
13138,17613,6
13138,17615,1
13138,17621,12
13138,17622,19.5
13138,17623,22
13138,17624,39
13138,17625,24
13138,17626,6
13138,17627,28
13138,17629,19
13138,17630,8.5
13138,17672,7
13138,17685,4
13138,17689,3
13138,17690,15
13138,17691,4
13138,17718,3
13138,17719,7
13138,17724,4
13138,17725,9
13138,17726,19
13138,17727,25
13138,17728,2
13138,17743,3
13138,17744,8
13138,17772,1
13138,17780,5
13138,17781,17
13138,17782,20
13138,17793,9
13138,17810,1
13138,17822,2
13138,17823,3
13139,17507,3
13139,17514,13
13139,17515,12
13139,17516,20
13139,17517,2
13139,17531,6
13139,17532,21.5
13139,17533,36
13139,17534,18
13139,17535,15
13139,17536,28
13139,17537,4
13139,17550,29.5
13139,17551,136
13139,17552,101
13139,17553,27
13139,17554,8
13139,17588,15
13139,17589,2
13139,17590,15
13139,17592,7
13139,17600,6.5
13139,17620,12
13139,17621,25
13139,17622,65.5
13139,17623,61
13139,17624,62
13139,17625,19
13139,17637,4
13139,17681,2
13139,17685,10
13139,17689,4
13139,17690,24
13139,17691,11
13139,17705,1
13139,17721,1
13139,17726,8
13139,17727,1
13139,17728,4
13139,17730,13
13139,17733,6
13139,17740,8
13139,17746,4
13139,17747,8
13139,17762,2
13139,17764,2
13139,17781,2
13139,17782,3
13139,17794,15
13139,17817,2
13140,17515,26
13140,17532,11
13140,17534,11
13140,17535,6
13140,17550,14.5
13140,17551,99
13140,17552,117.5
13140,17553,70
13140,17554,3
13140,17588,2.5
13140,17589,45
13140,17590,38
13140,17612,11
13140,17619,16.5
13140,17620,33
13140,17621,21
13140,17622,59.5
13140,17623,47
13140,17624,55
13140,17625,19
13140,17632,1
13140,17633,1
13140,17681,4
13140,17683,16
13140,17684,30
13140,17685,36
13140,17690,2
13140,17691,3
13140,17730,9
13140,17731,2
13140,17732,22
13140,17733,10
13140,17739,5
13140,17740,8
13140,17747,7
13140,17748,3
13140,17762,6
13140,17763,12.5
13140,17764,11
13140,17768,1
13140,17782,1
13140,17821,2
13141,17505,7
13141,17506,19.5
13141,17507,2
13141,17515,3
13141,17516,8
13141,17535,7
13141,17550,33.5
13141,17551,81
13141,17552,66.5
13141,17553,108
13141,17554,50.5
13141,17555,3
13141,17589,22
13141,17590,30
13141,17601,3
13141,17609,1
13141,17610,4
13141,17616,4
13141,17617,9.5
13141,17619,17
13141,17622,9
13141,17623,20
13141,17624,28
13141,17625,1
13141,17632,4
13141,17633,10
13141,17666,2
13141,17667,21
13141,17668,2
13141,17681,3
13141,17682,10
13141,17683,4
13141,17684,4
13141,17685,19
13141,17686,43
13141,17688,1
13141,17707,9
13141,17708,6
13141,17722,5
13141,17726,2
13141,17729,5
13141,17731,5
13141,17732,1
13141,17733,4.5
13141,17739,7
13141,17747,4
13141,17759,5
13141,17760,9
13141,17763,7
13141,17786,2
13141,17794,10
13141,17821,5.5
13142,17504,1
13142,17505,32
13142,17512,3
13142,17513,23
13142,17514,23.5
13142,17515,40.5
13142,17516,25
13142,17517,4
13142,17536,4
13142,17550,38
13142,17551,15.5
13142,17552,40
13142,17553,51
13142,17554,29.5
13142,17555,74
13142,17556,25
13142,17561,5
13142,17574,1
13142,17588,8
13142,17589,31
13142,17590,27.5
13142,17591,5
13142,17601,2
13142,17623,7
13142,17638,2
13142,17640,8
13142,17642,6
13142,17666,21.5
13142,17667,44
13142,17684,12
13142,17685,6
13142,17686,17
13142,17688,4
13142,17698,6
13142,17699,2
13142,17703,6
13142,17707,16
13142,17728,4
13142,17729,13
13142,17735,3
13142,17738,2
13142,17739,13
13142,17766,10
13142,17767,22
13142,17788,4
13142,17794,14
13142,17802,6
13142,17821,14
13142,17822,2
13143,17479,4
13143,17512,3
13143,17516,1
13143,17517,3
13143,17548,2
13143,17549,17
13143,17550,24
13143,17551,47
13143,17552,128
13143,17553,111
13143,17554,81
13143,17555,63
13143,17556,19.5
13143,17561,5
13143,17574,2
13143,17580,2
13143,17587,19
13143,17588,5
13143,17589,16
13143,17591,7
13143,17592,7
13143,17639,5
13143,17640,23
13143,17642,10
13143,17643,3
13143,17666,27
13143,17667,25
13143,17668,38
13143,17669,24
13143,17686,11
13143,17698,3
13143,17701,8
13143,17702,27
13143,17703,21
13143,17704,11
13143,17721,8
13143,17722,8
13143,17732,5
13143,17733,5
13143,17735,6
13143,17738,6
13143,17739,13
13143,17740,14
13143,17744,4
13143,17745,10
13143,17754,6
13143,17763,4
13143,17788,4
13143,17802,9
13143,17822,16
13143,17826,3
13144,17493,14
13144,17494,10
13144,17516,19
13144,17517,8
13144,17548,6
13144,17549,20
13144,17550,71
13144,17551,82
13144,17552,51.5
13144,17553,126
13144,17554,86
13144,17555,34
13144,17568,2
13144,17569,5
13144,17572,19
13144,17580,10
13144,17581,15
13144,17582,5
13144,17584,1
13144,17585,20.5
13144,17586,26
13144,17587,37
13144,17588,3
13144,17591,16
13144,17592,47
13144,17593,13
13144,17599,2
13144,17607,11
13144,17616,2
13144,17622,2
13144,17623,1
13144,17628,1
13144,17639,2
13144,17640,25
13144,17641,31.5
13144,17642,51
13144,17643,3
13144,17664,2
13144,17668,2
13144,17669,4
13144,17701,4
13144,17702,19
13144,17704,2
13144,17705,9
13144,17707,15.5
13144,17708,4
13144,17719,8
13144,17720,13
13144,17721,4
13144,17722,11
13144,17734,4
13144,17738,15
13144,17739,3
13144,17740,9
13144,17741,5
13144,17742,3
13144,17743,9
13144,17744,2
13144,17756,1
13144,17759,2
13144,17822,12
13144,17825,1.5
13145,17485,2
13145,17492,27.5
13145,17493,31.5
13145,17494,1.5
13145,17515,3
13145,17516,1
13145,17551,11
13145,17552,79.5
13145,17553,90.5
13145,17554,52.5
13145,17569,44
13145,17570,36.5
13145,17571,36.5
13145,17572,68
13145,17573,13
13145,17574,14
13145,17575,9
13145,17580,4
13145,17581,14
13145,17586,1
13145,17593,7
13145,17594,4
13145,17595,1
13145,17599,2
13145,17605,8
13145,17639,54.5
13145,17640,33
13145,17641,23
13145,17642,27
13145,17643,8
13145,17664,5
13145,17665,2
13145,17693,6
13145,17702,6
13145,17703,10
13145,17704,16
13145,17707,9
13145,17721,1
13145,17722,5
13145,17725,3
13145,17741,2
13145,17742,52
13145,17743,9
13145,17744,9
13145,17756,3
13145,17757,6
13145,17759,1
13145,17761,1
13145,17762,10
13145,17823,7
13145,17824,8
13145,17826,4
13145,17829,1
13146,17485,2
13146,17492,18
13146,17493,13
13146,17542,2
13146,17548,4
13146,17550,1
13146,17553,10
13146,17554,9
13146,17567,5
13146,17570,30.5
13146,17571,62
13146,17572,52
13146,17573,46
13146,17574,21
13146,17581,3
13146,17634,8
13146,17639,1
13146,17640,5
13146,17641,33
13146,17642,20.5
13146,17643,24.5
13146,17644,17
13146,17664,7
13146,17665,8
13146,17688,7
13146,17689,4
13146,17692,4
13146,17693,8
13146,17720,2
13146,17725,5
13146,17741,3
13146,17743,9
13146,17750,2
13146,17761,2
13146,17762,3
13146,17777,6
13146,17811,4
13146,17823,5
13146,17824,7
13147,17491,6
13147,17492,8
13147,17506,2
13147,17555,9
13147,17557,1
13147,17559,4
13147,17566,15
13147,17567,57.5
13147,17568,16
13147,17570,37.5
13147,17571,83
13147,17572,57
13147,17573,76.5
13147,17574,26
13147,17588,15
13147,17589,12.5
13147,17642,2
13147,17660,1
13147,17661,2
13147,17662,3
13147,17663,2
13147,17664,50.5
13147,17665,4
13147,17666,4
13147,17667,3
13147,17672,5
13147,17673,13
13147,17677,5.5
13147,17678,20
13147,17685,3.5
13147,17686,1
13147,17688,4
13147,17692,9
13147,17700,5
13147,17711,2
13147,17712,12
13147,17713,5
13147,17715,2
13147,17720,1
13147,17721,13
13147,17734,9
13147,17735,3
13147,17800,3
13147,17812,6
13147,17813,1
13147,17825,1
13148,17486,8
13148,17487,7
13148,17491,17
13148,17509,2
13148,17510,4
13148,17555,1
13148,17566,15
13148,17567,36
13148,17568,27
13148,17569,35
13148,17570,48
13148,17571,77.5
13148,17572,39.5
13148,17573,77
13148,17574,17.5
13148,17575,10
13148,17581,1
13148,17584,3
13148,17586,6
13148,17587,2
13148,17588,17
13148,17589,37
13148,17590,12
13148,17598,17
13148,17655,21
13148,17658,4
13148,17660,4
13148,17661,5
13148,17663,7
13148,17664,63
13148,17665,8.5
13148,17666,8
13148,17667,29
13148,17668,19.5
13148,17672,3
13148,17673,18
13148,17674,1
13148,17678,16
13148,17679,4
13148,17681,3
13148,17682,28
13148,17683,7
13148,17684,3
13148,17689,5
13148,17693,8
13148,17699,5
13148,17700,3
13148,17708,2
13148,17712,2
13148,17721,4
13148,17722,2
13148,17736,2
13148,17761,3.5
13148,17800,8
13148,17801,2
13149,17486,33
13149,17487,4
13149,17541,1
13149,17542,2
13149,17557,3
13149,17558,3
13149,17569,22
13149,17570,16
13149,17571,12
13149,17572,79
13149,17573,77
13149,17574,66.5
13149,17575,47.5
13149,17599,11
13149,17602,5
13149,17605,3
13149,17609,4
13149,17610,8
13149,17628,2
13149,17629,2
13149,17652,1
13149,17653,1
13149,17654,27
13149,17655,47
13149,17656,7
13149,17658,3
13149,17663,16
13149,17664,56.5
13149,17665,16
13149,17666,24
13149,17667,48
13149,17668,8
13149,17669,4
13149,17673,10
13149,17674,10
13149,17681,5
13149,17682,33
13149,17683,9
13149,17685,16
13149,17692,2
13149,17698,9
13149,17699,2
13149,17710,2
13149,17719,4
13149,17720,4
13149,17721,4
13149,17722,1
13149,17725,7
13149,17731,4
13149,17732,9
13149,17811,2
13149,17814,2
13149,17815,3
13149,17825,4
13149,17826,3
13150,17490,2
13150,17572,52.5
13150,17573,45
13150,17574,19
13150,17575,9
13150,17601,12
13150,17602,2
13150,17605,4
13150,17610,2.5
13150,17628,2
13150,17651,9
13150,17652,30
13150,17653,31
13150,17654,43
13150,17655,41
13150,17656,58.5
13150,17657,3
13150,17663,10
13150,17664,107
13150,17665,20
13150,17666,52
13150,17667,24
13150,17673,9
13150,17674,1
13150,17687,8
13150,17692,7
13150,17693,9
13150,17697,4
13150,17698,2
13150,17699,1
13150,17704,6
13150,17705,5
13150,17706,3
13150,17714,6
13150,17806,5
13150,17808,3
13151,17490,4
13151,17551,6
13151,17577,6
13151,17582,2
13151,17588,11
13151,17589,18
13151,17590,3.5
13151,17601,11
13151,17606,11.5
13151,17614,2
13151,17650,17
13151,17651,44
13151,17652,50.5
13151,17653,26.5
13151,17656,4
13151,17657,4
13151,17664,13.5
13151,17673,4
13151,17675,4
13151,17680,8
13151,17688,4
13151,17689,1
13151,17692,8
13151,17693,7
13151,17698,2
13151,17700,2
13151,17703,5
13151,17704,1
13151,17705,1
13151,17706,1
13151,17711,10
13151,17715,4
13151,17732,8
13151,17733,2
13151,17752,4
13151,17804,1
13151,17814,4
13152,17477,4
13152,17478,8
13152,17483,10
13152,17558,5
13152,17564,9
13152,17565,1
13152,17576,31.5
13152,17577,17
13152,17578,9
13152,17581,5
13152,17588,16.5
13152,17589,26
13152,17590,16
13152,17601,8
13152,17602,3
13152,17603,21
13152,17604,18
13152,17605,4
13152,17606,5
13152,17611,6
13152,17612,2
13152,17613,8
13152,17648,1
13152,17649,28
13152,17650,5
13152,17651,67.5
13152,17652,32
13152,17653,45.5
13152,17654,71
13152,17655,40
13152,17670,2
13152,17671,5
13152,17686,3
13152,17687,5
13152,17688,4
13152,17689,5
13152,17694,2
13152,17747,2
13152,17748,2
13152,17753,2
13152,17764,1
13152,17773,8
13152,17774,34
13152,17804,6
13152,17805,1
13152,17815,3
13152,17818,3
13152,17820,1
13152,17823,2
13153,17518,22
13153,17519,14.5
13153,17520,4
13153,17550,4
13153,17566,2
13153,17576,1
13153,17577,2
13153,17579,3
13153,17580,16
13153,17581,10
13153,17582,5
13153,17585,2
13153,17592,8
13153,17599,29
13153,17600,14
13153,17601,56
13153,17602,23
13153,17603,4
13153,17604,36.5
13153,17605,12
13153,17606,3
13153,17613,2
13153,17649,40
13153,17650,33.5
13153,17651,53.5
13153,17652,40
13153,17653,73.5
13153,17654,79
13153,17655,61.5
13153,17670,1
13153,17677,5
13153,17695,6
13153,17696,5
13153,17707,7
13153,17709,2
13153,17748,7
13153,17764,5
13153,17771,4
13153,17773,22
13153,17774,8
13153,17804,1
13153,17805,2
13153,17809,6
13153,17825,4
13154,17502,1
13154,17510,5
13154,17513,3.5
13154,17514,16
13154,17515,4
13154,17517,2.5
13154,17518,47.5
13154,17519,17
13154,17520,10
13154,17579,1
13154,17580,2
13154,17581,4
13154,17582,4
13154,17584,12
13154,17590,10
13154,17598,8.5
13154,17599,97
13154,17600,63
13154,17601,30
13154,17602,28.5
13154,17603,20.5
13154,17604,140
13154,17605,107.5
13154,17647,3
13154,17648,46
13154,17649,57.5
13154,17650,49.5
13154,17651,48
13154,17652,72
13154,17653,67
13154,17654,42
13154,17655,25
13154,17665,5
13154,17666,2
13154,17674,8
13154,17687,4
13154,17693,2
13154,17694,4
13154,17697,4
13154,17714,2
13154,17722,4
13154,17729,4
13154,17763,2
13154,17764,2
13154,17771,4
13154,17772,7
13154,17773,4
13154,17774,2
13154,17775,1
13154,17809,2
13154,17825,2
13155,17471,5
13155,17472,6
13155,17473,17
13155,17474,15.5
13155,17475,53
13155,17476,18
13155,17513,2
13155,17514,11
13155,17515,42
13155,17516,17
13155,17519,24
13155,17520,16
13155,17521,7
13155,17536,26
13155,17537,9
13155,17538,25
13155,17539,2
13155,17564,2
13155,17567,2
13155,17568,4
13155,17590,23
13155,17591,34
13155,17594,3
13155,17595,4
13155,17598,6
13155,17599,59
13155,17600,102
13155,17601,45
13155,17602,27
13155,17603,66.5
13155,17604,90.5
13155,17605,35.5
13155,17606,5
13155,17648,15
13155,17649,34
13155,17650,7
13155,17651,43
13155,17652,9
13155,17653,14
13155,17674,8.5
13155,17686,9
13155,17687,5
13155,17688,5
13155,17692,5
13155,17702,3
13155,17704,3
13155,17709,3
13155,17726,4
13155,17727,6
13155,17749,6
13155,17750,20.5
13155,17751,30
13155,17752,10
13155,17764,3
13155,17772,5
13155,17809,4
13155,17825,15
13156,17475,5
13156,17476,16
13156,17486,12
13156,17487,40.5
13156,17488,26
13156,17513,5
13156,17514,5
13156,17515,8
13156,17522,2
13156,17534,2
13156,17535,21
13156,17536,28.5
13156,17537,29.5
13156,17538,5
13156,17545,2
13156,17561,4
13156,17585,3
13156,17587,2
13156,17590,2
13156,17591,2
13156,17594,2
13156,17595,27
13156,17599,6
13156,17600,12
13156,17601,28
13156,17602,32
13156,17603,15
13156,17604,13
13156,17605,25.5
13156,17606,2
13156,17607,1
13156,17649,9
13156,17651,5
13156,17652,7
13156,17662,3
13156,17663,5
13156,17664,2
13156,17667,2
13156,17686,3
13156,17687,2
13156,17693,13.5
13156,17694,2
13156,17737,5
13156,17738,2
13156,17743,2
13156,17749,18.5
13156,17750,50
13156,17751,22.5
13156,17752,3
13156,17756,2
13156,17757,5
13156,17758,10
13156,17759,4
13156,17824,1
13157,17486,2
13157,17487,10
13157,17488,17
13157,17535,42
13157,17536,26
13157,17537,15
13157,17543,2
13157,17544,1
13157,17557,1
13157,17562,3
13157,17587,5
13157,17589,1
13157,17592,2
13157,17594,4
13157,17595,10.5
13157,17596,4
13157,17597,52
13157,17598,98
13157,17599,40
13157,17600,52
13157,17601,91.5
13157,17602,70.5
13157,17603,51.5
13157,17604,64
13157,17605,57.5
13157,17606,37
13157,17662,7
13157,17663,5
13157,17682,12
13157,17683,9
13157,17692,2
13157,17693,1
13157,17724,5
13157,17737,4
13157,17738,27
13157,17749,16
13157,17751,7
13157,17752,3.5
13157,17756,16
13157,17757,6
13157,17758,10
13157,17759,7
13158,17484,8
13158,17485,24
13158,17486,13
13158,17487,69
13158,17488,17
13158,17535,38
13158,17536,40
13158,17551,4
13158,17580,35
13158,17581,82
13158,17588,3
13158,17596,25
13158,17597,72.5
13158,17598,25
13158,17599,84.5
13158,17600,86.5
13158,17601,83.5
13158,17602,43.5
13158,17603,43
13158,17604,20
13158,17605,39.5
13158,17606,47
13158,17607,1
13158,17615,12
13158,17662,7
13158,17663,10
13158,17664,17
13158,17665,3
13158,17682,10
13158,17683,14.5
13158,17684,9
13158,17685,8
13158,17688,4
13158,17703,5
13158,17726,4
13158,17729,7
13158,17737,7
13158,17738,22
13158,17749,2
13158,17756,2
13158,17759,8
13158,17811,2
13159,17483,13
13159,17484,18
13159,17485,39
13159,17486,24
13159,17487,46.5
13159,17488,6
13159,17507,3
13159,17535,15.5
13159,17536,36
13159,17549,2
13159,17550,2
13159,17564,10
13159,17565,14
13159,17578,4
13159,17579,1
13159,17580,51
13159,17581,23
13159,17596,29
13159,17597,20
13159,17598,32.5
13159,17599,47.5
13159,17600,28
13159,17601,41
13159,17602,45.5
13159,17603,6
13159,17618,1
13159,17633,1
13159,17662,11
13159,17663,40
13159,17664,15
13159,17674,6
13159,17679,3
13159,17682,1
13159,17684,1
13159,17685,16
13159,17701,5
13159,17702,12
13159,17703,19
13159,17726,3
13159,17737,8
13159,17738,1
13159,17771,4
13160,17478,2
13160,17484,11
13160,17485,21
13160,17486,15
13160,17487,19
13160,17505,5
13160,17513,5
13160,17535,45.5
13160,17536,46
13160,17549,10
13160,17551,7
13160,17564,7
13160,17565,8
13160,17579,1
13160,17580,8
13160,17583,6
13160,17587,4
13160,17589,3
13160,17594,7
13160,17595,43
13160,17596,27.5
13160,17597,60.5
13160,17598,90
13160,17599,82.5
13160,17600,61.5
13160,17601,41
13160,17630,9
13160,17631,14.5
13160,17632,29.5
13160,17633,39
13160,17634,13
13160,17662,38
13160,17663,9
13160,17684,5
13160,17688,6.5
13160,17693,3
13160,17701,19
13160,17702,15
13160,17703,20
13160,17723,9
13160,17770,4
13160,17771,13
13161,17478,2
13161,17479,16
13161,17480,8
13161,17484,38
13161,17485,66.5
13161,17486,48
13161,17487,16
13161,17488,40
13161,17508,18
13161,17509,8
13161,17510,16
13161,17512,26
13161,17526,2
13161,17534,6
13161,17535,30
13161,17536,8
13161,17549,13
13161,17552,2
13161,17553,1
13161,17583,2
13161,17594,4
13161,17595,20
13161,17597,38
13161,17598,47.5
13161,17599,82
13161,17600,95.5
13161,17601,92
13161,17608,1
13161,17630,21
13161,17631,60
13161,17632,37
13161,17633,27
13161,17634,29
13161,17658,2
13161,17659,7
13161,17660,1.5
13161,17661,26
13161,17662,4
13161,17669,27
13161,17670,19
13161,17671,16
13161,17693,3
13161,17694,11
13161,17697,5
13161,17701,4
13161,17702,1
13161,17722,6
13161,17723,12
13161,17724,2
13161,17733,6
13162,17478,16
13162,17479,25.5
13162,17480,18
13162,17481,2
13162,17484,11
13162,17485,54
13162,17486,55
13162,17487,13
13162,17488,5
13162,17489,11
13162,17509,28.5
13162,17510,35
13162,17511,25
13162,17512,26
13162,17513,3
13162,17528,6
13162,17535,8
13162,17539,2
13162,17579,2
13162,17580,22
13162,17581,21
13162,17594,13
13162,17597,19
13162,17598,51
13162,17599,99
13162,17600,72.5
13162,17601,84.5
13162,17602,28
13162,17608,6
13162,17631,32
13162,17632,29
13162,17633,19
13162,17634,20
13162,17635,3
13162,17650,2
13162,17660,22
13162,17661,23.5
13162,17679,14
13162,17680,2
13162,17696,5
13162,17697,10
13162,17703,2
13162,17717,8
13162,17719,3
13162,17733,2
13163,17479,3
13163,17480,14
13163,17482,3
13163,17485,12
13163,17486,1
13163,17487,43
13163,17488,65.5
13163,17509,4
13163,17510,37.5
13163,17511,35
13163,17512,20
13163,17528,2
13163,17544,8
13163,17550,2
13163,17557,2
13163,17558,13
13163,17559,2
13163,17567,2
13163,17578,7
13163,17579,12
13163,17580,12
13163,17596,8
13163,17597,66.5
13163,17598,111
13163,17599,118.5
13163,17600,65.5
13163,17601,69.5
13163,17630,15.5
13163,17631,26
13163,17632,33.5
13163,17633,8
13163,17634,22.5
13163,17649,6
13163,17660,3
13163,17679,22
13163,17680,31
13163,17681,3
13163,17703,8
13163,17716,4
13163,17717,12.5
13163,17731,6
13163,17732,2
13164,17481,2
13164,17487,19
13164,17488,26
13164,17507,2
13164,17508,5
13164,17509,20
13164,17510,19
13164,17511,16
13164,17549,4
13164,17557,3
13164,17558,16
13164,17559,29
13164,17560,24
13164,17561,14.5
13164,17562,17.5
13164,17563,13
13164,17568,2
13164,17569,6
13164,17570,25
13164,17571,27
13164,17572,5
13164,17576,4
13164,17578,3
13164,17583,4
13164,17595,13
13164,17596,14
13164,17597,87
13164,17598,187
13164,17599,148.5
13164,17600,30
13164,17601,25
13164,17604,4
13164,17632,10
13164,17633,27
13164,17679,11
13164,17680,44
13164,17690,3
13164,17693,7
13164,17694,2
13164,17695,2
13164,17702,4
13164,17703,3
13164,17714,1
13164,17715,1
13164,17716,2
13164,17717,5
13164,17722,8
13164,17740,13
13164,17771,2
13164,17772,1
13165,17487,15
13165,17488,11
13165,17508,1
13165,17511,9
13165,17512,1.5
13165,17524,4
13165,17545,2
13165,17557,2
13165,17558,1
13165,17559,2
13165,17562,2
13165,17563,25.5
13165,17564,23
13165,17569,35
13165,17570,84.5
13165,17571,44
13165,17572,73.5
13165,17573,4
13165,17583,3
13165,17595,19
13165,17598,11
13165,17599,18
13165,17622,1
13165,17623,11
13165,17624,6
13165,17658,2
13165,17673,1
13165,17678,5
13165,17679,26.5
13165,17680,34
13165,17681,10
13165,17701,7
13165,17702,15.5
13165,17714,1
13165,17722,9.5
13165,17726,5
13165,17727,9
13165,17739,12
13165,17740,24
13165,17741,14
13165,17771,18
13165,17772,26
13165,17773,2
13166,17488,2
13166,17540,10
13166,17543,23
13166,17544,29
13166,17545,24.5
13166,17549,4
13166,17550,20
13166,17551,2
13166,17557,10
13166,17558,36
13166,17563,24
13166,17564,24
13166,17565,4
13166,17566,12
13166,17567,10
13166,17568,20
13166,17569,41
13166,17570,93
13166,17571,18
13166,17572,12
13166,17584,4
13166,17593,3
13166,17594,23
13166,17595,24
13166,17619,2
13166,17621,12
13166,17622,66.5
13166,17623,70.5
13166,17624,9
13166,17625,92.5
13166,17626,4
13166,17646,5
13166,17647,42
13166,17648,32.5
13166,17649,4
13166,17650,9
13166,17651,10
13166,17652,4
13166,17658,2
13166,17664,5
13166,17680,7
13166,17691,3
13166,17692,1
13166,17701,3
13166,17702,35
13166,17703,5
13166,17716,4
13166,17720,13
13166,17721,9
13166,17722,9
13166,17726,4
13166,17733,1
13166,17739,4
13166,17740,5
13166,17741,14
13166,17770,1
13166,17771,6
13166,17772,5
13167,17489,7
13167,17490,1
13167,17529,2
13167,17534,3
13167,17542,2
13167,17545,11
13167,17546,17
13167,17547,3
13167,17548,18
13167,17549,15
13167,17550,15
13167,17551,10
13167,17557,16.5
13167,17558,26
13167,17559,28.5
13167,17560,12
13167,17561,4
13167,17563,54
13167,17564,15
13167,17565,59.5
13167,17566,7
13167,17567,23
13167,17568,52
13167,17569,53
13167,17570,6
13167,17571,7
13167,17579,1
13167,17583,9
13167,17584,84.5
13167,17590,1
13167,17593,15
13167,17594,72
13167,17595,85
13167,17596,34.5
13167,17618,6
13167,17619,50.5
13167,17620,39
13167,17621,32
13167,17622,83.5
13167,17623,19
13167,17624,23.5
13167,17625,34
13167,17626,78.5
13167,17642,12
13167,17643,35
13167,17644,16
13167,17645,11.5
13167,17646,29.5
13167,17647,58
13167,17648,40
13167,17649,78
13167,17650,58
13167,17651,12
13167,17652,35.5
13167,17660,6
13167,17664,2
13167,17665,1
13167,17667,16
13167,17669,2
13167,17685,37.5
13167,17686,6
13167,17687,2
13167,17688,4
13167,17695,6
13167,17697,2
13167,17699,6
13167,17702,4
13167,17703,7
13167,17716,1
13167,17719,13
13167,17720,31
13167,17732,2
13167,17733,8
13167,17734,14
13167,17737,2
13168,17490,1
13168,17518,1
13168,17534,2
13168,17546,13
13168,17547,3
13168,17548,9
13168,17558,6
13168,17559,26
13168,17560,30
13168,17561,16
13168,17562,8
13168,17563,52
13168,17564,72.5
13168,17565,52
13168,17566,19
13168,17567,43
13168,17568,48
13168,17569,29
13168,17572,4
13168,17582,10
13168,17583,20
13168,17584,31.5
13168,17585,6
13168,17586,2
13168,17588,21
13168,17589,56.5
13168,17590,79
13168,17591,17.5
13168,17593,83
13168,17594,95
13168,17595,112
13168,17596,34.5
13168,17597,5
13168,17617,13
13168,17618,38.5
13168,17619,42.5
13168,17620,42
13168,17621,38
13168,17622,63.5
13168,17623,32
13168,17624,42.5
13168,17625,36
13168,17638,8
13168,17639,9
13168,17641,6
13168,17642,21
13168,17643,48
13168,17644,32.5
13168,17645,40
13168,17646,12
13168,17647,55
13168,17648,38
13168,17649,28
13168,17650,47.5
13168,17651,42
13168,17652,12
13168,17658,4
13168,17662,3.5
13168,17665,1
13168,17666,3
13168,17667,14
13168,17669,2
13168,17670,9.5
13168,17671,3
13168,17685,27
13168,17686,7
13168,17689,2
13168,17716,8
13168,17719,13.5
13168,17720,4
13168,17732,33
13168,17733,52
13168,17734,14.5
13168,17735,1
13169,17475,3
13169,17476,1
13169,17518,5
13169,17519,2
13169,17522,8
13169,17523,23
13169,17532,16
13169,17547,8
13169,17562,14
13169,17563,57.5
13169,17564,90.5
13169,17565,49
13169,17566,27.5
13169,17567,4
13169,17577,3
13169,17580,8
13169,17581,1
13169,17582,116
13169,17583,120
13169,17584,91
13169,17585,13
13169,17586,25
13169,17587,33
13169,17588,112.5
13169,17589,186
13169,17590,108.5
13169,17591,43.5
13169,17592,74.5
13169,17593,127
13169,17594,117.5
13169,17595,94
13169,17596,108
13169,17597,23
13169,17617,11
13169,17618,16
13169,17619,3
13169,17621,3
13169,17622,48.5
13169,17623,33
13169,17624,39.5
13169,17625,45
13169,17626,40
13169,17638,10
13169,17639,41
13169,17640,41
13169,17641,12
13169,17644,5
13169,17645,5
13169,17646,10
13169,17647,13
13169,17648,3
13169,17650,6
13169,17656,8
13169,17657,4
13169,17661,5.5
13169,17662,5
13169,17663,23
13169,17665,4
13169,17666,2
13169,17667,2
13169,17669,8
13169,17670,4
13169,17684,1
13169,17685,42
13169,17686,3
13169,17687,6
13169,17689,20
13169,17693,6.5
13169,17715,7.5
13169,17731,5
13169,17732,4
13169,17733,45.5
13169,17734,16.5
13170,17477,2
13170,17491,2
13170,17518,14
13170,17519,9
13170,17521,6
13170,17522,24
13170,17523,3
13170,17534,6
13170,17539,11
13170,17545,1
13170,17546,2
13170,17549,2
13170,17573,1
13170,17576,9
13170,17580,114
13170,17581,117
13170,17582,24
13170,17583,57
13170,17584,127
13170,17585,83
13170,17586,91.5
13170,17587,106.5
13170,17588,107
13170,17589,91
13170,17590,112
13170,17591,105.5
13170,17592,97
13170,17593,125.5
13170,17594,31.5
13170,17595,14
13170,17596,75
13170,17597,94
13170,17598,31.5
13170,17620,16
13170,17621,16.5
13170,17622,1
13170,17624,10
13170,17625,46.5
13170,17626,47
13170,17638,7
13170,17639,35
13170,17640,33
13170,17641,2
13170,17647,4
13170,17648,10
13170,17651,22
13170,17656,6
13170,17662,2
13170,17663,24
13170,17664,42.5
13170,17665,14.5
13170,17666,2
13170,17669,34
13170,17670,3
13170,17675,2
13170,17684,2
13170,17685,12
13170,17686,6
13170,17687,8.5
13170,17733,17
13170,17735,2
13170,17736,4
13170,17756,2
13170,17762,2
13170,17763,5
13171,17477,15
13171,17497,3
13171,17518,41
13171,17519,62
13171,17520,8
13171,17521,20
13171,17522,4
13171,17537,1
13171,17549,1
13171,17550,28
13171,17551,15
13171,17572,1
13171,17573,6
13171,17577,2
13171,17580,99.5
13171,17581,95
13171,17582,41
13171,17583,89
13171,17584,96.5
13171,17585,90.5
13171,17586,54.5
13171,17587,177.5
13171,17588,146.5
13171,17589,85
13171,17590,149.5
13171,17591,145.5
13171,17592,125
13171,17593,141.5
13171,17594,4
13171,17595,41
13171,17596,96
13171,17597,93.5
13171,17598,70.5
13171,17601,4
13171,17607,4
13171,17620,17
13171,17621,53.5
13171,17622,24
13171,17624,2
13171,17625,9
13171,17629,22.5
13171,17632,2
13171,17637,16
13171,17638,51
13171,17639,44
13171,17640,46
13171,17641,7
13171,17646,14
13171,17647,25
13171,17651,4
13171,17661,11
13171,17662,5
13171,17663,5
13171,17664,21.5
13171,17665,45.5
13171,17666,11
13171,17668,3
13171,17669,3
13171,17673,14
13171,17677,3
13171,17678,15
13171,17679,14
13171,17688,7
13171,17701,1
13171,17730,3
13171,17754,4
13171,17756,11
13171,17758,3
13171,17762,7.5
13171,17763,1
13172,17497,9
13172,17498,2
13172,17517,6
13172,17518,24
13172,17519,44
13172,17520,21
13172,17521,1
13172,17535,2
13172,17537,15.5
13172,17538,8
13172,17545,2
13172,17546,2
13172,17550,27.5
13172,17551,13
13172,17557,4
13172,17572,2
13172,17573,4
13172,17574,5
13172,17575,1
13172,17577,4
13172,17579,5
13172,17581,33
13172,17582,16
13172,17583,119.5
13172,17584,134.5
13172,17585,107
13172,17586,95.5
13172,17587,35.5
13172,17588,1
13172,17589,37.5
13172,17590,96.5
13172,17591,141.5
13172,17592,164
13172,17593,81
13172,17594,54
13172,17595,195
13172,17596,138
13172,17597,96
13172,17598,155.5
13172,17599,4
13172,17600,15
13172,17601,20
13172,17602,4
13172,17607,2
13172,17627,10
13172,17628,2
13172,17629,57
13172,17630,32
13172,17631,45
13172,17632,46
13172,17633,4
13172,17636,24
13172,17637,25
13172,17640,32
13172,17641,13
13172,17642,2
13172,17645,11
13172,17646,29
13172,17647,4
13172,17652,4.5
13172,17662,6
13172,17669,3
13172,17677,5
13172,17678,19
13172,17686,3
13172,17708,5
13172,17709,4
13172,17712,2
13172,17726,2
13172,17730,4
13172,17754,8
13172,17755,17
13172,17756,14.5
13172,17758,1
13173,17476,1
13173,17497,9
13173,17498,1
13173,17509,3
13173,17518,35
13173,17519,7
13173,17535,3
13173,17537,4
13173,17538,14
13173,17550,25
13173,17553,2
13173,17555,3
13173,17556,12
13173,17557,10
13173,17559,10
13173,17560,2
13173,17561,2
13173,17570,1
13173,17574,2
13173,17577,1
13173,17578,74.5
13173,17579,335.5
13173,17580,245.5
13173,17581,165.5
13173,17582,77
13173,17583,135
13173,17584,113.5
13173,17585,175.5
13173,17586,86
13173,17587,6
13173,17589,75
13173,17590,188.5
13173,17591,175
13173,17592,112.5
13173,17593,67
13173,17594,115
13173,17595,97.5
13173,17596,187
13173,17597,3
13173,17598,18
13173,17599,11
13173,17600,9
13173,17601,26
13173,17602,30
13173,17607,4.5
13173,17626,10.5
13173,17627,96
13173,17628,37
13173,17629,17
13173,17630,27
13173,17631,6
13173,17632,34
13173,17633,23
13173,17634,4
13173,17645,8
13173,17646,3.5
13173,17647,4
13173,17651,15
13173,17652,1
13173,17658,2
13173,17661,8
13173,17663,5
13173,17664,5
13173,17708,2
13173,17709,1
13173,17722,6.5
13173,17723,5
13173,17725,4
13173,17730,1
13173,17754,9
13173,17755,7
13173,17757,2
13174,17474,4.5
13174,17496,5
13174,17497,56
13174,17498,14
13174,17499,4
13174,17507,7
13174,17508,1
13174,17518,30
13174,17535,11
13174,17537,4
13174,17538,50.5
13174,17554,14
13174,17555,14.5
13174,17556,41
13174,17557,21
13174,17559,19
13174,17560,4
13174,17561,42
13174,17562,70.5
13174,17563,14.5
13174,17570,7
13174,17576,2
13174,17577,215.5
13174,17578,372
13174,17579,316.5
13174,17580,208
13174,17581,190.5
13174,17582,104
13174,17583,144
13174,17584,157
13174,17585,284
13174,17586,83.5
13174,17587,40
13174,17588,156.5
13174,17589,6
13174,17590,194
13174,17591,219
13174,17592,214.5
13174,17593,124
13174,17594,112
13174,17595,172.5
13174,17596,128.5
13174,17597,21
13174,17598,17
13174,17599,13
13174,17600,32
13174,17601,9
13174,17602,61.5
13174,17603,116
13174,17605,3
13174,17606,2
13174,17627,62
13174,17628,47
13174,17629,1
13174,17631,16
13174,17632,31
13174,17633,15.5
13174,17634,24
13174,17645,1.5
13174,17646,72
13174,17647,28
13174,17651,27
13174,17652,21.5
13174,17654,11
13174,17661,31
13174,17662,19
13174,17664,4
13174,17665,13.5
13174,17671,4
13174,17672,6
13174,17693,2
13174,17722,3
13174,17723,6
13174,17727,2
13174,17728,2
13175,17475,1
13175,17476,1
13175,17496,2
13175,17497,84
13175,17498,65
13175,17499,4
13175,17500,13.5
13175,17501,20
13175,17502,26
13175,17503,5
13175,17507,17
13175,17508,8
13175,17535,11
13175,17536,28
13175,17537,24
13175,17538,6.5
13175,17552,8
13175,17554,11.5
13175,17555,35
13175,17556,5
13175,17559,5
13175,17560,28
13175,17561,6
13175,17562,2
13175,17563,8
13175,17569,5
13175,17571,7
13175,17572,2
13175,17576,56.5
13175,17577,159.5
13175,17578,172
13175,17579,246
13175,17580,37
13175,17581,98.5
13175,17582,150
13175,17583,144.5
13175,17584,174
13175,17585,150
13175,17586,54.5
13175,17587,213
13175,17588,454
13175,17589,194
13175,17590,101
13175,17591,205.5
13175,17592,186.5
13175,17593,196.5
13175,17594,222.5
13175,17595,125
13175,17596,102.5
13175,17597,81
13175,17598,98
13175,17599,100.5
13175,17600,54
13175,17601,38
13175,17602,69.5
13175,17603,13
13175,17626,17
13175,17627,42
13175,17628,38
13175,17629,18
13175,17633,28
13175,17634,40
13175,17635,10
13175,17645,3
13175,17646,48
13175,17647,4
13175,17652,3.5
13175,17653,2
13175,17654,6
13175,17655,16
13175,17659,11
13175,17660,25.5
13175,17661,51
13175,17662,9
13175,17663,14
13175,17664,8
13175,17671,5
13175,17679,2
13175,17680,6
13175,17694,2
13175,17695,4
13175,17696,2
13175,17722,19.5
13175,17723,38
13175,17724,1
13175,17725,1
13175,17726,1
13175,17727,4
13175,17746,4
13175,17747,2
13175,17749,14
13175,17750,6
13176,17497,35
13176,17498,24
13176,17499,23
13176,17500,32
13176,17501,2
13176,17502,4
13176,17507,6
13176,17508,4
13176,17513,17
13176,17515,5
13176,17542,4
13176,17543,4
13176,17546,5
13176,17547,2
13176,17548,7
13176,17549,28
13176,17550,30
13176,17551,31
13176,17552,60
13176,17553,60.5
13176,17554,39.5
13176,17555,62.5
13176,17556,3
13176,17557,7
13176,17558,2
13176,17559,25
13176,17560,3
13176,17565,2
13176,17566,3
13176,17567,7
13176,17570,43
13176,17571,64.5
13176,17572,40.5
13176,17573,63
13176,17574,49
13176,17575,37
13176,17576,5
13176,17577,7
13176,17578,270.5
13176,17579,353
13176,17580,50
13176,17581,107.5
13176,17582,167.5
13176,17583,162.5
13176,17584,137
13176,17585,259.5
13176,17586,154
13176,17587,269.5
13176,17588,309
13176,17589,162.5
13176,17590,108.5
13176,17591,94
13176,17592,140
13176,17593,88
13176,17594,86
13176,17595,79
13176,17596,133
13176,17597,117
13176,17598,70.5
13176,17599,48
13176,17600,47
13176,17601,36
13176,17602,12
13176,17603,26
13176,17604,2
13176,17624,4
13176,17625,15
13176,17626,35
13176,17627,17.5
13176,17628,10
13176,17634,30
13176,17635,30
13176,17645,3
13176,17646,26
13176,17650,5
13176,17651,38
13176,17652,25
13176,17653,41.5
13176,17654,2
13176,17658,3
13176,17659,60.5
13176,17660,64
13176,17661,35
13176,17671,5
13176,17679,6
13176,17680,2.5
13176,17681,3
13176,17693,6
13176,17694,7
13176,17695,24
13176,17696,18
13176,17722,56.5
13176,17723,10
13176,17724,36
13176,17725,21
13176,17727,3
13176,17729,2
13176,17746,11
13176,17747,11
13177,17498,10
13177,17499,31
13177,17500,59.5
13177,17501,6
13177,17514,12
13177,17541,1
13177,17546,20.5
13177,17547,30
13177,17548,39
13177,17549,22
13177,17550,11
13177,17551,56.5
13177,17552,77
13177,17553,68.5
13177,17554,53
13177,17555,93.5
13177,17556,24.5
13177,17557,9
13177,17558,6
13177,17564,2
13177,17565,27
13177,17566,74.5
13177,17567,94.5
13177,17568,85.5
13177,17569,32.5
13177,17570,15
13177,17574,6
13177,17575,2
13177,17576,55
13177,17577,138
13177,17578,61
13177,17579,137.5
13177,17580,100.5
13177,17581,114
13177,17582,121
13177,17583,315
13177,17584,183.5
13177,17585,258.5
13177,17586,384.5
13177,17587,230
13177,17588,31
13177,17589,76
13177,17590,159
13177,17591,39.5
13177,17592,14
13177,17594,6
13177,17595,126.5
13177,17596,225
13177,17597,117.5
13177,17598,79.5
13177,17599,101
13177,17600,67.5
13177,17601,47
13177,17602,96
13177,17603,83.5
13177,17604,50
13177,17605,7
13177,17623,5
13177,17624,27
13177,17626,2
13177,17629,10
13177,17634,12
13177,17635,24.5
13177,17636,11
13177,17650,6
13177,17651,26
13177,17652,13.5
13177,17653,10
13177,17658,31.5
13177,17659,59.5
13177,17660,16
13177,17661,30
13177,17662,16
13177,17667,1
13177,17694,2
13177,17696,4
13177,17721,26
13177,17722,65
13177,17723,21
13177,17724,23
13177,17725,1
13177,17728,5
13177,17729,1
13177,17744,3
13177,17746,6
13178,17499,7
13178,17500,4
13178,17512,11.5
13178,17513,24.5
13178,17514,26
13178,17515,31
13178,17542,2
13178,17546,1
13178,17551,23
13178,17552,73.5
13178,17553,86.5
13178,17554,36
13178,17555,135
13178,17556,17
13178,17564,2
13178,17565,66
13178,17566,98
13178,17567,132.5
13178,17568,92.5
13178,17569,16
13178,17576,6
13178,17577,83.5
13178,17578,90
13178,17579,121
13178,17580,120
13178,17581,116
13178,17582,186
13178,17583,216.5
13178,17584,96
13178,17585,194
13178,17586,136.5
13178,17587,311.5
13178,17588,249.5
13178,17589,159.5
13178,17590,153
13178,17591,23
13178,17592,15
13178,17593,44
13178,17594,21
13178,17595,71.5
13178,17596,154
13178,17597,112
13178,17598,120.5
13178,17599,78
13178,17600,49
13178,17601,118.5
13178,17602,87
13178,17603,89.5
13178,17604,92.5
13178,17622,36
13178,17623,55
13178,17624,6
13178,17627,17
13178,17635,1
13178,17636,25
13178,17640,2
13178,17641,14
13178,17642,5
13178,17643,15
13178,17651,2
13178,17652,15.5
13178,17653,16
13178,17654,2
13178,17660,1
13178,17680,11
13178,17682,3
13178,17683,4
13178,17694,1
13178,17720,1
13178,17721,12
13178,17722,38
13178,17723,104.5
13178,17743,8
13178,17744,12
13179,17512,62.5
13179,17513,16
13179,17514,57.5
13179,17515,54
13179,17516,16
13179,17517,2
13179,17525,8
13179,17526,14
13179,17527,3.5
13179,17542,3
13179,17546,11
13179,17549,14.5
13179,17550,8
13179,17551,2
13179,17552,13
13179,17553,56.5
13179,17554,46
13179,17555,96
13179,17556,55.5
13179,17561,3
13179,17565,22
13179,17566,135
13179,17567,98
13179,17568,51.5
13179,17576,49
13179,17577,54.5
13179,17578,94
13179,17579,102
13179,17580,122
13179,17581,148.5
13179,17582,29.5
13179,17583,88.5
13179,17584,243.5
13179,17585,21
13179,17586,135
13179,17587,537.5
13179,17588,431.5
13179,17589,279
13179,17590,216.5
13179,17591,100.5
13179,17592,138
13179,17593,91
13179,17594,90
13179,17595,58.5
13179,17596,138
13179,17597,114
13179,17598,29
13179,17599,61.5
13179,17600,20
13179,17601,83
13179,17602,97
13179,17603,134.5
13179,17604,59.5
13179,17622,4
13179,17623,35
13179,17624,4
13179,17626,11
13179,17627,24
13179,17640,15
13179,17641,51
13179,17642,44
13179,17643,29
13179,17644,7
13179,17651,2
13179,17652,5
13179,17653,21
13179,17654,26
13179,17655,6
13179,17679,6
13179,17680,7
13179,17684,2
13179,17690,8
13179,17705,4
13179,17720,3
13179,17721,6
13179,17722,126
13179,17723,86.5
13179,17724,6
13179,17725,6
13179,17742,13
13179,17743,28
13180,17492,3
13180,17512,12
13180,17513,49
13180,17514,2
13180,17515,18
13180,17516,17
13180,17517,10
13180,17521,1
13180,17523,3
13180,17524,5
13180,17527,11
13180,17528,9
13180,17546,3
13180,17547,4
13180,17549,6.5
13180,17551,37
13180,17552,73
13180,17553,36
13180,17554,35.5
13180,17555,24
13180,17556,30
13180,17557,7
13180,17560,3
13180,17561,27
13180,17562,9
13180,17566,40.5
13180,17567,13
13180,17568,21
13180,17577,56
13180,17578,97.5
13180,17579,61.5
13180,17580,220
13180,17581,13.5
13180,17582,129
13180,17583,151
13180,17584,179.5
13180,17585,235
13180,17586,115.5
13180,17587,336
13180,17588,412.5
13180,17589,280
13180,17590,247
13180,17591,243
13180,17592,98.5
13180,17593,175
13180,17594,42
13180,17595,21
13180,17596,59
13180,17597,34.5
13180,17600,29.5
13180,17601,84.5
13180,17602,89
13180,17603,14
13180,17604,7
13180,17637,35
13180,17638,9
13180,17639,21
13180,17640,45
13180,17641,42
13180,17642,44.5
13180,17654,18
13180,17655,4
13180,17675,2
13180,17682,4
13180,17683,3
13180,17685,7
13180,17686,3
13180,17691,6
13180,17704,6
13180,17705,27
13180,17706,6
13180,17720,2
13180,17721,5
13180,17722,89
13180,17723,85.5
13180,17724,29.5
13180,17725,16.5
13180,17726,9
13180,17741,4
13180,17742,5
13180,17743,7.5
13181,17490,14
13181,17492,2
13181,17493,2
13181,17494,2
13181,17495,2
13181,17496,3
13181,17501,1
13181,17502,1
13181,17520,13
13181,17521,5
13181,17522,15
13181,17527,2.5
13181,17528,5
13181,17529,4
13181,17530,7
13181,17531,8
13181,17533,6
13181,17534,14
13181,17535,1
13181,17542,9
13181,17550,2
13181,17551,8
13181,17552,44
13181,17553,47
13181,17556,35.5
13181,17557,39
13181,17560,27
13181,17561,23.5
13181,17562,7
13181,17566,10
13181,17567,80.5
13181,17568,16
13181,17571,6
13181,17577,23
13181,17578,50
13181,17579,236.5
13181,17580,307
13181,17581,1
13181,17582,48
13181,17583,155
13181,17584,162
13181,17585,220.5
13181,17586,61
13181,17587,53
13181,17588,51
13181,17589,211
13181,17590,79.5
13181,17591,163
13181,17592,74
13181,17593,75
13181,17594,76
13181,17595,51.5
13181,17596,29.5
13181,17597,78.5
13181,17598,23
13181,17599,7
13181,17600,75.5
13181,17601,161.5
13181,17602,94
13181,17603,5
13181,17633,25
13181,17634,42
13181,17635,11
13181,17636,13
13181,17637,22
13181,17638,16
13181,17639,9
13181,17642,29
13181,17653,4
13181,17654,4
13181,17676,3
13181,17682,12
13181,17684,2
13181,17685,22
13181,17686,3
13181,17687,9
13181,17702,10
13181,17703,30
13181,17704,11
13181,17705,17
13181,17706,6
13181,17707,1
13181,17708,5
13181,17709,8
13181,17722,16
13181,17723,5
13181,17724,50.5
13181,17725,58
13181,17726,9
13181,17740,4
13181,17741,17
13181,17742,2
13181,17774,4
13181,17775,4
13182,17488,1
13182,17489,4
13182,17490,1
13182,17496,5
13182,17497,1
13182,17498,2
13182,17500,2
13182,17519,6
13182,17527,2
13182,17528,3
13182,17534,1
13182,17535,13
13182,17536,33
13182,17537,23.5
13182,17538,8
13182,17539,1
13182,17540,4
13182,17541,5
13182,17542,16.5
13182,17552,2
13182,17553,7
13182,17556,31
13182,17557,43
13182,17560,6
13182,17561,4
13182,17562,5
13182,17563,43.5
13182,17564,2
13182,17567,87.5
13182,17568,55.5
13182,17569,12
13182,17579,210
13182,17580,128.5
13182,17581,24
13182,17582,46.5
13182,17583,206.5
13182,17584,180.5
13182,17585,151
13182,17586,86
13182,17588,73.5
13182,17589,217.5
13182,17590,119
13182,17591,90.5
13182,17592,112
13182,17593,53.5
13182,17594,149.5
13182,17596,3
13182,17597,21
13182,17598,15
13182,17599,6
13182,17600,76
13182,17601,64.5
13182,17602,40
13182,17604,7
13182,17631,14
13182,17632,15
13182,17633,74.5
13182,17634,22
13182,17635,10
13182,17636,17
13182,17640,9
13182,17641,25
13182,17642,30
13182,17643,9
13182,17676,4
13182,17677,5
13182,17682,1
13182,17684,18
13182,17685,46.5
13182,17686,42
13182,17687,9
13182,17689,3
13182,17701,5
13182,17703,4
13182,17708,2
13182,17713,4
13182,17722,25
13182,17723,2
13182,17724,9
13182,17725,7
13182,17740,2
13182,17741,17
13182,17773,7
13182,17774,6
13182,17775,7
13182,17776,6
13183,17487,11
13183,17488,8
13183,17489,1
13183,17498,1
13183,17512,1
13183,17518,1
13183,17533,2
13183,17534,12
13183,17535,10
13183,17536,71.5
13183,17537,71
13183,17538,4
13183,17539,73.5
13183,17540,78
13183,17541,1
13183,17542,3
13183,17546,7
13183,17547,3
13183,17555,3
13183,17563,19
13183,17564,26
13183,17565,12
13183,17566,3
13183,17567,67.5
13183,17568,55
13183,17569,52
13183,17579,11
13183,17580,123
13183,17581,27
13183,17582,26
13183,17583,165
13183,17584,160
13183,17585,36
13183,17586,82.5
13183,17587,34
13183,17588,35
13183,17589,160.5
13183,17590,374
13183,17591,79
13183,17592,70.5
13183,17593,68.5
13183,17594,42
13183,17595,4
13183,17596,7
13183,17597,29
13183,17598,27
13183,17599,45
13183,17600,91
13183,17601,71
13183,17602,1
13183,17603,4
13183,17604,1
13183,17605,4
13183,17610,4
13183,17621,6
13183,17622,11.5
13183,17623,3
13183,17631,7
13183,17632,11
13183,17641,13
13183,17642,10
13183,17679,14
13183,17680,8
13183,17685,4
13183,17686,5
13183,17687,1
13183,17693,2
13183,17703,2
13183,17707,1
13183,17708,3
13183,17712,9
13183,17720,2
13183,17721,2
13183,17722,11
13183,17723,5
13184,17486,13
13184,17487,1
13184,17505,3
13184,17511,4
13184,17512,8
13184,17513,3
13184,17515,2
13184,17518,2
13184,17527,10
13184,17531,11
13184,17533,6
13184,17534,25
13184,17535,32
13184,17536,40
13184,17538,4
13184,17539,48
13184,17540,126
13184,17541,71
13184,17542,4
13184,17557,2
13184,17564,9
13184,17565,38
13184,17566,2
13184,17567,3
13184,17568,11
13184,17569,18
13184,17570,16
13184,17574,4
13184,17575,24
13184,17580,81
13184,17581,61
13184,17582,87.5
13184,17583,55
13184,17584,136
13184,17585,122
13184,17586,7
13184,17587,48
13184,17588,9
13184,17589,35
13184,17590,49
13184,17591,3
13184,17592,30
13184,17593,40
13184,17594,8
13184,17595,24
13184,17596,98.5
13184,17597,24
13184,17598,75
13184,17599,62.5
13184,17600,41.5
13184,17601,24
13184,17603,8
13184,17604,24
13184,17605,49.5
13184,17614,4
13184,17620,15
13184,17621,5
13184,17633,1
13184,17678,1
13184,17679,13
13184,17680,3
13184,17700,1
13184,17702,2
13184,17703,4
13184,17705,5
13184,17706,3
13184,17707,5
13184,17719,2
13184,17720,2
13184,17721,6
13184,17722,40
13184,17764,2
13185,17486,9
13185,17505,1
13185,17506,3
13185,17507,8
13185,17508,12
13185,17509,12
13185,17510,7
13185,17511,2
13185,17513,7
13185,17514,3
13185,17516,2
13185,17517,4
13185,17525,14
13185,17526,13
13185,17527,6
13185,17529,3
13185,17530,1
13185,17531,2
13185,17539,52
13185,17540,23
13185,17541,46
13185,17542,27.5
13185,17543,4
13185,17565,2
13185,17569,5
13185,17571,6
13185,17575,20.5
13185,17580,24
13185,17581,20
13185,17582,109.5
13185,17583,93.5
13185,17584,79.5
13185,17585,26
13185,17587,38.5
13185,17588,12
13185,17590,48
13185,17591,37.5
13185,17592,107.5
13185,17593,65.5
13185,17594,66
13185,17595,84
13185,17596,116.5
13185,17597,109.5
13185,17598,61
13185,17599,22
13185,17603,62
13185,17604,4.5
13185,17605,33.5
13185,17607,1
13185,17609,4
13185,17610,4
13185,17612,51
13185,17613,65
13185,17614,42
13185,17619,3
13185,17620,44
13185,17643,1
13185,17677,2
13185,17678,22
13185,17679,24
13185,17680,31.5
13185,17691,1
13185,17704,4
13185,17705,1
13185,17706,3
13185,17707,3
13185,17720,19.5
13185,17721,46.5
13185,17738,1
13185,17741,1
13185,17762,3
13185,17764,3
13186,17506,2
13186,17518,4
13186,17525,25
13186,17526,7
13186,17531,2
13186,17532,1
13186,17539,56
13186,17540,31
13186,17541,36.5
13186,17542,53
13186,17543,56
13186,17544,39
13186,17550,2
13186,17551,4
13186,17554,4
13186,17560,2
13186,17570,10
13186,17571,6
13186,17575,8
13186,17576,27
13186,17577,32.5
13186,17578,30
13186,17579,33
13186,17580,18
13186,17581,100.5
13186,17582,109
13186,17583,75
13186,17584,84.5
13186,17587,4
13186,17589,4
13186,17590,52
13186,17591,78.5
13186,17592,28
13186,17593,55.5
13186,17594,79
13186,17595,100
13186,17596,90
13186,17597,150
13186,17598,271
13186,17603,15
13186,17606,2
13186,17607,39.5
13186,17608,31
13186,17609,46.5
13186,17610,61.5
13186,17611,45.5
13186,17612,82.5
13186,17613,97.5
13186,17614,108.5
13186,17615,12
13186,17618,15
13186,17619,9
13186,17620,26
13186,17634,5
13186,17649,27
13186,17652,6
13186,17668,12
13186,17669,44
13186,17670,4
13186,17678,10
13186,17680,13
13186,17685,1
13186,17690,5
13186,17691,30
13186,17710,2
13186,17711,1
13186,17721,27
13186,17722,2
13186,17737,2
13186,17741,2
13186,17763,5
13186,17764,6
13186,17765,3
13187,17536,12
13187,17537,1
13187,17538,1
13187,17539,43
13187,17540,44.5
13187,17541,5
13187,17542,18
13187,17543,15
13187,17544,26
13187,17554,2
13187,17556,2
13187,17560,11
13187,17576,31
13187,17577,53.5
13187,17578,82
13187,17579,92.5
13187,17580,40.5
13187,17581,101
13187,17582,46
13187,17583,43
13187,17584,34.5
13187,17587,1
13187,17588,22
13187,17589,63.5
13187,17590,102.5
13187,17591,51
13187,17592,49
13187,17593,87.5
13187,17594,132.5
13187,17595,69.5
13187,17596,77
13187,17597,122
13187,17598,170
13187,17609,25
13187,17610,69.5
13187,17611,82.5
13187,17612,83
13187,17613,193.5
13187,17614,68
13187,17618,41.5
13187,17619,57.5
13187,17620,55.5
13187,17621,8
13187,17622,16
13187,17645,16
13187,17646,9
13187,17648,27
13187,17649,59
13187,17650,7
13187,17651,21
13187,17652,4
13187,17669,30.5
13187,17670,14
13187,17671,5
13187,17678,3
13187,17685,3
13187,17690,3
13187,17691,7
13187,17703,3
13187,17707,9.5
13187,17708,37
13187,17711,7
13187,17721,31
13187,17729,2
13187,17762,13.5
13188,17525,4
13188,17526,4
13188,17527,11
13188,17529,2
13188,17538,12
13188,17539,56
13188,17540,24
13188,17542,2
13188,17546,18
13188,17560,5
13188,17561,4
13188,17569,5
13188,17576,7
13188,17577,52
13188,17578,25
13188,17579,123
13188,17580,123
13188,17581,76
13188,17582,54.5
13188,17583,58.5
13188,17584,12
13188,17585,5
13188,17586,9
13188,17587,39
13188,17588,71
13188,17589,120
13188,17590,165
13188,17591,115.5
13188,17592,99
13188,17593,71.5
13188,17594,36
13188,17595,17
13188,17596,2
13188,17597,40
13188,17598,12
13188,17609,41.5
13188,17610,77
13188,17611,116
13188,17612,112.5
13188,17613,21
13188,17618,26
13188,17619,75
13188,17620,85
13188,17621,52.5
13188,17622,99.5
13188,17623,18.5
13188,17643,15
13188,17644,61
13188,17645,60
13188,17646,115.5
13188,17647,25.5
13188,17648,86.5
13188,17649,78
13188,17650,19
13188,17651,37
13188,17652,33
13188,17668,4
13188,17669,25
13188,17670,34
13188,17671,4
13188,17674,2
13188,17675,21
13188,17676,19.5
13188,17677,18
13188,17678,4
13188,17679,10
13188,17680,4
13188,17682,2
13188,17685,10
13188,17690,1
13188,17691,16
13188,17692,5
13188,17703,2
13188,17711,7
13188,17719,1
13188,17720,15
13188,17721,21
13188,17728,1
13188,17737,2
13188,17738,4
13188,17745,1
13188,17762,5
13188,17763,4
13189,17524,5
13189,17525,21
13189,17526,6
13189,17538,16
13189,17539,42
13189,17540,8
13189,17548,3
13189,17553,1
13189,17577,4
13189,17578,156.5
13189,17579,129.5
13189,17580,150.5
13189,17581,74
13189,17582,13
13189,17583,46
13189,17584,46.5
13189,17586,2
13189,17587,74
13189,17588,73.5
13189,17589,131
13189,17590,164.5
13189,17591,77
13189,17592,11
13189,17593,5
13189,17595,2
13189,17596,9
13189,17610,13.5
13189,17611,3
13189,17618,27
13189,17619,73
13189,17620,44.5
13189,17621,93.5
13189,17622,73
13189,17633,1
13189,17642,23
13189,17643,76.5
13189,17644,90
13189,17645,129
13189,17646,48.5
13189,17647,32.5
13189,17648,126
13189,17649,49
13189,17650,8
13189,17651,83.5
13189,17652,67.5
13189,17653,4
13189,17670,6
13189,17676,7
13189,17678,20
13189,17679,21
13189,17689,1
13189,17690,19
13189,17691,23
13189,17692,26
13189,17695,11
13189,17696,27
13189,17697,5
13189,17719,40
13189,17720,45.5
13189,17721,2
13190,17521,5
13190,17524,9
13190,17525,9
13190,17530,6
13190,17537,13
13190,17538,11
13190,17539,35
13190,17540,5
13190,17551,2
13190,17552,9
13190,17554,2
13190,17576,5
13190,17578,18
13190,17579,152
13190,17580,153.5
13190,17581,32
13190,17582,134.5
13190,17583,79
13190,17584,90
13190,17585,5
13190,17586,5.5
13190,17587,2
13190,17588,24
13190,17589,101.5
13190,17590,80
13190,17591,4
13190,17597,1
13190,17600,4
13190,17618,69.5
13190,17619,49.5
13190,17620,27
13190,17621,44
13190,17622,3
13190,17623,14.5
13190,17624,37
13190,17625,12
13190,17626,17
13190,17627,3
13190,17641,6
13190,17642,65
13190,17643,94
13190,17644,82.5
13190,17645,30.5
13190,17646,8
13190,17647,3
13190,17648,10
13190,17649,42
13190,17650,77
13190,17651,83
13190,17652,82.5
13190,17653,30
13190,17690,11
13190,17691,1
13190,17692,2
13190,17694,5
13190,17695,37
13190,17696,40
13190,17697,3
13190,17711,1
13190,17716,5
13190,17719,45
13190,17720,5
13190,17724,4
13190,17725,4
13190,17726,2
13190,17727,3
13190,17728,5
13191,17520,5
13191,17537,7
13191,17538,45
13191,17539,5
13191,17552,4
13191,17553,2
13191,17554,2
13191,17555,1
13191,17556,9
13191,17557,6
13191,17573,1
13191,17579,65.5
13191,17580,131
13191,17581,134.5
13191,17582,104
13191,17583,90.5
13191,17584,59
13191,17585,66
13191,17586,2
13191,17588,12
13191,17589,8
13191,17590,12
13191,17591,38
13191,17592,15
13191,17596,3
13191,17597,5
13191,17617,11
13191,17618,146.5
13191,17619,117
13191,17620,47
13191,17621,23
13191,17623,15
13191,17624,91
13191,17625,100
13191,17626,45.5
13191,17627,4
13191,17641,4
13191,17642,63
13191,17643,37
13191,17644,9
13191,17649,4
13191,17650,12
13191,17651,44.5
13191,17652,49
13191,17653,49
13191,17654,9
13191,17688,17
13191,17689,9
13191,17691,2
13191,17694,3
13191,17695,18
13191,17696,24
13191,17714,2
13191,17715,1
13191,17718,3
13191,17719,18.5
13191,17720,1
13191,17724,3
13191,17725,9
13191,17727,2
13191,17730,1
13191,17731,6
13191,17733,4
13192,17540,4
13192,17546,3
13192,17551,3
13192,17556,5
13192,17574,6
13192,17579,2
13192,17580,20
13192,17581,116
13192,17582,56
13192,17583,84
13192,17584,80.5
13192,17585,157.5
13192,17586,59
13192,17587,32
13192,17588,13
13192,17590,2
13192,17591,20
13192,17592,101.5
13192,17597,5
13192,17617,67
13192,17618,108.5
13192,17619,76.5
13192,17620,72.5
13192,17621,85
13192,17622,15
13192,17623,53
13192,17624,87
13192,17625,84
13192,17626,30
13192,17627,45.5
13192,17628,73
13192,17640,27
13192,17641,35
13192,17642,59.5
13192,17643,4
13192,17648,3
13192,17649,38
13192,17651,1
13192,17652,56
13192,17653,63.5
13192,17654,68
13192,17655,1
13192,17663,5
13192,17664,11
13192,17665,4
13192,17666,4
13192,17667,23
13192,17669,5
13192,17688,7
13192,17689,22
13192,17694,2
13192,17699,5
13192,17700,1
13192,17705,9
13192,17706,3
13192,17711,6
13192,17712,2
13192,17713,21
13192,17714,16
13192,17717,4
13192,17718,15
13192,17719,20.5
13192,17720,13
13192,17727,2
13192,17728,51
13192,17729,25
13192,17730,36.5
13192,17751,2
13192,17752,4
13193,17521,2
13193,17522,2
13193,17524,2
13193,17529,3
13193,17556,6
13193,17557,13.5
13193,17571,15
13193,17572,5
13193,17580,10
13193,17582,203.5
13193,17583,110
13193,17584,91
13193,17585,68.5
13193,17586,116
13193,17587,92
13193,17588,83
13193,17589,71
13193,17590,8
13193,17592,6
13193,17597,10
13193,17599,5
13193,17617,102.5
13193,17618,195.5
13193,17619,74.5
13193,17620,26
13193,17621,106.5
13193,17622,46.5
13193,17623,31
13193,17624,66
13193,17625,76
13193,17626,35
13193,17627,84.5
13193,17628,225
13193,17629,16
13193,17640,39
13193,17641,51.5
13193,17642,3
13193,17646,2
13193,17647,8
13193,17648,34.5
13193,17649,52.5
13193,17652,22
13193,17653,93
13193,17654,92.5
13193,17655,51
13193,17660,1
13193,17662,19
13193,17663,30
13193,17664,85.5
13193,17665,75.5
13193,17666,22
13193,17667,64.5
13193,17668,32
13193,17669,60
13193,17670,32
13193,17676,13.5
13193,17677,32
13193,17678,4
13193,17705,10
13193,17706,11.5
13193,17710,10
13193,17711,2
13193,17712,15
13193,17727,12
13193,17728,25.5
13193,17729,52
13193,17730,31.5
13193,17731,25
13193,17747,3
13193,17748,14
13193,17749,8
13193,17750,26.5
13193,17751,33.5
13194,17521,5
13194,17524,4
13194,17529,1
13194,17554,4
13194,17557,16.5
13194,17558,24
13194,17570,14
13194,17571,7.5
13194,17572,2.5
13194,17580,3
13194,17582,69.5
13194,17583,63
13194,17584,114
13194,17585,97
13194,17586,52
13194,17587,4
13194,17588,14
13194,17589,8
13194,17590,3
13194,17592,3
13194,17593,70
13194,17594,26
13194,17595,55
13194,17596,18
13194,17597,15
13194,17607,21
13194,17608,2
13194,17618,138
13194,17619,70.5
13194,17620,63
13194,17621,50
13194,17622,61
13194,17623,70.5
13194,17624,61
13194,17625,43
13194,17626,68
13194,17627,83
13194,17628,74
13194,17629,102
13194,17640,6
13194,17643,4
13194,17644,14
13194,17645,4
13194,17649,58
13194,17650,68
13194,17651,32
13194,17653,9.5
13194,17654,65
13194,17655,96.5
13194,17656,41.5
13194,17657,7
13194,17658,11
13194,17660,5.5
13194,17661,1
13194,17662,6
13194,17663,6
13194,17664,31
13194,17665,38
13194,17666,27.5
13194,17667,88
13194,17668,59
13194,17669,56.5
13194,17670,21
13194,17672,1
13194,17675,15
13194,17676,36
13194,17677,17
13194,17684,5
13194,17685,41
13194,17704,8
13194,17705,2
13194,17707,3
13194,17709,9
13194,17710,7
13194,17712,3
13194,17729,1
13194,17731,1
13194,17734,1
13194,17735,1
13194,17741,2
13194,17747,27
13194,17748,45.5
13194,17749,24
13194,17750,19
13194,17751,30
13194,17752,11
13194,17754,2
13195,17529,2
13195,17530,1
13195,17532,4
13195,17533,1
13195,17546,6
13195,17557,2
13195,17558,25
13195,17559,5
13195,17572,2
13195,17573,3
13195,17582,36.5
13195,17583,23
13195,17584,7.5
13195,17585,76
13195,17586,61
13195,17591,5
13195,17592,26
13195,17593,64
13195,17594,54
13195,17595,17.5
13195,17598,11
13195,17607,10
13195,17608,31
13195,17618,23.5
13195,17619,43.5
13195,17620,30
13195,17621,42
13195,17622,63
13195,17623,50
13195,17624,50.5
13195,17625,48
13195,17627,21.5
13195,17628,36
13195,17629,83.5
13195,17630,30
13195,17639,4
13195,17643,5
13195,17644,20.5
13195,17650,65
13195,17651,53
13195,17652,21
13195,17655,5
13195,17656,19
13195,17657,12.5
13195,17658,5
13195,17660,6
13195,17668,11
13195,17669,61
13195,17670,10
13195,17671,3
13195,17675,29
13195,17676,37
13195,17684,34
13195,17685,11
13195,17688,5
13195,17689,9
13195,17690,3
13195,17703,21
13195,17733,5
13195,17734,8
13195,17735,4
13195,17736,1
13195,17737,5
13195,17739,2
13195,17741,2
13195,17742,1
13195,17745,9
13195,17746,59
13195,17747,45
13195,17748,54
13195,17749,84
13195,17750,59
13195,17751,51
13195,17752,18
13195,17753,10
13196,17532,2
13196,17544,3
13196,17548,2
13196,17559,4
13196,17564,4
13196,17573,6
13196,17585,2
13196,17586,3
13196,17590,16
13196,17591,30
13196,17592,33.5
13196,17593,21.5
13196,17601,4
13196,17620,7
13196,17621,53
13196,17622,83.5
13196,17623,24
13196,17625,4
13196,17626,5
13196,17627,3
13196,17629,14
13196,17634,4
13196,17635,25
13196,17636,1
13196,17637,2
13196,17639,1
13196,17640,3
13196,17641,3
13196,17650,20
13196,17651,53
13196,17652,15.5
13196,17655,2.5
13196,17657,8
13196,17661,4
13196,17663,4
13196,17664,3
13196,17665,3
13196,17669,4
13196,17670,4
13196,17674,4
13196,17675,6
13196,17678,11
13196,17679,21
13196,17680,6
13196,17684,1
13196,17690,12.5
13196,17702,6
13196,17703,8
13196,17704,1
13196,17710,2
13196,17733,1
13196,17743,1
13196,17744,10
13196,17745,24
13196,17746,59
13196,17747,36
13196,17748,12
13196,17749,38
13196,17750,42
13196,17751,60.5
13197,17534,1
13197,17547,5
13197,17548,10
13197,17555,4
13197,17557,4
13197,17559,6
13197,17565,7
13197,17580,2
13197,17588,35.5
13197,17589,29
13197,17590,33
13197,17591,12.5
13197,17610,4
13197,17621,17
13197,17622,53.5
13197,17623,14.5
13197,17624,9
13197,17629,2
13197,17630,19
13197,17634,60
13197,17635,50
13197,17636,21
13197,17650,8
13197,17651,21
13197,17652,13
13197,17658,6
13197,17663,2
13197,17664,16.5
13197,17665,13
13197,17670,1
13197,17678,12
13197,17679,11
13197,17680,6
13197,17704,2
13197,17707,10
13197,17709,2
13197,17746,10
13197,17747,17
13197,17748,38
13197,17749,31.5
13197,17750,46
13197,17751,31
13197,17753,3
13198,17534,1
13198,17547,2
13198,17555,1
13198,17556,6
13198,17565,2
13198,17566,2
13198,17584,5
13198,17587,6
13198,17588,34
13198,17589,28
13198,17590,49
13198,17591,10
13198,17592,2
13198,17593,2
13198,17605,21
13198,17606,1
13198,17610,24
13198,17611,4
13198,17622,2
13198,17623,2
13198,17630,7
13198,17632,11
13198,17633,27
13198,17634,54
13198,17635,40
13198,17636,4
13198,17642,2
13198,17651,2
13198,17652,8
13198,17685,1
13198,17694,4
13198,17695,4
13198,17696,23
13198,17697,21
13198,17735,1
13198,17736,3
13198,17747,31
13198,17748,23
13198,17749,2
13198,17750,14
13198,17751,4
13199,17534,3
13199,17553,2
13199,17554,2
13199,17556,3
13199,17560,2.5
13199,17565,1
13199,17605,4
13199,17610,1
13199,17611,23.5
13199,17633,14
13199,17634,1
13199,17635,19
13199,17672,3
13199,17683,2
13199,17684,35
13199,17685,9
13199,17693,9
13199,17694,22
13199,17695,21
13199,17696,13
13199,17697,2
13199,17702,3
13199,17703,12
13199,17708,6
13199,17750,6
13200,17534,4
13200,17609,3
13200,17610,16
13200,17611,35
13200,17612,11.5
13200,17622,15.5
13200,17649,13
13200,17650,12
13200,17651,6
13200,17659,14
13200,17673,1
13200,17682,11
13200,17683,14
13200,17684,15
13200,17685,2
13200,17693,5
13200,17695,15
13200,17696,10.5
13200,17697,11
13200,17702,4
13200,17703,10
13200,17704,5
13200,17715,7
13200,17716,5
13200,17717,39
13201,17565,8.5
13201,17595,5
13201,17609,1
13201,17610,10
13201,17611,6
13201,17612,1
13201,17618,2
13201,17619,1
13201,17622,21
13201,17623,24
13201,17632,3
13201,17633,1
13201,17649,33.5
13201,17650,58
13201,17651,17
13201,17658,26
13201,17659,43
13201,17660,11
13201,17674,4
13201,17675,8
13201,17678,2
13201,17679,5
13201,17682,4
13201,17683,1
13201,17684,10
13201,17702,1
13201,17706,2
13201,17715,2
13201,17716,23
13201,17717,41.5
13201,17718,29
13202,17588,2
13202,17595,2
13202,17596,4
13202,17618,35
13202,17619,12
13202,17622,10
13202,17623,15
13202,17625,15
13202,17626,7
13202,17629,3
13202,17636,5
13202,17637,33
13202,17638,20
13202,17649,20
13202,17650,14.5
13202,17651,56.5
13202,17652,5
13202,17657,2
13202,17658,44.5
13202,17659,12
13202,17660,2
13202,17661,24
13202,17662,5
13202,17677,4
13202,17679,2
13202,17682,5
13202,17684,3
13202,17690,21
13202,17716,16.5
13202,17717,18
13202,17718,9
13202,17751,2
13203,17536,5
13203,17567,4
13203,17568,7
13203,17571,10
13203,17585,2
13203,17587,12
13203,17588,24.5
13203,17589,2
13203,17618,5
13203,17619,48
13203,17621,11
13203,17622,48.5
13203,17623,12
13203,17625,16
13203,17626,9
13203,17628,2
13203,17635,2
13203,17636,4
13203,17637,18
13203,17638,49
13203,17648,16.5
13203,17649,16.5
13203,17650,21
13203,17651,32
13203,17652,4
13203,17661,4
13203,17662,28
13203,17668,1
13203,17669,4
13203,17671,5
13203,17673,7
13203,17675,2
13203,17682,3
13203,17689,5
13203,17690,34
13203,17691,42.5
13203,17692,10
13203,17693,6
13203,17703,2
13203,17704,7
13203,17705,4
13203,17739,9
13204,17535,10
13204,17536,7
13204,17537,8
13204,17538,9
13204,17566,36.5
13204,17567,83.5
13204,17568,11
13204,17571,2
13204,17584,2
13204,17585,7
13204,17586,59.5
13204,17587,81.5
13204,17588,33
13204,17602,3
13204,17603,1
13204,17615,30
13204,17616,106.5
13204,17617,13
13204,17619,56
13204,17620,44.5
13204,17621,34
13204,17622,18
13204,17624,10
13204,17637,24.5
13204,17638,39
13204,17639,34
13204,17640,6.5
13204,17649,7
13204,17650,15
13204,17651,42
13204,17652,7.5
13204,17661,4
13204,17662,41.5
13204,17663,46
13204,17669,13
13204,17670,11
13204,17672,2
13204,17675,20
13204,17676,58.5
13204,17677,27
13204,17690,23
13204,17691,29
13204,17692,20
13204,17693,34.5
13204,17699,4
13204,17703,37
13204,17704,32
13204,17716,4
13204,17717,6
13204,17720,6
13204,17753,2
13205,17535,38
13205,17536,16
13205,17537,20
13205,17538,20
13205,17539,5
13205,17563,4
13205,17565,2
13205,17566,33
13205,17567,3
13205,17585,6
13205,17586,54
13205,17587,40
13205,17588,62
13205,17589,18
13205,17590,5
13205,17603,2
13205,17609,1
13205,17610,6
13205,17615,62
13205,17616,112
13205,17617,63
13205,17618,4
13205,17619,60
13205,17620,46
13205,17621,4.5
13205,17624,10
13205,17637,13
13205,17638,36.5
13205,17639,12
13205,17640,40
13205,17650,17
13205,17651,24.5
13205,17661,7
13205,17662,34
13205,17663,16
13205,17666,8
13205,17667,10
13205,17670,5
13205,17676,12
13205,17677,51
13205,17684,3
13205,17689,5.5
13205,17690,17
13205,17691,46
13205,17692,44
13205,17693,13
13205,17694,20
13205,17695,1
13205,17703,3
13205,17704,11
13205,17714,9.5
13205,17715,7
13205,17716,17
13205,17717,4
13205,17760,11
13205,17761,11
13206,17535,23.5
13206,17536,29
13206,17537,56.5
13206,17564,25
13206,17565,19
13206,17566,49
13206,17578,6
13206,17583,2
13206,17584,22
13206,17585,27
13206,17586,14
13206,17587,40
13206,17588,52
13206,17589,18.5
13206,17590,2
13206,17595,2
13206,17607,3
13206,17608,4
13206,17609,3
13206,17610,35
13206,17615,68
13206,17616,85.5
13206,17617,91
13206,17618,70
13206,17619,43
13206,17620,23
13206,17623,10
13206,17629,5.5
13206,17630,4
13206,17632,3
13206,17638,10
13206,17640,27
13206,17661,10
13206,17662,22
13206,17663,4
13206,17666,47
13206,17667,17
13206,17670,1
13206,17672,1.5
13206,17673,3
13206,17676,2
13206,17683,4
13206,17686,4
13206,17691,29.5
13206,17692,43.5
13206,17693,61
13206,17694,21
13206,17714,23
13206,17715,10
13206,17723,2
13206,17724,1
13206,17746,2
13206,17751,2
13206,17754,2
13206,17759,2
13206,17760,45
13206,17761,17.5
13206,17762,5
13207,17563,10
13207,17564,43
13207,17565,77
13207,17566,65
13207,17567,24
13207,17568,21
13207,17569,5
13207,17582,7.5
13207,17583,17
13207,17585,4
13207,17589,2
13207,17596,3
13207,17607,2
13207,17608,7
13207,17609,65
13207,17610,57
13207,17611,23
13207,17615,51
13207,17616,58
13207,17617,62
13207,17618,31
13207,17619,39
13207,17620,2
13207,17622,20
13207,17633,2
13207,17637,22
13207,17638,52
13207,17662,5
13207,17666,8
13207,17673,26
13207,17674,2.5
13207,17675,4
13207,17676,10
13207,17677,2
13207,17686,8
13207,17687,45
13207,17688,48
13207,17689,23
13207,17690,15
13207,17691,34.5
13207,17692,38
13207,17693,62
13207,17694,40
13207,17695,21
13207,17698,5
13207,17700,1
13207,17701,7
13207,17715,1
13207,17725,4
13207,17728,2
13207,17729,5
13207,17744,14
13207,17745,1
13207,17751,26
13207,17752,41
13207,17753,5
13207,17759,12
13207,17760,4
13207,17761,5
13207,17763,2
13208,17563,9
13208,17564,64
13208,17565,74.5
13208,17566,69
13208,17567,42
13208,17568,66.5
13208,17569,28.5
13208,17581,2
13208,17582,2
13208,17584,2
13208,17587,1
13208,17588,24
13208,17589,14
13208,17590,18
13208,17606,10
13208,17607,71.5
13208,17608,56
13208,17609,88
13208,17610,84.5
13208,17611,60
13208,17615,15
13208,17616,57.5
13208,17617,69
13208,17618,7
13208,17619,2
13208,17621,5
13208,17622,12
13208,17636,11
13208,17637,17.5
13208,17638,12
13208,17658,6
13208,17660,20
13208,17661,15
13208,17672,4
13208,17673,49
13208,17674,31
13208,17675,57
13208,17676,27
13208,17685,7
13208,17686,4
13208,17687,35
13208,17688,69
13208,17689,24
13208,17690,9
13208,17691,146.5
13208,17692,56
13208,17693,52.5
13208,17694,34
13208,17702,15
13208,17705,4
13208,17706,9
13208,17713,3
13208,17715,6
13208,17720,4
13208,17721,24
13208,17728,4
13208,17729,13
13208,17743,6
13208,17744,27.5
13208,17745,5
13208,17751,3
13208,17752,4
13208,17753,9
13208,17754,7
13209,17557,3
13209,17565,37.5
13209,17566,25
13209,17567,12
13209,17568,53
13209,17569,17
13209,17581,5
13209,17582,11
13209,17589,2
13209,17590,14
13209,17599,16
13209,17600,18
13209,17601,20
13209,17607,10
13209,17608,27
13209,17609,67
13209,17610,85
13209,17611,51.5
13209,17612,8
13209,17615,16
13209,17616,27
13209,17617,11
13209,17621,20
13209,17622,11
13209,17635,20
13209,17636,47.5
13209,17637,32
13209,17657,13
13209,17658,32.5
13209,17659,26
13209,17660,34.5
13209,17661,14
13209,17672,10
13209,17673,39
13209,17674,20
13209,17675,27
13209,17676,12
13209,17684,27
13209,17685,49
13209,17686,2
13209,17687,75.5
13209,17688,81
13209,17689,16
13209,17690,17
13209,17691,98
13209,17692,3
13209,17693,42.5
13209,17702,2
13209,17704,12
13209,17705,23
13209,17706,29
13209,17709,17.5
13209,17710,19
13209,17711,2
13209,17714,3
13209,17715,2
13209,17721,5
13209,17722,3
13209,17728,8
13209,17744,8
13209,17746,2
13210,17569,2
13210,17572,2
13210,17582,4
13210,17591,5
13210,17599,8
13210,17600,25
13210,17608,36
13210,17609,58
13210,17610,92
13210,17611,75
13210,17612,80.5
13210,17613,8
13210,17615,26
13210,17616,50
13210,17617,3
13210,17636,14
13210,17637,10
13210,17638,13
13210,17657,2
13210,17658,20.5
13210,17659,43
13210,17660,8
13210,17673,2
13210,17674,3
13210,17675,12
13210,17676,21
13210,17677,5
13210,17684,4
13210,17685,16
13210,17687,69
13210,17688,63
13210,17689,15
13210,17690,2
13210,17691,128.5
13210,17692,3
13210,17695,6
13210,17702,7
13210,17703,41.5
13210,17704,11
13210,17705,65.5
13210,17706,14.5
13210,17709,12
13210,17710,7
13210,17711,4
13210,17724,2
13210,17744,1
13211,17579,3
13211,17591,2
13211,17599,7
13211,17600,26
13211,17601,22
13211,17605,2
13211,17607,2
13211,17608,70.5
13211,17609,58.5
13211,17610,57.5
13211,17611,61.5
13211,17612,62
13211,17613,56
13211,17614,11
13211,17620,2
13211,17630,7
13211,17631,4
13211,17637,2
13211,17638,2
13211,17658,4
13211,17659,14
13211,17660,3
13211,17674,42.5
13211,17675,17
13211,17676,7
13211,17677,38.5
13211,17678,14
13211,17685,2
13211,17686,3
13211,17687,29
13211,17688,50
13211,17689,52.5
13211,17690,49
13211,17691,63.5
13211,17692,54
13211,17693,45
13211,17695,1
13211,17696,4
13211,17698,1
13211,17702,25.5
13211,17703,64
13211,17704,37
13211,17705,27
13211,17706,15
13211,17709,19
13211,17710,20
13211,17711,7
13211,17727,3
13211,17758,4
13212,17581,11
13212,17582,2
13212,17584,1
13212,17587,6
13212,17589,2
13212,17591,3
13212,17592,2
13212,17598,3
13212,17599,7
13212,17600,45
13212,17601,16
13212,17606,12
13212,17607,66
13212,17608,113.5
13212,17609,78
13212,17610,73.5
13212,17611,61.5
13212,17612,17
13212,17613,15
13212,17630,4
13212,17639,6
13212,17640,4
13212,17656,8
13212,17657,24
13212,17658,43
13212,17659,14
13212,17665,17.5
13212,17674,8
13212,17676,36
13212,17677,4
13212,17685,8
13212,17686,20.5
13212,17687,57
13212,17688,54.5
13212,17689,77
13212,17690,249
13212,17691,224
13212,17692,187.5
13212,17693,169.5
13212,17694,9
13212,17695,17
13212,17696,13
13212,17697,5
13212,17698,16
13212,17701,17
13212,17702,51.5
13212,17703,30
13212,17704,4
13212,17705,52
13212,17706,41
13212,17707,31
13212,17709,15
13212,17710,11
13212,17712,1
13212,17713,6
13212,17721,3
13212,17722,2
13212,17727,14
13212,17728,8
13212,17757,4
13212,17758,33
13212,17759,12.5
13213,17582,2
13213,17583,2
13213,17584,11
13213,17585,6
13213,17586,7
13213,17593,7
13213,17599,23
13213,17600,1
13213,17606,5
13213,17607,53
13213,17608,48
13213,17609,61.5
13213,17610,26
13213,17611,10
13213,17612,21
13213,17619,2
13213,17629,2
13213,17630,1
13213,17651,12
13213,17654,7
13213,17655,2
13213,17657,2
13213,17658,1
13213,17665,28
13213,17686,59
13213,17687,89.5
13213,17688,155.5
13213,17689,71
13213,17690,102
13213,17691,196.5
13213,17692,207
13213,17693,36
13213,17695,3
13213,17696,1
13213,17700,2
13213,17701,64
13213,17702,21
13213,17703,7.5
13213,17704,26.5
13213,17705,60
13213,17706,9
13213,17712,12.5
13213,17713,32
13213,17714,6
13213,17716,4
13213,17723,11
13213,17724,16
13213,17726,1
13213,17727,63
13213,17728,27
13213,17729,2
13213,17731,1
13213,17736,2
13213,17737,13
13213,17746,5
13213,17747,3
13213,17748,2
13213,17758,26.5
13213,17759,29
13213,17760,2
13214,17583,3
13214,17593,6
13214,17595,3
13214,17596,2
13214,17599,10
13214,17600,4
13214,17606,4
13214,17609,12
13214,17618,24
13214,17619,7
13214,17644,28
13214,17645,4
13214,17650,3
13214,17651,34.5
13214,17652,6
13214,17664,1
13214,17665,7
13214,17678,1
13214,17686,31
13214,17687,146
13214,17688,172.5
13214,17689,51.5
13214,17690,71
13214,17691,155.5
13214,17692,71
13214,17693,18
13214,17694,19
13214,17695,15
13214,17700,33.5
13214,17701,30
13214,17703,7
13214,17704,12
13214,17705,23
13214,17712,13
13214,17713,21
13214,17716,5
13214,17718,4
13214,17725,5
13214,17727,55
13214,17728,20
13214,17729,7
13214,17737,14
13214,17746,6
13214,17747,3
13214,17749,4
13215,17567,2
13215,17578,1
13215,17588,11
13215,17589,2
13215,17596,4
13215,17608,4
13215,17609,74.5
13215,17610,12
13215,17611,5
13215,17617,4
13215,17618,52
13215,17619,42
13215,17620,11
13215,17644,15
13215,17645,17
13215,17649,9
13215,17650,23
13215,17651,62
13215,17678,2
13215,17686,7
13215,17687,30
13215,17688,38.5
13215,17689,6
13215,17690,68.5
13215,17691,128
13215,17692,89.5
13215,17693,31
13215,17694,27
13215,17695,58
13215,17696,31
13215,17697,18.5
13215,17698,28
13215,17699,3
13215,17700,28
13215,17701,4
13215,17704,3
13215,17705,8
13215,17706,2
13215,17712,13
13215,17727,3
13215,17728,19
13215,17729,4
13215,17736,4
13215,17749,1
13215,17750,5
13215,17759,8
13216,17567,2
13216,17577,6
13216,17578,3
13216,17588,4
13216,17609,53.5
13216,17610,18.5
13216,17615,6
13216,17617,5
13216,17618,34
13216,17619,4
13216,17644,14
13216,17645,1
13216,17649,7
13216,17650,29
13216,17651,23.5
13216,17652,10
13216,17664,7
13216,17665,1
13216,17671,3
13216,17675,5
13216,17689,28
13216,17690,65.5
13216,17691,143
13216,17692,227.5
13216,17693,35
13216,17694,57.5
13216,17695,11
13216,17697,8
13216,17698,44
13216,17699,33
13216,17700,41.5
13216,17701,7
13216,17702,2
13216,17703,1
13216,17704,8
13216,17706,3
13216,17710,2
13216,17712,10
13216,17728,1
13216,17730,5
13216,17749,1
13216,17750,4
13216,17759,9
13217,17585,9
13217,17586,27
13217,17606,7
13217,17609,4
13217,17610,48.5
13217,17611,30
13217,17614,2
13217,17615,1
13217,17616,2
13217,17617,5
13217,17620,2
13217,17642,4
13217,17664,5
13217,17665,30
13217,17666,14
13217,17670,5
13217,17672,4
13217,17675,18
13217,17676,1
13217,17678,4
13217,17679,17
13217,17680,3
13217,17689,28
13217,17690,66.5
13217,17691,44
13217,17692,6
13217,17693,91
13217,17694,42
13217,17695,16
13217,17696,4
13217,17697,2
13217,17700,1
13217,17707,3
13217,17709,15
13217,17711,1
13217,17712,11
13217,17713,7
13217,17724,28
13217,17725,5
13217,17750,1
13218,17571,5
13218,17584,3
13218,17585,14
13218,17586,33
13218,17609,1
13218,17610,33
13218,17611,16
13218,17612,2
13218,17617,3
13218,17636,5
13218,17641,2
13218,17642,6
13218,17644,10
13218,17645,3
13218,17657,4
13218,17666,12.5
13218,17667,11
13218,17670,2
13218,17675,21
13218,17676,5
13218,17677,1
13218,17678,28
13218,17679,32
13218,17680,13
13218,17681,2
13218,17688,14
13218,17689,108.5
13218,17690,39
13218,17691,19
13218,17693,137
13218,17694,63
13218,17701,1
13218,17711,8.5
13218,17712,27
13218,17713,4
13218,17728,1
13218,17729,3
13218,17756,2
13219,17583,4.5
13219,17584,57.5
13219,17585,16
13219,17586,32
13219,17587,4
13219,17594,22
13219,17595,6
13219,17603,5
13219,17607,2
13219,17610,8
13219,17628,3
13219,17635,11
13219,17636,14
13219,17640,16
13219,17643,5
13219,17660,5
13219,17664,2
13219,17675,18
13219,17676,13
13219,17677,7
13219,17680,7
13219,17688,3
13219,17689,45
13219,17690,30
13219,17692,6
13219,17693,17
13219,17694,8
13219,17696,6
13219,17697,4
13219,17698,20
13219,17699,2
13219,17702,3
13219,17703,6
13219,17704,3
13219,17707,4
13219,17710,3
13219,17721,1
13220,17583,13
13220,17584,72.5
13220,17585,45
13220,17586,67
13220,17587,28
13220,17593,22
13220,17594,47
13220,17595,5
13220,17631,8
13220,17632,46
13220,17636,4
13220,17637,4
13220,17638,7.5
13220,17640,19
13220,17643,9
13220,17664,3
13220,17693,3
13220,17694,2
13220,17695,9
13220,17696,52
13220,17697,6
13220,17712,4
13220,17713,5
13220,17715,3
13220,17733,7
13221,17554,4
13221,17583,58.5
13221,17584,48
13221,17585,26
13221,17586,54
13221,17587,37.5
13221,17588,11
13221,17589,6
13221,17590,2
13221,17592,2
13221,17593,4
13221,17594,7.5
13221,17607,2
13221,17608,17
13221,17609,10
13221,17610,11
13221,17632,38
13221,17633,33
13221,17637,59
13221,17638,36
13221,17662,3
13221,17663,20
13221,17664,1
13221,17673,5
13221,17674,10
13221,17681,5
13221,17682,2
13221,17684,23
13221,17685,8.5
13221,17686,13.5
13221,17692,2
13221,17693,9
13221,17694,45
13221,17695,39
13221,17696,119
13221,17697,30
13221,17721,3
13222,17583,13
13222,17584,41.5
13222,17585,5
13222,17586,15
13222,17587,27.5
13222,17606,5
13222,17607,5
13222,17608,23
13222,17609,39
13222,17610,34
13222,17632,4
13222,17633,45
13222,17634,80
13222,17635,7
13222,17636,4
13222,17637,70.5
13222,17638,61
13222,17639,8
13222,17648,6
13222,17649,8
13222,17663,40.5
13222,17664,7.5
13222,17667,17.5
13222,17668,34
13222,17670,14.5
13222,17674,2
13222,17682,3
13222,17683,6
13222,17687,9
13222,17693,4
13222,17694,37
13222,17695,54.5
13222,17696,40
13222,17697,16
13222,17698,4
13222,17699,20
13222,17700,2
13222,17703,2
13222,17709,14
13222,17715,2
13222,17716,4
13222,17717,2
13222,17734,3
13222,17746,1
13222,17747,2
13222,17750,2
13223,17531,4
13223,17574,9.5
13223,17583,3
13223,17584,20
13223,17585,10.5
13223,17586,35
13223,17587,32
13223,17588,8
13223,17605,2
13223,17606,43
13223,17607,35.5
13223,17608,32
13223,17609,32
13223,17610,32
13223,17632,11
13223,17633,50
13223,17634,81.5
13223,17636,7
13223,17637,55.5
13223,17638,41
13223,17648,18
13223,17649,33
13223,17650,3
13223,17663,13
13223,17668,7
13223,17669,2
13223,17670,14
13223,17671,13
13223,17674,9
13223,17675,19
13223,17676,2
13223,17677,3
13223,17680,12
13223,17681,1
13223,17682,2
13223,17692,2
13223,17693,4
13223,17696,7
13223,17697,15
13223,17698,20
13223,17699,233.5
13223,17700,13
13223,17708,3
13223,17709,2
13223,17716,3
13223,17717,4
13223,17726,11
13223,17732,2
13224,17562,2
13224,17576,9
13224,17583,2
13224,17585,25
13224,17586,45
13224,17587,20
13224,17588,2
13224,17606,17.5
13224,17607,35.5
13224,17608,55.5
13224,17609,18
13224,17610,4
13224,17632,3
13224,17633,4
13224,17634,23
13224,17635,26
13224,17637,2
13224,17638,13
13224,17649,8
13224,17650,2
13224,17669,3
13224,17671,23
13224,17672,5
13224,17674,12
13224,17675,40
13224,17676,4
13224,17679,41
13224,17681,14
13224,17682,17
13224,17687,4
13224,17688,11
13224,17695,3
13224,17697,15
13224,17698,14
13224,17699,3
13224,17700,6
13224,17701,33
13224,17702,8
13224,17705,8
13224,17714,2
13224,17715,2
13224,17729,6
13225,17529,3
13225,17562,10.5
13225,17567,3
13225,17575,2
13225,17577,4
13225,17585,15.5
13225,17586,37
13225,17607,9
13225,17608,33
13225,17609,35
13225,17610,1
13225,17623,2
13225,17635,36
13225,17636,12
13225,17655,8
13225,17657,8
13225,17659,2
13225,17660,1
13225,17664,23
13225,17671,5
13225,17672,5
13225,17673,14
13225,17678,7
13225,17679,54
13225,17680,14
13225,17681,35
13225,17682,13
13225,17696,19
13225,17697,59.5
13225,17698,14
13225,17700,4
13225,17701,5
13225,17704,15
13225,17705,3
13225,17750,9
13225,17752,3
13226,17529,3
13226,17562,45
13226,17563,12
13226,17564,18
13226,17565,4
13226,17566,29
13226,17567,26
13226,17597,8
13226,17609,22.5
13226,17624,9
13226,17625,26
13226,17626,39
13226,17627,49
13226,17628,4
13226,17638,2
13226,17646,2
13226,17647,22
13226,17648,13.5
13226,17649,1
13226,17655,37
13226,17656,2
13226,17658,2
13226,17664,8
13226,17672,29
13226,17673,30
13226,17674,1
13226,17678,2
13226,17679,40
13226,17680,67
13226,17681,33
13226,17682,42
13226,17683,4
13226,17686,3
13226,17688,5
13226,17693,2
13226,17695,2
13226,17696,17
13226,17697,18
13226,17698,9
13226,17701,2
13226,17704,15
13226,17708,2
13226,17733,5
13226,17752,13
13227,17560,2
13227,17561,16
13227,17562,15
13227,17563,13
13227,17564,24
13227,17565,45
13227,17566,14
13227,17568,6
13227,17588,4
13227,17594,5
13227,17596,6
13227,17597,19
13227,17623,4
13227,17624,38
13227,17625,4
13227,17626,1
13227,17627,17
13227,17628,13
13227,17632,5
13227,17638,2
13227,17639,4
13227,17640,1
13227,17646,5
13227,17647,6
13227,17655,3
13227,17656,1
13227,17658,12
13227,17661,4
13227,17666,1
13227,17674,2
13227,17679,9
13227,17682,6
13227,17685,4
13227,17688,2
13227,17692,3
13227,17693,29.5
13227,17702,23
13227,17704,4
13227,17705,5
13227,17709,3
13227,17742,3
13227,17746,5
13227,17752,1
13227,17754,2
13227,17755,3
13228,17561,51
13228,17562,35
13228,17563,65
13228,17564,31
13228,17565,47
13228,17566,53
13228,17567,43.5
13228,17568,92.5
13228,17569,5
13228,17594,5
13228,17595,20
13228,17596,16
13228,17597,4
13228,17623,27
13228,17624,28
13228,17625,7
13228,17626,2
13228,17627,6
13228,17628,4.5
13228,17633,4
13228,17638,7
13228,17639,25
13228,17642,11
13228,17643,6
13228,17665,17.5
13228,17666,40
13228,17667,10
13228,17668,2
13228,17688,4
13228,17693,16
13228,17694,9
13228,17695,18
13228,17696,6
13228,17714,2
13228,17731,2
13228,17734,3
13228,17743,2
13228,17754,9.5
13229,17562,5
13229,17563,13
13229,17564,49
13229,17565,35.5
13229,17566,53
13229,17567,45
13229,17568,73
13229,17569,23
13229,17594,3
13229,17595,19
13229,17596,2
13229,17625,8
13229,17627,3
13229,17628,16
13229,17632,1
13229,17633,3
13229,17639,16.5
13229,17640,7
13229,17642,14
13229,17643,7
13229,17649,7
13229,17650,35
13229,17651,11
13229,17660,2
13229,17666,21
13229,17667,4
13229,17673,2
13229,17685,2
13229,17686,12
13229,17692,3
13229,17695,6
13229,17696,3
13229,17713,1
13229,17742,4
13229,17750,5
13229,17754,1
13230,17562,7
13230,17563,58.5
13230,17564,29
13230,17565,36
13230,17566,57.5
13230,17567,11
13230,17568,28.5
13230,17569,4
13230,17595,7
13230,17596,3
13230,17627,13
13230,17628,2
13230,17640,6
13230,17646,1
13230,17660,19
13230,17661,4
13230,17662,2
13230,17663,7
13230,17672,5
13230,17677,1
13230,17687,9
13230,17692,4
13230,17697,5
13230,17700,2
13230,17702,4
13230,17703,2
13230,17707,9
13230,17711,2
13230,17715,3
13230,17757,3
13230,17759,2
13230,17766,2
13231,17531,3
13231,17544,10
13231,17562,2
13231,17563,13
13231,17564,13
13231,17565,26
13231,17566,17
13231,17567,3
13231,17578,2
13231,17580,3
13231,17581,12
13231,17582,4
13231,17594,2
13231,17595,8
13231,17596,7
13231,17618,8
13231,17626,9
13231,17627,44
13231,17628,2
13231,17636,9
13231,17637,1.5
13231,17648,4
13231,17650,3
13231,17651,4
13231,17660,11
13231,17661,7
13231,17662,8
13231,17663,2
13231,17672,8.5
13231,17675,10
13231,17676,7
13231,17682,6
13231,17688,1
13231,17705,1
13231,17719,3
13231,17724,10
13231,17757,12
13231,17758,19
13231,17759,29
13231,17767,5
13231,17768,1
13232,17543,1
13232,17544,5
13232,17563,26
13232,17564,37
13232,17580,3
13232,17581,6
13232,17582,3
13232,17614,2
13232,17616,3
13232,17617,28.5
13232,17618,34.5
13232,17619,2
13232,17625,1
13232,17626,2
13232,17627,42
13232,17628,24
13232,17629,10
13232,17636,10
13232,17637,3
13232,17638,2
13232,17642,5
13232,17650,4
13232,17651,4
13232,17660,14.5
13232,17661,7
13232,17662,83
13232,17663,11
13232,17664,4
13232,17666,5
13232,17676,7.5
13232,17703,4
13232,17706,1
13232,17709,5
13232,17710,5
13232,17711,2
13232,17716,8
13232,17738,3
13232,17758,6
13232,17759,3
13232,17760,1
13233,17563,13
13233,17564,7
13233,17596,4
13233,17601,4
13233,17616,27
13233,17617,31.5
13233,17618,62.5
13233,17619,31
13233,17620,2
13233,17624,3
13233,17625,13
13233,17626,15
13233,17627,15
13233,17628,2
13233,17638,2
13233,17656,1
13233,17660,13
13233,17661,37
13233,17662,20
13233,17663,9.5
13233,17664,4
13233,17666,5
13233,17672,9
13233,17676,2
13233,17681,2
13233,17696,9
13233,17697,3
13233,17699,4
13233,17700,7
13233,17710,3
13233,17713,5
13233,17716,5
13233,17727,2
13233,17728,2
13233,17739,4
13233,17758,4
13233,17761,8
13233,17770,3
13234,17597,22
13234,17600,2
13234,17616,21.5
13234,17617,28
13234,17618,2
13234,17619,7
13234,17620,14
13234,17626,20.5
13234,17627,2
13234,17651,31
13234,17652,2
13234,17660,5
13234,17661,22
13234,17662,6
13234,17675,5
13234,17679,6
13234,17687,1
13234,17688,3
13234,17689,2
13234,17696,5
13234,17726,8
13234,17727,2
13234,17728,1
13234,17752,4
13234,17753,7
13234,17754,5
13234,17758,2
13234,17766,5
13234,17767,1
13234,17768,6
13234,17769,5
13235,17533,4
13235,17536,19.5
13235,17537,6
13235,17597,23.5
13235,17616,58
13235,17617,45
13235,17618,40
13235,17620,11
13235,17632,2
13235,17651,19.5
13235,17652,2
13235,17655,4
13235,17656,4
13235,17661,55
13235,17662,2
13235,17677,3
13235,17679,4.5
13235,17692,1
13235,17697,16
13235,17704,15
13235,17705,13
13235,17712,1
13235,17714,6
13235,17715,3
13235,17722,4
13235,17732,2
13235,17733,3
13235,17752,2
13235,17761,5
13235,17762,2
13235,17764,5
13236,17532,8
13236,17537,2
13236,17552,8
13236,17553,9
13236,17596,4
13236,17597,36
13236,17598,6
13236,17599,2
13236,17615,18.5
13236,17616,1
13236,17617,31
13236,17618,70
13236,17619,3
13236,17652,5
13236,17656,4
13236,17672,2
13236,17688,12
13236,17692,4
13236,17705,13
13236,17720,5
13236,17721,22
13236,17723,2
13236,17733,1
13236,17738,1
13236,17747,6
13236,17761,2
13236,17762,6
13236,17764,4
13237,17526,6
13237,17532,4
13237,17597,10
13237,17598,13
13237,17600,4
13237,17615,15
13237,17617,6
13237,17618,4
13237,17632,2
13237,17634,3
13237,17639,5
13237,17643,2
13237,17644,1
13237,17645,9
13237,17646,4
13237,17656,2
13237,17657,12
13237,17666,6
13237,17667,2
13237,17670,3
13237,17671,1
13237,17679,2
13237,17688,3
13237,17689,2
13237,17699,2
13237,17707,5
13237,17712,32
13237,17720,2
13237,17721,2.5
13237,17733,3
13237,17735,7
13237,17747,4
13237,17748,5
13237,17756,4
13237,17764,2.5
13238,17526,34
13238,17536,14.5
13238,17601,4
13238,17614,27
13238,17615,17
13238,17631,1
13238,17632,32
13238,17633,2
13238,17634,2
13238,17639,12
13238,17647,2
13238,17652,4
13238,17656,1
13238,17663,2
13238,17664,5
13238,17667,8
13238,17668,3
13238,17669,9
13238,17679,1
13238,17683,3
13238,17684,5
13238,17686,6
13238,17699,2
13238,17704,4
13238,17707,1
13238,17708,2
13238,17711,5
13238,17712,14
13238,17721,2
13238,17731,2.5
13238,17735,8.5
13239,17526,4
13239,17542,4
13239,17593,5.5
13239,17594,1
13239,17600,5
13239,17601,12
13239,17609,7
13239,17610,16
13239,17611,6
13239,17612,33
13239,17613,26
13239,17614,8
13239,17615,22
13239,17624,1
13239,17625,2
13239,17632,22
13239,17633,5
13239,17638,11
13239,17639,30
13239,17640,23
13239,17644,4
13239,17663,2
13239,17667,9
13239,17676,2
13239,17679,3
13239,17688,8
13239,17699,3
13239,17706,8.5
13239,17707,5
13239,17710,4
13239,17711,2
13240,17593,25
13240,17594,6
13240,17600,14
13240,17601,81
13240,17602,11
13240,17605,6
13240,17610,6
13240,17611,11
13240,17612,7
13240,17613,11
13240,17614,5.5
13240,17638,5
13240,17639,42.5
13240,17640,53
13240,17641,17
13240,17645,10
13240,17651,5.5
13240,17661,2
13240,17662,5
13240,17667,15
13240,17672,6
13240,17678,4
13240,17687,3
13240,17688,2
13240,17692,2
13240,17694,10
13240,17709,7
13240,17734,5
13240,17736,2
13241,17591,2
13241,17593,3
13241,17594,15
13241,17601,27
13241,17602,17
13241,17603,23
13241,17606,3
13241,17609,2
13241,17620,2
13241,17632,3
13241,17637,10
13241,17638,17
13241,17640,7
13241,17644,3
13241,17652,3
13241,17665,2
13241,17666,12
13241,17667,22
13241,17668,2
13241,17670,1
13241,17672,5
13241,17676,4
13241,17687,18
13241,17694,10
13241,17695,2
13241,17734,8
13241,17739,8
13241,17758,3
13242,17560,2
13242,17593,1
13242,17594,6
13242,17595,5
13242,17601,15
13242,17602,24
13242,17603,34
13242,17632,11
13242,17633,4
13242,17634,2
13242,17640,4
13242,17641,20
13242,17664,2
13242,17666,2
13242,17667,7
13242,17668,22
13242,17673,1
13242,17674,9
13242,17679,9
13242,17690,3
13242,17723,5
13242,17724,4
13242,17731,11
13242,17732,21
13242,17733,3
13242,17736,3
13242,17758,3
13243,17534,1
13243,17539,20.5
13243,17559,11
13243,17560,25
13243,17593,42
13243,17594,13
13243,17595,24
13243,17601,30
13243,17602,15
13243,17603,18
13243,17604,4
13243,17622,1
13243,17632,10
13243,17633,20
13243,17634,4
13243,17636,2
13243,17637,3
13243,17640,1
13243,17641,24
13243,17642,5
13243,17659,12
13243,17662,1
13243,17669,5
13243,17685,9
13243,17704,4
13243,17713,1
13243,17732,20.5
13243,17733,48.5
13243,17739,17
13244,17533,5.5
13244,17534,5
13244,17539,4
13244,17548,6
13244,17558,12
13244,17559,37
13244,17560,15
13244,17586,8
13244,17593,3
13244,17594,16
13244,17595,6.5
13244,17596,10
13244,17600,6
13244,17601,28
13244,17602,45.5
13244,17603,32
13244,17604,12
13244,17605,7
13244,17611,5
13244,17613,3
13244,17632,21
13244,17633,16
13244,17634,3
13244,17637,1
13244,17638,2
13244,17649,4
13244,17650,3
13244,17651,9
13244,17655,3.5
13244,17662,6
13244,17686,2
13244,17690,3
13244,17704,4
13244,17712,6
13244,17733,15
13244,17749,1
13244,17764,2
13245,17531,2
13245,17532,2
13245,17548,8
13245,17557,4
13245,17558,36
13245,17559,39
13245,17560,5
13245,17600,8
13245,17601,8
13245,17602,26
13245,17611,4
13245,17613,2
13245,17622,5
13245,17633,2
13245,17644,2
13245,17650,8
13245,17651,1
13245,17663,2
13245,17668,6.5
13245,17669,2
13245,17679,4
13245,17718,1
13245,17734,1
13245,17742,1
13245,17754,3
13246,17532,36
13246,17533,11
13246,17542,1
13246,17543,1
13246,17544,2
13246,17548,8
13246,17558,5
13246,17562,6
13246,17577,21.5
13246,17578,24
13246,17602,3
13246,17612,3
13246,17622,10
13246,17635,4
13246,17645,4
13246,17666,2
13246,17683,4
13246,17684,3
13246,17690,2
13246,17693,5
13246,17694,3
13246,17695,4
13246,17705,3
13246,17709,16
13246,17710,7
13246,17718,11
13246,17719,14
13246,17728,4
13246,17729,21
13246,17740,3
13246,17752,3
13246,17753,1
13246,17754,5
13246,17756,3
13246,17757,4
13247,17529,2
13247,17530,2
13247,17531,12
13247,17532,13
13247,17542,20
13247,17543,2
13247,17544,6
13247,17547,2
13247,17548,1
13247,17558,2
13247,17559,3
13247,17561,1
13247,17562,8
13247,17577,39.5
13247,17578,29
13247,17580,4
13247,17601,2
13247,17602,2
13247,17612,6
13247,17613,5
13247,17614,2
13247,17617,2
13247,17635,3
13247,17653,12
13247,17659,4
13247,17678,2
13247,17679,1
13247,17680,4
13247,17681,8
13247,17684,3
13247,17686,3
13247,17692,5
13247,17709,5
13247,17710,6
13247,17718,3
13247,17725,3
13247,17728,10
13247,17729,15
13247,17752,3.5
13247,17759,7
13247,17760,2
13248,17531,1
13248,17542,9
13248,17543,24
13248,17544,30
13248,17545,28
13248,17546,17
13248,17547,12
13248,17548,6
13248,17556,6
13248,17557,3
13248,17558,4
13248,17561,9
13248,17562,24
13248,17563,11
13248,17576,24
13248,17577,40
13248,17578,5
13248,17579,3
13248,17580,18
13248,17602,3
13248,17610,4
13248,17611,15
13248,17612,51
13248,17613,32
13248,17623,26.5
13248,17624,7
13248,17635,6
13248,17636,4
13248,17644,3
13248,17651,18
13248,17653,17
13248,17654,8
13248,17659,10
13248,17680,3
13248,17681,18
13248,17684,26
13248,17685,4
13248,17686,1
13248,17687,4
13248,17698,1
13248,17703,6
13248,17704,7
13248,17723,1
13248,17725,1
13248,17728,7
13248,17729,4
13248,17730,2
13248,17732,6
13248,17734,1
13248,17735,2
13248,17736,4
13248,17738,1
13248,17752,18
13248,17753,8
13248,17754,6
13248,17760,2
13249,17540,12
13249,17541,9
13249,17542,5
13249,17543,54
13249,17544,57
13249,17545,28
13249,17546,41.5
13249,17547,5
13249,17548,4
13249,17549,1
13249,17556,2
13249,17557,1
13249,17560,2
13249,17568,2
13249,17569,8
13249,17574,5.5
13249,17575,6
13249,17576,11
13249,17577,35.5
13249,17578,55.5
13249,17579,16
13249,17608,4
13249,17609,14
13249,17610,4
13249,17611,34
13249,17612,39
13249,17613,28
13249,17622,5
13249,17623,2
13249,17624,10
13249,17632,1
13249,17636,2
13249,17646,3
13249,17649,8
13249,17667,4
13249,17669,4
13249,17679,3
13249,17685,2
13249,17700,5
13249,17703,2
13249,17704,3
13249,17723,2
13249,17733,2
13249,17740,2
13249,17747,2
13249,17750,1
13249,17753,34.5
13249,17754,39
13249,17755,8
13249,17756,3
13250,17540,6
13250,17541,64
13250,17542,46
13250,17543,58.5
13250,17544,46.5
13250,17545,20
13250,17546,29
13250,17551,7
13250,17558,18.5
13250,17568,4
13250,17569,39.5
13250,17577,25.5
13250,17578,31.5
13250,17579,4.5
13250,17609,4
13250,17610,2
13250,17612,4
13250,17621,5
13250,17622,3
13250,17632,1
13250,17635,6
13250,17636,3
13250,17642,3
13250,17648,5
13250,17649,7
13250,17678,15
13250,17683,4
13250,17684,1
13250,17692,20
13250,17694,3
13250,17700,17
13250,17701,2
13250,17704,3
13250,17719,6
13250,17724,1
13250,17750,3.5
13250,17751,2
13250,17753,16
13250,17754,20
13250,17755,2
13250,17756,5
13250,17757,7
13251,17541,15
13251,17542,44
13251,17543,24
13251,17544,12
13251,17546,2
13251,17553,1
13251,17555,2
13251,17556,4
13251,17568,2
13251,17569,23
13251,17570,20
13251,17571,17
13251,17577,2
13251,17581,8
13251,17582,26.5
13251,17583,3
13251,17632,1
13251,17633,17
13251,17634,4
13251,17641,8
13251,17642,4
13251,17649,22.5
13251,17650,2
13251,17656,8
13251,17674,8.5
13251,17676,13
13251,17677,9
13251,17678,24
13251,17681,2
13251,17684,3
13251,17708,1
13251,17719,23
13251,17720,2
13251,17724,2
13251,17725,2
13251,17733,4
13251,17740,2
13251,17742,2
13251,17750,4
13251,17751,14
13251,17752,27
13251,17753,70.5
13251,17754,21
13251,17756,4
13252,17543,4
13252,17548,7
13252,17549,1
13252,17568,6
13252,17569,19
13252,17570,12
13252,17577,7
13252,17578,13
13252,17579,6
13252,17582,1
13252,17595,18
13252,17596,12
13252,17597,4
13252,17633,4
13252,17634,3
13252,17635,24
13252,17636,5
13252,17646,5
13252,17649,23.5
13252,17650,10
13252,17656,3
13252,17666,8
13252,17672,10
13252,17674,5
13252,17678,11
13252,17679,6
13252,17681,3
13252,17689,2
13252,17690,1
13252,17695,1
13252,17696,14
13252,17713,1
13252,17714,9
13252,17717,10
13252,17726,3
13252,17746,5
13252,17751,15
13252,17752,52
13252,17753,38
13252,17754,23
13252,17755,22
13252,17756,17.5
13253,17551,2
13253,17552,6
13253,17554,30
13253,17577,2
13253,17578,21
13253,17595,2
13253,17596,25
13253,17597,8
13253,17603,2
13253,17605,9
13253,17606,1
13253,17607,1
13253,17610,3
13253,17634,5
13253,17635,6
13253,17636,7
13253,17642,4
13253,17647,18.5
13253,17648,29.5
13253,17649,33.5
13253,17650,16
13253,17674,7
13253,17675,3
13253,17691,2
13253,17698,4
13253,17708,15
13253,17710,2
13253,17716,7
13253,17724,2
13253,17752,35
13253,17753,17
13253,17754,23.5
13253,17755,45
13253,17756,20
13253,17762,2
13254,17539,1
13254,17543,2
13254,17553,7
13254,17554,11
13254,17558,5
13254,17578,10
13254,17595,4
13254,17596,5
13254,17597,16
13254,17603,14
13254,17604,18
13254,17606,10
13254,17607,3
13254,17618,1
13254,17631,4
13254,17647,2
13254,17648,7
13254,17649,6
13254,17650,2
13254,17655,7
13254,17667,2
13254,17668,2
13254,17673,6
13254,17676,4
13254,17689,2
13254,17698,3
13254,17704,1
13254,17710,1
13254,17711,2
13254,17722,3
13254,17733,1
13254,17740,3
13254,17752,5.5
13254,17755,3
13255,17539,1
13255,17546,5
13255,17553,3
13255,17554,8
13255,17560,1
13255,17597,5
13255,17598,11
13255,17601,16
13255,17602,16
13255,17603,3
13255,17608,4
13255,17613,1
13255,17618,3
13255,17626,4
13255,17628,2
13255,17631,3
13255,17644,8
13255,17646,2
13255,17648,5
13255,17653,2
13255,17655,1
13255,17666,3
13255,17673,1
13255,17676,2
13255,17685,3
13255,17703,14
13255,17704,11
13255,17709,1
13255,17722,4
13255,17728,5
13255,17734,5
13255,17747,3
13255,17751,3
13255,17758,4
13256,17555,2
13256,17556,10
13256,17599,4
13256,17601,2
13256,17602,4
13256,17606,3.5
13256,17608,3.5
13256,17613,1
13256,17626,12
13256,17627,14
13256,17640,1
13256,17644,1
13256,17649,3
13256,17660,2
13256,17666,6
13256,17673,10
13256,17682,2
13256,17686,5
13256,17687,14
13256,17694,10
13256,17701,2
13256,17702,3
13256,17703,4
13256,17704,2
13256,17709,2
13256,17716,12
13256,17717,2
13256,17728,1
13256,17732,3
13256,17749,2
13256,17755,2
13256,17762,4
13257,17540,1
13257,17542,2
13257,17544,2
13257,17556,13
13257,17596,3
13257,17597,16
13257,17602,5
13257,17604,4
13257,17607,13
13257,17608,13
13257,17612,2
13257,17617,11
13257,17625,5
13257,17631,6
13257,17632,5.5
13257,17638,8
13257,17639,2
13257,17640,2
13257,17644,5
13257,17648,3
13257,17659,3
13257,17676,4
13257,17682,1
13257,17684,11
13257,17687,2
13257,17688,3
13257,17690,2
13257,17692,2.5
13257,17693,15.5
13257,17694,10
13257,17707,2
13257,17716,20
13257,17731,1
13257,17732,3
13257,17752,4
13258,17541,1
13258,17596,16
13258,17597,34
13258,17607,7
13258,17608,5
13258,17613,6
13258,17627,7
13258,17630,1
13258,17631,2
13258,17632,5
13258,17636,1
13258,17650,3
13258,17669,2
13258,17676,5
13258,17680,9
13258,17683,1
13258,17686,6
13258,17687,11
13258,17691,11
13258,17692,7
13258,17693,37
13258,17694,1
13258,17697,3
13258,17698,2
13258,17699,7
13258,17700,4
13258,17701,4
13258,17711,11
13258,17716,4
13258,17718,10
13258,17731,4
13258,17732,7
13258,17751,3
13258,17758,2
13259,17544,2
13259,17545,11
13259,17557,5
13259,17558,2
13259,17579,19
13259,17580,36
13259,17581,7
13259,17596,1
13259,17613,5
13259,17619,2
13259,17620,3
13259,17625,1
13259,17626,33
13259,17627,25
13259,17635,4
13259,17645,12
13259,17650,8
13259,17667,4
13259,17677,17
13259,17678,46
13259,17679,8
13259,17686,5
13259,17691,3
13259,17693,26
13259,17700,9
13259,17701,9
13259,17711,12
13259,17716,1
13259,17717,1
13259,17730,5
13259,17731,21.5
13259,17732,8
13259,17744,2
13259,17745,5
13259,17746,4
13259,17758,4
13260,17541,4
13260,17544,5
13260,17545,16
13260,17564,8
13260,17565,2
13260,17579,3
13260,17580,30.5
13260,17581,31
13260,17582,17
13260,17604,2
13260,17610,8.5
13260,17612,2.5
13260,17613,2
13260,17615,2
13260,17621,2
13260,17624,1
13260,17625,39
13260,17626,9
13260,17627,4
13260,17628,3
13260,17631,11
13260,17636,22
13260,17637,13
13260,17647,2
13260,17675,3
13260,17676,10
13260,17677,31
13260,17678,27.5
13260,17679,9
13260,17681,9
13260,17682,4
13260,17693,3
13260,17694,3
13260,17699,7
13260,17700,5
13260,17708,4
13260,17716,2
13260,17717,3
13260,17724,1.5
13260,17727,6
13260,17730,5.5
13260,17731,7
13260,17732,14
13260,17743,5
13260,17744,7
13260,17748,4
13260,17758,11
13261,17543,9
13261,17544,15
13261,17545,35
13261,17546,17
13261,17556,15
13261,17557,10
13261,17561,6
13261,17563,11
13261,17564,34
13261,17565,29.5
13261,17579,6
13261,17580,16
13261,17581,9
13261,17582,16
13261,17585,4
13261,17609,3
13261,17619,1
13261,17621,3
13261,17622,1
13261,17624,5
13261,17627,9
13261,17633,7
13261,17635,1
13261,17636,20
13261,17637,8
13261,17643,8
13261,17644,4
13261,17663,3
13261,17668,1
13261,17676,6
13261,17677,28
13261,17678,1
13261,17686,6
13261,17688,2
13261,17702,5
13261,17715,1
13261,17726,3
13261,17732,4
13261,17734,1
13261,17743,9
13261,17744,2
13261,17745,3.5
13261,17746,6
13261,17757,6
13262,17545,22
13262,17546,22
13262,17555,4
13262,17556,27
13262,17557,9
13262,17559,13
13262,17560,3
13262,17561,4
13262,17563,3
13262,17564,26
13262,17565,26
13262,17580,24
13262,17581,32
13262,17582,26
13262,17583,30.5
13262,17584,4
13262,17585,6
13262,17609,1
13262,17611,4
13262,17614,1
13262,17616,2
13262,17617,1
13262,17619,15.5
13262,17620,55
13262,17621,14
13262,17623,4
13262,17629,2
13262,17631,14.5
13262,17632,24
13262,17633,1
13262,17637,8
13262,17649,8
13262,17650,3
13262,17668,4
13262,17669,7
13262,17670,2
13262,17676,3
13262,17691,8
13262,17696,1
13262,17698,4
13262,17708,1
13262,17711,2
13262,17715,3
13262,17726,1
13262,17733,2
13262,17759,2
13262,17764,4
13263,17545,4
13263,17546,26
13263,17555,24.5
13263,17556,9
13263,17557,14
13263,17561,10
13263,17563,12
13263,17564,4
13263,17565,6
13263,17579,1
13263,17580,9
13263,17581,16
13263,17582,4
13263,17583,7
13263,17585,26
13263,17586,5
13263,17587,2
13263,17590,5
13263,17595,3
13263,17600,10
13263,17602,2
13263,17608,1
13263,17614,9
13263,17617,2
13263,17619,30
13263,17620,106.5
13263,17621,160
13263,17622,28.5
13263,17623,18
13263,17634,4
13263,17636,5
13263,17637,2
13263,17645,3.5
13263,17660,3
13263,17664,2
13263,17673,2
13263,17674,12
13263,17698,1
13263,17706,2
13263,17718,12
13263,17736,2
13263,17737,8
13263,17738,1
13263,17766,2
13264,17546,5
13264,17555,5
13264,17556,21.5
13264,17557,5
13264,17560,1
13264,17561,1
13264,17563,26
13264,17564,22
13264,17565,14
13264,17580,4
13264,17582,5
13264,17585,26
13264,17586,49
13264,17587,15.5
13264,17592,2
13264,17600,4
13264,17602,1
13264,17603,11
13264,17604,6
13264,17610,12
13264,17617,3
13264,17618,19
13264,17619,4
13264,17620,56
13264,17621,47
13264,17622,43
13264,17623,37
13264,17626,3
13264,17634,5.5
13264,17635,1
13264,17636,9
13264,17645,1
13264,17650,2
13264,17667,2
13264,17673,4
13264,17681,2
13264,17682,9
13264,17688,2
13264,17692,2
13264,17693,3
13264,17695,4
13264,17711,13.5
13264,17724,9
13264,17729,9
13264,17737,13.5
13264,17738,18
13264,17739,13
13264,17766,1
13265,17557,2
13265,17558,16
13265,17559,10
13265,17560,5
13265,17561,10
13265,17562,8
13265,17563,6
13265,17564,10
13265,17565,6.5
13265,17582,3
13265,17584,1
13265,17585,23
13265,17586,23
13265,17587,4
13265,17600,3
13265,17603,10
13265,17604,24
13265,17610,15.5
13265,17611,2
13265,17619,4
13265,17620,6
13265,17621,41.5
13265,17622,59
13265,17623,21
13265,17624,8
13265,17629,2
13265,17651,4
13265,17665,11
13265,17666,5
13265,17687,2
13265,17688,1
13265,17697,2
13265,17707,3
13265,17708,1
13265,17710,5
13265,17714,2
13265,17737,4
13265,17738,19
13265,17739,12
13265,17740,1
13265,17754,1
13265,17759,2
13266,17559,17
13266,17560,21
13266,17561,22
13266,17562,95
13266,17563,11
13266,17564,36
13266,17571,2
13266,17582,1
13266,17584,1
13266,17585,3
13266,17586,8
13266,17587,2
13266,17603,4
13266,17616,1
13266,17617,2
13266,17619,40
13266,17620,35
13266,17621,35
13266,17622,12
13266,17623,16.5
13266,17636,5.5
13266,17637,3
13266,17638,4
13266,17640,3
13266,17641,2
13266,17643,1
13266,17644,4
13266,17650,1
13266,17658,1
13266,17667,4
13266,17670,2
13266,17671,5
13266,17682,4
13266,17687,2
13266,17695,1
13266,17697,1
13266,17711,3
13266,17737,5
13266,17739,2
13266,17761,6
13266,17774,5.5
13267,17546,4
13267,17559,6
13267,17560,20
13267,17561,7
13267,17562,11
13267,17563,7
13267,17564,23
13267,17567,2
13267,17571,3
13267,17586,1
13267,17587,2
13267,17602,2
13267,17604,4
13267,17606,1
13267,17607,3
13267,17617,16
13267,17619,15
13267,17620,11
13267,17621,24
13267,17622,44
13267,17624,3
13267,17630,4
13267,17644,2
13267,17647,2
13267,17657,3
13267,17661,1
13267,17663,8
13267,17672,2
13267,17676,1
13267,17678,4
13267,17682,3
13267,17685,2
13267,17714,4
13267,17727,5
13268,17540,4
13268,17548,4.5
13268,17559,2
13268,17560,14
13268,17565,2
13268,17567,1
13268,17600,1
13268,17603,13
13268,17604,29
13268,17605,3
13268,17612,4
13268,17615,5
13268,17620,4
13268,17621,28
13268,17622,42
13268,17645,16.5
13268,17647,6
13268,17661,2
13268,17664,33
13268,17665,1
13268,17667,4
13268,17670,6
13268,17671,3
13268,17685,3
13268,17687,2
13268,17693,7
13268,17696,3
13268,17700,6
13268,17755,2
13268,17777,5
13269,17540,2
13269,17550,4
13269,17551,2
13269,17559,21
13269,17560,14
13269,17565,3
13269,17566,8
13269,17567,6
13269,17568,1
13269,17571,10
13269,17577,3
13269,17594,4
13269,17599,7
13269,17601,4
13269,17602,13
13269,17603,13
13269,17604,21.5
13269,17605,34
13269,17606,19
13269,17608,5
13269,17609,4
13269,17619,2
13269,17620,4
13269,17621,1
13269,17625,3
13269,17633,3
13269,17636,4
13269,17647,4
13269,17658,2
13269,17664,4
13269,17665,31
13269,17672,1
13269,17674,2
13269,17687,7
13269,17695,8
13269,17702,4
13269,17714,6
13269,17736,1.5
13269,17740,2
13269,17749,3
13269,17750,1
13269,17762,2
13269,17763,2
13269,17778,10
13270,17544,3
13270,17545,2
13270,17546,16
13270,17548,6
13270,17549,13
13270,17550,19
13270,17558,1
13270,17560,9.5
13270,17566,5
13270,17569,1
13270,17570,26.5
13270,17571,9.5
13270,17587,1
13270,17588,3
13270,17590,2
13270,17594,4
13270,17599,16
13270,17600,15
13270,17601,9
13270,17602,1.5
13270,17605,22
13270,17617,18
13270,17618,12
13270,17619,11
13270,17636,2
13270,17643,6
13270,17675,5
13270,17756,3
13271,17535,5
13271,17541,1
13271,17542,4
13271,17543,17.5
13271,17544,23
13271,17545,31
13271,17546,9
13271,17547,19
13271,17548,43
13271,17549,65
13271,17550,21
13271,17551,22
13271,17552,3
13271,17577,2
13271,17584,2
13271,17587,2
13271,17591,3
13271,17592,8.5
13271,17593,5
13271,17594,20
13271,17596,8
13271,17616,5
13271,17617,60
13271,17618,27
13271,17619,15
13271,17620,5
13271,17621,2
13271,17637,2
13271,17639,4
13271,17640,4
13271,17641,4
13271,17642,3
13271,17643,7
13271,17654,2.5
13271,17657,1
13271,17669,3
13271,17673,4
13271,17675,4
13271,17682,3
13271,17690,10
13271,17694,9.5
13272,17536,3
13272,17541,20
13272,17542,4
13272,17543,14
13272,17544,27.5
13272,17545,24
13272,17546,25
13272,17547,76.5
13272,17548,29
13272,17549,39.5
13272,17550,10
13272,17551,5
13272,17573,1
13272,17585,3
13272,17589,8.5
13272,17590,1
13272,17591,4
13272,17592,10
13272,17593,33
13272,17594,3
13272,17595,9
13272,17612,1
13272,17613,3
13272,17617,15
13272,17618,29.5
13272,17619,18
13272,17620,38
13272,17621,8
13272,17639,2
13272,17640,3
13272,17641,8
13272,17642,1
13272,17654,4
13272,17656,5
13272,17657,4
13272,17663,2
13272,17664,1
13272,17666,23
13272,17667,30
13272,17668,1
13272,17675,2
13272,17696,3
13272,17717,3
13272,17734,8
13272,17735,5
13272,17746,1
13272,17747,14
13272,17748,1
13272,17756,2
13272,17767,4
13273,17535,10
13273,17536,13
13273,17544,10
13273,17545,29
13273,17546,82
13273,17547,115
13273,17548,57
13273,17549,19.5
13273,17589,16
13273,17590,12
13273,17591,4
13273,17592,6
13273,17593,7
13273,17614,11
13273,17619,14.5
13273,17620,10
13273,17621,11
13273,17630,4
13273,17639,13
13273,17641,4.5
13273,17642,3
13273,17645,1
13273,17648,12
13273,17657,4
13273,17658,3
13273,17665,6
13273,17666,2
13273,17667,26
13273,17668,1
13273,17677,2
13273,17678,5
13273,17679,2
13273,17686,6
13273,17717,6
13273,17724,5.5
13273,17725,2
13273,17734,14
13273,17735,3
13273,17745,1
13273,17766,2
13274,17544,30.5
13274,17545,22
13274,17546,32.5
13274,17547,49.5
13274,17548,39.5
13274,17549,30
13274,17550,6
13274,17551,62
13274,17552,24
13274,17562,3
13274,17588,3
13274,17592,1.5
13274,17610,5
13274,17614,5
13274,17615,7
13274,17616,2
13274,17619,31
13274,17620,10
13274,17641,3
13274,17643,1
13274,17654,2
13274,17658,2
13274,17660,8
13274,17661,3
13274,17666,21.5
13274,17667,10
13274,17668,9
13274,17669,4
13274,17670,4
13274,17671,2
13274,17672,5
13274,17676,3
13274,17691,4
13274,17735,1
13274,17741,4
13274,17743,2
13274,17754,3
13274,17764,1
13274,17765,1
13274,17766,3
13274,17767,2
13275,17544,20
13275,17545,40
13275,17546,27
13275,17547,54
13275,17548,9
13275,17549,8
13275,17550,33
13275,17551,52
13275,17552,19
13275,17557,3
13275,17562,4
13275,17566,1
13275,17580,18.5
13275,17581,5
13275,17615,3
13275,17620,2
13275,17621,2
13275,17626,6
13275,17636,2
13275,17637,5
13275,17660,18
13275,17661,1
13275,17664,10
13275,17665,23
13275,17666,30
13275,17667,62
13275,17668,30
13275,17669,1
13275,17670,2
13275,17676,10
13275,17682,8
13275,17685,4
13275,17687,1
13275,17689,2
13275,17692,2
13275,17696,3
13275,17720,17
13275,17733,2
13275,17737,3
13275,17777,3
13276,17544,12
13276,17546,28
13276,17547,34.5
13276,17550,2
13276,17551,1
13276,17553,3
13276,17554,4
13276,17557,10
13276,17558,5
13276,17565,5
13276,17566,3
13276,17573,1
13276,17610,1
13276,17625,2
13276,17643,2
13276,17663,2
13276,17664,2
13276,17665,2
13276,17666,14
13276,17667,21
13276,17668,5
13276,17669,1
13276,17674,4
13276,17688,6
13276,17691,2
13276,17714,4
13276,17726,1
13276,17727,2
13276,17760,4
13276,17761,1
13276,17768,4
13276,17777,3
13276,17778,6
13276,17779,1
13277,17547,22
13277,17548,2
13277,17550,1
13277,17553,8
13277,17554,13
13277,17555,19.5
13277,17564,4
13277,17565,22
13277,17566,1
13277,17574,4
13277,17588,1
13277,17603,4
13277,17613,4
13277,17621,4
13277,17632,5
13277,17646,2
13277,17648,4
13277,17668,3
13277,17669,4
13277,17671,2
13277,17674,13
13277,17681,2
13277,17683,2
13277,17687,4
13277,17692,10
13277,17698,4
13277,17707,1
13277,17713,3
13277,17714,10
13277,17717,3
13277,17719,2
13277,17720,10
13277,17729,4
13277,17730,2
13277,17737,3
13277,17746,2
13277,17749,2
13277,17770,2
13278,17547,16
13278,17548,8
13278,17553,2
13278,17554,21
13278,17555,11
13278,17564,11
13278,17565,22
13278,17573,4
13278,17574,7
13278,17577,4
13278,17582,1
13278,17583,1
13278,17603,8
13278,17614,1
13278,17615,2
13278,17643,4.5
13278,17650,8
13278,17654,5.5
13278,17656,2
13278,17657,9
13278,17664,2
13278,17674,5
13278,17679,17
13278,17685,2
13278,17686,46
13278,17687,35
13278,17688,2
13278,17692,6
13278,17697,4
13278,17720,39
13278,17721,4
13278,17723,5
13278,17736,6
13278,17755,6
13278,17770,2
13278,17771,11
13278,17781,2
13279,17547,6
13279,17548,5
13279,17554,5
13279,17555,3
13279,17558,3
13279,17562,3
13279,17569,6
13279,17574,4
13279,17582,5
13279,17583,12
13279,17593,12
13279,17594,11
13279,17603,4
13279,17605,2
13279,17614,5
13279,17619,1
13279,17620,2
13279,17639,9
13279,17640,2
13279,17645,4
13279,17646,4
13279,17647,1
13279,17648,3
13279,17653,8
13279,17654,5
13279,17660,2
13279,17661,10
13279,17668,2
13279,17669,7
13279,17679,9
13279,17684,2
13279,17686,36
13279,17687,1
13279,17694,4
13279,17725,4
13279,17736,1
13279,17751,3
13279,17762,1
13279,17773,6
13280,17547,14
13280,17548,16.5
13280,17549,24
13280,17550,4
13280,17553,9
13280,17554,1
13280,17562,2
13280,17563,2
13280,17569,3
13280,17574,6
13280,17582,2
13280,17593,2
13280,17594,4
13280,17604,2
13280,17629,8
13280,17631,4
13280,17632,7
13280,17634,4
13280,17635,6
13280,17646,6
13280,17661,1
13280,17669,10.5
13280,17671,2
13280,17672,4
13280,17673,6
13280,17678,8
13280,17685,13
13280,17686,16.5
13280,17690,5
13280,17696,9
13280,17707,3
13280,17708,4
13280,17719,4
13280,17733,2
13280,17734,3
13280,17743,1
13280,17772,4
13280,17773,14
13281,17544,5
13281,17548,59
13281,17549,15.5
13281,17550,2
13281,17569,17
13281,17570,19
13281,17574,2
13281,17575,1
13281,17612,3
13281,17621,1
13281,17631,2
13281,17633,5
13281,17634,13
13281,17635,1
13281,17640,5
13281,17643,2
13281,17645,1
13281,17646,6
13281,17652,4
13281,17661,3
13281,17663,3
13281,17668,1
13281,17669,16
13281,17671,2
13281,17672,1
13281,17678,2
13281,17686,7
13281,17687,2
13281,17688,1
13281,17708,2
13281,17726,9
13281,17741,2
13281,17757,1
13282,17544,9
13282,17547,2
13282,17548,23
13282,17549,11.5
13282,17550,3
13282,17570,42.5
13282,17571,3
13282,17612,3
13282,17617,2
13282,17623,8.5
13282,17627,2
13282,17630,8
13282,17631,10
13282,17632,8
13282,17633,29
13282,17634,6
13282,17635,2
13282,17636,5
13282,17637,6
13282,17641,4
13282,17642,2
13282,17644,2
13282,17656,2
13282,17658,3
13282,17663,3
13282,17665,2
13282,17666,1
13282,17667,3
13282,17668,6
13282,17673,2
13282,17674,2
13282,17675,4
13282,17679,7
13282,17680,12
13282,17686,2
13282,17687,4
13282,17688,11
13282,17693,5
13282,17714,4
13282,17725,2
13282,17726,3
13282,17733,2
13282,17737,5
13282,17744,6
13282,17763,5
13282,17766,16
13282,17767,6
13282,17768,7
13283,17548,14
13283,17549,18.5
13283,17577,2
13283,17587,2
13283,17590,2
13283,17604,2
13283,17605,4
13283,17615,6
13283,17617,5
13283,17619,5
13283,17633,11
13283,17634,14
13283,17635,7
13283,17643,2
13283,17654,2
13283,17656,1
13283,17657,1
13283,17667,4
13283,17672,7
13283,17673,1
13283,17684,4
13283,17685,6
13283,17694,6
13283,17695,8.5
13283,17704,4
13283,17707,1
13283,17708,3
13283,17716,2
13283,17717,2
13283,17721,4
13283,17725,3
13283,17730,1
13283,17758,3
13283,17763,6
13283,17764,6
13283,17765,8
13283,17769,2
13283,17776,2
13284,17536,13
13284,17545,8.5
13284,17546,20
13284,17547,2
13284,17613,5
13284,17620,2
13284,17625,3
13284,17640,3
13284,17652,1
13284,17653,14
13284,17654,7
13284,17655,53
13284,17656,65
13284,17657,12
13284,17658,12
13284,17659,12
13284,17660,15
13284,17661,11
13284,17662,5
13284,17677,13
13284,17682,5
13284,17689,2
13284,17693,1
13284,17694,5
13284,17695,7.5
13284,17707,2
13284,17721,5
13284,17728,4
13284,17758,3
13284,17768,3
13284,17773,4
13284,17776,2
13285,17543,2
13285,17544,50.5
13285,17545,21
13285,17546,37
13285,17547,17
13285,17548,2
13285,17578,2
13285,17589,2
13285,17590,13
13285,17597,2
13285,17598,2
13285,17599,2
13285,17600,9
13285,17601,2
13285,17610,2
13285,17620,3
13285,17630,1
13285,17640,5
13285,17654,49
13285,17655,103
13285,17656,32
13285,17657,11
13285,17658,3
13285,17659,20
13285,17660,19
13285,17661,8
13285,17667,1
13285,17669,5
13285,17670,3.5
13285,17673,2
13285,17674,3
13285,17676,3
13285,17681,4
13285,17682,4
13285,17708,6
13285,17713,4
13285,17725,1
13285,17726,7
13285,17727,18
13285,17728,11
13285,17730,19
13285,17760,9
13286,17535,1
13286,17540,7
13286,17543,11
13286,17544,19.5
13286,17545,11
13286,17546,27
13286,17547,22.5
13286,17548,4
13286,17567,22
13286,17568,10
13286,17601,4
13286,17607,6
13286,17623,2
13286,17624,7
13286,17625,2
13286,17628,2
13286,17633,5
13286,17638,2
13286,17639,2.5
13286,17646,2
13286,17652,2
13286,17654,41.5
13286,17655,27.5
13286,17656,30
13286,17657,6
13286,17658,2
13286,17659,4
13286,17660,18
13286,17664,1
13286,17665,9
13286,17666,1
13286,17672,9
13286,17673,2
13286,17707,1
13286,17708,1
13286,17727,21
13286,17728,38
13286,17731,3
13286,17734,3
13286,17735,1
13286,17762,2
13286,17763,13
13287,17535,10
13287,17541,3
13287,17556,4
13287,17557,21
13287,17558,2
13287,17564,7
13287,17565,4
13287,17566,6
13287,17567,2
13287,17568,2
13287,17598,2
13287,17599,3
13287,17620,1
13287,17624,1
13287,17626,2
13287,17633,2
13287,17635,1
13287,17646,3
13287,17652,2
13287,17656,34
13287,17657,11
13287,17659,8
13287,17660,49
13287,17667,9
13287,17678,4
13287,17705,1
13287,17706,8
13287,17707,1
13287,17708,26
13287,17709,20.5
13287,17711,1
13287,17728,32
13287,17735,5
13287,17736,2
13287,17737,2
13287,17743,3
13287,17763,3
13287,17771,2
13287,17775,2
13288,17535,22
13288,17541,6
13288,17543,7
13288,17555,2
13288,17556,16
13288,17557,11
13288,17597,2
13288,17606,9
13288,17617,1
13288,17619,4
13288,17621,2
13288,17636,4
13288,17640,9
13288,17650,2
13288,17651,2
13288,17656,17
13288,17657,9
13288,17658,11
13288,17665,3
13288,17669,5
13288,17678,3
13288,17681,1
13288,17703,3
13288,17704,4
13288,17705,4
13288,17706,18
13288,17707,79
13288,17708,47.5
13288,17709,12
13288,17711,8
13288,17715,4
13288,17723,3
13288,17728,22
13288,17742,1
13288,17744,2
13289,17533,4
13289,17534,8
13289,17535,12
13289,17558,8.5
13289,17559,3
13289,17563,3
13289,17568,1
13289,17575,1
13289,17581,2
13289,17593,2
13289,17596,10
13289,17597,4
13289,17643,5
13289,17652,8
13289,17654,2
13289,17658,44
13289,17671,4
13289,17677,2
13289,17678,9
13289,17685,7
13289,17686,1
13289,17689,9
13289,17703,4
13289,17704,2
13289,17706,13
13289,17707,37
13289,17708,2
13289,17714,11
13289,17715,5
13289,17717,4
13289,17725,2
13289,17728,3
13289,17732,3
13289,17735,5
13289,17740,1
13289,17741,1
13289,17749,1
13289,17750,4
13289,17751,13.5
13290,17535,2
13290,17543,4
13290,17564,3
13290,17574,4
13290,17578,2
13290,17592,3
13290,17593,1
13290,17596,1
13290,17604,2
13290,17607,4
13290,17608,5.5
13290,17609,3
13290,17612,3
13290,17613,2
13290,17614,1
13290,17620,2
13290,17628,3
13290,17634,2
13290,17640,2
13290,17651,6
13290,17653,1
13290,17657,2
13290,17658,35
13290,17659,6
13290,17676,2
13290,17677,4
13290,17678,7
13290,17680,5
13290,17683,15
13290,17688,3
13290,17689,5
13290,17690,4
13290,17698,4
13290,17703,4
13290,17706,1
13290,17707,6
13290,17708,7
13290,17714,4
13290,17718,1
13290,17736,5
13291,17543,2
13291,17550,5
13291,17556,3
13291,17560,3.5
13291,17562,4
13291,17572,1
13291,17574,2
13291,17575,3
13291,17591,2
13291,17598,1
13291,17599,5
13291,17602,1
13291,17604,3
13291,17605,1
13291,17607,2
13291,17613,2
13291,17621,1
13291,17623,6
13291,17633,6
13291,17634,2
13291,17637,5
13291,17640,6
13291,17646,9
13291,17648,9
13291,17651,9
13291,17658,3
13291,17672,2
13291,17678,2
13291,17689,4
13291,17695,2
13291,17699,3
13291,17704,3
13291,17708,1
13291,17709,1
13291,17710,2
13291,17752,3
13291,17756,2
13291,17759,1
13291,17768,1
13291,17772,14
13291,17773,19.5
13291,17774,5
13291,17781,1
13292,17540,1
13292,17541,1
13292,17559,9.5
13292,17560,24.5
13292,17561,5
13292,17562,9
13292,17572,11.5
13292,17573,5
13292,17574,23
13292,17577,2.5
13292,17582,6
13292,17598,3
13292,17610,7
13292,17611,6
13292,17620,3
13292,17626,4
13292,17635,2
13292,17637,4
13292,17641,5
13292,17642,2
13292,17643,1
13292,17648,2
13292,17650,6
13292,17651,2
13292,17663,6
13292,17672,4
13292,17680,12
13292,17686,5
13292,17706,3
13292,17707,3
13292,17728,1
13292,17770,4
13292,17771,28
13292,17772,37
13292,17773,47.5
13292,17774,9
13293,17550,1
13293,17551,4
13293,17555,10
13293,17556,6
13293,17557,4
13293,17558,8
13293,17559,30
13293,17560,3
13293,17561,6
13293,17567,2
13293,17568,4
13293,17576,5
13293,17585,2
13293,17586,3
13293,17610,10
13293,17611,18
13293,17612,11
13293,17619,1
13293,17625,1
13293,17638,7
13293,17643,7
13293,17650,11
13293,17651,2
13293,17659,5
13293,17663,6
13293,17664,10
13293,17666,3
13293,17668,5
13293,17674,7
13293,17685,4
13293,17686,5
13293,17705,6
13293,17722,2
13293,17723,1
13293,17758,4
13293,17768,12
13293,17769,27
13293,17770,10
13293,17771,42
13293,17772,46.5
13293,17773,23.5
13293,17774,7
13293,17775,6
13293,17776,13.5
13293,17783,3
13294,17535,6
13294,17546,4
13294,17547,11
13294,17554,11
13294,17555,26.5
13294,17557,1
13294,17558,28
13294,17559,11
13294,17580,4
13294,17587,6
13294,17588,9
13294,17598,5
13294,17603,6
13294,17611,29.5
13294,17612,26
13294,17613,3
13294,17628,3
13294,17632,11
13294,17633,9
13294,17635,2
13294,17637,3
13294,17648,11
13294,17659,9
13294,17664,5
13294,17666,6
13294,17668,20
13294,17671,2
13294,17674,3
13294,17678,6
13294,17685,4
13294,17686,1
13294,17689,3
13294,17691,2
13294,17710,2
13294,17731,2
13294,17748,2
13294,17768,21.5
13294,17769,30.5
13294,17770,53
13294,17771,36
13294,17772,53.5
13294,17773,39.5
13294,17774,4
13295,17547,2
13295,17555,18
13295,17556,21.5
13295,17558,1
13295,17568,2
13295,17580,3
13295,17589,3
13295,17598,6
13295,17602,3
13295,17610,13
13295,17611,23
13295,17618,5
13295,17619,6
13295,17629,5
13295,17633,4
13295,17640,3
13295,17646,5
13295,17647,2
13295,17648,3
13295,17665,12
13295,17669,2
13295,17670,10
13295,17674,11
13295,17678,17
13295,17679,2
13295,17680,6.5
13295,17683,13
13295,17684,18
13295,17685,23
13295,17686,15.5
13295,17708,11
13295,17730,3
13295,17731,2
13295,17768,6
13295,17769,28
13295,17770,18
13295,17771,42
13295,17772,7
13295,17773,30
13295,17774,5
13295,17784,5
13296,17536,1
13296,17541,2
13296,17550,2
13296,17554,2
13296,17555,45
13296,17556,15
13296,17557,1
13296,17577,1
13296,17589,1
13296,17590,3
13296,17611,8
13296,17614,1
13296,17622,7
13296,17629,2
13296,17630,5
13296,17636,5
13296,17640,3
13296,17647,2
13296,17649,2
13296,17650,5
13296,17655,2
13296,17657,5
13296,17665,1
13296,17675,2
13296,17685,35
13296,17686,16
13296,17710,1
13296,17741,3
13296,17750,2
13296,17769,10
13296,17770,29
13296,17771,26
13296,17772,63.5
13296,17773,9
13296,17781,3
13296,17791,2
13297,17554,14
13297,17555,12
13297,17557,6
13297,17571,2.5
13297,17589,3
13297,17591,1
13297,17595,11
13297,17606,3
13297,17611,1
13297,17618,4
13297,17622,2
13297,17625,5
13297,17639,2
13297,17650,9
13297,17653,1
13297,17655,2
13297,17662,9
13297,17691,2
13297,17698,6
13297,17709,6
13297,17710,8
13297,17714,1
13297,17727,5
13297,17741,13
13297,17767,2
13297,17771,6
13297,17772,15
13298,17551,4
13298,17554,33
13298,17555,20
13298,17556,2
13298,17557,6
13298,17571,5
13298,17581,1
13298,17582,6
13298,17590,1
13298,17591,7
13298,17594,4
13298,17595,2
13298,17598,3
13298,17605,9
13298,17629,2
13298,17632,4
13298,17638,2
13298,17645,3
13298,17655,9
13298,17661,3
13298,17672,4
13298,17680,4
13298,17681,4
13298,17682,4
13298,17690,7
13298,17691,3
13298,17727,1
13298,17740,3
13298,17741,6
13298,17744,2
13298,17745,3
13298,17747,2
13298,17772,4
13298,17780,8
13298,17781,2
13299,17545,4
13299,17553,22
13299,17554,19
13299,17555,11
13299,17570,10
13299,17579,2
13299,17582,3
13299,17589,2
13299,17590,10
13299,17591,3
13299,17596,2
13299,17605,7
13299,17609,2
13299,17625,2
13299,17640,3
13299,17641,3
13299,17649,5
13299,17660,3
13299,17667,7
13299,17668,4
13299,17676,2
13299,17679,7
13299,17680,2
13299,17685,4
13299,17690,1
13299,17724,5
13299,17739,3
13299,17744,7
13299,17745,5
13299,17752,9
13299,17756,4
13299,17776,4
13300,17541,5
13300,17550,2
13300,17551,23
13300,17552,34.5
13300,17553,22
13300,17570,5
13300,17571,3
13300,17581,3
13300,17586,6
13300,17589,17
13300,17590,34
13300,17591,19
13300,17592,11
13300,17593,2
13300,17632,4
13300,17639,7
13300,17640,3
13300,17641,6
13300,17642,6
13300,17656,1
13300,17659,3
13300,17662,6
13300,17668,2
13300,17685,1
13300,17706,8
13300,17728,5
13300,17735,11
13300,17745,3
13300,17751,2
13300,17752,3
13301,17551,9
13301,17553,1
13301,17554,2
13301,17582,2
13301,17590,2
13301,17591,45
13301,17592,36
13301,17597,2
13301,17613,2
13301,17618,1
13301,17626,6
13301,17639,35
13301,17640,17
13301,17644,9
13301,17653,7
13301,17654,5.5
13301,17656,3
13301,17657,3
13301,17666,4
13301,17676,2.5
13301,17679,3
13301,17692,4
13301,17710,3
13301,17753,1
13301,17755,2
13302,17553,3
13302,17571,2
13302,17591,6
13302,17592,26
13302,17619,4
13302,17631,1
13302,17632,2
13302,17636,4
13302,17637,9
13302,17639,2
13302,17640,4
13302,17641,1
13302,17642,3
13302,17643,14
13302,17656,1
13302,17674,1
13302,17680,2
13302,17685,2
13302,17689,4
13302,17692,6
13302,17693,6
13302,17695,4
13302,17744,2
13302,17750,1
13302,17758,3
13302,17768,2
13302,17784,2
13303,17550,4
13303,17551,6
13303,17553,4
13303,17571,5
13303,17572,3
13303,17574,3
13303,17578,5
13303,17597,3
13303,17603,8
13303,17604,7
13303,17609,1
13303,17615,4
13303,17620,2
13303,17622,3
13303,17623,2
13303,17624,4
13303,17626,6
13303,17637,9
13303,17640,2
13303,17641,2
13303,17651,4
13303,17656,7
13303,17662,2
13303,17664,5
13303,17665,4
13303,17669,3
13303,17670,10
13303,17671,12
13303,17672,1
13303,17674,13
13303,17675,3.5
13303,17689,1
13303,17691,14
13303,17692,7
13303,17693,25
13303,17694,15
13303,17697,10
13303,17698,2
13303,17699,5
13303,17719,6
13303,17730,4
13303,17754,2.5
13303,17787,3
13304,17550,3
13304,17574,2
13304,17583,10
13304,17584,4
13304,17597,8
13304,17598,7
13304,17607,1
13304,17617,1
13304,17622,1
13304,17629,2
13304,17655,1
13304,17656,3
13304,17661,1
13304,17664,11
13304,17665,45.5
13304,17666,37
13304,17667,17
13304,17668,3
13304,17670,6
13304,17671,4
13304,17673,1
13304,17674,31
13304,17675,23.5
13304,17677,1
13304,17680,2
13304,17691,17
13304,17692,31
13304,17693,33
13304,17694,14
13304,17707,3
13304,17721,11
13304,17724,2
13304,17728,5
13304,17737,4
13304,17749,8
13304,17754,2.5
13305,17550,1
13305,17551,6.5
13305,17563,5
13305,17577,4
13305,17583,14
13305,17584,3
13305,17594,7
13305,17610,1
13305,17612,1
13305,17628,5
13305,17635,9
13305,17664,7
13305,17665,37.5
13305,17666,19
13305,17667,13
13305,17668,23.5
13305,17673,12
13305,17674,11.5
13305,17675,4
13305,17676,4
13305,17680,4
13305,17686,3
13305,17691,34.5
13305,17692,58.5
13305,17693,40
13305,17694,4
13305,17707,2
13305,17708,1
13305,17734,2
13305,17736,8
13305,17754,1
13305,17770,2
13305,17778,2
13305,17779,2
13306,17562,3
13306,17564,5
13306,17575,5
13306,17584,2
13306,17585,6
13306,17588,3
13306,17597,2
13306,17608,1
13306,17609,3
13306,17616,2
13306,17620,2
13306,17623,2
13306,17633,3
13306,17634,5
13306,17658,10
13306,17663,20
13306,17664,53.5
13306,17665,36.5
13306,17666,15
13306,17667,39.5
13306,17668,17
13306,17674,16
13306,17675,5
13306,17679,1.5
13306,17683,1
13306,17688,1
13306,17689,5
13306,17691,20
13306,17692,37.5
13306,17693,5
13306,17696,9
13306,17697,5
13306,17713,1
13306,17736,52.5
13306,17737,9
13306,17738,2
13307,17560,6
13307,17564,2
13307,17565,6
13307,17582,2
13307,17587,5
13307,17588,1
13307,17596,8
13307,17608,2
13307,17609,6
13307,17611,7
13307,17612,15
13307,17640,5
13307,17641,2
13307,17649,1
13307,17650,2
13307,17651,23
13307,17652,7
13307,17657,3
13307,17658,1
13307,17659,4
13307,17660,2
13307,17661,12
13307,17663,2
13307,17664,12
13307,17665,2
13307,17666,40
13307,17667,46
13307,17668,27.5
13307,17669,14
13307,17675,3
13307,17677,8
13307,17678,13
13307,17679,10
13307,17691,1
13307,17692,11
13307,17697,2
13307,17704,3
13307,17719,5
13307,17730,6
13307,17736,9
13307,17737,17
13307,17741,3
13307,17753,2
13307,17758,3
13307,17759,1
13307,17760,10
13307,17761,10
13307,17787,4
13308,17550,4
13308,17558,9
13308,17559,2
13308,17560,3
13308,17577,1
13308,17578,4
13308,17581,6
13308,17596,1
13308,17604,3
13308,17610,8
13308,17611,33
13308,17612,37.5
13308,17622,2
13308,17623,3
13308,17627,2
13308,17633,2
13308,17650,8
13308,17651,27
13308,17652,8
13308,17659,4
13308,17660,23
13308,17663,4
13308,17664,14
13308,17665,2
13308,17667,4
13308,17668,14
13308,17669,30
13308,17672,6
13308,17679,5
13308,17680,13
13308,17682,6
13308,17685,2
13308,17690,6
13308,17697,2
13308,17705,2
13308,17707,2.5
13308,17737,17.5
13308,17738,8
13308,17751,2
13308,17752,2
13308,17759,7
13308,17761,1
13309,17551,3
13309,17554,2
13309,17581,2
13309,17584,2
13309,17585,2
13309,17593,7
13309,17597,4
13309,17599,2
13309,17603,7
13309,17604,15
13309,17610,2
13309,17611,20
13309,17612,9
13309,17624,17
13309,17625,4
13309,17627,3
13309,17642,2
13309,17644,2
13309,17645,1
13309,17651,29
13309,17652,5
13309,17663,31
13309,17664,25
13309,17665,6
13309,17669,9
13309,17670,5
13309,17676,1
13309,17679,2
13309,17680,6
13309,17681,1
13309,17689,2
13309,17690,2
13309,17695,8
13309,17696,12
13309,17699,3
13309,17704,10
13309,17707,4
13309,17713,2
13309,17716,1
13309,17723,4
13309,17727,2
13309,17733,2
13309,17738,2
13309,17764,7
13309,17772,6
13309,17773,4
13309,17781,2
13309,17783,3
13310,17553,2
13310,17558,3
13310,17565,2
13310,17569,4
13310,17573,2
13310,17595,5
13310,17601,3
13310,17610,7
13310,17611,3
13310,17637,7
13310,17650,10
13310,17651,14
13310,17652,16
13310,17653,3.5
13310,17659,2
13310,17664,5
13310,17695,2
13310,17696,6
13310,17698,2.5
13310,17706,3
13310,17723,10
13310,17724,4
13310,17733,5
13310,17737,1
13310,17739,2
13310,17764,12
13310,17765,6
13310,17766,2
13310,17768,1
13310,17772,1
13310,17787,2
13311,17558,3
13311,17560,3
13311,17561,10
13311,17562,3
13311,17567,5
13311,17568,16
13311,17569,28
13311,17570,6
13311,17571,11
13311,17572,16
13311,17573,2
13311,17577,1
13311,17581,8
13311,17582,3
13311,17595,1
13311,17609,2.5
13311,17626,1
13311,17652,15.5
13311,17655,11
13311,17665,2
13311,17667,4
13311,17668,12.5
13311,17680,1
13311,17684,8
13311,17685,4
13311,17692,4
13311,17702,3
13311,17703,2
13311,17710,3
13311,17725,1
13311,17756,2
13311,17763,2
13311,17764,12
13311,17765,2
13311,17766,9
13311,17767,14
13311,17768,14
13311,17769,7
13311,17781,2
13311,17782,10
13311,17786,2
13311,17787,6
13311,17789,4
13311,17791,1
13312,17551,7
13312,17552,14
13312,17568,18
13312,17569,31
13312,17570,23
13312,17571,31
13312,17578,2
13312,17580,1
13312,17581,2
13312,17591,3
13312,17592,1
13312,17601,4
13312,17619,3
13312,17620,1
13312,17647,3
13312,17652,12
13312,17653,2
13312,17655,2
13312,17656,3
13312,17657,2
13312,17667,12
13312,17668,16
13312,17680,9
13312,17683,7
13312,17685,7
13312,17688,4
13312,17690,5
13312,17692,4
13312,17695,8
13312,17699,6
13312,17702,2
13312,17710,2
13312,17713,5
13312,17729,4
13312,17732,2
13312,17756,1
13312,17763,2
13312,17764,23
13312,17767,1.5
13312,17769,9
13312,17785,7
13312,17790,2
13313,17551,10
13313,17552,5
13313,17561,2
13313,17568,13
13313,17569,3
13313,17570,6
13313,17571,29
13313,17588,15
13313,17589,4
13313,17592,7
13313,17597,6
13313,17622,2
13313,17630,4
13313,17633,4
13313,17636,4
13313,17640,9
13313,17641,2
13313,17652,13
13313,17653,9
13313,17656,2
13313,17667,5.5
13313,17673,1
13313,17674,2
13313,17681,7
13313,17682,4
13313,17688,4
13313,17690,8
13313,17701,4
13313,17722,1
13313,17762,2
13313,17763,4.5
13313,17768,1
13313,17772,7
13313,17779,2
13314,17551,9
13314,17552,25
13314,17561,2
13314,17568,13
13314,17569,14
13314,17577,4
13314,17578,2
13314,17588,3
13314,17589,2
13314,17592,3
13314,17595,1
13314,17599,5
13314,17600,3
13314,17605,2
13314,17620,5
13314,17623,7
13314,17625,3
13314,17628,5
13314,17637,7
13314,17657,10
13314,17665,2
13314,17666,2
13314,17667,10
13314,17670,13
13314,17673,1
13314,17677,5
13314,17681,15
13314,17682,3
13314,17691,2
13314,17712,3
13314,17721,1
13314,17722,8
13314,17763,2
13314,17770,4
13314,17772,4
13314,17778,2
13315,17552,7
13315,17573,2
13315,17574,2
13315,17593,4.5
13315,17601,2
13315,17619,3
13315,17620,7
13315,17623,7
13315,17624,7
13315,17625,4
13315,17629,5
13315,17636,13.5
13315,17637,46
13315,17638,2
13315,17653,5
13315,17666,3
13315,17669,1
13315,17670,11
13315,17672,8
13315,17673,1
13315,17676,11
13315,17683,2
13315,17689,4
13315,17691,5
13315,17693,3
13315,17694,7
13315,17733,6
13315,17769,1
13315,17772,2
13315,17775,2
13316,17563,8
13316,17564,6
13316,17577,2
13316,17586,2
13316,17587,2
13316,17588,11
13316,17619,2
13316,17632,5
13316,17633,4
13316,17635,14
13316,17636,49
13316,17637,12
13316,17638,5
13316,17641,2
13316,17645,3
13316,17664,1
13316,17665,10
13316,17673,3
13316,17678,2
13316,17680,2
13316,17688,4
13316,17689,2
13316,17694,7
13316,17698,3
13316,17702,1
13316,17703,3
13316,17712,5
13316,17713,2
13316,17721,2
13316,17729,11
13316,17732,2
13316,17775,3
13317,17556,3
13317,17557,4
13317,17560,11
13317,17563,5
13317,17574,3
13317,17575,6
13317,17578,9
13317,17587,10
13317,17600,7
13317,17604,6
13317,17617,6
13317,17618,3
13317,17623,2
13317,17624,3
13317,17634,40
13317,17635,29
13317,17636,39
13317,17637,25
13317,17639,4
13317,17640,1
13317,17641,4
13317,17642,9
13317,17643,1
13317,17646,2
13317,17650,3
13317,17656,2
13317,17657,8
13317,17667,10
13317,17677,4
13317,17680,6
13317,17688,4
13317,17697,7
13317,17702,4
13317,17708,3
13317,17754,2.5
13317,17773,5
13317,17776,1
13318,17555,1
13318,17568,4
13318,17569,2
13318,17579,4
13318,17584,1
13318,17585,5
13318,17596,3
13318,17600,5
13318,17613,7
13318,17623,19
13318,17637,10
13318,17642,2
13318,17643,2
13318,17646,4
13318,17653,7
13318,17654,4
13318,17670,2
13318,17679,2
13318,17689,1
13318,17697,3
13318,17699,4
13318,17702,1
13318,17724,2
13318,17748,1
13318,17772,4
13318,17773,3
13318,17776,2
13319,17550,9
13319,17554,5
13319,17555,14
13319,17563,6
13319,17568,1
13319,17575,3
13319,17592,1
13319,17600,3
13319,17624,2
13319,17632,2
13319,17641,5
13319,17647,5
13319,17653,7
13319,17679,5
13319,17688,8
13319,17690,2
13319,17713,2
13319,17732,1
13319,17748,2
13319,17749,5
13319,17755,3
13319,17759,1
13319,17766,2
13319,17767,3
13319,17769,4
13319,17770,4
13319,17771,2
13319,17775,5
13320,17549,3
13320,17550,7
13320,17565,2
13320,17584,4
13320,17589,2
13320,17607,4
13320,17613,1
13320,17615,2
13320,17616,14.5
13320,17625,2
13320,17631,2
13320,17632,3
13320,17653,2
13320,17658,5
13320,17662,1
13320,17679,2
13320,17685,2
13320,17694,4
13320,17695,42
13320,17696,5
13320,17711,2
13320,17712,4
13320,17716,11
13320,17729,5
13320,17730,3
13320,17734,1
13320,17735,2
13320,17755,4
13320,17759,1
13320,17762,1
13320,17765,4
13320,17766,4
13321,17547,1
13321,17549,1
13321,17579,13
13321,17591,2
13321,17592,17
13321,17598,1
13321,17599,5
13321,17605,3
13321,17606,3
13321,17614,1
13321,17624,4
13321,17629,13
13321,17632,3
13321,17635,4
13321,17645,7
13321,17653,5
13321,17655,2
13321,17656,2
13321,17663,2
13321,17664,17
13321,17666,4
13321,17678,2
13321,17679,2
13321,17681,5.5
13321,17685,6
13321,17691,6
13321,17695,83.5
13321,17696,68
13321,17697,14
13321,17700,2
13321,17716,30
13321,17717,17
13321,17727,7
13321,17755,4
13321,17763,1.5
13321,17767,4
13321,17768,2
13322,17577,2
13322,17579,1
13322,17581,2
13322,17585,3
13322,17591,21
13322,17592,21.5
13322,17599,1
13322,17623,2
13322,17624,2
13322,17625,2
13322,17626,2
13322,17634,2
13322,17637,8
13322,17645,16
13322,17659,2
13322,17660,4
13322,17669,3
13322,17671,2
13322,17675,22
13322,17676,11
13322,17677,2
13322,17684,1
13322,17685,10
13322,17686,12
13322,17689,4
13322,17693,6
13322,17694,44
13322,17695,47
13322,17696,36
13322,17701,5
13322,17704,3
13322,17731,1
13322,17737,2
13322,17747,1
13323,17556,2
13323,17559,6
13323,17560,4.5
13323,17575,1
13323,17581,2
13323,17583,5
13323,17585,2
13323,17586,2
13323,17587,2
13323,17591,10
13323,17593,6
13323,17621,2
13323,17624,4
13323,17632,4
13323,17635,4
13323,17643,5
13323,17686,2
13323,17690,3
13323,17693,10
13323,17694,43
13323,17695,47
13323,17696,31.5
13323,17698,7
13323,17701,4
13323,17710,2
13323,17722,3
13323,17728,4
13323,17729,10
13323,17730,6
13323,17731,10
13323,17784,1
13324,17559,6
13324,17575,5
13324,17576,2
13324,17584,2.5
13324,17585,10
13324,17587,4
13324,17598,19
13324,17599,4
13324,17603,4
13324,17610,7
13324,17616,6
13324,17619,6
13324,17627,3
13324,17636,5
13324,17643,3
13324,17657,3
13324,17662,8
13324,17663,2
13324,17676,5
13324,17686,1
13324,17687,4
13324,17694,24
13324,17695,42
13324,17696,9
13324,17697,1
13324,17700,4
13324,17706,5
13324,17707,2
13324,17724,2
13324,17728,35
13324,17729,17
13324,17730,9
13324,17754,6
13325,17544,4
13325,17545,4
13325,17554,4
13325,17555,21.5
13325,17556,44
13325,17557,36
13325,17573,2
13325,17574,5
13325,17584,19
13325,17585,9
13325,17591,1
13325,17616,2
13325,17617,3
13325,17618,4
13325,17658,6
13325,17677,4
13325,17678,4
13325,17686,1
13325,17687,11
13325,17692,3
13325,17694,2
13325,17695,19
13325,17696,5.5
13325,17697,11
13325,17715,3
13325,17723,1
13325,17724,5
13325,17725,2
13325,17728,7
13325,17754,3
13325,17779,3
13326,17544,4
13326,17545,3
13326,17554,5
13326,17555,44
13326,17556,58.5
13326,17557,13
13326,17562,3
13326,17563,5
13326,17576,2
13326,17581,2
13326,17583,2
13326,17584,3
13326,17585,5
13326,17590,4
13326,17594,2
13326,17610,4
13326,17617,11
13326,17633,2
13326,17634,5
13326,17639,2
13326,17640,1
13326,17642,3
13326,17650,9
13326,17652,3
13326,17666,1
13326,17670,7
13326,17674,3
13326,17678,14
13326,17679,2
13326,17684,1
13326,17687,4
13326,17688,7.5
13326,17690,7
13326,17691,15
13326,17693,3
13326,17694,7
13326,17695,12
13326,17696,21
13326,17703,3
13326,17704,1
13326,17715,3
13326,17716,18
13326,17717,14
13326,17718,6
13326,17719,2
13326,17720,5
13326,17724,2
13326,17732,4
13326,17733,1
13326,17738,1
13326,17780,2
13327,17554,15
13327,17555,30
13327,17556,11
13327,17558,2
13327,17565,4
13327,17566,7
13327,17567,9
13327,17578,2
13327,17586,4
13327,17606,2
13327,17608,3
13327,17611,3
13327,17614,4
13327,17615,2
13327,17623,6
13327,17630,4
13327,17633,10
13327,17634,5
13327,17636,7
13327,17642,2
13327,17650,2
13327,17652,6
13327,17655,2
13327,17660,2
13327,17662,6
13327,17665,2.5
13327,17668,14
13327,17678,6
13327,17681,3
13327,17689,2
13327,17690,4
13327,17695,2
13327,17698,4
13327,17699,4
13327,17703,2
13327,17707,1
13327,17711,1
13327,17716,28
13327,17717,9
13327,17719,3
13327,17727,2
13327,17746,3
13327,17753,1
13328,17550,2
13328,17554,2
13328,17555,13.5
13328,17557,4
13328,17579,1
13328,17580,7
13328,17583,5
13328,17585,2
13328,17587,3
13328,17596,4
13328,17609,2
13328,17615,4
13328,17623,4
13328,17624,2
13328,17625,2
13328,17628,3
13328,17630,6
13328,17646,3
13328,17655,2
13328,17662,5
13328,17667,3
13328,17674,2
13328,17682,5
13328,17684,2
13328,17685,7
13328,17689,2
13328,17691,4
13328,17692,1
13328,17698,3
13328,17702,4
13328,17707,2
13328,17709,7
13328,17710,13
13328,17711,5
13328,17715,2
13328,17716,3
13328,17728,3
13328,17736,6
13329,17550,14
13329,17551,3
13329,17557,2
13329,17562,4
13329,17579,7
13329,17580,2
13329,17583,1
13329,17591,4
13329,17606,3
13329,17608,2
13329,17609,5
13329,17615,5
13329,17623,2
13329,17624,8
13329,17625,12
13329,17626,1
13329,17628,3
13329,17639,1
13329,17643,20
13329,17649,5
13329,17667,4
13329,17668,9
13329,17669,4
13329,17674,3
13329,17684,20
13329,17687,5
13329,17689,4
13329,17693,2
13329,17694,4
13329,17695,5
13329,17699,5
13329,17707,36
13329,17708,6.5
13329,17709,20
13329,17710,9.5
13329,17712,47
13329,17713,19
13329,17751,2
13329,17753,5
13329,17754,1
13329,17755,4
13329,17781,4
13330,17551,9
13330,17553,2
13330,17561,1
13330,17578,1
13330,17586,2
13330,17609,4
13330,17618,2
13330,17625,20
13330,17631,1
13330,17635,4
13330,17639,3
13330,17643,4
13330,17644,2
13330,17648,7
13330,17652,8
13330,17661,2
13330,17664,5.5
13330,17665,3
13330,17668,7
13330,17669,8
13330,17674,5
13330,17684,2
13330,17686,6
13330,17689,13
13330,17691,4
13330,17693,10
13330,17699,26
13330,17708,1
13330,17712,5
13330,17713,5
13330,17735,1
13330,17748,1
13330,17750,2
13331,17552,4
13331,17565,11
13331,17571,2
13331,17574,3
13331,17581,4
13331,17586,2
13331,17587,1
13331,17601,6
13331,17605,4
13331,17607,2
13331,17613,2
13331,17616,3
13331,17617,3
13331,17621,7
13331,17622,15
13331,17624,1
13331,17626,14
13331,17627,44.5
13331,17628,43
13331,17629,1
13331,17641,6
13331,17644,5
13331,17649,5
13331,17651,4
13331,17654,4
13331,17655,1
13331,17663,4
13331,17664,4
13331,17666,1
13331,17673,2
13331,17674,9
13331,17677,6
13331,17682,2
13331,17685,6
13331,17686,11
13331,17689,7
13331,17690,14
13331,17691,2
13331,17693,2
13331,17699,4
13331,17707,2
13331,17711,4
13331,17712,7
13331,17721,7
13331,17725,1
13331,17734,3
13331,17752,2
13332,17552,2
13332,17562,13
13332,17563,4
13332,17579,3
13332,17589,2
13332,17609,1
13332,17611,3
13332,17617,7
13332,17618,2
13332,17619,4
13332,17621,4
13332,17622,30
13332,17624,2
13332,17625,25
13332,17626,46
13332,17627,17
13332,17628,14
13332,17629,10
13332,17630,22
13332,17647,3.5
13332,17651,13
13332,17652,5
13332,17657,2
13332,17658,3
13332,17669,9
13332,17679,4
13332,17685,18
13332,17690,1
13332,17712,2
13332,17721,11
13332,17728,6
13332,17733,2
13332,17744,15
13332,17751,3
13332,17756,2
13332,17760,3
13332,17763,2
13332,17765,3
13332,17766,6
13332,17767,7
13333,17552,1
13333,17553,5
13333,17579,4
13333,17587,2
13333,17596,4
13333,17618,3
13333,17620,16
13333,17621,42
13333,17622,53
13333,17623,19
13333,17624,59
13333,17625,105
13333,17626,54
13333,17627,20
13333,17628,40.5
13333,17629,8
13333,17632,5
13333,17644,4
13333,17647,4
13333,17657,1
13333,17658,5
13333,17674,11
13333,17675,14
13333,17679,2
13333,17681,2
13333,17685,13
13333,17686,10
13333,17690,11
13333,17697,3
13333,17698,2
13333,17712,4
13333,17765,2
13333,17767,6
13333,17768,8
13334,17553,5
13334,17563,21
13334,17564,3
13334,17567,8
13334,17570,1
13334,17584,1
13334,17598,3
13334,17615,10
13334,17621,15
13334,17622,2
13334,17624,14
13334,17625,35
13334,17626,19
13334,17627,44
13334,17628,22
13334,17629,34.5
13334,17630,8
13334,17632,2
13334,17633,2
13334,17635,4
13334,17637,1
13334,17639,4
13334,17640,1
13334,17641,8
13334,17644,3
13334,17659,12
13334,17662,7
13334,17663,12
13334,17664,4
13334,17667,2
13334,17681,5
13334,17685,5
13334,17686,10
13334,17687,1
13334,17690,13
13334,17691,12
13334,17692,9
13334,17693,12
13334,17696,2
13334,17697,12.5
13334,17698,5
13334,17702,5
13334,17767,12.5
13334,17768,12
13334,17770,2
13335,17563,4
13335,17570,4
13335,17571,35
13335,17572,3
13335,17574,4
13335,17578,3
13335,17580,1
13335,17593,6
13335,17598,2
13335,17603,2
13335,17605,5
13335,17610,3
13335,17618,2
13335,17619,3
13335,17620,1
13335,17623,14
13335,17624,50
13335,17625,59
13335,17626,24
13335,17627,12
13335,17628,6
13335,17629,7
13335,17638,2
13335,17639,3
13335,17644,8
13335,17645,2
13335,17646,6
13335,17648,8
13335,17649,4
13335,17652,2
13335,17654,6
13335,17659,1
13335,17662,23.5
13335,17663,37.5
13335,17664,10
13335,17665,5
13335,17666,2
13335,17668,12
13335,17669,5
13335,17670,5
13335,17671,19
13335,17677,3
13335,17679,1
13335,17680,4
13335,17681,1
13335,17684,3
13335,17685,19
13335,17686,20
13335,17687,1
13335,17690,13
13335,17691,59
13335,17692,15
13335,17693,23.5
13335,17696,36
13335,17697,41
13335,17699,3
13335,17712,2
13335,17713,1
13335,17719,3
13335,17769,1
13335,17775,4
13336,17560,6
13336,17569,2
13336,17570,16.5
13336,17579,3
13336,17581,14.5
13336,17589,4
13336,17618,3
13336,17619,3
13336,17623,10
13336,17624,16
13336,17625,19.5
13336,17626,2
13336,17640,7
13336,17644,2
13336,17645,1
13336,17648,2
13336,17650,6
13336,17651,10
13336,17654,13
13336,17655,11
13336,17659,5
13336,17660,7
13336,17661,15
13336,17662,33.5
13336,17663,6
13336,17664,33
13336,17665,2
13336,17666,5
13336,17667,11.5
13336,17668,1
13336,17670,11
13336,17671,34
13336,17678,1
13336,17680,7
13336,17681,6
13336,17685,9
13336,17686,13
13336,17687,26
13336,17688,4
13336,17690,19
13336,17691,62
13336,17692,65
13336,17693,3
13336,17695,14
13336,17696,11
13336,17706,1
13336,17707,1
13336,17709,2
13336,17725,4
13336,17761,4
13336,17762,3
13336,17763,4
13336,17764,1
13336,17775,4
13337,17570,9
13337,17575,2
13337,17584,1
13337,17588,4
13337,17589,4
13337,17597,4
13337,17608,4
13337,17610,3
13337,17617,2
13337,17623,7
13337,17624,5
13337,17636,2
13337,17640,10
13337,17644,1
13337,17646,2
13337,17650,43
13337,17651,33
13337,17652,41
13337,17653,24
13337,17654,7
13337,17655,40
13337,17656,4
13337,17661,5
13337,17663,3
13337,17664,16
13337,17665,8
13337,17666,3
13337,17667,10
13337,17668,3
13337,17669,20
13337,17670,79.5
13337,17671,41
13337,17672,14.5
13337,17673,4
13337,17677,2
13337,17682,3
13337,17683,16
13337,17685,2
13337,17686,10
13337,17687,50
13337,17688,37
13337,17689,23
13337,17690,73.5
13337,17691,77
13337,17692,59.5
13337,17693,17
13337,17694,11
13337,17695,10
13337,17705,1
13337,17708,12
13337,17709,2
13337,17717,2
13338,17552,2
13338,17574,11
13338,17575,2
13338,17576,2
13338,17578,4
13338,17588,10
13338,17610,4
13338,17613,9
13338,17614,5
13338,17621,6
13338,17623,16
13338,17624,22
13338,17630,2
13338,17636,1
13338,17644,4
13338,17645,4
13338,17646,19
13338,17647,39
13338,17650,9
13338,17651,49
13338,17652,50.5
13338,17653,16
13338,17654,14
13338,17655,8
13338,17664,20
13338,17665,6
13338,17667,4
13338,17668,18
13338,17669,12
13338,17670,21
13338,17671,62
13338,17672,53
13338,17673,40
13338,17674,4
13338,17676,8
13338,17683,37
13338,17685,12.5
13338,17686,8
13338,17687,13
13338,17688,60
13338,17689,24.5
13338,17690,68
13338,17691,74
13338,17692,48
13338,17693,54
13338,17694,27
13338,17695,19
13338,17697,3
13338,17698,2
13338,17703,2
13338,17704,1
13338,17707,6.5
13338,17715,5
13338,17720,2
13338,17722,1
13338,17730,5
13338,17744,2
13338,17758,1
13338,17762,2
13338,17774,2
13339,17552,3
13339,17566,4
13339,17567,4
13339,17584,4
13339,17590,2
13339,17607,2
13339,17610,2
13339,17620,10
13339,17621,9
13339,17624,4
13339,17626,8
13339,17639,2
13339,17640,11
13339,17650,2
13339,17651,46
13339,17652,9
13339,17656,9
13339,17662,5
13339,17666,5
13339,17669,6
13339,17670,68
13339,17671,63
13339,17672,25
13339,17673,18.5
13339,17674,62
13339,17675,30
13339,17676,27
13339,17683,4
13339,17684,63
13339,17685,57
13339,17686,47.5
13339,17687,8
13339,17688,47
13339,17689,72
13339,17690,173.5
13339,17691,58
13339,17692,47
13339,17693,36.5
13339,17694,16
13339,17695,9
13339,17697,5
13339,17698,12
13339,17717,3
13339,17724,1
13339,17734,2
13339,17751,3
13339,17755,9
13339,17756,4
13339,17757,7
13339,17758,27
13339,17759,4
13339,17761,2
13340,17552,4
13340,17553,4
13340,17562,2.5
13340,17567,1
13340,17568,4
13340,17579,2
13340,17594,4
13340,17609,1
13340,17610,6
13340,17613,3
13340,17618,2
13340,17631,4
13340,17640,5
13340,17641,4
13340,17647,20
13340,17648,6
13340,17650,12
13340,17651,3
13340,17666,4
13340,17667,17
13340,17668,20.5
13340,17669,32.5
13340,17670,7
13340,17671,9
13340,17673,57
13340,17674,32
13340,17677,3
13340,17681,6
13340,17683,4
13340,17684,43
13340,17685,71
13340,17686,95.5
13340,17687,44
13340,17688,35
13340,17689,83
13340,17690,139
13340,17691,19
13340,17692,118.5
13340,17693,68.5
13340,17694,39
13340,17695,14
13340,17696,65
13340,17697,63
13340,17698,4
13340,17700,7
13340,17706,2
13340,17707,2
13340,17708,2
13340,17711,1
13340,17714,5
13340,17717,3
13340,17753,2
13340,17754,10
13340,17755,14
13340,17756,31
13340,17757,32.5
13340,17758,52
13340,17759,38
13340,17760,15
13340,17761,7
13340,17762,2
13341,17555,3
13341,17559,10
13341,17561,6
13341,17575,1
13341,17583,2
13341,17591,3
13341,17622,8
13341,17623,1
13341,17647,7
13341,17648,3
13341,17649,5
13341,17650,4.5
13341,17663,8
13341,17665,2
13341,17666,1
13341,17667,2
13341,17668,3
13341,17669,18
13341,17670,2
13341,17677,4
13341,17678,2
13341,17680,2
13341,17682,12
13341,17683,61
13341,17684,35
13341,17685,22
13341,17686,43
13341,17687,48
13341,17688,58
13341,17689,51
13341,17690,67
13341,17691,31
13341,17692,107.5
13341,17693,52
13341,17694,97
13341,17695,109.5
13341,17696,51
13341,17697,13
13341,17699,2
13341,17707,3.5
13341,17708,8
13341,17709,2
13341,17710,5
13341,17711,1
13341,17727,2
13341,17732,5
13341,17739,3
13341,17743,2
13341,17744,4
13341,17754,4
13341,17756,21
13341,17757,59.5
13341,17758,33
13341,17759,37
13341,17760,37
13341,17761,4
13341,17771,2
13342,17551,6
13342,17552,1
13342,17566,11
13342,17575,4
13342,17588,2
13342,17603,4
13342,17604,1
13342,17607,1
13342,17608,2
13342,17616,6
13342,17619,12
13342,17622,5
13342,17624,6
13342,17629,2
13342,17649,14
13342,17650,13
13342,17651,2
13342,17652,4
13342,17654,5
13342,17656,2
13342,17670,6
13342,17671,1
13342,17674,2
13342,17675,13
13342,17677,4
13342,17679,4
13342,17680,10
13342,17681,2
13342,17682,22
13342,17683,70
13342,17684,101
13342,17685,5
13342,17686,13
13342,17687,99
13342,17688,99
13342,17689,52.5
13342,17690,45
13342,17691,110
13342,17692,21
13342,17693,17
13342,17694,121.5
13342,17695,157.5
13342,17696,57.5
13342,17697,4
13342,17699,2
13342,17701,8
13342,17702,11
13342,17704,6
13342,17705,2
13342,17706,11
13342,17715,2
13342,17716,6
13342,17730,8
13342,17731,2
13342,17739,10
13342,17746,3
13342,17756,2
13342,17757,22
13342,17758,65.5
13342,17759,16
13342,17765,3
13343,17549,5
13343,17550,2
13343,17575,4
13343,17577,5
13343,17589,6
13343,17604,4
13343,17606,2
13343,17611,3
13343,17612,9
13343,17618,1
13343,17641,4.5
13343,17648,5
13343,17649,9
13343,17656,1
13343,17663,8
13343,17670,2
13343,17672,2
13343,17682,17.5
13343,17683,5.5
13343,17684,35
13343,17685,16
13343,17686,26.5
13343,17687,57
13343,17688,56.5
13343,17689,74
13343,17690,14.5
13343,17691,157
13343,17692,94.5
13343,17693,122
13343,17694,142
13343,17695,136.5
13343,17696,44
13343,17697,51
13343,17698,29
13343,17699,28
13343,17700,30
13343,17701,14
13343,17702,16
13343,17704,4
13343,17705,4
13343,17706,9
13343,17721,2
13343,17730,2
13343,17739,12
13343,17758,16
13343,17759,1
13343,17760,3
13343,17770,2
13344,17554,3
13344,17560,2
13344,17570,2
13344,17571,7
13344,17572,3
13344,17576,2
13344,17580,5
13344,17581,6
13344,17592,4
13344,17627,3
13344,17633,2
13344,17634,2
13344,17635,7
13344,17636,7
13344,17645,2
13344,17649,4
13344,17653,8
13344,17662,2
13344,17665,3
13344,17668,6
13344,17679,4
13344,17680,2
13344,17682,3
13344,17683,4
13344,17684,23
13344,17685,13
13344,17686,10
13344,17687,79
13344,17688,73
13344,17689,96
13344,17690,128.5
13344,17691,157
13344,17692,48
13344,17693,151
13344,17694,180
13344,17695,77.5
13344,17696,8
13344,17697,5
13344,17698,22
13344,17699,7
13344,17700,4
13344,17701,4
13344,17703,17
13344,17704,53
13344,17705,47.5
13344,17706,3
13344,17708,4
13344,17713,7
13344,17714,2
13344,17717,2
13344,17725,1
13344,17731,2
13344,17749,7
13344,17757,1
13344,17758,3
13344,17759,7
13344,17760,11
13344,17761,2
13345,17548,2
13345,17549,1
13345,17551,1
13345,17552,7
13345,17556,3
13345,17568,5
13345,17571,16
13345,17577,1
13345,17579,3
13345,17582,2
13345,17583,2
13345,17584,4
13345,17606,3
13345,17610,4
13345,17611,1
13345,17612,1
13345,17615,3
13345,17651,3
13345,17654,2
13345,17658,6
13345,17662,7
13345,17675,4
13345,17676,4
13345,17677,4
13345,17678,4
13345,17684,2
13345,17686,6
13345,17688,3
13345,17689,19
13345,17690,46
13345,17691,226.5
13345,17692,160.5
13345,17693,174.5
13345,17694,117
13345,17695,60
13345,17696,7
13345,17698,5
13345,17699,69
13345,17700,93.5
13345,17701,5
13345,17702,35
13345,17703,110
13345,17704,75
13345,17705,57
13345,17708,4
13345,17713,1
13345,17714,2
13345,17734,4
13345,17742,2
13345,17760,4
13345,17763,1
13346,17550,2
13346,17555,1
13346,17577,1
13346,17583,3
13346,17593,1
13346,17617,8
13346,17640,2
13346,17645,6
13346,17651,2
13346,17655,3
13346,17657,2
13346,17660,2
13346,17662,3
13346,17668,2
13346,17674,6
13346,17675,14
13346,17684,3
13346,17687,16
13346,17688,29
13346,17689,78.5
13346,17690,36.5
13346,17691,39
13346,17692,119
13346,17693,103
13346,17694,224.5
13346,17695,38
13346,17696,2
13346,17697,9
13346,17698,24
13346,17699,76
13346,17700,32
13346,17701,147.5
13346,17702,10
13346,17703,1
13346,17705,4
13346,17707,3
13346,17713,5
13346,17724,10
13346,17726,9
13346,17727,4
13346,17737,2
13346,17762,1
13346,17776,3
13347,17551,4
13347,17552,1
13347,17563,4
13347,17564,6
13347,17566,5
13347,17567,24
13347,17568,6
13347,17579,4
13347,17588,2
13347,17591,5
13347,17593,6
13347,17617,1
13347,17630,2
13347,17633,4
13347,17634,1
13347,17637,8
13347,17640,1
13347,17646,5
13347,17651,2
13347,17654,4
13347,17669,3
13347,17677,3
13347,17684,7
13347,17685,9
13347,17686,26
13347,17687,61
13347,17688,105.5
13347,17689,26
13347,17691,29
13347,17692,96.5
13347,17693,56
13347,17694,104.5
13347,17698,61
13347,17699,130
13347,17700,151
13347,17701,14
13347,17702,92
13347,17705,2
13347,17706,1
13347,17712,8
13347,17713,2
13347,17727,3
13347,17733,1
13347,17737,4
13347,17762,3
13348,17557,1
13348,17558,4
13348,17564,3
13348,17566,11
13348,17567,9
13348,17568,8
13348,17573,4
13348,17579,3.5
13348,17591,3
13348,17595,3
13348,17608,4
13348,17617,2
13348,17619,10
13348,17627,20
13348,17636,5
13348,17641,7
13348,17643,1
13348,17649,9
13348,17673,10
13348,17674,6
13348,17675,3
13348,17678,8
13348,17684,3
13348,17686,1
13348,17687,3
13348,17688,67.5
13348,17689,24
13348,17691,8
13348,17692,95.5
13348,17693,46.5
13348,17694,51.5
13348,17695,2
13348,17696,58
13348,17697,26.5
13348,17698,3
13348,17699,47
13348,17700,19
13348,17701,2
13348,17706,2
13348,17717,7
13348,17733,1
13348,17739,4
13348,17741,2
13348,17742,3
13348,17762,2
13349,17558,6
13349,17566,14
13349,17567,5
13349,17569,2
13349,17572,1
13349,17573,4
13349,17583,8
13349,17584,3
13349,17585,1
13349,17590,2
13349,17593,2
13349,17594,2
13349,17597,5
13349,17611,1
13349,17613,3
13349,17614,3
13349,17619,3
13349,17623,3
13349,17626,1
13349,17644,3
13349,17649,5
13349,17650,5
13349,17651,3
13349,17661,10
13349,17672,1
13349,17673,20
13349,17674,3
13349,17684,2
13349,17685,5
13349,17687,3
13349,17688,29
13349,17689,10
13349,17691,6
13349,17692,19
13349,17693,36
13349,17694,1
13349,17696,32
13349,17697,55
13349,17698,8
13349,17707,3
13349,17716,7
13349,17736,8
13349,17756,6
13349,17765,4
13350,17565,16
13350,17566,44
13350,17567,6
13350,17582,4
13350,17584,5
13350,17592,6
13350,17599,6
13350,17607,2
13350,17621,4
13350,17625,4
13350,17634,8
13350,17635,2
13350,17640,2
13350,17641,1
13350,17645,5
13350,17652,4
13350,17653,3
13350,17654,2.5
13350,17655,6
13350,17664,2
13350,17678,7
13350,17679,5
13350,17683,11
13350,17685,2
13350,17686,2
13350,17687,14
13350,17688,36
13350,17689,3
13350,17690,7
13350,17691,8
13350,17692,26
13350,17693,56
13350,17694,12
13350,17695,40
13350,17696,14.5
13350,17697,24.5
13350,17698,38
13350,17699,20
13350,17700,5
13350,17701,2
13350,17702,6
13350,17703,13
13350,17710,2
13350,17718,5
13350,17725,2
13350,17726,1
13350,17728,4
13350,17729,5
13350,17756,9
13350,17757,3
13351,17562,8
13351,17565,1
13351,17567,33
13351,17568,1
13351,17574,2
13351,17575,2
13351,17580,4
13351,17588,3
13351,17589,2
13351,17590,4
13351,17591,8
13351,17592,22.5
13351,17600,5
13351,17603,2
13351,17604,3
13351,17623,5
13351,17626,4
13351,17634,2
13351,17638,5.5
13351,17644,2
13351,17645,17
13351,17652,22.5
13351,17653,6
13351,17654,1
13351,17655,3
13351,17665,2
13351,17670,4
13351,17674,1
13351,17675,12
13351,17676,4
13351,17682,9
13351,17683,12
13351,17685,7
13351,17686,2
13351,17687,3
13351,17689,3
13351,17691,29.5
13351,17692,3
13351,17693,28
13351,17694,25
13351,17695,63.5
13351,17696,30
13351,17697,23
13351,17698,65.5
13351,17699,76.5
13351,17700,26
13351,17701,18
13351,17702,6
13351,17706,2
13351,17710,5
13351,17722,1
13351,17725,2
13351,17728,2
13351,17729,11
13351,17780,6
13352,17555,4
13352,17556,2
13352,17566,2
13352,17567,20
13352,17568,8
13352,17570,4
13352,17578,2
13352,17579,5
13352,17583,7
13352,17588,12
13352,17589,1
13352,17590,26
13352,17591,38
13352,17592,20
13352,17598,3
13352,17611,3
13352,17617,2
13352,17639,16
13352,17642,4
13352,17647,1
13352,17649,16
13352,17650,36
13352,17651,53
13352,17652,106.5
13352,17653,50.5
13352,17654,6
13352,17657,6
13352,17659,3
13352,17664,2
13352,17665,8
13352,17673,2
13352,17675,4
13352,17681,3
13352,17685,2
13352,17686,27
13352,17688,5
13352,17692,6.5
13352,17693,21
13352,17694,55.5
13352,17695,82
13352,17696,54
13352,17697,48
13352,17698,77
13352,17699,92
13352,17700,42
13352,17701,45
13352,17709,1
13352,17710,2
13352,17716,2
13352,17721,3.5
13352,17728,1
13352,17729,16
13352,17730,18
13352,17731,7
13352,17734,48
13352,17744,4
13352,17784,5
13352,17785,1
13353,17561,5
13353,17566,33
13353,17567,40
13353,17568,34
13353,17569,37
13353,17570,12
13353,17571,14
13353,17573,13
13353,17575,2
13353,17586,4
13353,17590,6
13353,17591,27.5
13353,17592,19
13353,17604,4
13353,17625,5
13353,17631,7
13353,17647,14
13353,17649,6
13353,17650,53
13353,17651,54
13353,17652,47
13353,17653,15
13353,17654,40
13353,17655,10.5
13353,17661,2
13353,17665,2
13353,17669,2
13353,17671,5
13353,17672,25
13353,17673,2
13353,17676,4
13353,17683,2
13353,17686,20
13353,17688,3
13353,17691,6
13353,17692,6
13353,17693,37
13353,17694,66.5
13353,17695,58
13353,17696,63
13353,17697,40.5
13353,17698,54
13353,17699,63
13353,17700,33
13353,17701,18
13353,17722,1
13353,17724,5
13353,17725,4
13353,17728,3
13353,17729,7
13353,17730,47.5
13353,17731,26
13353,17732,39
13353,17733,16
13353,17734,14
13353,17747,3
13353,17748,1
13353,17749,6
13353,17750,5
13353,17782,1
13353,17786,5
13354,17552,8
13354,17561,4
13354,17562,10
13354,17563,4
13354,17564,2.5
13354,17565,14
13354,17566,68.5
13354,17567,34
13354,17568,45
13354,17569,6
13354,17570,19
13354,17571,15
13354,17578,2
13354,17579,1
13354,17589,3
13354,17590,2
13354,17591,26
13354,17592,2
13354,17595,2
13354,17599,2
13354,17604,11
13354,17625,7
13354,17634,4
13354,17637,4
13354,17638,1
13354,17650,11
13354,17651,29
13354,17652,35
13354,17653,47
13354,17654,32
13354,17655,19.5
13354,17656,2
13354,17667,2
13354,17670,2
13354,17672,20
13354,17676,1
13354,17689,9
13354,17693,5
13354,17694,44
13354,17695,30
13354,17696,19
13354,17697,16
13354,17698,17
13354,17699,9
13354,17700,64.5
13354,17701,10
13354,17710,8
13354,17721,2
13354,17723,3
13354,17724,3
13354,17727,1
13354,17729,2
13354,17730,2
13354,17731,29
13354,17732,51
13354,17733,13
13354,17734,12
13354,17735,7
13354,17736,10
13354,17748,20
13354,17749,4
13354,17750,3
13354,17772,1
13354,17782,6
13354,17783,4
13355,17554,4
13355,17555,2
13355,17564,4.5
13355,17565,29
13355,17566,28
13355,17567,50.5
13355,17568,3
13355,17572,12
13355,17573,22
13355,17581,2.5
13355,17582,5
13355,17604,2
13355,17616,1
13355,17622,5
13355,17623,4
13355,17625,5
13355,17628,3
13355,17642,3
13355,17643,2
13355,17647,9
13355,17649,3
13355,17650,9
13355,17652,10
13355,17653,90
13355,17654,42
13355,17655,15
13355,17656,10.5
13355,17667,2
13355,17668,7
13355,17669,6
13355,17678,4
13355,17680,1
13355,17684,2
13355,17688,13
13355,17690,2
13355,17698,8
13355,17699,3
13355,17700,12
13355,17701,4
13355,17702,4
13355,17705,2
13355,17710,11
13355,17713,2
13355,17723,4
13355,17727,3
13355,17730,1
13355,17731,47
13355,17732,36.5
13355,17733,22
13355,17734,2
13355,17736,11
13355,17737,2
13355,17739,4
13355,17766,2.5
13356,17551,2
13356,17552,13
13356,17564,18
13356,17565,26
13356,17566,17
13356,17567,23.5
13356,17569,10
13356,17571,1
13356,17582,2
13356,17592,6
13356,17593,1
13356,17596,2
13356,17616,6
13356,17617,7
13356,17627,4
13356,17630,9
13356,17638,5
13356,17643,4
13356,17648,1
13356,17650,10
13356,17651,11
13356,17652,3
13356,17653,40
13356,17654,3
13356,17655,26
13356,17665,1
13356,17669,2
13356,17676,2
13356,17681,4
13356,17684,20
13356,17685,14
13356,17687,14
13356,17688,1
13356,17694,5
13356,17695,2
13356,17701,16
13356,17702,10
13356,17705,3
13356,17712,1
13356,17713,2
13356,17718,5
13356,17731,30
13356,17732,9
13356,17733,30
13356,17734,13
13356,17735,3
13356,17752,1
13356,17753,8.5
13357,17551,5
13357,17552,7
13357,17563,24
13357,17564,3
13357,17566,4
13357,17567,11
13357,17568,2
13357,17569,5
13357,17570,4
13357,17599,2
13357,17600,1
13357,17613,8
13357,17624,3
13357,17626,6
13357,17630,5
13357,17639,2
13357,17641,2
13357,17642,5.5
13357,17651,9
13357,17652,2
13357,17654,1
13357,17657,4
13357,17672,1
13357,17674,2
13357,17685,3
13357,17686,10
13357,17687,2
13357,17688,7
13357,17692,2
13357,17694,1
13357,17699,7
13357,17702,4
13357,17711,6
13357,17712,4
13357,17717,2
13357,17718,1
13357,17732,4
13357,17752,8
13357,17753,5
13358,17562,4
13358,17563,13
13358,17568,2
13358,17593,6
13358,17612,9
13358,17616,2
13358,17638,13
13358,17639,2.5
13358,17641,4
13358,17642,5
13358,17646,5
13358,17653,2
13358,17667,3
13358,17686,4
13358,17687,4
13358,17695,13
13358,17700,7
13358,17718,8
13358,17729,2
13358,17730,2
13358,17739,4
13358,17752,7
13358,17753,2.5
13358,17761,4
13358,17762,2
13359,17551,10
13359,17560,15
13359,17561,6
13359,17563,52
13359,17564,19
13359,17609,4
13359,17630,3
13359,17633,7
13359,17636,18
13359,17643,4
13359,17648,1
13359,17649,1
13359,17661,2
13359,17662,4
13359,17675,1
13359,17686,1
13359,17688,2
13359,17695,25
13359,17701,3
13359,17728,2
13359,17729,4
13359,17734,3
13359,17738,2
13359,17752,5
13360,17536,4
13360,17544,2
13360,17546,7
13360,17547,2
13360,17550,7
13360,17551,7
13360,17554,2
13360,17555,2
13360,17559,10
13360,17560,50
13360,17561,19
13360,17563,16
13360,17564,5
13360,17572,3
13360,17581,5
13360,17597,3
13360,17604,9
13360,17612,9
13360,17614,3
13360,17635,1.5
13360,17636,44
13360,17648,8
13360,17665,4
13360,17668,2
13360,17673,3
13360,17678,5
13360,17680,1
13360,17682,2
13360,17683,2
13360,17685,4
13360,17688,3
13360,17690,4
13360,17695,16
13360,17696,2
13360,17699,2
13360,17700,4
13360,17728,12
13360,17729,11
13360,17732,1
13360,17750,11
13360,17755,4
13360,17756,2
13360,17759,2
13360,17781,8.5
13361,17539,2
13361,17540,3
13361,17545,5
13361,17547,8
13361,17559,28
13361,17560,35
13361,17594,10
13361,17610,2
13361,17611,3
13361,17629,12
13361,17632,3
13361,17635,4
13361,17636,27
13361,17637,24
13361,17644,4
13361,17652,3
13361,17654,3
13361,17660,5
13361,17689,2
13361,17695,3
13361,17696,13
13361,17710,1
13361,17720,6
13361,17721,2
13361,17732,3
13361,17735,2
13361,17755,7
13361,17756,17.5
13361,17759,4
13361,17769,3
13361,17770,3
13361,17780,7
13361,17781,33
13361,17782,22
13362,17558,19
13362,17559,38
13362,17560,11
13362,17601,5
13362,17606,1
13362,17613,2
13362,17614,3
13362,17627,1
13362,17629,5
13362,17631,7
13362,17635,3
13362,17637,2
13362,17638,2
13362,17648,3
13362,17655,1
13362,17658,2
13362,17662,1
13362,17666,1
13362,17670,1
13362,17684,1
13362,17689,2
13362,17696,4
13362,17748,4
13362,17755,3
13362,17756,3
13362,17763,1
13362,17764,2
13362,17765,7
13362,17769,7.5
13362,17770,5
13362,17780,3
13362,17781,27
13362,17782,4
13363,17554,6
13363,17558,12
13363,17579,2
13363,17588,1
13363,17606,4
13363,17610,5
13363,17613,7
13363,17614,3
13363,17621,3
13363,17634,2
13363,17635,5
13363,17637,4
13363,17638,8
13363,17644,7
13363,17647,3
13363,17650,6
13363,17669,6
13363,17683,7
13363,17684,6
13363,17692,2
13363,17695,2
13363,17696,9
13363,17704,2
13363,17707,1
13363,17760,7
13363,17764,1
13363,17765,37
13363,17768,1
13363,17769,3
13363,17780,8
13363,17781,25
13364,17548,5
13364,17561,1
13364,17568,2
13364,17592,4
13364,17593,4
13364,17613,3
13364,17621,9
13364,17630,1
13364,17634,2
13364,17637,4
13364,17638,3
13364,17639,6
13364,17640,3
13364,17643,2
13364,17644,2
13364,17653,7
13364,17666,6
13364,17673,2
13364,17679,4
13364,17683,3
13364,17688,8
13364,17691,2
13364,17696,12
13364,17700,5
13364,17708,15
13364,17709,10
13364,17717,1
13364,17731,4
13364,17750,2
13364,17765,6
13364,17768,3
13364,17781,3
13365,17551,1
13365,17552,2
13365,17561,11
13365,17584,4
13365,17598,3
13365,17605,3
13365,17609,3
13365,17634,1
13365,17639,1
13365,17640,4
13365,17648,5
13365,17653,7
13365,17659,1
13365,17663,4
13365,17664,1
13365,17673,1
13365,17678,4
13365,17679,2
13365,17682,2
13365,17683,5.5
13365,17684,3.5
13365,17685,6
13365,17691,2
13365,17692,14
13365,17693,6
13365,17694,29
13365,17695,4
13365,17696,27
13365,17700,11
13365,17701,5
13365,17702,5
13365,17706,4
13365,17707,29.5
13365,17708,4
13365,17709,9.5
13365,17732,3
13365,17738,2
13365,17739,2
13365,17756,2
13365,17765,1
13365,17774,4
13366,17541,6
13366,17543,5
13366,17544,5
13366,17550,8
13366,17551,12
13366,17571,2
13366,17583,2
13366,17584,5
13366,17611,6
13366,17621,2
13366,17637,5
13366,17645,4
13366,17648,2
13366,17649,4
13366,17664,1
13366,17682,8
13366,17683,32
13366,17684,11
13366,17687,3
13366,17693,5
13366,17694,77
13366,17695,58
13366,17696,68
13366,17697,2
13366,17699,2
13366,17700,10
13366,17701,5
13366,17703,2
13366,17715,3
13366,17716,1
13366,17752,2
13366,17756,2
13366,17763,7
13366,17780,4
13367,17540,3
13367,17560,2
13367,17569,4
13367,17579,4
13367,17582,2
13367,17583,6
13367,17584,9
13367,17595,6
13367,17613,10.5
13367,17619,4
13367,17631,3
13367,17636,2
13367,17637,2
13367,17641,1
13367,17655,7
13367,17656,4
13367,17663,2
13367,17664,2
13367,17675,5
13367,17687,2
13367,17688,2
13367,17694,14
13367,17695,60
13367,17696,79.5
13367,17697,42
13367,17711,4
13367,17731,10
13367,17732,3
13367,17735,7
13367,17740,7
13367,17741,6
13367,17750,3
13367,17763,6
13367,17765,2
13368,17541,4
13368,17545,7
13368,17560,11
13368,17561,9
13368,17579,1
13368,17584,7
13368,17585,8
13368,17588,2
13368,17589,1
13368,17599,4
13368,17614,2
13368,17618,4
13368,17624,3
13368,17626,6
13368,17630,7
13368,17632,1
13368,17633,2
13368,17636,2
13368,17637,2
13368,17641,2
13368,17642,11
13368,17643,2
13368,17654,10
13368,17655,2
13368,17661,9
13368,17662,2.5
13368,17664,5
13368,17665,1
13368,17674,2
13368,17675,4
13368,17694,3
13368,17695,15
13368,17696,37
13368,17697,26.5
13368,17744,1
13368,17757,4
13368,17758,5
13369,17548,3
13369,17549,7
13369,17550,2
13369,17560,6
13369,17561,2
13369,17565,9
13369,17566,2
13369,17587,3
13369,17588,3
13369,17595,4
13369,17607,2
13369,17613,3
13369,17614,1
13369,17631,4
13369,17643,2
13369,17659,3
13369,17660,4
13369,17664,4
13369,17666,2
13369,17694,6
13369,17695,33
13369,17696,39
13369,17697,34
13369,17698,9
13369,17714,6
13369,17745,16
13369,17746,9
13370,17547,5
13370,17548,12
13370,17559,4
13370,17566,2
13370,17567,6
13370,17569,2
13370,17591,10
13370,17592,4
13370,17595,5
13370,17596,3.5
13370,17607,7
13370,17608,2
13370,17614,8
13370,17615,28
13370,17623,4
13370,17644,2
13370,17647,4
13370,17653,5
13370,17657,2
13370,17669,1
13370,17672,5
13370,17695,11
13370,17696,11
13370,17697,22
13370,17710,6
13370,17714,3
13370,17715,2
13370,17723,1
13370,17724,5
13370,17735,2
13370,17736,4
13370,17744,1
13370,17745,37
13370,17746,3
13370,17760,3
13370,17767,2
13370,17768,9
13370,17769,4
13370,17779,23.5
13370,17781,2
13370,17783,1
13371,17547,5
13371,17564,1
13371,17587,2
13371,17590,1
13371,17591,6
13371,17603,1
13371,17606,3
13371,17613,5
13371,17614,19
13371,17615,22
13371,17616,9
13371,17621,1
13371,17640,4
13371,17644,2
13371,17652,11
13371,17655,9
13371,17670,1
13371,17672,22.5
13371,17673,12
13371,17674,4
13371,17687,10
13371,17688,8
13371,17694,3
13371,17695,2
13371,17696,7
13371,17697,2
13371,17700,5
13371,17724,13
13371,17729,7
13371,17744,13
13371,17745,8
13371,17762,3
13371,17769,11
13371,17770,7
13371,17778,7
13371,17779,30
13371,17780,4
13371,17781,39
13371,17782,10
13371,17783,2
13371,17784,2
13372,17566,7
13372,17584,5
13372,17607,2
13372,17613,3
13372,17614,42.5
13372,17615,16
13372,17616,2
13372,17619,1
13372,17620,2
13372,17633,11
13372,17645,5
13372,17652,17
13372,17653,6
13372,17660,4
13372,17670,50
13372,17671,24.5
13372,17672,14
13372,17673,2
13372,17686,9.5
13372,17687,6
13372,17695,30.5
13372,17696,36
13372,17697,31
13372,17698,1
13372,17704,1
13372,17731,4
13372,17732,2
13372,17767,1
13372,17768,2
13372,17769,4
13372,17770,5
13372,17777,3
13372,17778,14
13372,17779,27
13372,17780,39
13372,17781,18
13372,17782,61
13372,17783,5
13373,17561,16
13373,17566,3
13373,17584,2
13373,17587,5
13373,17588,2
13373,17596,8
13373,17597,3
13373,17599,8
13373,17603,2
13373,17604,2
13373,17605,2
13373,17606,5
13373,17613,9
13373,17614,15
13373,17615,2
13373,17622,2
13373,17630,1
13373,17631,13
13373,17632,17
13373,17633,15.5
13373,17634,1
13373,17647,6
13373,17648,3
13373,17651,18
13373,17652,31
13373,17655,2
13373,17662,10
13373,17666,4
13373,17671,19
13373,17674,2
13373,17680,3
13373,17694,15
13373,17695,35
13373,17707,4
13373,17736,1
13373,17776,2
13373,17778,5
13373,17779,45
13373,17780,61
13373,17781,109
13373,17782,33.5
13373,17783,29
13374,17579,2
13374,17582,2
13374,17584,4
13374,17589,2
13374,17599,3
13374,17601,4
13374,17606,8
13374,17612,3
13374,17613,2
13374,17615,7.5
13374,17631,2
13374,17632,10
13374,17633,2
13374,17638,2
13374,17641,6
13374,17647,3
13374,17650,3
13374,17651,14
13374,17652,6
13374,17667,2
13374,17670,5
13374,17674,2
13374,17677,2
13374,17694,9
13374,17695,8
13374,17723,2
13374,17731,2
13374,17744,2
13374,17768,3
13374,17776,4
13374,17779,6
13374,17780,27
13374,17781,15
13374,17782,33.5
13374,17783,38
13375,17565,2
13375,17606,4
13375,17612,2
13375,17632,4
13375,17633,5
13375,17639,7
13375,17652,8
13375,17657,5
13375,17658,5
13375,17659,11
13375,17675,2
13375,17676,5
13375,17677,7
13375,17724,1
13375,17731,2
13375,17736,5
13375,17764,5
13375,17765,1
13375,17775,12
13375,17776,21
13375,17777,3
13375,17779,14
13375,17780,2
13375,17782,28
13375,17783,11
13376,17558,4
13376,17559,4
13376,17566,8
13376,17567,5
13376,17626,1
13376,17648,3
13376,17652,5
13376,17658,3
13376,17668,2
13376,17670,2
13376,17687,7
13376,17693,3
13376,17701,3
13376,17740,1
13376,17741,2
13376,17763,2
13376,17764,3
13376,17775,16
13376,17779,2
13376,17782,11
13377,17554,12
13377,17567,2
13377,17599,3
13377,17610,2
13377,17617,2
13377,17621,2
13377,17624,8
13377,17638,2
13377,17661,5
13377,17665,2
13377,17693,2
13377,17699,4
13377,17700,5
13377,17705,4
13377,17728,5
13377,17764,2
13378,17552,3
13378,17553,20
13378,17554,20
13378,17557,4
13378,17559,5
13378,17567,3
13378,17568,1
13378,17569,2
13378,17581,2
13378,17582,2
13378,17595,1
13378,17607,1
13378,17608,11
13378,17609,5
13378,17614,5
13378,17636,4
13378,17653,2
13378,17658,2
13378,17665,3
13378,17669,1
13378,17681,2
13378,17693,4
13378,17699,2
13378,17700,3
13378,17701,2
13378,17735,4
13378,17744,2
13378,17745,2.5
13378,17763,5
13378,17764,14
13378,17781,4
13378,17782,15
13379,17553,15
13379,17554,15
13379,17555,6
13379,17567,2
13379,17568,4
13379,17592,3
13379,17604,5
13379,17605,1
13379,17606,16
13379,17607,2
13379,17608,5
13379,17609,2
13379,17616,3
13379,17629,4
13379,17631,4
13379,17650,3
13379,17665,2
13379,17673,2
13379,17680,5
13379,17681,12
13379,17701,17.5
13379,17704,4
13379,17719,3
13379,17726,6
13379,17735,1
13379,17744,14
13379,17763,3
13379,17764,16
13379,17780,2
13379,17781,19
13379,17782,38
13379,17783,2
13380,17553,13
13380,17554,9
13380,17559,3
13380,17560,3
13380,17567,6
13380,17572,8
13380,17574,5
13380,17578,6
13380,17584,3
13380,17585,5
13380,17604,3
13380,17605,1
13380,17606,6
13380,17616,2
13380,17632,2
13380,17660,5
13380,17666,6
13380,17681,2
13380,17686,2
13380,17719,6
13380,17722,2
13380,17741,2
13380,17762,2
13380,17763,2
13380,17771,2
13380,17780,2
13380,17782,9
13380,17796,3
13380,17797,9
13380,17798,5
13380,17799,4
13381,17549,1
13381,17553,2
13381,17559,5
13381,17566,2
13381,17569,1
13381,17570,2
13381,17571,10
13381,17572,7
13381,17578,3
13381,17579,3
13381,17583,8
13381,17584,1
13381,17597,2
13381,17599,8
13381,17600,2
13381,17601,2
13381,17603,2
13381,17604,4
13381,17605,3
13381,17612,7
13381,17613,2
13381,17626,3
13381,17640,2
13381,17648,3
13381,17656,6
13381,17657,3
13381,17665,1
13381,17666,17
13381,17667,4
13381,17672,8.5
13381,17673,11
13381,17691,2
13381,17710,7
13381,17711,11
13381,17715,2
13381,17716,4
13381,17721,10
13381,17722,8
13381,17729,5
13381,17762,8
13381,17763,2
13381,17767,2
13381,17770,2
13381,17771,3
13381,17772,5
13381,17796,5
13381,17797,16
13381,17798,43
13381,17799,19
13381,17800,1
13382,17540,20
13382,17553,4
13382,17554,2
13382,17565,2
13382,17566,2
13382,17570,3
13382,17571,47
13382,17572,23.5
13382,17596,4
13382,17597,8
13382,17598,48
13382,17599,44
13382,17600,7
13382,17602,21
13382,17613,4
13382,17621,3
13382,17645,7.5
13382,17655,4
13382,17656,2
13382,17664,3
13382,17667,2
13382,17678,4
13382,17692,2
13382,17703,2
13382,17704,4
13382,17714,2
13382,17726,2
13382,17741,9
13382,17742,3
13382,17755,9
13382,17756,6
13382,17768,14
13382,17769,14.5
13382,17770,4
13382,17797,4
13382,17798,9
13382,17799,28
13382,17800,3
13383,17550,8
13383,17556,2
13383,17557,4
13383,17563,4
13383,17570,2
13383,17571,2
13383,17597,2
13383,17598,7
13383,17599,28
13383,17600,41
13383,17601,38.5
13383,17602,1
13383,17612,1
13383,17616,1
13383,17617,5
13383,17621,12
13383,17624,9
13383,17636,2
13383,17637,10
13383,17638,3
13383,17646,11
13383,17647,6
13383,17656,4
13383,17657,2
13383,17661,6
13383,17664,2
13383,17667,3
13383,17677,5
13383,17685,2
13383,17686,4
13383,17703,5
13383,17718,9
13383,17728,5
13383,17729,23
13383,17731,3
13383,17740,9
13383,17741,9
13383,17754,4
13383,17758,1
13383,17759,20
13383,17760,2
13383,17768,6
13383,17769,2
13383,17797,9
13383,17798,21
13383,17799,19
13384,17540,9
13384,17553,7
13384,17554,6
13384,17561,4
13384,17570,2
13384,17572,2
13384,17574,5
13384,17596,2
13384,17599,29
13384,17600,44
13384,17601,9
13384,17603,4
13384,17624,10
13384,17627,2
13384,17634,2
13384,17635,5
13384,17637,12
13384,17687,3
13384,17690,5
13384,17718,2
13384,17728,22
13384,17729,52
13384,17730,25.5
13384,17731,10
13384,17732,12
13384,17733,3
13384,17741,6
13384,17754,6.5
13384,17755,2
13384,17797,5
13384,17798,22
13385,17540,6
13385,17561,13
13385,17574,7
13385,17575,2
13385,17595,6
13385,17596,3
13385,17597,2
13385,17598,2
13385,17599,4
13385,17600,12
13385,17601,22
13385,17602,2
13385,17603,1
13385,17604,7
13385,17605,11
13385,17632,2
13385,17642,5
13385,17651,2
13385,17668,3
13385,17674,3
13385,17675,1
13385,17689,4
13385,17727,6
13385,17728,42
13385,17729,59
13385,17730,28
13385,17731,39
13385,17732,17.5
13385,17733,8
13385,17734,1
13385,17736,3
13385,17739,6
13385,17754,1
13386,17544,2
13386,17553,2
13386,17554,6
13386,17573,3
13386,17574,1
13386,17602,4
13386,17616,2
13386,17640,4
13386,17642,15
13386,17643,8
13386,17662,10
13386,17727,8
13386,17728,30
13386,17729,8
13386,17730,5
13386,17733,2
13386,17734,9
13386,17738,2
13386,17740,3
13386,17744,3
13386,17745,10
13387,17535,4
13387,17556,2
13387,17575,3
13387,17590,2
13387,17591,5
13387,17592,10
13387,17593,3
13387,17595,1
13387,17601,2
13387,17606,5
13387,17613,2
13387,17614,4
13387,17624,3
13387,17636,1
13387,17641,1
13387,17658,9
13387,17659,11
13387,17660,6
13387,17661,37
13387,17662,14
13387,17664,5
13387,17665,3
13387,17679,1
13387,17682,2
13387,17697,2
13387,17699,11
13387,17701,14
13387,17724,2
13387,17728,12
13387,17741,2
13387,17744,10
13387,17745,20.5
13388,17550,6
13388,17562,7
13388,17568,4
13388,17570,1
13388,17580,6
13388,17591,2
13388,17594,1
13388,17606,2
13388,17607,1
13388,17613,9
13388,17616,14
13388,17631,4
13388,17632,5
13388,17638,16
13388,17639,7
13388,17659,8
13388,17660,52.5
13388,17661,20.5
13388,17662,4
13388,17666,7
13388,17669,7
13388,17670,3
13388,17679,2
13388,17700,3
13388,17701,60
13388,17702,30
13388,17708,5
13388,17717,2
13388,17728,1
13388,17744,4
13388,17745,24
13388,17746,10
13388,17749,2
13388,17782,1
13389,17533,2.5
13389,17539,2
13389,17546,3
13389,17555,3
13389,17559,1
13389,17560,5
13389,17574,1
13389,17576,9
13389,17577,2
13389,17580,7
13389,17593,2
13389,17598,5
13389,17601,1
13389,17602,6
13389,17604,3
13389,17613,9
13389,17615,7
13389,17632,2
13389,17634,2
13389,17636,3
13389,17637,3
13389,17638,19
13389,17639,7
13389,17640,5
13389,17658,4
13389,17659,10
13389,17660,2
13389,17661,23
13389,17669,2
13389,17678,9
13389,17679,5
13389,17694,2
13389,17701,3
13389,17702,39.5
13389,17703,7
13389,17704,2
13389,17712,2
13389,17713,3
13389,17717,3
13389,17745,5
13389,17748,14
13389,17749,2
13389,17760,7
13389,17761,2
13389,17764,4
13390,17533,6
13390,17534,1
13390,17539,6
13390,17548,2
13390,17554,26
13390,17555,27
13390,17557,2
13390,17564,1
13390,17565,3
13390,17579,10
13390,17593,10
13390,17594,1
13390,17602,6.5
13390,17603,4
13390,17608,3
13390,17613,1
13390,17615,12.5
13390,17632,1
13390,17636,22
13390,17637,52
13390,17638,16
13390,17639,19
13390,17666,15
13390,17677,1
13390,17678,9
13390,17679,3
13390,17702,5
13390,17703,26
13390,17704,11
13390,17713,10
13390,17714,1
13390,17736,9
13390,17737,4
13390,17747,7
13390,17748,16
13390,17755,1
13390,17757,5
13390,17760,7
13390,17761,3
13390,17764,2
13390,17765,4
13391,17538,2
13391,17545,2
13391,17555,10
13391,17556,39
13391,17557,4
13391,17571,7
13391,17579,1
13391,17580,2
13391,17593,4
13391,17614,5
13391,17618,3
13391,17632,1
13391,17633,2
13391,17637,25.5
13391,17638,35
13391,17639,16
13391,17640,4
13391,17641,10
13391,17651,4
13391,17662,2
13391,17664,4
13391,17686,3
13391,17695,6.5
13391,17703,31
13391,17704,48.5
13391,17705,6
13391,17736,2
13391,17738,4
13391,17747,1
13391,17748,3
13391,17754,7
13391,17755,1
13391,17758,14
13391,17759,3
13391,17764,4
13391,17765,3
13392,17541,4
13392,17545,5
13392,17547,2
13392,17556,14
13392,17557,2
13392,17568,4
13392,17572,9
13392,17573,11
13392,17574,2
13392,17576,2
13392,17577,3
13392,17609,2
13392,17615,7
13392,17616,8
13392,17631,12.5
13392,17633,4
13392,17635,4
13392,17636,20
13392,17637,31.5
13392,17638,4
13392,17640,7
13392,17641,10
13392,17645,1
13392,17646,9
13392,17652,4
13392,17653,4
13392,17663,12
13392,17664,10
13392,17665,4
13392,17667,1
13392,17673,4
13392,17686,5
13392,17693,6
13392,17694,2
13392,17695,7
13392,17703,6
13392,17710,1
13392,17711,2
13392,17728,2.5
13392,17753,2
13392,17754,22
13392,17758,5.5
13392,17759,12
13392,17764,5
13392,17765,1
13393,17548,4
13393,17549,7
13393,17560,12
13393,17565,6
13393,17576,8
13393,17583,11
13393,17602,12
13393,17603,9
13393,17636,5
13393,17637,15.5
13393,17640,3
13393,17647,4
13393,17648,2
13393,17658,2
13393,17659,8
13393,17663,4
13393,17672,2
13393,17673,1
13393,17679,7
13393,17691,2
13393,17693,2
13393,17722,2
13393,17723,16
13393,17724,2
13393,17734,3
13393,17735,4.5
13393,17736,1
13393,17746,5
13393,17747,5
13393,17748,4
13393,17754,7
13393,17755,10
13393,17773,4
13393,17774,4
13393,17775,7
13394,17544,6
13394,17549,2
13394,17552,3
13394,17553,3
13394,17560,7
13394,17572,3
13394,17573,2
13394,17576,3
13394,17581,5
13394,17584,7
13394,17598,5
13394,17603,5
13394,17605,3
13394,17632,2
13394,17637,8
13394,17638,13
13394,17639,2
13394,17641,2
13394,17643,7
13394,17646,1
13394,17647,1
13394,17659,6
13394,17717,10
13394,17723,15
13394,17724,4
13394,17744,8
13394,17745,9
13394,17755,5
13394,17773,5
13394,17774,7
13394,17775,6
13395,17601,7
13395,17603,1
13395,17606,5
13395,17610,7
13395,17611,4
13395,17617,2
13395,17625,3
13395,17629,2
13395,17635,9
13395,17636,11
13395,17641,2
13395,17643,5
13395,17644,4
13395,17650,6
13395,17655,2
13395,17670,3
13395,17678,1
13395,17682,6
13395,17729,1
13395,17730,5
13395,17732,2
13395,17743,3
13395,17772,8
13395,17773,1
13395,17774,13
13396,17543,4
13396,17557,3
13396,17559,4
13396,17569,4
13396,17570,11
13396,17576,7
13396,17578,4
13396,17579,13
13396,17599,3
13396,17608,2
13396,17613,2
13396,17625,15
13396,17627,1
13396,17628,1
13396,17629,4
13396,17635,5
13396,17641,8
13396,17678,2
13396,17702,2
13396,17713,2
13396,17714,9
13396,17715,1
13396,17727,4
13396,17733,7
13396,17734,3
13396,17742,1
13396,17748,6
13397,17541,1
13397,17542,2
13397,17543,7
13397,17555,2
13397,17556,3
13397,17568,6
13397,17578,7
13397,17581,4
13397,17582,8
13397,17614,3
13397,17619,7
13397,17626,4
13397,17641,2
13397,17662,5
13397,17663,11
13397,17664,3
13397,17665,4
13397,17675,2
13397,17676,2
13397,17725,2
13397,17727,2
13397,17728,3
13397,17732,6
13397,17746,1
13397,17754,11
13397,17755,5
13398,17551,5
13398,17568,3
13398,17569,2
13398,17572,1
13398,17581,2
13398,17593,4
13398,17606,3
13398,17609,3
13398,17618,3
13398,17619,10
13398,17625,2
13398,17630,6
13398,17631,2
13398,17640,9
13398,17645,8
13398,17663,4
13398,17664,6
13398,17665,4
13398,17686,5
13398,17691,4
13398,17708,5
13398,17726,7
13398,17728,3
13398,17732,1
13398,17733,5
13398,17745,3
13398,17746,12
13398,17747,13
13398,17755,7
13398,17756,5
13399,17546,8
13399,17547,3
13399,17550,3
13399,17551,2
13399,17557,2
13399,17560,6
13399,17565,8
13399,17566,7
13399,17575,4
13399,17576,40
13399,17578,16
13399,17582,15
13399,17583,18
13399,17595,2
13399,17609,9
13399,17612,2
13399,17613,3
13399,17625,1
13399,17634,1
13399,17637,5
13399,17673,3
13399,17683,2
13399,17691,1
13399,17697,2
13399,17698,14
13399,17716,3
13399,17724,2
13399,17745,1
13399,17746,6
13399,17747,5
13399,17761,5
13400,17540,2
13400,17545,6
13400,17550,14.5
13400,17551,3
13400,17561,8
13400,17562,4
13400,17563,1
13400,17565,1
13400,17566,7
13400,17567,23
13400,17569,17
13400,17570,34.5
13400,17571,8
13400,17577,2
13400,17582,11
13400,17583,36
13400,17584,24
13400,17586,6
13400,17587,2
13400,17593,2
13400,17594,7
13400,17633,6
13400,17637,2
13400,17645,2
13400,17654,4
13400,17657,8
13400,17661,7
13400,17662,1
13400,17665,4
13400,17667,2
13400,17671,7
13400,17672,17
13400,17677,2
13400,17683,8
13400,17708,8
13400,17709,9
13400,17731,3
13400,17745,2
13400,17746,1
13400,17770,2
13401,17550,1
13401,17561,4
13401,17564,2
13401,17565,5
13401,17566,6
13401,17567,46
13401,17568,41.5
13401,17569,53
13401,17570,63.5
13401,17571,79.5
13401,17572,19
13401,17580,2
13401,17582,12
13401,17583,10
13401,17584,1
13401,17585,15
13401,17596,9
13401,17602,2
13401,17603,7
13401,17609,8
13401,17617,3
13401,17633,4
13401,17645,3
13401,17649,9
13401,17672,10
13401,17674,5
13401,17677,22
13401,17678,15
13401,17681,2
13401,17698,1
13401,17708,1
13401,17727,4
13401,17750,9
13401,17751,1
13401,17752,5
13401,17785,8
13402,17539,6
13402,17560,4
13402,17566,20
13402,17567,23
13402,17568,48
13402,17569,62
13402,17570,68
13402,17571,35
13402,17572,7
13402,17573,5
13402,17581,1
13402,17582,26
13402,17583,11
13402,17584,13
13402,17585,4
13402,17589,15
13402,17590,1
13402,17603,3
13402,17604,2
13402,17608,13
13402,17609,3
13402,17610,4
13402,17620,3
13402,17632,4
13402,17634,5
13402,17672,16
13402,17673,3
13402,17674,35.5
13402,17675,35.5
13402,17676,40
13402,17677,4
13402,17689,2
13402,17695,1
13402,17698,1
13402,17700,2
13402,17713,1
13402,17721,2
13402,17741,2
13402,17742,15
13402,17743,18
13402,17744,2
13402,17750,5
13403,17539,3
13403,17540,3
13403,17549,4
13403,17553,1
13403,17554,9
13403,17560,4
13403,17564,4
13403,17565,1
13403,17566,41.5
13403,17567,21
13403,17568,40
13403,17569,76.5
13403,17570,32
13403,17571,2
13403,17572,14
13403,17573,11
13403,17575,3
13403,17576,6
13403,17579,4
13403,17585,11
13403,17586,16
13403,17592,4
13403,17593,25
13403,17594,27
13403,17596,8
13403,17597,2
13403,17599,1
13403,17608,12
13403,17609,2
13403,17619,4
13403,17638,3
13403,17639,5
13403,17648,1
13403,17664,5
13403,17672,10
13403,17673,38
13403,17674,66.5
13403,17675,26
13403,17676,34
13403,17677,5
13403,17678,1
13403,17702,2
13403,17703,4
13403,17720,8
13403,17721,20
13403,17741,8
13403,17742,23
13403,17743,5
13403,17749,10
13404,17543,1
13404,17544,14
13404,17546,5
13404,17547,7
13404,17549,2
13404,17554,5
13404,17565,8
13404,17566,45
13404,17567,35
13404,17568,3
13404,17569,119
13404,17570,63.5
13404,17571,22
13404,17579,6
13404,17580,19
13404,17581,6
13404,17585,2
13404,17586,5
13404,17593,39
13404,17594,5
13404,17595,2
13404,17596,12
13404,17598,4
13404,17616,4
13404,17617,3
13404,17627,2
13404,17648,2
13404,17668,2
13404,17673,16
13404,17674,13
13404,17675,4
13404,17676,5
13404,17677,1
13404,17678,2
13404,17681,3.5
13404,17682,2
13404,17683,7
13404,17705,2
13404,17721,1
13404,17729,2
13404,17730,4
13404,17741,6
13404,17742,8
13404,17743,23
13404,17744,10
13404,17750,4
13404,17751,5
13405,17538,7
13405,17540,4
13405,17546,6
13405,17547,1
13405,17549,7
13405,17559,2
13405,17561,3
13405,17562,11
13405,17565,3
13405,17566,8
13405,17567,6
13405,17568,21
13405,17569,167
13405,17570,54
13405,17571,22
13405,17572,12
13405,17578,2
13405,17582,2
13405,17589,11
13405,17593,3
13405,17594,7
13405,17595,4
13405,17598,2
13405,17600,4
13405,17601,2
13405,17602,5
13405,17603,2
13405,17609,5
13405,17611,12
13405,17612,2
13405,17613,7
13405,17614,2
13405,17615,24
13405,17616,30.5
13405,17617,4
13405,17630,4
13405,17634,4
13405,17635,1
13405,17643,11
13405,17644,1
13405,17648,2
13405,17653,8
13405,17654,6
13405,17668,5
13405,17669,10
13405,17670,4
13405,17674,2
13405,17680,3.5
13405,17713,3
13405,17729,3
13405,17731,1
13405,17740,2
13406,17549,2
13406,17550,1
13406,17553,3
13406,17554,7
13406,17560,8
13406,17566,8
13406,17567,32
13406,17568,67
13406,17569,47.5
13406,17570,58
13406,17571,14
13406,17572,16
13406,17573,29.5
13406,17575,2
13406,17578,1
13406,17589,5
13406,17590,7
13406,17594,2
13406,17601,1
13406,17603,16
13406,17604,26
13406,17611,2
13406,17613,11
13406,17614,37
13406,17615,43
13406,17616,38
13406,17629,1
13406,17630,2
13406,17643,3
13406,17647,11
13406,17654,2
13406,17655,5
13406,17669,7
13406,17670,3
13406,17677,3
13406,17680,2
13406,17686,7
13406,17702,1
13406,17704,4
13406,17705,4
13406,17706,13
13406,17733,11
13406,17734,5
13406,17751,1
13407,17549,44.5
13407,17550,43.5
13407,17567,13
13407,17568,103
13407,17569,43
13407,17570,35
13407,17571,36
13407,17572,11
13407,17573,7
13407,17575,4
13407,17577,4
13407,17578,3
13407,17589,4
13407,17590,13
13407,17595,2
13407,17607,4
13407,17610,3
13407,17611,18.5
13407,17612,43
13407,17613,48
13407,17614,12
13407,17615,14
13407,17616,18
13407,17636,2.5
13407,17637,2
13407,17677,1
13407,17682,7
13407,17683,15
13407,17684,9
13407,17689,3
13407,17733,3
13407,17734,8
13407,17741,10
13407,17751,11
13407,17764,4
13408,17541,1
13408,17542,2
13408,17543,5
13408,17547,2
13408,17548,19
13408,17549,24
13408,17550,39
13408,17567,8
13408,17568,61
13408,17569,39
13408,17570,95.5
13408,17571,69
13408,17572,5
13408,17603,6
13408,17608,4
13408,17609,4
13408,17612,7
13408,17613,21
13408,17614,3
13408,17615,2
13408,17616,6
13408,17619,3
13408,17630,1
13408,17635,4
13408,17636,5
13408,17638,2
13408,17641,9
13408,17655,2
13408,17677,3
13408,17678,6.5
13408,17682,2
13408,17683,14
13408,17732,3
13408,17734,7
13408,17735,9
13408,17741,2
13408,17751,5
13408,17755,1
13408,17764,10
13408,17765,8
13408,17783,3
13409,17541,5
13409,17542,3
13409,17546,7
13409,17547,2
13409,17550,8
13409,17561,10
13409,17562,2
13409,17565,6
13409,17567,12
13409,17568,50
13409,17569,69.5
13409,17570,26
13409,17571,20
13409,17573,2
13409,17585,3
13409,17595,20
13409,17602,5
13409,17604,4
13409,17608,8
13409,17610,2
13409,17611,41
13409,17612,27
13409,17613,36
13409,17614,44.5
13409,17615,2
13409,17619,24
13409,17622,8
13409,17636,2
13409,17638,3
13409,17639,2
13409,17640,4
13409,17641,8
13409,17646,3
13409,17662,3
13409,17673,4
13409,17674,2
13409,17677,2
13409,17678,2
13409,17679,2
13409,17680,7
13409,17681,3
13409,17683,8
13409,17698,3
13409,17734,25.5
13409,17735,34
13409,17752,4
13409,17761,4
13409,17763,4
13409,17764,1
13410,17544,1
13410,17549,5
13410,17553,5
13410,17559,6
13410,17561,4
13410,17562,9
13410,17565,7
13410,17566,6
13410,17567,7
13410,17568,10
13410,17571,9
13410,17584,4
13410,17585,2
13410,17591,13
13410,17592,4
13410,17597,2
13410,17603,4
13410,17604,8
13410,17606,3
13410,17609,8
13410,17610,6
13410,17612,12
13410,17613,43
13410,17614,33
13410,17615,31.5
13410,17616,3
13410,17617,27
13410,17618,16
13410,17619,2
13410,17620,2
13410,17621,4
13410,17623,12
13410,17645,27.5
13410,17646,35
13410,17647,10
13410,17648,10
13410,17702,1
13410,17735,5
13411,17553,4
13411,17554,2
13411,17560,5
13411,17561,5
13411,17569,2
13411,17574,9
13411,17575,2
13411,17576,2
13411,17578,5
13411,17587,3
13411,17591,3
13411,17592,6
13411,17595,3
13411,17597,5
13411,17598,4
13411,17603,2
13411,17608,5
13411,17609,4
13411,17611,20
13411,17612,28.5
13411,17613,79.5
13411,17614,23
13411,17615,56.5
13411,17616,7
13411,17617,6
13411,17618,6
13411,17619,11
13411,17626,3
13411,17627,3
13411,17631,6.5
13411,17634,5
13411,17645,6
13411,17646,26
13411,17647,7
13411,17648,2
13411,17649,2
13411,17650,3
13411,17651,2
13411,17676,5
13411,17677,4
13411,17705,18
13411,17706,3
13411,17714,5.5
13411,17715,8
13411,17729,4
13411,17736,8
13411,17744,2
13411,17745,2
13411,17774,10
13411,17775,13
13412,17533,2
13412,17539,10
13412,17548,6
13412,17554,7
13412,17558,1
13412,17560,11
13412,17561,18
13412,17562,8
13412,17563,18.5
13412,17564,8
13412,17565,14
13412,17566,18
13412,17567,4
13412,17570,2
13412,17571,2
13412,17576,5
13412,17595,7
13412,17598,3
13412,17604,5
13412,17611,17
13412,17612,13
13412,17613,39
13412,17615,61
13412,17616,27
13412,17618,5
13412,17646,6
13412,17647,5
13412,17650,5
13412,17651,2
13412,17675,2
13412,17687,1
13412,17704,2
13412,17705,25
13412,17706,2
13412,17715,3
13412,17716,1
13412,17722,1.5
13412,17729,16
13412,17730,18
13412,17731,15
13412,17745,1
13412,17763,5.5
13412,17764,4
13412,17770,1
13412,17771,8
13412,17772,1
13412,17773,10
13412,17774,28
13412,17775,14
13413,17533,5
13413,17542,1
13413,17548,9
13413,17557,4
13413,17558,4
13413,17560,21
13413,17561,21
13413,17562,20.5
13413,17563,26
13413,17564,12
13413,17565,6
13413,17566,10
13413,17579,1
13413,17580,3
13413,17595,12
13413,17596,4
13413,17597,1
13413,17606,2
13413,17611,1
13413,17613,22
13413,17614,12
13413,17615,37.5
13413,17616,38
13413,17625,2.5
13413,17629,2
13413,17630,1
13413,17636,1
13413,17638,3
13413,17639,1
13413,17648,1
13413,17650,2
13413,17714,1
13413,17729,3
13413,17730,53
13413,17731,38
13413,17732,2
13413,17772,5
13413,17773,28.5
13413,17774,30
13413,17775,12
13413,17787,1
13413,17788,7
13414,17531,9
13414,17540,2
13414,17548,10
13414,17549,6
13414,17557,8
13414,17561,4
13414,17562,26
13414,17563,12
13414,17564,28
13414,17573,9
13414,17575,4
13414,17576,2
13414,17577,4
13414,17578,5
13414,17579,12
13414,17580,16.5
13414,17587,3
13414,17602,4
13414,17605,8
13414,17606,19
13414,17607,21
13414,17608,3
13414,17611,9
13414,17612,18
13414,17613,58
13414,17614,68.5
13414,17615,2
13414,17623,4
13414,17625,3
13414,17628,3
13414,17629,2
13414,17631,8
13414,17635,4
13414,17638,4
13414,17689,1
13414,17712,6
13414,17714,2
13414,17727,3
13414,17730,1
13414,17731,16
13414,17732,13
13414,17733,6
13414,17734,10
13414,17735,2
13414,17772,17
13414,17773,5
13414,17774,24
13414,17775,10
13414,17776,2
13414,17788,7
13414,17789,7
13415,17541,4
13415,17561,5
13415,17563,3
13415,17564,13
13415,17565,6
13415,17573,5
13415,17576,8
13415,17577,10
13415,17578,5
13415,17579,4
13415,17583,2
13415,17587,5
13415,17593,3
13415,17596,5
13415,17605,5
13415,17606,12
13415,17607,9
13415,17614,24
13415,17615,22
13415,17616,3
13415,17623,5
13415,17624,1
13415,17633,4
13415,17634,1
13415,17635,11
13415,17677,3
13415,17693,2
13415,17718,2
13415,17730,2
13415,17731,1
13415,17732,17
13415,17734,6
13415,17736,6
13415,17737,4
13415,17749,2
13415,17750,1
13415,17762,1
13415,17772,10
13415,17773,3
13415,17777,2
13415,17789,2
13416,17533,2
13416,17534,7
13416,17535,5
13416,17536,13
13416,17540,3
13416,17564,3
13416,17565,12
13416,17572,5
13416,17576,2
13416,17583,10
13416,17593,4
13416,17597,11
13416,17607,18
13416,17608,11
13416,17609,8
13416,17610,2
13416,17615,30
13416,17617,1
13416,17618,4
13416,17621,2
13416,17622,3
13416,17629,11
13416,17634,11
13416,17635,4
13416,17636,5
13416,17639,2
13416,17640,2
13416,17652,3
13416,17673,3
13416,17701,18
13416,17702,3
13416,17707,2
13416,17712,5
13416,17713,2
13416,17730,2
13416,17731,3
13416,17732,34
13416,17733,9
13416,17734,3
13416,17735,3
13416,17736,4
13417,17535,3
13417,17540,1
13417,17544,9
13417,17560,4
13417,17571,8
13417,17572,4
13417,17580,4
13417,17587,5
13417,17588,2
13417,17593,4
13417,17596,11
13417,17597,30
13417,17598,16
13417,17603,1
13417,17604,1
13417,17607,5
13417,17609,6
13417,17610,1
13417,17613,5
13417,17615,5
13417,17616,16
13417,17623,1
13417,17624,5
13417,17627,16
13417,17628,2
13417,17652,2
13417,17653,3.5
13417,17657,4
13417,17661,5
13417,17684,2
13417,17689,5.5
13417,17700,7
13417,17701,3
13417,17713,6
13417,17724,5
13417,17728,2
13417,17729,5
13417,17732,5
13417,17733,17
13417,17735,12
13417,17736,2
13417,17748,6
13417,17749,2
13417,17750,2
13417,17780,5
13417,17786,10
13417,17787,10
13418,17530,5
13418,17540,5
13418,17541,1
13418,17557,6
13418,17560,3
13418,17565,5
13418,17571,13
13418,17573,7
13418,17575,3
13418,17576,4
13418,17597,2
13418,17599,3
13418,17603,2
13418,17604,3
13418,17606,8
13418,17607,1
13418,17612,2
13418,17616,3.5
13418,17623,1
13418,17624,1
13418,17630,3
13418,17631,3
13418,17634,6
13418,17643,2
13418,17652,35
13418,17653,14
13418,17669,4
13418,17672,1
13418,17679,3
13418,17685,4
13418,17701,1
13418,17723,13
13418,17724,10
13418,17725,2
13418,17726,15
13418,17731,5
13418,17732,16
13418,17733,47.5
13418,17734,9
13418,17735,51
13418,17736,7
13418,17748,11
13418,17749,26
13418,17750,22
13418,17773,3
13418,17786,5
13418,17787,1
13419,17538,2
13419,17541,7
13419,17542,3
13419,17546,6
13419,17555,3
13419,17562,5
13419,17565,7
13419,17566,20
13419,17572,1
13419,17573,3
13419,17575,6
13419,17584,3
13419,17588,5
13419,17596,5
13419,17609,6
13419,17610,1
13419,17614,8
13419,17617,2.5
13419,17618,13
13419,17619,9
13419,17641,1
13419,17643,3
13419,17644,1
13419,17648,9
13419,17649,7
13419,17650,1
13419,17652,6
13419,17653,1
13419,17656,7
13419,17657,8
13419,17673,3
13419,17683,2
13419,17684,4
13419,17722,1
13419,17723,5
13419,17724,7
13419,17725,7
13419,17726,24
13419,17731,8
13419,17732,1
13419,17733,12
13419,17734,18
13419,17735,23
13419,17749,4
13419,17750,20
13419,17751,25
13419,17752,2
13420,17531,3
13420,17533,7
13420,17535,9
13420,17536,2
13420,17538,1
13420,17540,2
13420,17541,34
13420,17542,32.5
13420,17543,11
13420,17544,7
13420,17545,8
13420,17547,6
13420,17548,3
13420,17550,5
13420,17559,8
13420,17560,2
13420,17564,3
13420,17565,3
13420,17566,6
13420,17567,2
13420,17568,5
13420,17571,1
13420,17577,10
13420,17578,1
13420,17584,5
13420,17588,4
13420,17589,15
13420,17592,3
13420,17597,2
13420,17618,17
13420,17619,5
13420,17625,5
13420,17626,3
13420,17634,8
13420,17646,2
13420,17647,5
13420,17649,23
13420,17650,3
13420,17654,3
13420,17656,1
13420,17657,5
13420,17669,4
13420,17674,8
13420,17726,4
13420,17737,1
13420,17750,12.5
13420,17751,5
13421,17537,2
13421,17538,2
13421,17539,6
13421,17540,7
13421,17541,28
13421,17542,41.5
13421,17543,35
13421,17544,6
13421,17546,2
13421,17547,3
13421,17550,4
13421,17557,3
13421,17560,2
13421,17561,2
13421,17583,5
13421,17590,6
13421,17591,7
13421,17597,7
13421,17599,2
13421,17609,17
13421,17610,4
13421,17618,4
13421,17619,8
13421,17622,3
13421,17623,3
13421,17624,6
13421,17626,2
13421,17630,4
13421,17631,7
13421,17632,21
13421,17633,20
13421,17634,12
13421,17637,2
13421,17640,8
13421,17641,7
13421,17649,3
13421,17651,3
13421,17665,4
13421,17667,5.5
13421,17675,2
13421,17705,3
13421,17736,19.5
13421,17737,49
13421,17750,2
13422,17538,3
13422,17542,1
13422,17543,27
13422,17544,19
13422,17546,2
13422,17593,1
13422,17597,4
13422,17598,2
13422,17623,2
13422,17626,4
13422,17627,6
13422,17630,28
13422,17631,22
13422,17632,27
13422,17633,18
13422,17643,2
13422,17648,5
13422,17649,2
13422,17665,2
13422,17667,15
13422,17690,2
13422,17694,5
13422,17739,2
13422,17742,6
13422,17750,22
13422,17783,2
13423,17540,2
13423,17544,4
13423,17553,10
13423,17559,33
13423,17560,2
13423,17564,10
13423,17565,8
13423,17575,14
13423,17576,3
13423,17583,9
13423,17593,5
13423,17594,22.5
13423,17595,2
13423,17597,2
13423,17599,14
13423,17612,3
13423,17618,4
13423,17619,3
13423,17624,4.5
13423,17630,12
13423,17631,14
13423,17637,2
13423,17638,3
13423,17640,8
13423,17643,1
13423,17654,6
13423,17666,6
13423,17667,5
13423,17697,14
13423,17698,4
13423,17710,2
13423,17723,2
13423,17729,2
13423,17740,9
13423,17741,7
13423,17783,7
13423,17784,10
13423,17798,6
13423,17799,22
13424,17540,2
13424,17549,7
13424,17559,6
13424,17560,9
13424,17564,14
13424,17565,9
13424,17588,9
13424,17594,7
13424,17595,13
13424,17596,29
13424,17597,30
13424,17598,42
13424,17599,52
13424,17602,3
13424,17604,8
13424,17608,4
13424,17613,7
13424,17619,18
13424,17629,5
13424,17630,15
13424,17631,19
13424,17632,2
13424,17633,7
13424,17635,10
13424,17636,2
13424,17642,3
13424,17661,4
13424,17662,19
13424,17665,4
13424,17697,2
13424,17698,6
13424,17712,14.5
13424,17728,4
13424,17735,15
13424,17736,2
13424,17738,3
13424,17740,5.5
13424,17741,2
13424,17783,10
13424,17784,21
13424,17798,8
13424,17799,11
13425,17547,4
13425,17557,3
13425,17568,3
13425,17571,11
13425,17572,1
13425,17581,3
13425,17583,4
13425,17584,12
13425,17586,4
13425,17588,1
13425,17591,2
13425,17595,2
13425,17596,43
13425,17597,64
13425,17598,19
13425,17601,3
13425,17604,6
13425,17605,9
13425,17616,1
13425,17630,29.5
13425,17631,62.5
13425,17632,35.5
13425,17633,41
13425,17634,24
13425,17635,6
13425,17637,3
13425,17638,3
13425,17639,2
13425,17641,4
13425,17642,3
13425,17661,4
13425,17712,4
13425,17728,27
13425,17729,5
13425,17735,2
13425,17736,35.5
13425,17737,52.5
13425,17738,24
13425,17739,28
13425,17740,52
13425,17741,24
13425,17742,2
13425,17785,4
13425,17798,1
13426,17531,3
13426,17544,8
13426,17563,9
13426,17571,4
13426,17577,15
13426,17578,10
13426,17580,7
13426,17581,15
13426,17583,1
13426,17584,23.5
13426,17586,10
13426,17588,4
13426,17591,5
13426,17594,2
13426,17595,9
13426,17596,54
13426,17597,12
13426,17601,3
13426,17604,2
13426,17605,7
13426,17608,3
13426,17616,2
13426,17630,29.5
13426,17631,12
13426,17632,21
13426,17633,26.5
13426,17634,20
13426,17637,16
13426,17639,2
13426,17643,1
13426,17645,5
13426,17658,5
13426,17699,5
13426,17727,10
13426,17728,5
13426,17729,4
13426,17735,2
13426,17736,44
13426,17737,45.5
13426,17738,11
13426,17740,10
13426,17741,7
13426,17742,2
13426,17764,16
13427,17527,1
13427,17533,4
13427,17548,4
13427,17551,2
13427,17555,2
13427,17568,9
13427,17573,7
13427,17576,6
13427,17577,19
13427,17578,2
13427,17584,5
13427,17586,1
13427,17589,3
13427,17595,4.5
13427,17597,5
13427,17601,4
13427,17602,5
13427,17625,9
13427,17632,3
13427,17634,38.5
13427,17647,1
13427,17658,8
13427,17659,15
13427,17660,9
13427,17667,6
13427,17668,12
13427,17690,2
13427,17697,3
13427,17726,2
13427,17727,17
13427,17728,4
13427,17735,5
13427,17736,4
13427,17740,8
13427,17742,10
13427,17763,2
13427,17764,32.5
13427,17765,22
13428,17529,2
13428,17539,2
13428,17540,2
13428,17544,3
13428,17545,3
13428,17549,2
13428,17562,4
13428,17571,3
13428,17572,10
13428,17583,4
13428,17585,12
13428,17586,16
13428,17587,43
13428,17588,3
13428,17593,4
13428,17598,4
13428,17605,6
13428,17617,5
13428,17625,1
13428,17657,3
13428,17659,8
13428,17660,2
13428,17661,9
13428,17664,1.5
13428,17667,6
13428,17668,11
13428,17669,3
13428,17694,4
13428,17727,4
13428,17742,2
13428,17743,18
13428,17763,8
13428,17764,13
13428,17765,13
13429,17529,4
13429,17538,3
13429,17551,3
13429,17561,4
13429,17579,23
13429,17580,10
13429,17586,14
13429,17587,19
13429,17588,21
13429,17589,15
13429,17590,5
13429,17593,3
13429,17600,1
13429,17606,4
13429,17607,3
13429,17611,4
13429,17613,1
13429,17622,3
13429,17632,4
13429,17637,3
13429,17638,10
13429,17639,2
13429,17640,4
13429,17646,2
13429,17650,4
13429,17651,8.5
13429,17652,2
13429,17654,4
13429,17659,5
13429,17660,35
13429,17667,1
13429,17717,3
13429,17719,1
13429,17724,5
13429,17725,3
13429,17732,2
13429,17743,22
13430,17535,3
13430,17536,11
13430,17543,7
13430,17554,3
13430,17557,5
13430,17561,23
13430,17575,4
13430,17577,4
13430,17579,4
13430,17580,20
13430,17581,4
13430,17583,6
13430,17584,9
13430,17585,5
13430,17586,5
13430,17587,20.5
13430,17588,32.5
13430,17590,4
13430,17591,1
13430,17599,10
13430,17600,5
13430,17607,1
13430,17611,2
13430,17614,2
13430,17618,4
13430,17631,1
13430,17649,2
13430,17650,5
13430,17654,1
13430,17660,17
13430,17661,9
13430,17662,7
13430,17664,7
13430,17665,14
13430,17717,2
13430,17719,1
13430,17720,1
13430,17725,3
13430,17730,2
13430,17731,12
13430,17732,10
13430,17743,19
13430,17744,14
13431,17527,5
13431,17540,5
13431,17541,1
13431,17545,4
13431,17549,2
13431,17554,1
13431,17577,18
13431,17578,12
13431,17580,27
13431,17581,5
13431,17583,60
13431,17584,30
13431,17585,1
13431,17588,37
13431,17589,5
13431,17599,5
13431,17600,6
13431,17614,1
13431,17615,3
13431,17616,4
13431,17637,7
13431,17648,6
13431,17653,2
13431,17661,38.5
13431,17662,7
13431,17663,5.5
13431,17664,34
13431,17665,50.5
13431,17666,20
13431,17695,2
13431,17717,3
13431,17731,16
13431,17743,11
13431,17744,20
13432,17527,4
13432,17542,4
13432,17545,2
13432,17548,35
13432,17549,10
13432,17550,28
13432,17551,6
13432,17564,3
13432,17565,8
13432,17568,11
13432,17572,11
13432,17577,15
13432,17578,6
13432,17579,21
13432,17580,59.5
13432,17581,35.5
13432,17582,41
13432,17583,77
13432,17584,17
13432,17587,12
13432,17589,3
13432,17591,2
13432,17593,5
13432,17597,1
13432,17598,2
13432,17599,4
13432,17626,1.5
13432,17636,8
13432,17641,4
13432,17646,1
13432,17647,12
13432,17654,2
13432,17661,33
13432,17662,13
13432,17663,39.5
13432,17664,47.5
13432,17665,51
13432,17666,67.5
13432,17676,2
13432,17711,2
13432,17724,9
13432,17743,2
13432,17744,5
13432,17745,35
13432,17765,2
13433,17524,4
13433,17533,6
13433,17538,2
13433,17541,2
13433,17542,7
13433,17546,2
13433,17547,6
13433,17548,50
13433,17549,56
13433,17550,22
13433,17551,22.5
13433,17554,4
13433,17558,5
13433,17564,1
13433,17568,13
13433,17572,2
13433,17573,6
13433,17580,18
13433,17581,24
13433,17582,44.5
13433,17583,40
13433,17584,3
13433,17586,6
13433,17587,7
13433,17592,8
13433,17593,7
13433,17601,7
13433,17602,4
13433,17616,6
13433,17635,2
13433,17641,6
13433,17642,6
13433,17644,4
13433,17660,4
13433,17661,61
13433,17662,96.5
13433,17663,36
13433,17664,14
13433,17665,73
13433,17666,26
13433,17710,4
13433,17711,28
13433,17725,6
13433,17726,9
13433,17741,2
13433,17744,43
13433,17745,52
13433,17746,4
13433,17782,2.5
13434,17524,7
13434,17525,2
13434,17531,10
13434,17549,35
13434,17550,85.5
13434,17551,6
13434,17553,11
13434,17554,2
13434,17555,30
13434,17556,2
13434,17558,2
13434,17572,3
13434,17580,11
13434,17581,39
13434,17582,54
13434,17583,19
13434,17600,4
13434,17601,2
13434,17606,5
13434,17615,1
13434,17617,5
13434,17620,2
13434,17630,5
13434,17635,6
13434,17647,4
13434,17648,3
13434,17660,7
13434,17661,33
13434,17662,25
13434,17663,30
13434,17664,29
13434,17665,9
13434,17692,2
13434,17693,9
13434,17697,2
13434,17710,1
13434,17711,11
13434,17720,1
13434,17742,1
13434,17744,29
13434,17745,11
13434,17746,41
13434,17747,6
13435,17529,7
13435,17549,17.5
13435,17552,21
13435,17553,30
13435,17554,7
13435,17555,9
13435,17564,2
13435,17572,2
13435,17574,4
13435,17578,11
13435,17579,16
13435,17580,13
13435,17581,63
13435,17582,59
13435,17583,17
13435,17584,3
13435,17587,9
13435,17588,2
13435,17593,4
13435,17594,9.5
13435,17622,1
13435,17629,7
13435,17630,2
13435,17635,2
13435,17648,11
13435,17654,3
13435,17660,4
13435,17662,21
13435,17670,8
13435,17688,2
13435,17693,14
13435,17694,12.5
13435,17695,5
13435,17702,1
13435,17741,4
13435,17742,1
13435,17744,5
13435,17746,7
13435,17747,35
13435,17748,22
13435,17766,5
13436,17539,6
13436,17551,16.5
13436,17552,47
13436,17553,38.5
13436,17554,5
13436,17560,9
13436,17561,2
13436,17565,1
13436,17566,15
13436,17577,4
13436,17578,2
13436,17579,4
13436,17581,57
13436,17582,22
13436,17583,24.5
13436,17584,6
13436,17588,5
13436,17591,1
13436,17600,5
13436,17619,3
13436,17620,1
13436,17621,9
13436,17630,8
13436,17637,3
13436,17647,1
13436,17648,9
13436,17658,1
13436,17659,4
13436,17660,4
13436,17663,18
13436,17669,1
13436,17677,4
13436,17678,1
13436,17692,4
13436,17693,4
13436,17694,18.5
13436,17695,12
13436,17704,2
13436,17705,4
13436,17741,34
13436,17742,14
13436,17743,1
13436,17744,3
13436,17745,10
13436,17746,17
13436,17747,45
13436,17748,7
13436,17749,4
13436,17751,5
13436,17763,23
13436,17764,5
13436,17765,15.5
13436,17766,15
13436,17767,10
13437,17526,4
13437,17533,19
13437,17535,3
13437,17536,13
13437,17546,5
13437,17550,12
13437,17551,40
13437,17552,2
13437,17557,9
13437,17565,2
13437,17567,2
13437,17580,8.5
13437,17581,32.5
13437,17582,19
13437,17583,4.5
13437,17585,1
13437,17600,6
13437,17601,6
13437,17605,3
13437,17606,5
13437,17619,3
13437,17620,3
13437,17621,3
13437,17627,2
13437,17631,4
13437,17638,17
13437,17639,5
13437,17654,3
13437,17663,13
13437,17676,2
13437,17694,25
13437,17695,27
13437,17719,6
13437,17741,16
13437,17742,2
13437,17745,31
13437,17746,79
13437,17747,124.5
13437,17748,90
13437,17749,23
13437,17763,21
13437,17764,19
13437,17765,28
13437,17766,62
13437,17767,5
13438,17521,4
13438,17522,4
13438,17532,22
13438,17533,11
13438,17535,2
13438,17541,11
13438,17546,6
13438,17549,2
13438,17550,5
13438,17563,14
13438,17567,3
13438,17568,1
13438,17573,8
13438,17574,18
13438,17579,11
13438,17580,8
13438,17581,1
13438,17582,14
13438,17583,3
13438,17601,3
13438,17613,3
13438,17620,4
13438,17621,2
13438,17622,1
13438,17631,2
13438,17652,7
13438,17662,6
13438,17663,25
13438,17664,2
13438,17686,3
13438,17694,12
13438,17695,2
13438,17699,2
13438,17718,9
13438,17719,14
13438,17720,4
13438,17741,15
13438,17744,17
13438,17745,67
13438,17746,62
13438,17747,111
13438,17748,94.5
13438,17749,40
13438,17750,25
13438,17751,7
13438,17765,4
13438,17766,29.5
13438,17767,2
13439,17525,2
13439,17531,5
13439,17532,8
13439,17533,2
13439,17534,10
13439,17536,13
13439,17540,9
13439,17541,20
13439,17549,11
13439,17561,7
13439,17563,5
13439,17572,9
13439,17573,12
13439,17574,2
13439,17579,7
13439,17580,15
13439,17583,5
13439,17586,2
13439,17589,2
13439,17590,3
13439,17595,9.5
13439,17606,2
13439,17610,8
13439,17611,8
13439,17612,2
13439,17614,2
13439,17615,4
13439,17625,2
13439,17630,4
13439,17631,4
13439,17632,3
13439,17636,2
13439,17655,9
13439,17660,3
13439,17662,8
13439,17663,11
13439,17675,2
13439,17676,2
13439,17679,3
13439,17686,5
13439,17718,4
13439,17719,5
13439,17720,19
13439,17741,7
13439,17742,3
13439,17743,5
13439,17744,25
13439,17745,38
13439,17746,61
13439,17747,47
13439,17748,17
13439,17749,32
13439,17750,55
13439,17751,34
13439,17752,13
13439,17766,6
13440,17524,4
13440,17525,11
13440,17530,5
13440,17536,6
13440,17537,1
13440,17541,3
13440,17545,2
13440,17552,5
13440,17556,3
13440,17568,2
13440,17570,6
13440,17571,5
13440,17579,1
13440,17582,4
13440,17583,5.5
13440,17587,7
13440,17596,4
13440,17597,2
13440,17599,18
13440,17602,2
13440,17605,2
13440,17606,4
13440,17607,4
13440,17610,7
13440,17611,1
13440,17615,3
13440,17622,6
13440,17630,4
13440,17636,3
13440,17654,2
13440,17675,1
13440,17676,3
13440,17680,2
13440,17686,2
13440,17695,5
13440,17720,11
13440,17721,6
13440,17723,3
13440,17724,15
13440,17733,2
13440,17743,6
13440,17744,20.5
13440,17745,49
13440,17746,82
13440,17747,40
13440,17752,7
13441,17535,10
13441,17536,6
13441,17537,8
13441,17545,5
13441,17554,1
13441,17558,11
13441,17567,2
13441,17570,8
13441,17584,4
13441,17592,10
13441,17597,4
13441,17598,2
13441,17599,25
13441,17600,32
13441,17601,2
13441,17611,7
13441,17612,10
13441,17641,3
13441,17642,5
13441,17652,1
13441,17653,3
13441,17663,3
13441,17664,12
13441,17675,8
13441,17676,16
13441,17719,2
13441,17720,5
13441,17721,9
13441,17723,15
13441,17724,9
13441,17726,3
13441,17727,2
13441,17730,1
13441,17731,55
13441,17732,16
13441,17742,4
13441,17743,20
13441,17744,21
13441,17745,44
13441,17746,8
13441,17807,2
13441,17808,10
13441,17809,9
13442,17529,1
13442,17534,13
13442,17537,15
13442,17538,28
13442,17539,32.5
13442,17540,4
13442,17558,6
13442,17559,5
13442,17566,9
13442,17567,13
13442,17568,11
13442,17575,4
13442,17576,2
13442,17579,3
13442,17580,5
13442,17584,2
13442,17585,22.5
13442,17599,4
13442,17600,12
13442,17604,2
13442,17605,4
13442,17606,8
13442,17608,2
13442,17610,9
13442,17640,1
13442,17646,8
13442,17657,2
13442,17658,2
13442,17678,5
13442,17679,5
13442,17731,60
13442,17732,77.5
13442,17733,9
13442,17742,8
13442,17743,4
13442,17744,12
13442,17745,42
13442,17746,2
13442,17808,2
13443,17530,2
13443,17532,5
13443,17537,2
13443,17538,3
13443,17539,17
13443,17540,15
13443,17541,2
13443,17544,8.5
13443,17565,3
13443,17566,1
13443,17567,9
13443,17568,2
13443,17569,1
13443,17575,36
13443,17576,2
13443,17580,1
13443,17593,1
13443,17603,10
13443,17604,18
13443,17605,1
13443,17606,11
13443,17607,3
13443,17608,26
13443,17609,10
13443,17611,15
13443,17615,8
13443,17624,6
13443,17648,2
13443,17658,2
13443,17659,10
13443,17684,2
13443,17689,2
13443,17705,20
13443,17706,2
13443,17730,3
13443,17731,40
13443,17732,19
13443,17745,4
13443,17750,1
13443,17760,1
13443,17795,3
13444,17533,1
13444,17537,3
13444,17540,4
13444,17556,8
13444,17567,23
13444,17568,5
13444,17573,1
13444,17588,2
13444,17589,1
13444,17597,17
13444,17604,55
13444,17605,20.5
13444,17606,10
13444,17607,27
13444,17608,31
13444,17609,5
13444,17615,11
13444,17621,3
13444,17628,2
13444,17646,3
13444,17659,10
13444,17669,9
13444,17705,6
13444,17706,10
13444,17713,5
13444,17730,17
13444,17731,23
13444,17742,5
13444,17743,2
13445,17521,12
13445,17524,2
13445,17525,2
13445,17527,10
13445,17531,16
13445,17539,18
13445,17540,1
13445,17549,7
13445,17550,13
13445,17551,15
13445,17560,12
13445,17565,5
13445,17566,6
13445,17568,4
13445,17573,3
13445,17602,4
13445,17603,24
13445,17604,25
13445,17605,75.5
13445,17606,54
13445,17607,20
13445,17610,2
13445,17628,8
13445,17641,3
13445,17645,1
13445,17657,5
13445,17658,19
13445,17659,4
13445,17673,1
13445,17684,1
13445,17687,9
13445,17688,5
13445,17705,17
13445,17706,24
13445,17707,35
13445,17708,4
13445,17712,12
13445,17730,3
13445,17743,3
13445,17787,1
13446,17531,7
13446,17534,2
13446,17535,4
13446,17537,9
13446,17538,17
13446,17549,1
13446,17572,5
13446,17573,1
13446,17577,4
13446,17578,8
13446,17585,11
13446,17591,7
13446,17597,3
13446,17602,3
13446,17603,22
13446,17604,52
13446,17605,37
13446,17606,53
13446,17607,44.5
13446,17608,5
13446,17609,9
13446,17614,6
13446,17628,15
13446,17629,6
13446,17631,3
13446,17632,13
13446,17644,2
13446,17645,2
13446,17679,2
13446,17706,32
13446,17707,28
13446,17708,4
13446,17709,19
13446,17792,6
13446,17793,4
13446,17796,2
13447,17529,8
13447,17534,6
13447,17537,12
13447,17538,9
13447,17549,8
13447,17550,1
13447,17563,5
13447,17564,1
13447,17575,1
13447,17577,13
13447,17578,13
13447,17579,5
13447,17582,16
13447,17583,1
13447,17584,4
13447,17589,3
13447,17602,7
13447,17603,86.5
13447,17604,41
13447,17605,74
13447,17606,85
13447,17607,7
13447,17629,10
13447,17630,2
13447,17631,2
13447,17632,7
13447,17635,7
13447,17636,1
13447,17637,4
13447,17665,4
13447,17673,4
13447,17686,2
13447,17690,15
13447,17703,3
13447,17707,1
13447,17708,2
13447,17792,6
13447,17793,16
13447,17794,17
13447,17795,7
13447,17796,13.5
13447,17797,6
13448,17526,5
13448,17527,11
13448,17537,14
13448,17538,2
13448,17543,2
13448,17552,4
13448,17553,7
13448,17554,20
13448,17555,20
13448,17568,2
13448,17575,5
13448,17576,3
13448,17577,36
13448,17578,19
13448,17579,4
13448,17581,7
13448,17582,40
13448,17583,12
13448,17600,8
13448,17601,5
13448,17602,5
13448,17603,6
13448,17604,6
13448,17605,32
13448,17606,58
13448,17607,49.5
13448,17616,12
13448,17620,6
13448,17627,4
13448,17629,13
13448,17635,6
13448,17636,2
13448,17637,6
13448,17638,30
13448,17639,47
13448,17640,6
13448,17669,20
13448,17670,5.5
13448,17683,3
13448,17684,4
13448,17693,4
13448,17696,1
13448,17705,1
13448,17706,6
13448,17714,5
13448,17740,2
13448,17793,15
13448,17794,36
13448,17795,27
13448,17796,1
13449,17527,5
13449,17537,4
13449,17543,10
13449,17544,28.5
13449,17545,8
13449,17547,6
13449,17548,14.5
13449,17549,7
13449,17553,18
13449,17554,47
13449,17555,52
13449,17564,4
13449,17576,1
13449,17577,38
13449,17578,14
13449,17581,16
13449,17582,29.5
13449,17583,2
13449,17586,6
13449,17589,11
13449,17590,6
13449,17597,3
13449,17602,22
13449,17603,2
13449,17606,3
13449,17607,17
13449,17611,21
13449,17616,2
13449,17620,13
13449,17625,5
13449,17626,3
13449,17628,5
13449,17632,5
13449,17633,8
13449,17638,32
13449,17639,66
13449,17640,47.5
13449,17641,47
13449,17642,17
13449,17655,2
13449,17656,29
13449,17661,1
13449,17664,14
13449,17665,15
13449,17668,15
13449,17669,41
13449,17676,3
13449,17682,3
13449,17698,2
13449,17699,1
13449,17747,2
13449,17793,2
13449,17794,15
13449,17795,17
13450,17526,4
13450,17532,3
13450,17533,5
13450,17543,11
13450,17548,7
13450,17549,11
13450,17552,3
13450,17554,12.5
13450,17555,28
13450,17556,2
13450,17557,2
13450,17563,2
13450,17566,10
13450,17576,2
13450,17577,21
13450,17578,2
13450,17582,16
13450,17583,32
13450,17590,1
13450,17595,5
13450,17601,14
13450,17602,17
13450,17603,3
13450,17611,25
13450,17612,34
13450,17619,2
13450,17628,2
13450,17629,10
13450,17638,2
13450,17639,7
13450,17640,67
13450,17641,83
13450,17642,53
13450,17643,11
13450,17656,23
13450,17657,16
13450,17663,2
13450,17664,2
13450,17665,24
13450,17666,21
13450,17667,18.5
13450,17668,30
13450,17669,15
13450,17671,5
13450,17672,1
13450,17682,2
13450,17698,4
13450,17699,5
13450,17742,2
13450,17744,4
13450,17770,5
13450,17771,14
13450,17772,1
13450,17773,1
13450,17793,3
13450,17794,2
13450,17795,4
13451,17530,2
13451,17533,1
13451,17547,2
13451,17548,23
13451,17549,4
13451,17551,2
13451,17552,29
13451,17556,10
13451,17557,2
13451,17558,2
13451,17559,5
13451,17560,3
13451,17572,4
13451,17573,5
13451,17577,6
13451,17585,9.5
13451,17586,60
13451,17587,27
13451,17600,5
13451,17602,5
13451,17605,2
13451,17607,2
13451,17608,7
13451,17609,6
13451,17610,4
13451,17612,3
13451,17618,2
13451,17619,5
13451,17620,5
13451,17621,6
13451,17625,3
13451,17628,17
13451,17629,4
13451,17640,31
13451,17641,53
13451,17642,26
13451,17643,23
13451,17647,5
13451,17654,5
13451,17657,1
13451,17663,16.5
13451,17664,11
13451,17665,2
13451,17666,72
13451,17667,57.5
13451,17668,55
13451,17669,18
13451,17680,7
13451,17692,3
13451,17693,3
13451,17745,2
13451,17746,2
13451,17770,3
13451,17771,17
13452,17531,1
13452,17532,1
13452,17534,6
13452,17535,7
13452,17539,2
13452,17541,2
13452,17542,7
13452,17547,2
13452,17548,8
13452,17549,5
13452,17558,2
13452,17564,2
13452,17565,4
13452,17571,7
13452,17572,5
13452,17576,5
13452,17582,5
13452,17585,18
13452,17586,49
13452,17599,6
13452,17606,9
13452,17607,10
13452,17609,20
13452,17611,3
13452,17612,30
13452,17619,4
13452,17623,2
13452,17629,3
13452,17636,1
13452,17640,6
13452,17641,29
13452,17642,15.5
13452,17648,1
13452,17662,8
13452,17663,11
13452,17664,19
13452,17665,13
13452,17666,6
13452,17667,34
13452,17669,7
13452,17680,10
13452,17681,9
13452,17682,5
13452,17690,2
13452,17691,4
13452,17713,2
13452,17714,7
13452,17728,19
13452,17730,1
13452,17738,14
13452,17739,4
13452,17770,6
13452,17771,4
13452,17796,2
13453,17528,6
13453,17532,3
13453,17552,1
13453,17553,2
13453,17559,2
13453,17561,4
13453,17575,2
13453,17581,1
13453,17582,3
13453,17586,3
13453,17596,15
13453,17597,2
13453,17600,3
13453,17606,6
13453,17607,31
13453,17608,2
13453,17609,30
13453,17610,10
13453,17612,6
13453,17617,6
13453,17624,8
13453,17638,3
13453,17639,12.5
13453,17640,46
13453,17641,24.5
13453,17658,2
13453,17661,3
13453,17662,45
13453,17663,1
13453,17664,5
13453,17665,3
13453,17666,3
13453,17667,3
13453,17669,5
13453,17679,3
13453,17680,11
13453,17681,8
13453,17702,14.5
13453,17703,7
13453,17714,6
13453,17715,6
13453,17716,4
13453,17724,6
13453,17725,22
13453,17726,20
13453,17727,17
13453,17728,24
13453,17737,1
13453,17738,12
13453,17739,2
13453,17747,33
13453,17748,1
13454,17527,22
13454,17528,3
13454,17529,1
13454,17538,14
13454,17542,8
13454,17552,3
13454,17553,3
13454,17555,4
13454,17559,4
13454,17566,1
13454,17567,3
13454,17572,1
13454,17583,6
13454,17588,18
13454,17589,13
13454,17594,10
13454,17597,7
13454,17599,4
13454,17604,3
13454,17605,2
13454,17607,5
13454,17608,20
13454,17609,11
13454,17610,15
13454,17612,2
13454,17613,2
13454,17617,15
13454,17618,6
13454,17620,9
13454,17622,2
13454,17623,2
13454,17638,4
13454,17639,2
13454,17640,9
13454,17641,4
13454,17642,1
13454,17657,4
13454,17658,2
13454,17665,17
13454,17715,33
13454,17716,9
13454,17725,3
13454,17726,33
13454,17727,31
13454,17728,3
13454,17729,2
13454,17747,4
13454,17770,1
13455,17534,4
13455,17541,16
13455,17542,16
13455,17553,4
13455,17555,1
13455,17556,6
13455,17557,2
13455,17577,2
13455,17578,11
13455,17579,1
13455,17587,1
13455,17588,26
13455,17589,6
13455,17590,3
13455,17594,7
13455,17595,12
13455,17596,3
13455,17597,6.5
13455,17601,2
13455,17604,5
13455,17606,7
13455,17607,2
13455,17608,8
13455,17609,6
13455,17610,17
13455,17611,3.5
13455,17620,3
13455,17621,3
13455,17625,2
13455,17628,2
13455,17629,10
13455,17631,4
13455,17649,2
13455,17671,10
13455,17672,3
13455,17679,4
13455,17725,4
13455,17726,2
13455,17727,2
13455,17733,3
13455,17746,10
13455,17747,5
13455,17748,7
13455,17749,4
13455,17770,7
13456,17533,3
13456,17538,5
13456,17539,8
13456,17540,2
13456,17553,2
13456,17554,3
13456,17555,2
13456,17570,3
13456,17589,7
13456,17594,4
13456,17597,12
13456,17598,1
13456,17601,2
13456,17606,8
13456,17607,10
13456,17608,3
13456,17609,26
13456,17610,14
13456,17620,16
13456,17623,2
13456,17624,1
13456,17625,2
13456,17628,22
13456,17629,13.5
13456,17633,2
13456,17648,11
13456,17649,11
13456,17664,2
13456,17665,2
13456,17672,11
13456,17673,5
13456,17697,4
13456,17698,1
13456,17726,2
13456,17733,20
13456,17734,25.5
13456,17747,10
13456,17748,27
13456,17749,4.5
13456,17750,4
13457,17530,2
13457,17531,7
13457,17538,5
13457,17539,44.5
13457,17540,26
13457,17543,7
13457,17544,6
13457,17545,3
13457,17546,13
13457,17563,3
13457,17564,7
13457,17565,3
13457,17579,3
13457,17581,3
13457,17598,6
13457,17608,6
13457,17609,53
13457,17610,20
13457,17611,4
13457,17612,7
13457,17614,15
13457,17617,4
13457,17619,9
13457,17620,86
13457,17621,12
13457,17623,26
13457,17624,4
13457,17629,8
13457,17631,7
13457,17633,2
13457,17664,7
13457,17665,6
13457,17670,8
13457,17672,1
13457,17695,6
13457,17696,5
13457,17697,21
13457,17703,3
13457,17723,2
13457,17724,5
13457,17725,2
13457,17726,17
13457,17734,6
13457,17743,12
13457,17744,5
13457,17746,2
13457,17747,1
13457,17748,1
13458,17537,4
13458,17538,2
13458,17539,11
13458,17540,42
13458,17541,17
13458,17542,16
13458,17543,34.5
13458,17544,48.5
13458,17545,15
13458,17546,2
13458,17547,4
13458,17551,2
13458,17564,1
13458,17568,1
13458,17575,12
13458,17578,1
13458,17580,4
13458,17585,4
13458,17596,4
13458,17602,15
13458,17603,15
13458,17608,2
13458,17609,4
13458,17610,47
13458,17611,9
13458,17612,4
13458,17613,18
13458,17614,129.5
13458,17615,29
13458,17616,7
13458,17617,5
13458,17619,32
13458,17620,47
13458,17621,64
13458,17622,14
13458,17623,24
13458,17624,7
13458,17629,7
13458,17630,2
13458,17631,2
13458,17640,1.5
13458,17641,3
13458,17642,1
13458,17643,4
13458,17644,6
13458,17663,3
13458,17666,2
13458,17696,2
13458,17697,5
13458,17724,12
13458,17725,29
13458,17726,13
13458,17743,3
13458,17744,13
13458,17745,22.5
13458,17794,1
13458,17795,3
13459,17533,3
13459,17534,4
13459,17536,5
13459,17537,2
13459,17540,12
13459,17542,14
13459,17543,97
13459,17544,89
13459,17545,33
13459,17546,3
13459,17547,19
13459,17548,2
13459,17551,7
13459,17552,7
13459,17559,3
13459,17562,1
13459,17581,6
13459,17593,11
13459,17598,5
13459,17599,1
13459,17602,2
13459,17603,6
13459,17610,38
13459,17611,110
13459,17612,9.5
13459,17613,40
13459,17614,70
13459,17615,572
13459,17616,11
13459,17618,16
13459,17619,38
13459,17620,16
13459,17621,63
13459,17622,56
13459,17623,2
13459,17626,1
13459,17629,1
13459,17642,7
13459,17644,2
13459,17647,2
13459,17664,2
13459,17674,1
13459,17676,4
13459,17685,10
13459,17705,2
13459,17725,5
13459,17726,2
13460,17534,4
13460,17535,2
13460,17539,10
13460,17541,22
13460,17542,44
13460,17543,17
13460,17544,86
13460,17545,70
13460,17546,45.5
13460,17547,50.5
13460,17548,4
13460,17550,8
13460,17551,4
13460,17570,5
13460,17572,6
13460,17581,9
13460,17591,5
13460,17597,2
13460,17598,5
13460,17599,2
13460,17601,5
13460,17603,3
13460,17609,11
13460,17610,4
13460,17611,10
13460,17612,27
13460,17613,91.5
13460,17614,285
13460,17615,16
13460,17616,31
13460,17617,8
13460,17618,33
13460,17619,104
13460,17620,45
13460,17621,36
13460,17622,7
13460,17623,36
13460,17624,7
13460,17626,2
13460,17627,2
13460,17647,3
13460,17682,6
13460,17683,5
13460,17705,2
13460,17706,3
13460,17710,6
13460,17711,1
13460,17792,14
13461,17539,45
13461,17540,50.5
13461,17541,23
13461,17542,7
13461,17544,25
13461,17545,71
13461,17546,78
13461,17547,15
13461,17549,10
13461,17550,36
13461,17551,38
13461,17561,6
13461,17570,1
13461,17578,2
13461,17582,5
13461,17583,2
13461,17594,1
13461,17595,2
13461,17596,4
13461,17599,14
13461,17600,5
13461,17602,2
13461,17612,28.5
13461,17613,124
13461,17614,77.5
13461,17615,64
13461,17616,88
13461,17617,56
13461,17618,79.5
13461,17619,43
13461,17620,76
13461,17621,77
13461,17622,23.5
13461,17623,4
13461,17656,5
13461,17683,9
13461,17692,3
13461,17693,6
13461,17705,2
13461,17706,7
13461,17707,6
13461,17708,1
13461,17709,29
13461,17710,45
13461,17767,1
13461,17782,14
13461,17791,3
13461,17792,4
13461,17793,19
13462,17539,1
13462,17540,5
13462,17541,33
13462,17542,31
13462,17543,9
13462,17544,1
13462,17545,12
13462,17546,108.5
13462,17547,45
13462,17548,23
13462,17549,22
13462,17550,47
13462,17551,144
13462,17552,63
13462,17553,10.5
13462,17561,2
13462,17569,4
13462,17572,3
13462,17574,3
13462,17599,8
13462,17606,2
13462,17611,46.5
13462,17612,41
13462,17613,211
13462,17614,42
13462,17615,71
13462,17616,119
13462,17617,57
13462,17618,141
13462,17619,64
13462,17620,35
13462,17621,38
13462,17622,84
13462,17623,9
13462,17629,6
13462,17631,2
13462,17636,5
13462,17639,2
13462,17672,1
13462,17673,1
13462,17692,2
13462,17693,4
13462,17705,33
13462,17706,30
13462,17707,25.5
13462,17708,12
13462,17709,19
13462,17710,11
13462,17767,2
13462,17779,1
13462,17780,14
13462,17781,9
13462,17782,2
13462,17783,25
13462,17784,1
13462,17786,1
13462,17787,4
13462,17793,5
13463,17531,3
13463,17537,11
13463,17540,38
13463,17541,7
13463,17542,25
13463,17543,22
13463,17544,59
13463,17545,108
13463,17546,160
13463,17547,87.5
13463,17548,77.5
13463,17549,29
13463,17550,96
13463,17551,139
13463,17552,77
13463,17553,21
13463,17554,4
13463,17565,4.5
13463,17569,1
13463,17579,2
13463,17586,2
13463,17590,2
13463,17604,1
13463,17605,6
13463,17606,10
13463,17607,11
13463,17608,2
13463,17610,13
13463,17611,169.5
13463,17612,108
13463,17613,148
13463,17614,254
13463,17615,143
13463,17616,102.5
13463,17617,67
13463,17618,70
13463,17619,53.5
13463,17620,80
13463,17621,9
13463,17622,3
13463,17623,27
13463,17631,7
13463,17663,8
13463,17672,2
13463,17692,2.5
13463,17699,6
13463,17705,12.5
13463,17706,4
13463,17707,2
13463,17708,14
13463,17709,2
13463,17711,5
13463,17712,1
13463,17713,1
13463,17714,14
13463,17766,2
13463,17767,13
13463,17768,7
13463,17769,4
13463,17780,12
13463,17781,8
13463,17782,18
13463,17783,50
13463,17785,1
13463,17786,6.5
13464,17539,9
13464,17540,11
13464,17542,16
13464,17543,15
13464,17544,88.5
13464,17545,13
13464,17546,61
13464,17547,104
13464,17548,88.5
13464,17549,86
13464,17550,45
13464,17551,148.5
13464,17552,47.5
13464,17560,1
13464,17585,6
13464,17590,1
13464,17605,1
13464,17609,41
13464,17610,62
13464,17611,18
13464,17612,172
13464,17613,203
13464,17614,235.5
13464,17615,209.5
13464,17616,70.5
13464,17617,12
13464,17618,12
13464,17619,77
13464,17620,48
13464,17640,2
13464,17649,3
13464,17650,2
13464,17654,1
13464,17663,2
13464,17684,3
13464,17699,11
13464,17708,7
13464,17709,1
13464,17766,16
13464,17767,20.5
13464,17768,19
13464,17769,24
13464,17770,2
13464,17781,16
13464,17782,8
13464,17783,44
13464,17785,2
13464,17786,3
13465,17539,19
13465,17540,19
13465,17542,20
13465,17543,53
13465,17544,145
13465,17545,9
13465,17546,3
13465,17548,4
13465,17549,15
13465,17550,36
13465,17551,15
13465,17552,6
13465,17554,15
13465,17564,7
13465,17571,2
13465,17585,9
13465,17587,2.5
13465,17588,27
13465,17589,10
13465,17607,3
13465,17608,6
13465,17609,65.5
13465,17610,35
13465,17611,3
13465,17612,17
13465,17613,99
13465,17614,71.5
13465,17615,194.5
13465,17616,102
13465,17617,24
13465,17618,17.5
13465,17620,2
13465,17626,17
13465,17629,4
13465,17649,5
13465,17650,2
13465,17662,4
13465,17678,22.5
13465,17698,8
13465,17699,10
13465,17709,2
13465,17747,3
13465,17766,12
13465,17767,22
13465,17768,25
13465,17769,23
13465,17770,5
13465,17771,9
13465,17772,2
13465,17781,17.5
13465,17782,12
13465,17783,10
13466,17539,4
13466,17542,26
13466,17543,26
13466,17549,5
13466,17550,58
13466,17554,21
13466,17555,18
13466,17556,2
13466,17571,3
13466,17578,3
13466,17579,2
13466,17587,6
13466,17589,22
13466,17590,55
13466,17591,5
13466,17592,36
13466,17608,8
13466,17609,88.5
13466,17610,51
13466,17611,19
13466,17612,16
13466,17613,47.5
13466,17614,84
13466,17615,145
13466,17616,92
13466,17617,20.5
13466,17618,21
13466,17620,8
13466,17622,3
13466,17626,15
13466,17627,10
13466,17629,11
13466,17633,3
13466,17640,5
13466,17642,6
13466,17651,4
13466,17652,19.5
13466,17657,2
13466,17662,4
13466,17663,1
13466,17698,6
13466,17724,2
13466,17742,22
13466,17743,6
13466,17766,3
13466,17780,10
13466,17781,11
13467,17525,2
13467,17532,2
13467,17535,4
13467,17542,2
13467,17543,9
13467,17548,19
13467,17549,71.5
13467,17550,71
13467,17551,18
13467,17555,4
13467,17556,3
13467,17557,8
13467,17558,21
13467,17561,1
13467,17562,14
13467,17565,4
13467,17576,2
13467,17578,2
13467,17589,3
13467,17590,49.5
13467,17591,33
13467,17592,70
13467,17593,82
13467,17594,18
13467,17602,2
13467,17606,5
13467,17608,20
13467,17609,5
13467,17610,48
13467,17611,86
13467,17613,33
13467,17614,66
13467,17615,109
13467,17616,41
13467,17617,79
13467,17618,89
13467,17619,15.5
13467,17620,8
13467,17621,1
13467,17624,1
13467,17629,19
13467,17630,5
13467,17631,27
13467,17632,31
13467,17633,1
13467,17662,2
13467,17681,2
13467,17688,2
13467,17689,6
13467,17690,2
13467,17698,2
13467,17724,6
13467,17725,21
13467,17726,15
13467,17727,1
13467,17742,11
13467,17743,7
13467,17780,2
13467,17781,11
13468,17523,6
13468,17524,5
13468,17534,7
13468,17535,7
13468,17542,11
13468,17543,11
13468,17548,26
13468,17549,41
13468,17550,19
13468,17552,3
13468,17555,6
13468,17556,1
13468,17558,2
13468,17560,2
13468,17561,9
13468,17562,19
13468,17563,12.5
13468,17564,4
13468,17565,36.5
13468,17566,13
13468,17567,9
13468,17568,1
13468,17569,8
13468,17574,7
13468,17576,3
13468,17591,5
13468,17592,22
13468,17593,25
13468,17594,17
13468,17596,3
13468,17598,2
13468,17601,2
13468,17608,57.5
13468,17609,113
13468,17610,33
13468,17611,28
13468,17612,8
13468,17613,84.5
13468,17614,45
13468,17615,76
13468,17616,49
13468,17617,188.5
13468,17618,155
13468,17619,43
13468,17627,2
13468,17628,11
13468,17629,93
13468,17630,69
13468,17631,80.5
13468,17632,4
13468,17643,7
13468,17644,2
13468,17651,4
13468,17672,7
13468,17673,6
13468,17680,6
13468,17688,4
13468,17689,3
13468,17710,2
13468,17724,3
13468,17725,50
13468,17726,19
13468,17727,4
13468,17739,2
13468,17740,41
13468,17741,10
13468,17742,1
13468,17751,17
13468,17752,5
13469,17524,1
13469,17527,39.5
13469,17528,44
13469,17529,3
13469,17530,11
13469,17531,12
13469,17542,6
13469,17543,2
13469,17544,4
13469,17558,4
13469,17559,8
13469,17563,4
13469,17564,38
13469,17565,73.5
13469,17566,13.5
13469,17567,18
13469,17568,3
13469,17569,2
13469,17571,4
13469,17572,4
13469,17581,13
13469,17586,4
13469,17591,14
13469,17592,34
13469,17593,7
13469,17599,7
13469,17600,4
13469,17608,3
13469,17609,36
13469,17610,78.5
13469,17611,57
13469,17612,2
13469,17613,9
13469,17617,43
13469,17618,19
13469,17621,2
13469,17628,11
13469,17629,42
13469,17630,31
13469,17631,63.5
13469,17632,8
13469,17640,9
13469,17651,8
13469,17652,1
13469,17673,3
13469,17674,4
13469,17688,14
13469,17689,31
13469,17696,5
13469,17697,2
13469,17705,1
13469,17706,17
13469,17707,3.5
13469,17724,6
13469,17725,15
13469,17726,16
13469,17740,3
13469,17743,21
13469,17750,8
13469,17751,28.5
13469,17752,40
13469,17753,15.5
13470,17527,12
13470,17528,76.5
13470,17529,4
13470,17531,5
13470,17540,4
13470,17542,7
13470,17564,61
13470,17565,92
13470,17566,47
13470,17567,2
13470,17571,10
13470,17572,2
13470,17581,4
13470,17585,1
13470,17591,5
13470,17592,35
13470,17593,4
13470,17596,2
13470,17597,2
13470,17606,9.5
13470,17607,6
13470,17609,2
13470,17610,59
13470,17611,44
13470,17612,28
13470,17613,57
13470,17615,3
13470,17628,26
13470,17629,38
13470,17630,117.5
13470,17631,71
13470,17632,41
13470,17633,18
13470,17637,4
13470,17649,6
13470,17687,13
13470,17688,44
13470,17689,35
13470,17690,14
13470,17691,13
13470,17722,4
13470,17726,21
13470,17727,2
13470,17744,11
13470,17745,4
13470,17749,9
13470,17750,26
13470,17752,25
13470,17753,20
13471,17520,2
13471,17522,7.5
13471,17528,3
13471,17542,8
13471,17543,1
13471,17551,3
13471,17561,2
13471,17565,47
13471,17566,25
13471,17571,1
13471,17584,6
13471,17585,2
13471,17586,9
13471,17588,3
13471,17589,17
13471,17605,2
13471,17606,8
13471,17610,18.5
13471,17611,15
13471,17612,19
13471,17613,37
13471,17627,2
13471,17628,70
13471,17629,87.5
13471,17630,67.5
13471,17631,47
13471,17632,156.5
13471,17633,43.5
13471,17638,5
13471,17640,7
13471,17641,2
13471,17643,1
13471,17644,6
13471,17649,7
13471,17656,4
13471,17659,6
13471,17670,6
13471,17687,2
13471,17688,11
13471,17704,1
13471,17716,4
13471,17721,2
13471,17726,3
13471,17748,4
13471,17749,3
13471,17750,11
13472,17522,3
13472,17523,4
13472,17524,4.5
13472,17536,2
13472,17537,2
13472,17547,3
13472,17548,3
13472,17553,5
13472,17554,2
13472,17561,17
13472,17566,17.5
13472,17567,2
13472,17568,23
13472,17569,4
13472,17573,1
13472,17575,4
13472,17576,1
13472,17578,9
13472,17590,2
13472,17599,18
13472,17600,2
13472,17607,5.5
13472,17608,5
13472,17611,4
13472,17612,3
13472,17616,1
13472,17620,19
13472,17621,26
13472,17623,1
13472,17626,2
13472,17628,12
13472,17629,19
13472,17630,37
13472,17632,34
13472,17633,4
13472,17635,2
13472,17639,11
13472,17640,12
13472,17641,14
13472,17642,5
13472,17644,4
13472,17653,2
13472,17655,15
13472,17656,21
13472,17675,2
13472,17690,3
13472,17697,14
13472,17703,12
13472,17704,4
13472,17747,3
13473,17519,3
13473,17521,3
13473,17522,7
13473,17535,4
13473,17543,2
13473,17547,6
13473,17553,5
13473,17554,1
13473,17568,49
13473,17569,5
13473,17599,4
13473,17604,6
13473,17608,2
13473,17618,1
13473,17621,7
13473,17630,28.5
13473,17631,2
13473,17642,2
13473,17646,3
13473,17647,2
13473,17649,7
13473,17653,55
13473,17654,23
13473,17655,57
13473,17656,41
13473,17657,3
13473,17685,1
13473,17695,2
13473,17698,8
13473,17703,9.5
13473,17704,2
13473,17727,1
13473,17728,3
13474,17519,4
13474,17524,5
13474,17525,5
13474,17527,1
13474,17537,2
13474,17538,4
13474,17541,2
13474,17545,3
13474,17551,5
13474,17552,5
13474,17566,2
13474,17567,13.5
13474,17568,40.5
13474,17569,2
13474,17596,5
13474,17597,7
13474,17600,12
13474,17608,1
13474,17613,1
13474,17622,3
13474,17630,20
13474,17631,27
13474,17632,1
13474,17641,4
13474,17643,2
13474,17647,1
13474,17648,3
13474,17649,6
13474,17650,1
13474,17651,6
13474,17652,8
13474,17653,1
13474,17654,51
13474,17655,35
13474,17656,28
13474,17665,2
13474,17699,5
13474,17718,1
13474,17719,3
13474,17726,2
13474,17727,10
13474,17728,34
13474,17729,9
13474,17788,18
13475,17516,17
13475,17530,8
13475,17534,1
13475,17545,2
13475,17547,3
13475,17556,2
13475,17566,4
13475,17567,2
13475,17578,5
13475,17591,4
13475,17596,15
13475,17597,14
13475,17599,4
13475,17600,5
13475,17616,1
13475,17617,6
13475,17631,19
13475,17638,2
13475,17644,2
13475,17648,14
13475,17649,12
13475,17652,10
13475,17653,22
13475,17654,7
13475,17655,23
13475,17656,3
13475,17661,6
13475,17664,1
13475,17665,2
13475,17678,15
13475,17680,10
13475,17682,1
13475,17714,19
13475,17715,8
13475,17716,43
13475,17717,52
13475,17718,10
13475,17726,4
13475,17727,12
13475,17728,29.5
13475,17788,20
13475,17789,1
13476,17514,7
13476,17529,4
13476,17537,10
13476,17541,19
13476,17542,17
13476,17555,1
13476,17560,17
13476,17561,4
13476,17562,13
13476,17591,6
13476,17592,7
13476,17594,2
13476,17595,13
13476,17597,2
13476,17604,3
13476,17605,5
13476,17619,3
13476,17648,4
13476,17649,3
13476,17651,2
13476,17653,7
13476,17660,2
13476,17667,4
13476,17676,4
13476,17677,22.5
13476,17678,24
13476,17679,6
13476,17680,9
13476,17714,25
13476,17715,32
13476,17716,40
13476,17717,27
13476,17718,1
13476,17719,1
13476,17727,30
13476,17728,19
13476,17729,9
13476,17787,4
13477,17512,4
13477,17535,19
13477,17536,7
13477,17539,3
13477,17542,5
13477,17556,6
13477,17564,1
13477,17565,4
13477,17569,6
13477,17571,2
13477,17582,2
13477,17605,4
13477,17609,2
13477,17621,2
13477,17635,4
13477,17636,2
13477,17645,3
13477,17650,15
13477,17651,8
13477,17676,2
13477,17677,17
13477,17678,9
13477,17679,25
13477,17680,56
13477,17681,1
13477,17704,4
13477,17705,5
13477,17712,5
13477,17713,20
13477,17714,25
13477,17715,64.5
13477,17716,38
13477,17717,66.5
13477,17718,52
13477,17719,20.5
13477,17727,1
13478,17511,7
13478,17521,2
13478,17526,3
13478,17536,2
13478,17537,2
13478,17555,1
13478,17556,7
13478,17557,1
13478,17558,1
13478,17579,2
13478,17585,3
13478,17593,3
13478,17600,2
13478,17609,7
13478,17610,4
13478,17617,3
13478,17628,2
13478,17643,6
13478,17650,1
13478,17660,1
13478,17680,5
13478,17681,7
13478,17684,9
13478,17703,4
13478,17704,26
13478,17705,5
13478,17714,13
13478,17715,66.5
13478,17716,81
13478,17717,54
13478,17718,39
13478,17719,4
13478,17767,1
13478,17787,5
13479,17507,3
13479,17509,9
13479,17515,2
13479,17516,6
13479,17520,4
13479,17521,2
13479,17534,1
13479,17536,12
13479,17537,3
13479,17544,9
13479,17553,11
13479,17554,19
13479,17560,3
13479,17561,2
13479,17562,5
13479,17563,2
13479,17565,4
13479,17571,6
13479,17585,1
13479,17597,25
13479,17598,15
13479,17600,8
13479,17606,2
13479,17629,1
13479,17633,2
13479,17638,6
13479,17647,4
13479,17649,2
13479,17659,1
13479,17660,5
13479,17666,5
13479,17675,1
13479,17694,9
13479,17698,9
13479,17700,2
13479,17711,8
13479,17712,2
13479,17713,3
13479,17714,40
13479,17715,27
13479,17716,48
13479,17717,28
13479,17718,4
13479,17765,1
13479,17766,12
13479,17767,16
13480,17507,5
13480,17509,6
13480,17510,2
13480,17511,6
13480,17534,6
13480,17535,6
13480,17537,8
13480,17545,6
13480,17546,5.5
13480,17554,2
13480,17555,5
13480,17556,5
13480,17557,4
13480,17559,4
13480,17561,11
13480,17565,4
13480,17568,3
13480,17569,2
13480,17571,1
13480,17572,8
13480,17573,4
13480,17583,1
13480,17590,5
13480,17597,14
13480,17598,22
13480,17604,7
13480,17613,4
13480,17625,1
13480,17629,4
13480,17633,8
13480,17638,9
13480,17639,5
13480,17654,2
13480,17659,2
13480,17660,4
13480,17666,9
13480,17667,4
13480,17676,1
13480,17685,1
13480,17710,4
13480,17711,14
13480,17713,8
13480,17714,10
13480,17715,19
13480,17731,1
13480,17766,36
13480,17767,35.5
13480,17768,25
13480,17798,3
13481,17511,5
13481,17515,2
13481,17525,5
13481,17530,5
13481,17538,2
13481,17539,6
13481,17542,2
13481,17546,2
13481,17552,2
13481,17554,2
13481,17555,26
13481,17557,2
13481,17561,6
13481,17568,8
13481,17569,7
13481,17572,23
13481,17573,8
13481,17574,29
13481,17575,21.5
13481,17576,5
13481,17577,3
13481,17578,3
13481,17581,3
13481,17588,4
13481,17589,4
13481,17598,1
13481,17602,11
13481,17613,3
13481,17649,4
13481,17654,1
13481,17672,2
13481,17695,4
13481,17698,5
13481,17699,3
13481,17708,2
13481,17710,1
13481,17712,25
13481,17713,18
13481,17714,19
13481,17715,52
13481,17716,27
13481,17717,11
13481,17723,1
13481,17728,2
13481,17730,5
13481,17731,7
13481,17766,26
13481,17767,19
13481,17768,1
13481,17788,5
13481,17789,3
13481,17794,4
13482,17525,9
13482,17526,10.5
13482,17530,3
13482,17533,2
13482,17536,2
13482,17538,7
13482,17539,23
13482,17545,1
13482,17547,3
13482,17551,4
13482,17555,3
13482,17561,4
13482,17562,5
13482,17570,2
13482,17571,7.5
13482,17572,36
13482,17573,33
13482,17574,19
13482,17577,10
13482,17578,21
13482,17600,51
13482,17601,17
13482,17602,7
13482,17620,8
13482,17621,6
13482,17626,24
13482,17627,23.5
13482,17647,4
13482,17652,5
13482,17672,1
13482,17685,2
13482,17693,5
13482,17694,21
13482,17695,7
13482,17698,5
13482,17699,1
13482,17710,2
13482,17711,14
13482,17712,73.5
13482,17714,9.5
13482,17715,24
13482,17716,34
13482,17717,12
13482,17725,1
13482,17728,6
13482,17729,18
13482,17730,15
13482,17731,2
13482,17768,1
13482,17789,3
13482,17792,1
13482,17793,2
13483,17508,1
13483,17509,3
13483,17525,5
13483,17533,11
13483,17534,2
13483,17539,19
13483,17551,2
13483,17555,7
13483,17556,8
13483,17569,2
13483,17571,4
13483,17572,31
13483,17573,56.5
13483,17574,51
13483,17578,2
13483,17579,4
13483,17587,5
13483,17598,5
13483,17599,34
13483,17600,88.5
13483,17601,43.5
13483,17606,6
13483,17607,2
13483,17617,3
13483,17626,2
13483,17627,2
13483,17646,1
13483,17647,2
13483,17648,1
13483,17671,4
13483,17672,2
13483,17685,4
13483,17695,2
13483,17710,19
13483,17711,30
13483,17712,14
13483,17717,3
13483,17718,12
13483,17720,5
13483,17725,7
13483,17729,14
13483,17730,37
13483,17731,3
13483,17790,14
13483,17791,5
13483,17792,9
13483,17793,2
13484,17509,6
13484,17510,5
13484,17518,2
13484,17519,9
13484,17520,6
13484,17533,5
13484,17538,2
13484,17539,1
13484,17544,3
13484,17552,3
13484,17553,43
13484,17554,62
13484,17555,68
13484,17556,23
13484,17557,14
13484,17561,2
13484,17569,3
13484,17571,40
13484,17572,38
13484,17573,12
13484,17574,4
13484,17577,11
13484,17578,35
13484,17592,4
13484,17593,3
13484,17596,3
13484,17597,1
13484,17598,14
13484,17599,67
13484,17600,59
13484,17601,70
13484,17602,18
13484,17612,24.5
13484,17613,5
13484,17629,6
13484,17646,2
13484,17662,4
13484,17676,5
13484,17681,1.5
13484,17682,4
13484,17694,15
13484,17707,3
13484,17709,26
13484,17710,11
13484,17711,18.5
13484,17712,3
13484,17718,2
13484,17719,13
13484,17720,3
13484,17726,1
13484,17728,2
13484,17729,4
13484,17730,4
13484,17790,19
13484,17791,22
13484,17792,10
13485,17506,3.5
13485,17518,1
13485,17519,6
13485,17528,7
13485,17537,4
13485,17538,4
13485,17540,2
13485,17543,7
13485,17547,4
13485,17549,2
13485,17550,4
13485,17551,6
13485,17552,2
13485,17553,21
13485,17554,90
13485,17555,21
13485,17556,6
13485,17557,5
13485,17558,21
13485,17559,15
13485,17589,2
13485,17597,6
13485,17598,6
13485,17599,50.5
13485,17600,56.5
13485,17601,19
13485,17612,1
13485,17613,10
13485,17617,4
13485,17618,5
13485,17630,3
13485,17631,4
13485,17636,4
13485,17639,2
13485,17643,5
13485,17694,1
13485,17695,17
13485,17708,2
13485,17709,24
13485,17710,32
13485,17715,4
13485,17719,5
13485,17722,10
13485,17790,25
13485,17791,4
13486,17516,1
13486,17532,6
13486,17539,16
13486,17540,3
13486,17541,5
13486,17542,7
13486,17543,10
13486,17550,7
13486,17552,2
13486,17553,4
13486,17554,57
13486,17555,81
13486,17556,30
13486,17557,26
13486,17558,19
13486,17559,4
13486,17561,3
13486,17570,5
13486,17587,2
13486,17593,1.5
13486,17597,2
13486,17598,16
13486,17599,5
13486,17600,34
13486,17601,33
13486,17630,4
13486,17631,2
13486,17639,3.5
13486,17640,4
13486,17660,7
13486,17661,6
13486,17665,4
13486,17676,2
13486,17678,1
13486,17679,1
13486,17686,19
13486,17687,2
13486,17695,7
13486,17696,30
13486,17697,15.5
13486,17710,7
13486,17724,6
13486,17790,17
13486,17791,7
13487,17511,4
13487,17535,5
13487,17540,36
13487,17541,60
13487,17542,35
13487,17543,30
13487,17544,18
13487,17545,8
13487,17548,16
13487,17549,1
13487,17551,4
13487,17554,10
13487,17555,10
13487,17565,2
13487,17569,9
13487,17570,3
13487,17597,4
13487,17601,28
13487,17602,5
13487,17606,2
13487,17625,1
13487,17637,1
13487,17639,2
13487,17643,4
13487,17653,8
13487,17660,3
13487,17661,17
13487,17678,9
13487,17679,20
13487,17680,7
13487,17684,2
13487,17696,14
13487,17697,33
13487,17698,10
13487,17707,2
13487,17724,15
13487,17733,10
13487,17756,3
13487,17791,4
13487,17797,4
13488,17525,4
13488,17526,5
13488,17533,2
13488,17539,78.5
13488,17540,31
13488,17541,66
13488,17542,88.5
13488,17543,27
13488,17544,5
13488,17547,4
13488,17548,10
13488,17552,4
13488,17556,7
13488,17558,7
13488,17560,3
13488,17573,3
13488,17601,9
13488,17602,4
13488,17612,2
13488,17615,4
13488,17649,5
13488,17675,7
13488,17676,4
13488,17679,2
13488,17696,4
13488,17707,6
13488,17708,1
13488,17724,4
13488,17725,37
13488,17732,8
13488,17733,7
13488,17754,6
13488,17755,46
13488,17756,9
13488,17763,1
13488,17797,2
13489,17505,6
13489,17507,2
13489,17529,9
13489,17538,26
13489,17539,4
13489,17541,1
13489,17542,25
13489,17543,7
13489,17551,2
13489,17552,2
13489,17570,3
13489,17572,4
13489,17573,5
13489,17577,2
13489,17579,2
13489,17584,2
13489,17585,3
13489,17591,6
13489,17592,14
13489,17600,8
13489,17602,16
13489,17620,3
13489,17637,2
13489,17675,4
13489,17676,6
13489,17694,10
13489,17707,2
13489,17713,2
13489,17723,4
13489,17724,5
13489,17725,13
13489,17726,11
13489,17727,3
13489,17728,2
13489,17733,5
13489,17734,1
13489,17752,3.5
13489,17753,2
13489,17755,18
13489,17756,24
13489,17757,38
13489,17758,15
13489,17761,7
13489,17762,12
13490,17505,6
13490,17520,4
13490,17522,2
13490,17525,6
13490,17526,2
13490,17528,2
13490,17529,11
13490,17542,50
13490,17543,30
13490,17544,1
13490,17552,1
13490,17553,4
13490,17554,3
13490,17556,3
13490,17563,5
13490,17564,4
13490,17577,1
13490,17599,2
13490,17602,13
13490,17627,8
13490,17628,2
13490,17636,2
13490,17648,3
13490,17656,12
13490,17664,9
13490,17676,2
13490,17677,7
13490,17690,12
13490,17691,16
13490,17692,12
13490,17693,37
13490,17694,28.5
13490,17706,4
13490,17723,3
13490,17724,5
13490,17725,2
13490,17726,5
13490,17727,11
13490,17729,2
13490,17737,1
13490,17738,9
13490,17751,3
13490,17752,14
13490,17756,11
13490,17757,12
13490,17761,4
13490,17762,21
13491,17506,12.5
13491,17516,8
13491,17517,5
13491,17520,16
13491,17525,3
13491,17534,4
13491,17542,41
13491,17543,32
13491,17552,4
13491,17553,1
13491,17554,2
13491,17564,6
13491,17600,2
13491,17602,17
13491,17610,2
13491,17615,4
13491,17619,6
13491,17621,4
13491,17628,10
13491,17630,16
13491,17631,12
13491,17640,3
13491,17647,2
13491,17655,11
13491,17664,3
13491,17665,1
13491,17677,2
13491,17688,3
13491,17690,18
13491,17691,56
13491,17692,33.5
13491,17693,67
13491,17701,9
13491,17702,13
13491,17705,5
13491,17706,19
13491,17724,27
13491,17725,35
13491,17726,7
13491,17727,13
13491,17729,4
13491,17730,4
13491,17733,2
13491,17734,2
13491,17737,17
13491,17738,39.5
13491,17751,23
13491,17752,32.5
13491,17762,12
13491,17763,16
13492,17506,2
13492,17509,8
13492,17534,5
13492,17538,6
13492,17543,11
13492,17549,1
13492,17550,1
13492,17559,3
13492,17573,3
13492,17574,2
13492,17603,2
13492,17605,4
13492,17618,1
13492,17629,2
13492,17630,56.5
13492,17631,24
13492,17636,1
13492,17651,4
13492,17656,12
13492,17691,18.5
13492,17692,27
13492,17693,8
13492,17700,2
13492,17701,2
13492,17702,1
13492,17704,6
13492,17705,25
13492,17729,1
13492,17730,3
13492,17731,4
13492,17732,2
13492,17737,24.5
13492,17738,16
13492,17750,2
13492,17751,1
13492,17762,2
13492,17763,10
13492,17764,2
13493,17502,6
13493,17503,2
13493,17509,7
13493,17510,2
13493,17512,6
13493,17513,3
13493,17516,9
13493,17531,5
13493,17532,5
13493,17558,5
13493,17560,6
13493,17566,3
13493,17567,3
13493,17573,1
13493,17580,7.5
13493,17584,9
13493,17589,4
13493,17616,1
13493,17622,6
13493,17623,2
13493,17630,31
13493,17631,39.5
13493,17632,24
13493,17634,2
13493,17635,2
13493,17638,2
13493,17651,7
13493,17662,8
13493,17663,6
13493,17667,5
13493,17678,3
13493,17692,1
13493,17694,3
13493,17699,35
13493,17700,10
13493,17701,8
13493,17702,6
13493,17703,13
13493,17704,18
13493,17705,17
13493,17710,8
13493,17731,2
13493,17732,15
13493,17733,4
13493,17736,2
13493,17738,2
13493,17762,13
13493,17768,5
13494,17501,2
13494,17503,2
13494,17515,4
13494,17527,6
13494,17528,1
13494,17531,2
13494,17555,3
13494,17557,2
13494,17566,2
13494,17596,9
13494,17629,3
13494,17630,45
13494,17631,5
13494,17632,36
13494,17635,1
13494,17650,4
13494,17663,5
13494,17702,4
13494,17703,10
13494,17704,3
13494,17706,1
13494,17707,3
13494,17721,2
13494,17723,4
13494,17732,11.5
13494,17733,38.5
13494,17761,3
13494,17769,7
13494,17770,16
13494,17771,10
13495,17500,34
13495,17501,61
13495,17502,50.5
13495,17503,6
13495,17535,3
13495,17543,1
13495,17553,2
13495,17554,2
13495,17578,1
13495,17587,2
13495,17596,5
13495,17604,8
13495,17620,3
13495,17624,4
13495,17638,3
13495,17639,6
13495,17646,1
13495,17650,4
13495,17672,2
13495,17679,4
13495,17702,4
13495,17720,4
13495,17721,13
13495,17722,20
13495,17723,30
13495,17724,6
13495,17731,2
13495,17732,33
13495,17733,14
13495,17734,1
13495,17769,2
13495,17770,28
13495,17771,8
13495,17772,7
13495,17795,3
13496,17500,3
13496,17501,17
13496,17502,112.5
13496,17503,93
13496,17504,14
13496,17508,3
13496,17517,2
13496,17527,2
13496,17535,2.5
13496,17541,2
13496,17549,2
13496,17553,4
13496,17554,2
13496,17558,2
13496,17571,7
13496,17581,1
13496,17582,6
13496,17601,2
13496,17604,2
13496,17614,4
13496,17624,5
13496,17626,4
13496,17629,1
13496,17630,2
13496,17632,2
13496,17646,6
13496,17650,3
13496,17688,10
13496,17689,2
13496,17698,6
13496,17703,2
13496,17722,21
13496,17723,12
13496,17724,1
13496,17734,13
13496,17735,29
13496,17736,7
13496,17744,15
13496,17746,4
13496,17771,1
13496,17778,5
13497,17500,1
13497,17501,21
13497,17502,67
13497,17503,53.5
13497,17504,62
13497,17505,31
13497,17506,2
13497,17512,8
13497,17519,5
13497,17521,2
13497,17525,2
13497,17545,12
13497,17546,2
13497,17549,2
13497,17553,1
13497,17561,10
13497,17562,2
13497,17566,2
13497,17579,1
13497,17580,1
13497,17585,2
13497,17592,22
13497,17608,22
13497,17619,2
13497,17632,3
13497,17633,5
13497,17646,3
13497,17665,4
13497,17672,4
13497,17697,4
13497,17698,10
13497,17700,4
13497,17716,4
13497,17721,1
13497,17722,16
13497,17723,20
13497,17734,9
13497,17743,24
13497,17744,16
13497,17745,11
13497,17746,16
13497,17747,4
13497,17778,2
13497,17779,4
13498,17501,40
13498,17502,27
13498,17503,32
13498,17504,55
13498,17505,60
13498,17507,11.5
13498,17511,2
13498,17514,10
13498,17519,3
13498,17523,3
13498,17528,4
13498,17537,4
13498,17546,3
13498,17548,4
13498,17549,5
13498,17553,5
13498,17554,1
13498,17561,2
13498,17562,4
13498,17564,5
13498,17579,3
13498,17580,4
13498,17591,2
13498,17592,1
13498,17608,8
13498,17609,3
13498,17614,1
13498,17617,2
13498,17621,6
13498,17634,4
13498,17642,2
13498,17699,7
13498,17715,4
13498,17721,8
13498,17722,6
13498,17740,3
13498,17744,18
13498,17745,4
13498,17746,2
13498,17779,27
13498,17780,6
13499,17496,1
13499,17501,53
13499,17502,39
13499,17504,2
13499,17513,12
13499,17522,7
13499,17523,4
13499,17551,5
13499,17552,2
13499,17559,1
13499,17560,9
13499,17561,4
13499,17569,3
13499,17579,5
13499,17592,2
13499,17603,3
13499,17617,4
13499,17618,2
13499,17623,4.5
13499,17624,2
13499,17625,2
13499,17644,1
13499,17651,6
13499,17686,21.5
13499,17690,3
13499,17693,3
13499,17698,3
13499,17699,17
13499,17710,8
13499,17721,3
13499,17740,1
13499,17741,3
13499,17742,2
13499,17744,1
13499,17748,7
13499,17749,1
13499,17751,2
13499,17778,9
13499,17779,77
13499,17780,39.5
13500,17502,2
13500,17507,1
13500,17508,10
13500,17522,26
13500,17523,36
13500,17524,46
13500,17525,3
13500,17530,4
13500,17559,32
13500,17560,22
13500,17566,8
13500,17567,2
13500,17573,5
13500,17577,3
13500,17598,4
13500,17602,2
13500,17608,4
13500,17616,2
13500,17620,4
13500,17634,4
13500,17643,5
13500,17666,5
13500,17684,9
13500,17685,4
13500,17686,8
13500,17687,13
13500,17690,1
13500,17696,3
13500,17697,12
13500,17698,2
13500,17699,2
13500,17711,10
13500,17749,15
13500,17752,4
13500,17753,6
13500,17777,2
13500,17778,4
13500,17779,15
13500,17780,19
13501,17522,23
13501,17523,74
13501,17524,58
13501,17525,4
13501,17528,10
13501,17530,2
13501,17532,1.5
13501,17542,5
13501,17557,3
13501,17558,3
13501,17560,15
13501,17562,8
13501,17563,2
13501,17564,2
13501,17596,6
13501,17598,6
13501,17599,13
13501,17615,1
13501,17616,4
13501,17623,2
13501,17634,8
13501,17674,2
13501,17675,2
13501,17684,19
13501,17685,36
13501,17686,36
13501,17687,42
13501,17688,3
13501,17751,1
13501,17752,26
13501,17753,11
13501,17754,4
13501,17776,1
13501,17777,2
13501,17778,11
13501,17795,2
13501,17796,4
13502,17500,3
13502,17504,13
13502,17509,4
13502,17512,9
13502,17516,1
13502,17517,2
13502,17522,11
13502,17523,63.5
13502,17524,16
13502,17528,5
13502,17548,2
13502,17552,1
13502,17553,3
13502,17557,4
13502,17558,2
13502,17562,2
13502,17571,2
13502,17576,3
13502,17585,7
13502,17586,7
13502,17590,4
13502,17599,6
13502,17609,3
13502,17615,4
13502,17623,6
13502,17642,2
13502,17643,1
13502,17644,4
13502,17650,6
13502,17654,1
13502,17673,2
13502,17677,5
13502,17681,8
13502,17682,11
13502,17683,19.5
13502,17684,43.5
13502,17685,46
13502,17686,9
13502,17751,3
13502,17752,22
13502,17753,2
13502,17775,8
13502,17776,18
13502,17777,19
13502,17778,24
13502,17795,2
13503,17499,7
13503,17500,20.5
13503,17503,2
13503,17512,4.5
13503,17522,31
13503,17523,27
13503,17536,3
13503,17537,2
13503,17556,2
13503,17557,6
13503,17561,1
13503,17562,3
13503,17587,8
13503,17597,2
13503,17598,3
13503,17609,5
13503,17615,4
13503,17630,4
13503,17639,2
13503,17642,4
13503,17643,31
13503,17644,11
13503,17683,11
13503,17684,31
13503,17685,3
13503,17748,1
13503,17751,19
13503,17752,26
13503,17774,5
13503,17775,8
13503,17776,33
13503,17777,59.5
13503,17778,58
13503,17795,4
13504,17496,3
13504,17497,2
13504,17498,4
13504,17505,9
13504,17506,7
13504,17513,1
13504,17517,5
13504,17520,1
13504,17523,1
13504,17528,5
13504,17536,2
13504,17538,6
13504,17539,5
13504,17544,11
13504,17552,2
13504,17557,2
13504,17563,1
13504,17587,7
13504,17618,2
13504,17619,2
13504,17627,5
13504,17643,23
13504,17644,7
13504,17654,7
13504,17655,2
13504,17679,3
13504,17683,8
13504,17684,8
13504,17704,7
13504,17705,4
13504,17712,5
13504,17747,1
13504,17751,13
13504,17752,47
13504,17753,20.5
13504,17759,5
13504,17775,11
13504,17776,11
13504,17777,60.5
13504,17778,55
13504,17794,3
13505,17517,1
13505,17520,4
13505,17526,2
13505,17543,2
13505,17544,5
13505,17545,3
13505,17562,2
13505,17568,3
13505,17571,3
13505,17580,2
13505,17590,8
13505,17591,3
13505,17594,1
13505,17627,12
13505,17628,4
13505,17631,3
13505,17642,2
13505,17643,51
13505,17644,59.5
13505,17645,4
13505,17663,1
13505,17686,3
13505,17717,3
13505,17718,3
13505,17736,2
13505,17737,5
13505,17751,22
13505,17752,29
13505,17753,16
13505,17774,6
13505,17775,4
13505,17776,19
13505,17777,23
13505,17793,2
13506,17503,3
13506,17504,7
13506,17507,2
13506,17508,7
13506,17509,6
13506,17518,2
13506,17519,4
13506,17521,6
13506,17522,4
13506,17526,3
13506,17532,2
13506,17538,4
13506,17543,9
13506,17551,6
13506,17552,2
13506,17559,6
13506,17607,12
13506,17611,2
13506,17620,5
13506,17621,1
13506,17629,4
13506,17636,2
13506,17643,4
13506,17644,20
13506,17654,1
13506,17659,2
13506,17661,2
13506,17662,3
13506,17699,2
13506,17734,20
13506,17735,13
13506,17736,51.5
13506,17737,45.5
13506,17747,9
13506,17773,2
13506,17775,3
13506,17776,2
13507,17493,2
13507,17495,3
13507,17504,1
13507,17505,2
13507,17507,4
13507,17519,5
13507,17520,4
13507,17525,3
13507,17527,3
13507,17528,2
13507,17544,9
13507,17560,1
13507,17618,1
13507,17627,2
13507,17629,10
13507,17633,2
13507,17636,7
13507,17644,1
13507,17647,6
13507,17659,7
13507,17662,11
13507,17663,4
13507,17676,5
13507,17692,7
13507,17709,1
13507,17714,20
13507,17715,13
13507,17734,7
13507,17735,32
13507,17736,42
13507,17737,40
13507,17738,5
13507,17746,7
13507,17747,2
13507,17755,1
13507,17772,1
13508,17513,9
13508,17520,13
13508,17521,5
13508,17534,3
13508,17535,1
13508,17538,4
13508,17539,2
13508,17568,6
13508,17571,2
13508,17577,5
13508,17585,3
13508,17586,1
13508,17611,6.5
13508,17627,33
13508,17628,55
13508,17629,14
13508,17631,2
13508,17632,3
13508,17660,5
13508,17662,6
13508,17663,25
13508,17664,20
13508,17665,26
13508,17666,8
13508,17669,2
13508,17670,1
13508,17674,2
13508,17688,1
13508,17689,5
13508,17711,10
13508,17713,8.5
13508,17714,27
13508,17715,29
13508,17720,2
13508,17721,1
13508,17734,4
13508,17735,31
13508,17736,42
13508,17737,16
13508,17738,1
13508,17745,4
13509,17495,6
13509,17499,5
13509,17513,5
13509,17517,8
13509,17520,2
13509,17524,3
13509,17525,4
13509,17533,4
13509,17535,2
13509,17536,4
13509,17538,2
13509,17556,7
13509,17558,3
13509,17584,6
13509,17592,2
13509,17594,1
13509,17611,5
13509,17626,17
13509,17627,60.5
13509,17628,52.5
13509,17629,9
13509,17633,3
13509,17635,1
13509,17639,3
13509,17653,7
13509,17654,9
13509,17659,9
13509,17660,10
13509,17662,15
13509,17663,6
13509,17664,8
13509,17665,1
13509,17666,2
13509,17683,1
13509,17694,7
13509,17713,4
13509,17714,18
13509,17715,15
13509,17717,4
13509,17720,2
13509,17721,15
13509,17722,2
13509,17726,6
13509,17734,2
13509,17736,28
13509,17737,6
13509,17739,2
13509,17743,9
13509,17744,7
13509,17756,10
13509,17757,10
13510,17495,8
13510,17505,9
13510,17524,4
13510,17548,6
13510,17552,3
13510,17557,2
13510,17558,8
13510,17559,2
13510,17562,5
13510,17563,2
13510,17584,5
13510,17594,2
13510,17609,4
13510,17610,2
13510,17611,2
13510,17623,5
13510,17624,2
13510,17625,7
13510,17626,40
13510,17627,47.5
13510,17628,12
13510,17629,11
13510,17639,2
13510,17657,2
13510,17663,2
13510,17668,2
13510,17694,4
13510,17695,1
13510,17714,27
13510,17715,32
13510,17716,1.5
13510,17722,3
13510,17736,1
13510,17739,4
13510,17740,5
13510,17742,5
13510,17743,11
13510,17792,4
13511,17509,8
13511,17510,5
13511,17514,4
13511,17526,4
13511,17547,13
13511,17556,3
13511,17563,2
13511,17588,2
13511,17589,6
13511,17599,11
13511,17601,6
13511,17602,9
13511,17609,11
13511,17610,10
13511,17616,3
13511,17625,1
13511,17626,2
13511,17627,7
13511,17628,1
13511,17632,3
13511,17644,4
13511,17684,2
13511,17713,2
13511,17714,50
13511,17715,28
13511,17716,33
13511,17717,21
13511,17722,10
13511,17734,3
13512,17498,2
13512,17511,1
13512,17513,1
13512,17525,1
13512,17528,4
13512,17529,7
13512,17540,3
13512,17546,1
13512,17547,7
13512,17556,2
13512,17560,1
13512,17574,5
13512,17575,6
13512,17579,2
13512,17599,5
13512,17607,2
13512,17610,8
13512,17611,24
13512,17618,2
13512,17632,17
13512,17633,7
13512,17648,5
13512,17669,5
13512,17684,7
13512,17712,6
13512,17714,22
13512,17715,48
13512,17716,13
13512,17717,6
13512,17724,4
13512,17726,2
13512,17734,8
13512,17735,6
13512,17794,1
13513,17495,6
13513,17502,4
13513,17510,2
13513,17522,4
13513,17525,2
13513,17527,2
13513,17530,8
13513,17536,6
13513,17540,7
13513,17541,1
13513,17546,2
13513,17568,3
13513,17598,1
13513,17607,1
13513,17608,4
13513,17610,16
13513,17611,35
13513,17612,4
13513,17614,5
13513,17624,2
13513,17628,1
13513,17632,8
13513,17633,14
13513,17649,4
13513,17652,5
13513,17657,2
13513,17668,3
13513,17669,2
13513,17677,2
13513,17678,9
13513,17715,10
13513,17716,17
13513,17725,10
13513,17726,13
13513,17727,4
13513,17735,7
13513,17737,8
13513,17791,6
13513,17795,2
13514,17505,3
13514,17526,5
13514,17527,1
13514,17540,5
13514,17541,1
13514,17547,4
13514,17549,2
13514,17550,5
13514,17553,7
13514,17554,1
13514,17556,7
13514,17562,1
13514,17564,3
13514,17566,4
13514,17585,3
13514,17586,4
13514,17597,6
13514,17610,8
13514,17611,47.5
13514,17612,13
13514,17624,4
13514,17627,4
13514,17677,9
13514,17678,7
13514,17706,5
13514,17707,6
13514,17717,4
13514,17723,1
13514,17726,36
13514,17727,14
13514,17730,1
13514,17731,9
13514,17735,13
13514,17736,19
13514,17737,2
13514,17738,24
13514,17739,4
13514,17790,1
13514,17791,25.5
13514,17792,31.5
13514,17793,21
13514,17794,10
13514,17795,14.5
13514,17796,10
13515,17505,1
13515,17512,5
13515,17522,3
13515,17523,3
13515,17540,1
13515,17550,5
13515,17553,2
13515,17554,3
13515,17565,4
13515,17570,1
13515,17573,1
13515,17582,4
13515,17583,3
13515,17595,4
13515,17598,4
13515,17610,13
13515,17611,55
13515,17612,38.5
13515,17613,15
13515,17635,8
13515,17636,2
13515,17642,4
13515,17674,2
13515,17677,3
13515,17678,4
13515,17696,3
13515,17705,35
13515,17706,38
13515,17707,8
13515,17708,6
13515,17717,2
13515,17726,12
13515,17727,37
13515,17728,32
13515,17729,40
13515,17730,16
13515,17731,50
13515,17732,3
13515,17735,8
13515,17736,46
13515,17737,3
13515,17738,24
13515,17739,15
13515,17740,6
13515,17789,3
13515,17790,16
13515,17791,1
13515,17792,2
13515,17793,26
13515,17794,34
13515,17795,10.5
13515,17796,1
13516,17499,2
13516,17510,4
13516,17530,1
13516,17534,2
13516,17537,1
13516,17538,1
13516,17539,52
13516,17540,36.5
13516,17541,3
13516,17543,5
13516,17550,3
13516,17572,6
13516,17574,2
13516,17596,2
13516,17610,2
13516,17611,43
13516,17612,47
13516,17613,30.5
13516,17635,3
13516,17674,10
13516,17675,28
13516,17676,5
13516,17702,6
13516,17706,38
13516,17707,11
13516,17722,1
13516,17726,10
13516,17727,32
13516,17728,12
13516,17729,50
13516,17730,34
13516,17731,4
13516,17734,7
13516,17736,9
13516,17737,7
13516,17738,8.5
13516,17752,2
13516,17753,32
13516,17754,11
13516,17769,1
13516,17783,7
13516,17784,29
13516,17785,30
13516,17786,4
13516,17789,6
13517,17502,2
13517,17507,2
13517,17535,21
13517,17536,54.5
13517,17537,47.5
13517,17538,15.5
13517,17539,56
13517,17540,53.5
13517,17541,4
13517,17543,4
13517,17544,5
13517,17547,1
13517,17548,2
13517,17599,1
13517,17607,2
13517,17609,2
13517,17611,11
13517,17613,4
13517,17614,2
13517,17621,2
13517,17706,5
13517,17707,9
13517,17714,2
13517,17726,29.5
13517,17727,95.5
13517,17728,30.5
13517,17729,65
13517,17730,37.5
13517,17731,27.5
13517,17733,2
13517,17735,9
13517,17740,5
13517,17750,2
13517,17751,35
13517,17752,6
13517,17753,37
13517,17754,32
13517,17755,33
13517,17756,11
13517,17768,1
13517,17784,12
13517,17785,26
13517,17786,19.5
13518,17501,5
13518,17502,4
13518,17503,5
13518,17515,7
13518,17523,4
13518,17524,2
13518,17528,7
13518,17533,2
13518,17536,18
13518,17537,25
13518,17538,58
13518,17539,65
13518,17540,21
13518,17543,3
13518,17548,2
13518,17553,3
13518,17561,4
13518,17565,2
13518,17566,5
13518,17571,6
13518,17572,2
13518,17575,1
13518,17577,1
13518,17578,5
13518,17600,6
13518,17601,2
13518,17606,4
13518,17610,1
13518,17619,1
13518,17635,3
13518,17725,3
13518,17726,3
13518,17727,27.5
13518,17728,42
13518,17729,56
13518,17730,31.5
13518,17731,2
13518,17732,19
13518,17740,48
13518,17741,11.5
13518,17750,1
13518,17751,18
13518,17752,31
13518,17753,41
13518,17754,14
13518,17755,51
13518,17756,22
13518,17784,6
13518,17785,2
13519,17502,2
13519,17509,3
13519,17510,2
13519,17513,4.5
13519,17519,5
13519,17521,1
13519,17522,4
13519,17523,58
13519,17524,17
13519,17525,10
13519,17535,1
13519,17536,6
13519,17537,23
13519,17538,44.5
13519,17539,3
13519,17546,2
13519,17557,1
13519,17572,2
13519,17575,4
13519,17576,4
13519,17577,1
13519,17578,2
13519,17581,5
13519,17586,2
13519,17589,11
13519,17590,1
13519,17591,1
13519,17592,3
13519,17604,2
13519,17605,2
13519,17610,5
13519,17613,2
13519,17617,2
13519,17622,3
13519,17623,10
13519,17624,2
13519,17625,2
13519,17633,1
13519,17641,5
13519,17646,1
13519,17666,5
13519,17671,3
13519,17680,4
13519,17681,2
13519,17707,1
13519,17713,15
13519,17714,2
13519,17723,5
13519,17724,4
13519,17725,47
13519,17726,16
13519,17727,22
13519,17728,14
13519,17729,16
13519,17730,39
13519,17731,24
13519,17732,21
13519,17739,8
13519,17740,3
13519,17741,16
13519,17742,16
13519,17751,2
13519,17752,7
13519,17754,6
13519,17755,22
13519,17756,31
13519,17757,5
13519,17758,1
13519,17776,1
13520,17512,3
13520,17515,5
13520,17519,1
13520,17521,32
13520,17522,52
13520,17523,33
13520,17524,70.5
13520,17525,44
13520,17526,23
13520,17527,18
13520,17535,3
13520,17539,4
13520,17546,5
13520,17550,2
13520,17551,5
13520,17566,2
13520,17567,4
13520,17576,3
13520,17583,4
13520,17585,1
13520,17592,12
13520,17606,4
13520,17612,1
13520,17623,5
13520,17625,6
13520,17627,6
13520,17630,18
13520,17631,2
13520,17645,3
13520,17654,1
13520,17659,2
13520,17660,9
13520,17661,19.5
13520,17662,1
13520,17671,6
13520,17672,9
13520,17713,11
13520,17714,2
13520,17725,57.5
13520,17726,68
13520,17727,9.5
13520,17729,27
13520,17730,36.5
13520,17731,18
13520,17732,36
13520,17734,4
13520,17735,17
13520,17736,9
13520,17737,17
13520,17738,21
13520,17740,10
13520,17757,7
13520,17758,1
13521,17506,1
13521,17507,6
13521,17520,5
13521,17521,48
13521,17522,30
13521,17523,45
13521,17524,85
13521,17525,70
13521,17526,37
13521,17527,69
13521,17534,5
13521,17535,7
13521,17539,2
13521,17543,3
13521,17559,3
13521,17564,3
13521,17583,1
13521,17585,14
13521,17586,17
13521,17587,9
13521,17588,10.5
13521,17613,13
13521,17619,4
13521,17620,3
13521,17623,3
13521,17627,4
13521,17629,12
13521,17630,22
13521,17631,35
13521,17653,1
13521,17654,4
13521,17655,5
13521,17658,4
13521,17659,10
13521,17660,53
13521,17661,83
13521,17662,9
13521,17663,1
13521,17679,6
13521,17721,3
13521,17725,18.5
13521,17726,62
13521,17727,14
13521,17728,14
13521,17729,30
13521,17730,43
13521,17731,55.5
13521,17732,22
13521,17734,1
13521,17735,14
13521,17736,24
13521,17737,36
13521,17738,10
13521,17739,9
13521,17742,1
13521,17743,3
13521,17744,7
13522,17503,13
13522,17521,56
13522,17522,36
13522,17523,35
13522,17524,31.5
13522,17525,65
13522,17526,83
13522,17527,54
13522,17528,2
13522,17529,2
13522,17530,3
13522,17542,4
13522,17573,2
13522,17574,8
13522,17584,41
13522,17585,155
13522,17586,40
13522,17587,24
13522,17588,27
13522,17590,3
13522,17591,1
13522,17592,1
13522,17595,2
13522,17601,2
13522,17612,12
13522,17613,48
13522,17614,69.5
13522,17615,21
13522,17616,3
13522,17620,1
13522,17628,4
13522,17629,29
13522,17630,11
13522,17631,7
13522,17636,3
13522,17653,7
13522,17654,3
13522,17659,13
13522,17660,36
13522,17661,21
13522,17662,10
13522,17678,5
13522,17680,2
13522,17724,4.5
13522,17725,35
13522,17726,39
13522,17727,8
13522,17728,48.5
13522,17729,18.5
13522,17730,22
13522,17731,32
13522,17732,5
13522,17734,6
13522,17735,12
13522,17736,16
13522,17737,32
13522,17738,5
13522,17739,11
13522,17741,4
13522,17742,4
13523,17519,5
13523,17521,9
13523,17522,25
13523,17523,67
13523,17524,85.5
13523,17525,60
13523,17526,65
13523,17527,66
13523,17571,5
13523,17576,1
13523,17578,6
13523,17580,2
13523,17582,13
13523,17583,40
13523,17584,86
13523,17585,108
13523,17586,62
13523,17587,60.5
13523,17588,7
13523,17590,6
13523,17605,2
13523,17606,2
13523,17611,1
13523,17612,13
13523,17613,43
13523,17614,29
13523,17615,7
13523,17618,6.5
13523,17619,2
13523,17620,5
13523,17630,3
13523,17635,4
13523,17636,2
13523,17659,4
13523,17660,9
13523,17662,19
13523,17663,9
13523,17678,1
13523,17725,6
13523,17726,4
13523,17727,2
13523,17728,132.5
13523,17729,175
13523,17730,22.5
13523,17731,42
13523,17732,50
13523,17733,47.5
13523,17734,55
13523,17735,13
13523,17736,13
13523,17737,19
13523,17762,1
13523,17796,3
13524,17506,6
13524,17507,4
13524,17511,6
13524,17512,2
13524,17517,5
13524,17518,2
13524,17521,50
13524,17522,114
13524,17523,95.5
13524,17524,20
13524,17525,68
13524,17526,169
13524,17527,20
13524,17529,3
13524,17531,7
13524,17533,2
13524,17534,4
13524,17537,1
13524,17546,7
13524,17578,1
13524,17579,33
13524,17580,6
13524,17581,38
13524,17582,52
13524,17583,11
13524,17584,12
13524,17585,60
13524,17586,153
13524,17587,3
13524,17593,1
13524,17600,1
13524,17612,22
13524,17613,21
13524,17614,12
13524,17620,2
13524,17622,7
13524,17627,1
13524,17637,3
13524,17644,4
13524,17663,2
13524,17700,11
13524,17701,6
13524,17704,11
13524,17705,36
13524,17727,2
13524,17728,111.5
13524,17729,213
13524,17730,85.5
13524,17731,34
13524,17732,31
13524,17733,113.5
13524,17734,52
13524,17735,151.5
13524,17736,28
13524,17737,3
13524,17760,1
13524,17768,4
13525,17498,6
13525,17499,5
13525,17514,3
13525,17517,1
13525,17519,1
13525,17520,24
13525,17521,86
13525,17522,74
13525,17523,34
13525,17524,17
13525,17525,79.5
13525,17526,62
13525,17528,5
13525,17532,4
13525,17533,4
13525,17546,5
13525,17549,3
13525,17554,2
13525,17567,5
13525,17579,90
13525,17580,50
13525,17581,23
13525,17582,28
13525,17584,6
13525,17585,80
13525,17586,119
13525,17587,38
13525,17593,2
13525,17596,5.5
13525,17597,3
13525,17613,4
13525,17620,5
13525,17633,5
13525,17644,5
13525,17645,10
13525,17668,5
13525,17675,3
13525,17700,5
13525,17701,4
13525,17703,3
13525,17704,3
13525,17705,22
13525,17727,4
13525,17728,40.5
13525,17729,129
13525,17730,99
13525,17731,46
13525,17732,74
13525,17733,83.5
13525,17734,206.5
13525,17735,163
13525,17736,14
13525,17737,23
13525,17743,2
13525,17767,4
13525,17768,14
13525,17785,2
13526,17510,2
13526,17511,1
13526,17512,2
13526,17514,1
13526,17519,15
13526,17520,18
13526,17521,113
13526,17522,90
13526,17523,60
13526,17524,19
13526,17525,20.5
13526,17539,5
13526,17544,10
13526,17549,4
13526,17570,2
13526,17579,11
13526,17581,4
13526,17584,6
13526,17585,39
13526,17586,7
13526,17587,7
13526,17592,2
13526,17593,1
13526,17615,4
13526,17628,1
13526,17629,2
13526,17633,9
13526,17641,5
13526,17642,6
13526,17643,37
13526,17644,10
13526,17645,17
13526,17652,10.5
13526,17667,4
13526,17668,4
13526,17669,5
13526,17670,1
13526,17675,10
13526,17676,2
13526,17702,2
13526,17703,20
13526,17704,36
13526,17705,13
13526,17728,83
13526,17729,63.5
13526,17730,163
13526,17731,144
13526,17732,39
13526,17733,278.5
13526,17734,118
13526,17735,60.5
13526,17767,15
13526,17768,4
13526,17785,12
13526,17786,10
13526,17787,5
13527,17508,4
13527,17515,7
13527,17519,17
13527,17520,4
13527,17521,17
13527,17522,42
13527,17523,15
13527,17524,12
13527,17526,3
13527,17528,1
13527,17536,3
13527,17539,5
13527,17544,3
13527,17555,19
13527,17556,9
13527,17559,4
13527,17563,5
13527,17569,7
13527,17584,16
13527,17585,9
13527,17594,2
13527,17601,6
13527,17604,2
13527,17624,1
13527,17637,1
13527,17641,5
13527,17644,21
13527,17645,3
13527,17652,7
13527,17653,4
13527,17654,2
13527,17668,8
13527,17676,4
13527,17692,4
13527,17701,2
13527,17703,31
13527,17704,78
13527,17705,53
13527,17706,30
13527,17708,24
13527,17709,3
13527,17710,2
13527,17727,2.5
13527,17728,102
13527,17729,134.5
13527,17730,82
13527,17731,127
13527,17732,159.5
13527,17733,82
13527,17734,76
13527,17735,67.5
13527,17736,5
13527,17756,5
13527,17757,25
13527,17758,2
13527,17766,10
13527,17767,29
13527,17768,9
13528,17498,10
13528,17501,12
13528,17503,4
13528,17505,3
13528,17522,7
13528,17523,32
13528,17524,21
13528,17531,4
13528,17541,16
13528,17542,38
13528,17543,25
13528,17544,29
13528,17545,5
13528,17546,35
13528,17547,25
13528,17555,7
13528,17569,7
13528,17570,2
13528,17576,3
13528,17584,11
13528,17585,13
13528,17586,2
13528,17599,3
13528,17600,4
13528,17601,1
13528,17608,2
13528,17615,2
13528,17621,4
13528,17631,2
13528,17638,1
13528,17640,4
13528,17643,2
13528,17652,5
13528,17653,1
13528,17667,7
13528,17668,15
13528,17671,2
13528,17688,5
13528,17689,1
13528,17698,5
13528,17701,2
13528,17704,14
13528,17705,59
13528,17706,54
13528,17707,15
13528,17708,62
13528,17709,50.5
13528,17710,23
13528,17711,11
13528,17724,2
13528,17725,4
13528,17726,8
13528,17727,69
13528,17728,102.5
13528,17729,119.5
13528,17730,125
13528,17731,151
13528,17732,138
13528,17733,34.5
13528,17734,6.5
13528,17736,18
13528,17740,1
13528,17756,13
13528,17757,22
13528,17758,22
13528,17759,16
13528,17764,19.5
13528,17765,37
13528,17766,11
13528,17767,30
13528,17773,12
13528,17774,15
13529,17498,12
13529,17499,55
13529,17500,22
13529,17501,40
13529,17502,6
13529,17513,1
13529,17534,2
13529,17536,6
13529,17540,3
13529,17542,12
13529,17543,19
13529,17544,33
13529,17545,31.5
13529,17546,90
13529,17547,86.5
13529,17548,52.5
13529,17558,13
13529,17573,2
13529,17582,6
13529,17583,50.5
13529,17584,46
13529,17585,43.5
13529,17586,5
13529,17587,5
13529,17588,1
13529,17599,29
13529,17615,11.5
13529,17617,1
13529,17622,2
13529,17623,4
13529,17627,2
13529,17639,1
13529,17642,4
13529,17686,2
13529,17687,3
13529,17689,2
13529,17691,2
13529,17705,23
13529,17706,28
13529,17707,24
13529,17708,53
13529,17709,53
13529,17710,2
13529,17721,9
13529,17723,19
13529,17724,6
13529,17725,35
13529,17726,81
13529,17727,112
13529,17728,108
13529,17729,111.5
13529,17730,117.5
13529,17731,104.5
13529,17732,56
13529,17733,6
13529,17735,2
13529,17736,6
13529,17737,4
13529,17759,2
13529,17761,3
13529,17762,7
13529,17763,28
13529,17764,25.5
13529,17765,45
13529,17766,26
13529,17767,23
13530,17498,12
13530,17499,63.5
13530,17500,68
13530,17501,59.5
13530,17502,21
13530,17538,1
13530,17544,2
13530,17546,46
13530,17547,60
13530,17548,22
13530,17549,54
13530,17550,3
13530,17551,9
13530,17552,9
13530,17553,16
13530,17554,6
13530,17555,3
13530,17573,2
13530,17582,39
13530,17583,21
13530,17584,11
13530,17585,81
13530,17586,75
13530,17587,26
13530,17588,75
13530,17589,21
13530,17597,5
13530,17598,2
13530,17612,2
13530,17613,3
13530,17614,2
13530,17615,24
13530,17616,2
13530,17622,1
13530,17690,4
13530,17691,8
13530,17704,3
13530,17708,5
13530,17709,10
13530,17717,10
13530,17721,15
13530,17722,46
13530,17723,31
13530,17724,27
13530,17725,50
13530,17726,100.5
13530,17727,80
13530,17728,107.5
13530,17729,88
13530,17730,124.5
13530,17731,63.5
13530,17732,90
13530,17733,55
13530,17734,28
13530,17735,6
13530,17738,2
13530,17756,2
13530,17762,8
13530,17764,8
13530,17765,11
13530,17766,4
13530,17767,7
13530,17768,4
13531,17498,8
13531,17499,46
13531,17500,7
13531,17501,12
13531,17502,4
13531,17505,4
13531,17517,1
13531,17518,8
13531,17538,2
13531,17544,3
13531,17546,28
13531,17547,52.5
13531,17548,41
13531,17549,46
13531,17553,2
13531,17555,3
13531,17564,13
13531,17581,9
13531,17582,15
13531,17583,16
13531,17584,66
13531,17585,69.5
13531,17586,70
13531,17587,75
13531,17588,88.5
13531,17589,19
13531,17599,1
13531,17607,4
13531,17612,2
13531,17630,2
13531,17645,2
13531,17716,3
13531,17717,21
13531,17718,2
13531,17723,27
13531,17724,39
13531,17725,28
13531,17726,49
13531,17727,64
13531,17728,89.5
13531,17729,83.5
13531,17730,52
13531,17731,66
13531,17732,72.5
13531,17733,75
13531,17734,21
13531,17756,3
13531,17757,12
13531,17758,4
13531,17764,10
13532,17496,3
13532,17497,2
13532,17499,11
13532,17500,4
13532,17502,1.5
13532,17505,3
13532,17511,5
13532,17528,7
13532,17539,4
13532,17547,2
13532,17563,7
13532,17564,4
13532,17572,3
13532,17573,7
13532,17578,1
13532,17581,2
13532,17582,24
13532,17583,35
13532,17584,32
13532,17585,33
13532,17586,92
13532,17587,59
13532,17588,53
13532,17589,44
13532,17590,36
13532,17594,4
13532,17595,8
13532,17599,2
13532,17614,4
13532,17633,5
13532,17634,1
13532,17638,3
13532,17639,2
13532,17641,1
13532,17655,7
13532,17680,7
13532,17683,7
13532,17699,9
13532,17701,4
13532,17702,2
13532,17719,8
13532,17720,30.5
13532,17721,67.5
13532,17722,41
13532,17723,71
13532,17724,16
13532,17726,21
13532,17727,56.5
13532,17728,107
13532,17729,88
13532,17730,66
13532,17731,96
13532,17732,85.5
13532,17733,33.5
13532,17741,14
13532,17742,7
13532,17743,3
13532,17757,4
13532,17758,17
13532,17759,28
13532,17761,3
13533,17521,2
13533,17527,4
13533,17528,2
13533,17533,7
13533,17534,14
13533,17540,2
13533,17541,5
13533,17560,4
13533,17573,4
13533,17581,42.5
13533,17582,31
13533,17583,16
13533,17584,45.5
13533,17585,115
13533,17586,136
13533,17587,53
13533,17588,53.5
13533,17589,65
13533,17590,14
13533,17617,2
13533,17641,1
13533,17645,3
13533,17669,4
13533,17678,9
13533,17691,4
13533,17695,5
13533,17698,2
13533,17718,13
13533,17720,47.5
13533,17721,57
13533,17722,64
13533,17723,76
13533,17724,24
13533,17726,28
13533,17727,22
13533,17728,76
13533,17729,33
13533,17730,141.5
13533,17731,45
13533,17732,83.5
13533,17733,36
13533,17741,32
13533,17742,8
13533,17743,33
13533,17744,32
13533,17747,7
13533,17748,55
13533,17749,19
13534,17493,6
13534,17499,3
13534,17503,1
13534,17504,3
13534,17505,6
13534,17508,2
13534,17509,2
13534,17513,4
13534,17515,5
13534,17527,4
13534,17528,5
13534,17539,5
13534,17550,2
13534,17551,5
13534,17570,4
13534,17571,3
13534,17574,5
13534,17579,5
13534,17581,25.5
13534,17582,29
13534,17583,23
13534,17584,22
13534,17585,56
13534,17586,37
13534,17587,57
13534,17588,8
13534,17589,4
13534,17604,3
13534,17607,2
13534,17631,2
13534,17632,5
13534,17678,5
13534,17694,1
13534,17695,6
13534,17708,4
13534,17709,15
13534,17718,4
13534,17719,4
13534,17720,70.5
13534,17721,86
13534,17722,40
13534,17723,110
13534,17724,73
13534,17726,15
13534,17729,21.5
13534,17730,37
13534,17731,3.5
13534,17732,60
13534,17733,36
13534,17741,7
13534,17742,4
13534,17743,46
13534,17744,45.5
13534,17745,10
13534,17747,51.5
13534,17748,19
13534,17749,24
13535,17499,4
13535,17501,2
13535,17504,5
13535,17506,4
13535,17516,2
13535,17549,6
13535,17550,1
13535,17578,1
13535,17581,1
13535,17583,12
13535,17584,47
13535,17585,23
13535,17586,37
13535,17587,34
13535,17593,7
13535,17596,2
13535,17607,2
13535,17622,7
13535,17623,3
13535,17692,6
13535,17695,1
13535,17713,19.5
13535,17714,56
13535,17715,3
13535,17719,54
13535,17720,56.5
13535,17721,38
13535,17722,101
13535,17723,60.5
13535,17724,3
13535,17729,12
13535,17730,42
13535,17731,17
13535,17732,18
13535,17733,3
13535,17741,1
13535,17744,4
13535,17746,10
13535,17747,2.5
13536,17491,2
13536,17494,2
13536,17512,2
13536,17545,9
13536,17577,6
13536,17583,25
13536,17584,2
13536,17585,61.5
13536,17586,28
13536,17590,4
13536,17594,2
13536,17596,8
13536,17598,1
13536,17600,5
13536,17615,2
13536,17616,1
13536,17623,4
13536,17638,6
13536,17640,1
13536,17652,4
13536,17668,9
13536,17669,22
13536,17684,7
13536,17713,37
13536,17714,41
13536,17715,9
13536,17718,7
13536,17719,41.5
13536,17720,89
13536,17721,55
13536,17722,31
13536,17723,11
13536,17729,19
13536,17730,46.5
13537,17491,5
13537,17494,18
13537,17497,4
13537,17498,2
13537,17508,4
13537,17509,4
13537,17512,4
13537,17513,5
13537,17516,2
13537,17517,3
13537,17519,9
13537,17526,12.5
13537,17530,4
13537,17536,6
13537,17540,3
13537,17545,6
13537,17561,2
13537,17580,1
13537,17581,4
13537,17582,2
13537,17583,13
13537,17584,32
13537,17585,39
13537,17586,6
13537,17591,4
13537,17600,3
13537,17611,7
13537,17630,1
13537,17632,10
13537,17633,3
13537,17635,2
13537,17638,2
13537,17639,2
13537,17643,2
13537,17647,7
13537,17648,4
13537,17654,1
13537,17665,2
13537,17711,11
13537,17712,2
13537,17714,6
13537,17715,4
13537,17717,1
13537,17718,12
13537,17719,15
13537,17720,52
13537,17721,14
13537,17722,6
13537,17730,12
13537,17732,13
13538,17485,2
13538,17495,3
13538,17497,3
13538,17501,11
13538,17508,2
13538,17519,3
13538,17529,8
13538,17530,2
13538,17553,9
13538,17561,6
13538,17565,2
13538,17568,4
13538,17580,9
13538,17581,6
13538,17582,8
13538,17583,24
13538,17584,4
13538,17589,2
13538,17590,7
13538,17595,3
13538,17597,1
13538,17615,2
13538,17616,14
13538,17617,1
13538,17619,6
13538,17623,3
13538,17630,2
13538,17631,23.5
13538,17632,32
13538,17633,12
13538,17638,7
13538,17647,9
13538,17649,6
13538,17654,6
13538,17663,3
13538,17674,10
13538,17675,16
13538,17697,12
13538,17710,2
13538,17711,8
13538,17716,9
13538,17717,14
13538,17718,9
13538,17720,5
13538,17721,4
13538,17722,1
13538,17730,16
13538,17731,13
13538,17732,26
13538,17733,9
13538,17735,14
13538,17752,3
13538,17753,29
13538,17754,16
13538,17762,7
13538,17763,3
13538,17768,17
13538,17769,5
13539,17487,15
13539,17493,4
13539,17494,4
13539,17498,4
13539,17501,2
13539,17522,5
13539,17532,4
13539,17533,2
13539,17549,1
13539,17550,2
13539,17570,1
13539,17575,1
13539,17580,2
13539,17582,5
13539,17605,5
13539,17630,7
13539,17631,54
13539,17632,49
13539,17633,19
13539,17634,4
13539,17636,5
13539,17642,4
13539,17643,2
13539,17658,2
13539,17673,13
13539,17674,4
13539,17697,5
13539,17698,8
13539,17710,2
13539,17715,4
13539,17717,3
13539,17718,15.5
13539,17729,5
13539,17730,43.5
13539,17731,39
13539,17732,46
13539,17733,52
13539,17734,2
13539,17735,1
13539,17752,4
13539,17753,9
13539,17761,11.5
13539,17762,25
13539,17763,5
13539,17764,6
13539,17768,21
13539,17769,31
13539,17770,16
13540,17491,10
13540,17492,77
13540,17493,6
13540,17522,5
13540,17523,5
13540,17533,4
13540,17546,4
13540,17550,2
13540,17554,5
13540,17570,3
13540,17575,2
13540,17578,3
13540,17579,2
13540,17581,2
13540,17583,4
13540,17588,17
13540,17594,2
13540,17606,3
13540,17617,5
13540,17623,2
13540,17631,23
13540,17633,44
13540,17634,9
13540,17635,22
13540,17637,2
13540,17638,1
13540,17640,9
13540,17641,20
13540,17642,6
13540,17643,13
13540,17686,3
13540,17717,10
13540,17718,3
13540,17729,8
13540,17730,47
13540,17731,58
13540,17732,24
13540,17733,33
13540,17734,2
13540,17735,2
13540,17761,14
13540,17762,4
13540,17768,4
13540,17769,16
13540,17770,29
13540,17771,9.5
13541,17490,8
13541,17491,64
13541,17492,17
13541,17493,47
13541,17495,3
13541,17496,5.5
13541,17501,2
13541,17502,5
13541,17503,6
13541,17504,4
13541,17505,12
13541,17508,17
13541,17509,73
13541,17510,37
13541,17514,10.5
13541,17523,1
13541,17528,2
13541,17532,1
13541,17549,1
13541,17553,5
13541,17554,11
13541,17555,7
13541,17575,3
13541,17577,3
13541,17579,3
13541,17584,2
13541,17586,3
13541,17588,4
13541,17589,4
13541,17613,5
13541,17615,1
13541,17630,5
13541,17634,13
13541,17635,31
13541,17636,34
13541,17637,48.5
13541,17638,13
13541,17639,64.5
13541,17640,43.5
13541,17641,33
13541,17642,100.5
13541,17643,69
13541,17644,19
13541,17660,1
13541,17665,4
13541,17680,6
13541,17686,6
13541,17698,4
13541,17699,4
13541,17717,5
13541,17719,4
13541,17730,1
13541,17731,5
13541,17732,26
13541,17733,32
13541,17734,13
13541,17735,1
13541,17736,19
13541,17741,16
13541,17742,37
13541,17743,23
13541,17744,8
13542,17484,2
13542,17490,7
13542,17491,58
13542,17492,34
13542,17493,51
13542,17494,3
13542,17495,6
13542,17498,2
13542,17508,51
13542,17509,112
13542,17510,30
13542,17519,3
13542,17520,12
13542,17521,2
13542,17579,5
13542,17580,4
13542,17583,10
13542,17593,4
13542,17630,5
13542,17636,2
13542,17637,17
13542,17638,64
13542,17639,47.5
13542,17640,34.5
13542,17641,67.5
13542,17642,3
13542,17643,4
13542,17644,29
13542,17645,40.5
13542,17646,40
13542,17647,40
13542,17662,1
13542,17698,6
13542,17699,25
13542,17700,6
13542,17701,5
13542,17720,2
13542,17731,12
13542,17732,26
13542,17733,35
13542,17734,36
13542,17735,38
13542,17736,26
13542,17737,18
13542,17740,36
13542,17741,87
13542,17742,26
13542,17743,38
13542,17744,22
13543,17476,1
13543,17477,3
13543,17484,3
13543,17485,7
13543,17490,1
13543,17491,2
13543,17493,2
13543,17494,4
13543,17498,2
13543,17502,9
13543,17503,6
13543,17507,38
13543,17508,34
13543,17509,80.5
13543,17516,2
13543,17517,5
13543,17521,7
13543,17527,2
13543,17549,2
13543,17563,2
13543,17567,5
13543,17571,8
13543,17583,4
13543,17588,2
13543,17600,5
13543,17609,3
13543,17614,2.5
13543,17625,3
13543,17626,5
13543,17628,2
13543,17638,20
13543,17639,13
13543,17640,26
13543,17644,3
13543,17645,29
13543,17646,20
13543,17647,44
13543,17648,7
13543,17649,2
13543,17650,7
13543,17662,4
13543,17686,3
13543,17688,5
13543,17695,3
13543,17698,25
13543,17699,6
13543,17715,6
13543,17716,2
13543,17719,3
13543,17720,3
13543,17721,7
13543,17722,12
13543,17732,6
13543,17733,26
13543,17735,3
13543,17736,9
13543,17739,34
13543,17740,44
13543,17741,50
13543,17742,4
13543,17743,22.5
13543,17757,4
13543,17758,4
13544,17476,14
13544,17482,2
13544,17490,3
13544,17491,4
13544,17492,2.5
13544,17494,4
13544,17500,2
13544,17507,16
13544,17508,27
13544,17509,33
13544,17517,2
13544,17527,2
13544,17535,2
13544,17559,4
13544,17563,3
13544,17566,2
13544,17573,1
13544,17587,3
13544,17603,20
13544,17635,4
13544,17640,3
13544,17643,1
13544,17644,1
13544,17645,23.5
13544,17646,3
13544,17647,13
13544,17648,16
13544,17649,33
13544,17650,4
13544,17679,9
13544,17698,28
13544,17706,2
13544,17715,10
13544,17719,23
13544,17720,50.5
13544,17721,36
13544,17722,18.5
13544,17732,23
13544,17740,23
13544,17741,24
13544,17756,13
13544,17757,27
13544,17778,2
13545,17476,5
13545,17477,4
13545,17480,3
13545,17482,4
13545,17487,1
13545,17492,3
13545,17505,1
13545,17506,2
13545,17507,6.5
13545,17508,3
13545,17511,2
13545,17527,4
13545,17531,5
13545,17544,3
13545,17557,2
13545,17563,8
13545,17566,6
13545,17567,6
13545,17576,4
13545,17578,3
13545,17579,8
13545,17594,3
13545,17603,2
13545,17604,2
13545,17608,5
13545,17609,10
13545,17610,3
13545,17634,3
13545,17643,5
13545,17644,10
13545,17648,8
13545,17649,11
13545,17650,14
13545,17652,3
13545,17673,8
13545,17684,2
13545,17685,2
13545,17687,4
13545,17698,24
13545,17699,3
13545,17700,3
13545,17710,43
13545,17711,10
13545,17712,3
13545,17715,8
13545,17716,2
13545,17719,45
13545,17720,46.5
13545,17721,51.5
13545,17722,28
13545,17740,2
13545,17743,1
13545,17744,7
13545,17745,4
13545,17757,15
13545,17764,2
13545,17765,38
13545,17766,2
13545,17768,2
13545,17770,14
13545,17771,19.5
13545,17772,6
13545,17773,2
13545,17778,4
13545,17779,1
13546,17476,9
13546,17482,7
13546,17484,2
13546,17487,12
13546,17489,4
13546,17491,3
13546,17492,5
13546,17507,5
13546,17518,1
13546,17523,12
13546,17546,6
13546,17547,5
13546,17555,2
13546,17556,3
13546,17565,1
13546,17571,2
13546,17574,1
13546,17581,3
13546,17634,2
13546,17638,2
13546,17649,1
13546,17677,3
13546,17681,21
13546,17682,28
13546,17683,31
13546,17684,10
13546,17689,2
13546,17698,6
13546,17699,3
13546,17710,27
13546,17711,28.5
13546,17712,15
13546,17719,20
13546,17720,16
13546,17721,2
13546,17739,2
13546,17764,8
13546,17765,20
13546,17766,7
13546,17770,10
13546,17771,3
13546,17773,2
13547,17475,18
13547,17476,5
13547,17484,8
13547,17488,4
13547,17489,3
13547,17500,12
13547,17512,2
13547,17516,9
13547,17536,3
13547,17546,5
13547,17547,1
13547,17548,1
13547,17555,7
13547,17566,2
13547,17589,7
13547,17622,4
13547,17630,14
13547,17649,10
13547,17652,1
13547,17680,2
13547,17681,1
13547,17682,31
13547,17683,75
13547,17684,7
13547,17685,10
13547,17708,2
13547,17709,34
13547,17710,44
13547,17711,32
13547,17712,3
13547,17719,6
13547,17720,2
13547,17765,3
13547,17769,6
13548,17500,2
13548,17512,3
13548,17529,3
13548,17530,3
13548,17546,5
13548,17547,10
13548,17548,1.5
13548,17593,2
13548,17598,1
13548,17611,8
13548,17614,3
13548,17615,3
13548,17634,4
13548,17652,2
13548,17664,2
13548,17674,15
13548,17681,6
13548,17682,54
13548,17683,12
13548,17684,6
13548,17685,34
13548,17686,11
13548,17687,5
13548,17708,10
13548,17709,8
13548,17710,11
13548,17711,5
13548,17720,4
13548,17721,5
13548,17722,2
13548,17749,16
13548,17750,4
13548,17769,5
13549,17477,41
13549,17478,14
13549,17479,14
13549,17480,8
13549,17481,4
13549,17506,3
13549,17508,14
13549,17512,7
13549,17518,7
13549,17539,5
13549,17546,6
13549,17548,3
13549,17554,4
13549,17560,7
13549,17593,3
13549,17594,14
13549,17595,5
13549,17597,3
13549,17599,2
13549,17649,2
13549,17652,2
13549,17665,2
13549,17666,4
13549,17681,8
13549,17682,27.5
13549,17683,6
13549,17685,6
13549,17686,3
13549,17707,2
13549,17710,2
13549,17715,4
13549,17738,2
13549,17739,1
13549,17742,2
13549,17749,51
13549,17750,5
13549,17759,5
13550,17477,32
13550,17478,38
13550,17479,36.5
13550,17486,3
13550,17496,2
13550,17513,2
13550,17522,5
13550,17528,12
13550,17529,4
13550,17535,2
13550,17536,2
13550,17559,6
13550,17560,6
13550,17562,1
13550,17563,3
13550,17567,5
13550,17571,2
13550,17572,1
13550,17573,2
13550,17576,3
13550,17588,11
13550,17592,3
13550,17600,1
13550,17629,2
13550,17648,5
13550,17680,3
13550,17684,3
13550,17688,3
13550,17699,1
13550,17701,2
13550,17702,2
13550,17707,2
13550,17714,5
13550,17715,10
13550,17739,9
13550,17740,22
13550,17741,45
13550,17749,6
13550,17757,2
13550,17758,5
13550,17759,36
13550,17760,4
13551,17476,2
13551,17477,23
13551,17478,28
13551,17479,4
13551,17480,5
13551,17489,4
13551,17490,5
13551,17497,7
13551,17500,2
13551,17513,13
13551,17518,11
13551,17519,4
13551,17521,3
13551,17523,2
13551,17525,7
13551,17529,4
13551,17533,4
13551,17557,2
13551,17563,4
13551,17567,3
13551,17571,5
13551,17572,8
13551,17579,1
13551,17589,3
13551,17594,2
13551,17602,8
13551,17603,2
13551,17611,8
13551,17628,2
13551,17629,2
13551,17637,2
13551,17642,3
13551,17643,4
13551,17647,2
13551,17676,8
13551,17683,3
13551,17689,3
13551,17693,3
13551,17724,10
13551,17740,10
13551,17741,23
13551,17742,22
13551,17743,3.5
13551,17759,4
13551,17760,6.5
13551,17766,3
13552,17476,36
13552,17477,4
13552,17478,2
13552,17479,4
13552,17480,5
13552,17492,2
13552,17501,3
13552,17507,5
13552,17509,2
13552,17522,5
13552,17525,3
13552,17526,1
13552,17545,2
13552,17547,2
13552,17548,8
13552,17579,3
13552,17621,2
13552,17628,1
13552,17640,2
13552,17676,9
13552,17697,3
13552,17721,5
13552,17724,6
13552,17725,11.5
13552,17726,6
13552,17742,30
13552,17743,8
13552,17744,8
13552,17766,1
13552,17771,5
13553,17476,12
13553,17477,2
13553,17500,1
13553,17501,3
13553,17528,1
13553,17540,8
13553,17547,1
13553,17555,5
13553,17562,2
13553,17572,2
13553,17577,2
13553,17592,3
13553,17599,3
13553,17607,10
13553,17616,7
13553,17639,2
13553,17644,7
13553,17651,3
13553,17660,2
13553,17671,1
13553,17672,4
13553,17676,4
13553,17718,5
13553,17719,4
13553,17720,1
13553,17725,2
13553,17740,4
13553,17741,7
13553,17743,5
13553,17744,9
13553,17768,9
13553,17769,11
13553,17770,27
13553,17771,10
13554,17476,7
13554,17485,3
13554,17490,3
13554,17500,9
13554,17501,14.5
13554,17502,2
13554,17508,5
13554,17521,16
13554,17525,6.5
13554,17540,7
13554,17544,6
13554,17551,4
13554,17562,4
13554,17568,5
13554,17572,13
13554,17584,4
13554,17587,1
13554,17588,5
13554,17591,11
13554,17592,6
13554,17598,1
13554,17599,3
13554,17607,3
13554,17608,7
13554,17613,2
13554,17652,4
13554,17680,9
13554,17691,2
13554,17697,3
13554,17699,1
13554,17704,2
13554,17717,2
13554,17718,18
13554,17719,2
13554,17725,4
13554,17750,9
13554,17751,1
13554,17769,23
13554,17770,22
13554,17771,5
13554,17772,3
13555,17473,30
13555,17474,23
13555,17482,2
13555,17494,5
13555,17495,24
13555,17517,2
13555,17521,1
13555,17525,2
13555,17529,2
13555,17530,3
13555,17533,3
13555,17537,2
13555,17545,14
13555,17551,5
13555,17553,1
13555,17572,5
13555,17573,4
13555,17584,3
13555,17590,2
13555,17599,2
13555,17600,1
13555,17615,8
13555,17634,4
13555,17635,7
13555,17657,4
13555,17658,4
13555,17669,2
13555,17670,4
13555,17680,5
13555,17681,4
13555,17699,3
13555,17700,1
13555,17719,10
13555,17726,2
13555,17750,8
13555,17751,21
13555,17752,8
13555,17770,1
13555,17771,4
13555,17778,3
13556,17470,36
13556,17471,38
13556,17472,86
13556,17473,48
13556,17474,22.5
13556,17482,8
13556,17491,15
13556,17492,2
13556,17494,19
13556,17495,108
13556,17496,20
13556,17502,11
13556,17505,5
13556,17516,6
13556,17517,7
13556,17553,5
13556,17557,13
13556,17559,5
13556,17561,2
13556,17562,1
13556,17565,11
13556,17571,7
13556,17618,5
13556,17652,3
13556,17664,3
13556,17681,2
13556,17689,5
13556,17690,13
13556,17700,4
13556,17710,6
13556,17719,1
13556,17723,16
13556,17729,1
13556,17751,2
13557,17471,2
13557,17473,33
13557,17474,11
13557,17475,8
13557,17493,2
13557,17494,49.5
13557,17495,77
13557,17496,10
13557,17498,2
13557,17499,2
13557,17505,2
13557,17508,3
13557,17509,10
13557,17512,1
13557,17513,7
13557,17517,4
13557,17519,6
13557,17525,2
13557,17530,3
13557,17531,25
13557,17532,16.5
13557,17533,29
13557,17571,2
13557,17602,2
13557,17603,1
13557,17620,1
13557,17623,2
13557,17626,5
13557,17636,1
13557,17642,1
13557,17684,10
13557,17687,11
13557,17688,1
13557,17689,24.5
13557,17690,6.5
13557,17701,9
13557,17702,2
13557,17709,10
13557,17710,29
13557,17726,19.5
13557,17727,3
13557,17772,2
13558,17482,3
13558,17492,9
13558,17493,40.5
13558,17494,58
13558,17495,67.5
13558,17496,11
13558,17503,9
13558,17505,14
13558,17506,1
13558,17510,2
13558,17518,3
13558,17522,1
13558,17526,3
13558,17528,5
13558,17529,20
13558,17530,18
13558,17531,83
13558,17532,22.5
13558,17534,2
13558,17540,2
13558,17571,10
13558,17591,2
13558,17592,2
13558,17599,1
13558,17615,2
13558,17623,3
13558,17632,5
13558,17642,5
13558,17666,4
13558,17682,1
13558,17683,27.5
13558,17684,24
13558,17685,5
13558,17686,6
13558,17687,15
13558,17688,5
13558,17689,1
13558,17690,4
13558,17710,2
13558,17729,1
13558,17743,13
13559,17475,3
13559,17492,3
13559,17493,4
13559,17494,64.5
13559,17495,75
13559,17496,27
13559,17500,7
13559,17513,6
13559,17526,2
13559,17528,17
13559,17529,87
13559,17530,63
13559,17531,113
13559,17532,43
13559,17565,3
13559,17591,13
13559,17592,3
13559,17619,3
13559,17633,3
13559,17634,2
13559,17683,12
13559,17701,29
13559,17712,2
13559,17729,7
13559,17730,1
13559,17743,1
13559,17744,2
13559,17761,2
13560,17475,3
13560,17477,3
13560,17490,6
13560,17491,1
13560,17492,4
13560,17493,9
13560,17494,41
13560,17506,2
13560,17507,4
13560,17519,1
13560,17528,61
13560,17529,75
13560,17530,44
13560,17531,93.5
13560,17532,22
13560,17535,4
13560,17559,1
13560,17589,4
13560,17614,1
13560,17618,14
13560,17619,9
13560,17620,2
13560,17633,4
13560,17634,2
13560,17672,8
13560,17673,3
13560,17674,2
13560,17683,5
13560,17700,2
13560,17701,6
13560,17702,2
13560,17712,3
13560,17716,2
13560,17729,4
13560,17730,19
13560,17731,6
13560,17743,3
13560,17761,2
13560,17777,2
13560,17778,4
13561,17474,7
13561,17475,4
13561,17488,6
13561,17497,2
13561,17500,3
13561,17502,8
13561,17503,4
13561,17505,2
13561,17506,4
13561,17507,4
13561,17511,4
13561,17515,11
13561,17516,1
13561,17519,4
13561,17528,13.5
13561,17529,66
13561,17530,61.5
13561,17531,56.5
13561,17532,20
13561,17533,1
13561,17557,5
13561,17560,4
13561,17606,1
13561,17618,7
13561,17619,55
13561,17620,4
13561,17659,2
13561,17661,2
13561,17663,3
13561,17665,4
13561,17672,9
13561,17707,2
13561,17713,2
13561,17714,2
13561,17716,27
13561,17717,5
13561,17730,5
13561,17731,3
13561,17732,5
13561,17738,4
13561,17739,40
13561,17744,8
13561,17761,23
13561,17762,1
13562,17494,6
13562,17496,1
13562,17498,2
13562,17509,1
13562,17527,6
13562,17528,10.5
13562,17529,7.5
13562,17531,15
13562,17537,3
13562,17595,3
13562,17606,4
13562,17617,11
13562,17618,33
13562,17619,15
13562,17620,16
13562,17659,3
13562,17661,2
13562,17662,3
13562,17671,2
13562,17677,3
13562,17680,2
13562,17684,1
13562,17702,3
13562,17714,18
13562,17715,72
13562,17716,23
13562,17724,8
13562,17738,7
13562,17739,20
13562,17742,7
13562,17743,9
13562,17744,18
13562,17745,6
13562,17761,22.5
13562,17762,13.5
13563,17491,1
13563,17494,2
13563,17503,6
13563,17509,1
13563,17536,3
13563,17617,3
13563,17618,2
13563,17620,8
13563,17631,9
13563,17632,2
13563,17647,1
13563,17653,2
13563,17662,2
13563,17665,9
13563,17709,2
13563,17715,55.5
13563,17716,30
13563,17717,44
13563,17718,36
13563,17724,13
13563,17725,9
13563,17726,4
13563,17738,27
13563,17739,11
13563,17740,2
13563,17744,16
13563,17745,47
13563,17746,7
13564,17501,4
13564,17507,4
13564,17536,4
13564,17614,4
13564,17618,2
13564,17622,4
13564,17625,2
13564,17645,4
13564,17646,2
13564,17659,3
13564,17681,5
13564,17695,2
13564,17704,13
13564,17711,4
13564,17714,2
13564,17715,7.5
13564,17716,69
13564,17717,56
13564,17718,38
13564,17723,3
13564,17724,2
13564,17725,3
13564,17738,2
13564,17744,47.5
13564,17745,80
13564,17746,28
13564,17753,6
13564,17754,13
13564,17755,5
13565,17501,2
13565,17503,1
13565,17511,7
13565,17522,2
13565,17617,6
13565,17652,3
13565,17662,1
13565,17663,3
13565,17677,1
13565,17696,2
13565,17703,4
13565,17704,7
13565,17713,3
13565,17714,12
13565,17715,30
13565,17716,58.5
13565,17717,58
13565,17718,36
13565,17720,4
13565,17743,9
13565,17744,55
13565,17745,46
13565,17746,39
13565,17747,2
13565,17753,4
13565,17754,4
13565,17755,2
13565,17760,2
13566,17519,2
13566,17596,5
13566,17598,2
13566,17617,5
13566,17621,7
13566,17659,3
13566,17676,6
13566,17677,10
13566,17713,17
13566,17714,4
13566,17715,2
13566,17716,54
13566,17717,67
13566,17718,24.5
13566,17719,2
13566,17720,5
13566,17728,2
13566,17729,2
13566,17743,16
13566,17744,26
13566,17745,18
13566,17746,37
13566,17747,13
13566,17775,5
13567,17517,8
13567,17519,4
13567,17601,5
13567,17607,2
13567,17608,7
13567,17613,2
13567,17630,5
13567,17631,4
13567,17636,2
13567,17676,6
13567,17677,8
13567,17682,6
13567,17688,8
13567,17690,2
13567,17713,14
13567,17714,16
13567,17715,1
13567,17716,17
13567,17717,22
13567,17718,22
13567,17727,2
13567,17728,12
13567,17729,6
13567,17730,3
13567,17744,2
13567,17745,23
13567,17746,38.5
13567,17747,32
13567,17760,16
13568,17516,5
13568,17604,4
13568,17605,1
13568,17622,6
13568,17623,4
13568,17629,8
13568,17631,3
13568,17654,3
13568,17676,20
13568,17677,10
13568,17678,9
13568,17679,11
13568,17681,9
13568,17682,30
13568,17683,2
13568,17687,6
13568,17688,5
13568,17701,3
13568,17714,7
13568,17715,16
13568,17716,5
13568,17717,2
13568,17729,44
13568,17730,14
13568,17748,2
13568,17759,27
13568,17760,43
13568,17761,4
13569,17516,6
13569,17521,3
13569,17522,7
13569,17618,3
13569,17621,4
13569,17628,47
13569,17629,24
13569,17630,3
13569,17648,6
13569,17654,2
13569,17656,3
13569,17675,9
13569,17676,7
13569,17677,1
13569,17678,9
13569,17679,31
13569,17680,31
13569,17681,38
13569,17682,27
13569,17686,9
13569,17687,1
13569,17697,2
13569,17707,1
13569,17714,11
13569,17715,14
13569,17716,2
13569,17717,3
13569,17728,5
13569,17729,2
13569,17730,17
13569,17759,11
13569,17760,55
13569,17761,9
13570,17601,1
13570,17622,2
13570,17623,31
13570,17624,3
13570,17625,3
13570,17626,10
13570,17627,16
13570,17628,22
13570,17633,2
13570,17636,4
13570,17637,1
13570,17648,1
13570,17660,2
13570,17661,2
13570,17675,6
13570,17678,17
13570,17679,3
13570,17680,7
13570,17681,21
13570,17682,42
13570,17683,37
13570,17684,40
13570,17685,2
13570,17693,3
13570,17714,13
13570,17715,11
13570,17730,3
13570,17747,3
13570,17760,9
13570,17761,8
13571,17616,5
13571,17618,2
13571,17622,27
13571,17623,36
13571,17624,13
13571,17625,8
13571,17626,11
13571,17628,2
13571,17642,3
13571,17660,6.5
13571,17661,5
13571,17669,7
13571,17675,4
13571,17678,4
13571,17682,25
13571,17683,21
13571,17684,9
13571,17703,11
13571,17719,2
13571,17720,3
13571,17740,8
13571,17741,27
13571,17742,4
13571,17744,4
13571,17745,3
13571,17760,1
13572,17622,14
13572,17623,15
13572,17642,4
13572,17646,3
13572,17670,18
13572,17671,7
13572,17684,5
13572,17703,3
13572,17720,5
13572,17722,2
13572,17741,12
13572,17742,24
13572,17744,3
13572,17745,30
13572,17746,2
13572,17760,2
13573,17602,2
13573,17623,2
13573,17624,7
13573,17647,2
13573,17650,3
13573,17653,15
13573,17654,8
13573,17661,2
13573,17665,2
13573,17667,5
13573,17668,9
13573,17669,6
13573,17671,6
13573,17683,4
13573,17704,6
13573,17705,21
13573,17706,3
13573,17718,3
13573,17720,4
13573,17721,7
13573,17742,2
13573,17744,3
13573,17745,26.5
13573,17746,2
13574,17622,4
13574,17626,10
13574,17636,2
13574,17639,3
13574,17647,16
13574,17649,1
13574,17650,4
13574,17653,4
13574,17667,1
13574,17675,2
13574,17678,2
13574,17679,1
13574,17682,2
13574,17683,11
13574,17689,4
13574,17693,3
13574,17699,4
13574,17700,2
13574,17705,3
13574,17706,7
13574,17718,15
13574,17719,26
13574,17721,1
13574,17722,2
13574,17745,4
13574,17746,2
13575,17621,2
13575,17622,5
13575,17626,2
13575,17631,3
13575,17640,9
13575,17643,2
13575,17646,2
13575,17659,2
13575,17662,3
13575,17678,1
13575,17680,4
13575,17683,1
13575,17690,2
13575,17691,5
13575,17692,3
13575,17695,5
13575,17699,14.5
13575,17700,28
13575,17706,12
13575,17718,18
13575,17719,10
13575,17720,14
13575,17721,4
13575,17732,1
13576,17618,4
13576,17621,8
13576,17623,8
13576,17624,8
13576,17631,2
13576,17639,1
13576,17640,6
13576,17641,2
13576,17679,4
13576,17682,2
13576,17684,5
13576,17691,1
13576,17695,4
13576,17699,15
13576,17718,7
13576,17719,14
13576,17720,23
13576,17722,2
13577,17616,1
13577,17633,5
13577,17634,2
13577,17640,2
13577,17653,2
13577,17655,2
13577,17684,2
13577,17705,1
13577,17718,2
13578,17634,7
13578,17650,6
13578,17651,3
13578,17654,26
13578,17655,43
13578,17656,3
13578,17685,3
13578,17686,5
13578,17703,16
13578,17704,7
13578,17710,1
13578,17711,2
13578,17712,6
13578,17716,1
13578,17742,2
13579,17623,3
13579,17626,4
13579,17654,4
13579,17655,24
13579,17656,8
13579,17661,3
13579,17666,2
13579,17699,5
13579,17732,4
13579,17733,24
13579,17734,10
13579,17735,14
13579,17736,3
13579,17744,9
13580,17620,2
13580,17622,2
13580,17634,2
13580,17636,3
13580,17658,6
13580,17659,1
13580,17733,2
13580,17734,30
13580,17735,15
13580,17736,1
13580,17740,2
13580,17742,10
13580,17743,9
13580,17744,40
13580,17745,6
13580,17747,2
13580,17755,5
13580,17756,31.5
13581,17619,1
13581,17633,5
13581,17636,7
13581,17650,2
13581,17662,2
13581,17663,2
13581,17675,3
13581,17676,7
13581,17677,15
13581,17678,3
13581,17692,2
13581,17699,12
13581,17734,3
13581,17735,2
13581,17741,10
13581,17742,36
13581,17743,41
13581,17744,37
13581,17745,11
13581,17747,4
13581,17748,8
13581,17755,3
13581,17757,1
13582,17628,1
13582,17650,2
13582,17669,1
13582,17675,19
13582,17676,7
13582,17682,3
13582,17701,1
13582,17702,5
13582,17711,13
13582,17712,3
13582,17713,8
13582,17716,30
13582,17729,2
13582,17734,21
13582,17735,5
13582,17736,2
13582,17743,19
13582,17744,18
13582,17745,9
13582,17746,21
13582,17747,27.5
13582,17748,18
13583,17627,1
13583,17662,2
13583,17667,7
13583,17671,2
13583,17674,13
13583,17675,39
13583,17676,33.5
13583,17681,6
13583,17693,9
13583,17700,24.5
13583,17702,1
13583,17713,28
13583,17714,56
13583,17715,18
13583,17716,19
13583,17732,5
13583,17738,7
13583,17739,13
13583,17749,5
13583,17756,5
13583,17757,3
13583,17758,5
13584,17607,3
13584,17608,7
13584,17611,1
13584,17628,2
13584,17645,4
13584,17675,7
13584,17676,18
13584,17700,4
13584,17705,11
13584,17706,3
13584,17709,2
13584,17710,7.5
13584,17711,10
13584,17712,2
13584,17713,39.5
13584,17714,57.5
13584,17715,63
13584,17716,3
13584,17739,6
13584,17749,2
13585,17608,2
13585,17613,2
13585,17628,3
13585,17700,25
13585,17701,2
13585,17702,2
13585,17704,10
13585,17705,4
13585,17707,10
13585,17709,9.5
13585,17710,14
13585,17711,13
13585,17712,9
13585,17713,2
13585,17714,4
13585,17715,20
13585,17716,23
13585,17717,9
13586,17642,3
13586,17676,4
13586,17687,8
13586,17692,2
13586,17695,1
13586,17698,2
13586,17701,6
13586,17702,7
13586,17709,21
13586,17710,38
13586,17711,6
13586,17713,21
13586,17717,4
13586,17718,19
13586,17719,2
13586,17738,1
13586,17742,2
13587,17613,7
13587,17616,2
13587,17627,6
13587,17628,8
13587,17629,2
13587,17630,1
13587,17660,1
13587,17692,8
13587,17693,2
13587,17702,6
13587,17709,6
13587,17710,10.5
13587,17718,3
13587,17719,13
13587,17720,2
13587,17728,2
13587,17748,5
13587,17749,20
13587,17750,10
13587,17751,22
13587,17763,6
13588,17608,4
13588,17616,4
13588,17626,2
13588,17627,1
13588,17672,4
13588,17685,5
13588,17687,4
13588,17720,7
13588,17728,1
13588,17742,2
13588,17750,31
13588,17751,36
13588,17752,14
13588,17762,1
13589,17672,9
13589,17673,1
13589,17680,4
13589,17687,6.5
13589,17710,4
13589,17711,23
13589,17712,8
13589,17719,4
13589,17720,9
13589,17726,9
13589,17747,5
13589,17749,5
13589,17750,21
13589,17751,43
13589,17752,15
13590,17610,2
13590,17627,1
13590,17680,1
13590,17703,1
13590,17704,1
13590,17707,1
13590,17713,3
13590,17714,3
13590,17715,3
13590,17722,1
13590,17723,13
13590,17724,9
13590,17725,2
13590,17726,5
13590,17745,2
13590,17748,7
13590,17749,15
13590,17750,46
13590,17751,19
13590,17752,11
13591,17610,14
13591,17627,3
13591,17630,3
13591,17640,1
13591,17673,1
13591,17685,4
13591,17686,5
13591,17687,1
13591,17707,3
13591,17724,1
13591,17725,10
13591,17726,2
13591,17751,2
13591,17752,8
13592,17614,4
13592,17635,1
13592,17686,5
13592,17687,4
13592,17689,7
13592,17704,2
13592,17723,4
13592,17724,18
13592,17725,10
13593,17635,4
13593,17636,1
13593,17637,3
13593,17679,8
13593,17686,4
13593,17706,8
13594,17631,3
13594,17641,1
13594,17642,1
13594,17672,5
13594,17673,2
13594,17674,8
13595,17623,2
13595,17624,5
13595,17626,3
13595,17632,8
13595,17670,2
13595,17671,1
13595,17675,2
13595,17705,1.5
13595,17750,6
13595,17751,9
13595,17752,6
13596,17625,8
13596,17626,12
13596,17627,3
13596,17711,3
13596,17712,1
13596,17718,12
13596,17719,10
13596,17720,1
13597,17634,2
13597,17711,4
13598,17633,2
13598,17721,2
