n,e,ind
11685,18067,2
11685,18068,4
11687,18074,5
11688,18065,3
11688,18076,2
11688,18077,2
11688,18079,1
11688,18080,8
11689,18076,2
11689,18080,4
11689,18081,1
11689,18088,4
11690,18071,7
11690,18072,4
11690,18075,6
11690,18088,6
11691,18075,4
11691,18076,3
11691,18079,2
11691,18091,1
11692,18078,2
11692,18083,7
11693,18074,1
11693,18077,2
11693,18080,2
11693,18082,2
11693,18083,2
11693,18086,7.5
11693,18092,4
11694,18076,4
11694,18078,3
11694,18080,6.5
11694,18090,8
11694,18091,1
11695,18084,10
11696,18078,4
11696,18084,3
11697,18069,3
11697,18070,4.5
11697,18077,2
11697,18084,1
11697,18087,6
11697,18090,3
11697,18100,8
11697,18101,6
11697,18103,8
11698,18073,4
11698,18077,6
11698,18078,2
11698,18079,1
11698,18083,5
11698,18084,4
11698,18102,10
11699,18067,2
11699,18074,2
11699,18077,2
11699,18084,9
11699,18085,5
11699,18102,4
11699,18111,4
11699,18112,7
11700,18063,1
11700,18064,2
11700,18065,4
11700,18073,9
11700,18088,1
11700,18102,7
11700,18112,2
11700,18113,4
11700,18114,7
11700,18118,30.5
11700,18119,22
11701,18059,3
11701,18063,3
11701,18064,4
11701,18065,1
11701,18068,28
11701,18069,10
11701,18070,10
11701,18071,6
11701,18072,16
11701,18073,14
11701,18074,2
11701,18077,3
11701,18078,1
11701,18079,5
11701,18086,3
11701,18088,2.5
11701,18089,3
11701,18102,7
11701,18107,3
11701,18114,16
11701,18115,8
11701,18116,25
11701,18117,23
11701,18118,23
11701,18119,17
11702,18059,3
11702,18060,5
11702,18061,4
11702,18062,6
11702,18063,3
11702,18064,1
11702,18067,3
11702,18068,39
11702,18069,87
11702,18070,25
11702,18071,66
11702,18072,44
11702,18073,39
11702,18076,3
11702,18077,2
11702,18081,2
11702,18082,9
11702,18101,2
11702,18107,11
11702,18110,4
11702,18113,2
11702,18115,3
11702,18116,21
11702,18117,49
11702,18118,9.5
11703,18059,2
11703,18068,74
11703,18069,30
11703,18070,109.5
11703,18071,24.5
11703,18072,99.5
11703,18073,17
11703,18075,1.5
11703,18078,2
11703,18082,9
11703,18083,2
11703,18101,4
11703,18107,5
11703,18110,11
11703,18112,2
11703,18113,2
11703,18116,31
11703,18117,35
11703,18118,20
11704,18068,79.5
11704,18069,30
11704,18070,54
11704,18071,42
11704,18072,79.5
11704,18073,7.5
11704,18075,7
11704,18076,6.5
11704,18077,18
11704,18079,2
11704,18084,4
11704,18085,2
11704,18099,3
11704,18101,4
11704,18107,2
11704,18110,9
11704,18111,3
11704,18112,8
11704,18114,16
11704,18115,10
11704,18116,14
11704,18117,29
11704,18118,23
11705,18061,3
11705,18068,7
11705,18069,16
11705,18070,8
11705,18071,2
11705,18075,4
11705,18076,7
11705,18077,36
11705,18078,15
11705,18080,1
11705,18083,3
11705,18086,4
11705,18099,2
11705,18100,1
11705,18101,14
11705,18102,2
11705,18107,4
11705,18108,43
11705,18109,13
11705,18111,26.5
11705,18113,11
11705,18114,25
11705,18116,6
11705,18117,28
11705,18118,32
11705,18124,2
11706,17973,1
11706,18067,2
11706,18070,2
11706,18071,2
11706,18082,3
11706,18101,4
11706,18108,6
11706,18109,15
11706,18110,95.5
11706,18111,70.5
11706,18112,4
11706,18116,31
11706,18117,44.5
11706,18118,40.5
11706,18119,21.5
11706,18126,4
11706,18127,7
11707,17950,3
11707,17971,2
11707,17976,1
11707,18059,5
11707,18065,13
11707,18067,2
11707,18070,1
11707,18073,3
11707,18082,7
11707,18098,2
11707,18101,4
11707,18102,11.5
11707,18109,2
11707,18110,44
11707,18111,8
11707,18112,17
11707,18113,3
11707,18114,6
11707,18115,14
11707,18116,10
11707,18117,5
11707,18118,6.5
11707,18119,7.5
11707,18120,2
11707,18121,14
11707,18126,6
11707,18127,3
11708,17964,1
11708,18006,1
11708,18059,1
11708,18065,2
11708,18073,3
11708,18077,2
11708,18078,2
11708,18082,4.5
11708,18083,2
11708,18101,25
11708,18102,12.5
11708,18108,2
11708,18109,33
11708,18110,103
11708,18111,53.5
11708,18112,36
11708,18113,28
11708,18114,6
11708,18117,1
11708,18121,2
11708,18122,2
11709,17945,4
11709,17950,4
11709,17952,2
11709,17956,1
11709,17968,4
11709,18002,2
11709,18006,1
11709,18059,2
11709,18064,1
11709,18068,3
11709,18084,2
11709,18085,6
11709,18086,2
11709,18094,3
11709,18101,11
11709,18102,13
11709,18103,38
11709,18104,4
11709,18107,8.5
11709,18108,27
11709,18109,33
11709,18110,27
11709,18111,25
11709,18112,6.5
11709,18113,4
11709,18114,3
11709,18118,5
11709,18119,15
11709,18122,4
11709,18123,5
11710,17945,4
11710,17956,2
11710,17976,2
11710,18007,2
11710,18032,3
11710,18033,3
11710,18050,2
11710,18052,3
11710,18053,5
11710,18056,4
11710,18061,3
11710,18064,2
11710,18072,2
11710,18082,4
11710,18084,4
11710,18094,3
11710,18100,6
11710,18101,12
11710,18102,29
11710,18103,102
11710,18104,70
11710,18105,40
11710,18106,83.5
11710,18107,8
11710,18108,27
11710,18109,11
11710,18111,7
11710,18112,5
11710,18115,5
11710,18116,6
11710,18118,8
11710,18119,13
11710,18120,4
11710,18121,2
11711,17946,3
11711,17961,3
11711,17968,2
11711,17972,1
11711,17976,4
11711,17979,3
11711,17980,2
11711,18049,1
11711,18056,2
11711,18060,5
11711,18065,2
11711,18067,4
11711,18069,2
11711,18074,2
11711,18075,2
11711,18078,1
11711,18085,3
11711,18094,6
11711,18095,2
11711,18097,4
11711,18098,3
11711,18099,2
11711,18100,2
11711,18101,47
11711,18102,60
11711,18103,20.5
11711,18104,49
11711,18105,23
11711,18106,19
11711,18108,33
11711,18109,6
11711,18111,12
11711,18112,3
11711,18120,1
11712,17944,4
11712,17948,2
11712,17954,2
11712,17955,3
11712,17956,4
11712,17971,2
11712,17973,6
11712,18008,1
11712,18028,2
11712,18029,11
11712,18038,1
11712,18055,3
11712,18065,2
11712,18066,1
11712,18073,1
11712,18094,1
11712,18095,1
11712,18096,2
11712,18097,4
11712,18101,7
11712,18102,50
11712,18103,46
11712,18104,105
11712,18105,139
11712,18106,4
11712,18107,1
11712,18108,36
11712,18109,43
11712,18110,2
11712,18111,12
11712,18112,2
11712,18125,1
11713,17945,3
11713,17956,3
11713,17960,3
11713,17966,2
11713,17974,3
11713,17995,2
11713,17997,5
11713,18009,3
11713,18026,4
11713,18027,1
11713,18028,8
11713,18029,8
11713,18030,1
11713,18038,11
11713,18041,8
11713,18067,8
11713,18081,2.5
11713,18098,6
11713,18102,26
11713,18103,53.5
11713,18104,161.5
11713,18105,236.5
11713,18106,40
11713,18107,2
11713,18108,20
11713,18109,20
11713,18110,39
11713,18111,8
11713,18113,15
11713,18114,4
11713,18123,1
11713,18124,2
11714,17950,11
11714,17959,2
11714,17965,5
11714,17971,2
11714,17972,16
11714,17973,16
11714,17975,2.5
11714,17979,2
11714,17993,1
11714,17995,1
11714,17997,11
11714,18007,1
11714,18008,5
11714,18024,4
11714,18025,1
11714,18028,8
11714,18032,6
11714,18038,2
11714,18039,2
11714,18057,3
11714,18058,3
11714,18061,1
11714,18069,10
11714,18070,27
11714,18071,2
11714,18082,4
11714,18084,6
11714,18102,13
11714,18103,67.5
11714,18104,183.5
11714,18105,108.5
11714,18106,18
11714,18107,67
11714,18108,53
11714,18109,20.5
11714,18110,17
11714,18111,14.5
11714,18113,12
11714,18118,9
11714,18119,3
11714,18120,10
11714,18124,6
11714,18129,3
11715,17946,2
11715,17947,1
11715,17948,1
11715,17950,3
11715,17955,1
11715,17970,3
11715,17971,9
11715,17972,13
11715,17973,6
11715,17978,1
11715,17983,4.5
11715,17984,1
11715,17994,2
11715,18024,2
11715,18025,5
11715,18033,3
11715,18057,4.5
11715,18058,4
11715,18068,1
11715,18069,12
11715,18070,34
11715,18081,3
11715,18084,5
11715,18090,2
11715,18094,1
11715,18100,13.5
11715,18101,70
11715,18102,88.5
11715,18103,130.5
11715,18104,91
11715,18105,92
11715,18106,9
11715,18107,3
11715,18108,8
11715,18109,6
11715,18110,7
11715,18111,11.5
11715,18113,2
11715,18124,5
11715,18129,4
11716,17949,2
11716,17952,2
11716,17957,1
11716,17958,5
11716,17964,2
11716,17968,2
11716,17972,2
11716,17973,2
11716,17979,2
11716,17988,2
11716,17992,5
11716,18001,2
11716,18002,4
11716,18006,1
11716,18012,1
11716,18014,1.5
11716,18021,3.5
11716,18023,1
11716,18034,2
11716,18039,1
11716,18040,3
11716,18057,2
11716,18066,39
11716,18067,14
11716,18070,2
11716,18073,4
11716,18084,5
11716,18093,4
11716,18096,4
11716,18100,39.5
11716,18101,61
11716,18102,42
11716,18103,38.5
11716,18104,16.5
11716,18105,12
11716,18106,2
11716,18108,2
11717,17947,1
11717,17954,2
11717,17957,4
11717,17958,1
11717,17963,3
11717,17967,1
11717,17973,2
11717,17987,2
11717,17991,2
11717,17998,3
11717,18000,1
11717,18008,6
11717,18009,1
11717,18010,1
11717,18027,1
11717,18034,2
11717,18035,2
11717,18047,2
11717,18048,2
11717,18049,28.5
11717,18052,3
11717,18066,15.5
11717,18067,19
11717,18078,3
11717,18098,3
11717,18101,51
11717,18102,62.5
11717,18103,14.5
11717,18104,47
11717,18105,6.5
11717,18107,2
11717,18126,13
11718,17951,2
11718,17965,2
11718,17979,1
11718,17988,4
11718,18000,3
11718,18021,3
11718,18022,3
11718,18032,13
11718,18033,32
11718,18034,7
11718,18035,3
11718,18040,2
11718,18049,21
11718,18055,2
11718,18058,6
11718,18059,2
11718,18061,1
11718,18065,10
11718,18066,50
11718,18067,27
11718,18068,2
11718,18072,2
11718,18076,1
11718,18083,2
11718,18091,5
11718,18099,2
11718,18101,21
11718,18102,69.5
11718,18103,162
11718,18104,35
11718,18107,7
11718,18108,1
11719,17945,2
11719,17951,2
11719,17953,2
11719,17961,1
11719,17972,1
11719,17976,2
11719,17977,2
11719,17982,2
11719,17989,6
11719,17994,2
11719,18023,4
11719,18025,3
11719,18026,2
11719,18032,8
11719,18033,2
11719,18058,1
11719,18064,11
11719,18065,3
11719,18066,39
11719,18067,52
11719,18077,4
11719,18084,4
11719,18098,1
11719,18100,1
11719,18102,36.5
11719,18103,73.5
11719,18104,4
11719,18107,7
11720,17948,1
11720,17956,1
11720,17960,2
11720,17965,2
11720,17982,2
11720,17989,6
11720,17990,5
11720,17993,2
11720,18001,4
11720,18002,4
11720,18013,2
11720,18015,3
11720,18031,1
11720,18032,4
11720,18033,20
11720,18048,3
11720,18062,2
11720,18067,4
11720,18068,16.5
11720,18073,5
11720,18074,2
11720,18075,6
11720,18082,5
11720,18085,3
11720,18098,9
11720,18099,1
11720,18100,6
11720,18106,3
11721,17951,6
11721,17952,19
11721,17953,2
11721,17959,3
11721,17963,4
11721,17968,1.5
11721,17976,3
11721,17980,2
11721,18003,2
11721,18004,3
11721,18017,2
11721,18020,1
11721,18028,2
11721,18029,2
11721,18033,3
11721,18034,1
11721,18037,2.5
11721,18052,3
11721,18053,2
11721,18062,6
11721,18063,2
11721,18065,6
11721,18067,6
11721,18083,3
11721,18085,4
11721,18094,2
11721,18106,3
11722,17950,1
11722,17958,4
11722,17965,3
11722,17967,1
11722,17970,8
11722,17975,5
11722,17978,1
11722,18018,1
11722,18020,4.5
11722,18025,4
11722,18027,3
11722,18028,4
11722,18036,2
11722,18037,4
11722,18038,4
11722,18042,2
11722,18046,1
11722,18050,1
11722,18051,2
11722,18066,3
11722,18076,2
11722,18080,3
11722,18083,1
11722,18084,9
11722,18085,18.5
11722,18102,2
11722,18103,2
11723,17954,1
11723,17956,2
11723,17965,2
11723,17972,2
11723,17973,4
11723,17986,4
11723,17996,4
11723,18000,4
11723,18003,3
11723,18018,2
11723,18028,5
11723,18030,4
11723,18035,4
11723,18036,1
11723,18039,5
11723,18044,1
11723,18046,2
11723,18050,9
11723,18051,5
11723,18054,3
11723,18064,2
11723,18066,6
11723,18072,2
11723,18078,8
11723,18083,12
11723,18085,3
11723,18104,1.5
11723,18107,2
11724,17964,2
11724,17975,4
11724,17976,3
11724,17986,3
11724,18009,7
11724,18016,1
11724,18021,4
11724,18027,3
11724,18029,6
11724,18035,3
11724,18036,1
11724,18042,5
11724,18048,3
11724,18049,2
11724,18051,5
11724,18056,2
11724,18063,4
11724,18078,4
11724,18079,16
11724,18080,11
11724,18081,47
11724,18082,121.5
11724,18083,19
11724,18084,81
11724,18085,24
11724,18101,3
11724,18104,19
11724,18105,3
11724,18106,4
11725,17952,2
11725,17954,2
11725,17969,3
11725,17979,3
11725,17982,2
11725,17989,3
11725,17994,5
11725,18000,3
11725,18001,1
11725,18017,2
11725,18022,1
11725,18023,3
11725,18032,2
11725,18034,2
11725,18035,3
11725,18039,3
11725,18045,2
11725,18048,2
11725,18050,9
11725,18051,22
11725,18056,4
11725,18057,1
11725,18058,39
11725,18059,11
11725,18064,3
11725,18068,5
11725,18078,2
11725,18079,25
11725,18080,1
11725,18081,1
11725,18082,64
11725,18083,85
11725,18084,58
11725,18097,2
11725,18101,3
11725,18103,5
11725,18104,1
11725,18105,9
11725,18106,7
11725,18107,3
11726,17961,1
11726,17965,4
11726,17970,4
11726,17984,1
11726,17990,2
11726,17998,4
11726,18001,2
11726,18004,4
11726,18006,2
11726,18024,4
11726,18032,2
11726,18034,2
11726,18035,1
11726,18036,3
11726,18044,2
11726,18049,3
11726,18051,5
11726,18053,4
11726,18058,13
11726,18064,3
11726,18065,5
11726,18066,8
11726,18069,13.5
11726,18074,7
11726,18075,8
11726,18077,1
11726,18078,18
11726,18079,28
11726,18080,45
11726,18081,4
11726,18082,285
11726,18083,44.5
11726,18084,72
11726,18096,4
11726,18101,13
11726,18102,6
11726,18104,52
11726,18105,9
11726,18125,3
11726,18126,4
11726,18130,2
11727,17956,2
11727,17957,3
11727,17958,1
11727,17968,9
11727,17969,43
11727,17978,2
11727,17981,1
11727,17992,1
11727,17993,1
11727,18003,2
11727,18004,1
11727,18008,6
11727,18013,1
11727,18025,2
11727,18027,1
11727,18032,1
11727,18033,13
11727,18034,3
11727,18045,4
11727,18046,6
11727,18051,2
11727,18058,3
11727,18064,3
11727,18065,19
11727,18067,2
11727,18072,2
11727,18074,32
11727,18075,33
11727,18076,14
11727,18077,3
11727,18078,8
11727,18079,22
11727,18080,58
11727,18081,89
11727,18082,41
11727,18083,101.5
11727,18084,25
11727,18086,5
11727,18087,2
11727,18089,6
11727,18103,24
11727,18104,62.5
11727,18106,14.5
11727,18107,12
11727,18108,9
11727,18110,8
11727,18112,10
11727,18119,2
11727,18120,3
11727,18121,4
11727,18123,4
11727,18124,1.5
11727,18125,6
11727,18126,5
11727,18128,10
11727,18130,3
11728,17960,3
11728,17968,1
11728,17969,13
11728,17970,2
11728,17980,4
11728,17993,2
11728,17994,1
11728,17995,1
11728,17998,6
11728,18033,4
11728,18034,14
11728,18038,2
11728,18039,1
11728,18040,4
11728,18045,3
11728,18050,5
11728,18057,3
11728,18058,2
11728,18070,4
11728,18073,3
11728,18074,7
11728,18075,24
11728,18076,28
11728,18077,36
11728,18078,51.5
11728,18079,141.5
11728,18080,135.5
11728,18081,82
11728,18082,85
11728,18083,125.5
11728,18084,6
11728,18085,1.5
11728,18086,5
11728,18087,2
11728,18094,2
11728,18096,2
11728,18097,4
11728,18098,10
11728,18099,4
11728,18102,4
11728,18103,39
11728,18104,63
11728,18105,2
11728,18106,11
11728,18107,23
11728,18108,28
11728,18109,34.5
11728,18110,7
11728,18111,12
11728,18112,15
11728,18118,6
11728,18123,2
11728,18124,32
11728,18125,12
11728,18126,32
11728,18128,20
11728,18129,29.5
11728,18130,12
11728,18131,4
11729,17961,8
11729,17962,12
11729,17967,2
11729,17969,11
11729,17970,4
11729,17974,5
11729,17984,1
11729,17993,2
11729,17994,18
11729,17995,17
11729,17996,4
11729,17997,10
11729,18017,5
11729,18028,1
11729,18034,17
11729,18035,37
11729,18036,4
11729,18037,3
11729,18038,3
11729,18040,2
11729,18047,1
11729,18053,2
11729,18055,4
11729,18058,2
11729,18060,1
11729,18062,4
11729,18071,3
11729,18074,2
11729,18076,22
11729,18077,32
11729,18078,88.5
11729,18079,125
11729,18080,114.5
11729,18081,93
11729,18082,178.5
11729,18083,103
11729,18087,20.5
11729,18094,8
11729,18095,2
11729,18096,9
11729,18097,21
11729,18098,46.5
11729,18102,3
11729,18103,23
11729,18104,2
11729,18105,3
11729,18106,5
11729,18108,2
11729,18109,9
11729,18110,16
11729,18111,44
11729,18112,14
11729,18123,7
11729,18124,39
11729,18125,25
11729,18126,23.5
11729,18128,44
11729,18129,46.5
11729,18130,21.5
11729,18131,34
11729,18132,10
11730,17957,5
11730,17962,3
11730,17964,2
11730,17970,2
11730,17971,4
11730,17977,1
11730,17978,2
11730,17987,2
11730,17994,1
11730,17995,27.5
11730,17996,40
11730,18011,2
11730,18024,6
11730,18027,4
11730,18028,3
11730,18029,3
11730,18034,30
11730,18035,44.5
11730,18036,12.5
11730,18054,6
11730,18055,3
11730,18062,1
11730,18075,7
11730,18076,9
11730,18077,106
11730,18078,107.5
11730,18079,47
11730,18080,31
11730,18081,127.5
11730,18082,201
11730,18083,4
11730,18093,2
11730,18095,4
11730,18096,36
11730,18097,59
11730,18098,33
11730,18103,2
11730,18105,6
11730,18106,3
11730,18107,2
11730,18110,23
11730,18111,26
11730,18112,22
11730,18113,17
11730,18118,4
11730,18119,1
11730,18123,8
11730,18124,10
11730,18125,22
11730,18126,5
11730,18128,1
11730,18129,16
11730,18130,21
11730,18131,6
11730,18160,2
11730,18161,5
11731,17958,3
11731,17963,9
11731,17964,2
11731,17981,1
11731,17986,2
11731,17996,20.5
11731,17997,10
11731,18028,3
11731,18029,8
11731,18031,4
11731,18033,2
11731,18035,3
11731,18036,8
11731,18047,1
11731,18052,3
11731,18059,4
11731,18072,13
11731,18073,3
11731,18075,2
11731,18076,29
11731,18077,22
11731,18078,38
11731,18079,64
11731,18080,40.5
11731,18081,105
11731,18082,32
11731,18086,9
11731,18087,17.5
11731,18095,6
11731,18096,18
11731,18097,103
11731,18098,6
11731,18100,1
11731,18102,5
11731,18105,2
11731,18106,2
11731,18108,4
11731,18109,1
11731,18110,7
11731,18111,2
11731,18119,1
11731,18120,2
11731,18124,13
11731,18125,19
11731,18126,8
11731,18130,23
11731,18131,11
11731,18161,1
11732,17961,5
11732,17962,2
11732,17963,2
11732,17966,4
11732,17971,2
11732,17980,3
11732,17996,5
11732,18033,7
11732,18036,1
11732,18044,6
11732,18063,4
11732,18068,1
11732,18069,3
11732,18070,2
11732,18071,6
11732,18072,20
11732,18073,2
11732,18074,6
11732,18075,4
11732,18076,38
11732,18077,14
11732,18078,3
11732,18080,16
11732,18081,36
11732,18082,5
11732,18089,17
11732,18090,29
11732,18091,8
11732,18092,1
11732,18095,20
11732,18096,50
11732,18097,99
11732,18098,4
11732,18105,9
11732,18106,7
11732,18109,14
11732,18122,2
11732,18123,1
11732,18124,10
11732,18156,4
11732,18158,8
11732,18162,7
11732,18163,14
11732,18165,4
11732,18167,4
11733,17969,2
11733,17976,4
11733,17979,3
11733,17988,1
11733,17989,6
11733,18027,2
11733,18037,2
11733,18038,13
11733,18042,2
11733,18051,2
11733,18062,2
11733,18065,6
11733,18068,2.5
11733,18069,4
11733,18070,2
11733,18071,3
11733,18074,4
11733,18080,20
11733,18090,4
11733,18092,2
11733,18094,22
11733,18095,25
11733,18096,42
11733,18097,148
11733,18098,7
11733,18105,4
11733,18106,1
11733,18109,2
11733,18122,2
11733,18123,4
11733,18125,6
11733,18162,6
11733,18163,29
11733,18164,1
11733,18165,1
11733,18166,10
11733,18167,1
11734,17953,2
11734,17956,2
11734,17960,4
11734,17961,2
11734,17966,2
11734,17968,2
11734,17971,7
11734,17975,2
11734,17986,1
11734,18018,12
11734,18022,1
11734,18033,5
11734,18038,7
11734,18039,7
11734,18040,15
11734,18041,11
11734,18042,2
11734,18043,6
11734,18054,3
11734,18056,5
11734,18058,4
11734,18059,2
11734,18068,9
11734,18071,2
11734,18072,4
11734,18073,2
11734,18074,14
11734,18075,15
11734,18077,9
11734,18078,14
11734,18079,7
11734,18080,13
11734,18088,3
11734,18094,2
11734,18095,47
11734,18096,41.5
11734,18097,45.5
11734,18098,58
11734,18101,9
11734,18121,1
11734,18156,2
11734,18158,4
11734,18159,5
11734,18160,2
11734,18163,7.5
11734,18164,18
11734,18167,5
11735,17962,2
11735,17971,2
11735,17973,2
11735,17976,1
11735,17981,2
11735,17986,6
11735,17999,4
11735,18002,2
11735,18007,1
11735,18016,3
11735,18032,2
11735,18035,4
11735,18036,3
11735,18037,1
11735,18048,2
11735,18049,4
11735,18061,3
11735,18063,2
11735,18064,1
11735,18065,7
11735,18071,1
11735,18072,4
11735,18074,2
11735,18075,9
11735,18078,11
11735,18080,4
11735,18087,2
11735,18088,1
11735,18089,7
11735,18094,2
11735,18095,66
11735,18096,30
11735,18097,27
11735,18098,25
11735,18099,20
11735,18100,2
11735,18101,22
11735,18106,2
11735,18110,3
11735,18114,1
11735,18123,12
11735,18124,3
11735,18159,3
11735,18163,7
11735,18164,14
11735,18165,7
11735,18166,9
11735,18167,2
11736,17950,2
11736,17957,5
11736,17969,2
11736,17974,2
11736,17995,4.5
11736,18001,2
11736,18003,2
11736,18011,1
11736,18014,1
11736,18021,1
11736,18029,7
11736,18031,2
11736,18032,4
11736,18033,2
11736,18037,4
11736,18053,5
11736,18059,1
11736,18070,1
11736,18072,6
11736,18076,2
11736,18077,9
11736,18086,11
11736,18087,12
11736,18089,1
11736,18090,2
11736,18094,21
11736,18095,69.5
11736,18099,5
11736,18100,4
11736,18101,15
11736,18111,2
11736,18122,1
11736,18123,6
11736,18127,1
11736,18160,7
11736,18161,3
11736,18162,2
11736,18164,3
11736,18165,27
11736,18166,1
11736,18171,9
11736,18172,13
11736,18173,3
11737,17951,4
11737,17954,1
11737,17956,3
11737,17957,2
11737,17969,2
11737,17970,4
11737,17973,3
11737,17981,2
11737,17989,1
11737,17992,4
11737,17995,3
11737,18000,2
11737,18003,3
11737,18007,1
11737,18008,1
11737,18010,3.5
11737,18020,8
11737,18021,18
11737,18022,9
11737,18037,2
11737,18039,2
11737,18040,1
11737,18044,7.5
11737,18045,2
11737,18046,2
11737,18053,4
11737,18054,2
11737,18055,5
11737,18057,1
11737,18058,14
11737,18059,12
11737,18060,23
11737,18061,2
11737,18063,2
11737,18068,3
11737,18070,2
11737,18071,1
11737,18073,2
11737,18086,5
11737,18094,11
11737,18095,5
11737,18100,9
11737,18101,39.5
11737,18102,17
11737,18115,3
11737,18120,1
11737,18121,4
11737,18128,3
11737,18159,5
11737,18160,9
11737,18161,6
11737,18162,2
11737,18163,4
11737,18164,11
11737,18165,10
11737,18166,3
11737,18167,3.5
11737,18169,1
11737,18170,8
11737,18171,13
11737,18172,5
11738,17951,4
11738,17952,3
11738,17958,6
11738,17965,2
11738,17968,2
11738,17971,3
11738,17982,5
11738,17992,2
11738,17994,2
11738,17995,4
11738,17996,2
11738,18005,2
11738,18012,2
11738,18021,3
11738,18022,3
11738,18023,5
11738,18040,9
11738,18054,7
11738,18056,4
11738,18058,20
11738,18059,23
11738,18060,8
11738,18061,2
11738,18066,3
11738,18075,5
11738,18085,3
11738,18086,1
11738,18087,4
11738,18088,1
11738,18093,3
11738,18094,11
11738,18098,2
11738,18100,32
11738,18101,32
11738,18102,21
11738,18103,3
11738,18116,33.5
11738,18117,4
11738,18120,2
11738,18125,2
11738,18126,4
11738,18128,1
11738,18129,11
11738,18159,2
11738,18160,4
11738,18161,22
11738,18162,3
11738,18163,12
11738,18164,12
11738,18165,5
11738,18166,5
11738,18167,4
11738,18168,10
11738,18169,11
11738,18170,14
11739,17951,10
11739,17952,2
11739,17956,1
11739,17986,6
11739,18002,4
11739,18007,2
11739,18015,2
11739,18020,3
11739,18025,1
11739,18026,4
11739,18030,3
11739,18040,2
11739,18043,1
11739,18052,2
11739,18053,2
11739,18059,5
11739,18061,9
11739,18085,3
11739,18092,2
11739,18093,8
11739,18094,6
11739,18095,2
11739,18099,2
11739,18100,21.5
11739,18101,32
11739,18102,15.5
11739,18103,14.5
11739,18113,2
11739,18116,4
11739,18119,1
11739,18129,6
11739,18162,5
11739,18163,51.5
11739,18164,35
11739,18165,1
11739,18166,18
11739,18167,43
11739,18168,16
11740,17948,2
11740,17949,2
11740,17951,7
11740,17952,17
11740,17954,2
11740,17956,4
11740,17967,1
11740,17968,2
11740,17981,4
11740,17985,4
11740,17986,3
11740,18011,2
11740,18013,2
11740,18023,1
11740,18028,2
11740,18029,13
11740,18034,2
11740,18047,2
11740,18048,3
11740,18063,2
11740,18066,2
11740,18077,2
11740,18083,3
11740,18084,4
11740,18092,16
11740,18093,15.5
11740,18100,13
11740,18101,7
11740,18102,5
11740,18104,3
11740,18105,4
11740,18117,2
11740,18126,4
11740,18127,2
11740,18128,4
11740,18140,7
11740,18141,8
11740,18142,6
11740,18154,7
11740,18156,2
11740,18159,3
11740,18163,31.5
11740,18164,22
11740,18165,16
11740,18166,20
11740,18167,5
11740,18168,1
11740,18169,4
11740,18191,6
11741,17947,4
11741,17948,2
11741,17949,2
11741,17950,2
11741,17952,9
11741,17957,2
11741,17961,3
11741,17962,11.5
11741,17967,5
11741,17968,2
11741,17975,4
11741,17978,1
11741,17983,2
11741,17990,2
11741,17995,4
11741,17997,2
11741,18008,2
11741,18025,4
11741,18026,2
11741,18028,3
11741,18029,55
11741,18030,22
11741,18049,2
11741,18054,1
11741,18055,2
11741,18057,2
11741,18062,5
11741,18065,1
11741,18067,2
11741,18091,8
11741,18092,22
11741,18094,6
11741,18100,9
11741,18105,35
11741,18106,7.5
11741,18111,5
11741,18124,11
11741,18125,6
11741,18127,5
11741,18129,10
11741,18130,5
11741,18138,10
11741,18139,3
11741,18140,35
11741,18141,36
11741,18142,22
11741,18145,6
11741,18157,3
11741,18158,5
11741,18159,8
11741,18160,9
11741,18161,3
11741,18162,21
11741,18163,28
11741,18164,7
11741,18165,103
11741,18166,39
11741,18167,18
11742,17947,1
11742,17954,1
11742,17962,22
11742,17963,9
11742,17964,1
11742,17969,2
11742,17984,1
11742,17992,2
11742,18003,4
11742,18006,1
11742,18008,1
11742,18018,4.5
11742,18025,1
11742,18026,2
11742,18027,16
11742,18028,22
11742,18047,2
11742,18055,1
11742,18068,5
11742,18074,1
11742,18089,1
11742,18091,67.5
11742,18092,72.5
11742,18093,9
11742,18105,24
11742,18107,2
11742,18112,2
11742,18123,5
11742,18124,21
11742,18129,1
11742,18131,1
11742,18139,1
11742,18140,26
11742,18141,7
11742,18142,11
11742,18150,7
11742,18158,3
11742,18162,12
11742,18164,15
11742,18165,21
11742,18166,35
11742,18167,102
11742,18188,2
11742,18189,2
11743,17955,2
11743,17963,10
11743,17964,26
11743,17965,4
11743,17971,2
11743,17975,2
11743,17982,5
11743,17989,2
11743,18003,2
11743,18022,2
11743,18025,3
11743,18027,7
11743,18028,22
11743,18031,2
11743,18032,3
11743,18047,1
11743,18070,5
11743,18082,3
11743,18083,2
11743,18089,2
11743,18090,28
11743,18091,44
11743,18092,59
11743,18102,4
11743,18106,1
11743,18107,3
11743,18116,4
11743,18117,7
11743,18118,2
11743,18119,20
11743,18123,22
11743,18124,11
11743,18128,4
11743,18142,4
11743,18143,7
11743,18150,4
11743,18151,6
11743,18152,4
11743,18155,4
11743,18159,5
11743,18161,5
11743,18162,1
11743,18164,6
11743,18166,1.5
11743,18167,8
11743,18168,5
11743,18177,3
11743,18189,13
11743,18190,9.5
11743,18191,10.5
11743,18192,15
11743,18193,3
11744,17958,6
11744,17963,4
11744,17964,7
11744,17965,12.5
11744,17966,1
11744,17967,1
11744,17971,2
11744,17975,3
11744,17982,4
11744,17996,3
11744,17998,4
11744,18008,3
11744,18010,3
11744,18017,2
11744,18019,1
11744,18028,4
11744,18035,3
11744,18036,3
11744,18054,2
11744,18058,3
11744,18061,1
11744,18071,5
11744,18090,48
11744,18091,95
11744,18092,27
11744,18093,27
11744,18094,7
11744,18095,3
11744,18099,2
11744,18100,7
11744,18102,16
11744,18103,18
11744,18104,17.5
11744,18105,3
11744,18106,2
11744,18107,1
11744,18109,2
11744,18111,3
11744,18119,22
11744,18120,9
11744,18123,12
11744,18124,17
11744,18131,1
11744,18139,7
11744,18145,3
11744,18150,1
11744,18152,34.5
11744,18153,7
11744,18155,6
11744,18160,2
11744,18162,3
11744,18164,4
11744,18167,6
11744,18168,5
11744,18169,3
11744,18188,2
11744,18189,18.5
11744,18190,28
11744,18191,11
11745,17964,21
11745,17965,10
11745,17974,3
11745,17976,2
11745,17985,3
11745,17992,3
11745,18002,1
11745,18007,2
11745,18014,9
11745,18015,1
11745,18021,2
11745,18038,2
11745,18051,5
11745,18053,3
11745,18055,3
11745,18058,6
11745,18065,2
11745,18079,2
11745,18082,11
11745,18089,8
11745,18090,43
11745,18091,90.5
11745,18092,1
11745,18093,1
11745,18094,6
11745,18095,4
11745,18096,4
11745,18098,5.5
11745,18100,13
11745,18101,36
11745,18102,17.5
11745,18103,4
11745,18104,4
11745,18109,1
11745,18115,9
11745,18116,1
11745,18119,6
11745,18120,18
11745,18123,11
11745,18124,15
11745,18126,7
11745,18127,10
11745,18128,2
11745,18131,4
11745,18133,4
11745,18145,4
11745,18150,4
11745,18151,4
11745,18152,20.5
11745,18153,41
11745,18154,9
11745,18159,4
11745,18160,10
11745,18162,1
11745,18163,1
11745,18165,2
11745,18167,8
11745,18168,2
11745,18169,16
11745,18186,2
11745,18187,5.5
11745,18188,7
11745,18189,66.5
11745,18190,3
11745,18197,1
11746,17966,6
11746,17971,4
11746,17974,6
11746,17976,10
11746,17981,1
11746,17988,2
11746,17996,2
11746,18003,1
11746,18005,2
11746,18008,2
11746,18015,6
11746,18016,4
11746,18022,2
11746,18023,2
11746,18029,2
11746,18030,5
11746,18047,5
11746,18048,3
11746,18049,3
11746,18057,2
11746,18065,4
11746,18070,14
11746,18078,3
11746,18079,3
11746,18082,6
11746,18088,4
11746,18089,59
11746,18090,79.5
11746,18091,16
11746,18095,5
11746,18098,4
11746,18100,1
11746,18101,44
11746,18109,1
11746,18112,3
11746,18114,4
11746,18115,4.5
11746,18120,8
11746,18121,13
11746,18123,8.5
11746,18124,2
11746,18125,17.5
11746,18126,34
11746,18127,16
11746,18129,2
11746,18141,6
11746,18145,3
11746,18153,21
11746,18154,36
11746,18158,5
11746,18159,9
11746,18166,3
11746,18167,4
11746,18169,2
11746,18170,19
11746,18173,3
11746,18174,6
11746,18184,2
11746,18186,5
11746,18187,15
11746,18188,15.5
11746,18197,9
11747,17953,2
11747,17962,3
11747,17965,2
11747,17974,6
11747,17975,7
11747,17976,6
11747,17985,1
11747,17992,3
11747,17993,1
11747,17994,2
11747,17996,2
11747,18000,1
11747,18007,4
11747,18011,2
11747,18031,3
11747,18034,2
11747,18038,5
11747,18050,5
11747,18052,2
11747,18053,1
11747,18054,2
11747,18063,2
11747,18068,13
11747,18078,3
11747,18088,12
11747,18089,57
11747,18090,56
11747,18099,1
11747,18100,7
11747,18101,24
11747,18102,13
11747,18112,1
11747,18113,3
11747,18114,3
11747,18115,3
11747,18116,6
11747,18117,3
11747,18118,1
11747,18120,26
11747,18121,12
11747,18122,3.5
11747,18123,17
11747,18124,2
11747,18125,13
11747,18126,9
11747,18129,12
11747,18133,1
11747,18137,2
11747,18148,1
11747,18149,3
11747,18154,25.5
11747,18155,11
11747,18156,5
11747,18157,4
11747,18158,2
11747,18159,3
11747,18170,3
11747,18171,10
11747,18177,4
11747,18180,5
11747,18185,4
11747,18186,2
11747,18187,11
11747,18195,2
11747,18196,7.5
11747,18197,14
11748,17954,3
11748,17959,5
11748,17961,1
11748,17963,1
11748,17964,1
11748,17976,4
11748,17984,3
11748,17987,3
11748,17991,1
11748,17999,2
11748,18001,4
11748,18016,3
11748,18025,2
11748,18027,2
11748,18029,4
11748,18040,3
11748,18042,3
11748,18056,2
11748,18063,12.5
11748,18064,8
11748,18065,1
11748,18066,2
11748,18068,2
11748,18078,1
11748,18079,7
11748,18089,3
11748,18100,4
11748,18101,29
11748,18114,11
11748,18115,3
11748,18118,8
11748,18119,53
11748,18120,75
11748,18121,39
11748,18122,12.5
11748,18123,4.5
11748,18129,5
11748,18133,4
11748,18136,2
11748,18137,7.5
11748,18149,6
11748,18150,8
11748,18154,1
11748,18155,18
11748,18156,15
11748,18158,3
11748,18167,8
11748,18170,2
11748,18171,3
11748,18172,9
11748,18175,2
11748,18176,2
11748,18185,3
11748,18187,7
11748,18191,11
11748,18192,3
11748,18196,17
11748,18197,7
11749,17957,2
11749,17968,3
11749,17969,1
11749,17977,3
11749,17993,1
11749,17996,4
11749,18006,4
11749,18007,2
11749,18008,2
11749,18026,2
11749,18039,4
11749,18040,6
11749,18057,3
11749,18063,3
11749,18064,8
11749,18065,6
11749,18068,4
11749,18086,3
11749,18100,35
11749,18101,14
11749,18102,4
11749,18112,2
11749,18113,1
11749,18119,37
11749,18120,70
11749,18121,79
11749,18122,27
11749,18123,2
11749,18150,14
11749,18151,24
11749,18152,10
11749,18153,10
11749,18154,6
11749,18155,29
11749,18156,30
11749,18157,9
11749,18169,1
11749,18170,6
11749,18171,3
11749,18172,95.5
11749,18173,75
11749,18174,6
11749,18175,10.5
11749,18176,2
11749,18184,2
11749,18187,2
11749,18188,5
11749,18195,7
11749,18196,25
11749,18201,5
11749,18202,6
11750,17959,1
11750,17981,3
11750,17982,2
11750,17986,2
11750,17995,1
11750,17996,2
11750,18011,2
11750,18039,1
11750,18048,5
11750,18054,3
11750,18058,5
11750,18064,2
11750,18065,1
11750,18066,6
11750,18067,6
11750,18068,4
11750,18084,4
11750,18085,1
11750,18086,7
11750,18087,2
11750,18098,4
11750,18099,14
11750,18100,30
11750,18101,18
11750,18102,10
11750,18103,4
11750,18105,2
11750,18106,4
11750,18107,2
11750,18108,1
11750,18109,5
11750,18110,9
11750,18112,2
11750,18113,5
11750,18120,50
11750,18121,56.5
11750,18122,2
11750,18134,1
11750,18135,3
11750,18136,1
11750,18150,4
11750,18151,5
11750,18152,19
11750,18153,39
11750,18154,34
11750,18155,32
11750,18156,63.5
11750,18157,9
11750,18167,3
11750,18168,3
11750,18169,1
11750,18171,3
11750,18172,122.5
11750,18173,69
11750,18174,15
11750,18175,11
11750,18176,5
11750,18177,7
11750,18179,6
11750,18195,3
11750,18201,4
11751,17951,2
11751,17953,1
11751,17961,1
11751,17971,2
11751,17972,1
11751,17986,2
11751,17987,2
11751,17989,6
11751,17991,4
11751,17995,3
11751,17997,5
11751,18013,3
11751,18020,1
11751,18021,1
11751,18023,1
11751,18027,2
11751,18028,1
11751,18043,1
11751,18050,5
11751,18052,3
11751,18055,2
11751,18064,7
11751,18065,1
11751,18066,3
11751,18067,6
11751,18068,11
11751,18069,6
11751,18071,2
11751,18075,6
11751,18085,20
11751,18086,38
11751,18087,33
11751,18088,28
11751,18089,11
11751,18095,1
11751,18099,11
11751,18100,23.5
11751,18109,5
11751,18119,7
11751,18120,64
11751,18121,4
11751,18130,3
11751,18134,2
11751,18138,6
11751,18139,8
11751,18141,2
11751,18142,4
11751,18144,10
11751,18145,4
11751,18151,13
11751,18152,76
11751,18153,34
11751,18154,52
11751,18155,16.5
11751,18156,37
11751,18157,12
11751,18158,4
11751,18166,3
11751,18168,32
11751,18169,44
11751,18170,54.5
11751,18171,34
11751,18172,78
11751,18173,33
11751,18174,24
11751,18175,23
11751,18176,7
11751,18179,2
11751,18182,1
11751,18195,2
11751,18201,2
11751,18202,5
11751,18210,4
11751,18221,3
11752,17955,1
11752,17959,2
11752,17964,1
11752,17985,7
11752,17986,4
11752,17987,6
11752,17990,1
11752,17993,3
11752,18022,4
11752,18032,2
11752,18042,2
11752,18062,27
11752,18063,27.5
11752,18064,10
11752,18065,21
11752,18066,24
11752,18067,84
11752,18068,138.5
11752,18069,86.5
11752,18075,1
11752,18084,29
11752,18085,28.5
11752,18086,27
11752,18087,45
11752,18088,29
11752,18089,4
11752,18095,2
11752,18099,8
11752,18100,5
11752,18112,3
11752,18113,3
11752,18116,1
11752,18119,2
11752,18120,46
11752,18121,36
11752,18122,5
11752,18127,12
11752,18130,1
11752,18133,3
11752,18134,6
11752,18135,4
11752,18138,6
11752,18139,12
11752,18151,17
11752,18152,42.5
11752,18153,60
11752,18154,53
11752,18155,16
11752,18156,41.5
11752,18167,23
11752,18168,46
11752,18169,64
11752,18170,17
11752,18171,6
11752,18172,8
11752,18173,17
11752,18174,27
11752,18175,2
11752,18178,1
11752,18195,1
11753,17948,2
11753,17960,2
11753,17966,2
11753,17969,2
11753,17988,11
11753,17989,55.5
11753,17990,28
11753,17991,20
11753,17992,15
11753,18005,10
11753,18010,3
11753,18011,3
11753,18037,2
11753,18038,5
11753,18040,3
11753,18041,4
11753,18043,2
11753,18047,4
11753,18060,2
11753,18061,2
11753,18062,16.5
11753,18063,18.5
11753,18064,2
11753,18065,19
11753,18066,18
11753,18067,9
11753,18068,108.5
11753,18069,88
11753,18083,8
11753,18084,28
11753,18085,53
11753,18086,51.5
11753,18087,39
11753,18088,26
11753,18112,1
11753,18119,3
11753,18120,33
11753,18121,28
11753,18122,1
11753,18126,3
11753,18129,3
11753,18132,2
11753,18135,2
11753,18137,7
11753,18138,16
11753,18139,15
11753,18143,5
11753,18144,2
11753,18145,2
11753,18147,3
11753,18148,7
11753,18150,2
11753,18151,8
11753,18152,6
11753,18153,25
11753,18154,5
11753,18155,2
11753,18156,12
11753,18162,8
11753,18163,7.5
11753,18165,5
11753,18166,6
11753,18167,9
11753,18168,29
11753,18169,2
11753,18171,7
11753,18172,4
11753,18173,11.5
11753,18174,10.5
11753,18175,1
11753,18183,1
11753,18189,3
11753,18194,2
11753,18195,1
11753,18200,1.5
11753,18201,2
11753,18204,1
11753,18215,3
11753,18216,3
11753,18220,1
11754,17960,6
11754,17963,4
11754,17971,1
11754,17972,3
11754,17976,2
11754,17980,2
11754,17987,2
11754,17988,24
11754,17989,14
11754,17990,6
11754,17991,9
11754,17995,9
11754,18020,2
11754,18023,1
11754,18038,5
11754,18042,2
11754,18043,1
11754,18045,4
11754,18058,4
11754,18061,10
11754,18062,2
11754,18066,26
11754,18067,9
11754,18068,50
11754,18069,4
11754,18083,2
11754,18084,4.5
11754,18085,20
11754,18086,22
11754,18087,3
11754,18101,1
11754,18109,2
11754,18110,4
11754,18111,5
11754,18112,4
11754,18119,10
11754,18120,5
11754,18122,1
11754,18123,7
11754,18124,5
11754,18125,7
11754,18127,6
11754,18130,6
11754,18132,1
11754,18134,7
11754,18135,2
11754,18136,7
11754,18138,16
11754,18139,19
11754,18140,30
11754,18145,10
11754,18146,15
11754,18147,18
11754,18148,37
11754,18149,16
11754,18150,2
11754,18151,1
11754,18160,3
11754,18161,18
11754,18162,17
11754,18163,2
11754,18164,12
11754,18165,1
11754,18170,2
11754,18174,9
11754,18175,1
11754,18181,3
11754,18188,4
11754,18200,3
11754,18201,2
11754,18204,6.5
11754,18210,1
11754,18216,2
11754,18217,7
11754,18218,6
11755,17946,2
11755,17950,1
11755,17955,2
11755,17967,2
11755,17974,3
11755,17977,2
11755,17979,6
11755,17980,11
11755,17981,5
11755,17983,1
11755,17984,5
11755,17988,19
11755,17989,15
11755,17990,4
11755,18009,4
11755,18010,4
11755,18011,12
11755,18012,29
11755,18013,6
11755,18030,4
11755,18059,3
11755,18061,1
11755,18066,3
11755,18067,6
11755,18068,79
11755,18082,3
11755,18085,3
11755,18097,5
11755,18108,4
11755,18109,4
11755,18115,1
11755,18116,3
11755,18124,9
11755,18125,3
11755,18129,1
11755,18132,5
11755,18133,3
11755,18135,2
11755,18138,29
11755,18139,12
11755,18140,13
11755,18141,16
11755,18144,6
11755,18145,1
11755,18146,6
11755,18148,8
11755,18149,32
11755,18150,7
11755,18154,4
11755,18155,36
11755,18156,4
11755,18157,9
11755,18158,4
11755,18159,1
11755,18160,4
11755,18162,7
11755,18166,1
11755,18173,2
11755,18174,4
11755,18175,17
11755,18176,14
11755,18178,4
11755,18184,1
11755,18188,3
11755,18193,4
11755,18198,4
11755,18199,2
11755,18200,2
11755,18201,5
11755,18207,2
11755,18210,4
11755,18212,3
11755,18213,2
11755,18216,9
11755,18217,5
11755,18218,6
11755,18219,3
11756,17944,2
11756,17945,1
11756,17951,1
11756,17954,2
11756,17961,1
11756,17970,2
11756,17972,1
11756,17976,5
11756,17977,3
11756,17979,8
11756,17980,6
11756,17981,18
11756,17982,14
11756,17983,11
11756,17984,10
11756,17985,15.5
11756,17990,2
11756,17991,7
11756,17998,6
11756,18005,1
11756,18007,4
11756,18011,25
11756,18012,5
11756,18014,2
11756,18017,2
11756,18022,1
11756,18029,4
11756,18034,2
11756,18044,2
11756,18045,1
11756,18053,6
11756,18054,6
11756,18065,2
11756,18067,13
11756,18068,57.5
11756,18077,9
11756,18083,6
11756,18107,7
11756,18125,2
11756,18126,4
11756,18127,4
11756,18128,1
11756,18133,5
11756,18134,12
11756,18135,10
11756,18136,8
11756,18137,14.5
11756,18138,48
11756,18139,72.5
11756,18140,4
11756,18141,4
11756,18142,9
11756,18143,37
11756,18144,44
11756,18146,5
11756,18150,14.5
11756,18152,4
11756,18154,4
11756,18155,13
11756,18157,4
11756,18163,1
11756,18175,6
11756,18176,20
11756,18177,4.5
11756,18194,1.5
11756,18196,4
11756,18197,6
11756,18199,3
11756,18205,1
11756,18209,21
11756,18210,11
11756,18212,2
11756,18213,2
11756,18214,5
11756,18219,3
11756,18221,2
11757,17944,2.5
11757,17946,4
11757,17969,1.5
11757,17975,1
11757,17981,8
11757,17982,41
11757,17983,30.5
11757,17984,95.5
11757,17985,193
11757,17986,19.5
11757,17991,4
11757,17992,3
11757,17993,2
11757,17999,4
11757,18001,4
11757,18002,2
11757,18003,6
11757,18008,2
11757,18011,2
11757,18019,2
11757,18020,3
11757,18022,1
11757,18024,1
11757,18043,9
11757,18044,4
11757,18045,1
11757,18047,2
11757,18049,4
11757,18053,2
11757,18054,7
11757,18058,2
11757,18062,6
11757,18067,4
11757,18068,4
11757,18078,1
11757,18083,4
11757,18084,3
11757,18106,3
11757,18108,3
11757,18122,3
11757,18123,2
11757,18126,8
11757,18127,14
11757,18128,4
11757,18129,11
11757,18130,10
11757,18134,9
11757,18135,34
11757,18136,7
11757,18138,69
11757,18139,4
11757,18141,33
11757,18142,27
11757,18143,175.5
11757,18144,2
11757,18146,9.5
11757,18150,7
11757,18151,38
11757,18152,6
11757,18153,6
11757,18154,4
11757,18158,4
11757,18159,9
11757,18163,3
11757,18176,6
11757,18177,8.5
11757,18184,1.5
11757,18192,8
11757,18194,2
11757,18196,11
11757,18201,1
11757,18206,5
11757,18207,2
11757,18208,11
11757,18209,8
11757,18211,2
11757,18218,4
11758,17949,9
11758,17954,2
11758,17955,6
11758,17956,12
11758,17959,2
11758,17964,1
11758,17972,1
11758,17977,2
11758,17979,1
11758,17980,3
11758,17981,12
11758,17982,39.5
11758,17983,87
11758,17984,148
11758,17985,187.5
11758,17986,149.5
11758,17987,28
11758,17995,2
11758,17996,2
11758,17998,5
11758,18003,1
11758,18006,1
11758,18009,3
11758,18019,4
11758,18020,7
11758,18021,1.5
11758,18031,3
11758,18032,2
11758,18033,3
11758,18041,12
11758,18045,11
11758,18047,3
11758,18052,2
11758,18062,3
11758,18067,2
11758,18081,14
11758,18083,11
11758,18085,2
11758,18086,2
11758,18105,29
11758,18106,10
11758,18109,8
11758,18110,2
11758,18112,1
11758,18120,2
11758,18121,3
11758,18122,2
11758,18123,25
11758,18124,4
11758,18126,5
11758,18128,3
11758,18129,39
11758,18130,23
11758,18131,1
11758,18132,1
11758,18135,9
11758,18136,2
11758,18137,33
11758,18138,16
11758,18139,6
11758,18140,21
11758,18141,74
11758,18142,30
11758,18143,39
11758,18144,17
11758,18145,9
11758,18149,2
11758,18150,10
11758,18151,105
11758,18152,13
11758,18153,7
11758,18157,4
11758,18159,6
11758,18160,13
11758,18161,3
11758,18162,2
11758,18177,23
11758,18187,2
11758,18194,8
11758,18195,3
11758,18196,1
11758,18199,1
11758,18206,3
11758,18207,31
11758,18208,7
11758,18210,2
11759,17949,5
11759,17953,4
11759,17955,36
11759,17968,2
11759,17970,2
11759,17971,2
11759,17972,4
11759,17979,2
11759,17981,11
11759,17982,29
11759,17983,103.5
11759,17984,263
11759,17985,202
11759,17986,111
11759,17987,61
11759,17988,5
11759,17989,1
11759,18000,1
11759,18003,2
11759,18010,4
11759,18020,1
11759,18021,3
11759,18024,4
11759,18025,1
11759,18033,3
11759,18036,4
11759,18037,4
11759,18038,1
11759,18040,5
11759,18041,113
11759,18042,80
11759,18043,74
11759,18044,6
11759,18045,5
11759,18046,22
11759,18059,2
11759,18060,3
11759,18061,4
11759,18062,1
11759,18079,2
11759,18082,3
11759,18087,5
11759,18104,5
11759,18105,26
11759,18106,3
11759,18107,4.5
11759,18116,1
11759,18120,4
11759,18121,2
11759,18122,2
11759,18123,17
11759,18126,3
11759,18129,4
11759,18130,3
11759,18131,19
11759,18132,24
11759,18133,4
11759,18134,20.5
11759,18135,25
11759,18136,49.5
11759,18137,37.5
11759,18138,85
11759,18139,33.5
11759,18140,97.5
11759,18141,77
11759,18142,32
11759,18143,3
11759,18149,5
11759,18150,9
11759,18151,57
11759,18152,1
11759,18155,4.5
11759,18160,4
11759,18161,14
11759,18175,10
11759,18176,20
11759,18177,2
11759,18178,3
11759,18181,1
11759,18190,5
11759,18192,2
11759,18193,4
11759,18194,8
11759,18201,23
11759,18202,5
11759,18203,9
11759,18205,4
11759,18206,8
11759,18207,17
11759,18208,24
11760,17949,4
11760,17951,2
11760,17954,7
11760,17955,4
11760,17960,1
11760,17965,3
11760,17966,1
11760,17972,3
11760,17980,16
11760,17981,33
11760,17982,31
11760,17983,56
11760,17984,116.5
11760,17985,43
11760,17986,24
11760,17987,4
11760,17988,7
11760,17989,21.5
11760,17990,8
11760,17992,2
11760,18007,2
11760,18018,1
11760,18022,2
11760,18028,3
11760,18029,3
11760,18030,2
11760,18041,111.5
11760,18042,53
11760,18043,24
11760,18044,38
11760,18045,53
11760,18046,9
11760,18054,2
11760,18058,2
11760,18059,2
11760,18079,37
11760,18080,33.5
11760,18081,48
11760,18082,17
11760,18083,3
11760,18099,5
11760,18100,9.5
11760,18101,5
11760,18102,6
11760,18103,17
11760,18104,31
11760,18105,21.5
11760,18108,2
11760,18117,9
11760,18118,3
11760,18120,4
11760,18121,2
11760,18122,1
11760,18123,4
11760,18126,5
11760,18128,2
11760,18129,3
11760,18132,41
11760,18133,13
11760,18134,25
11760,18135,28.5
11760,18136,78.5
11760,18137,52
11760,18138,100
11760,18139,177.5
11760,18140,39
11760,18141,15
11760,18142,1
11760,18143,3
11760,18149,6
11760,18150,19
11760,18151,3
11760,18152,15
11760,18153,4
11760,18154,2
11760,18155,10
11760,18156,1
11760,18157,5
11760,18160,5
11760,18174,8
11760,18175,1
11760,18176,8
11760,18177,10
11760,18190,6
11760,18191,9
11760,18192,7
11760,18193,9
11760,18199,5
11760,18200,7
11760,18201,3
11760,18202,4
11760,18203,4
11760,18207,11
11760,18208,3
11760,18215,1
11760,18217,1
11760,18219,3
11761,17944,2
11761,17953,2
11761,17961,5
11761,17969,5
11761,17976,2
11761,17979,2
11761,17980,22
11761,17981,23.5
11761,17982,58.5
11761,17983,28
11761,17984,26
11761,17985,21
11761,17986,36
11761,17987,10
11761,17988,10
11761,17989,16
11761,17990,11
11761,17991,14
11761,17994,1
11761,18012,2
11761,18020,2
11761,18026,4
11761,18029,1
11761,18030,4
11761,18041,90.5
11761,18042,19
11761,18043,12
11761,18044,86
11761,18045,48
11761,18046,12
11761,18047,1
11761,18049,2
11761,18057,3
11761,18079,69
11761,18080,31
11761,18081,42
11761,18082,16
11761,18096,7
11761,18097,18.5
11761,18098,23.5
11761,18099,18
11761,18100,27
11761,18101,151
11761,18102,113
11761,18103,24
11761,18104,19
11761,18105,4
11761,18122,19
11761,18127,3
11761,18128,10
11761,18129,25
11761,18130,8
11761,18131,14
11761,18132,31
11761,18133,13
11761,18134,32
11761,18135,86.5
11761,18136,47.5
11761,18137,82.5
11761,18138,77.5
11761,18139,40
11761,18148,10
11761,18149,21.5
11761,18152,7
11761,18153,6
11761,18155,2
11761,18156,4
11761,18157,3
11761,18158,2
11761,18159,3
11761,18172,4
11761,18173,6
11761,18177,11
11761,18178,1
11761,18192,2
11761,18199,1
11761,18206,2
11761,18207,4
11761,18214,2
11761,18222,1
11761,18224,4
11762,17947,2
11762,17948,4
11762,17953,2
11762,17961,7
11762,17980,18
11762,17981,46
11762,17982,44
11762,17983,37
11762,17984,7
11762,17985,3
11762,17986,3
11762,17987,19
11762,17988,4
11762,17990,21
11762,17991,5
11762,18008,3
11762,18010,3
11762,18026,1
11762,18029,5
11762,18035,4
11762,18043,2
11762,18051,4
11762,18055,4
11762,18066,18
11762,18078,4
11762,18079,96
11762,18080,56.5
11762,18081,13
11762,18097,14
11762,18098,9
11762,18099,39
11762,18100,43
11762,18101,20
11762,18102,21
11762,18122,6
11762,18123,2
11762,18130,20
11762,18131,22
11762,18132,7
11762,18135,28
11762,18136,29
11762,18137,49
11762,18138,86
11762,18141,1
11762,18148,15
11762,18149,2
11762,18152,4
11762,18155,1
11762,18156,2
11762,18157,2
11762,18167,7
11762,18178,24.5
11762,18179,18
11762,18180,4
11762,18189,3
11762,18190,5
11762,18199,3
11762,18200,2
11762,18205,6
11762,18206,5
11762,18212,1
11762,18213,2
11762,18224,3
11763,17949,4
11763,17950,2
11763,17967,3
11763,17971,2
11763,17973,5
11763,17975,2
11763,17980,20
11763,17981,14
11763,17982,1
11763,17991,1
11763,18006,2
11763,18007,2
11763,18013,4
11763,18019,3
11763,18034,5
11763,18042,1
11763,18048,2
11763,18055,2
11763,18078,17
11763,18079,52
11763,18080,60.5
11763,18081,31
11763,18082,119
11763,18083,44
11763,18097,4
11763,18098,40
11763,18099,164
11763,18100,55.5
11763,18101,29
11763,18102,18
11763,18110,1
11763,18111,2
11763,18122,6
11763,18123,4
11763,18131,15
11763,18133,3
11763,18135,13
11763,18136,3
11763,18137,15
11763,18138,15
11763,18147,2
11763,18148,11
11763,18149,2
11763,18152,1
11763,18155,5
11763,18157,2
11763,18158,29.5
11763,18159,23
11763,18160,12
11763,18161,2
11763,18173,2
11763,18178,11
11763,18179,4
11763,18183,2
11763,18184,3
11763,18186,2
11763,18187,1
11763,18189,3
11763,18193,4
11763,18194,12
11763,18204,2
11763,18205,1
11763,18211,3
11763,18214,4
11763,18222,5
11764,17952,2
11764,17965,7
11764,17972,2
11764,17975,4
11764,17979,11
11764,17980,16.5
11764,17996,2
11764,18000,2
11764,18011,3
11764,18018,4
11764,18019,18
11764,18020,12
11764,18033,3
11764,18034,1
11764,18039,2
11764,18040,2
11764,18055,2
11764,18056,5
11764,18063,7
11764,18064,2
11764,18076,4
11764,18077,6
11764,18078,17
11764,18079,84.5
11764,18080,25
11764,18081,37.5
11764,18082,25
11764,18083,19
11764,18084,2
11764,18085,1
11764,18088,3
11764,18098,25
11764,18099,29
11764,18100,9
11764,18101,13
11764,18102,11
11764,18108,4
11764,18110,3
11764,18121,2
11764,18123,2
11764,18129,15
11764,18130,7
11764,18133,7
11764,18135,17
11764,18136,27
11764,18137,8
11764,18138,2
11764,18142,3
11764,18146,3
11764,18147,2
11764,18154,5
11764,18157,5
11764,18158,17.5
11764,18159,31.5
11764,18160,12
11764,18161,20
11764,18162,5
11764,18168,1
11764,18175,2
11764,18182,4
11764,18186,1
11764,18188,2
11764,18191,3
11764,18192,2
11764,18193,5
11764,18194,2
11764,18195,7
11765,17948,3
11765,17973,3
11765,17978,8
11765,17982,1
11765,17989,2
11765,17991,2
11765,17999,2
11765,18008,1
11765,18011,2
11765,18015,1
11765,18018,8
11765,18019,8.5
11765,18020,4
11765,18021,18
11765,18027,5
11765,18048,2
11765,18063,4
11765,18066,1
11765,18076,1
11765,18077,8
11765,18078,29
11765,18079,65
11765,18080,16
11765,18081,5
11765,18082,10
11765,18083,22
11765,18087,2
11765,18089,2
11765,18092,2
11765,18099,27.5
11765,18100,23
11765,18101,21.5
11765,18102,28
11765,18103,49
11765,18104,7
11765,18122,3
11765,18127,5
11765,18128,8
11765,18129,10
11765,18130,24
11765,18133,5
11765,18134,2
11765,18135,1
11765,18136,6
11765,18137,10
11765,18138,6
11765,18142,2
11765,18145,3
11765,18146,2
11765,18153,1
11765,18155,4
11765,18157,22
11765,18158,13
11765,18159,3
11765,18160,6
11765,18167,4
11765,18169,2
11765,18182,1
11765,18195,1
11765,18211,2
11766,17953,2
11766,17954,4
11766,17957,3
11766,17959,1
11766,17962,1
11766,17965,3
11766,17972,1
11766,17977,2
11766,17989,2
11766,17993,2
11766,18011,4
11766,18013,2
11766,18021,2
11766,18022,4
11766,18029,2
11766,18030,2
11766,18041,3
11766,18078,8
11766,18079,15
11766,18080,20
11766,18082,11
11766,18083,3
11766,18089,2
11766,18092,6
11766,18098,5
11766,18099,5
11766,18100,10.5
11766,18101,7
11766,18102,28
11766,18103,14
11766,18104,8
11766,18105,2
11766,18106,4
11766,18107,5
11766,18119,7
11766,18120,2
11766,18123,6
11766,18127,3
11766,18129,2
11766,18130,15
11766,18131,2
11766,18133,14
11766,18134,20
11766,18135,4
11766,18136,3
11766,18137,13
11766,18138,17
11766,18139,2
11766,18145,5
11766,18151,2
11766,18154,5
11766,18155,1
11766,18158,15
11766,18159,10
11766,18160,1
11766,18169,3
11766,18184,4
11767,17948,1
11767,17954,2
11767,17956,2
11767,17957,3
11767,17958,4
11767,17962,4
11767,17970,2
11767,17972,3
11767,17981,4
11767,17992,1
11767,18000,2
11767,18004,3
11767,18013,1
11767,18045,1
11767,18048,2
11767,18050,1
11767,18054,3
11767,18058,3
11767,18059,4
11767,18061,4
11767,18065,1
11767,18079,27
11767,18080,97.5
11767,18082,1
11767,18084,3.5
11767,18085,4
11767,18089,2
11767,18091,3
11767,18097,1
11767,18102,3.5
11767,18119,2
11767,18121,4
11767,18123,7
11767,18124,5
11767,18129,2
11767,18134,4
11767,18135,3
11767,18136,9
11767,18137,4
11767,18138,3
11767,18139,3
11767,18141,3
11767,18145,1
11767,18150,3
11767,18153,3
11767,18154,7
11767,18155,1
11767,18169,7
11767,18174,4
11768,17954,3
11768,17955,2
11768,17956,2
11768,17957,10
11768,17958,19
11768,17959,9
11768,17967,6
11768,17968,2
11768,17981,7
11768,17997,2
11768,18000,1
11768,18003,1
11768,18004,3
11768,18031,1
11768,18043,2
11768,18054,1
11768,18058,3
11768,18061,4
11768,18063,5
11768,18064,5
11768,18078,5
11768,18079,53
11768,18080,22
11768,18081,9
11768,18082,8
11768,18090,4
11768,18097,6
11768,18098,3
11768,18107,2
11768,18111,2
11768,18124,1
11768,18129,2
11768,18135,1
11768,18136,2
11768,18137,4
11768,18139,5
11768,18143,2
11768,18149,6
11768,18150,4
11768,18152,6
11768,18153,4
11768,18160,4
11768,18169,4
11768,18186,2
11768,18196,7
11768,18197,10.5
11768,18198,15
11768,18200,1
11768,18204,4
11768,18205,2
11769,17956,2
11769,17957,7
11769,17959,4
11769,17994,5
11769,18003,4
11769,18004,3
11769,18013,3
11769,18014,5
11769,18033,2
11769,18034,2
11769,18035,1
11769,18043,1
11769,18050,2
11769,18053,3
11769,18055,1
11769,18078,5
11769,18079,9
11769,18090,1
11769,18118,26
11769,18124,2
11769,18127,3
11769,18129,13
11769,18135,1
11769,18136,1
11769,18139,1
11769,18140,1
11769,18142,4
11769,18143,2
11769,18145,2
11769,18148,2
11769,18159,2
11769,18168,1
11769,18169,4
11769,18170,2
11769,18171,1
11769,18187,2
11769,18197,2
11769,18203,1
11769,18204,1
11769,18208,4
11770,17961,1
11770,17975,3
11770,17976,2
11770,17985,3
11770,17988,2
11770,17992,2
11770,18000,5
11770,18002,2
11770,18009,2
11770,18011,2
11770,18014,6
11770,18034,2
11770,18037,2
11770,18040,2
11770,18051,1
11770,18062,4
11770,18078,3
11770,18115,4
11770,18116,8
11770,18126,3
11770,18129,11
11770,18130,10
11770,18132,1
11770,18133,4
11770,18135,4
11770,18136,1
11770,18137,4
11770,18139,2
11770,18145,3
11770,18146,2
11770,18147,3
11770,18148,1
11770,18159,3
11770,18178,3
11770,18200,4
11770,18206,10
11770,18208,6
11771,17957,2
11771,17966,4
11771,17967,21
11771,17968,24
11771,17979,2
11771,17986,2
11771,18004,2
11771,18005,10
11771,18006,2
11771,18007,4
11771,18017,18
11771,18018,6
11771,18024,4
11771,18035,4
11771,18042,1
11771,18044,2
11771,18046,2
11771,18047,4
11771,18057,2
11771,18058,2
11771,18060,2
11771,18063,8
11771,18075,1
11771,18091,2
11771,18094,2
11771,18115,28.5
11771,18116,2
11771,18117,3
11771,18123,3
11771,18128,2
11771,18132,17.5
11771,18133,5
11771,18134,14
11771,18135,8
11771,18136,5
11771,18139,2
11771,18142,10
11771,18143,10
11771,18146,2
11771,18152,3
11771,18154,2
11771,18165,2
11771,18171,2
11771,18176,1
11771,18185,3
11771,18186,13
11771,18188,3
11771,18189,9.5
11771,18190,6
11771,18191,3
11771,18196,2
11771,18200,2
11771,18204,2
11771,18210,2
11771,18241,4
11772,17954,3
11772,17956,3
11772,17966,3
11772,17967,12
11772,17968,15
11772,17969,2
11772,17970,20
11772,17971,6
11772,17974,1
11772,17976,2
11772,17980,4
11772,17981,3
11772,17990,3
11772,17991,2
11772,17994,6
11772,18000,1
11772,18002,2
11772,18008,2
11772,18009,3
11772,18017,8
11772,18018,5
11772,18021,5
11772,18025,2
11772,18037,3
11772,18038,2
11772,18039,1
11772,18040,4
11772,18044,4
11772,18046,6
11772,18063,4
11772,18065,2
11772,18074,1
11772,18078,4
11772,18093,2
11772,18112,1
11772,18114,4
11772,18115,42
11772,18116,11
11772,18117,6
11772,18118,4
11772,18122,3
11772,18126,3
11772,18130,2
11772,18135,2
11772,18140,3
11772,18141,4
11772,18142,132
11772,18143,26
11772,18144,12.5
11772,18145,4
11772,18153,9
11772,18154,4
11772,18159,1
11772,18165,4
11772,18168,10
11772,18170,2
11772,18172,4
11772,18174,2
11772,18175,8
11772,18190,4
11772,18191,10
11772,18192,8
11772,18193,3
11772,18194,2
11772,18195,3
11772,18196,4
11772,18202,4
11772,18206,2
11772,18240,7
11773,17959,3
11773,17962,4
11773,17964,2
11773,17984,2
11773,17986,5
11773,17987,1
11773,17996,1
11773,17998,2
11773,18017,1
11773,18021,5
11773,18053,2
11773,18054,2
11773,18081,1
11773,18092,3
11773,18094,3
11773,18112,5
11773,18113,2
11773,18114,30
11773,18115,31
11773,18116,14
11773,18117,31
11773,18118,33
11773,18119,23.5
11773,18120,24
11773,18123,15
11773,18124,3
11773,18125,2
11773,18127,3
11773,18128,4
11773,18130,2
11773,18137,6
11773,18138,9
11773,18139,3
11773,18140,47.5
11773,18141,69
11773,18142,63.5
11773,18143,19
11773,18144,7
11773,18153,2
11773,18154,8
11773,18155,2
11773,18158,2
11773,18160,2
11773,18164,2
11773,18166,4
11773,18169,2
11773,18171,3
11773,18172,6
11773,18173,1
11773,18174,2
11773,18180,2
11773,18181,3
11773,18187,2
11773,18189,4
11773,18190,4
11773,18191,14
11773,18192,1
11773,18194,24
11773,18195,48
11773,18196,5
11773,18198,12
11773,18199,4
11773,18206,1
11773,18212,4
11773,18228,1
11773,18229,2
11773,18230,2
11773,18242,2
11774,17962,2
11774,17981,4
11774,17984,4
11774,17989,3
11774,17993,2
11774,18000,6
11774,18007,1
11774,18009,2
11774,18017,2
11774,18018,2
11774,18027,5
11774,18033,1
11774,18043,4
11774,18057,2
11774,18062,8
11774,18065,9
11774,18072,2
11774,18078,4
11774,18084,1
11774,18092,2
11774,18093,14
11774,18113,11
11774,18114,34
11774,18115,22
11774,18116,30
11774,18117,24
11774,18118,17
11774,18119,12
11774,18123,10
11774,18124,4
11774,18127,4
11774,18128,2
11774,18130,4
11774,18137,3
11774,18138,2
11774,18139,37
11774,18140,110
11774,18141,67.5
11774,18142,32.5
11774,18143,13
11774,18146,2
11774,18152,3
11774,18153,15
11774,18154,14
11774,18155,10.5
11774,18161,2
11774,18165,2
11774,18166,4
11774,18167,11
11774,18173,3
11774,18180,5
11774,18189,5
11774,18191,1.5
11774,18194,30
11774,18195,16
11774,18196,8
11774,18197,3
11774,18198,8
11774,18199,9
11774,18200,5
11774,18212,6
11774,18229,6
11774,18230,2
11774,18231,4.5
11774,18232,1
11774,18238,3
11774,18240,7
11775,17954,2
11775,17960,2
11775,17972,2
11775,17974,2
11775,17977,2
11775,18011,2
11775,18019,1
11775,18031,2
11775,18032,5
11775,18042,1
11775,18052,2
11775,18078,7
11775,18092,9
11775,18093,10
11775,18094,1
11775,18113,6
11775,18114,21
11775,18115,39
11775,18116,37.5
11775,18117,25
11775,18122,8
11775,18130,2
11775,18131,15.5
11775,18134,4
11775,18135,4
11775,18138,1
11775,18139,11
11775,18140,82
11775,18141,47
11775,18142,15
11775,18144,3
11775,18145,10
11775,18149,5
11775,18151,4
11775,18152,15
11775,18153,2
11775,18159,5
11775,18161,5
11775,18166,12
11775,18167,15
11775,18168,3
11775,18169,1
11775,18178,1
11775,18185,3
11775,18188,4
11775,18189,5
11775,18195,17
11775,18196,12
11775,18198,4
11775,18199,15
11775,18200,10
11775,18209,1
11775,18213,2
11775,18228,28
11775,18229,99.5
11775,18231,33
11775,18232,29
11775,18234,3
11776,17955,4
11776,17970,2
11776,17973,1
11776,17981,2
11776,17996,3
11776,17997,22
11776,18001,2
11776,18016,2
11776,18024,5
11776,18025,2
11776,18033,1
11776,18044,1
11776,18049,3
11776,18058,3
11776,18059,3
11776,18075,7
11776,18076,3
11776,18091,1
11776,18103,1
11776,18113,8
11776,18114,3
11776,18123,6
11776,18124,3
11776,18125,5
11776,18128,6
11776,18130,3
11776,18131,22
11776,18132,2
11776,18138,1
11776,18139,13
11776,18140,23
11776,18141,5
11776,18142,17
11776,18143,20
11776,18144,36
11776,18145,7
11776,18149,1
11776,18150,22
11776,18151,15
11776,18152,18
11776,18159,6
11776,18161,3
11776,18162,2
11776,18163,5
11776,18164,2
11776,18167,8
11776,18168,13
11776,18169,18
11776,18180,5
11776,18181,2
11776,18182,2
11776,18183,8
11776,18184,7
11776,18190,3
11776,18194,15
11776,18202,3
11776,18203,14
11776,18204,9
11776,18205,2
11776,18206,2
11776,18226,5
11776,18227,26
11776,18228,127.5
11776,18229,52
11776,18231,23
11776,18232,47
11776,18239,4
11777,17956,2
11777,17957,3
11777,17976,5
11777,17978,3
11777,17990,5
11777,17997,7
11777,17998,7
11777,18000,8
11777,18001,62
11777,18014,5
11777,18015,6.5
11777,18019,5
11777,18023,6
11777,18025,4
11777,18028,7
11777,18029,15
11777,18030,2
11777,18035,3
11777,18046,2
11777,18049,2
11777,18053,3
11777,18059,1
11777,18075,4
11777,18085,4
11777,18088,3
11777,18090,3
11777,18092,2
11777,18113,1
11777,18115,1
11777,18116,6
11777,18117,5
11777,18119,1
11777,18127,4
11777,18131,3
11777,18133,2
11777,18134,1
11777,18139,5
11777,18140,39
11777,18141,14
11777,18144,4
11777,18145,11
11777,18146,27
11777,18147,11
11777,18148,14
11777,18150,15
11777,18151,9
11777,18152,17
11777,18159,7
11777,18163,10
11777,18164,18
11777,18165,6
11777,18166,4
11777,18167,9
11777,18168,16
11777,18169,22
11777,18170,6
11777,18171,2
11777,18175,4
11777,18177,4
11777,18179,7
11777,18183,13.5
11777,18184,4
11777,18188,14
11777,18189,3
11777,18193,3
11777,18194,13
11777,18195,7
11777,18202,1.5
11777,18204,5
11777,18205,21
11777,18206,7
11777,18207,31.5
11777,18208,15
11777,18209,7
11777,18217,5
11777,18219,2
11777,18221,2
11777,18222,6
11777,18223,7
11777,18225,2
11777,18227,9
11777,18228,97
11777,18229,22
11777,18232,4
11777,18233,2
11777,18236,1
11777,18240,1
11778,17957,1.5
11778,17965,2
11778,17970,2
11778,17978,3
11778,17997,4
11778,17998,4
11778,17999,10
11778,18000,33
11778,18001,12
11778,18002,1
11778,18012,3
11778,18016,2
11778,18020,4
11778,18022,15
11778,18024,2
11778,18027,9
11778,18028,5
11778,18029,19
11778,18035,2
11778,18037,1
11778,18060,3
11778,18075,3
11778,18081,1
11778,18082,2
11778,18083,1
11778,18088,6
11778,18089,14
11778,18115,8
11778,18116,12
11778,18117,2
11778,18118,17
11778,18119,23
11778,18124,4
11778,18125,2
11778,18131,12.5
11778,18135,3
11778,18136,4
11778,18140,6
11778,18141,30
11778,18142,14
11778,18143,12
11778,18144,5
11778,18145,1
11778,18146,30
11778,18147,9
11778,18152,9
11778,18164,22
11778,18165,6
11778,18166,26.5
11778,18168,6
11778,18169,12
11778,18170,1
11778,18182,9.5
11778,18183,4
11778,18187,5
11778,18188,13
11778,18189,2
11778,18193,11
11778,18194,13
11778,18198,2
11778,18199,9
11778,18203,4
11778,18204,2
11778,18205,6
11778,18207,3
11778,18208,3
11778,18209,4
11778,18211,2
11778,18212,4
11778,18214,3
11778,18215,2
11778,18216,9
11778,18217,6
11778,18218,10
11778,18219,14
11778,18220,13
11778,18221,26.5
11778,18222,29
11778,18223,8
11778,18224,3
11778,18225,1
11778,18228,3
11778,18229,8
11778,18230,3
11779,17970,3
11779,17977,1
11779,17995,4
11779,18000,8
11779,18001,7
11779,18002,12
11779,18005,2
11779,18010,1
11779,18022,3
11779,18023,1
11779,18028,1
11779,18029,15
11779,18036,4
11779,18047,1
11779,18051,6
11779,18054,1
11779,18056,1
11779,18057,1
11779,18058,4
11779,18059,7
11779,18060,7
11779,18061,5
11779,18062,7.5
11779,18080,1
11779,18082,3
11779,18086,6
11779,18088,46
11779,18089,75
11779,18090,3
11779,18114,3
11779,18118,8
11779,18119,28
11779,18120,3
11779,18121,1
11779,18122,3
11779,18131,16
11779,18136,4
11779,18137,3
11779,18140,12
11779,18141,26.5
11779,18142,30
11779,18143,22
11779,18144,3
11779,18147,4
11779,18151,1
11779,18152,3
11779,18154,5
11779,18159,2
11779,18160,4
11779,18163,2
11779,18164,8.5
11779,18165,34
11779,18166,13
11779,18167,8
11779,18168,9
11779,18169,2
11779,18180,2
11779,18181,6
11779,18182,20
11779,18187,5
11779,18188,3
11779,18193,6
11779,18203,1
11779,18207,2
11779,18208,2
11779,18209,12
11779,18213,4
11779,18214,7
11779,18219,22
11779,18221,17
11779,18222,5
11779,18224,1
11779,18225,24
11779,18228,3
11779,18229,23
11779,18230,22
11779,18231,2
11779,18236,1
11779,18239,6
11780,17946,3
11780,17950,4
11780,17967,4
11780,17974,5
11780,17978,1
11780,17993,2
11780,17999,2
11780,18000,1
11780,18002,2
11780,18003,4
11780,18006,5
11780,18008,1
11780,18022,2
11780,18023,1
11780,18024,30
11780,18025,62
11780,18026,57
11780,18028,16
11780,18029,12
11780,18030,5
11780,18037,8.5
11780,18038,3
11780,18041,2
11780,18042,2
11780,18045,1
11780,18050,4
11780,18056,1
11780,18059,5
11780,18060,17
11780,18061,10
11780,18062,24
11780,18081,8
11780,18086,30
11780,18087,20
11780,18088,67
11780,18089,20
11780,18090,2
11780,18092,5
11780,18114,5
11780,18115,5
11780,18116,11
11780,18117,6
11780,18118,10.5
11780,18119,7
11780,18124,3
11780,18131,12
11780,18136,11
11780,18140,13
11780,18141,21
11780,18142,3
11780,18143,5
11780,18144,4
11780,18146,2
11780,18150,14
11780,18151,7
11780,18156,3.5
11780,18160,12
11780,18161,2
11780,18164,18
11780,18165,84.5
11780,18166,50
11780,18167,17
11780,18168,3
11780,18176,8
11780,18182,17
11780,18183,13
11780,18192,2
11780,18193,4
11780,18194,6
11780,18204,2
11780,18206,2
11780,18209,4
11780,18210,2
11780,18213,11
11780,18216,1
11780,18217,1
11780,18219,4
11780,18220,4
11780,18223,1
11780,18225,6
11780,18226,10
11780,18229,2
11780,18230,1
11780,18231,4
11780,18232,10
11780,18233,8
11780,18234,7
11780,18238,2
11780,18240,2
11780,18242,1
11781,17951,4
11781,17952,1
11781,17953,7
11781,17979,2
11781,17990,1
11781,17995,2
11781,18000,4
11781,18002,8
11781,18003,16
11781,18004,3
11781,18008,4
11781,18017,5
11781,18020,3
11781,18023,1
11781,18024,22
11781,18025,26
11781,18026,42
11781,18027,7
11781,18039,4.5
11781,18043,1
11781,18056,17
11781,18057,4
11781,18059,16
11781,18060,57
11781,18061,63
11781,18062,12.5
11781,18079,2
11781,18081,10
11781,18082,5
11781,18085,3
11781,18086,49
11781,18087,64
11781,18088,28
11781,18089,16
11781,18114,5
11781,18115,16
11781,18116,1
11781,18117,8
11781,18118,9
11781,18119,5
11781,18129,29
11781,18130,17.5
11781,18131,4
11781,18132,14
11781,18135,1
11781,18139,8
11781,18140,21.5
11781,18141,8
11781,18143,3
11781,18147,2
11781,18148,1
11781,18149,11
11781,18150,31
11781,18151,10
11781,18152,16
11781,18155,2
11781,18156,7
11781,18165,10
11781,18166,23
11781,18167,11
11781,18173,1
11781,18182,3
11781,18183,9.5
11781,18193,2
11781,18198,3
11781,18204,2
11781,18212,8.5
11781,18220,1
11781,18221,2
11781,18224,3
11781,18226,11
11781,18228,6
11781,18230,3
11781,18232,4
11782,17945,2
11782,17953,1
11782,17959,2
11782,17960,5
11782,17979,5
11782,17980,2
11782,17981,5
11782,18000,2
11782,18002,1
11782,18019,2
11782,18023,3
11782,18025,3
11782,18026,5
11782,18027,20
11782,18028,1
11782,18031,1
11782,18039,3
11782,18040,5
11782,18041,4
11782,18056,3
11782,18057,4
11782,18059,21
11782,18060,46
11782,18061,30
11782,18062,9
11782,18081,4
11782,18082,9
11782,18083,4
11782,18086,56
11782,18087,45
11782,18088,82
11782,18089,1
11782,18090,4
11782,18095,5
11782,18111,1
11782,18114,4
11782,18115,23
11782,18116,1
11782,18118,4
11782,18119,10.5
11782,18120,7
11782,18129,9
11782,18130,11
11782,18131,5
11782,18132,2
11782,18135,9
11782,18139,4
11782,18140,7
11782,18141,2
11782,18144,7
11782,18145,5
11782,18147,2
11782,18148,1
11782,18150,3
11782,18151,17
11782,18152,5
11782,18154,3
11782,18155,5
11782,18163,3
11782,18164,46
11782,18165,42
11782,18166,37.5
11782,18167,6
11782,18169,1
11782,18171,4
11782,18172,14
11782,18173,5
11782,18176,2
11782,18184,19
11782,18185,3
11782,18188,4
11782,18192,8
11782,18193,1
11782,18197,1
11782,18202,2
11782,18219,4
11782,18220,2
11782,18223,10
11782,18224,12
11782,18227,4
11782,18231,4
11782,18232,5
11782,18235,3
11782,18237,2
11782,18239,3
11782,18240,2
11782,18241,4
11783,17943,3
11783,17944,2
11783,17956,8
11783,17961,2
11783,17969,6
11783,17980,4
11783,17982,3
11783,17988,7
11783,17997,2
11783,18004,3
11783,18005,3
11783,18009,4
11783,18017,1
11783,18019,1
11783,18022,4
11783,18025,23
11783,18026,17
11783,18027,9
11783,18028,4
11783,18038,2
11783,18039,8
11783,18041,2
11783,18042,7
11783,18046,2
11783,18049,1
11783,18051,1
11783,18056,17.5
11783,18057,4
11783,18058,14
11783,18059,19
11783,18060,70.5
11783,18061,60.5
11783,18062,2
11783,18077,2
11783,18078,5
11783,18081,2
11783,18082,10
11783,18083,14
11783,18084,1
11783,18085,2
11783,18086,22
11783,18087,25.5
11783,18091,4
11783,18092,23
11783,18093,4
11783,18094,7
11783,18110,3
11783,18115,7.5
11783,18119,2
11783,18120,13.5
11783,18121,19
11783,18122,5
11783,18129,4
11783,18131,7
11783,18139,4
11783,18140,2
11783,18141,2
11783,18142,1
11783,18146,2
11783,18150,16
11783,18151,2
11783,18154,7
11783,18155,7
11783,18156,2
11783,18157,2
11783,18158,3
11783,18162,5
11783,18163,8
11783,18164,28
11783,18165,37
11783,18166,25
11783,18167,7
11783,18168,2
11783,18169,6
11783,18171,2
11783,18172,5
11783,18176,2
11783,18178,2
11783,18184,13
11783,18185,2
11783,18187,11
11783,18188,4
11783,18194,3
11783,18197,4
11783,18198,1
11783,18202,5
11783,18217,1
11783,18219,8
11783,18222,9
11783,18223,12
11783,18226,1
11783,18229,4
11783,18240,4
11784,17944,4
11784,17949,5.5
11784,17956,3
11784,17957,3
11784,17972,4
11784,17979,2
11784,17996,1
11784,17998,4
11784,18011,5
11784,18012,5
11784,18020,1
11784,18025,8
11784,18026,3
11784,18028,1
11784,18038,6
11784,18041,2
11784,18042,4
11784,18048,3
11784,18051,2
11784,18053,3
11784,18056,9
11784,18057,8
11784,18058,19
11784,18060,25
11784,18061,22
11784,18077,1
11784,18078,2
11784,18080,7
11784,18083,14
11784,18084,50
11784,18085,46
11784,18086,12
11784,18087,17
11784,18088,21
11784,18089,72.5
11784,18090,28
11784,18093,17
11784,18094,16
11784,18110,2
11784,18111,4
11784,18112,6
11784,18115,28
11784,18120,1
11784,18121,20
11784,18122,8
11784,18123,6
11784,18124,4
11784,18125,2
11784,18128,6
11784,18129,3
11784,18131,2
11784,18134,6
11784,18139,2
11784,18144,7
11784,18146,2
11784,18147,2
11784,18148,9
11784,18149,25.5
11784,18150,27
11784,18151,19.5
11784,18152,19
11784,18153,13
11784,18154,2
11784,18155,4
11784,18157,11
11784,18158,4
11784,18159,9
11784,18161,18
11784,18162,27
11784,18163,22
11784,18164,28
11784,18165,26
11784,18166,3
11784,18167,4
11784,18168,14
11784,18169,3
11784,18170,2
11784,18172,3
11784,18176,2
11784,18180,1
11784,18184,19
11784,18185,4
11784,18186,4
11784,18187,4
11784,18201,5
11784,18206,3
11784,18207,7
11784,18208,2
11784,18212,2
11784,18219,3
11784,18220,5
11784,18222,18
11784,18223,1
11784,18227,5
11784,18229,3
11784,18240,5
11784,18241,16
11785,17939,2
11785,17950,5
11785,17957,1
11785,17973,4
11785,17991,2
11785,17995,2
11785,17999,3
11785,18005,1
11785,18010,5
11785,18011,2
11785,18019,1
11785,18021,2
11785,18025,2
11785,18037,27.5
11785,18038,2
11785,18047,2
11785,18051,2
11785,18052,2
11785,18053,9
11785,18054,12
11785,18055,17
11785,18056,22.5
11785,18057,35
11785,18058,3
11785,18059,3
11785,18077,7
11785,18080,7
11785,18083,22
11785,18084,88.5
11785,18085,94.5
11785,18086,54
11785,18087,60
11785,18088,73
11785,18089,91.5
11785,18090,50
11785,18091,2
11785,18092,4
11785,18093,31
11785,18094,7
11785,18110,1
11785,18111,2
11785,18115,5
11785,18116,16.5
11785,18122,2
11785,18123,5
11785,18124,4
11785,18125,93
11785,18126,2
11785,18128,7
11785,18131,2
11785,18133,5
11785,18138,2
11785,18144,9
11785,18145,1
11785,18146,4
11785,18147,17
11785,18148,19.5
11785,18149,11.5
11785,18150,27
11785,18151,34
11785,18152,11
11785,18155,2
11785,18160,5
11785,18161,6
11785,18162,5
11785,18163,11
11785,18164,18
11785,18165,17
11785,18168,22
11785,18169,23
11785,18177,3
11785,18185,8.5
11785,18186,7
11785,18188,3
11785,18208,2
11785,18219,4
11785,18220,8
11785,18221,5
11785,18222,6
11785,18229,4
11785,18230,4
11785,18235,3
11785,18241,9
11785,18242,6
11785,18243,1
11786,17927,3
11786,17944,3
11786,17958,2
11786,17964,2
11786,17985,2
11786,17999,4
11786,18000,1
11786,18001,2.5
11786,18009,3
11786,18010,4
11786,18013,1
11786,18029,4
11786,18038,5
11786,18042,4
11786,18054,1
11786,18055,2
11786,18056,9
11786,18058,1
11786,18070,5
11786,18076,3
11786,18082,19.5
11786,18083,190.5
11786,18084,79
11786,18085,45
11786,18086,87.5
11786,18087,51
11786,18088,28
11786,18089,57
11786,18090,62
11786,18091,2
11786,18092,18
11786,18093,24
11786,18094,11
11786,18095,4
11786,18109,6
11786,18111,3
11786,18112,3
11786,18114,6
11786,18115,7
11786,18116,19
11786,18117,14
11786,18118,4
11786,18123,4
11786,18124,21
11786,18125,91
11786,18126,25.5
11786,18127,5
11786,18128,50.5
11786,18129,36
11786,18130,15
11786,18131,1
11786,18133,4
11786,18136,1
11786,18137,11
11786,18140,10.5
11786,18141,7
11786,18142,4
11786,18144,11
11786,18145,27.5
11786,18147,3
11786,18149,17
11786,18151,16
11786,18152,27
11786,18153,7
11786,18156,4
11786,18157,3
11786,18158,5
11786,18159,9
11786,18160,1
11786,18161,2
11786,18162,2
11786,18163,11.5
11786,18164,27
11786,18167,5.5
11786,18169,12.5
11786,18171,2
11786,18172,1.5
11786,18173,2
11786,18174,1
11786,18177,4
11786,18178,5
11786,18185,1
11786,18186,3
11786,18191,1
11786,18197,6
11786,18198,9
11786,18199,3
11786,18215,1
11786,18219,2
11786,18220,21
11786,18221,9
11786,18233,4
11786,18238,5
11786,18245,13
11787,17936,2
11787,17937,4
11787,17943,1
11787,17944,5
11787,17964,2
11787,17966,4
11787,17971,3
11787,17982,4
11787,17985,3
11787,17992,2
11787,17994,1
11787,17998,2
11787,18024,2
11787,18051,2
11787,18054,3
11787,18057,4
11787,18058,5
11787,18064,2.5
11787,18077,6
11787,18078,4
11787,18079,1
11787,18080,3
11787,18081,13
11787,18082,27
11787,18083,24
11787,18084,43
11787,18085,100.5
11787,18086,123.5
11787,18087,49.5
11787,18088,30
11787,18089,41.5
11787,18090,18
11787,18091,46
11787,18092,2
11787,18093,4
11787,18094,21.5
11787,18095,24
11787,18115,2
11787,18116,43
11787,18117,36
11787,18118,33
11787,18119,6
11787,18124,2
11787,18125,59
11787,18126,61.5
11787,18127,68.5
11787,18128,93
11787,18129,77
11787,18130,55
11787,18131,2
11787,18133,4
11787,18136,6
11787,18137,16
11787,18138,5
11787,18139,7
11787,18140,27
11787,18141,4
11787,18142,12
11787,18143,3
11787,18144,13
11787,18145,6
11787,18148,7
11787,18149,6
11787,18152,5
11787,18153,21.5
11787,18154,1
11787,18155,10
11787,18156,9
11787,18158,3
11787,18162,3
11787,18163,5
11787,18164,7
11787,18169,12
11787,18171,9
11787,18172,3
11787,18178,6
11787,18185,5
11787,18186,12
11787,18187,2
11787,18189,4
11787,18190,8
11787,18196,4
11787,18197,2
11787,18212,1
11787,18216,13
11787,18220,1
11787,18221,4
11787,18225,3
11787,18229,3
11787,18232,4
11787,18233,4
11787,18243,1
11787,18244,9
11787,18245,21
11787,18246,5
11788,17927,5
11788,17936,4
11788,17944,9
11788,17945,1
11788,17947,1
11788,17954,2
11788,17966,2
11788,17985,5
11788,17993,1
11788,17994,3
11788,17997,3
11788,18005,1
11788,18011,6
11788,18025,2
11788,18033,1
11788,18046,2
11788,18052,2.5
11788,18054,1
11788,18056,1
11788,18064,3
11788,18082,101
11788,18083,27.5
11788,18084,30
11788,18085,53.5
11788,18086,132.5
11788,18087,82
11788,18088,62
11788,18089,47.5
11788,18090,46.5
11788,18091,18
11788,18092,36
11788,18094,51
11788,18095,16
11788,18097,1
11788,18108,2
11788,18109,2
11788,18115,6
11788,18116,13
11788,18117,29
11788,18118,24
11788,18119,1
11788,18121,5
11788,18123,7
11788,18126,1
11788,18127,31.5
11788,18128,62
11788,18129,55
11788,18130,127
11788,18137,3
11788,18138,4
11788,18139,9
11788,18140,17
11788,18143,6
11788,18144,15
11788,18147,2
11788,18148,17
11788,18149,3
11788,18152,3
11788,18153,10
11788,18156,6
11788,18157,5
11788,18159,8
11788,18160,7
11788,18161,5
11788,18162,10
11788,18167,2
11788,18168,9
11788,18169,7
11788,18171,10
11788,18174,1
11788,18181,2
11788,18182,1
11788,18185,3
11788,18189,6
11788,18190,3
11788,18191,7
11788,18193,4
11788,18195,4
11788,18196,7
11788,18200,3
11788,18203,2
11788,18214,1
11788,18216,14.5
11788,18225,2
11788,18230,6
11788,18233,2
11788,18234,7
11788,18236,6
11788,18238,1
11788,18247,4
11788,18252,1
11788,18255,2
11789,17921,4
11789,17926,5
11789,17930,1
11789,17935,6
11789,17957,2
11789,17970,6.5
11789,17995,5
11789,18033,11
11789,18034,35
11789,18035,7
11789,18045,2
11789,18046,4.5
11789,18049,1
11789,18055,6
11789,18078,3
11789,18080,2
11789,18081,12
11789,18082,56
11789,18083,68
11789,18084,33
11789,18085,29
11789,18086,26
11789,18087,90
11789,18088,76
11789,18089,15
11789,18090,40
11789,18091,34
11789,18092,30
11789,18093,7
11789,18094,57
11789,18095,2
11789,18096,3
11789,18106,2
11789,18113,2
11789,18114,2
11789,18115,2
11789,18121,5
11789,18122,36
11789,18123,6
11789,18125,14
11789,18126,2
11789,18127,17
11789,18128,38
11789,18129,60
11789,18130,110
11789,18131,28
11789,18137,5
11789,18138,4
11789,18140,3
11789,18141,19
11789,18142,14.5
11789,18143,15
11789,18144,10
11789,18147,6
11789,18148,2
11789,18149,4.5
11789,18150,6
11789,18152,7
11789,18153,12
11789,18156,14
11789,18157,3
11789,18158,9
11789,18159,3
11789,18161,2
11789,18162,2
11789,18167,3
11789,18168,14
11789,18169,9
11789,18171,4
11789,18174,2
11789,18188,18
11789,18191,15
11789,18192,19
11789,18194,3
11789,18195,3
11789,18203,3
11789,18207,2
11789,18209,2
11789,18211,5
11789,18212,2
11789,18216,2
11789,18218,1
11789,18220,2
11789,18221,9
11789,18226,2
11789,18228,2
11789,18234,5
11789,18242,2
11789,18243,2
11789,18246,4
11789,18251,2
11789,18259,1
11790,17924,2
11790,17943,5
11790,17950,2
11790,17954,2
11790,17959,7
11790,17960,2
11790,17986,1
11790,17990,1
11790,18004,2
11790,18014,4
11790,18017,2
11790,18032,3
11790,18033,11
11790,18034,45.5
11790,18035,19
11790,18041,1
11790,18052,5
11790,18053,9
11790,18055,1
11790,18058,4
11790,18064,7
11790,18077,2
11790,18078,2
11790,18079,12
11790,18081,4
11790,18082,14
11790,18083,61
11790,18084,71
11790,18085,55
11790,18086,75.5
11790,18087,51
11790,18088,29
11790,18089,8
11790,18090,5
11790,18092,21
11790,18093,6
11790,18094,31.5
11790,18095,31
11790,18096,19
11790,18108,2
11790,18109,2
11790,18111,4
11790,18113,10
11790,18114,26
11790,18115,17
11790,18116,8
11790,18117,16
11790,18118,2
11790,18119,13
11790,18120,16
11790,18121,12
11790,18122,38
11790,18123,37
11790,18124,3
11790,18125,1
11790,18126,14
11790,18128,15
11790,18129,82.5
11790,18130,47.5
11790,18131,1
11790,18137,4
11790,18138,9
11790,18139,5
11790,18140,16
11790,18141,9
11790,18142,12
11790,18143,12
11790,18146,5
11790,18149,12
11790,18152,5.5
11790,18153,3
11790,18154,10
11790,18155,11
11790,18156,2
11790,18157,22
11790,18158,10
11790,18159,5
11790,18161,5
11790,18164,2
11790,18171,2
11790,18174,6
11790,18175,7
11790,18176,19
11790,18177,15
11790,18178,3
11790,18188,2
11790,18191,11
11790,18192,3
11790,18203,3
11790,18204,3
11790,18206,2
11790,18207,4
11790,18208,2
11790,18209,6
11790,18211,13
11790,18212,7
11790,18213,7
11790,18214,4
11790,18221,10
11790,18222,9
11790,18231,2
11790,18234,4
11790,18248,2
11790,18250,3
11791,17943,9
11791,17944,18
11791,17945,1
11791,17961,4
11791,17978,1
11791,18000,3
11791,18015,2
11791,18017,5.5
11791,18020,1
11791,18021,2
11791,18034,16
11791,18035,3
11791,18039,2
11791,18045,4
11791,18052,3
11791,18053,5
11791,18054,8
11791,18055,6
11791,18061,2
11791,18081,2
11791,18082,19
11791,18083,111.5
11791,18084,76.5
11791,18085,60
11791,18086,121.5
11791,18087,38.5
11791,18088,4
11791,18089,3
11791,18090,1
11791,18091,3
11791,18094,9.5
11791,18095,10
11791,18096,9
11791,18097,6
11791,18111,2
11791,18112,7
11791,18116,5
11791,18117,9
11791,18118,4
11791,18119,2
11791,18120,1
11791,18122,3
11791,18123,43.5
11791,18124,26
11791,18125,23
11791,18126,1
11791,18128,21
11791,18129,63.5
11791,18130,71.5
11791,18131,5
11791,18132,6
11791,18138,1
11791,18139,3
11791,18140,6
11791,18141,2
11791,18142,14
11791,18143,19
11791,18144,6
11791,18146,19
11791,18150,2
11791,18151,13
11791,18152,12
11791,18153,2
11791,18154,28
11791,18155,20
11791,18156,36
11791,18157,3
11791,18158,8
11791,18160,2
11791,18162,2
11791,18163,2
11791,18170,6
11791,18171,4
11791,18172,7
11791,18173,6
11791,18174,10
11791,18176,4
11791,18180,2
11791,18203,3
11791,18204,2
11791,18205,2
11791,18210,5
11791,18211,4
11791,18213,1
11791,18214,4
11791,18215,6
11791,18216,3
11791,18221,8
11791,18222,15
11791,18223,10
11791,18224,1
11791,18230,3
11791,18245,1
11791,18248,5
11791,18249,4
11791,18259,1
11792,17901,2
11792,17929,2
11792,17931,2
11792,17935,3
11792,17939,2
11792,17943,3
11792,17957,5
11792,17964,4
11792,17969,2
11792,17973,1
11792,17976,1
11792,17980,3
11792,17997,2
11792,17999,3
11792,18006,4
11792,18007,4
11792,18011,1
11792,18023,4
11792,18034,4
11792,18035,7
11792,18046,5
11792,18054,7
11792,18055,7
11792,18078,3
11792,18079,14
11792,18083,32
11792,18084,52.5
11792,18085,58
11792,18086,56
11792,18087,10
11792,18088,28
11792,18089,17
11792,18090,6
11792,18092,2
11792,18093,12
11792,18096,6
11792,18105,2
11792,18106,4
11792,18110,4
11792,18111,5
11792,18112,5
11792,18113,2
11792,18116,9
11792,18119,2
11792,18123,3
11792,18124,7
11792,18125,31
11792,18126,33
11792,18127,2
11792,18128,14
11792,18129,76
11792,18130,83.5
11792,18131,21
11792,18132,3
11792,18138,3.5
11792,18141,4
11792,18142,12
11792,18143,17.5
11792,18144,12
11792,18146,7
11792,18147,4
11792,18149,8
11792,18150,21
11792,18151,15.5
11792,18152,27
11792,18153,13
11792,18154,21
11792,18155,24
11792,18158,7
11792,18161,7
11792,18162,2
11792,18171,2
11792,18173,4
11792,18177,1
11792,18186,4
11792,18190,5
11792,18204,5
11792,18209,3
11792,18212,4
11792,18214,8
11792,18216,4
11792,18221,12
11792,18222,13.5
11792,18223,7
11792,18226,6
11792,18229,2
11792,18237,9
11792,18238,10
11792,18239,3
11792,18247,5.5
11792,18248,1
11792,18250,3
11792,18252,3
11793,17901,3
11793,17906,2
11793,17927,4
11793,17930,4
11793,17943,15
11793,17944,13
11793,17947,3
11793,17948,1
11793,17949,2
11793,17962,3
11793,17969,1
11793,17995,3
11793,18006,2
11793,18020,4
11793,18035,4
11793,18073,4
11793,18075,1
11793,18077,4
11793,18078,7
11793,18082,17.5
11793,18083,9
11793,18084,39.5
11793,18085,78.5
11793,18086,46
11793,18087,20
11793,18088,13
11793,18089,2
11793,18090,9
11793,18091,15
11793,18092,18
11793,18093,8.5
11793,18103,2
11793,18108,4
11793,18109,2
11793,18110,1
11793,18112,2
11793,18118,1
11793,18119,6
11793,18121,1
11793,18125,2
11793,18126,19
11793,18127,5
11793,18128,3
11793,18129,8.5
11793,18130,2
11793,18132,5
11793,18138,3
11793,18139,2
11793,18141,5
11793,18142,20
11793,18144,2
11793,18146,14
11793,18147,1
11793,18148,4
11793,18149,26
11793,18150,36
11793,18151,31
11793,18152,35
11793,18153,27
11793,18154,22
11793,18155,4
11793,18165,2
11793,18166,2
11793,18167,2
11793,18168,6
11793,18169,5
11793,18170,5
11793,18176,4
11793,18177,2
11793,18178,5
11793,18186,2
11793,18187,2
11793,18190,1
11793,18195,3
11793,18203,19
11793,18221,1
11793,18225,1
11793,18236,3
11793,18237,7
11793,18240,5
11793,18250,3
11793,18251,2
11793,18253,2
11794,17900,4
11794,17909,1
11794,17914,1
11794,17917,4
11794,17929,1
11794,17942,2
11794,17950,2
11794,17989,3
11794,18003,1
11794,18006,2
11794,18016,5
11794,18046,2
11794,18058,1
11794,18060,4
11794,18077,9
11794,18078,1
11794,18080,4
11794,18081,16
11794,18082,47.5
11794,18084,25
11794,18085,32.5
11794,18086,12.5
11794,18087,21
11794,18088,15.5
11794,18093,1
11794,18094,2
11794,18104,2
11794,18105,4
11794,18106,7
11794,18107,14
11794,18109,4
11794,18110,10
11794,18112,3
11794,18113,3
11794,18114,1
11794,18118,2
11794,18119,7
11794,18120,3
11794,18121,3.5
11794,18125,2
11794,18126,8
11794,18127,14
11794,18128,1
11794,18130,4
11794,18132,6
11794,18133,4
11794,18135,6
11794,18137,2
11794,18138,11
11794,18139,38
11794,18140,4
11794,18141,13
11794,18142,20
11794,18145,4
11794,18146,11
11794,18147,1
11794,18149,34
11794,18150,31
11794,18151,33
11794,18152,40.5
11794,18154,6
11794,18155,1
11794,18159,7
11794,18160,10
11794,18163,4
11794,18165,4
11794,18166,3
11794,18167,3
11794,18168,5.5
11794,18169,2
11794,18177,2
11794,18178,2
11794,18186,5
11794,18190,10
11794,18199,4
11794,18200,7
11794,18201,2
11794,18203,3
11794,18210,2
11794,18214,1
11794,18221,5
11794,18227,2
11794,18228,2
11794,18232,9
11794,18237,1
11794,18239,2
11794,18241,10
11794,18247,1
11794,18249,6
11794,18250,1
11794,18253,1
11795,17902,1
11795,17928,1
11795,17952,1
11795,17966,1
11795,17970,1
11795,17974,1
11795,17979,3
11795,17986,3
11795,17988,4
11795,17992,3
11795,18006,1
11795,18017,2
11795,18031,6
11795,18042,2
11795,18058,1
11795,18073,8
11795,18074,3
11795,18076,1
11795,18084,6
11795,18085,18
11795,18087,1
11795,18088,10.5
11795,18092,7
11795,18093,14
11795,18094,2
11795,18104,2
11795,18105,3
11795,18107,6
11795,18108,26
11795,18109,15
11795,18112,1
11795,18113,1
11795,18114,5
11795,18115,2
11795,18117,3
11795,18121,5
11795,18122,5
11795,18126,4
11795,18127,13
11795,18128,1
11795,18132,6.5
11795,18136,4
11795,18137,6
11795,18138,10
11795,18139,16
11795,18141,24
11795,18142,20
11795,18146,27
11795,18147,2
11795,18149,18.5
11795,18150,56
11795,18151,44
11795,18152,22
11795,18154,1
11795,18158,2
11795,18162,4
11795,18163,8.5
11795,18164,5
11795,18165,3
11795,18166,24
11795,18167,1
11795,18168,3
11795,18178,6
11795,18179,14
11795,18180,7
11795,18190,4
11795,18192,4
11795,18194,4
11795,18195,1
11795,18196,2
11795,18203,1
11795,18207,1
11795,18214,2
11795,18220,1
11795,18241,2
11795,18242,5
11795,18244,2
11795,18247,2
11796,17902,2
11796,17906,1
11796,17918,1
11796,17922,7
11796,17954,2
11796,17963,3
11796,17971,3
11796,17979,1
11796,17989,1
11796,17994,9
11796,18000,2
11796,18041,2
11796,18043,7
11796,18044,1
11796,18046,3
11796,18058,4
11796,18070,2
11796,18071,10
11796,18072,1
11796,18073,3
11796,18081,2
11796,18083,1
11796,18084,2
11796,18086,1
11796,18087,1
11796,18092,19
11796,18093,16
11796,18107,10
11796,18108,13
11796,18109,27
11796,18110,24
11796,18111,10
11796,18112,4
11796,18116,2.5
11796,18117,5
11796,18118,26
11796,18119,12
11796,18120,6
11796,18123,3
11796,18125,1
11796,18127,2
11796,18128,2
11796,18129,1
11796,18136,3
11796,18137,9
11796,18138,9
11796,18139,2
11796,18140,2
11796,18141,22
11796,18142,15
11796,18144,4
11796,18146,3
11796,18147,2
11796,18150,20
11796,18151,47
11796,18152,10
11796,18156,1
11796,18157,10
11796,18160,7
11796,18161,12
11796,18162,22
11796,18163,14
11796,18164,15
11796,18165,8
11796,18166,20
11796,18167,38
11796,18175,7
11796,18176,10
11796,18177,7
11796,18178,11
11796,18179,8
11796,18188,2
11796,18189,4
11796,18193,1
11796,18196,26
11796,18197,29.5
11796,18198,4
11796,18213,4
11796,18214,2
11796,18219,3
11796,18231,1
11796,18241,3
11796,18242,11
11796,18243,5
11797,17905,2
11797,17906,2
11797,17907,1
11797,17914,1
11797,17915,6
11797,17921,6
11797,17922,5
11797,17925,2
11797,17976,8
11797,17988,6
11797,17989,11
11797,17990,1
11797,18001,6
11797,18002,2
11797,18030,3
11797,18037,1
11797,18046,2
11797,18053,4
11797,18070,13
11797,18071,18
11797,18075,2
11797,18076,1
11797,18083,1
11797,18084,1
11797,18085,6
11797,18087,3
11797,18088,4
11797,18092,3
11797,18093,4
11797,18105,6
11797,18107,12
11797,18108,13
11797,18109,3
11797,18110,19
11797,18111,21
11797,18112,7
11797,18118,8
11797,18119,4
11797,18120,16
11797,18121,5
11797,18123,2
11797,18126,4
11797,18127,2
11797,18132,2
11797,18137,8
11797,18138,8
11797,18140,16
11797,18141,18
11797,18142,22
11797,18143,13
11797,18146,3
11797,18147,3
11797,18148,19
11797,18149,7
11797,18150,5
11797,18151,12
11797,18152,8
11797,18156,11
11797,18159,3
11797,18160,6
11797,18161,24
11797,18162,13
11797,18163,19
11797,18164,42
11797,18165,39.5
11797,18166,3
11797,18167,3
11797,18168,3
11797,18171,2
11797,18175,6
11797,18176,19
11797,18177,25
11797,18178,9
11797,18193,1
11797,18194,2
11797,18196,27
11797,18197,38
11797,18199,2
11797,18203,5
11797,18207,4
11797,18208,2
11797,18209,2
11797,18221,2
11797,18241,9
11797,18244,3
11797,18252,1
11797,18255,2
11798,17900,2
11798,17901,3
11798,17902,1
11798,17913,4
11798,17931,2
11798,17932,1
11798,17950,6
11798,17952,5
11798,17956,2
11798,17959,8
11798,17964,6
11798,17967,4
11798,17972,1
11798,17976,5
11798,17977,4
11798,17981,2
11798,18018,2
11798,18019,2
11798,18032,4
11798,18070,8
11798,18075,1
11798,18076,2
11798,18088,1
11798,18089,4
11798,18093,2
11798,18094,7
11798,18105,1
11798,18106,7
11798,18107,1.5
11798,18110,5
11798,18111,12
11798,18112,5
11798,18113,13
11798,18114,7
11798,18119,12
11798,18120,26
11798,18121,19
11798,18125,9
11798,18126,10
11798,18127,16
11798,18130,3
11798,18132,2
11798,18133,9
11798,18136,27
11798,18139,8
11798,18140,25
11798,18141,13.5
11798,18142,19
11798,18143,9
11798,18145,8
11798,18148,6
11798,18149,9
11798,18156,11
11798,18157,2
11798,18158,6
11798,18159,21
11798,18160,9
11798,18161,2
11798,18162,17
11798,18163,33
11798,18164,22.5
11798,18165,4
11798,18166,11
11798,18167,11
11798,18168,4
11798,18169,4
11798,18170,5
11798,18173,2
11798,18176,9
11798,18177,7
11798,18183,1
11798,18184,3
11798,18197,6
11798,18198,3
11798,18207,5
11798,18216,2
11798,18220,1
11798,18235,2
11798,18253,2
11798,18261,5
11799,17898,4
11799,17899,3
11799,17900,17
11799,17901,3
11799,17902,2
11799,17903,1
11799,17910,1
11799,17911,3
11799,17913,3
11799,17916,1
11799,17919,2
11799,17922,24
11799,17927,4
11799,17940,2
11799,17947,2
11799,17953,2
11799,17954,2
11799,17958,8
11799,17959,6
11799,17960,2
11799,17963,1
11799,17964,10
11799,17976,18
11799,17977,5
11799,17978,5
11799,17980,3
11799,17989,2
11799,17992,2
11799,17994,2
11799,18031,5
11799,18033,4
11799,18037,2
11799,18038,2
11799,18040,8
11799,18069,13
11799,18070,4
11799,18075,4
11799,18088,2.5
11799,18094,1
11799,18102,29
11799,18103,8
11799,18104,13
11799,18105,21
11799,18106,8
11799,18107,5
11799,18111,1
11799,18112,4
11799,18114,6
11799,18115,6
11799,18116,9
11799,18119,16.5
11799,18120,31
11799,18121,11
11799,18124,8
11799,18125,3
11799,18126,26
11799,18128,7
11799,18130,14
11799,18132,2
11799,18133,2
11799,18134,4
11799,18135,13
11799,18136,20
11799,18137,25
11799,18138,9
11799,18139,8
11799,18140,14
11799,18141,12
11799,18142,23
11799,18143,41
11799,18144,6
11799,18145,2
11799,18147,11
11799,18152,24
11799,18153,16
11799,18154,2
11799,18155,3
11799,18156,11
11799,18157,9
11799,18158,32.5
11799,18159,5
11799,18160,10
11799,18161,15
11799,18162,10
11799,18163,33
11799,18164,43.5
11799,18165,23
11799,18166,12
11799,18167,11
11799,18168,23
11799,18169,8
11799,18170,19
11799,18173,2
11799,18174,15.5
11799,18175,2
11799,18178,6
11799,18179,3
11799,18180,1
11799,18182,4
11799,18184,12
11799,18185,1
11799,18190,2
11799,18191,2
11799,18192,2
11799,18193,3
11799,18202,4
11799,18208,3
11799,18209,2
11799,18212,4
11799,18213,6
11799,18215,3
11799,18216,3
11799,18218,2
11799,18220,1
11799,18230,3
11799,18241,2
11799,18255,2
11799,18260,5
11800,17902,2
11800,17903,3
11800,17906,3
11800,17909,1
11800,17922,16
11800,17923,2
11800,17954,5
11800,17958,5
11800,17959,11
11800,17962,12.5
11800,17963,13
11800,17964,8
11800,17965,5
11800,17966,1
11800,17976,5
11800,17982,3
11800,17988,2
11800,17999,3
11800,18002,5
11800,18012,1
11800,18040,3
11800,18041,9
11800,18042,17
11800,18043,3
11800,18058,9
11800,18075,2.5
11800,18081,1
11800,18082,3
11800,18089,2
11800,18095,1
11800,18102,22
11800,18103,15
11800,18104,7
11800,18106,4
11800,18107,3
11800,18108,3
11800,18109,1
11800,18116,2
11800,18118,11
11800,18119,30
11800,18120,50
11800,18121,27
11800,18122,22
11800,18123,2
11800,18124,2
11800,18131,2
11800,18132,3
11800,18134,4
11800,18135,6
11800,18136,3
11800,18137,3.5
11800,18138,14
11800,18139,14
11800,18140,18
11800,18141,30
11800,18142,28.5
11800,18143,28
11800,18145,7
11800,18151,25
11800,18152,16
11800,18153,11
11800,18154,5
11800,18158,18
11800,18159,30
11800,18160,20
11800,18161,3
11800,18162,3
11800,18163,14.5
11800,18164,23
11800,18165,6
11800,18166,2
11800,18168,8
11800,18169,3
11800,18170,5
11800,18173,8
11800,18176,3
11800,18178,22
11800,18179,9
11800,18182,5
11800,18183,15
11800,18184,10
11800,18188,1
11800,18190,4
11800,18191,16
11800,18210,1
11800,18212,10
11800,18213,2
11800,18214,3
11800,18228,1
11800,18232,3
11800,18253,2
11800,18256,3
11800,18263,1
11801,17899,2
11801,17914,1
11801,17921,3
11801,17924,4
11801,17926,2
11801,17955,5
11801,17956,2
11801,17959,4
11801,17960,10
11801,17961,1
11801,17962,25
11801,17963,24
11801,17964,24
11801,17965,12
11801,17976,4
11801,17977,2
11801,17984,1
11801,17989,2
11801,17990,2
11801,17995,2
11801,17996,4
11801,18021,2
11801,18025,1
11801,18028,1
11801,18040,6
11801,18042,5
11801,18043,49.5
11801,18044,2
11801,18046,3
11801,18047,2
11801,18070,4
11801,18074,15
11801,18076,1
11801,18085,7
11801,18089,7
11801,18096,10
11801,18097,8
11801,18098,17.5
11801,18099,10
11801,18100,27
11801,18101,15
11801,18105,4
11801,18108,6
11801,18117,3
11801,18118,4
11801,18119,8
11801,18120,12.5
11801,18121,14.5
11801,18122,4
11801,18125,7
11801,18126,2
11801,18127,4
11801,18136,4
11801,18138,7
11801,18139,12
11801,18140,10
11801,18141,34
11801,18142,19
11801,18143,1
11801,18144,16
11801,18145,16
11801,18146,2
11801,18147,1
11801,18149,2
11801,18150,4
11801,18151,27
11801,18152,21
11801,18153,13
11801,18154,21
11801,18156,3
11801,18157,4
11801,18158,17
11801,18159,24
11801,18160,8
11801,18161,16.5
11801,18162,15
11801,18163,17
11801,18164,42
11801,18165,6
11801,18168,11
11801,18169,10
11801,18177,6
11801,18178,5
11801,18181,4.5
11801,18183,3
11801,18187,1
11801,18191,6
11801,18202,2
11801,18206,3
11801,18210,1
11801,18233,5
11801,18238,5
11801,18245,4
11801,18257,2
11802,17906,2
11802,17907,1
11802,17911,1.5
11802,17928,2
11802,17942,1
11802,17947,4
11802,17950,4
11802,17959,4
11802,17961,38
11802,17962,91
11802,17963,5
11802,17988,2
11802,17992,2
11802,18011,4
11802,18013,1
11802,18020,9
11802,18022,2
11802,18023,2
11802,18030,2
11802,18035,3
11802,18036,2
11802,18040,6
11802,18041,3
11802,18042,12
11802,18043,2
11802,18045,3
11802,18046,3.5
11802,18047,13
11802,18048,4
11802,18056,2
11802,18067,2
11802,18069,5
11802,18070,11
11802,18071,4
11802,18074,12
11802,18075,11
11802,18083,4
11802,18084,4
11802,18095,1
11802,18097,4
11802,18098,3
11802,18099,14
11802,18100,60
11802,18101,42
11802,18102,9
11802,18103,20.5
11802,18104,16.5
11802,18111,4
11802,18114,2
11802,18115,4
11802,18119,25
11802,18120,17
11802,18122,18
11802,18126,3
11802,18127,5
11802,18128,4
11802,18129,7
11802,18130,6
11802,18131,4
11802,18135,3
11802,18136,14
11802,18137,6
11802,18138,9
11802,18139,13
11802,18140,21.5
11802,18141,24
11802,18143,5.5
11802,18144,32
11802,18149,17
11802,18150,16
11802,18151,9
11802,18152,22
11802,18153,20.5
11802,18154,5
11802,18155,7
11802,18156,2
11802,18157,15
11802,18158,7
11802,18159,34
11802,18160,31
11802,18161,16
11802,18162,10
11802,18163,11
11802,18164,8
11802,18168,6
11802,18169,28
11802,18170,21
11802,18175,4
11802,18176,31
11802,18177,15
11802,18181,7
11802,18184,2
11802,18190,2
11802,18192,2
11802,18202,4
11802,18209,15
11802,18210,23
11802,18216,5
11802,18232,2
11802,18246,4
11803,17922,2
11803,17931,2
11803,17937,3
11803,17944,4
11803,17949,2
11803,17954,2
11803,17960,5
11803,17961,18
11803,17962,87
11803,17963,95.5
11803,17964,41
11803,17969,5
11803,17983,2
11803,17986,1
11803,17987,3
11803,17997,1
11803,18000,5
11803,18001,3.5
11803,18010,4
11803,18021,11
11803,18022,2
11803,18023,8
11803,18024,29
11803,18030,4
11803,18040,8
11803,18041,9
11803,18046,2
11803,18052,1
11803,18055,2
11803,18063,5
11803,18067,4
11803,18068,2
11803,18069,16
11803,18070,42
11803,18071,22
11803,18072,21.5
11803,18074,12
11803,18075,9
11803,18089,2
11803,18094,11
11803,18095,2
11803,18099,4
11803,18100,7
11803,18101,12.5
11803,18102,23
11803,18103,39.5
11803,18104,29
11803,18105,4
11803,18106,5
11803,18107,14
11803,18111,6
11803,18116,1
11803,18118,3
11803,18119,9
11803,18120,5
11803,18121,3
11803,18122,3
11803,18123,8
11803,18126,3
11803,18127,8
11803,18131,4
11803,18132,4
11803,18135,2
11803,18136,2
11803,18138,3
11803,18139,18.5
11803,18140,18.5
11803,18142,9
11803,18143,4
11803,18144,5
11803,18145,5
11803,18148,24
11803,18149,15
11803,18151,7
11803,18152,9
11803,18153,34.5
11803,18154,33
11803,18155,7
11803,18157,2
11803,18158,7
11803,18159,39.5
11803,18160,21
11803,18161,5
11803,18162,8
11803,18163,3
11803,18168,4
11803,18169,24
11803,18174,10
11803,18175,50
11803,18176,71
11803,18177,54.5
11803,18180,4
11803,18181,10
11803,18187,3
11803,18192,2
11803,18196,2
11803,18205,6
11803,18207,2
11803,18209,2
11803,18210,16
11803,18211,5
11803,18217,5.5
11803,18251,3
11803,18260,1
11803,18262,4
11804,17903,1
11804,17923,8
11804,17940,2
11804,17944,10
11804,17945,2
11804,17949,2
11804,17961,19
11804,17962,26
11804,17963,72
11804,17964,37
11804,17965,10
11804,17967,9
11804,17988,1
11804,17991,5
11804,17992,1
11804,18000,5
11804,18001,27
11804,18005,2
11804,18019,6
11804,18021,11.5
11804,18022,7
11804,18024,16
11804,18031,1
11804,18043,3
11804,18046,1
11804,18047,2
11804,18049,1
11804,18052,3
11804,18056,7
11804,18062,3
11804,18069,9
11804,18070,43
11804,18071,39
11804,18072,11
11804,18073,11
11804,18074,25
11804,18099,9
11804,18100,15
11804,18104,25
11804,18105,3
11804,18107,1
11804,18108,6
11804,18111,2
11804,18114,2
11804,18118,3
11804,18120,6
11804,18121,20
11804,18122,7
11804,18123,3
11804,18126,8
11804,18127,6
11804,18128,2
11804,18130,9
11804,18132,3
11804,18133,13
11804,18136,6
11804,18137,2
11804,18138,2
11804,18140,2
11804,18142,4
11804,18143,9.5
11804,18147,7
11804,18148,14
11804,18149,21
11804,18150,4
11804,18151,4
11804,18152,30
11804,18153,12
11804,18154,21
11804,18155,14
11804,18156,2
11804,18157,40
11804,18158,29
11804,18159,11
11804,18162,4
11804,18166,5
11804,18168,12
11804,18172,6
11804,18175,48
11804,18176,44.5
11804,18177,11
11804,18178,5
11804,18179,1
11804,18186,5
11804,18187,4
11804,18189,2
11804,18190,1
11804,18194,8
11804,18195,1
11804,18196,3
11804,18197,9
11804,18203,4
11804,18204,4
11804,18205,4
11804,18211,7
11804,18212,10
11804,18216,6
11804,18247,4
11804,18249,1
11804,18250,2
11804,18254,5
11804,18266,2
11804,18267,2.5
11805,17908,1
11805,17914,4
11805,17918,2
11805,17932,1
11805,17945,2
11805,17961,13
11805,17962,27
11805,17963,3
11805,17965,1
11805,17966,3
11805,17967,28
11805,17968,6
11805,17980,3
11805,17986,1
11805,17992,1
11805,18000,8
11805,18001,2
11805,18002,2
11805,18004,3
11805,18019,5
11805,18020,4
11805,18021,11
11805,18022,2
11805,18024,13
11805,18025,8
11805,18035,2
11805,18037,1.5
11805,18039,2
11805,18041,3
11805,18042,9
11805,18043,3
11805,18045,4
11805,18046,13
11805,18047,6.5
11805,18048,2
11805,18049,3
11805,18055,3
11805,18056,22
11805,18057,4
11805,18070,5
11805,18071,75
11805,18072,15
11805,18073,37.5
11805,18074,29
11805,18075,4
11805,18076,4
11805,18077,6
11805,18103,7
11805,18104,7
11805,18107,4
11805,18109,1
11805,18110,18
11805,18111,11
11805,18112,1
11805,18121,20
11805,18122,10
11805,18124,1
11805,18126,4
11805,18127,5
11805,18128,13
11805,18129,5
11805,18130,1
11805,18131,32
11805,18132,37
11805,18136,2
11805,18137,10
11805,18138,4
11805,18139,1
11805,18140,54
11805,18141,31
11805,18147,8
11805,18148,2
11805,18149,15
11805,18150,21
11805,18151,27
11805,18152,14
11805,18153,18
11805,18154,18
11805,18155,21.5
11805,18156,4
11805,18157,27.5
11805,18158,11
11805,18159,11
11805,18161,19
11805,18162,27
11805,18163,2
11805,18166,5
11805,18167,2
11805,18168,9
11805,18171,9
11805,18174,13
11805,18175,14
11805,18176,62
11805,18177,25
11805,18184,5.5
11805,18185,2
11805,18188,4
11805,18191,3
11805,18192,2
11805,18193,2
11805,18195,10
11805,18197,15
11805,18212,4
11805,18215,1
11805,18217,3
11805,18223,2
11805,18224,5
11805,18230,4
11805,18246,3
11805,18248,4
11805,18249,8
11805,18250,2
11805,18254,1
11805,18256,1
11805,18258,1
11805,18263,8
11805,18264,3
11805,18267,2
11806,17904,1
11806,17905,5
11806,17911,4
11806,17913,3
11806,17928,2
11806,17934,2
11806,17936,2
11806,17941,4
11806,17946,4
11806,17947,1
11806,17955,3
11806,17962,3
11806,17963,18.5
11806,17964,9
11806,17965,37.5
11806,17966,9
11806,17967,18
11806,17970,1
11806,17974,4
11806,17992,2
11806,17994,4
11806,17998,1
11806,18018,2
11806,18022,2
11806,18023,13.5
11806,18024,26
11806,18025,26.5
11806,18037,2
11806,18038,1
11806,18039,4
11806,18042,5
11806,18046,3
11806,18047,4
11806,18053,2
11806,18055,7
11806,18056,17
11806,18069,4
11806,18070,31.5
11806,18071,30
11806,18072,21
11806,18073,40
11806,18074,18
11806,18075,3
11806,18076,27
11806,18077,8
11806,18096,13.5
11806,18097,2
11806,18105,2
11806,18109,4
11806,18110,16
11806,18116,9
11806,18118,3.5
11806,18121,4
11806,18122,5
11806,18123,2
11806,18124,2
11806,18125,4
11806,18126,7
11806,18128,16
11806,18131,23.5
11806,18132,51.5
11806,18133,3
11806,18136,19
11806,18137,16
11806,18138,8
11806,18140,4
11806,18143,10
11806,18144,28
11806,18145,1
11806,18146,3
11806,18147,1
11806,18148,1
11806,18149,2
11806,18151,9
11806,18152,11
11806,18153,29
11806,18154,22
11806,18155,3
11806,18156,70.5
11806,18157,44
11806,18159,1
11806,18160,28
11806,18161,11
11806,18163,5
11806,18168,4
11806,18169,2
11806,18171,1
11806,18173,10
11806,18174,15
11806,18176,19
11806,18186,7.5
11806,18192,7
11806,18195,2
11806,18200,3
11806,18221,2
11806,18227,4
11806,18231,3
11806,18237,7
11806,18238,8
11806,18249,6
11806,18250,1
11806,18253,4
11806,18256,4
11806,18258,4
11806,18263,2
11807,17921,1
11807,17929,1
11807,17931,1
11807,17942,1
11807,17946,4
11807,17963,10
11807,17964,39
11807,17965,10
11807,17971,4
11807,17981,2
11807,17988,2
11807,17997,4
11807,18003,1
11807,18011,2
11807,18015,2
11807,18019,8
11807,18021,7
11807,18022,23
11807,18023,34
11807,18024,27
11807,18025,2
11807,18038,2
11807,18042,2
11807,18043,4
11807,18050,3
11807,18051,2
11807,18052,22
11807,18053,16
11807,18054,2
11807,18055,19.5
11807,18056,31
11807,18069,2
11807,18070,2
11807,18071,24
11807,18072,22
11807,18073,20.5
11807,18074,15
11807,18076,33
11807,18077,17
11807,18094,3
11807,18098,1
11807,18106,1
11807,18108,14
11807,18109,24
11807,18110,31
11807,18111,13
11807,18116,3
11807,18119,5
11807,18125,16
11807,18126,25.5
11807,18127,24
11807,18128,20
11807,18129,2
11807,18132,26
11807,18133,3
11807,18134,1
11807,18135,11
11807,18136,20
11807,18137,2
11807,18138,8
11807,18139,2
11807,18141,3
11807,18142,73
11807,18143,466
11807,18144,253
11807,18145,5
11807,18146,41
11807,18147,12.5
11807,18149,24
11807,18152,25
11807,18153,6
11807,18154,11
11807,18155,33
11807,18156,55.5
11807,18157,71
11807,18158,27
11807,18159,13
11807,18160,19
11807,18163,4
11807,18164,8
11807,18165,2
11807,18167,3
11807,18168,2
11807,18169,2
11807,18171,3
11807,18172,1.5
11807,18173,31
11807,18176,4
11807,18177,2
11807,18187,3
11807,18189,3
11807,18191,1
11807,18194,3
11807,18196,2
11807,18197,2
11807,18198,1
11807,18202,2
11807,18227,4
11807,18228,3
11807,18230,1
11807,18236,1
11807,18241,2
11807,18248,5
11807,18253,6
11807,18254,2
11808,17912,2
11808,17917,2
11808,17933,2
11808,17934,1
11808,17946,2
11808,17952,6
11808,17953,8
11808,17956,4
11808,17965,33
11808,17984,1
11808,17988,2
11808,17991,4
11808,17992,2
11808,17996,2
11808,18007,2
11808,18014,6
11808,18015,3
11808,18020,7
11808,18021,5
11808,18022,12
11808,18023,5
11808,18024,35
11808,18036,3
11808,18038,2
11808,18042,6
11808,18043,4
11808,18046,2
11808,18049,12.5
11808,18050,9
11808,18051,5
11808,18052,2
11808,18055,12
11808,18070,14
11808,18071,5
11808,18073,19
11808,18074,17
11808,18075,8
11808,18076,1
11808,18078,10
11808,18079,4
11808,18080,3
11808,18081,7
11808,18082,6
11808,18095,2
11808,18098,8
11808,18105,2
11808,18106,22
11808,18107,38.5
11808,18108,18.5
11808,18109,25
11808,18110,9
11808,18111,19
11808,18118,2
11808,18120,1
11808,18121,5
11808,18122,4
11808,18123,7
11808,18124,1
11808,18125,6
11808,18126,7
11808,18127,5
11808,18128,10.5
11808,18129,26
11808,18130,36.5
11808,18131,14
11808,18132,10
11808,18133,24.5
11808,18134,3
11808,18135,3
11808,18136,55
11808,18137,24
11808,18138,9
11808,18139,2
11808,18141,6
11808,18142,111
11808,18143,82
11808,18144,32
11808,18145,77
11808,18146,80.5
11808,18147,24.5
11808,18149,47
11808,18150,16
11808,18151,4
11808,18152,11
11808,18153,19
11808,18155,29
11808,18156,86
11808,18157,70
11808,18158,120
11808,18159,4
11808,18160,5
11808,18161,4
11808,18165,12
11808,18168,2
11808,18169,11
11808,18171,6
11808,18172,8
11808,18173,7
11808,18174,10
11808,18175,8
11808,18176,5
11808,18177,1
11808,18179,3
11808,18180,2
11808,18183,7
11808,18188,1
11808,18191,7
11808,18193,3
11808,18197,2
11808,18212,1
11808,18217,1
11808,18236,2
11808,18242,2
11808,18246,1
11808,18254,2
11809,17919,2
11809,17930,3
11809,17949,2
11809,17952,2
11809,17953,2
11809,17954,5
11809,17962,4
11809,17963,2
11809,17974,4
11809,17976,3
11809,17978,1
11809,18010,4
11809,18012,1
11809,18013,2
11809,18018,1
11809,18020,3
11809,18021,18
11809,18023,32
11809,18024,2
11809,18048,2
11809,18049,5
11809,18072,1
11809,18074,2
11809,18075,10
11809,18080,1
11809,18082,14
11809,18096,4
11809,18097,2
11809,18100,4
11809,18106,12
11809,18107,14
11809,18113,1
11809,18114,16
11809,18117,10
11809,18118,2
11809,18122,2
11809,18123,2
11809,18126,5
11809,18127,15
11809,18129,4
11809,18130,14
11809,18131,27.5
11809,18132,40.5
11809,18133,21
11809,18134,15.5
11809,18135,32
11809,18136,58
11809,18137,19
11809,18138,24
11809,18139,6
11809,18140,13
11809,18141,76.5
11809,18142,71.5
11809,18143,99
11809,18144,72
11809,18145,110.5
11809,18146,68
11809,18147,50
11809,18148,382.5
11809,18149,68
11809,18150,47
11809,18151,14
11809,18152,9
11809,18153,5.5
11809,18154,2
11809,18155,33
11809,18156,23
11809,18157,3
11809,18160,6
11809,18161,18
11809,18162,8
11809,18163,17
11809,18164,12
11809,18167,9
11809,18168,3
11809,18169,5
11809,18170,2
11809,18171,15
11809,18172,19
11809,18173,6
11809,18174,1
11809,18175,2
11809,18176,3
11809,18177,7
11809,18178,3
11809,18197,2
11809,18211,2
11809,18215,2
11809,18229,6
11809,18243,4
11809,18254,5
11809,18256,2
11809,18265,1
11810,17931,3
11810,17936,2
11810,17937,2
11810,17941,2
11810,17946,1
11810,17954,9
11810,17967,2
11810,17973,2
11810,17975,5
11810,17976,5
11810,17977,2
11810,17998,2
11810,17999,1
11810,18016,2
11810,18020,3
11810,18023,16
11810,18030,2
11810,18031,2
11810,18034,6
11810,18037,5
11810,18042,2
11810,18046,2
11810,18068,2
11810,18069,4
11810,18082,2
11810,18096,4
11810,18098,2
11810,18102,3
11810,18106,27
11810,18107,24
11810,18108,2
11810,18113,4
11810,18114,1
11810,18115,38
11810,18116,21
11810,18117,33.5
11810,18118,2
11810,18123,8
11810,18124,14
11810,18127,4
11810,18128,3
11810,18129,28
11810,18130,10
11810,18131,6
11810,18132,6
11810,18133,2
11810,18134,86.5
11810,18136,34
11810,18137,68
11810,18138,68
11810,18139,53
11810,18140,15
11810,18141,31
11810,18142,104
11810,18143,135.5
11810,18144,115
11810,18145,111
11810,18146,144
11810,18147,65
11810,18148,191.5
11810,18149,123
11810,18150,466
11810,18151,58
11810,18152,10.5
11810,18153,110.5
11810,18154,164.5
11810,18155,11
11810,18158,11
11810,18159,18
11810,18160,26
11810,18161,10
11810,18162,12
11810,18163,19
11810,18168,9
11810,18169,12.5
11810,18170,14
11810,18171,2
11810,18172,6
11810,18176,4
11810,18178,17
11810,18179,12.5
11810,18182,9.5
11810,18194,1
11810,18199,4
11810,18209,4
11810,18210,2
11810,18220,4
11810,18221,3
11810,18227,5
11810,18228,1
11810,18232,5
11810,18242,3
11810,18244,3
11810,18245,3
11810,18246,3
11810,18255,4
11810,18261,3
11810,18266,2
11811,17917,2
11811,17921,5
11811,17931,2
11811,17935,3
11811,17943,4
11811,17965,3
11811,17970,3
11811,17976,3
11811,17977,8
11811,17978,2
11811,17979,1
11811,17982,5
11811,17984,2
11811,18005,3
11811,18020,4
11811,18029,5
11811,18036,4
11811,18037,23
11811,18046,2
11811,18061,2
11811,18068,1
11811,18069,10.5
11811,18072,3
11811,18082,1
11811,18083,1
11811,18096,2
11811,18099,2
11811,18106,24
11811,18107,16
11811,18108,10
11811,18109,3
11811,18110,3
11811,18113,7
11811,18114,32
11811,18115,34
11811,18116,30.5
11811,18117,7
11811,18119,4
11811,18120,2
11811,18122,6
11811,18123,15
11811,18124,28.5
11811,18125,17
11811,18126,14
11811,18127,22
11811,18128,25
11811,18129,4
11811,18130,20.5
11811,18131,6
11811,18132,1
11811,18134,14
11811,18135,140.5
11811,18136,33
11811,18137,90
11811,18138,28
11811,18139,87.5
11811,18140,15
11811,18141,24
11811,18142,111.5
11811,18143,119.5
11811,18144,127.5
11811,18145,457.5
11811,18146,231.5
11811,18147,61.5
11811,18148,149
11811,18149,154.5
11811,18150,265
11811,18151,113
11811,18152,7
11811,18153,5
11811,18154,1
11811,18157,5
11811,18158,6
11811,18159,24
11811,18161,11
11811,18162,7
11811,18166,13
11811,18167,10
11811,18168,1
11811,18169,7
11811,18170,12
11811,18175,1
11811,18176,1
11811,18177,10
11811,18179,3
11811,18190,2
11811,18191,6
11811,18208,2
11811,18209,2
11811,18215,4
11811,18221,1
11811,18222,4
11811,18227,2
11811,18243,3
11811,18253,3
11811,18265,1
11811,18266,10
11811,18268,4
11811,18269,2
11812,17914,1
11812,17924,1
11812,17925,2
11812,17930,5
11812,17931,17
11812,17932,1
11812,17936,2
11812,17958,2
11812,17969,2
11812,17970,3
11812,17978,5.5
11812,17982,1
11812,18000,3
11812,18013,1
11812,18015,2
11812,18024,3
11812,18025,1
11812,18030,2
11812,18033,1
11812,18037,12
11812,18038,11
11812,18047,2
11812,18069,14
11812,18070,10
11812,18098,10.5
11812,18099,20.5
11812,18105,4
11812,18106,4
11812,18107,42
11812,18108,46
11812,18109,32
11812,18110,11.5
11812,18111,31
11812,18113,4
11812,18114,15
11812,18115,11
11812,18119,1
11812,18120,14
11812,18121,8
11812,18122,15
11812,18123,5
11812,18124,2
11812,18125,22
11812,18126,79.5
11812,18127,39
11812,18128,28
11812,18129,26
11812,18130,30
11812,18131,14
11812,18132,5
11812,18135,231.5
11812,18136,99
11812,18137,111.5
11812,18138,64
11812,18139,88.5
11812,18140,296
11812,18141,112
11812,18142,241.5
11812,18143,264.5
11812,18144,4
11812,18145,11
11812,18146,4
11812,18147,90.5
11812,18148,79.5
11812,18149,29
11812,18150,99.5
11812,18151,277.5
11812,18152,64.5
11812,18153,27
11812,18154,10
11812,18155,7.5
11812,18156,2
11812,18159,8
11812,18160,2
11812,18161,2
11812,18162,11
11812,18163,6
11812,18164,13
11812,18165,9.5
11812,18166,9
11812,18169,1
11812,18170,3
11812,18174,4
11812,18175,30
11812,18176,1
11812,18177,2
11812,18178,8
11812,18179,7
11812,18185,15.5
11812,18186,11
11812,18187,3
11812,18188,11
11812,18189,21
11812,18190,20
11812,18199,1
11812,18208,3
11812,18209,5
11812,18226,8
11812,18227,2
11812,18229,9
11812,18231,2
11812,18232,3
11812,18243,5
11812,18249,2
11812,18253,2
11812,18267,2
11813,17923,2
11813,17930,3
11813,17939,1
11813,17943,2
11813,17963,2
11813,17976,2
11813,17982,1
11813,17984,1
11813,18000,2
11813,18012,4
11813,18021,2
11813,18023,3
11813,18024,2
11813,18030,2
11813,18032,3
11813,18040,4
11813,18045,2
11813,18047,4
11813,18062,4
11813,18067,2
11813,18068,8
11813,18069,7
11813,18070,36
11813,18094,2
11813,18098,3
11813,18099,13
11813,18100,10
11813,18101,40
11813,18103,2
11813,18105,7
11813,18106,2
11813,18107,2
11813,18108,16
11813,18109,36
11813,18110,104.5
11813,18111,169.5
11813,18112,23
11813,18114,17.5
11813,18123,8
11813,18124,27.5
11813,18125,21
11813,18126,21
11813,18127,32
11813,18128,10
11813,18129,22
11813,18130,38
11813,18131,18
11813,18132,16
11813,18133,1
11813,18135,86.5
11813,18136,179
11813,18137,66.5
11813,18138,99
11813,18139,105
11813,18140,181
11813,18141,363.5
11813,18142,122
11813,18143,139
11813,18145,42
11813,18146,109
11813,18147,283.5
11813,18148,348
11813,18149,106
11813,18150,130
11813,18151,453.5
11813,18152,127
11813,18153,2
11813,18154,5
11813,18155,25
11813,18156,8
11813,18159,4
11813,18161,1
11813,18164,13
11813,18165,21.5
11813,18166,19
11813,18168,4
11813,18169,21
11813,18170,2
11813,18175,3.5
11813,18176,13
11813,18178,5
11813,18179,16
11813,18184,4
11813,18185,4
11813,18187,2.5
11813,18188,12
11813,18189,9
11813,18190,20
11813,18201,4
11813,18203,1
11813,18220,1
11813,18224,2
11813,18225,2
11813,18226,3
11813,18228,26
11813,18229,4
11813,18239,2
11813,18240,4
11813,18241,3
11813,18250,2
11813,18252,4
11813,18266,3
11813,18267,3
11813,18268,3
11814,17914,4
11814,17925,3
11814,17935,4
11814,17941,1
11814,17957,2
11814,17966,2
11814,17967,1
11814,17970,2
11814,17973,2
11814,17985,1
11814,17990,6
11814,18002,1
11814,18013,1
11814,18022,1
11814,18031,3
11814,18032,1
11814,18033,3
11814,18034,5
11814,18063,1
11814,18068,3
11814,18069,32.5
11814,18070,30
11814,18093,3
11814,18095,2
11814,18101,28
11814,18102,25
11814,18103,19
11814,18104,20
11814,18105,4
11814,18106,17
11814,18107,23.5
11814,18108,17
11814,18109,10
11814,18110,38.5
11814,18111,32.5
11814,18112,20.5
11814,18113,125
11814,18114,125.5
11814,18115,26
11814,18117,2
11814,18123,29
11814,18124,25.5
11814,18125,31
11814,18126,41
11814,18127,27
11814,18128,21
11814,18129,27
11814,18130,30
11814,18131,73.5
11814,18132,30.5
11814,18133,23
11814,18134,62.5
11814,18135,217
11814,18136,211.5
11814,18137,90
11814,18138,64.5
11814,18139,361
11814,18140,218.5
11814,18141,145.5
11814,18142,235
11814,18143,238.5
11814,18144,270.5
11814,18145,131.5
11814,18146,91.5
11814,18147,152.5
11814,18148,146.5
11814,18149,73.5
11814,18150,94.5
11814,18151,112
11814,18152,16
11814,18153,22
11814,18154,3
11814,18155,15
11814,18156,8
11814,18161,4
11814,18162,4
11814,18163,2
11814,18164,3
11814,18165,21
11814,18166,19
11814,18167,13.5
11814,18168,19
11814,18169,21.5
11814,18170,1
11814,18175,7
11814,18179,2
11814,18184,11
11814,18185,1
11814,18188,2
11814,18189,3
11814,18190,1
11814,18198,5
11814,18199,11
11814,18213,3
11814,18217,4
11814,18221,4
11814,18224,7
11814,18225,28.5
11814,18226,26
11814,18228,8
11814,18230,1
11814,18238,4
11814,18239,11
11814,18249,3
11814,18258,4
11814,18262,1
11814,18266,2
11814,18267,5
11814,18269,1
11815,17935,2
11815,17936,6
11815,17939,1
11815,17949,1
11815,17966,4
11815,17982,5
11815,17984,2
11815,17985,2
11815,17992,2
11815,18002,3
11815,18003,10
11815,18020,1
11815,18023,2
11815,18040,4
11815,18050,2
11815,18059,7
11815,18065,7
11815,18068,20
11815,18069,12
11815,18070,54
11815,18071,20
11815,18072,3
11815,18093,3
11815,18094,4
11815,18098,2
11815,18100,24
11815,18101,13
11815,18102,7
11815,18106,18
11815,18107,33
11815,18108,12
11815,18109,24
11815,18110,19
11815,18111,36
11815,18112,1
11815,18113,38
11815,18114,52
11815,18115,16
11815,18116,18
11815,18117,7
11815,18118,12
11815,18120,3
11815,18122,1
11815,18123,7
11815,18124,6
11815,18125,13
11815,18126,46
11815,18127,18
11815,18128,3
11815,18129,50
11815,18130,24
11815,18131,53
11815,18132,65
11815,18133,71
11815,18134,118
11815,18135,212.5
11815,18136,267
11815,18137,165
11815,18138,119.5
11815,18139,608.5
11815,18140,451
11815,18141,299
11815,18142,424.5
11815,18143,222
11815,18144,191.5
11815,18145,159.5
11815,18146,158
11815,18147,90.5
11815,18148,143
11815,18149,27.5
11815,18151,61
11815,18152,2
11815,18155,5
11815,18156,4
11815,18161,9
11815,18162,16
11815,18166,6
11815,18167,16
11815,18168,11
11815,18169,12
11815,18178,1
11815,18183,14
11815,18184,16
11815,18185,11
11815,18186,3
11815,18188,1
11815,18197,2
11815,18201,4
11815,18206,1
11815,18209,1
11815,18211,2
11815,18221,2
11815,18223,2
11815,18224,3
11815,18225,27.5
11815,18226,17
11815,18247,2
11815,18248,6
11815,18253,1
11815,18255,1
11815,18267,3
11815,18268,3
11815,18274,1
11816,17932,3
11816,17938,2
11816,17949,5
11816,17951,2
11816,17958,2
11816,17967,1
11816,17994,4
11816,17996,2
11816,17997,2
11816,18001,7
11816,18008,4.5
11816,18014,2
11816,18021,6
11816,18023,7
11816,18028,1
11816,18033,1
11816,18037,2
11816,18054,4
11816,18065,6
11816,18066,2
11816,18067,31
11816,18068,95.5
11816,18069,32.5
11816,18070,27.5
11816,18071,11
11816,18074,5
11816,18076,6
11816,18096,1
11816,18097,3
11816,18098,15
11816,18099,5
11816,18100,45
11816,18101,37
11816,18102,40.5
11816,18103,20
11816,18104,12
11816,18106,2
11816,18107,2
11816,18108,34.5
11816,18109,9
11816,18110,13
11816,18111,17
11816,18112,12
11816,18113,5
11816,18114,8
11816,18115,5
11816,18116,6
11816,18117,26
11816,18118,22
11816,18119,4
11816,18120,25
11816,18121,16
11816,18123,16
11816,18124,16
11816,18125,43
11816,18126,31
11816,18127,25
11816,18129,6
11816,18130,37
11816,18131,45
11816,18132,28
11816,18133,34
11816,18134,103.5
11816,18135,108
11816,18136,169
11816,18137,63.5
11816,18138,245.5
11816,18139,533.5
11816,18140,349
11816,18141,206
11816,18142,471
11816,18143,180
11816,18144,172.5
11816,18145,94.5
11816,18146,111
11816,18147,161.5
11816,18148,142
11816,18149,38.5
11816,18150,8
11816,18155,3
11816,18156,2
11816,18159,2
11816,18160,2
11816,18161,3
11816,18162,2
11816,18164,2
11816,18165,6
11816,18166,11
11816,18168,2
11816,18169,5
11816,18170,1
11816,18172,8
11816,18173,17
11816,18174,2
11816,18181,1
11816,18182,4
11816,18183,2
11816,18184,10.5
11816,18185,6
11816,18186,6
11816,18188,5
11816,18195,5
11816,18204,4
11816,18206,4
11816,18211,1
11816,18217,5
11816,18222,4
11816,18223,2
11816,18226,4
11816,18228,3.5
11816,18230,4
11816,18234,2
11816,18236,1
11816,18238,2
11816,18241,4
11816,18249,4
11816,18250,1
11816,18253,6
11816,18254,1
11816,18267,15
11816,18268,8
11816,18271,3
11816,18272,2
11816,18273,6
11816,18274,2
11817,17920,1
11817,17933,1
11817,17936,2
11817,17943,1
11817,17950,2
11817,17965,2
11817,17975,4
11817,17995,2
11817,17997,5
11817,18001,8
11817,18002,2
11817,18005,2
11817,18008,2
11817,18009,3
11817,18013,3
11817,18032,3
11817,18048,2
11817,18049,2
11817,18053,3
11817,18056,9
11817,18065,2
11817,18066,1
11817,18067,39
11817,18068,42
11817,18069,3
11817,18071,3
11817,18074,2
11817,18075,10
11817,18076,1
11817,18098,24
11817,18099,12
11817,18101,1
11817,18102,1
11817,18103,14
11817,18104,3
11817,18105,6
11817,18106,37
11817,18107,31
11817,18108,35.5
11817,18109,18
11817,18110,11
11817,18111,13
11817,18116,3
11817,18117,15.5
11817,18118,30
11817,18119,31
11817,18120,11
11817,18121,19
11817,18125,16
11817,18126,23.5
11817,18127,9
11817,18128,6
11817,18129,1
11817,18130,47
11817,18131,5
11817,18134,25
11817,18135,46.5
11817,18138,106.5
11817,18139,617
11817,18140,624.5
11817,18141,220.5
11817,18142,271.5
11817,18143,156
11817,18144,107
11817,18145,123
11817,18146,171.5
11817,18147,371.5
11817,18148,149.5
11817,18149,80
11817,18150,12
11817,18151,10
11817,18152,8
11817,18153,2
11817,18154,2
11817,18155,3
11817,18156,2
11817,18157,4
11817,18158,2
11817,18160,5
11817,18161,2
11817,18162,4
11817,18163,12
11817,18164,7
11817,18168,4
11817,18171,32.5
11817,18172,22
11817,18173,6
11817,18179,2
11817,18180,11
11817,18181,1.5
11817,18183,2
11817,18184,2
11817,18185,18
11817,18186,15
11817,18187,2
11817,18196,2
11817,18199,1
11817,18201,2
11817,18217,2
11817,18221,2
11817,18222,5
11817,18227,18
11817,18228,4
11817,18229,1
11817,18238,2
11817,18239,4
11817,18248,5
11817,18252,4
11817,18253,5
11817,18267,1
11817,18268,2
11817,18269,5
11817,18270,2
11818,17918,1
11818,17923,1
11818,17939,2
11818,17942,1
11818,17943,6
11818,17949,5
11818,17971,1
11818,17975,9
11818,17976,17
11818,17992,3
11818,17993,5
11818,17994,8
11818,17995,1
11818,17996,8
11818,17998,1
11818,18008,4
11818,18012,2
11818,18017,1
11818,18018,5
11818,18049,7
11818,18052,4
11818,18056,2
11818,18057,4
11818,18066,4
11818,18067,42.5
11818,18068,72
11818,18069,20
11818,18072,4
11818,18073,30
11818,18074,14
11818,18075,3
11818,18076,4
11818,18098,4
11818,18103,17
11818,18104,44.5
11818,18105,51
11818,18106,57
11818,18107,17
11818,18108,4
11818,18109,24
11818,18112,1
11818,18117,1
11818,18118,9
11818,18119,8
11818,18120,8
11818,18125,3
11818,18126,15
11818,18127,1
11818,18129,2
11818,18132,22
11818,18133,25
11818,18134,9
11818,18137,26
11818,18139,156
11818,18140,199
11818,18141,142.5
11818,18142,222.5
11818,18143,150
11818,18144,124.5
11818,18145,118.5
11818,18146,113.5
11818,18147,152
11818,18148,81.5
11818,18149,45
11818,18151,14
11818,18152,3
11818,18154,3
11818,18155,1
11818,18158,7
11818,18164,8
11818,18165,4
11818,18166,3
11818,18167,10
11818,18168,3
11818,18171,21
11818,18173,2
11818,18177,3
11818,18185,13
11818,18186,9
11818,18187,4
11818,18188,1
11818,18193,6
11818,18194,4
11818,18195,3
11818,18203,6
11818,18205,1
11818,18206,2
11818,18221,1
11818,18222,4
11818,18226,2
11818,18228,2
11818,18233,4
11818,18236,4
11818,18243,1
11818,18250,6
11818,18256,1
11818,18258,2
11818,18269,8
11818,18278,3
11819,17921,4
11819,17938,1
11819,17967,3
11819,17971,6
11819,17975,2
11819,17976,11
11819,17980,2
11819,17983,2
11819,17987,2
11819,17992,2
11819,17994,11
11819,17995,8
11819,17996,5
11819,18003,2
11819,18007,2
11819,18008,1
11819,18009,3
11819,18010,5
11819,18014,5
11819,18018,2
11819,18019,4
11819,18022,2
11819,18029,13
11819,18031,2
11819,18035,10
11819,18036,2
11819,18049,10
11819,18050,3
11819,18051,14
11819,18056,2
11819,18064,1
11819,18067,18
11819,18074,28
11819,18075,9
11819,18093,7.5
11819,18097,5
11819,18098,4
11819,18099,9
11819,18102,26.5
11819,18103,24.5
11819,18104,23
11819,18105,33
11819,18106,8
11819,18107,4
11819,18108,38.5
11819,18109,24
11819,18112,18
11819,18113,8
11819,18114,5
11819,18115,2
11819,18119,1
11819,18125,2
11819,18126,2
11819,18132,17
11819,18133,122.5
11819,18134,100.5
11819,18135,8
11819,18136,70
11819,18137,85
11819,18138,4
11819,18139,8
11819,18140,184.5
11819,18141,146
11819,18142,72
11819,18143,145.5
11819,18144,210.5
11819,18145,138
11819,18146,165
11819,18147,66
11819,18148,45
11819,18149,2
11819,18150,5.5
11819,18151,10
11819,18152,15
11819,18153,6
11819,18154,3.5
11819,18158,6
11819,18159,5
11819,18163,7
11819,18168,2
11819,18169,4
11819,18171,6
11819,18173,1
11819,18179,2
11819,18183,2
11819,18184,4
11819,18185,13
11819,18186,6
11819,18187,20
11819,18188,21
11819,18189,11
11819,18191,3
11819,18192,5
11819,18199,3
11819,18200,2
11819,18203,2
11819,18204,4
11819,18206,2
11819,18207,2
11819,18215,2
11819,18216,3
11819,18217,5
11819,18220,4
11819,18227,2
11819,18230,2
11819,18232,1
11819,18233,2
11819,18234,1
11819,18246,8
11819,18249,3
11819,18250,14
11819,18252,4
11819,18254,2
11820,17925,2
11820,17929,2
11820,17933,3
11820,17951,3
11820,17976,2
11820,17978,2
11820,17983,2
11820,17993,2
11820,17998,2
11820,17999,1
11820,18008,11
11820,18009,4
11820,18010,5
11820,18011,2
11820,18018,5
11820,18021,6
11820,18022,1
11820,18025,1
11820,18026,4
11820,18029,8
11820,18030,3
11820,18031,25
11820,18033,2
11820,18034,8
11820,18035,1
11820,18047,2
11820,18048,4
11820,18050,18
11820,18051,4
11820,18054,4
11820,18055,1
11820,18066,15
11820,18067,2
11820,18070,3
11820,18071,24.5
11820,18072,12
11820,18073,6
11820,18074,29
11820,18075,22
11820,18092,4
11820,18093,19.5
11820,18096,11
11820,18097,2
11820,18099,15.5
11820,18100,16.5
11820,18101,17
11820,18102,29
11820,18103,19
11820,18104,25.5
11820,18105,23
11820,18108,21.5
11820,18109,4
11820,18112,1
11820,18113,11
11820,18114,16
11820,18115,24
11820,18116,8
11820,18121,2
11820,18125,6
11820,18126,2
11820,18129,2
11820,18130,3
11820,18131,6
11820,18132,23
11820,18133,63
11820,18134,86
11820,18135,169.5
11820,18136,62
11820,18137,27
11820,18138,5
11820,18139,174.5
11820,18140,179
11820,18141,193.5
11820,18142,108.5
11820,18143,233
11820,18144,172.5
11820,18145,62.5
11820,18146,80
11820,18147,103
11820,18151,8
11820,18152,9
11820,18154,5
11820,18155,15
11820,18156,3
11820,18157,2
11820,18158,8
11820,18159,6
11820,18160,3
11820,18163,3
11820,18164,2
11820,18167,2
11820,18168,1
11820,18169,1
11820,18170,7
11820,18179,6
11820,18180,3
11820,18182,2
11820,18184,3
11820,18185,6
11820,18186,21
11820,18187,7
11820,18189,18.5
11820,18190,2
11820,18192,2
11820,18193,14
11820,18194,2
11820,18197,2
11820,18198,6
11820,18199,1
11820,18201,4
11820,18203,3
11820,18206,1
11820,18220,1
11820,18233,4
11820,18236,1
11820,18244,1
11820,18245,1
11820,18246,13
11820,18247,16
11820,18248,1
11820,18249,7
11820,18250,2
11820,18253,5
11820,18254,4
11820,18267,3
11821,17918,2
11821,17928,6
11821,17929,2
11821,17931,1
11821,17939,2
11821,17945,1
11821,17948,4
11821,17951,2
11821,17960,2
11821,17996,2
11821,18006,3
11821,18007,11
11821,18008,24
11821,18009,11
11821,18025,3
11821,18031,10
11821,18032,4
11821,18033,28
11821,18034,31.5
11821,18035,6
11821,18044,2
11821,18045,2
11821,18046,10
11821,18047,4
11821,18049,5
11821,18050,7
11821,18057,4.5
11821,18066,19
11821,18068,2
11821,18070,7
11821,18073,35
11821,18074,27
11821,18075,9
11821,18079,3
11821,18082,5
11821,18083,7
11821,18093,15
11821,18094,8
11821,18099,13
11821,18100,44
11821,18101,12
11821,18102,13
11821,18104,12.5
11821,18105,4
11821,18106,15
11821,18107,33
11821,18108,3
11821,18109,14
11821,18111,2
11821,18112,10
11821,18113,13
11821,18114,10
11821,18115,1
11821,18116,5
11821,18118,10
11821,18119,2
11821,18121,3
11821,18122,4
11821,18123,1
11821,18124,13
11821,18128,3
11821,18129,4
11821,18130,13
11821,18131,23
11821,18132,5
11821,18133,406.5
11821,18134,3
11821,18135,8
11821,18136,51
11821,18137,52.5
11821,18138,228
11821,18139,189.5
11821,18140,123.5
11821,18141,141.5
11821,18142,128.5
11821,18143,74
11821,18144,109
11821,18145,75.5
11821,18146,10
11821,18147,49
11821,18148,5
11821,18152,3
11821,18153,8
11821,18155,3
11821,18156,3
11821,18158,8
11821,18159,9
11821,18160,2
11821,18163,6
11821,18164,3
11821,18165,2
11821,18166,6
11821,18167,2
11821,18168,5
11821,18170,3
11821,18173,6
11821,18174,2
11821,18179,4
11821,18181,35.5
11821,18184,18
11821,18185,25
11821,18186,19
11821,18189,4
11821,18190,3
11821,18193,22
11821,18194,2
11821,18198,6
11821,18201,19
11821,18202,7
11821,18203,2
11821,18211,2
11821,18215,2
11821,18219,2
11821,18225,1
11821,18226,1.5
11821,18234,7
11821,18236,4
11821,18237,2
11821,18246,2
11821,18251,6
11821,18253,5
11821,18254,10
11821,18260,2
11821,18264,3
11821,18265,21
11821,18266,32
11821,18267,4
11821,18268,2
11822,17927,4
11822,17931,3
11822,17933,18.5
11822,17934,1
11822,17950,4
11822,17952,2
11822,17957,1
11822,17959,4
11822,17964,1
11822,17980,2
11822,17991,4
11822,18007,18.5
11822,18008,11
11822,18009,7
11822,18010,6
11822,18031,57
11822,18032,21
11822,18033,14
11822,18034,3
11822,18044,12
11822,18045,5
11822,18049,14
11822,18053,1
11822,18064,11
11822,18065,24
11822,18066,10
11822,18067,2
11822,18073,9
11822,18074,2
11822,18081,1
11822,18082,3
11822,18088,1
11822,18094,20
11822,18095,3
11822,18098,2
11822,18099,14
11822,18100,33
11822,18101,12
11822,18102,5
11822,18103,3
11822,18104,22
11822,18105,9
11822,18106,27
11822,18107,2
11822,18108,1
11822,18113,10
11822,18114,10
11822,18115,2
11822,18117,1
11822,18118,16
11822,18123,2
11822,18124,13
11822,18127,6
11822,18128,1
11822,18129,37.5
11822,18130,83
11822,18131,217.5
11822,18132,343.5
11822,18133,22
11822,18134,4
11822,18135,62
11822,18136,46
11822,18137,2
11822,18138,39
11822,18139,65
11822,18140,89
11822,18141,189
11822,18142,77.5
11822,18143,23.5
11822,18144,35
11822,18145,41
11822,18148,2
11822,18150,3
11822,18151,3
11822,18152,1
11822,18153,3
11822,18154,9.5
11822,18155,2
11822,18156,19
11822,18158,8
11822,18159,6
11822,18160,2
11822,18161,3
11822,18162,17
11822,18163,3
11822,18168,6
11822,18169,2
11822,18172,6
11822,18173,2
11822,18174,19
11822,18175,5
11822,18177,3
11822,18178,6.5
11822,18181,15
11822,18182,16
11822,18184,36
11822,18185,5.5
11822,18188,9
11822,18193,8
11822,18194,3
11822,18196,3
11822,18197,8
11822,18200,11.5
11822,18207,2
11822,18211,2
11822,18212,4
11822,18216,4
11822,18218,5
11822,18226,4
11822,18227,2
11822,18231,3
11822,18234,13
11822,18236,11
11822,18237,17.5
11822,18243,8
11822,18244,8
11822,18249,1
11822,18260,6
11822,18263,6
11822,18264,24
11822,18265,41
11822,18266,39.5
11822,18268,1
11823,17925,1
11823,17932,7
11823,17936,2
11823,17946,1
11823,17954,3
11823,17979,1
11823,17980,2
11823,17983,2
11823,17990,1
11823,17991,12
11823,17992,1
11823,17993,6
11823,17994,1
11823,18003,1
11823,18004,2
11823,18006,2
11823,18008,5
11823,18009,11
11823,18011,2
11823,18016,2
11823,18018,4
11823,18019,1.5
11823,18020,2
11823,18023,4
11823,18030,20.5
11823,18031,10
11823,18032,78
11823,18033,56
11823,18034,13
11823,18035,1
11823,18036,1
11823,18043,2
11823,18048,4
11823,18049,4
11823,18065,3
11823,18069,15
11823,18070,19
11823,18079,3
11823,18080,3
11823,18093,1
11823,18101,10
11823,18102,11
11823,18103,21
11823,18104,5
11823,18105,2
11823,18106,1
11823,18108,4
11823,18114,5
11823,18116,2
11823,18123,9
11823,18124,4
11823,18126,11
11823,18127,12
11823,18128,2
11823,18129,4
11823,18132,261
11823,18133,104.5
11823,18134,85
11823,18135,24
11823,18136,47
11823,18137,6
11823,18138,2
11823,18139,57
11823,18140,32
11823,18141,40
11823,18142,42
11823,18143,73
11823,18144,45
11823,18145,86.5
11823,18146,49
11823,18147,8
11823,18148,1
11823,18151,5
11823,18152,10
11823,18153,4
11823,18156,3
11823,18157,10
11823,18158,28
11823,18159,6
11823,18160,10
11823,18161,13
11823,18162,44
11823,18163,15
11823,18164,4
11823,18165,7
11823,18168,6
11823,18174,17
11823,18175,3
11823,18176,7
11823,18177,25
11823,18178,26.5
11823,18179,6
11823,18180,5
11823,18181,6
11823,18182,58
11823,18183,8.5
11823,18184,40
11823,18189,5
11823,18194,8
11823,18195,13.5
11823,18196,6
11823,18197,8
11823,18198,6
11823,18199,1
11823,18200,3
11823,18204,3
11823,18209,2
11823,18210,5
11823,18211,3
11823,18212,2
11823,18213,4
11823,18219,2
11823,18220,4
11823,18232,1
11823,18236,13
11823,18237,5
11823,18243,2
11823,18244,16
11823,18245,4
11823,18247,1
11823,18255,2
11823,18259,4
11823,18260,1
11823,18262,1
11823,18263,1
11823,18264,5
11823,18265,7
11823,18268,2
11823,18270,2
11824,17925,4
11824,17934,4
11824,17944,5
11824,17953,3
11824,17955,3
11824,17964,2
11824,17965,3
11824,17970,6
11824,17972,3
11824,17982,3
11824,17983,5
11824,17990,9
11824,17991,1
11824,17992,1.5
11824,17993,2
11824,17994,5
11824,18002,6
11824,18003,1
11824,18008,3
11824,18018,4
11824,18019,2
11824,18021,4
11824,18030,5
11824,18032,10
11824,18033,2
11824,18035,2
11824,18048,1
11824,18052,2
11824,18062,4.5
11824,18064,2
11824,18071,2
11824,18074,4
11824,18080,1
11824,18081,1
11824,18087,2
11824,18088,2
11824,18097,3
11824,18101,14
11824,18102,35
11824,18107,5
11824,18108,1
11824,18114,7
11824,18116,7
11824,18122,14
11824,18123,1
11824,18126,42
11824,18127,11
11824,18128,3
11824,18129,12
11824,18130,15
11824,18131,2
11824,18132,64
11824,18133,91.5
11824,18134,3
11824,18135,57
11824,18136,108.5
11824,18137,49
11824,18138,7
11824,18139,8
11824,18140,29
11824,18141,33
11824,18142,65
11824,18143,58
11824,18144,72
11824,18145,66
11824,18146,28
11824,18151,5
11824,18152,4
11824,18154,2
11824,18155,3
11824,18157,4
11824,18158,2
11824,18161,1
11824,18162,21
11824,18163,7
11824,18164,16
11824,18165,34
11824,18166,36
11824,18167,27
11824,18168,15
11824,18173,28
11824,18174,28
11824,18175,20
11824,18177,2
11824,18179,2
11824,18180,4
11824,18181,24.5
11824,18182,44.5
11824,18183,16
11824,18184,36
11824,18186,73.5
11824,18187,3
11824,18188,14
11824,18191,4
11824,18193,16
11824,18194,11.5
11824,18195,4
11824,18203,4
11824,18210,3
11824,18211,2
11824,18213,1
11824,18214,3
11824,18225,2
11824,18228,3
11824,18230,3.5
11824,18231,5
11824,18232,5
11824,18235,1
11824,18236,2
11824,18248,4
11824,18255,2
11824,18260,2
11824,18264,2
11824,18266,3
11824,18269,2
11825,17922,3
11825,17927,2
11825,17931,2
11825,17933,2
11825,17934,2
11825,17947,1
11825,17983,2
11825,17985,2
11825,17998,5
11825,18023,16
11825,18024,3
11825,18025,5
11825,18028,6
11825,18047,3
11825,18061,22
11825,18062,7
11825,18063,6
11825,18064,6
11825,18073,11
11825,18075,5
11825,18077,2
11825,18079,4
11825,18080,3
11825,18090,3
11825,18093,4
11825,18100,17
11825,18101,22
11825,18102,6
11825,18107,4
11825,18108,4
11825,18117,3
11825,18118,7
11825,18119,2
11825,18120,5
11825,18121,6
11825,18124,11.5
11825,18126,44.5
11825,18127,54.5
11825,18128,140.5
11825,18129,40.5
11825,18130,5
11825,18132,6
11825,18133,4
11825,18134,85.5
11825,18135,71
11825,18136,110.5
11825,18137,79.5
11825,18138,201.5
11825,18139,9
11825,18140,5
11825,18141,40.5
11825,18142,44
11825,18143,29
11825,18144,27
11825,18145,18
11825,18146,1
11825,18147,5
11825,18148,4
11825,18149,99.5
11825,18156,2
11825,18165,4
11825,18166,2
11825,18167,18
11825,18168,35
11825,18173,9.5
11825,18174,25
11825,18175,11
11825,18176,2
11825,18181,14
11825,18182,27
11825,18183,2
11825,18184,9
11825,18185,13
11825,18186,124.5
11825,18187,77
11825,18188,34
11825,18189,3
11825,18190,2
11825,18192,21
11825,18193,17
11825,18196,4
11825,18203,1
11825,18206,6
11825,18207,2
11825,18210,2
11825,18211,3
11825,18217,4.5
11825,18224,4
11825,18225,11.5
11825,18227,2
11825,18231,2
11825,18240,14.5
11825,18256,1
11825,18260,4
11825,18261,9
11825,18265,5
11825,18277,2
11826,17935,1
11826,17941,2
11826,17942,2
11826,17947,2
11826,17964,1
11826,17965,3
11826,17967,2
11826,17971,2
11826,17972,3
11826,17973,2
11826,17979,2
11826,17990,2
11826,17993,2
11826,17994,1
11826,18011,6
11826,18023,17
11826,18024,10
11826,18028,29
11826,18029,4
11826,18042,5
11826,18043,4
11826,18044,6
11826,18046,4
11826,18047,3
11826,18060,7
11826,18061,10.5
11826,18062,7
11826,18063,1
11826,18075,3
11826,18076,12
11826,18077,16
11826,18078,12
11826,18079,5
11826,18080,13
11826,18081,1
11826,18086,2
11826,18088,8
11826,18100,6
11826,18101,17
11826,18102,5
11826,18111,1
11826,18114,7
11826,18118,4
11826,18119,23
11826,18120,9.5
11826,18126,33
11826,18127,45.5
11826,18128,13
11826,18129,35
11826,18130,36
11826,18131,13
11826,18132,1
11826,18133,11
11826,18134,127
11826,18135,40.5
11826,18136,22
11826,18137,1
11826,18138,5
11826,18139,32
11826,18140,38
11826,18141,98
11826,18142,15
11826,18143,5
11826,18144,3
11826,18148,3.5
11826,18149,233.5
11826,18150,45
11826,18153,2
11826,18155,7
11826,18156,2
11826,18168,7
11826,18169,1
11826,18171,4
11826,18172,17
11826,18173,3
11826,18174,25
11826,18175,20
11826,18179,5
11826,18180,14
11826,18181,9
11826,18182,13
11826,18184,32
11826,18185,59.5
11826,18186,72
11826,18187,29
11826,18188,10
11826,18189,10
11826,18190,20
11826,18191,18
11826,18192,7
11826,18196,4
11826,18203,3
11826,18209,5
11826,18210,1
11826,18211,6
11826,18212,2
11826,18213,7
11826,18216,2
11826,18218,2
11826,18224,11
11826,18225,7
11826,18226,4
11826,18227,2
11826,18240,14
11826,18250,2
11826,18253,1
11826,18257,2
11826,18259,3
11826,18260,7
11826,18261,2
11826,18265,1
11826,18266,3
11826,18269,2
11826,18270,4
11827,17948,2
11827,17949,1
11827,17953,2
11827,17955,4
11827,17965,1
11827,17967,1
11827,17972,7
11827,18002,1
11827,18023,7
11827,18024,3
11827,18025,11
11827,18026,2
11827,18028,70
11827,18029,32
11827,18044,5
11827,18045,8
11827,18046,5
11827,18059,5
11827,18060,4
11827,18061,3
11827,18062,9
11827,18063,3
11827,18064,4
11827,18077,2
11827,18078,5
11827,18079,22
11827,18080,2
11827,18081,6
11827,18082,16
11827,18083,2
11827,18085,4
11827,18086,19
11827,18087,1
11827,18088,2
11827,18100,2
11827,18101,13
11827,18106,2
11827,18107,5
11827,18111,1
11827,18112,2
11827,18113,2
11827,18114,5
11827,18116,4
11827,18117,7
11827,18118,1
11827,18119,5
11827,18124,2
11827,18125,2
11827,18126,31
11827,18127,50.5
11827,18128,18.5
11827,18129,13
11827,18130,44.5
11827,18131,29
11827,18132,26
11827,18133,10
11827,18134,5
11827,18136,4
11827,18137,5
11827,18138,18
11827,18139,83
11827,18140,208.5
11827,18141,186.5
11827,18142,12
11827,18145,2
11827,18146,4
11827,18147,14
11827,18148,424.5
11827,18149,84.5
11827,18150,215
11827,18151,5
11827,18153,2
11827,18155,9
11827,18156,10
11827,18157,9
11827,18158,1
11827,18169,11.5
11827,18170,22
11827,18171,30
11827,18172,26
11827,18173,28.5
11827,18174,24
11827,18175,20
11827,18176,9.5
11827,18177,21
11827,18178,17
11827,18179,10
11827,18180,9
11827,18181,11
11827,18183,14
11827,18184,74.5
11827,18185,66
11827,18186,53
11827,18187,68
11827,18188,11.5
11827,18189,45
11827,18190,24
11827,18193,2
11827,18194,1
11827,18198,11
11827,18199,1
11827,18200,2
11827,18202,2.5
11827,18212,3
11827,18215,2
11827,18218,8
11827,18222,2
11827,18224,2
11827,18227,2
11827,18240,11
11827,18241,4
11827,18262,2
11827,18264,2
11827,18265,1
11828,17944,3
11828,17948,1
11828,17956,1
11828,17957,2
11828,17981,1
11828,17987,2
11828,18000,2
11828,18007,4
11828,18012,1
11828,18013,2
11828,18024,1
11828,18026,1
11828,18027,10
11828,18028,35
11828,18029,38.5
11828,18043,2
11828,18044,9
11828,18049,3
11828,18057,9
11828,18058,14
11828,18064,2
11828,18072,5
11828,18079,2
11828,18081,32
11828,18082,48.5
11828,18083,27
11828,18084,7
11828,18085,2
11828,18086,4
11828,18087,14
11828,18089,4
11828,18091,2
11828,18093,2
11828,18094,1
11828,18096,5
11828,18101,21
11828,18107,6
11828,18111,2
11828,18114,1
11828,18118,3
11828,18120,9
11828,18121,4.5
11828,18122,2
11828,18124,9
11828,18125,18
11828,18126,55.5
11828,18127,32
11828,18128,45
11828,18129,63
11828,18130,51.5
11828,18131,41
11828,18132,26.5
11828,18133,11
11828,18136,3
11828,18137,20
11828,18138,26
11828,18139,28
11828,18140,24
11828,18141,2
11828,18142,17
11828,18143,12
11828,18144,2
11828,18146,4
11828,18147,41
11828,18148,147
11828,18149,77
11828,18150,109
11828,18153,2
11828,18160,4
11828,18164,1
11828,18166,1
11828,18172,3
11828,18173,29
11828,18174,16
11828,18175,4
11828,18181,2
11828,18182,5
11828,18183,29
11828,18184,38
11828,18185,59.5
11828,18186,92.5
11828,18187,42
11828,18188,3
11828,18189,14
11828,18190,7
11828,18191,4
11828,18192,3
11828,18193,2
11828,18196,5
11828,18199,5
11828,18200,1.5
11828,18202,3
11828,18207,1
11828,18211,1
11828,18212,3
11828,18220,5
11828,18221,2
11828,18223,5
11828,18240,2
11828,18243,19
11828,18251,1
11828,18253,2
11828,18264,2
11828,18265,2
11828,18270,2
11828,18271,5
11829,17934,3
11829,17944,2
11829,17963,1
11829,17974,2
11829,17976,1
11829,17980,4
11829,17981,3
11829,17986,1
11829,17995,2
11829,17999,2
11829,18001,8
11829,18004,4
11829,18025,2
11829,18026,42.5
11829,18027,16
11829,18028,37
11829,18029,8
11829,18041,2
11829,18043,8
11829,18055,1
11829,18056,22
11829,18057,7
11829,18060,13
11829,18061,22
11829,18062,2
11829,18064,2
11829,18071,11
11829,18072,37
11829,18076,5
11829,18078,8
11829,18081,14
11829,18082,59
11829,18083,54
11829,18084,32
11829,18085,8
11829,18086,18
11829,18087,48
11829,18088,30.5
11829,18089,11
11829,18091,7
11829,18095,2
11829,18100,3
11829,18101,15.5
11829,18104,2
11829,18105,4
11829,18110,3
11829,18112,4
11829,18118,4
11829,18122,9.5
11829,18123,32
11829,18124,14
11829,18125,39
11829,18126,38
11829,18127,46
11829,18128,44
11829,18129,30
11829,18131,41
11829,18132,14
11829,18133,42
11829,18134,3
11829,18138,11
11829,18139,66
11829,18140,75.5
11829,18141,110.5
11829,18142,11
11829,18143,34.5
11829,18144,22
11829,18145,14.5
11829,18146,1
11829,18147,15.5
11829,18148,4
11829,18151,19
11829,18152,11
11829,18155,1
11829,18161,2
11829,18162,5
11829,18163,3
11829,18165,13.5
11829,18166,7
11829,18171,2
11829,18173,7
11829,18174,11
11829,18175,19
11829,18176,8
11829,18177,2
11829,18180,7
11829,18181,26.5
11829,18182,144
11829,18183,33
11829,18184,13
11829,18185,16
11829,18186,12
11829,18187,19
11829,18188,12
11829,18189,2
11829,18193,5
11829,18194,1
11829,18196,1
11829,18200,2
11829,18201,9
11829,18202,4
11829,18207,4
11829,18208,3
11829,18210,4
11829,18211,41
11829,18212,44
11829,18213,4
11829,18215,3
11829,18216,1
11829,18217,1
11829,18218,2
11829,18219,3
11829,18220,1
11829,18221,3
11829,18222,2
11829,18233,2
11829,18239,8
11829,18240,8.5
11829,18245,4
11829,18247,5
11829,18257,2
11829,18259,4
11829,18261,4
11830,17946,2
11830,17985,1
11830,17999,3
11830,18000,2
11830,18002,3
11830,18012,2
11830,18013,1
11830,18018,19
11830,18025,8
11830,18026,37.5
11830,18027,10
11830,18028,3
11830,18041,3
11830,18042,18
11830,18043,3
11830,18044,1
11830,18048,4
11830,18054,21
11830,18055,10
11830,18056,9
11830,18057,4
11830,18060,5
11830,18061,15
11830,18062,29
11830,18069,1
11830,18070,22
11830,18071,25
11830,18072,22
11830,18081,45
11830,18082,98
11830,18083,133.5
11830,18084,93
11830,18085,4
11830,18086,73
11830,18087,88.5
11830,18088,3
11830,18089,12
11830,18090,7
11830,18091,12
11830,18099,1
11830,18100,2
11830,18102,2
11830,18104,8
11830,18105,16
11830,18106,16
11830,18107,3
11830,18108,4
11830,18110,6
11830,18111,1
11830,18119,1
11830,18124,18
11830,18126,16.5
11830,18127,24
11830,18128,29
11830,18129,30
11830,18130,21
11830,18131,16
11830,18132,81
11830,18133,47.5
11830,18134,9
11830,18138,4
11830,18139,16.5
11830,18140,30
11830,18141,19
11830,18142,124.5
11830,18143,1
11830,18144,7
11830,18145,19
11830,18147,1
11830,18151,20.5
11830,18152,10
11830,18153,9
11830,18155,2.5
11830,18162,9
11830,18167,6
11830,18168,5
11830,18169,2
11830,18172,2
11830,18173,8
11830,18174,12
11830,18175,3
11830,18176,18
11830,18177,7
11830,18180,8
11830,18181,11
11830,18182,31
11830,18183,74.5
11830,18184,31
11830,18185,8
11830,18188,2
11830,18189,7
11830,18192,1
11830,18193,5
11830,18194,18
11830,18195,11
11830,18196,7
11830,18197,6
11830,18199,3
11830,18200,7
11830,18201,11
11830,18202,6
11830,18203,7
11830,18204,3
11830,18207,5
11830,18210,1
11830,18211,11
11830,18212,11
11830,18214,7
11830,18217,5
11830,18219,5
11830,18220,2
11830,18221,3
11830,18222,2
11830,18223,2
11830,18227,2
11830,18228,6
11830,18232,7
11830,18233,2
11830,18239,2.5
11830,18246,2
11830,18247,11
11830,18250,6
11830,18253,5
11830,18256,1
11830,18257,3
11830,18262,7
11830,18263,1
11830,18264,2
11831,17947,3
11831,17955,5
11831,17987,2
11831,17990,2
11831,17994,1
11831,17999,11
11831,18003,4
11831,18010,7.5
11831,18013,3
11831,18017,2
11831,18018,15
11831,18019,2
11831,18020,5
11831,18023,1
11831,18024,6
11831,18025,11
11831,18026,5
11831,18035,5
11831,18041,6
11831,18044,3
11831,18052,10
11831,18053,20
11831,18054,23
11831,18055,1
11831,18058,4
11831,18060,11
11831,18061,6
11831,18062,26
11831,18063,5
11831,18064,7
11831,18065,5
11831,18068,23
11831,18069,11
11831,18070,21.5
11831,18071,6
11831,18078,3
11831,18079,3
11831,18080,26.5
11831,18081,64.5
11831,18082,35.5
11831,18083,32
11831,18084,33
11831,18085,28
11831,18086,39.5
11831,18087,17
11831,18088,2
11831,18090,21
11831,18091,24
11831,18092,11
11831,18093,2
11831,18094,8
11831,18095,2
11831,18096,8
11831,18109,2
11831,18110,7
11831,18111,2
11831,18118,4
11831,18119,4
11831,18124,16
11831,18126,6
11831,18127,2
11831,18128,2
11831,18129,31
11831,18130,33
11831,18131,165
11831,18132,21
11831,18133,39
11831,18135,2
11831,18137,11
11831,18138,18.5
11831,18139,15
11831,18140,39
11831,18141,34
11831,18142,8
11831,18143,111.5
11831,18144,24
11831,18145,22
11831,18146,25
11831,18147,10
11831,18148,18.5
11831,18149,18
11831,18151,5
11831,18152,8
11831,18153,49.5
11831,18154,105
11831,18155,1
11831,18168,5
11831,18169,13
11831,18172,2
11831,18173,3
11831,18180,2
11831,18182,23
11831,18184,3
11831,18186,9
11831,18187,4
11831,18188,1
11831,18193,14.5
11831,18194,13
11831,18195,8
11831,18196,20
11831,18197,33.5
11831,18198,9
11831,18200,14
11831,18201,2
11831,18203,1
11831,18204,2
11831,18205,2
11831,18207,8
11831,18208,8
11831,18211,1
11831,18212,4
11831,18213,1
11831,18219,4
11831,18221,3
11831,18222,2
11831,18228,8
11831,18231,3
11831,18232,11
11831,18233,5
11831,18242,2
11831,18245,4
11831,18247,1
11831,18253,7
11831,18256,2
11831,18261,2
11832,17928,4
11832,17936,2
11832,17948,4
11832,17950,6
11832,17952,2
11832,17962,2
11832,17964,2
11832,17979,1
11832,17995,1
11832,17996,7
11832,17997,4
11832,17998,13
11832,17999,17
11832,18002,2
11832,18003,3
11832,18004,6
11832,18005,6
11832,18009,5
11832,18010,18
11832,18013,17
11832,18014,14
11832,18018,3
11832,18019,4
11832,18024,5
11832,18037,3
11832,18040,1
11832,18041,5
11832,18042,3
11832,18043,8
11832,18044,5
11832,18046,7
11832,18047,5
11832,18049,3
11832,18052,14
11832,18053,14
11832,18057,3
11832,18058,8
11832,18059,8.5
11832,18060,21
11832,18061,13
11832,18062,4
11832,18064,2
11832,18065,5
11832,18066,16
11832,18067,26
11832,18068,22
11832,18069,20
11832,18070,39
11832,18071,36
11832,18072,14
11832,18073,25
11832,18074,20
11832,18076,2
11832,18077,5
11832,18078,14
11832,18080,12
11832,18081,22
11832,18082,10
11832,18083,19
11832,18084,10
11832,18085,53.5
11832,18086,51
11832,18087,46.5
11832,18088,28
11832,18089,17
11832,18090,24
11832,18091,12.5
11832,18092,6
11832,18094,3
11832,18095,2
11832,18096,6
11832,18097,8
11832,18098,1
11832,18108,4
11832,18109,5
11832,18111,4
11832,18113,1
11832,18114,10
11832,18116,1
11832,18117,6
11832,18118,6
11832,18123,5
11832,18124,3
11832,18128,2
11832,18129,10
11832,18130,15
11832,18131,37
11832,18132,5
11832,18133,16
11832,18137,22
11832,18138,13
11832,18139,21
11832,18140,37
11832,18141,17
11832,18142,4
11832,18143,116.5
11832,18144,59.5
11832,18145,43
11832,18146,28
11832,18147,7
11832,18148,12.5
11832,18149,1
11832,18151,4
11832,18152,11
11832,18153,113.5
11832,18154,45
11832,18155,11
11832,18156,2
11832,18159,4
11832,18165,7
11832,18169,4
11832,18171,2
11832,18172,3
11832,18178,2
11832,18180,10
11832,18181,5
11832,18182,13
11832,18183,17
11832,18185,9
11832,18186,11.5
11832,18191,25
11832,18192,6
11832,18196,4
11832,18197,18
11832,18198,17
11832,18199,10
11832,18200,6
11832,18203,2
11832,18206,1
11832,18207,15
11832,18208,12
11832,18211,10
11832,18212,16
11832,18213,2
11832,18219,26.5
11832,18229,12
11832,18230,16
11832,18232,4
11832,18241,4
11832,18242,3
11832,18247,8
11832,18248,14
11832,18252,2
11832,18255,8
11832,18257,4
11832,18259,1
11833,17931,5
11833,17933,4
11833,17950,1
11833,17961,2
11833,17971,4
11833,17974,1
11833,17980,1
11833,17990,3
11833,17995,2
11833,17996,6
11833,17997,31.5
11833,17998,44.5
11833,17999,8
11833,18001,3
11833,18004,4
11833,18009,10
11833,18013,16
11833,18014,4
11833,18023,1
11833,18032,3
11833,18039,10
11833,18041,2
11833,18042,6
11833,18045,1
11833,18047,2
11833,18048,1
11833,18050,4
11833,18051,7
11833,18053,14
11833,18054,2
11833,18055,7
11833,18059,2
11833,18060,7
11833,18061,10
11833,18062,7
11833,18065,34
11833,18066,16
11833,18067,24
11833,18068,37
11833,18069,8.5
11833,18070,7
11833,18071,9
11833,18072,6
11833,18073,6
11833,18077,4
11833,18078,2
11833,18082,2
11833,18083,24
11833,18085,34
11833,18086,15
11833,18087,61.5
11833,18088,47.5
11833,18089,35
11833,18090,11
11833,18095,2
11833,18098,3
11833,18099,5
11833,18100,8
11833,18101,1
11833,18102,2
11833,18103,2
11833,18105,4
11833,18106,11
11833,18107,2
11833,18109,3
11833,18110,2
11833,18113,1
11833,18117,13
11833,18119,29
11833,18121,13
11833,18122,25
11833,18123,23
11833,18124,13.5
11833,18126,20
11833,18127,3
11833,18128,10
11833,18129,25
11833,18130,7
11833,18131,27.5
11833,18132,12
11833,18133,14
11833,18137,20
11833,18138,3
11833,18139,5
11833,18140,20
11833,18141,1.5
11833,18142,3
11833,18143,38
11833,18144,48
11833,18145,37
11833,18146,38
11833,18147,10
11833,18148,3
11833,18150,2
11833,18152,10
11833,18153,38
11833,18154,43
11833,18155,43
11833,18156,20
11833,18157,25
11833,18158,87.5
11833,18159,77
11833,18160,7
11833,18161,5
11833,18162,8
11833,18164,6
11833,18166,4
11833,18173,12
11833,18174,1
11833,18175,4
11833,18177,4
11833,18180,2
11833,18181,2
11833,18184,3
11833,18185,4
11833,18186,2
11833,18187,2
11833,18190,2
11833,18191,23
11833,18198,2
11833,18201,6
11833,18202,2
11833,18203,11
11833,18204,4
11833,18205,4
11833,18206,24
11833,18207,22.5
11833,18208,5
11833,18210,9
11833,18212,10
11833,18213,2
11833,18214,3
11833,18216,1
11833,18218,18
11833,18219,7
11833,18228,10
11833,18232,2
11833,18233,2
11833,18243,7
11833,18246,39.5
11833,18247,5
11833,18249,2
11833,18253,1
11833,18257,2
11833,18260,2
11834,17928,2
11834,17929,2
11834,17940,6
11834,17962,4
11834,17974,3
11834,17977,2
11834,17995,3
11834,18000,2
11834,18006,2
11834,18008,2
11834,18015,3
11834,18022,3
11834,18023,1
11834,18035,2
11834,18039,7
11834,18041,19
11834,18042,28
11834,18045,13.5
11834,18046,10
11834,18047,18
11834,18048,31.5
11834,18049,5
11834,18051,6
11834,18052,23.5
11834,18053,11
11834,18054,4
11834,18055,1
11834,18056,3
11834,18065,6
11834,18066,4
11834,18067,12
11834,18068,12
11834,18069,10.5
11834,18070,4
11834,18078,3
11834,18080,3
11834,18081,16
11834,18082,4
11834,18083,5
11834,18085,61
11834,18086,62
11834,18087,41
11834,18088,23
11834,18089,34.5
11834,18090,1
11834,18092,5
11834,18093,2
11834,18099,1
11834,18100,6
11834,18101,7
11834,18102,12
11834,18103,19
11834,18106,3
11834,18107,2
11834,18108,7
11834,18116,5
11834,18117,3
11834,18118,7
11834,18119,25
11834,18120,23.5
11834,18122,5
11834,18123,29
11834,18124,11
11834,18125,32
11834,18126,34
11834,18127,27
11834,18128,5
11834,18129,28.5
11834,18130,24
11834,18131,8
11834,18132,16
11834,18133,27
11834,18134,5
11834,18137,54
11834,18138,3
11834,18139,2
11834,18140,36
11834,18141,14
11834,18142,2
11834,18143,24
11834,18144,37
11834,18145,3
11834,18146,12
11834,18147,13
11834,18148,3
11834,18150,1
11834,18151,3
11834,18153,5
11834,18154,2
11834,18155,27
11834,18156,38.5
11834,18157,37.5
11834,18158,33
11834,18159,104
11834,18160,15
11834,18161,3
11834,18163,1
11834,18165,2
11834,18166,15
11834,18171,4
11834,18173,5
11834,18174,4
11834,18176,1
11834,18177,8
11834,18179,3.5
11834,18180,4
11834,18182,2
11834,18183,8
11834,18184,8
11834,18187,1
11834,18188,6
11834,18189,2
11834,18192,2
11834,18196,5
11834,18198,3
11834,18199,3
11834,18203,31
11834,18204,23
11834,18205,21
11834,18206,9
11834,18207,17
11834,18208,23
11834,18209,64
11834,18210,12
11834,18211,56.5
11834,18212,15
11834,18214,2
11834,18217,2
11834,18218,15.5
11834,18223,4
11834,18227,8
11834,18233,7
11834,18243,9
11834,18244,14
11834,18245,16
11834,18246,17
11834,18247,8
11834,18248,9
11834,18249,4
11834,18250,16
11834,18251,8
11834,18252,3
11834,18253,2
11834,18254,6
11834,18257,4
11835,17960,4
11835,17963,2
11835,17975,2
11835,17989,2
11835,17994,4
11835,18000,3
11835,18005,4
11835,18008,2
11835,18013,10
11835,18014,8
11835,18015,38
11835,18016,44.5
11835,18017,8
11835,18021,6
11835,18022,4
11835,18038,1
11835,18039,3
11835,18040,6
11835,18041,25
11835,18042,16
11835,18043,4
11835,18044,60.5
11835,18045,57
11835,18046,23
11835,18047,83.5
11835,18048,61
11835,18049,30.5
11835,18050,17
11835,18051,33
11835,18052,39
11835,18053,14
11835,18054,4
11835,18056,3
11835,18065,5
11835,18071,2
11835,18077,3
11835,18078,3
11835,18079,1
11835,18085,1
11835,18086,1
11835,18087,3
11835,18088,12
11835,18089,40.5
11835,18092,6
11835,18093,1
11835,18100,4
11835,18101,6
11835,18102,10
11835,18103,3
11835,18107,19.5
11835,18117,2
11835,18118,13
11835,18119,16
11835,18120,14
11835,18122,4
11835,18123,37
11835,18124,4
11835,18125,16
11835,18126,15
11835,18127,5
11835,18128,44.5
11835,18129,5
11835,18130,6
11835,18131,6
11835,18132,12
11835,18133,28.5
11835,18134,7.5
11835,18136,2
11835,18137,47
11835,18138,2
11835,18140,5
11835,18141,4
11835,18142,35
11835,18143,46
11835,18144,9
11835,18145,33
11835,18146,29
11835,18147,6
11835,18151,6
11835,18153,2
11835,18154,2
11835,18155,4
11835,18156,32
11835,18157,19
11835,18158,67.5
11835,18159,49.5
11835,18160,24.5
11835,18161,53
11835,18162,2
11835,18164,5
11835,18165,6
11835,18166,2
11835,18167,3
11835,18169,1
11835,18170,18
11835,18171,17
11835,18174,1
11835,18175,9
11835,18176,13
11835,18177,9
11835,18179,1
11835,18182,3
11835,18183,36
11835,18184,14
11835,18186,6
11835,18187,16
11835,18188,27.5
11835,18189,11
11835,18190,4
11835,18191,6.5
11835,18192,1
11835,18193,4
11835,18194,2
11835,18195,3
11835,18197,6.5
11835,18198,4
11835,18199,7
11835,18200,15
11835,18201,4
11835,18202,2
11835,18205,6
11835,18206,16
11835,18207,8
11835,18208,30
11835,18209,109.5
11835,18210,85
11835,18211,47.5
11835,18212,35.5
11835,18217,20
11835,18218,8
11835,18219,3
11835,18222,8
11835,18231,18
11835,18232,12
11835,18233,3
11835,18243,1
11835,18245,7
11835,18246,3
11835,18247,14.5
11835,18248,204.5
11835,18249,68.5
11835,18250,29
11835,18251,3
11835,18252,16
11835,18253,7
11835,18254,4
11835,18256,1
11835,18258,1
11835,18260,4
11835,18261,4
11836,17933,6
11836,17934,2
11836,17935,2
11836,17937,2
11836,17953,2
11836,17973,2
11836,17974,1
11836,17991,2
11836,17994,1
11836,18008,3
11836,18009,1
11836,18013,19
11836,18014,123
11836,18015,25.5
11836,18016,109
11836,18017,25.5
11836,18018,35
11836,18019,6
11836,18020,9
11836,18021,3
11836,18039,4.5
11836,18040,18
11836,18041,60
11836,18042,12
11836,18043,5
11836,18044,77.5
11836,18045,65
11836,18046,70.5
11836,18047,93
11836,18048,12
11836,18049,6
11836,18050,17
11836,18051,31
11836,18052,9
11836,18053,4
11836,18054,1
11836,18057,9
11836,18058,9
11836,18062,12
11836,18063,6
11836,18065,4
11836,18074,4
11836,18075,1
11836,18086,2
11836,18088,4
11836,18090,4
11836,18094,4
11836,18100,2
11836,18101,2
11836,18102,23
11836,18103,16
11836,18104,9
11836,18105,2
11836,18106,3
11836,18107,1
11836,18116,7
11836,18118,11
11836,18121,3
11836,18122,25
11836,18123,36
11836,18126,2
11836,18127,18
11836,18128,10
11836,18129,8
11836,18130,30.5
11836,18132,1
11836,18136,26
11836,18137,13
11836,18138,14
11836,18139,2
11836,18140,9
11836,18141,8
11836,18142,20
11836,18143,57
11836,18144,26
11836,18145,8
11836,18146,18
11836,18147,4
11836,18152,16
11836,18153,9
11836,18154,3
11836,18155,1
11836,18158,20
11836,18159,22
11836,18160,46
11836,18161,65.5
11836,18164,8.5
11836,18165,19
11836,18166,4
11836,18167,5
11836,18168,6
11836,18174,2
11836,18175,30
11836,18176,6
11836,18177,16
11836,18178,20
11836,18180,4
11836,18182,11.5
11836,18183,12.5
11836,18184,2
11836,18187,6
11836,18188,6
11836,18190,7
11836,18191,18.5
11836,18193,10
11836,18194,2
11836,18196,3
11836,18197,26
11836,18198,22
11836,18199,17
11836,18200,4
11836,18201,1
11836,18202,1
11836,18205,51.5
11836,18207,4
11836,18208,40.5
11836,18209,137.5
11836,18210,87.5
11836,18211,7
11836,18214,3
11836,18215,1
11836,18219,2
11836,18222,8
11836,18230,7
11836,18232,4
11836,18233,2
11836,18241,6
11836,18245,3
11836,18246,21.5
11836,18247,21
11836,18248,28
11836,18249,22
11836,18250,8
11836,18251,2
11836,18252,3
11837,17934,2
11837,17939,2
11837,17941,8
11837,17942,3
11837,17950,2
11837,17954,1
11837,17958,3
11837,17966,3
11837,17968,8
11837,17977,2
11837,17990,1
11837,17991,1
11837,17996,1
11837,17997,1
11837,17998,4
11837,18011,3
11837,18012,10
11837,18013,11
11837,18014,3
11837,18015,18
11837,18016,18
11837,18017,16
11837,18018,19
11837,18019,14
11837,18020,9
11837,18021,3
11837,18022,2
11837,18039,3
11837,18040,9
11837,18041,56
11837,18042,46.5
11837,18043,140.5
11837,18044,102.5
11837,18045,84.5
11837,18046,236.5
11837,18047,24
11837,18048,52
11837,18049,21
11837,18050,17
11837,18054,3
11837,18055,5
11837,18057,4
11837,18058,3
11837,18060,4
11837,18061,9
11837,18062,13
11837,18063,1
11837,18064,1
11837,18065,8
11837,18066,10
11837,18067,4
11837,18069,4
11837,18070,3
11837,18073,2
11837,18086,4
11837,18091,5
11837,18092,5
11837,18093,2
11837,18099,1
11837,18100,1
11837,18102,1
11837,18105,2
11837,18106,3
11837,18117,9
11837,18118,13
11837,18119,3
11837,18122,2
11837,18123,14
11837,18124,10
11837,18127,11
11837,18128,11
11837,18129,20
11837,18130,34
11837,18131,8
11837,18133,30
11837,18134,33
11837,18135,37
11837,18136,15.5
11837,18137,4
11837,18138,31
11837,18139,26
11837,18140,33
11837,18141,24
11837,18142,30
11837,18143,16
11837,18144,22
11837,18145,13
11837,18146,2
11837,18147,6.5
11837,18148,12
11837,18149,3
11837,18152,2
11837,18153,1
11837,18156,12
11837,18157,6
11837,18159,15.5
11837,18160,120
11837,18161,64
11837,18162,19
11837,18163,18
11837,18164,4
11837,18168,3
11837,18169,4
11837,18174,1
11837,18175,15
11837,18177,14
11837,18178,16
11837,18179,3
11837,18181,13.5
11837,18182,23
11837,18183,23
11837,18188,1
11837,18189,3
11837,18191,5
11837,18192,6
11837,18196,18
11837,18197,28
11837,18198,1
11837,18199,15
11837,18200,19
11837,18201,26
11837,18202,21
11837,18203,22
11837,18204,63
11837,18205,81
11837,18206,49
11837,18207,34
11837,18208,18
11837,18209,29
11837,18210,81
11837,18211,17
11837,18212,13
11837,18213,13
11837,18215,5
11837,18216,5
11837,18218,16
11837,18219,16
11837,18220,6
11837,18221,2
11837,18222,5
11837,18224,2
11837,18226,3
11837,18227,3
11837,18238,6
11837,18239,6
11837,18242,3
11837,18245,29
11837,18246,18
11837,18247,6
11837,18248,16
11837,18249,19
11837,18250,30
11837,18251,2
11837,18252,11
11837,18253,4
11837,18254,5
11837,18255,1
11838,17926,1
11838,17927,2
11838,17930,1
11838,17932,2
11838,17933,2
11838,17934,8
11838,17935,18
11838,17936,4
11838,17937,4
11838,17967,2
11838,17980,4
11838,17989,1
11838,17991,3
11838,17997,2
11838,18011,5
11838,18012,17
11838,18013,17
11838,18014,16
11838,18015,7
11838,18016,5
11838,18018,5
11838,18020,6
11838,18034,4
11838,18037,2
11838,18038,2
11838,18039,3
11838,18040,50
11838,18041,66.5
11838,18042,219.5
11838,18043,252.5
11838,18044,72
11838,18045,7
11838,18046,45.5
11838,18047,35
11838,18048,31
11838,18049,25.5
11838,18050,3
11838,18057,1
11838,18059,1
11838,18060,32
11838,18061,23
11838,18062,29
11838,18063,21
11838,18064,17.5
11838,18065,24
11838,18067,2
11838,18068,2
11838,18069,2.5
11838,18071,2
11838,18076,2
11838,18080,6
11838,18081,1
11838,18082,1
11838,18083,1
11838,18086,1
11838,18089,5
11838,18090,1
11838,18092,12
11838,18097,5
11838,18099,4
11838,18101,5
11838,18106,5
11838,18107,2
11838,18114,9
11838,18115,4
11838,18117,21
11838,18119,2
11838,18120,4
11838,18122,7
11838,18123,2
11838,18124,12
11838,18128,5
11838,18129,17
11838,18130,27.5
11838,18131,10
11838,18132,4
11838,18133,19
11838,18134,62.5
11838,18135,45
11838,18136,2
11838,18137,9
11838,18138,56
11838,18139,29
11838,18140,27
11838,18141,9
11838,18142,10.5
11838,18143,6
11838,18145,7
11838,18147,1
11838,18148,4
11838,18149,7
11838,18155,1
11838,18156,5
11838,18157,1
11838,18158,2
11838,18160,5
11838,18161,15
11838,18162,12
11838,18163,31
11838,18164,27
11838,18165,15
11838,18166,6
11838,18167,3
11838,18168,7
11838,18170,6
11838,18171,2
11838,18174,1
11838,18177,6
11838,18180,7
11838,18181,20
11838,18182,7
11838,18183,19
11838,18188,1
11838,18191,4
11838,18192,3
11838,18195,2
11838,18196,34
11838,18197,2
11838,18198,4
11838,18203,7
11838,18204,5
11838,18205,26.5
11838,18206,59
11838,18207,68
11838,18208,6
11838,18209,16
11838,18210,29
11838,18211,14
11838,18212,93
11838,18213,15.5
11838,18214,6
11838,18215,18
11838,18219,10
11838,18221,2
11838,18224,5
11838,18225,2
11838,18227,4
11838,18228,5
11838,18229,5
11838,18230,1
11838,18232,2
11838,18237,13
11838,18238,21
11838,18239,11
11838,18245,10.5
11838,18246,1
11838,18247,9
11838,18248,7
11838,18249,16
11838,18250,9
11838,18251,4
11838,18252,7
11838,18253,6
11838,18255,4
11839,17932,2
11839,17934,36
11839,17935,32
11839,17936,2
11839,17951,2
11839,17972,2
11839,17973,11
11839,17974,2
11839,17988,2
11839,17996,5
11839,17999,2
11839,18009,2
11839,18010,4
11839,18011,1
11839,18012,5
11839,18014,2
11839,18015,5
11839,18016,5
11839,18017,10
11839,18018,4
11839,18019,1
11839,18020,5
11839,18021,5
11839,18036,4
11839,18037,5
11839,18038,34
11839,18039,7
11839,18040,58
11839,18041,242
11839,18042,216.5
11839,18043,160
11839,18044,56.5
11839,18045,16
11839,18046,14
11839,18047,10.5
11839,18048,15
11839,18050,4
11839,18051,4
11839,18053,1
11839,18054,2
11839,18055,9
11839,18056,6
11839,18057,3
11839,18058,6
11839,18060,4
11839,18061,17
11839,18062,7
11839,18063,13
11839,18064,1
11839,18070,7
11839,18073,2
11839,18077,4
11839,18082,9.5
11839,18083,1
11839,18086,1
11839,18087,2
11839,18092,4
11839,18093,1
11839,18099,6
11839,18100,4
11839,18101,7
11839,18106,11
11839,18114,8
11839,18115,1
11839,18117,4
11839,18120,1
11839,18122,6
11839,18123,19.5
11839,18124,22.5
11839,18125,2
11839,18128,17
11839,18129,53
11839,18130,23
11839,18131,58.5
11839,18132,30
11839,18133,52
11839,18134,21.5
11839,18135,36
11839,18136,28
11839,18137,2
11839,18138,1
11839,18140,46
11839,18141,4
11839,18144,3
11839,18145,1
11839,18147,10
11839,18148,11
11839,18149,6
11839,18150,5
11839,18155,1
11839,18156,4
11839,18158,5
11839,18160,8
11839,18161,5
11839,18162,16
11839,18163,12
11839,18164,32
11839,18165,48
11839,18166,3
11839,18167,1
11839,18168,3
11839,18170,6
11839,18171,6
11839,18175,5
11839,18178,4
11839,18181,7
11839,18182,4
11839,18183,12
11839,18186,2
11839,18188,4
11839,18189,6
11839,18190,2
11839,18191,4
11839,18194,2
11839,18195,28
11839,18196,18
11839,18199,5
11839,18202,2
11839,18204,3
11839,18205,12
11839,18206,22
11839,18207,35.5
11839,18208,42
11839,18209,70.5
11839,18210,166
11839,18211,17
11839,18212,26
11839,18213,40.5
11839,18215,10
11839,18216,11
11839,18218,9
11839,18219,25
11839,18220,6.5
11839,18221,3
11839,18222,2
11839,18231,2
11839,18232,2
11839,18233,1
11839,18237,16
11839,18245,19
11839,18246,2
11839,18248,1
11839,18249,7
11839,18250,9
11839,18252,1
11839,18254,6
11839,18255,2
11840,17927,5
11840,17934,8
11840,17935,9
11840,17938,2
11840,17940,2
11840,17951,1
11840,17954,2
11840,17957,2
11840,17968,2
11840,17976,2
11840,17979,2
11840,17982,2
11840,17986,4
11840,17987,2
11840,17988,2
11840,17996,1
11840,18000,4
11840,18003,4
11840,18004,2
11840,18005,2
11840,18006,2
11840,18017,16
11840,18018,1
11840,18019,4
11840,18023,8
11840,18036,5
11840,18037,8
11840,18038,21.5
11840,18039,75
11840,18040,120
11840,18041,142.5
11840,18042,171.5
11840,18043,14
11840,18044,9
11840,18045,2
11840,18046,14
11840,18047,13
11840,18051,4
11840,18052,10
11840,18053,4
11840,18060,2
11840,18061,9
11840,18070,5
11840,18079,3
11840,18081,7
11840,18082,5
11840,18085,5
11840,18087,12
11840,18092,7
11840,18098,1
11840,18099,4
11840,18100,4
11840,18105,2
11840,18106,2
11840,18107,3
11840,18114,9
11840,18115,10
11840,18117,1
11840,18120,4
11840,18123,12.5
11840,18124,12
11840,18125,8
11840,18126,15
11840,18127,8
11840,18128,18
11840,18129,33
11840,18130,27
11840,18131,31
11840,18132,34.5
11840,18133,23
11840,18134,32
11840,18135,33
11840,18136,54
11840,18137,82
11840,18138,63
11840,18140,7
11840,18146,13
11840,18147,4
11840,18151,9
11840,18155,7
11840,18156,20
11840,18157,10
11840,18161,2
11840,18165,15
11840,18166,7
11840,18168,3
11840,18171,12
11840,18172,3
11840,18176,2
11840,18177,1
11840,18179,8
11840,18180,2
11840,18182,13
11840,18183,1
11840,18188,18
11840,18189,13
11840,18192,2
11840,18196,10
11840,18197,3
11840,18200,3
11840,18206,1
11840,18207,162
11840,18208,41
11840,18209,158.5
11840,18210,41
11840,18211,21.5
11840,18212,6.5
11840,18213,223.5
11840,18215,6.5
11840,18217,1
11840,18218,9
11840,18219,28
11840,18221,4.5
11840,18223,3
11840,18224,2
11840,18225,2
11840,18231,1
11840,18236,5
11840,18245,2
11840,18246,2
11840,18248,1
11840,18249,2
11840,18250,2
11840,18253,2
11840,18310,8.5
11840,18312,4
11840,18316,4
11841,17926,4
11841,17929,4
11841,17930,6.5
11841,17932,2
11841,17935,6
11841,17940,9
11841,17944,2
11841,17958,5
11841,17959,3
11841,17975,2
11841,17976,2
11841,17979,5.5
11841,17987,6
11841,17988,5
11841,17999,5
11841,18000,18
11841,18003,2
11841,18013,2
11841,18014,14
11841,18017,2
11841,18018,3
11841,18019,1
11841,18038,147
11841,18039,100.5
11841,18040,140.5
11841,18041,157.5
11841,18042,87
11841,18043,11
11841,18044,12
11841,18045,21
11841,18046,28
11841,18047,37
11841,18048,9
11841,18054,2
11841,18056,1
11841,18061,2
11841,18067,9
11841,18068,10
11841,18070,12
11841,18081,2
11841,18084,1
11841,18087,18
11841,18092,7
11841,18094,2
11841,18095,4
11841,18096,4
11841,18099,2
11841,18100,2
11841,18101,3
11841,18104,2
11841,18105,3
11841,18110,1
11841,18113,13
11841,18114,34
11841,18115,2
11841,18119,5
11841,18121,9
11841,18123,17
11841,18124,5
11841,18125,7
11841,18126,12
11841,18127,1
11841,18128,2
11841,18129,2
11841,18130,20
11841,18131,42
11841,18132,25
11841,18133,14
11841,18134,12
11841,18135,27
11841,18136,22
11841,18137,28
11841,18138,9
11841,18145,1
11841,18146,8
11841,18155,4
11841,18156,5
11841,18157,1
11841,18161,6
11841,18166,14
11841,18167,2
11841,18170,1
11841,18171,8
11841,18172,6
11841,18177,5
11841,18180,6.5
11841,18182,2
11841,18188,5
11841,18189,6
11841,18194,1
11841,18196,2
11841,18199,6
11841,18200,10
11841,18202,1
11841,18204,5
11841,18205,20
11841,18206,2
11841,18207,21
11841,18208,30
11841,18209,4
11841,18212,6
11841,18213,11
11841,18214,3
11841,18218,1
11841,18220,6
11841,18221,5
11841,18222,1
11841,18232,6
11841,18233,11
11841,18234,1
11841,18237,10.5
11841,18240,7
11841,18244,2
11841,18245,3
11841,18256,2
11841,18309,1
11842,17926,2
11842,17939,1
11842,17945,4
11842,17975,7
11842,17977,10
11842,17987,6
11842,17988,7
11842,18000,6
11842,18001,2
11842,18014,11
11842,18017,4
11842,18018,7
11842,18020,2
11842,18031,2
11842,18036,7
11842,18038,8
11842,18039,77.5
11842,18040,61
11842,18041,61
11842,18042,81
11842,18043,186.5
11842,18045,13
11842,18046,13
11842,18047,30
11842,18048,3
11842,18049,9
11842,18050,1
11842,18052,3
11842,18053,1
11842,18056,2
11842,18059,4
11842,18061,11
11842,18067,8
11842,18068,6
11842,18069,13
11842,18070,9
11842,18071,5
11842,18073,2
11842,18080,2
11842,18084,3
11842,18087,14
11842,18092,2
11842,18096,1
11842,18097,1
11842,18099,10
11842,18100,17
11842,18106,4
11842,18108,4
11842,18111,2
11842,18113,28
11842,18114,14
11842,18115,5
11842,18116,2
11842,18118,5
11842,18121,4
11842,18122,7
11842,18123,7
11842,18124,2
11842,18125,2
11842,18126,2
11842,18127,4
11842,18130,19
11842,18131,24
11842,18132,13
11842,18133,44.5
11842,18134,9
11842,18135,13
11842,18136,5
11842,18143,14.5
11842,18156,17
11842,18157,2
11842,18161,5
11842,18162,7
11842,18166,8
11842,18167,1
11842,18168,3
11842,18170,5
11842,18171,17
11842,18172,16
11842,18173,11
11842,18174,9
11842,18175,10.5
11842,18176,2
11842,18180,1
11842,18183,14
11842,18184,3
11842,18186,3
11842,18187,10
11842,18188,5
11842,18192,1
11842,18193,3
11842,18195,3
11842,18196,1
11842,18197,1
11842,18199,1
11842,18200,2
11842,18201,2
11842,18202,3
11842,18203,37.5
11842,18204,21
11842,18205,14
11842,18206,10
11842,18207,47.5
11842,18208,22
11842,18209,5
11842,18213,2
11842,18219,3
11842,18240,2
11842,18244,4
11842,18247,3
11842,18253,11
11842,18254,8
11842,18319,4
11843,17930,3
11843,17931,1
11843,17950,1
11843,17951,2
11843,17954,1
11843,17957,3
11843,17962,2
11843,17976,12
11843,17977,46
11843,17978,2
11843,17979,2
11843,17986,4
11843,17987,40
11843,17988,3
11843,18000,2
11843,18004,7
11843,18013,2
11843,18016,4
11843,18034,2
11843,18035,3
11843,18037,1
11843,18038,12
11843,18039,170.5
11843,18040,181.5
11843,18041,86.5
11843,18042,77
11843,18043,11
11843,18044,1
11843,18045,31
11843,18046,4
11843,18047,48
11843,18048,23
11843,18049,4
11843,18053,7
11843,18054,2
11843,18055,5
11843,18056,2
11843,18059,1
11843,18060,10
11843,18061,9
11843,18065,4
11843,18068,1
11843,18069,6
11843,18070,18
11843,18071,7
11843,18072,1
11843,18075,11
11843,18084,6
11843,18088,5
11843,18092,2
11843,18099,2
11843,18100,17
11843,18108,5
11843,18111,2
11843,18113,29
11843,18115,5
11843,18116,2
11843,18118,16
11843,18119,4
11843,18121,4
11843,18126,2
11843,18127,4
11843,18130,9
11843,18131,5
11843,18132,40
11843,18133,4
11843,18134,4
11843,18135,4
11843,18142,5
11843,18143,3
11843,18150,3
11843,18151,1
11843,18157,5
11843,18158,3
11843,18161,2
11843,18162,8
11843,18163,1
11843,18164,1.5
11843,18165,2
11843,18167,4
11843,18171,3
11843,18172,28
11843,18174,18
11843,18175,1
11843,18178,3
11843,18183,2
11843,18186,7
11843,18187,26
11843,18188,5
11843,18189,5
11843,18190,2
11843,18192,1
11843,18195,1
11843,18196,2
11843,18200,2
11843,18202,3
11843,18203,24
11843,18204,38
11843,18205,21
11843,18206,3
11843,18207,5
11843,18214,1
11843,18225,3
11843,18239,4
11843,18251,1
11843,18252,2
11843,18315,6
11843,18335,2
11843,18336,2
11844,17928,1
11844,17929,3
11844,17930,2
11844,17937,1
11844,17944,2
11844,17952,2
11844,17965,2.5
11844,17970,3
11844,17990,2
11844,17994,1
11844,18004,3
11844,18013,2
11844,18014,2
11844,18017,4
11844,18022,8
11844,18037,12
11844,18038,166
11844,18039,217
11844,18040,182
11844,18041,57
11844,18042,122.5
11844,18043,7
11844,18044,16.5
11844,18045,6
11844,18047,11
11844,18048,13
11844,18049,2
11844,18057,8
11844,18059,1
11844,18060,35
11844,18062,2
11844,18063,4
11844,18064,5
11844,18065,4
11844,18067,3
11844,18069,5
11844,18070,40
11844,18071,31
11844,18075,4
11844,18083,3
11844,18088,4
11844,18091,5
11844,18093,2
11844,18100,10
11844,18108,5
11844,18112,10
11844,18113,6
11844,18114,2
11844,18115,9
11844,18116,5
11844,18120,4
11844,18121,5
11844,18123,5
11844,18124,3
11844,18127,2
11844,18131,15
11844,18132,20
11844,18142,10
11844,18148,2
11844,18149,1
11844,18150,12
11844,18158,3
11844,18159,1
11844,18162,1
11844,18163,4
11844,18173,4.5
11844,18174,1
11844,18175,3
11844,18178,6
11844,18179,4
11844,18182,2
11844,18183,5
11844,18187,20.5
11844,18188,4
11844,18192,24
11844,18203,25
11844,18204,41
11844,18205,11
11844,18206,11
11844,18214,2
11844,18224,1
11844,18225,9
11844,18226,3
11844,18227,13.5
11844,18228,2
11844,18229,5
11844,18241,1
11844,18248,6
11844,18249,4
11844,18250,5
11844,18256,1
11845,17933,3
11845,17944,3
11845,17956,1
11845,17957,2
11845,17974,4
11845,17977,1
11845,17978,3
11845,17981,2
11845,17989,1
11845,17990,8
11845,17992,2
11845,17993,5
11845,17994,4
11845,17996,5
11845,18007,1
11845,18012,2
11845,18013,14
11845,18014,20
11845,18018,4
11845,18034,1
11845,18035,2
11845,18036,4
11845,18037,25
11845,18038,42
11845,18039,82.5
11845,18040,268
11845,18041,48
11845,18042,126.5
11845,18043,5
11845,18044,12
11845,18045,12.5
11845,18046,4
11845,18048,5
11845,18049,9
11845,18050,8
11845,18060,11
11845,18063,1
11845,18064,2
11845,18065,2
11845,18066,4
11845,18071,22
11845,18072,11
11845,18074,4
11845,18079,10
11845,18084,4
11845,18089,3
11845,18091,4
11845,18100,11.5
11845,18109,2
11845,18110,3
11845,18111,6
11845,18112,37.5
11845,18113,4
11845,18114,1
11845,18116,2
11845,18119,6
11845,18120,13
11845,18121,8
11845,18124,7
11845,18127,6
11845,18131,14
11845,18132,8
11845,18141,11
11845,18145,3
11845,18146,4
11845,18147,6
11845,18148,11
11845,18149,6
11845,18150,15
11845,18151,7
11845,18152,3
11845,18154,5
11845,18162,2
11845,18163,3
11845,18170,3
11845,18172,1
11845,18174,6
11845,18175,2
11845,18176,3
11845,18178,5
11845,18179,2
11845,18186,4
11845,18187,21.5
11845,18192,3
11845,18203,8
11845,18204,12
11845,18206,1
11845,18214,2
11845,18215,2
11845,18216,4
11845,18217,2
11845,18220,2
11845,18221,2
11845,18227,1
11845,18228,6
11845,18230,2
11845,18237,2
11845,18244,2
11845,18246,2
11845,18247,3
11845,18255,2
11845,18313,2
11845,18317,5
11846,17926,2
11846,17939,1
11846,17948,5
11846,17952,3
11846,17953,4
11846,17954,3
11846,17956,9
11846,17964,1
11846,17968,2
11846,17977,2
11846,17981,1
11846,17998,7
11846,18001,2
11846,18007,4
11846,18013,2
11846,18014,7
11846,18017,5
11846,18029,3
11846,18030,2
11846,18033,1
11846,18034,6
11846,18037,2
11846,18039,11
11846,18040,82
11846,18041,124
11846,18042,20.5
11846,18043,14
11846,18044,3
11846,18045,2
11846,18046,17
11846,18049,2
11846,18050,3
11846,18059,10
11846,18060,5
11846,18062,1
11846,18067,3
11846,18070,5
11846,18071,20
11846,18072,13
11846,18074,3
11846,18075,2
11846,18084,2
11846,18089,2
11846,18090,2
11846,18109,2
11846,18110,12
11846,18111,21
11846,18112,22
11846,18113,2
11846,18115,10
11846,18116,3
11846,18119,10
11846,18120,35.5
11846,18121,11
11846,18125,1
11846,18127,3
11846,18128,4
11846,18129,1
11846,18130,6
11846,18131,2
11846,18139,5
11846,18141,5
11846,18147,4
11846,18148,4
11846,18149,50.5
11846,18150,15
11846,18156,2
11846,18163,5
11846,18164,7
11846,18166,2
11846,18168,1
11846,18174,6
11846,18176,3
11846,18178,8
11846,18179,202.5
11846,18180,16
11846,18181,11
11846,18182,22
11846,18183,11
11846,18185,2
11846,18186,7
11846,18190,4
11846,18191,4
11846,18194,2
11846,18199,1
11846,18202,2
11846,18203,5
11846,18204,23
11846,18205,2
11846,18215,2
11846,18216,1
11846,18217,96
11846,18218,6
11846,18219,7
11846,18225,15
11846,18229,8
11846,18237,2
11846,18238,4.5
11846,18242,3
11846,18247,2
11846,18249,2
11846,18317,5
11847,17936,2
11847,17939,2
11847,17942,4
11847,17953,9
11847,17956,5
11847,17961,2
11847,17968,2
11847,17977,3
11847,17992,4
11847,17996,1
11847,18001,3
11847,18003,3
11847,18005,14.5
11847,18006,4
11847,18012,2
11847,18014,5
11847,18022,5
11847,18029,11
11847,18031,14
11847,18032,8
11847,18033,4.5
11847,18034,15
11847,18035,4
11847,18036,5
11847,18037,10
11847,18041,12
11847,18042,52.5
11847,18043,29
11847,18044,4
11847,18045,6
11847,18046,11
11847,18047,3
11847,18049,3
11847,18051,10
11847,18054,2
11847,18056,8
11847,18058,4
11847,18059,16
11847,18060,12
11847,18062,2
11847,18063,1
11847,18068,3
11847,18069,1
11847,18071,7
11847,18072,3
11847,18073,1
11847,18084,9
11847,18090,6
11847,18099,3
11847,18100,3
11847,18106,4
11847,18107,3
11847,18111,3
11847,18112,10.5
11847,18113,5
11847,18114,2
11847,18116,2
11847,18118,3
11847,18119,23
11847,18120,1
11847,18123,3
11847,18129,6
11847,18140,10
11847,18141,5
11847,18143,2
11847,18144,3
11847,18149,24.5
11847,18150,74
11847,18151,60
11847,18155,2
11847,18161,6
11847,18162,6
11847,18171,6
11847,18172,2
11847,18173,3
11847,18176,3
11847,18177,4
11847,18178,4
11847,18179,15
11847,18180,91.5
11847,18181,26
11847,18182,30.5
11847,18183,55
11847,18189,1
11847,18190,1
11847,18200,8
11847,18201,9.5
11847,18202,5
11847,18203,7
11847,18204,3
11847,18211,3.5
11847,18214,5
11847,18215,2
11847,18216,15
11847,18217,21
11847,18218,25.5
11847,18219,4
11847,18220,2
11847,18221,6
11847,18224,1
11847,18225,4
11847,18226,17
11847,18227,4
11847,18229,5
11847,18230,2
11847,18238,3
11847,18239,2
11848,17940,5
11848,17952,4
11848,17953,5
11848,17954,6
11848,17956,2
11848,17962,1
11848,17964,2
11848,17986,1
11848,17988,2
11848,17998,2
11848,17999,8
11848,18005,10
11848,18006,17
11848,18007,2
11848,18010,6
11848,18027,2
11848,18028,8
11848,18029,2
11848,18030,8
11848,18032,1
11848,18033,24
11848,18034,20
11848,18035,21
11848,18036,56.5
11848,18037,15
11848,18038,71
11848,18043,5
11848,18044,4
11848,18046,5
11848,18049,15
11848,18051,1
11848,18052,6
11848,18053,6
11848,18054,19
11848,18055,10
11848,18056,23
11848,18057,2
11848,18058,2
11848,18059,11
11848,18061,4
11848,18064,1
11848,18066,3
11848,18069,2
11848,18091,5
11848,18098,4
11848,18099,12
11848,18110,3
11848,18111,6
11848,18112,3
11848,18115,8
11848,18117,9
11848,18118,17
11848,18119,26
11848,18122,1
11848,18123,3
11848,18127,3
11848,18128,6
11848,18142,2
11848,18143,8
11848,18144,3
11848,18146,1
11848,18147,4
11848,18148,15
11848,18149,34
11848,18150,25
11848,18151,47
11848,18152,13
11848,18164,4
11848,18165,6
11848,18167,1
11848,18173,3
11848,18175,6
11848,18176,30
11848,18177,19
11848,18178,30
11848,18179,168.5
11848,18180,18
11848,18181,24
11848,18182,50
11848,18183,21
11848,18185,2
11848,18186,10
11848,18187,6
11848,18189,2
11848,18190,3
11848,18191,4
11848,18192,1
11848,18196,3
11848,18199,18
11848,18200,10
11848,18201,10
11848,18202,1.5
11848,18211,3
11848,18212,5
11848,18215,5
11848,18216,10
11848,18217,13
11848,18218,16
11848,18219,22
11848,18220,14.5
11848,18221,5
11848,18222,1
11848,18223,5
11848,18224,1
11848,18225,6
11848,18226,8
11848,18227,2
11848,18232,2
11848,18237,4
11848,18240,22
11848,18241,4
11848,18243,10
11848,18245,2
11848,18253,2
11849,17941,3
11849,17950,2
11849,17951,3
11849,17953,2
11849,17954,4
11849,17955,9.5
11849,17956,15
11849,17957,4
11849,17958,9
11849,17971,2
11849,17980,9
11849,17987,7
11849,18003,2
11849,18004,20
11849,18005,17
11849,18006,12
11849,18007,11
11849,18008,3
11849,18016,4
11849,18027,2
11849,18028,17
11849,18029,8
11849,18031,8
11849,18032,19
11849,18034,10
11849,18035,24
11849,18036,15
11849,18037,13.5
11849,18038,6
11849,18040,3
11849,18042,4
11849,18043,1
11849,18046,5
11849,18048,4
11849,18049,4
11849,18050,7
11849,18052,4
11849,18053,5
11849,18054,5
11849,18055,11
11849,18056,18
11849,18057,8
11849,18058,18
11849,18059,20
11849,18063,8
11849,18064,8
11849,18065,2
11849,18066,4
11849,18074,8
11849,18075,4
11849,18087,2
11849,18095,4
11849,18098,3.5
11849,18099,19
11849,18100,3
11849,18108,16.5
11849,18111,15
11849,18116,27
11849,18117,36
11849,18118,5
11849,18119,36.5
11849,18120,18
11849,18121,2
11849,18127,3
11849,18141,5
11849,18142,5
11849,18146,16
11849,18147,3
11849,18149,4
11849,18150,6
11849,18151,18
11849,18152,16
11849,18153,8
11849,18156,3
11849,18165,1
11849,18166,7
11849,18175,2
11849,18176,31
11849,18177,35
11849,18178,32
11849,18179,39
11849,18180,36
11849,18181,60
11849,18182,20
11849,18183,5
11849,18184,43
11849,18185,37
11849,18186,12
11849,18187,6
11849,18188,10.5
11849,18192,4
11849,18194,8
11849,18196,6
11849,18197,4
11849,18199,5
11849,18213,19.5
11849,18214,17
11849,18215,8
11849,18216,10
11849,18218,19
11849,18219,11
11849,18220,5.5
11849,18227,8
11849,18228,2
11849,18242,13
11849,18243,2
11849,18244,2
11849,18246,2
11849,18247,2
11849,18251,8
11850,17905,2
11850,17953,5
11850,17955,20
11850,17956,14.5
11850,17960,3
11850,17965,4
11850,17969,1
11850,17979,3
11850,17980,2
11850,18003,2
11850,18004,22
11850,18005,8
11850,18006,2
11850,18007,8
11850,18011,2
11850,18019,3
11850,18028,5
11850,18029,14
11850,18031,4
11850,18032,1
11850,18034,41
11850,18035,37
11850,18036,31
11850,18037,119.5
11850,18039,3
11850,18040,10
11850,18042,12
11850,18043,6
11850,18045,2
11850,18048,2
11850,18050,2
11850,18051,4
11850,18052,17
11850,18053,19
11850,18054,10
11850,18056,3
11850,18057,22
11850,18058,30
11850,18059,4
11850,18063,1
11850,18067,4
11850,18071,2
11850,18072,15
11850,18073,11
11850,18074,11
11850,18075,14
11850,18095,27.5
11850,18096,22
11850,18097,1
11850,18098,5
11850,18099,8
11850,18111,3
11850,18114,7
11850,18116,42.5
11850,18117,27.5
11850,18118,17.5
11850,18119,3
11850,18134,3
11850,18141,6
11850,18150,15
11850,18151,25
11850,18152,33
11850,18153,15.5
11850,18154,2
11850,18155,18
11850,18156,11
11850,18157,9
11850,18158,8
11850,18162,4
11850,18164,2
11850,18167,1
11850,18172,4
11850,18176,2
11850,18177,16
11850,18178,11
11850,18179,14
11850,18180,49
11850,18181,50
11850,18182,42.5
11850,18183,17
11850,18184,3
11850,18185,5
11850,18191,3
11850,18192,8
11850,18193,13
11850,18211,2
11850,18212,1.5
11850,18213,16
11850,18214,5
11850,18218,19
11850,18219,22
11850,18220,6
11850,18221,8
11850,18227,3
11850,18234,4
11850,18235,1
11850,18239,4
11850,18240,13
11850,18241,22
11850,18242,8
11850,18243,22
11850,18245,2
11850,18247,1
11850,18251,2
11850,18252,2
11850,18256,1
11850,18331,2
11851,17944,2
11851,17955,18
11851,17956,21
11851,17966,1
11851,17967,2
11851,17971,1
11851,17979,2
11851,17983,2
11851,17994,3
11851,18003,2
11851,18004,4
11851,18007,28
11851,18008,5
11851,18010,5
11851,18012,6.5
11851,18028,8
11851,18029,4
11851,18031,8
11851,18034,12.5
11851,18035,10
11851,18036,11
11851,18037,22
11851,18038,4
11851,18039,11
11851,18040,3
11851,18042,3
11851,18043,7
11851,18052,4
11851,18053,25
11851,18054,18
11851,18055,30
11851,18056,27
11851,18057,23
11851,18058,4
11851,18059,4
11851,18060,2
11851,18061,13
11851,18062,2
11851,18063,9
11851,18064,6
11851,18066,1
11851,18067,2
11851,18069,2
11851,18070,2
11851,18072,2
11851,18073,1
11851,18074,10
11851,18076,3
11851,18077,2
11851,18080,7
11851,18081,6
11851,18082,2
11851,18092,6.5
11851,18093,2
11851,18096,4
11851,18097,22
11851,18098,5
11851,18099,18
11851,18100,6
11851,18111,9
11851,18112,1
11851,18114,1
11851,18115,4
11851,18116,13
11851,18117,1
11851,18118,6
11851,18119,8
11851,18120,10
11851,18121,4.5
11851,18126,8
11851,18139,8
11851,18140,8
11851,18141,7
11851,18148,5
11851,18149,6
11851,18150,1
11851,18151,21
11851,18152,30
11851,18153,12
11851,18154,4
11851,18155,4
11851,18156,6
11851,18157,7
11851,18158,13
11851,18159,2
11851,18160,1
11851,18165,2
11851,18167,3
11851,18177,38
11851,18178,11.5
11851,18179,7
11851,18180,43
11851,18181,117.5
11851,18182,128.5
11851,18183,10
11851,18193,7.5
11851,18194,2
11851,18205,2
11851,18206,3
11851,18210,1
11851,18212,4
11851,18213,15
11851,18215,1
11851,18216,6
11851,18218,13
11851,18219,19
11851,18220,11
11851,18221,7
11851,18222,4
11851,18223,19
11851,18227,2
11851,18228,2
11851,18231,2
11851,18233,8
11851,18238,5
11851,18239,5
11851,18241,2
11851,18242,6
11851,18243,2
11851,18247,1
11851,18250,1
11851,18254,7
11851,18322,2
11851,18327,3
11851,18333,2
11852,17909,2
11852,17949,2
11852,17955,3
11852,17970,1
11852,17979,14
11852,17982,4
11852,17985,2
11852,17986,2
11852,17987,1
11852,17998,3
11852,18007,10
11852,18008,33
11852,18009,17
11852,18010,8
11852,18011,17
11852,18012,33
11852,18013,34
11852,18014,1
11852,18015,4
11852,18016,5
11852,18017,2
11852,18018,4
11852,18031,2
11852,18034,5
11852,18035,15
11852,18036,20
11852,18037,15
11852,18039,10
11852,18041,2
11852,18042,5
11852,18045,1
11852,18046,2
11852,18049,2
11852,18050,2
11852,18051,12
11852,18053,9
11852,18054,20
11852,18055,51
11852,18056,3
11852,18061,5
11852,18062,9
11852,18063,1
11852,18064,10
11852,18065,10
11852,18071,35.5
11852,18072,7
11852,18073,13
11852,18075,4
11852,18076,3.5
11852,18077,23
11852,18078,4
11852,18080,17
11852,18081,24
11852,18082,1
11852,18092,4
11852,18093,20
11852,18094,2
11852,18095,26
11852,18096,9
11852,18097,6
11852,18098,19
11852,18099,30
11852,18100,9
11852,18111,1
11852,18114,5
11852,18115,7
11852,18116,10
11852,18119,20
11852,18120,46.5
11852,18121,33
11852,18122,4
11852,18126,2
11852,18131,5.5
11852,18139,2
11852,18140,19
11852,18143,14
11852,18146,3
11852,18147,2
11852,18148,6
11852,18151,1
11852,18152,18
11852,18153,2
11852,18154,2
11852,18155,2
11852,18157,2
11852,18158,3
11852,18160,16
11852,18164,2
11852,18165,12.5
11852,18167,7
11852,18177,97.5
11852,18178,3
11852,18179,2
11852,18180,41.5
11852,18181,63.5
11852,18182,22
11852,18184,1
11852,18193,3
11852,18194,2
11852,18195,4
11852,18204,11
11852,18205,8
11852,18206,20.5
11852,18207,8
11852,18208,10
11852,18209,14
11852,18210,6
11852,18213,1
11852,18217,2
11852,18218,5
11852,18219,12.5
11852,18220,2
11852,18221,5
11852,18222,3
11852,18223,8
11852,18230,5
11852,18240,2
11852,18241,5
11852,18242,7
11852,18243,2
11852,18247,4
11852,18248,5
11852,18291,2
11852,18322,3
11853,17903,4
11853,17908,4
11853,17941,3
11853,17942,2
11853,17947,2
11853,17960,2
11853,17962,7
11853,17978,1
11853,17979,4
11853,17980,18
11853,17982,1
11853,17989,2
11853,17998,2
11853,17999,2
11853,18000,2
11853,18006,11
11853,18007,2
11853,18008,18
11853,18009,52
11853,18010,14
11853,18011,16
11853,18012,31
11853,18014,3
11853,18015,4
11853,18021,1
11853,18028,1
11853,18034,24
11853,18035,41
11853,18036,21
11853,18037,16.5
11853,18039,5
11853,18040,2
11853,18041,4
11853,18046,4
11853,18047,2
11853,18051,9
11853,18052,4
11853,18054,15
11853,18055,22
11853,18056,8
11853,18057,2
11853,18061,1
11853,18063,2
11853,18065,3
11853,18066,4
11853,18068,1
11853,18071,28
11853,18072,19.5
11853,18074,4
11853,18075,8
11853,18077,9
11853,18078,19
11853,18079,10
11853,18080,15
11853,18081,45
11853,18083,3
11853,18084,3
11853,18093,16
11853,18094,23
11853,18095,11
11853,18096,14.5
11853,18097,34
11853,18098,29
11853,18099,27
11853,18100,13
11853,18110,2
11853,18112,3
11853,18114,7
11853,18115,17
11853,18116,2
11853,18120,5
11853,18121,8
11853,18122,15
11853,18123,12
11853,18124,6
11853,18138,1
11853,18140,3
11853,18141,1
11853,18142,3
11853,18143,8
11853,18147,14
11853,18148,2
11853,18150,3
11853,18151,5
11853,18152,4
11853,18154,2
11853,18165,7
11853,18166,3
11853,18167,5
11853,18168,2
11853,18169,2
11853,18170,3
11853,18171,3
11853,18174,3
11853,18176,12
11853,18177,40
11853,18178,21
11853,18179,15
11853,18180,24
11853,18181,14
11853,18182,6
11853,18185,6
11853,18196,1
11853,18204,4
11853,18205,1
11853,18206,8
11853,18207,1
11853,18209,4
11853,18217,6
11853,18218,2
11853,18222,1
11853,18223,2
11853,18225,4
11853,18237,4
11853,18248,4
11853,18291,2
11853,18321,10
11853,18366,1
11854,17907,4
11854,17952,2.5
11854,17956,4
11854,17971,2
11854,17975,4
11854,17978,3
11854,17979,4
11854,17985,2
11854,17988,2
11854,17990,6
11854,17991,9
11854,17996,2
11854,18001,1
11854,18006,3
11854,18007,42
11854,18008,3
11854,18009,30
11854,18010,53.5
11854,18011,8
11854,18012,14
11854,18013,7
11854,18014,4
11854,18018,1
11854,18028,2
11854,18031,1
11854,18032,3
11854,18034,24
11854,18035,27
11854,18036,18.5
11854,18037,8
11854,18039,3
11854,18040,12
11854,18041,9
11854,18042,3
11854,18048,5
11854,18051,15
11854,18052,14
11854,18054,13
11854,18055,18
11854,18056,13
11854,18058,2
11854,18060,2
11854,18061,9
11854,18062,4
11854,18067,1
11854,18070,3
11854,18071,16
11854,18072,3
11854,18074,28.5
11854,18075,39
11854,18078,11
11854,18079,16
11854,18080,15.5
11854,18081,20
11854,18082,12
11854,18083,9
11854,18084,20
11854,18086,3
11854,18087,1
11854,18093,2
11854,18095,14
11854,18097,30.5
11854,18098,27.5
11854,18099,91
11854,18100,9
11854,18110,9
11854,18114,3
11854,18115,3
11854,18117,8
11854,18120,1
11854,18126,1
11854,18141,16
11854,18142,3
11854,18145,4
11854,18146,1
11854,18147,1
11854,18148,15
11854,18149,19
11854,18150,3
11854,18151,2
11854,18152,2
11854,18155,2
11854,18156,2
11854,18158,4
11854,18162,1
11854,18163,4
11854,18164,1
11854,18165,3
11854,18167,3
11854,18168,2
11854,18170,1
11854,18182,3
11854,18203,5
11854,18204,7
11854,18206,1
11854,18209,4
11854,18217,2
11854,18225,1
11854,18230,2
11854,18240,2
11854,18241,5
11854,18248,4
11854,18250,1
11854,18253,3
11854,18256,1
11854,18283,7
11854,18290,6
11854,18291,2
11854,18292,5
11854,18320,1
11854,18364,4
11854,18365,1
11854,18369,2
11855,17942,4
11855,17944,3
11855,17950,2
11855,17964,3.5
11855,17968,2
11855,17969,2
11855,17972,2
11855,17976,4
11855,17977,2
11855,17978,5
11855,17980,6
11855,17985,1
11855,17988,4
11855,17990,11
11855,17994,2
11855,18006,5
11855,18007,28
11855,18008,51
11855,18009,29
11855,18010,25
11855,18011,51
11855,18012,92
11855,18013,12
11855,18017,1
11855,18027,2
11855,18028,5
11855,18031,2
11855,18034,2
11855,18035,2
11855,18041,4
11855,18042,2
11855,18051,1
11855,18052,31
11855,18053,4
11855,18054,25
11855,18055,51.5
11855,18056,11
11855,18057,4
11855,18058,22
11855,18059,5
11855,18060,16
11855,18061,32
11855,18062,16
11855,18063,9
11855,18071,9
11855,18072,13.5
11855,18073,2
11855,18074,18
11855,18075,9
11855,18078,25
11855,18079,5
11855,18082,19
11855,18083,19
11855,18084,15
11855,18085,27
11855,18088,3
11855,18094,18
11855,18095,24
11855,18096,7
11855,18097,13
11855,18098,2
11855,18099,23
11855,18100,5
11855,18112,3
11855,18115,2
11855,18118,10
11855,18119,2
11855,18120,12
11855,18123,2
11855,18124,3
11855,18131,3
11855,18132,2
11855,18133,1
11855,18134,4
11855,18135,1
11855,18136,3
11855,18140,4
11855,18141,26
11855,18142,2
11855,18143,5
11855,18144,4
11855,18145,9
11855,18146,10.5
11855,18147,4
11855,18149,12
11855,18150,6
11855,18152,4
11855,18153,5
11855,18155,6
11855,18156,2
11855,18163,7
11855,18164,5
11855,18165,4
11855,18168,3
11855,18170,8
11855,18182,2
11855,18185,7
11855,18186,5
11855,18187,5
11855,18188,16
11855,18189,21
11855,18190,3
11855,18191,2
11855,18202,10
11855,18203,13
11855,18204,2
11855,18206,3
11855,18208,8
11855,18210,9.5
11855,18211,2
11855,18212,1
11855,18213,3
11855,18214,13
11855,18215,2
11855,18216,3
11855,18228,2
11855,18231,3
11855,18240,1
11855,18241,2
11855,18248,2
11855,18251,2
11855,18252,1
11855,18253,4
11855,18268,2
11855,18279,2
11855,18281,2
11855,18282,1
11855,18283,11
11855,18290,6
11855,18291,2
11855,18329,2
11855,18332,6
11856,17905,1
11856,17942,3
11856,17944,14
11856,17945,2
11856,17948,7
11856,17954,2
11856,17967,3
11856,17978,1
11856,17979,4
11856,17983,5
11856,17985,4
11856,17988,10
11856,17989,5
11856,17990,8
11856,17991,11.5
11856,17992,10
11856,17993,1
11856,17998,2
11856,18002,2
11856,18006,11
11856,18007,15
11856,18008,29
11856,18009,60
11856,18010,132
11856,18011,77
11856,18012,15
11856,18015,3
11856,18016,3
11856,18030,2
11856,18033,6
11856,18037,2
11856,18039,2
11856,18041,3
11856,18043,1
11856,18052,13
11856,18053,11
11856,18054,23
11856,18055,14
11856,18056,44.5
11856,18057,16
11856,18058,20
11856,18059,17
11856,18060,26
11856,18061,17
11856,18062,26
11856,18063,19
11856,18064,12
11856,18066,2
11856,18071,2
11856,18072,4
11856,18073,9
11856,18074,15
11856,18075,1
11856,18077,1
11856,18079,9
11856,18080,3
11856,18081,14
11856,18082,16
11856,18084,16
11856,18085,8
11856,18095,17
11856,18096,10
11856,18097,4
11856,18099,4
11856,18100,9
11856,18101,3
11856,18104,2
11856,18109,7
11856,18110,2
11856,18111,4
11856,18112,2
11856,18117,5
11856,18124,1
11856,18132,1
11856,18138,4
11856,18140,2
11856,18141,63.5
11856,18142,19
11856,18143,9
11856,18144,11
11856,18145,2
11856,18149,2
11856,18150,21
11856,18151,6
11856,18152,1
11856,18153,6
11856,18154,5
11856,18155,3
11856,18164,17
11856,18165,7
11856,18170,5
11856,18171,2
11856,18172,2
11856,18182,8
11856,18184,2
11856,18185,3
11856,18186,4
11856,18187,4
11856,18188,35
11856,18189,33
11856,18190,1
11856,18201,11
11856,18202,18
11856,18207,3
11856,18208,14
11856,18210,21
11856,18211,35
11856,18212,5
11856,18213,19.5
11856,18214,13
11856,18215,8
11856,18217,2
11856,18227,1
11856,18231,1
11856,18253,5
11856,18267,2
11856,18281,8
11856,18282,2
11856,18283,11
11856,18289,1
11856,18290,53.5
11856,18291,7
11856,18331,21
11856,18368,1
11856,18371,3
11857,17902,2
11857,17912,2
11857,17913,12
11857,17939,2
11857,17940,3
11857,17942,3
11857,17961,3
11857,17964,4
11857,17967,4
11857,17969,3
11857,17984,1
11857,17985,1
11857,17988,2
11857,17990,11
11857,17992,4
11857,17997,4
11857,17999,2
11857,18000,7
11857,18001,4
11857,18002,2
11857,18004,10
11857,18005,8
11857,18006,11
11857,18007,3
11857,18008,20
11857,18009,74.5
11857,18010,117.5
11857,18011,10
11857,18012,3
11857,18013,5
11857,18016,5
11857,18033,5
11857,18039,10
11857,18041,2
11857,18042,2
11857,18043,1
11857,18046,3
11857,18053,1
11857,18054,10
11857,18055,5
11857,18058,8
11857,18059,19.5
11857,18061,29.5
11857,18064,18
11857,18066,5
11857,18068,3
11857,18072,1.5
11857,18073,4
11857,18076,5
11857,18078,4
11857,18079,24.5
11857,18081,23
11857,18082,10
11857,18084,8
11857,18092,7
11857,18093,2
11857,18094,2
11857,18096,4
11857,18097,13
11857,18099,16
11857,18100,6
11857,18104,2
11857,18107,6
11857,18108,16.5
11857,18109,4
11857,18110,1
11857,18118,4
11857,18119,2
11857,18124,1
11857,18130,5
11857,18131,2
11857,18132,1
11857,18135,1
11857,18136,6
11857,18137,7
11857,18140,8
11857,18141,20
11857,18142,7
11857,18143,3
11857,18146,6.5
11857,18148,3
11857,18149,7
11857,18150,2
11857,18152,1
11857,18155,2
11857,18157,4
11857,18160,2
11857,18164,5
11857,18165,8
11857,18166,6
11857,18167,7
11857,18171,3
11857,18181,4
11857,18187,2
11857,18188,4
11857,18189,4
11857,18190,7
11857,18191,12
11857,18200,11
11857,18201,19
11857,18207,4
11857,18208,1.5
11857,18209,2
11857,18210,4
11857,18211,5
11857,18212,3
11857,18214,20
11857,18215,15
11857,18216,29
11857,18225,4
11857,18226,2
11857,18227,2
11857,18235,3
11857,18236,3
11857,18240,1
11857,18250,2
11857,18267,3.5
11857,18282,10
11857,18283,4
11857,18289,2
11857,18290,8
11857,18321,2
11857,18322,2
11857,18330,2
11857,18331,28
11857,18332,8
11857,18333,6
11857,18358,3
11857,18363,1
11857,18369,3
11857,18391,11
11857,18392,52
11857,18393,36
11857,18394,12
11858,17903,2
11858,17904,1
11858,17908,2
11858,17911,4
11858,17912,5
11858,17915,3
11858,17923,3
11858,17924,2
11858,17935,4
11858,17936,1
11858,17938,1
11858,17939,3
11858,17943,2
11858,17944,3
11858,17949,3
11858,17962,2
11858,17963,2
11858,17968,1
11858,17972,1
11858,17988,4
11858,17989,4
11858,17990,15
11858,17991,4
11858,17992,4
11858,17995,2
11858,17996,3
11858,17998,3
11858,18000,4
11858,18002,16
11858,18003,19
11858,18004,9
11858,18005,3
11858,18006,18
11858,18007,14.5
11858,18008,28
11858,18009,51.5
11858,18010,22
11858,18011,14
11858,18013,2
11858,18033,5
11858,18036,4
11858,18037,4
11858,18043,16
11858,18044,8
11858,18045,9
11858,18046,7
11858,18052,2
11858,18053,2
11858,18057,3
11858,18059,25
11858,18060,26
11858,18061,14
11858,18062,26
11858,18063,2
11858,18066,4
11858,18067,2
11858,18077,11
11858,18079,13
11858,18080,36
11858,18081,30
11858,18082,15
11858,18084,1
11858,18089,4
11858,18092,4
11858,18093,15
11858,18094,24
11858,18095,4
11858,18096,1.5
11858,18097,3
11858,18098,12
11858,18099,21
11858,18100,7
11858,18105,3
11858,18106,5
11858,18110,4
11858,18117,1
11858,18126,10
11858,18127,2
11858,18133,2
11858,18134,1
11858,18135,3
11858,18138,3
11858,18139,6
11858,18140,7
11858,18143,26
11858,18148,3
11858,18152,2
11858,18155,2
11858,18156,10.5
11858,18159,4
11858,18161,4
11858,18163,5
11858,18164,4
11858,18165,6
11858,18166,3
11858,18167,2
11858,18168,9
11858,18177,4
11858,18179,4
11858,18180,2
11858,18181,4
11858,18187,5
11858,18190,19
11858,18191,8
11858,18199,2
11858,18200,22
11858,18201,2
11858,18202,13
11858,18203,6
11858,18205,13
11858,18208,3
11858,18213,2
11858,18215,6
11858,18217,1
11858,18221,3
11858,18224,7
11858,18235,1
11858,18239,5
11858,18243,3
11858,18244,4
11858,18246,2
11858,18250,4.5
11858,18251,12.5
11858,18278,2
11858,18282,7
11858,18283,1
11858,18289,10
11858,18290,2
11858,18308,1
11858,18322,8
11858,18325,3
11858,18330,2
11858,18331,4
11858,18355,6
11858,18368,4
11858,18369,2
11858,18370,2
11858,18391,8
11858,18392,13
11858,18393,19
11858,18394,22
11858,18395,12
11858,18396,8
11859,17912,5
11859,17939,1
11859,17948,2
11859,17969,2
11859,17971,2
11859,17988,2
11859,17989,2
11859,17992,2
11859,17996,2
11859,18000,2
11859,18001,3
11859,18002,2
11859,18004,5
11859,18005,3
11859,18006,3
11859,18007,23
11859,18008,29
11859,18009,10
11859,18010,11
11859,18011,12
11859,18032,1
11859,18033,1
11859,18036,4
11859,18037,3
11859,18038,4
11859,18043,6
11859,18044,32
11859,18045,6
11859,18052,2
11859,18059,9
11859,18060,21
11859,18061,9
11859,18062,1
11859,18071,1
11859,18077,2
11859,18078,2
11859,18079,29
11859,18080,10
11859,18081,15
11859,18082,28
11859,18083,23
11859,18084,6
11859,18086,2
11859,18087,3
11859,18088,2
11859,18090,4
11859,18092,1
11859,18097,27
11859,18098,51
11859,18099,70.5
11859,18100,5
11859,18105,7
11859,18106,15
11859,18107,5
11859,18110,5
11859,18116,2
11859,18117,1
11859,18118,16
11859,18129,1
11859,18132,5
11859,18134,10
11859,18135,6
11859,18138,4
11859,18141,1
11859,18143,10
11859,18145,3
11859,18148,1
11859,18151,1
11859,18157,1
11859,18158,1
11859,18164,2
11859,18165,9
11859,18166,7
11859,18167,2
11859,18171,2
11859,18177,4
11859,18179,3
11859,18183,9
11859,18191,16
11859,18195,1
11859,18199,1
11859,18200,29
11859,18201,9
11859,18202,4
11859,18216,4
11859,18220,3
11859,18231,3
11859,18232,1
11859,18233,4
11859,18235,4
11859,18236,2
11859,18243,2
11859,18250,4
11859,18272,1
11859,18277,4
11859,18278,6
11859,18279,4
11859,18280,1
11859,18282,2.5
11859,18288,2
11859,18322,1
11859,18330,5
11859,18354,1
11859,18355,7
11859,18356,7.5
11859,18362,2
11859,18390,10
11859,18391,32
11859,18392,30
11859,18393,9.5
11859,18394,8
11859,18396,1
11860,17903,1
11860,17908,2
11860,17924,3
11860,17926,3
11860,17935,3
11860,17936,2
11860,17938,3
11860,17939,3
11860,17940,2
11860,17953,2
11860,17987,2
11860,17991,4
11860,17992,4
11860,17993,10
11860,18004,11
11860,18005,4
11860,18006,5
11860,18008,10
11860,18011,10
11860,18029,2
11860,18030,2
11860,18031,3
11860,18032,6
11860,18037,5
11860,18038,8
11860,18039,6
11860,18040,8.5
11860,18041,3
11860,18042,3
11860,18043,16
11860,18044,3
11860,18048,2
11860,18060,1
11860,18062,7
11860,18063,1
11860,18064,3
11860,18065,6
11860,18078,26
11860,18079,9
11860,18080,63.5
11860,18081,76
11860,18082,20
11860,18083,10
11860,18085,2
11860,18087,2
11860,18089,14.5
11860,18090,4
11860,18096,4
11860,18097,67.5
11860,18098,68.5
11860,18099,38
11860,18105,3
11860,18107,2
11860,18118,2
11860,18127,2
11860,18128,3
11860,18132,4
11860,18133,6
11860,18136,3
11860,18140,4
11860,18141,4
11860,18142,3
11860,18143,9
11860,18144,7
11860,18145,3
11860,18148,2
11860,18149,3
11860,18163,1
11860,18165,5
11860,18183,4
11860,18184,9
11860,18185,2
11860,18186,4
11860,18189,5
11860,18196,3
11860,18199,6
11860,18200,24
11860,18201,3
11860,18204,3
11860,18205,2
11860,18208,2
11860,18209,3
11860,18235,1
11860,18250,4
11860,18272,2
11860,18278,3.5
11860,18303,2
11860,18321,7
11860,18322,2
11860,18330,1
11860,18338,2
11860,18356,2
11860,18357,14
11860,18358,17
11860,18359,11
11860,18360,5
11860,18367,16
11860,18381,1
11860,18389,1
11860,18391,16
11860,18392,10
11860,18393,15
11860,18394,4
11860,18395,16
11860,18396,3
11861,17905,3
11861,17906,2.5
11861,17907,2
11861,17911,2
11861,17924,3
11861,17935,5
11861,17936,4
11861,17937,2
11861,17952,1
11861,17954,1
11861,17955,1
11861,17963,4
11861,17967,4
11861,17986,10
11861,17988,6
11861,17990,1
11861,17991,6
11861,17992,9
11861,17993,10
11861,18002,3
11861,18003,9
11861,18004,19
11861,18006,2
11861,18011,1
11861,18029,4
11861,18031,1
11861,18032,3
11861,18038,8
11861,18039,5
11861,18041,6
11861,18042,19
11861,18043,12
11861,18050,1
11861,18051,6
11861,18062,5
11861,18064,3
11861,18070,2
11861,18080,3
11861,18083,3
11861,18085,27
11861,18086,2
11861,18087,16
11861,18089,7.5
11861,18090,15.5
11861,18094,4
11861,18095,9
11861,18096,11
11861,18097,28
11861,18098,38
11861,18099,15
11861,18104,5
11861,18106,1
11861,18129,3
11861,18130,9
11861,18132,2
11861,18144,5
11861,18148,2
11861,18149,2
11861,18151,3
11861,18165,1
11861,18184,21
11861,18185,5
11861,18186,9
11861,18188,3
11861,18190,1
11861,18191,4
11861,18192,2
11861,18194,2
11861,18195,2
11861,18200,2
11861,18201,23
11861,18202,32
11861,18203,4
11861,18210,2
11861,18216,3
11861,18218,2
11861,18219,4
11861,18222,1
11861,18229,2
11861,18230,5
11861,18240,2
11861,18243,4
11861,18255,3
11861,18269,2
11861,18309,2
11861,18352,2
11861,18354,19
11861,18355,5
11861,18356,2
11861,18361,2
11861,18362,2
11861,18364,2
11861,18381,4
11861,18387,1
11861,18388,7
11861,18391,1
11861,18392,28
11861,18393,14
11861,18394,1
11861,18395,16
11861,18396,4
11862,17908,2
11862,17909,3.5
11862,17914,2
11862,17915,1
11862,17933,2
11862,17934,1
11862,17940,2
11862,17950,2
11862,17957,3
11862,17959,8
11862,17961,2
11862,17963,4
11862,17989,2
11862,17992,2
11862,17993,2
11862,17994,2
11862,17997,9
11862,17998,2
11862,17999,1
11862,18002,2
11862,18003,7
11862,18004,6
11862,18006,2
11862,18016,2
11862,18029,2
11862,18031,1
11862,18032,13
11862,18033,19
11862,18034,5
11862,18037,20
11862,18038,4
11862,18039,9
11862,18041,2
11862,18045,2
11862,18049,2
11862,18050,3
11862,18051,1
11862,18086,12
11862,18087,14
11862,18088,14
11862,18089,11
11862,18090,15
11862,18091,21
11862,18092,18
11862,18094,15
11862,18095,13
11862,18096,16
11862,18097,38
11862,18098,23
11862,18102,3
11862,18103,1
11862,18105,9
11862,18109,6
11862,18118,1
11862,18119,2
11862,18120,3
11862,18121,2
11862,18129,1
11862,18130,1
11862,18131,41
11862,18132,5
11862,18142,3
11862,18143,1
11862,18144,15
11862,18145,11
11862,18147,5
11862,18148,6
11862,18149,2
11862,18150,3
11862,18156,7
11862,18157,3
11862,18159,1
11862,18164,3
11862,18169,5
11862,18170,11
11862,18172,3
11862,18181,3
11862,18184,4
11862,18185,4
11862,18186,2
11862,18187,2
11862,18191,3
11862,18194,12
11862,18195,68
11862,18196,19.5
11862,18197,8
11862,18198,3
11862,18199,16
11862,18200,15
11862,18201,3
11862,18220,3
11862,18224,4
11862,18225,1
11862,18235,1
11862,18238,4
11862,18240,2
11862,18244,1
11862,18277,3
11862,18279,1.5
11862,18287,2
11862,18288,7
11862,18289,1
11862,18290,3
11862,18325,2
11862,18326,3
11862,18327,4
11862,18332,3
11862,18333,3
11862,18343,2
11862,18344,3
11862,18351,1
11862,18352,1
11862,18353,1
11862,18363,6
11862,18365,5
11862,18367,3
11862,18386,5
11862,18388,1
11862,18389,3
11862,18391,2
11862,18392,5.5
11862,18393,5
11862,18395,4
11862,18396,3
11863,17904,2
11863,17912,2
11863,17915,2
11863,17923,2
11863,17928,1
11863,17929,3
11863,17930,1
11863,17933,1
11863,17939,5
11863,17940,1
11863,17944,18
11863,17945,10
11863,17953,2
11863,17955,2
11863,17956,2
11863,17957,4
11863,17958,1
11863,17959,16
11863,17960,25
11863,17961,10.5
11863,17962,28
11863,17963,8
11863,17964,1
11863,17989,2.5
11863,17994,2
11863,17996,6
11863,17997,1
11863,17999,4.5
11863,18000,1
11863,18001,1
11863,18030,1
11863,18032,5
11863,18034,2
11863,18035,7
11863,18037,3
11863,18038,10
11863,18044,3
11863,18048,7
11863,18068,4
11863,18069,3
11863,18070,6
11863,18076,9
11863,18088,4
11863,18089,3
11863,18090,19
11863,18091,23
11863,18092,29
11863,18093,25
11863,18094,7
11863,18095,24
11863,18096,15
11863,18097,16
11863,18098,7
11863,18100,4.5
11863,18103,3
11863,18104,3
11863,18106,4
11863,18117,2
11863,18118,10
11863,18120,6
11863,18129,2
11863,18131,10
11863,18132,10
11863,18133,7
11863,18137,7
11863,18138,1
11863,18140,3
11863,18142,4
11863,18143,7
11863,18144,18
11863,18145,29
11863,18146,4
11863,18155,5
11863,18156,6
11863,18157,3
11863,18158,2
11863,18159,5
11863,18162,1
11863,18164,1
11863,18165,1
11863,18166,4
11863,18176,4
11863,18178,3
11863,18179,7
11863,18181,5
11863,18186,3
11863,18194,96
11863,18195,180
11863,18196,38
11863,18197,3
11863,18198,9
11863,18199,42
11863,18200,60.5
11863,18201,16
11863,18202,2
11863,18205,4
11863,18206,2
11863,18208,2
11863,18210,6
11863,18225,3
11863,18226,2
11863,18228,1
11863,18229,4
11863,18230,5
11863,18246,4
11863,18322,5
11863,18325,1
11863,18330,2
11863,18339,1
11863,18344,3
11863,18345,2
11863,18346,1
11863,18350,4
11863,18363,2
11863,18392,8
11863,18394,6
11863,18395,4
11863,18396,1
11864,17906,6
11864,17914,28
11864,17915,4
11864,17916,3
11864,17922,1
11864,17928,2
11864,17931,1
11864,17932,1
11864,17933,1
11864,17934,1
11864,17937,5
11864,17941,4
11864,17943,5
11864,17950,4
11864,17957,9
11864,17958,4
11864,17959,2
11864,17960,23
11864,17961,54.5
11864,17962,31
11864,17963,26.5
11864,17964,2
11864,17983,4
11864,17993,3
11864,17994,7
11864,17995,5
11864,17997,1
11864,18000,1
11864,18002,2
11864,18006,3
11864,18010,5
11864,18012,4
11864,18027,2
11864,18029,2
11864,18032,7
11864,18033,6
11864,18034,5
11864,18035,17
11864,18036,2
11864,18037,2
11864,18038,10
11864,18039,18
11864,18040,3
11864,18042,2
11864,18043,5
11864,18047,2
11864,18049,1
11864,18061,7
11864,18069,5
11864,18074,2
11864,18076,2
11864,18077,2
11864,18089,4
11864,18092,2
11864,18093,29
11864,18094,32
11864,18095,2
11864,18097,13
11864,18100,2
11864,18102,11
11864,18103,2
11864,18110,1
11864,18116,8
11864,18117,15
11864,18119,12.5
11864,18120,5
11864,18121,4
11864,18122,6
11864,18123,2
11864,18124,6
11864,18125,8
11864,18126,18
11864,18127,3
11864,18132,13
11864,18133,4
11864,18136,10
11864,18137,18
11864,18138,2
11864,18139,5
11864,18140,2
11864,18141,1
11864,18144,9
11864,18145,12
11864,18155,4
11864,18156,4
11864,18158,2
11864,18162,2
11864,18164,2
11864,18165,4
11864,18172,6
11864,18176,1
11864,18177,1
11864,18180,1
11864,18181,13
11864,18182,2
11864,18183,5
11864,18186,5
11864,18187,11
11864,18189,1
11864,18190,6
11864,18191,4
11864,18194,1
11864,18195,18.5
11864,18196,40
11864,18197,24
11864,18198,8
11864,18199,19
11864,18200,7
11864,18201,20
11864,18202,22
11864,18206,2
11864,18209,1
11864,18210,5
11864,18211,1
11864,18225,8
11864,18226,26
11864,18228,2
11864,18236,2
11864,18238,1
11864,18250,4
11864,18275,1
11864,18282,3
11864,18289,8
11864,18295,1
11864,18323,1
11864,18324,4
11864,18327,2
11864,18345,2
11864,18346,13
11864,18347,4
11864,18348,1
11864,18349,6
11864,18350,1
11864,18363,3
11864,18364,4
11864,18384,2
11864,18391,2
11864,18404,2
11865,17903,1
11865,17914,7
11865,17915,3
11865,17929,1
11865,17943,2
11865,17949,4
11865,17957,6
11865,17958,6.5
11865,17959,24
11865,17960,43
11865,17961,132
11865,17962,65
11865,17963,4
11865,18006,6
11865,18030,7
11865,18031,2
11865,18032,1
11865,18033,4
11865,18034,10
11865,18037,6
11865,18038,3
11865,18040,2
11865,18041,11
11865,18042,11
11865,18043,3
11865,18047,1
11865,18048,8
11865,18049,6
11865,18050,3
11865,18051,1
11865,18053,10
11865,18054,17
11865,18069,1
11865,18070,8
11865,18073,4
11865,18077,3
11865,18091,15
11865,18092,10
11865,18093,4
11865,18094,8
11865,18095,12
11865,18096,1
11865,18097,19
11865,18100,4
11865,18102,4
11865,18115,14
11865,18116,11
11865,18117,4
11865,18120,10
11865,18121,2
11865,18124,2
11865,18125,7.5
11865,18126,7.5
11865,18127,2
11865,18128,3
11865,18132,7
11865,18133,7
11865,18134,16
11865,18135,10
11865,18136,15
11865,18137,4
11865,18140,1
11865,18144,4
11865,18145,5
11865,18152,3
11865,18155,2
11865,18162,4
11865,18163,6
11865,18170,4
11865,18174,1
11865,18175,4
11865,18176,3
11865,18184,5
11865,18186,1
11865,18187,4
11865,18188,4
11865,18190,1
11865,18191,4
11865,18192,18.5
11865,18195,1
11865,18196,39
11865,18197,15.5
11865,18198,5
11865,18200,5
11865,18212,3
11865,18213,3
11865,18218,5
11865,18222,2
11865,18225,9
11865,18226,11
11865,18229,7
11865,18231,5
11865,18233,1
11865,18235,4
11865,18323,2
11865,18326,2
11865,18346,2
11865,18347,2
11865,18349,2
11865,18361,2
11865,18362,5
11865,18363,4
11865,18364,2
11865,18384,1
11865,18392,2
11865,18396,2
11866,17907,1
11866,17914,7
11866,17915,25.5
11866,17919,3
11866,17922,1
11866,17928,2
11866,17933,2
11866,17937,1
11866,17941,1
11866,17946,1
11866,17949,5
11866,17952,1
11866,17953,6
11866,17957,5
11866,17958,6
11866,17959,7
11866,17960,8
11866,17961,95
11866,17962,22
11866,17969,1
11866,17971,6
11866,17973,1
11866,17984,2
11866,17985,3
11866,18020,2
11866,18023,2
11866,18028,5
11866,18031,8.5
11866,18032,4
11866,18034,3
11866,18035,4
11866,18036,12
11866,18037,2
11866,18038,3
11866,18039,5
11866,18040,4
11866,18042,4
11866,18043,3
11866,18045,2
11866,18046,8
11866,18047,5
11866,18049,2
11866,18069,4
11866,18070,15
11866,18071,7
11866,18075,4
11866,18078,2
11866,18093,3
11866,18095,20
11866,18096,13
11866,18097,12
11866,18100,3
11866,18109,6
11866,18114,3
11866,18115,4
11866,18120,8
11866,18123,3
11866,18124,3
11866,18125,5.5
11866,18126,5
11866,18128,2
11866,18132,5
11866,18133,8
11866,18137,2
11866,18139,2
11866,18141,1
11866,18144,2
11866,18145,4
11866,18149,2
11866,18153,2
11866,18154,2
11866,18155,5
11866,18156,1
11866,18159,2
11866,18162,3
11866,18163,4
11866,18168,1
11866,18169,4
11866,18172,2
11866,18176,1
11866,18181,2
11866,18182,20
11866,18183,2
11866,18185,7
11866,18191,15
11866,18192,7
11866,18195,1
11866,18196,64
11866,18197,25
11866,18198,7
11866,18199,3
11866,18200,8.5
11866,18201,8
11866,18208,2
11866,18213,2
11866,18216,5
11866,18218,1
11866,18220,4
11866,18222,3
11866,18224,10
11866,18234,1
11866,18238,1
11866,18239,1
11866,18242,3
11866,18259,2
11866,18319,2
11866,18322,2
11866,18328,4
11866,18344,1
11866,18348,5
11866,18349,22
11866,18361,15
11866,18362,9
11866,18377,3
11866,18390,4
11866,18400,4
11867,17909,1
11867,17913,2
11867,17914,5
11867,17939,2
11867,17945,5
11867,17946,7
11867,17947,4
11867,17949,4
11867,17959,1
11867,17960,10
11867,17961,20
11867,18005,4
11867,18009,4
11867,18010,5
11867,18012,4
11867,18023,2
11867,18029,2
11867,18030,7.5
11867,18032,3
11867,18034,3
11867,18035,13
11867,18036,3
11867,18037,21
11867,18038,5
11867,18039,7
11867,18043,3
11867,18044,7.5
11867,18045,3
11867,18053,9.5
11867,18057,3
11867,18065,7
11867,18070,34
11867,18071,13
11867,18072,10
11867,18074,5
11867,18078,5
11867,18092,3
11867,18093,5
11867,18095,7
11867,18096,13
11867,18097,12
11867,18100,9
11867,18102,4
11867,18103,5
11867,18110,1
11867,18113,1
11867,18114,3
11867,18115,5
11867,18118,6
11867,18120,3
11867,18122,4
11867,18123,5
11867,18149,1
11867,18153,1
11867,18154,6
11867,18157,1
11867,18162,10
11867,18163,9
11867,18167,2
11867,18168,1
11867,18171,2
11867,18184,2
11867,18186,3
11867,18189,2
11867,18190,6
11867,18191,3
11867,18196,3
11867,18197,4
11867,18198,3
11867,18199,11
11867,18200,4
11867,18201,1
11867,18204,5
11867,18208,2
11867,18213,3
11867,18220,3
11867,18221,2
11867,18222,3
11867,18224,9
11867,18225,4
11867,18227,4
11867,18237,1
11867,18242,3
11867,18244,4
11867,18249,2
11867,18250,2
11867,18254,3
11867,18275,2
11867,18276,1
11867,18287,2
11867,18291,5
11867,18320,1
11867,18325,2
11867,18326,2
11867,18327,2
11867,18329,4
11867,18343,5
11867,18345,2
11867,18348,8
11867,18349,25
11867,18350,3
11867,18357,9
11867,18358,5
11867,18360,1
11867,18361,6
11867,18362,12
11867,18363,3
11867,18385,1
11867,18389,12
11867,18390,8
11868,17903,1
11868,17908,3
11868,17912,1
11868,17917,4
11868,17918,2
11868,17942,6
11868,17943,1
11868,17945,4
11868,17946,3
11868,17948,3
11868,17949,2
11868,17950,1
11868,17955,4
11868,17958,1
11868,17959,8
11868,17960,11
11868,17961,3
11868,17963,3
11868,17964,6
11868,17965,5
11868,17967,9
11868,17968,3
11868,17969,5
11868,17971,1
11868,18004,2
11868,18005,5
11868,18006,1
11868,18024,4
11868,18029,2
11868,18030,28
11868,18031,2
11868,18032,11.5
11868,18033,6
11868,18036,1
11868,18037,20
11868,18038,28
11868,18039,10
11868,18040,4
11868,18041,4
11868,18042,2
11868,18048,4
11868,18057,2
11868,18067,5
11868,18068,3
11868,18070,23
11868,18071,8
11868,18072,5
11868,18074,2
11868,18097,9
11868,18098,5
11868,18100,1
11868,18102,2
11868,18105,1
11868,18111,2
11868,18112,1
11868,18113,11
11868,18114,2
11868,18117,2
11868,18118,7
11868,18119,2
11868,18122,4
11868,18123,28
11868,18124,1
11868,18126,5
11868,18132,1
11868,18138,6
11868,18143,2
11868,18146,3
11868,18154,2
11868,18157,2
11868,18158,1
11868,18159,6
11868,18161,2
11868,18162,9.5
11868,18163,2
11868,18164,3
11868,18165,2
11868,18170,1
11868,18172,3
11868,18180,2
11868,18183,3
11868,18190,20
11868,18191,13
11868,18192,1
11868,18193,6
11868,18199,6
11868,18200,7
11868,18201,2
11868,18207,4
11868,18208,4
11868,18213,6
11868,18214,3.5
11868,18218,1
11868,18224,4
11868,18225,4
11868,18226,11.5
11868,18236,2
11868,18239,1
11868,18241,2
11868,18246,6
11868,18249,4
11868,18252,1
11868,18256,4
11868,18257,1
11868,18273,2
11868,18276,1.5
11868,18318,5
11868,18319,2
11868,18344,2
11868,18347,1
11868,18348,6
11868,18349,2
11868,18359,2
11868,18361,2
11868,18362,27
11868,18363,24
11868,18376,3
11868,18391,2
11868,18392,2
11869,17906,1
11869,17913,2
11869,17919,4
11869,17929,3
11869,17938,2
11869,17940,2
11869,17949,1
11869,17958,3
11869,17959,4
11869,17963,125.5
11869,17964,28
11869,17965,6
11869,17970,1
11869,17972,7
11869,17976,4
11869,17977,3
11869,17992,5
11869,17994,4
11869,17995,4
11869,18007,3
11869,18030,1
11869,18032,9
11869,18034,4
11869,18035,1
11869,18036,6
11869,18037,2
11869,18038,16
11869,18039,3
11869,18043,3
11869,18045,2
11869,18050,2
11869,18056,4.5
11869,18058,6
11869,18059,20
11869,18060,1
11869,18063,1
11869,18069,1
11869,18070,15
11869,18073,1
11869,18079,1
11869,18103,2
11869,18111,3
11869,18112,15
11869,18113,17
11869,18114,5
11869,18115,2
11869,18118,3
11869,18120,9
11869,18121,5
11869,18122,12
11869,18125,4
11869,18127,1
11869,18128,2
11869,18129,9
11869,18130,3
11869,18132,2
11869,18138,12
11869,18140,1
11869,18142,4
11869,18143,4
11869,18146,1
11869,18149,1
11869,18157,4
11869,18158,3
11869,18159,4
11869,18160,4
11869,18164,2
11869,18169,4
11869,18171,3
11869,18185,3.5
11869,18186,6
11869,18189,1
11869,18190,4
11869,18191,2
11869,18199,3
11869,18202,3
11869,18203,4
11869,18204,2
11869,18206,1
11869,18207,4
11869,18208,3
11869,18212,1
11869,18213,16
11869,18217,2
11869,18220,1
11869,18225,3
11869,18227,2
11869,18243,2
11869,18247,3
11869,18253,1
11869,18256,3
11869,18257,10
11869,18266,3
11869,18307,3
11869,18309,6
11869,18310,3
11869,18311,4
11869,18312,4
11869,18313,7
11869,18314,9
11869,18317,4
11869,18318,1
11869,18319,2
11869,18326,1
11869,18342,3
11869,18344,2
11869,18347,4
11869,18348,3
11869,18350,1
11869,18362,21
11869,18363,11
11869,18377,4
11870,17909,1
11870,17913,2
11870,17918,7
11870,17919,4
11870,17924,4.5
11870,17929,2
11870,17955,1
11870,17958,4
11870,17959,5
11870,17963,13
11870,17964,58
11870,17965,21
11870,17966,2
11870,17967,6
11870,17969,1
11870,17971,3
11870,17978,3
11870,17992,2
11870,17993,16
11870,17994,34
11870,17995,12
11870,17996,4
11870,18011,3
11870,18020,3
11870,18021,1
11870,18024,2
11870,18026,3
11870,18027,3
11870,18033,4
11870,18035,18
11870,18036,18
11870,18037,40
11870,18038,1
11870,18041,1
11870,18042,5
11870,18046,4
11870,18052,4
11870,18053,1
11870,18057,10
11870,18068,4
11870,18070,8
11870,18074,2.5
11870,18075,1
11870,18077,2
11870,18081,6
11870,18104,9
11870,18111,4
11870,18112,35.5
11870,18113,12
11870,18114,5
11870,18115,4
11870,18116,2
11870,18117,2
11870,18118,3
11870,18119,8
11870,18127,2
11870,18128,21
11870,18129,10
11870,18130,14
11870,18131,9
11870,18133,2
11870,18143,5
11870,18145,2
11870,18147,4
11870,18156,2
11870,18172,7
11870,18178,5
11870,18184,2
11870,18188,1.5
11870,18191,1
11870,18192,7
11870,18193,2
11870,18194,2
11870,18202,2
11870,18205,1
11870,18206,4
11870,18208,12
11870,18212,2
11870,18213,4
11870,18223,2
11870,18224,12
11870,18234,5
11870,18235,2
11870,18237,2
11870,18238,4
11870,18242,3
11870,18246,8
11870,18247,2
11870,18250,2
11870,18252,5
11870,18277,2
11870,18291,1
11870,18298,2
11870,18299,1
11870,18302,2
11870,18303,1
11870,18305,1
11870,18307,84
11870,18308,34
11870,18309,9
11870,18310,24
11870,18312,6
11870,18313,4
11870,18314,2
11870,18315,7
11870,18316,2
11870,18317,3
11870,18318,1
11870,18361,15
11870,18362,24
11870,18363,29.5
11870,18365,4
11870,18383,8
11870,18384,2
11870,18385,1
11871,17906,2
11871,17913,1
11871,17930,2
11871,17932,3
11871,17940,5
11871,17953,2
11871,17955,4
11871,17956,2
11871,17957,5
11871,17966,2
11871,17969,4
11871,17977,9
11871,17978,7
11871,17979,4
11871,17991,9.5
11871,17992,20
11871,17993,23
11871,17994,89
11871,17995,1
11871,17996,11
11871,17997,2
11871,18017,4
11871,18018,16
11871,18019,10
11871,18023,1
11871,18032,21
11871,18033,3
11871,18034,18
11871,18035,32
11871,18036,57
11871,18037,84
11871,18038,5
11871,18039,8
11871,18040,2
11871,18041,4
11871,18042,10
11871,18043,2
11871,18044,1
11871,18057,1
11871,18065,4
11871,18066,3
11871,18070,17
11871,18072,4
11871,18077,14.5
11871,18078,37
11871,18079,2
11871,18082,9
11871,18083,2
11871,18103,4.5
11871,18104,7
11871,18108,5
11871,18109,1
11871,18110,5
11871,18111,3
11871,18113,4
11871,18115,4
11871,18117,8
11871,18118,4
11871,18128,2
11871,18129,14
11871,18130,17
11871,18133,2
11871,18136,7
11871,18142,3
11871,18143,5
11871,18144,23
11871,18145,1
11871,18146,3
11871,18148,2
11871,18149,6
11871,18150,1
11871,18151,1
11871,18154,3
11871,18166,2
11871,18168,6
11871,18169,4
11871,18170,3
11871,18173,4
11871,18174,3
11871,18175,3
11871,18176,1
11871,18178,2
11871,18179,9
11871,18180,6
11871,18183,4
11871,18185,3
11871,18188,12
11871,18191,11
11871,18192,8
11871,18200,10
11871,18205,17.5
11871,18206,2
11871,18208,7
11871,18209,1
11871,18212,33
11871,18218,2
11871,18223,3
11871,18233,2
11871,18234,5
11871,18238,2
11871,18239,2
11871,18240,2
11871,18246,4
11871,18256,2
11871,18293,3
11871,18299,1
11871,18300,4
11871,18301,1
11871,18303,6
11871,18304,2
11871,18306,57
11871,18307,217.5
11871,18308,50
11871,18309,16
11871,18310,16
11871,18313,3
11871,18314,1
11871,18316,6
11871,18317,4
11871,18327,2
11871,18331,2
11871,18332,3
11871,18333,3
11871,18334,2
11871,18349,3
11871,18360,2
11871,18361,7
11871,18362,2
11871,18363,4
11871,18364,6
11871,18366,1
11871,18367,5
11871,18368,2
11871,18369,2
11871,18372,5
11871,18373,2
11871,18383,16
11871,18391,6
11872,17898,4
11872,17904,5
11872,17912,3
11872,17914,2
11872,17915,5
11872,17918,1
11872,17919,4
11872,17923,2
11872,17928,1
11872,17931,1
11872,17932,2
11872,17933,1
11872,17945,2
11872,17950,1
11872,17964,8
11872,17979,10
11872,17991,7
11872,17992,42
11872,17993,26
11872,17994,4
11872,17997,10
11872,17998,2
11872,18007,8
11872,18008,2
11872,18009,1
11872,18015,1
11872,18016,4
11872,18017,9
11872,18018,3
11872,18019,7
11872,18021,1
11872,18022,2
11872,18023,6
11872,18026,2
11872,18027,2
11872,18029,4
11872,18030,3
11872,18033,6
11872,18034,8
11872,18035,18
11872,18036,44
11872,18037,1
11872,18040,17
11872,18041,3
11872,18042,3
11872,18043,7
11872,18044,124.5
11872,18047,7
11872,18048,1
11872,18049,2
11872,18051,1
11872,18052,1
11872,18054,2
11872,18055,3
11872,18057,4
11872,18058,5
11872,18068,3
11872,18070,2
11872,18072,1
11872,18073,3
11872,18074,9
11872,18075,6
11872,18076,4
11872,18077,1.5
11872,18078,12
11872,18079,10.5
11872,18082,4
11872,18090,2
11872,18104,1
11872,18105,4
11872,18110,6
11872,18114,1
11872,18115,9
11872,18116,2
11872,18121,1
11872,18122,2
11872,18129,2
11872,18130,3.5
11872,18132,3
11872,18133,2
11872,18136,2
11872,18138,2
11872,18140,4
11872,18143,14
11872,18144,12
11872,18147,5
11872,18161,2
11872,18174,3
11872,18178,2
11872,18181,4
11872,18183,2
11872,18186,2
11872,18192,3
11872,18195,3
11872,18205,4
11872,18207,4
11872,18208,12
11872,18211,19
11872,18214,2
11872,18218,8
11872,18221,3
11872,18223,3
11872,18230,1
11872,18244,3.5
11872,18249,10
11872,18250,3
11872,18255,3
11872,18257,4
11872,18258,2
11872,18261,2
11872,18282,2
11872,18296,2
11872,18297,1
11872,18303,2.5
11872,18304,13
11872,18305,24.5
11872,18306,32
11872,18307,74
11872,18308,27
11872,18309,47
11872,18310,10.5
11872,18313,1
11872,18314,4
11872,18349,1
11872,18363,1
11872,18369,2
11872,18370,1
11872,18371,2
11872,18386,2
11872,18389,1
11872,18390,2
11873,17899,2
11873,17901,2
11873,17921,2
11873,17943,3
11873,17944,19
11873,17945,2
11873,17950,2
11873,17956,2
11873,17964,2
11873,17966,1
11873,17968,1
11873,17969,1
11873,17974,6
11873,17980,1
11873,17990,2
11873,17991,8
11873,17992,59
11873,17993,32.5
11873,17994,5
11873,17996,3
11873,17997,4
11873,17999,13
11873,18000,7
11873,18003,1
11873,18004,3
11873,18005,6
11873,18006,8
11873,18007,4
11873,18008,3
11873,18009,5
11873,18010,9
11873,18012,8
11873,18015,1
11873,18016,2
11873,18017,4
11873,18018,5
11873,18019,5
11873,18024,6
11873,18026,2
11873,18028,1
11873,18032,6.5
11873,18036,38
11873,18037,26
11873,18038,25
11873,18039,50.5
11873,18040,42
11873,18041,107
11873,18042,110
11873,18043,274.5
11873,18044,44
11873,18048,1
11873,18049,1
11873,18053,4
11873,18054,4
11873,18056,20
11873,18057,6
11873,18059,6
11873,18060,2
11873,18061,2
11873,18070,5
11873,18072,3
11873,18076,2
11873,18079,12
11873,18082,4
11873,18093,6
11873,18102,1
11873,18103,5
11873,18104,3
11873,18110,1
11873,18111,1
11873,18113,2
11873,18115,2
11873,18116,4
11873,18122,1
11873,18125,2
11873,18132,2
11873,18135,4
11873,18136,1
11873,18138,3
11873,18141,14
11873,18142,13
11873,18143,68
11873,18144,1
11873,18146,2
11873,18147,5
11873,18148,5
11873,18151,4
11873,18159,4
11873,18163,3
11873,18165,6
11873,18174,5
11873,18175,5
11873,18181,1
11873,18192,3
11873,18203,2
11873,18205,4
11873,18207,8
11873,18208,9
11873,18209,15
11873,18210,20
11873,18211,8
11873,18214,2
11873,18215,7
11873,18227,3
11873,18229,7
11873,18230,7
11873,18231,5
11873,18236,9
11873,18237,6
11873,18240,1
11873,18242,1
11873,18246,3
11873,18247,3
11873,18248,10
11873,18249,12.5
11873,18255,2
11873,18256,10
11873,18257,2
11873,18258,1
11873,18260,1
11873,18283,1
11873,18293,2
11873,18294,1
11873,18305,3
11873,18307,18
11873,18308,36.5
11873,18309,6
11873,18310,4
11873,18311,8
11873,18329,4
11873,18345,3
11873,18357,1
11873,18363,2
11873,18368,2
11873,18376,1
11873,18377,6
11873,18379,1
11873,18384,1
11874,17904,2
11874,17907,2
11874,17909,2
11874,17910,4
11874,17915,2
11874,17916,1
11874,17919,2
11874,17921,5
11874,17931,2
11874,17941,2
11874,17943,2
11874,17944,4
11874,17945,19
11874,17946,6
11874,17953,2
11874,17964,1
11874,17966,3
11874,17969,4
11874,17990,12.5
11874,17991,80
11874,17992,57
11874,17993,15
11874,17994,16
11874,18000,1
11874,18001,2
11874,18002,7
11874,18004,2
11874,18005,5
11874,18006,9.5
11874,18007,3
11874,18008,15
11874,18009,15
11874,18010,6
11874,18011,5
11874,18014,4
11874,18015,3
11874,18016,16
11874,18017,22
11874,18018,5
11874,18019,3
11874,18024,5
11874,18029,6
11874,18031,2
11874,18033,28.5
11874,18034,57
11874,18035,95
11874,18036,297.5
11874,18037,241
11874,18038,200.5
11874,18039,102.5
11874,18040,91.5
11874,18041,73
11874,18042,157
11874,18043,216
11874,18044,119
11874,18045,10
11874,18047,3
11874,18048,7
11874,18049,9.5
11874,18050,6
11874,18051,9
11874,18052,10
11874,18053,1
11874,18054,5
11874,18055,4
11874,18056,2
11874,18060,5
11874,18062,2
11874,18076,5
11874,18079,1
11874,18082,3
11874,18093,4
11874,18097,4
11874,18107,3
11874,18108,4
11874,18112,1.5
11874,18116,2
11874,18128,8
11874,18129,4
11874,18131,2
11874,18135,4
11874,18136,5
11874,18138,7
11874,18139,10
11874,18140,3
11874,18141,11
11874,18143,7
11874,18144,43.5
11874,18145,25
11874,18146,29
11874,18147,10
11874,18155,1
11874,18157,1
11874,18159,1
11874,18164,4
11874,18182,5
11874,18194,5
11874,18204,7
11874,18206,4
11874,18207,12.5
11874,18208,6
11874,18209,6
11874,18210,34.5
11874,18211,1
11874,18214,6
11874,18215,1
11874,18217,4
11874,18222,3
11874,18227,3
11874,18228,5
11874,18229,4
11874,18230,4
11874,18231,4
11874,18236,3
11874,18237,3
11874,18241,35.5
11874,18242,11
11874,18245,6
11874,18246,8
11874,18247,31
11874,18248,19
11874,18249,15
11874,18250,1
11874,18251,3.5
11874,18284,2.5
11874,18285,2
11874,18306,11
11874,18307,13.5
11874,18308,36
11874,18309,13
11874,18322,1
11874,18328,2
11874,18357,3
11874,18371,1
11874,18376,2
11874,18386,1
11875,17907,2
11875,17911,11
11875,17918,8
11875,17919,5
11875,17922,3
11875,17925,3
11875,17944,2
11875,17945,15
11875,17946,6
11875,17947,8
11875,17948,19
11875,17955,5
11875,17964,5.5
11875,17965,1
11875,17977,2
11875,17987,1
11875,17989,26
11875,17990,25
11875,17991,27
11875,17992,33.5
11875,17993,13
11875,17994,10
11875,17995,17.5
11875,18003,9
11875,18004,2
11875,18007,15
11875,18008,32
11875,18009,38
11875,18010,6
11875,18011,2
11875,18013,3
11875,18016,8
11875,18017,1
11875,18018,1
11875,18022,4
11875,18025,4
11875,18028,9
11875,18029,16
11875,18030,14
11875,18031,22
11875,18032,12
11875,18033,16
11875,18034,49
11875,18035,234
11875,18036,380.5
11875,18037,255
11875,18038,235.5
11875,18039,222.5
11875,18040,73
11875,18041,88
11875,18042,202.5
11875,18043,193
11875,18044,17
11875,18045,19
11875,18046,5
11875,18050,2
11875,18051,4
11875,18055,2
11875,18056,1
11875,18057,3
11875,18058,2
11875,18061,4
11875,18070,4
11875,18079,4
11875,18084,3
11875,18087,2
11875,18088,1
11875,18089,8
11875,18090,3
11875,18098,4
11875,18107,11
11875,18108,15
11875,18109,3
11875,18111,2
11875,18115,7
11875,18127,10
11875,18128,6
11875,18131,6
11875,18136,6
11875,18140,7
11875,18141,3
11875,18143,4
11875,18144,2
11875,18145,5
11875,18146,5
11875,18147,2
11875,18148,5
11875,18149,1
11875,18154,3
11875,18158,4
11875,18163,4
11875,18166,1.5
11875,18167,1.5
11875,18168,2
11875,18169,4
11875,18176,5
11875,18180,1
11875,18186,2
11875,18189,2
11875,18194,7
11875,18205,2
11875,18206,1
11875,18207,2
11875,18208,2
11875,18209,9
11875,18210,16
11875,18211,11
11875,18212,4
11875,18213,5
11875,18214,5
11875,18216,2
11875,18221,4
11875,18223,1
11875,18228,10
11875,18229,3
11875,18230,3
11875,18235,9
11875,18236,24.5
11875,18241,17
11875,18242,3
11875,18244,6
11875,18245,41
11875,18246,36
11875,18247,9
11875,18254,1
11875,18265,1
11875,18305,3
11875,18307,6
11875,18308,10
11875,18309,10
11875,18310,10
11875,18316,2
11875,18325,1
11875,18332,5
11875,18335,2
11875,18337,1
11875,18340,2
11875,18349,2
11875,18365,4
11875,18366,3
11875,18369,1
11875,18370,3.5
11875,18374,1
11875,18386,1
11876,17907,2
11876,17908,4
11876,17911,12
11876,17912,9
11876,17914,3
11876,17926,11
11876,17931,2
11876,17934,1
11876,17943,15
11876,17944,64
11876,17945,39
11876,17946,21.5
11876,17947,2
11876,17948,19
11876,17949,4
11876,17950,1
11876,17961,2
11876,17962,2
11876,17977,7
11876,17980,1
11876,17981,3
11876,17988,9
11876,17989,33.5
11876,17990,24
11876,17991,2
11876,17993,20
11876,17995,2
11876,17996,5
11876,17997,3
11876,17999,2
11876,18007,6.5
11876,18008,23.5
11876,18009,6
11876,18010,9
11876,18011,16
11876,18013,3
11876,18015,4.5
11876,18024,4
11876,18029,6
11876,18030,23
11876,18031,25
11876,18032,15
11876,18033,6
11876,18034,17
11876,18035,4
11876,18036,78
11876,18037,223.5
11876,18038,374
11876,18039,260
11876,18040,109
11876,18041,63
11876,18042,61
11876,18044,9
11876,18045,17
11876,18046,44
11876,18047,2
11876,18049,2
11876,18050,5
11876,18057,1
11876,18058,3
11876,18059,7
11876,18060,2
11876,18061,4
11876,18062,3
11876,18063,3
11876,18064,3
11876,18065,4
11876,18071,3
11876,18074,6
11876,18075,2
11876,18080,1
11876,18081,1
11876,18082,4
11876,18084,4
11876,18085,1
11876,18086,5
11876,18089,8
11876,18103,3
11876,18104,5
11876,18106,9
11876,18107,3
11876,18108,11.5
11876,18109,1.5
11876,18118,1
11876,18121,3
11876,18126,5
11876,18127,11
11876,18130,6
11876,18135,2
11876,18139,2
11876,18140,18
11876,18143,4
11876,18149,8
11876,18150,8
11876,18151,18
11876,18154,2
11876,18157,2
11876,18158,2
11876,18163,12
11876,18164,14
11876,18165,6
11876,18166,4
11876,18171,3
11876,18178,2
11876,18182,1
11876,18188,6
11876,18208,8.5
11876,18209,3
11876,18210,3
11876,18211,1
11876,18212,7
11876,18213,4
11876,18214,11
11876,18220,9.5
11876,18221,5
11876,18223,4
11876,18225,3
11876,18226,3
11876,18228,16
11876,18229,8
11876,18233,2
11876,18235,22
11876,18236,7
11876,18240,1
11876,18241,1
11876,18243,9
11876,18244,25
11876,18245,18
11876,18246,1.5
11876,18247,9
11876,18282,4
11876,18293,1
11876,18307,7
11876,18308,4
11876,18319,4
11876,18330,2
11876,18339,5
11876,18341,1
11876,18348,7
11876,18350,9
11876,18351,2
11876,18354,3
11876,18357,2
11876,18374,1
11876,18389,1
11877,17907,1
11877,17910,7
11877,17911,22.5
11877,17912,2
11877,17913,5
11877,17915,2
11877,17920,1
11877,17929,1
11877,17942,5
11877,17943,20
11877,17944,26
11877,17945,4
11877,17946,1
11877,17950,2
11877,17951,5
11877,17953,3
11877,17960,4
11877,17963,9
11877,17964,5
11877,17968,4
11877,17969,3
11877,17972,4
11877,17975,2
11877,17977,7
11877,17982,5
11877,17983,2
11877,17984,3
11877,17987,4
11877,17988,5
11877,17989,19
11877,17990,47.5
11877,17991,30.5
11877,17992,4
11877,17993,5
11877,17999,7
11877,18000,1
11877,18001,4
11877,18002,2
11877,18007,2
11877,18010,3
11877,18011,2
11877,18012,14.5
11877,18013,5
11877,18014,2
11877,18015,2
11877,18017,3
11877,18020,2
11877,18021,3
11877,18024,3
11877,18027,1
11877,18029,9
11877,18030,10
11877,18031,14
11877,18032,3
11877,18033,10
11877,18034,3
11877,18035,23
11877,18036,21
11877,18037,82
11877,18038,142.5
11877,18039,19
11877,18040,32
11877,18041,15.5
11877,18042,33
11877,18043,92
11877,18044,22
11877,18045,33
11877,18046,23
11877,18050,3
11877,18062,7
11877,18064,3
11877,18070,8
11877,18074,8
11877,18075,4
11877,18077,6
11877,18078,1
11877,18079,5
11877,18080,2
11877,18084,4
11877,18085,3
11877,18086,6
11877,18091,1
11877,18103,17
11877,18104,11
11877,18105,8
11877,18106,4
11877,18107,1
11877,18114,3
11877,18118,1
11877,18126,5
11877,18129,2
11877,18130,3
11877,18134,4
11877,18139,10
11877,18140,12
11877,18149,13
11877,18150,26
11877,18151,7
11877,18157,2
11877,18158,2
11877,18160,2
11877,18161,2
11877,18163,4
11877,18164,3
11877,18177,4
11877,18181,2
11877,18182,3
11877,18191,12
11877,18192,18
11877,18193,4
11877,18197,2
11877,18200,3
11877,18209,7
11877,18210,2
11877,18211,2
11877,18213,6
11877,18214,10
11877,18216,3
11877,18217,5
11877,18218,8
11877,18219,6
11877,18220,25
11877,18221,29
11877,18222,6
11877,18227,1
11877,18228,19
11877,18232,3
11877,18235,22
11877,18237,1
11877,18243,14.5
11877,18244,22
11877,18263,1
11877,18276,1
11877,18279,3
11877,18283,3
11877,18285,4
11877,18286,9
11877,18287,2
11877,18288,1
11877,18290,2
11877,18291,2
11877,18292,3
11877,18298,8
11877,18307,2
11877,18308,4
11877,18318,1
11877,18328,2
11877,18335,1
11877,18336,4
11877,18337,6
11877,18339,4
11877,18340,2
11877,18342,2
11877,18351,3
11877,18352,2
11877,18364,2
11877,18365,4
11877,18376,6
11877,18393,10
11878,17904,6
11878,17905,2
11878,17911,9
11878,17914,2
11878,17916,2
11878,17927,14
11878,17928,7
11878,17929,4
11878,17936,2
11878,17942,2
11878,17943,7
11878,17945,3
11878,17950,7
11878,17962,3
11878,17963,27.5
11878,17964,13
11878,17966,1
11878,17968,2
11878,17969,3
11878,17973,2
11878,17975,1
11878,17976,2
11878,17981,1
11878,17982,25
11878,17983,13
11878,17984,5
11878,17987,6
11878,17988,25
11878,17991,7
11878,17992,3
11878,17993,5
11878,18011,4
11878,18012,13
11878,18013,7
11878,18014,13
11878,18015,2
11878,18020,2
11878,18021,2
11878,18024,16
11878,18026,4
11878,18027,2
11878,18028,12
11878,18031,18
11878,18032,7
11878,18033,22
11878,18034,28
11878,18035,12
11878,18036,30
11878,18037,25
11878,18038,22.5
11878,18039,28
11878,18040,12
11878,18041,9
11878,18042,12
11878,18043,12
11878,18044,38
11878,18045,26.5
11878,18046,9
11878,18049,4
11878,18050,2
11878,18061,2
11878,18066,2
11878,18067,2
11878,18070,5
11878,18074,11
11878,18075,1
11878,18076,1
11878,18083,2
11878,18084,4
11878,18094,2
11878,18101,6
11878,18102,17
11878,18103,19
11878,18104,14
11878,18113,2
11878,18118,1
11878,18124,1
11878,18129,1
11878,18139,24
11878,18147,2
11878,18148,5
11878,18149,5
11878,18150,4.5
11878,18152,28.5
11878,18153,1
11878,18155,2
11878,18156,2
11878,18157,7
11878,18158,1
11878,18159,3
11878,18162,6
11878,18163,2
11878,18164,2
11878,18174,2
11878,18178,2
11878,18179,8
11878,18180,1
11878,18181,2
11878,18188,1
11878,18191,3
11878,18192,6
11878,18195,4
11878,18199,2
11878,18204,1
11878,18209,2
11878,18210,16
11878,18212,3
11878,18215,2
11878,18216,8
11878,18217,3
11878,18218,13
11878,18220,4
11878,18221,22
11878,18222,6
11878,18223,2
11878,18224,2
11878,18226,3
11878,18227,16
11878,18228,2
11878,18234,1
11878,18235,8
11878,18236,2
11878,18237,1
11878,18239,1
11878,18240,2
11878,18246,2
11878,18248,2
11878,18275,5
11878,18277,2
11878,18278,4
11878,18279,5
11878,18280,1
11878,18286,5
11878,18287,1
11878,18288,2
11878,18291,2
11878,18292,1
11878,18307,1
11878,18319,1
11878,18320,2
11878,18321,4
11878,18325,7
11878,18339,1
11878,18342,4
11878,18371,7
11878,18372,2
11878,18375,1
11878,18378,2
11878,18389,1
11878,18392,3
11879,17904,5
11879,17908,6
11879,17913,10
11879,17914,25.5
11879,17915,4
11879,17917,3
11879,17927,7
11879,17928,32
11879,17929,4
11879,17931,2
11879,17932,7
11879,17943,2
11879,17944,4
11879,17963,21
11879,17964,5
11879,17969,2
11879,17974,1
11879,17975,4
11879,17980,11
11879,17981,7
11879,17982,2
11879,17983,2
11879,17987,3
11879,17988,18
11879,17989,1
11879,17992,6.5
11879,17993,1
11879,17996,8
11879,18002,4
11879,18004,4
11879,18012,2
11879,18014,22
11879,18022,3
11879,18024,9
11879,18025,4
11879,18026,6
11879,18028,4
11879,18030,5
11879,18031,8
11879,18032,10
11879,18033,11
11879,18034,27
11879,18035,41
11879,18036,27.5
11879,18037,19.5
11879,18038,19
11879,18039,10
11879,18040,2
11879,18041,5
11879,18042,21
11879,18043,12
11879,18044,12
11879,18045,23
11879,18046,17
11879,18047,3
11879,18048,6
11879,18049,8
11879,18050,25
11879,18051,30
11879,18052,22
11879,18055,2
11879,18056,4
11879,18060,2
11879,18063,1
11879,18067,20
11879,18068,10
11879,18069,9
11879,18070,7
11879,18073,2
11879,18075,11
11879,18076,30
11879,18077,18
11879,18079,2
11879,18093,2
11879,18094,5
11879,18095,5
11879,18096,3
11879,18101,15.5
11879,18102,40
11879,18103,71.5
11879,18104,28
11879,18105,4
11879,18112,2
11879,18118,1
11879,18132,4
11879,18139,5
11879,18147,2
11879,18148,11
11879,18151,4
11879,18156,3
11879,18157,14
11879,18158,1
11879,18159,2
11879,18161,1
11879,18163,1
11879,18166,3
11879,18169,4
11879,18177,11
11879,18178,15
11879,18183,4
11879,18189,1
11879,18191,9
11879,18199,2
11879,18201,5
11879,18204,3
11879,18212,3
11879,18213,2
11879,18216,7
11879,18217,37
11879,18218,154
11879,18219,12
11879,18221,18
11879,18222,2
11879,18223,14
11879,18225,8
11879,18226,26
11879,18227,11
11879,18232,3
11879,18233,7
11879,18237,5
11879,18247,3
11879,18251,7
11879,18263,1
11879,18271,1.5
11879,18272,2
11879,18282,6
11879,18291,2
11879,18296,2
11879,18307,1
11879,18316,1
11879,18317,4
11879,18318,3
11879,18319,3
11879,18320,4
11879,18323,1.5
11879,18324,2
11879,18334,10
11879,18370,2
11879,18371,4
11879,18384,2
11880,17911,26
11880,17912,5
11880,17913,4
11880,17914,7
11880,17915,3
11880,17918,2
11880,17921,2
11880,17923,2
11880,17925,6
11880,17928,22
11880,17929,20
11880,17943,5
11880,17954,3
11880,17957,2
11880,17958,19
11880,17959,4
11880,17963,22
11880,17964,2
11880,17975,3
11880,17976,27
11880,17977,28.5
11880,17978,34
11880,17979,7
11880,17980,7
11880,17988,2
11880,17989,29
11880,17990,8
11880,17991,14.5
11880,17994,4
11880,18006,4
11880,18008,2
11880,18015,2
11880,18018,3
11880,18019,5
11880,18020,3
11880,18023,6
11880,18024,22
11880,18025,4
11880,18029,9
11880,18031,7
11880,18032,3
11880,18033,9
11880,18034,90
11880,18035,12
11880,18036,30
11880,18037,29
11880,18038,16.5
11880,18039,4
11880,18040,3
11880,18041,25
11880,18042,38.5
11880,18043,7
11880,18044,28
11880,18045,11
11880,18046,15.5
11880,18047,45
11880,18048,124
11880,18050,23
11880,18051,28
11880,18052,14
11880,18053,3
11880,18054,2
11880,18055,10
11880,18056,6
11880,18057,2
11880,18062,2
11880,18063,3
11880,18068,18
11880,18069,27.5
11880,18073,14
11880,18074,9
11880,18076,17
11880,18077,10
11880,18078,4
11880,18079,3
11880,18082,4
11880,18095,10
11880,18096,19
11880,18097,10
11880,18098,2
11880,18099,11
11880,18100,91.5
11880,18101,63
11880,18104,8
11880,18105,2
11880,18106,1
11880,18129,2
11880,18138,2
11880,18139,5
11880,18141,3
11880,18145,2
11880,18154,8
11880,18156,3
11880,18157,2
11880,18165,3
11880,18173,13
11880,18176,12
11880,18182,2
11880,18183,1
11880,18184,5
11880,18191,4
11880,18195,1
11880,18202,3
11880,18206,1
11880,18216,4
11880,18217,24.5
11880,18218,65
11880,18219,101
11880,18220,146.5
11880,18221,1
11880,18222,6
11880,18223,2
11880,18224,2
11880,18226,31
11880,18227,6
11880,18230,24
11880,18231,4
11880,18232,1
11880,18241,3
11880,18256,4
11880,18257,2
11880,18284,4
11880,18306,4
11880,18316,1
11880,18318,5
11880,18339,4
11880,18342,3
11880,18350,3
11880,18352,3
11880,18364,2
11881,17900,2
11881,17903,2
11881,17906,4
11881,17908,1
11881,17911,104.5
11881,17912,8
11881,17913,4
11881,17914,3
11881,17915,2
11881,17924,3
11881,17926,3
11881,17929,6
11881,17931,5
11881,17934,2
11881,17940,6
11881,17957,3
11881,17959,15
11881,17960,4
11881,17962,10
11881,17963,9
11881,17973,12
11881,17974,5
11881,17975,9
11881,17976,46
11881,17977,41
11881,17978,49
11881,17979,8
11881,17980,8
11881,17987,4
11881,17991,14
11881,18002,6
11881,18003,3
11881,18007,6
11881,18008,8
11881,18011,1
11881,18014,1
11881,18017,1
11881,18018,1
11881,18024,10
11881,18029,5
11881,18030,2
11881,18031,8
11881,18032,21
11881,18033,53.5
11881,18034,13
11881,18035,16
11881,18036,5
11881,18037,11
11881,18038,9
11881,18041,12.5
11881,18042,16
11881,18043,15
11881,18044,3
11881,18045,58
11881,18046,57
11881,18047,15
11881,18048,49
11881,18049,6
11881,18050,19
11881,18051,1
11881,18055,1
11881,18056,3
11881,18057,3
11881,18058,3
11881,18059,4
11881,18062,1
11881,18063,9
11881,18065,16
11881,18068,9
11881,18069,38
11881,18073,6
11881,18074,4
11881,18076,9
11881,18078,3
11881,18083,3
11881,18096,11
11881,18097,1
11881,18098,2
11881,18100,126.5
11881,18101,159.5
11881,18102,4
11881,18107,2
11881,18108,4
11881,18111,4
11881,18123,1
11881,18124,2
11881,18131,3
11881,18137,3
11881,18143,1
11881,18144,4
11881,18152,4
11881,18154,5
11881,18156,2
11881,18161,3
11881,18162,3
11881,18165,2
11881,18167,7
11881,18168,4
11881,18173,83
11881,18174,5
11881,18175,5
11881,18178,5
11881,18183,2
11881,18190,1
11881,18192,2
11881,18194,4
11881,18200,4
11881,18202,2
11881,18205,5
11881,18207,3
11881,18208,2
11881,18216,1
11881,18218,24
11881,18219,53
11881,18220,175
11881,18221,8
11881,18222,10
11881,18223,18
11881,18224,13
11881,18225,14
11881,18226,19
11881,18227,10
11881,18228,9
11881,18229,11
11881,18230,16.5
11881,18234,2
11881,18235,5
11881,18255,2
11881,18256,1
11881,18258,5
11881,18272,14
11881,18273,10
11881,18281,3
11881,18282,1
11881,18284,4
11881,18313,4
11881,18318,2
11881,18321,3
11881,18323,1
11881,18326,1
11881,18333,2
11881,18344,1
11881,18348,2
11881,18352,2
11881,18353,1
11881,18356,3
11881,18359,3
11881,18360,3
11881,18369,1
11881,18372,1
11882,17902,2
11882,17909,7
11882,17910,6
11882,17911,89.5
11882,17912,31
11882,17913,4
11882,17914,2
11882,17917,2
11882,17922,4
11882,17927,5
11882,17935,17
11882,17936,12
11882,17941,1
11882,17960,13
11882,17962,9
11882,17963,3
11882,17970,4
11882,17971,2
11882,17972,2
11882,17976,5
11882,17977,15
11882,17978,12
11882,17979,3
11882,17980,5
11882,17982,3
11882,17984,5
11882,17989,4
11882,17992,10
11882,17993,2
11882,17998,1
11882,18004,8
11882,18005,4
11882,18008,6
11882,18010,3
11882,18011,5
11882,18012,4
11882,18013,14
11882,18014,4
11882,18015,5
11882,18016,4
11882,18018,2
11882,18020,2
11882,18023,7
11882,18024,7
11882,18026,3
11882,18028,8
11882,18029,3
11882,18032,16
11882,18033,27
11882,18034,17
11882,18035,5
11882,18036,30
11882,18037,6
11882,18040,18
11882,18041,14
11882,18042,17.5
11882,18043,36
11882,18044,21
11882,18045,56.5
11882,18046,27
11882,18047,20
11882,18048,15
11882,18050,3
11882,18051,6
11882,18053,5
11882,18056,2
11882,18059,8
11882,18062,5
11882,18063,9
11882,18064,13
11882,18065,8
11882,18066,2
11882,18068,1
11882,18069,19
11882,18070,11
11882,18072,2
11882,18074,6
11882,18075,5
11882,18076,3
11882,18077,3
11882,18095,3
11882,18096,1
11882,18097,23.5
11882,18098,10
11882,18099,3
11882,18100,53
11882,18101,78.5
11882,18102,10
11882,18103,23
11882,18107,2
11882,18109,4
11882,18116,4
11882,18120,2
11882,18121,4
11882,18124,3
11882,18136,7
11882,18142,2
11882,18147,4
11882,18151,4
11882,18153,1
11882,18154,2
11882,18160,3
11882,18166,3
11882,18167,10
11882,18169,10
11882,18170,16
11882,18171,4
11882,18173,73
11882,18182,2
11882,18190,8
11882,18191,5
11882,18196,1
11882,18199,1
11882,18208,2
11882,18215,4
11882,18217,6.5
11882,18218,61
11882,18219,71.5
11882,18220,42
11882,18221,13
11882,18222,40
11882,18223,63
11882,18224,64.5
11882,18225,17
11882,18226,12
11882,18227,5
11882,18230,2
11882,18232,1
11882,18233,5
11882,18234,4
11882,18235,11
11882,18236,6
11882,18251,2
11882,18254,1
11882,18256,6
11882,18271,2
11882,18275,3
11882,18279,5
11882,18281,3
11882,18282,2
11882,18306,7
11882,18318,8
11882,18319,6
11882,18321,1
11882,18324,5
11882,18327,4
11882,18328,2
11882,18329,7
11882,18354,2
11882,18360,4
11882,18367,8
11882,18369,3
11882,18375,2
11883,17905,2
11883,17910,15
11883,17911,41.5
11883,17912,3
11883,17926,13
11883,17928,3
11883,17935,1
11883,17938,1
11883,17958,5
11883,17959,7
11883,17962,4
11883,17963,3
11883,17967,2
11883,17968,5
11883,17969,5
11883,17970,2
11883,17975,10
11883,17977,26
11883,17978,20
11883,17979,6
11883,17989,9.5
11883,17990,1
11883,17991,2
11883,18004,7
11883,18009,2
11883,18010,3.5
11883,18011,5
11883,18012,2
11883,18023,4
11883,18026,2
11883,18027,2
11883,18028,5
11883,18029,6
11883,18030,2
11883,18033,12
11883,18034,10
11883,18036,1
11883,18038,11
11883,18039,22
11883,18040,1
11883,18041,15
11883,18042,5
11883,18043,43
11883,18044,12
11883,18045,10
11883,18046,9
11883,18047,15
11883,18051,3
11883,18052,2
11883,18054,8
11883,18055,4
11883,18056,1
11883,18057,6
11883,18058,7
11883,18059,2
11883,18060,27
11883,18061,4
11883,18062,2
11883,18063,14
11883,18064,14
11883,18065,4
11883,18066,4
11883,18070,13
11883,18074,8
11883,18075,5.5
11883,18079,3
11883,18086,3
11883,18094,3
11883,18095,3
11883,18096,1
11883,18097,18
11883,18098,12
11883,18099,2
11883,18100,4
11883,18101,64
11883,18102,27.5
11883,18103,19
11883,18104,14
11883,18111,5
11883,18112,4
11883,18118,6
11883,18127,3
11883,18134,6
11883,18135,4
11883,18136,5
11883,18142,4
11883,18147,5
11883,18150,1
11883,18151,2
11883,18156,3
11883,18160,4
11883,18165,7
11883,18166,2
11883,18169,8.5
11883,18170,6
11883,18171,5
11883,18172,12
11883,18173,6
11883,18180,4
11883,18182,3
11883,18198,2
11883,18201,1.5
11883,18207,2
11883,18218,51
11883,18219,73.5
11883,18220,8
11883,18221,23
11883,18222,72
11883,18223,30
11883,18224,123.5
11883,18225,20.5
11883,18226,19
11883,18227,11
11883,18228,3
11883,18229,10
11883,18230,7
11883,18231,19
11883,18232,1
11883,18233,23
11883,18234,35
11883,18235,23
11883,18240,6
11883,18248,3
11883,18251,6
11883,18255,2
11883,18256,1
11883,18277,1
11883,18279,2
11883,18307,8
11883,18315,2
11883,18327,1
11883,18335,2
11883,18338,1
11883,18341,3
11883,18349,4
11883,18350,1
11883,18359,2
11883,18365,6
11883,18376,2
11884,17904,1
11884,17906,2
11884,17909,2
11884,17911,44
11884,17912,5
11884,17914,5
11884,17918,3
11884,17927,1
11884,17933,3
11884,17936,9
11884,17946,2
11884,17947,9
11884,17948,3
11884,17954,1
11884,17955,1
11884,17957,5
11884,17958,6
11884,17959,2
11884,17960,3
11884,17964,3
11884,17965,19
11884,17966,22
11884,17970,4
11884,17975,11
11884,17978,4
11884,17981,2
11884,17988,9
11884,17989,7
11884,17991,1
11884,18002,1
11884,18008,7
11884,18013,3
11884,18022,5
11884,18024,5
11884,18027,2
11884,18030,9
11884,18031,4
11884,18032,15
11884,18033,11
11884,18034,4
11884,18036,3
11884,18038,14
11884,18039,18
11884,18040,8
11884,18041,15
11884,18042,9
11884,18043,16
11884,18044,6
11884,18045,22.5
11884,18046,9
11884,18047,56
11884,18048,17
11884,18049,1
11884,18052,6
11884,18053,5
11884,18056,6
11884,18057,5
11884,18058,10
11884,18059,12
11884,18062,6
11884,18063,8.5
11884,18064,29
11884,18065,22.5
11884,18066,12
11884,18070,2
11884,18072,5
11884,18073,2
11884,18075,4
11884,18079,5
11884,18081,3
11884,18087,2
11884,18090,3
11884,18092,2
11884,18094,4
11884,18096,16
11884,18097,4
11884,18101,27
11884,18103,5
11884,18104,6
11884,18105,3
11884,18110,7
11884,18135,2
11884,18141,2
11884,18146,14
11884,18147,1
11884,18149,4
11884,18150,2
11884,18152,2
11884,18153,1
11884,18155,5
11884,18159,5
11884,18164,3.5
11884,18165,9.5
11884,18166,6
11884,18171,5
11884,18172,1
11884,18173,1
11884,18174,39
11884,18175,2
11884,18195,2
11884,18196,4
11884,18197,6
11884,18204,1
11884,18217,1
11884,18218,36
11884,18219,38
11884,18220,117
11884,18221,70
11884,18222,49
11884,18223,54
11884,18224,67.5
11884,18225,68
11884,18228,6
11884,18229,16
11884,18230,21
11884,18231,24
11884,18232,6
11884,18234,10
11884,18235,2
11884,18239,6
11884,18240,18
11884,18245,2
11884,18248,10
11884,18252,1
11884,18272,2
11884,18277,3
11884,18279,2
11884,18295,2
11884,18296,9
11884,18299,2
11884,18307,6
11884,18344,1
11884,18353,2
11884,18356,7
11884,18357,8
11884,18358,3
11884,18359,3
11884,18362,2
11884,18364,3
11884,18377,2
11884,18378,6
11885,17905,4
11885,17910,12
11885,17911,19
11885,17912,20
11885,17913,21
11885,17920,7
11885,17927,2
11885,17928,5
11885,17932,2
11885,17933,4
11885,17936,2
11885,17948,5
11885,17954,3
11885,17956,13
11885,17957,1
11885,17959,1
11885,17960,3
11885,17961,5
11885,17962,8
11885,17963,31
11885,17964,29
11885,17965,19
11885,17970,2
11885,17975,4
11885,17977,14
11885,17980,2
11885,17981,1
11885,17982,2
11885,17984,7
11885,17985,4
11885,17987,6.5
11885,17988,10
11885,17997,3
11885,18001,3
11885,18011,3
11885,18012,1
11885,18013,4
11885,18016,2.5
11885,18019,3
11885,18020,2.5
11885,18021,5
11885,18026,6
11885,18028,7
11885,18030,3
11885,18033,20
11885,18034,1
11885,18035,2
11885,18036,6
11885,18038,4
11885,18039,10
11885,18040,10
11885,18044,4
11885,18045,13
11885,18046,3
11885,18048,16
11885,18049,2
11885,18050,3
11885,18051,2
11885,18053,3
11885,18054,3
11885,18061,9.5
11885,18062,18.5
11885,18063,1
11885,18064,15
11885,18065,13
11885,18066,24
11885,18068,4
11885,18073,2
11885,18075,4
11885,18076,3
11885,18077,1
11885,18078,4
11885,18080,2
11885,18082,5
11885,18084,6
11885,18087,5
11885,18093,3
11885,18096,31
11885,18097,5
11885,18100,5
11885,18101,9
11885,18108,4
11885,18110,2
11885,18112,4
11885,18118,2
11885,18122,6
11885,18124,7
11885,18127,8
11885,18131,3.5
11885,18132,6
11885,18146,12
11885,18152,1
11885,18154,2
11885,18159,2
11885,18163,4
11885,18164,24
11885,18165,4
11885,18167,2
11885,18169,1
11885,18170,6
11885,18174,2
11885,18175,6
11885,18176,7
11885,18177,5
11885,18178,4
11885,18180,2
11885,18181,1
11885,18188,2
11885,18189,1
11885,18196,5
11885,18206,2
11885,18209,4
11885,18210,4
11885,18213,2
11885,18214,9
11885,18219,11
11885,18220,45.5
11885,18221,150.5
11885,18222,154.5
11885,18223,84.5
11885,18224,147.5
11885,18225,248.5
11885,18226,14
11885,18227,2
11885,18228,12
11885,18229,24
11885,18231,3
11885,18232,4
11885,18237,1
11885,18239,9
11885,18240,2
11885,18241,1
11885,18244,6
11885,18246,2
11885,18247,26
11885,18248,2
11885,18258,3
11885,18271,5
11885,18272,5
11885,18276,1
11885,18280,3
11885,18284,1
11885,18300,1
11885,18307,1
11885,18327,2
11885,18331,2
11885,18332,1
11885,18340,2
11885,18345,3
11885,18354,2
11885,18355,4
11885,18356,13
11885,18357,90
11885,18358,5
11885,18359,1
11885,18363,2
11885,18377,6
11886,17904,5
11886,17906,7.5
11886,17909,4
11886,17910,50.5
11886,17911,39
11886,17912,55
11886,17913,16
11886,17914,5
11886,17925,16
11886,17928,16
11886,17933,4
11886,17934,6
11886,17935,1
11886,17949,14
11886,17953,1
11886,17954,3
11886,17956,1
11886,17959,36
11886,17960,189.5
11886,17961,69
11886,17962,80.5
11886,17963,86
11886,17964,13
11886,17965,46
11886,17966,18
11886,17967,8
11886,17968,2
11886,17969,5
11886,17970,2
11886,17974,1
11886,17975,3
11886,17976,15
11886,17977,3
11886,17984,2
11886,17985,5
11886,17986,4
11886,17987,8
11886,18005,1
11886,18006,6
11886,18011,2
11886,18014,3
11886,18015,2
11886,18016,5
11886,18017,2
11886,18018,1
11886,18019,3
11886,18021,2
11886,18022,1
11886,18025,1
11886,18031,4
11886,18032,6
11886,18033,17
11886,18034,29
11886,18035,8
11886,18036,12
11886,18037,4
11886,18045,9
11886,18046,1
11886,18047,1
11886,18049,1
11886,18051,6
11886,18052,3
11886,18054,12
11886,18056,2
11886,18057,1
11886,18061,16
11886,18062,15
11886,18063,6
11886,18064,15
11886,18065,9
11886,18066,7
11886,18067,9
11886,18077,3
11886,18078,2
11886,18080,6
11886,18085,2
11886,18086,4
11886,18087,5
11886,18088,2
11886,18090,2
11886,18092,3
11886,18093,4
11886,18096,8
11886,18100,10
11886,18101,5
11886,18102,3
11886,18103,5
11886,18104,2
11886,18106,2
11886,18110,4
11886,18118,1
11886,18120,3
11886,18125,3
11886,18131,4
11886,18132,23
11886,18146,2
11886,18147,3
11886,18155,2
11886,18163,6
11886,18164,3
11886,18170,10
11886,18176,3
11886,18177,8
11886,18178,6
11886,18179,4
11886,18185,8
11886,18190,1
11886,18191,3
11886,18196,6
11886,18201,4
11886,18207,2
11886,18215,12
11886,18216,1
11886,18217,1
11886,18219,70
11886,18220,323
11886,18221,284
11886,18222,106.5
11886,18223,105
11886,18224,92.5
11886,18225,62
11886,18226,106.5
11886,18227,32
11886,18228,23
11886,18229,9
11886,18230,2
11886,18232,4
11886,18233,3
11886,18235,4
11886,18236,4
11886,18241,2
11886,18243,3
11886,18244,38.5
11886,18245,10.5
11886,18246,6
11886,18247,1
11886,18253,2
11886,18254,2
11886,18259,1
11886,18261,3
11886,18262,5
11886,18272,2
11886,18278,2
11886,18279,24
11886,18280,3
11886,18283,5
11886,18290,2
11886,18300,2
11886,18301,2
11886,18307,1
11886,18321,2
11886,18324,5
11886,18325,2
11886,18339,2
11886,18345,8
11886,18353,2
11886,18356,4
11886,18357,4
11886,18358,1
11886,18360,1
11887,17904,4
11887,17909,2
11887,17910,23
11887,17911,46
11887,17912,60.5
11887,17913,16
11887,17918,1
11887,17919,1
11887,17922,3
11887,17926,2
11887,17928,7
11887,17929,3
11887,17931,26
11887,17934,4
11887,17936,2
11887,17949,15
11887,17950,13
11887,17951,4
11887,17953,11
11887,17954,4
11887,17958,68.5
11887,17959,152.5
11887,17960,239
11887,17961,168.5
11887,17962,85
11887,17963,32
11887,17964,4
11887,17965,2
11887,17966,19.5
11887,17967,22
11887,17968,36
11887,17969,5.5
11887,17970,10
11887,17971,17
11887,17972,39
11887,17973,8
11887,17975,6
11887,17979,4
11887,17980,2
11887,17981,2
11887,17986,2
11887,17987,9
11887,17996,2
11887,18000,5
11887,18009,1
11887,18015,3
11887,18026,12
11887,18027,4
11887,18028,1
11887,18029,4
11887,18033,4
11887,18034,2
11887,18042,3
11887,18049,3
11887,18053,3
11887,18056,3
11887,18057,1
11887,18059,5
11887,18061,8
11887,18064,15
11887,18067,4
11887,18068,8
11887,18069,6
11887,18078,2
11887,18082,8
11887,18083,11
11887,18084,3
11887,18088,2
11887,18090,3
11887,18092,2
11887,18093,5
11887,18096,6
11887,18099,4
11887,18100,16
11887,18103,3
11887,18104,2
11887,18105,12
11887,18111,6
11887,18116,1
11887,18118,2
11887,18130,8
11887,18131,14.5
11887,18136,2
11887,18139,4
11887,18146,12
11887,18147,5
11887,18156,2
11887,18164,2
11887,18165,3
11887,18169,4
11887,18170,2
11887,18173,8
11887,18180,4
11887,18189,2
11887,18193,4
11887,18196,1
11887,18197,4
11887,18199,6
11887,18201,3
11887,18205,2
11887,18209,1
11887,18210,2
11887,18215,5
11887,18219,3
11887,18220,144.5
11887,18221,112
11887,18222,34
11887,18223,43
11887,18224,52
11887,18225,52
11887,18226,22.5
11887,18227,7
11887,18228,16
11887,18230,2
11887,18231,3
11887,18232,5
11887,18233,3
11887,18235,16
11887,18236,20
11887,18237,11
11887,18238,2
11887,18243,8
11887,18244,20
11887,18246,9
11887,18247,12
11887,18251,4
11887,18254,12
11887,18255,5
11887,18258,1
11887,18261,8
11887,18262,2
11887,18275,1
11887,18279,9
11887,18281,2
11887,18288,2
11887,18297,3
11887,18299,10
11887,18329,2
11887,18339,4
11887,18345,3
11887,18357,5
11887,18359,12
11887,18360,6
11887,18361,1
11888,17909,11
11888,17910,9
11888,17911,14
11888,17912,9
11888,17916,1
11888,17920,3
11888,17924,3
11888,17929,3
11888,17931,33
11888,17932,6
11888,17934,1
11888,17937,2
11888,17957,25.5
11888,17958,113.5
11888,17959,140
11888,17960,132.5
11888,17961,91
11888,17962,89
11888,17963,5
11888,17964,2
11888,17967,2
11888,17968,18
11888,17969,40
11888,17972,5
11888,17974,2
11888,17976,6
11888,17978,2
11888,17979,2
11888,17980,2
11888,17981,2
11888,17986,1.5
11888,17987,1
11888,17988,1
11888,17990,2
11888,17991,4
11888,17999,2
11888,18000,3
11888,18001,4
11888,18002,2
11888,18003,1.5
11888,18008,2
11888,18011,2
11888,18013,4
11888,18014,5
11888,18019,1
11888,18021,1
11888,18026,1
11888,18029,6.5
11888,18030,7
11888,18032,9
11888,18033,8
11888,18038,9
11888,18039,4
11888,18041,2
11888,18045,6
11888,18049,2
11888,18051,1
11888,18052,4
11888,18057,9
11888,18058,3
11888,18059,5
11888,18060,2
11888,18064,1
11888,18065,12
11888,18069,10
11888,18070,4
11888,18071,4
11888,18072,3
11888,18075,1
11888,18083,4
11888,18086,1
11888,18095,2
11888,18096,3
11888,18099,9
11888,18100,19
11888,18103,12
11888,18104,5
11888,18105,5
11888,18111,4
11888,18129,3
11888,18134,3
11888,18135,2
11888,18139,2
11888,18143,4
11888,18146,3
11888,18147,8
11888,18148,5
11888,18160,4
11888,18167,2
11888,18170,2
11888,18172,6
11888,18173,7
11888,18185,2
11888,18190,1
11888,18193,3
11888,18195,2
11888,18203,4
11888,18209,4
11888,18210,1
11888,18216,2
11888,18218,10
11888,18219,22
11888,18220,51
11888,18221,70
11888,18222,19
11888,18223,16
11888,18224,6
11888,18225,8
11888,18229,4
11888,18230,24
11888,18231,2
11888,18234,2
11888,18235,2
11888,18236,14
11888,18237,19
11888,18238,7
11888,18239,1
11888,18241,3
11888,18243,12
11888,18244,17
11888,18245,18.5
11888,18246,5
11888,18247,6
11888,18248,3
11888,18254,14
11888,18255,5
11888,18259,8
11888,18279,1
11888,18280,2
11888,18281,3
11888,18291,3
11888,18305,1
11888,18310,6
11888,18317,2
11888,18318,14
11888,18335,1
11888,18338,3
11888,18359,9
11888,18361,3
11888,18369,1
11889,17917,2
11889,17919,2
11889,17921,6
11889,17926,14
11889,17927,1
11889,17928,4
11889,17929,2
11889,17930,12
11889,17931,16
11889,17932,20
11889,17933,22
11889,17956,55
11889,17957,26.5
11889,17958,74
11889,17959,52
11889,17960,43
11889,17961,70
11889,17962,53
11889,17963,29.5
11889,17964,3
11889,17969,6
11889,17970,26
11889,17972,5
11889,17973,2
11889,17974,7
11889,17975,2
11889,17976,5
11889,17977,4
11889,17978,1
11889,17979,6
11889,17980,6
11889,17981,4
11889,17983,2
11889,17986,5
11889,17993,7
11889,17994,1
11889,18005,1
11889,18013,2
11889,18017,1
11889,18018,5
11889,18019,4
11889,18022,2
11889,18023,2
11889,18028,1
11889,18029,13.5
11889,18030,35
11889,18031,7
11889,18032,19.5
11889,18033,4
11889,18038,19
11889,18044,3
11889,18046,6
11889,18047,2
11889,18048,4
11889,18049,1
11889,18054,1
11889,18059,2
11889,18064,18
11889,18065,2
11889,18072,4
11889,18076,4
11889,18083,2
11889,18086,1
11889,18088,6
11889,18089,1
11889,18093,2
11889,18096,6
11889,18099,5
11889,18100,9
11889,18101,5
11889,18103,22
11889,18106,2
11889,18111,2
11889,18112,6
11889,18113,2
11889,18127,9
11889,18128,1
11889,18131,9
11889,18134,2
11889,18139,9
11889,18147,4
11889,18148,1
11889,18157,3
11889,18159,4
11889,18163,2
11889,18164,1
11889,18166,3
11889,18189,3
11889,18193,4
11889,18194,9
11889,18195,11
11889,18203,6
11889,18206,3
11889,18208,2
11889,18218,10
11889,18219,15
11889,18220,35
11889,18221,19
11889,18222,2
11889,18224,1
11889,18228,28.5
11889,18229,17
11889,18230,32
11889,18231,8
11889,18232,7
11889,18235,5
11889,18236,7
11889,18237,25
11889,18238,7
11889,18243,29
11889,18244,13
11889,18245,7
11889,18247,31
11889,18248,18
11889,18249,30.5
11889,18251,3
11889,18252,5
11889,18253,2
11889,18254,10
11889,18255,2
11889,18256,5
11889,18280,2
11889,18291,3
11889,18310,9
11889,18318,13
11889,18319,1
11889,18326,2
11889,18328,2
11889,18335,3
11889,18353,2
11889,18354,1
11889,18356,2
11889,18357,2
11889,18361,9
11890,17916,1
11890,17919,3
11890,17929,10
11890,17930,24
11890,17931,43
11890,17932,54
11890,17933,2
11890,17954,3
11890,17955,7
11890,17956,7
11890,17957,33.5
11890,17958,35
11890,17959,60.5
11890,17960,159
11890,17961,57
11890,17962,26
11890,17963,2
11890,17964,15
11890,17965,8
11890,17966,6
11890,17970,22
11890,17971,1
11890,17973,19
11890,17975,6
11890,17976,4
11890,17983,2
11890,17984,3
11890,17985,4
11890,17986,3
11890,17992,2.5
11890,17993,5
11890,17998,2
11890,18012,1
11890,18014,5
11890,18015,2
11890,18016,2
11890,18023,3
11890,18028,5
11890,18030,11
11890,18031,1
11890,18032,12
11890,18033,2
11890,18034,6
11890,18035,3
11890,18037,14
11890,18038,15
11890,18041,2
11890,18043,1
11890,18044,2
11890,18047,2
11890,18048,4
11890,18049,2
11890,18054,2
11890,18055,5
11890,18064,2
11890,18068,3
11890,18072,5
11890,18075,6
11890,18076,2
11890,18077,3
11890,18079,3
11890,18082,3
11890,18083,2
11890,18085,3
11890,18086,15
11890,18087,15
11890,18088,24
11890,18089,4
11890,18090,5
11890,18096,9.5
11890,18098,2
11890,18100,7
11890,18101,5
11890,18108,3
11890,18113,1.5
11890,18119,5
11890,18121,3
11890,18124,5
11890,18127,5
11890,18131,1
11890,18132,3
11890,18138,1
11890,18140,5
11890,18142,4
11890,18149,4
11890,18156,2
11890,18173,2
11890,18177,1
11890,18188,4
11890,18192,1
11890,18195,5
11890,18196,7
11890,18202,1
11890,18207,2
11890,18211,1
11890,18212,2
11890,18218,6
11890,18219,1
11890,18220,11
11890,18221,4.5
11890,18224,3
11890,18228,11
11890,18229,35
11890,18230,38
11890,18231,77
11890,18232,33
11890,18235,1.5
11890,18238,3
11890,18240,6
11890,18241,1
11890,18243,5
11890,18244,13
11890,18246,12
11890,18247,5
11890,18248,30
11890,18249,19
11890,18250,13
11890,18251,37.5
11890,18252,11
11890,18253,5
11890,18254,32
11890,18255,73
11890,18256,8
11890,18257,1
11890,18281,1
11890,18305,3
11890,18309,3
11890,18310,1
11890,18315,7
11890,18331,4
11890,18337,1
11890,18338,1
11890,18340,3
11890,18343,2
11890,18352,4
11890,18353,1
11890,18355,3
11890,18356,8
11890,18361,2
11891,17912,3
11891,17917,1
11891,17923,3
11891,17924,3
11891,17929,16
11891,17930,13
11891,17931,40
11891,17932,55
11891,17933,2
11891,17937,4
11891,17938,2
11891,17944,4
11891,17945,20
11891,17946,35
11891,17947,8
11891,17948,4
11891,17949,1
11891,17951,5
11891,17952,9
11891,17953,3
11891,17954,3
11891,17955,2
11891,17956,12
11891,17957,38
11891,17958,36.5
11891,17959,46.5
11891,17960,37.5
11891,17961,120.5
11891,17962,126
11891,17963,61.5
11891,17964,45.5
11891,17965,6.5
11891,17966,29
11891,17967,10
11891,17970,8
11891,17972,3
11891,17973,10
11891,17976,2
11891,17977,4
11891,17978,2
11891,17981,1
11891,17983,5
11891,17987,3
11891,17990,7
11891,18000,3
11891,18003,3
11891,18014,4
11891,18030,2
11891,18031,1
11891,18032,16
11891,18033,6
11891,18034,2
11891,18035,25
11891,18036,16
11891,18037,3
11891,18040,2
11891,18043,3
11891,18046,1
11891,18047,5
11891,18048,5
11891,18050,2
11891,18053,4
11891,18055,2
11891,18056,2
11891,18060,2
11891,18063,7
11891,18065,1
11891,18066,3
11891,18068,3
11891,18071,3
11891,18075,5
11891,18078,1
11891,18079,9
11891,18080,8
11891,18082,8
11891,18084,3
11891,18086,5
11891,18088,1
11891,18089,50.5
11891,18090,2
11891,18097,2
11891,18103,2
11891,18109,2
11891,18110,6
11891,18120,1
11891,18126,2
11891,18132,15
11891,18135,5
11891,18141,4
11891,18151,4
11891,18156,3
11891,18168,2
11891,18169,1
11891,18173,2
11891,18176,6
11891,18179,3
11891,18191,4
11891,18202,4
11891,18207,3
11891,18209,3
11891,18210,2
11891,18215,4
11891,18218,2
11891,18220,8
11891,18221,8
11891,18225,6
11891,18229,3.5
11891,18230,26
11891,18231,40
11891,18232,14.5
11891,18233,12
11891,18234,10
11891,18235,2
11891,18243,9
11891,18244,9
11891,18246,27
11891,18247,28
11891,18248,32
11891,18249,10
11891,18250,13.5
11891,18251,12
11891,18252,38
11891,18253,72.5
11891,18254,126.5
11891,18255,86
11891,18256,29.5
11891,18257,11
11891,18264,2
11891,18280,5
11891,18290,2
11891,18310,2
11891,18312,6
11891,18327,5
11891,18329,5
11891,18336,6
11891,18338,2
11891,18353,7
11892,17911,2
11892,17912,4
11892,17927,2
11892,17928,1
11892,17929,4
11892,17930,13
11892,17931,24
11892,17932,75
11892,17934,1
11892,17937,1
11892,17944,19
11892,17945,80.5
11892,17946,69.5
11892,17947,67
11892,17948,34
11892,17954,2
11892,17955,1
11892,17956,28
11892,17957,56
11892,17958,30
11892,17959,60
11892,17960,49
11892,17961,19
11892,17962,79
11892,17963,61.5
11892,17964,70
11892,17965,40
11892,17966,4.5
11892,17967,13
11892,17968,31
11892,17969,21.5
11892,17972,4
11892,17973,14
11892,17983,3
11892,17986,2
11892,17988,8
11892,17990,6
11892,17992,2
11892,18002,2
11892,18003,2
11892,18005,1
11892,18006,2
11892,18026,3
11892,18027,4
11892,18030,3
11892,18031,8
11892,18032,9
11892,18033,19
11892,18034,15
11892,18042,1
11892,18043,8
11892,18044,2
11892,18046,2
11892,18050,2
11892,18053,2
11892,18054,2
11892,18055,1
11892,18057,2
11892,18060,5
11892,18068,2
11892,18071,4
11892,18072,4
11892,18076,3.5
11892,18082,14.5
11892,18083,7
11892,18084,17
11892,18085,4
11892,18089,21
11892,18090,13
11892,18096,6
11892,18098,1
11892,18103,1
11892,18121,2
11892,18122,8
11892,18123,2
11892,18130,2
11892,18131,6
11892,18132,10
11892,18133,4
11892,18134,17
11892,18135,20
11892,18136,4
11892,18140,3
11892,18148,3
11892,18149,3
11892,18150,3
11892,18151,7.5
11892,18152,2
11892,18153,2
11892,18161,1
11892,18165,3
11892,18169,2
11892,18172,5
11892,18173,1
11892,18176,1
11892,18180,3
11892,18182,2
11892,18184,1
11892,18186,2
11892,18187,7
11892,18188,3
11892,18189,3
11892,18190,4
11892,18209,2
11892,18210,4
11892,18211,1
11892,18212,5
11892,18213,14
11892,18214,14
11892,18215,16
11892,18216,5
11892,18221,16
11892,18231,2
11892,18232,10
11892,18233,9.5
11892,18234,1
11892,18243,5
11892,18244,3
11892,18245,2
11892,18251,10
11892,18252,16
11892,18253,65
11892,18254,168
11892,18255,96.5
11892,18256,16
11892,18257,10
11892,18282,3
11892,18284,2
11892,18290,3
11892,18310,1
11892,18322,1
11892,18323,7
11892,18329,2
11892,18337,2
11892,18338,5
11892,18339,16
11892,18344,6
11892,18353,2
11892,18361,3
11893,17906,1
11893,17917,1
11893,17918,2
11893,17919,2
11893,17921,2
11893,17926,4
11893,17931,23
11893,17932,9
11893,17944,28.5
11893,17945,33
11893,17946,28
11893,17947,19.5
11893,17948,3
11893,17951,5
11893,17952,3
11893,17953,2
11893,17954,9.5
11893,17956,3
11893,17958,40
11893,17959,65
11893,17960,58
11893,17961,18
11893,17962,51
11893,17963,94.5
11893,17964,49
11893,17965,35
11893,17968,9
11893,17969,12
11893,17970,5
11893,17971,1
11893,17973,13
11893,17976,3
11893,17983,6
11893,17984,7
11893,17989,3
11893,17990,2
11893,17994,2
11893,18000,6
11893,18004,8
11893,18009,2
11893,18033,13
11893,18041,1
11893,18042,6
11893,18043,7
11893,18044,2
11893,18045,5
11893,18046,13
11893,18047,23
11893,18048,3
11893,18049,2
11893,18050,7
11893,18054,4
11893,18057,3
11893,18061,5
11893,18062,4
11893,18068,3
11893,18069,5
11893,18071,2
11893,18074,7
11893,18075,1.5
11893,18076,4
11893,18077,2
11893,18080,2
11893,18082,4
11893,18083,4
11893,18087,4
11893,18088,8
11893,18089,4
11893,18090,9
11893,18095,2
11893,18096,6
11893,18097,2
11893,18101,6
11893,18102,4
11893,18118,2
11893,18128,2
11893,18132,9
11893,18133,1
11893,18134,19
11893,18135,12
11893,18136,7
11893,18137,2
11893,18144,5
11893,18146,9
11893,18147,8
11893,18149,10
11893,18150,2
11893,18165,2
11893,18169,2
11893,18171,3
11893,18175,2
11893,18177,2
11893,18201,2
11893,18202,2
11893,18204,1
11893,18211,4
11893,18212,10
11893,18213,6
11893,18214,8
11893,18215,10
11893,18217,2
11893,18220,6
11893,18221,2
11893,18222,2
11893,18226,3
11893,18231,1
11893,18234,1
11893,18235,5
11893,18244,9
11893,18245,2
11893,18252,4
11893,18253,30
11893,18254,65
11893,18255,23
11893,18256,8
11893,18257,11
11893,18259,4
11893,18260,1
11893,18266,2
11893,18283,13
11893,18297,2
11893,18317,5
11893,18318,3
11893,18320,1
11893,18322,4
11893,18327,2
11893,18334,1
11893,18336,1
11893,18339,2
11893,18343,5
11893,18344,2
11893,18349,2
11893,18351,2
11893,18352,1
11893,18363,2
11893,18366,1
11894,17917,2
11894,17918,4
11894,17926,7
11894,17930,14
11894,17931,30
11894,17933,4
11894,17944,33
11894,17945,6
11894,17946,13
11894,17947,5
11894,17951,21
11894,17952,32
11894,17955,2
11894,17958,11
11894,17959,4
11894,17961,1
11894,17963,2
11894,17964,21
11894,17965,3
11894,17970,5
11894,17972,32.5
11894,17973,53.5
11894,17974,9
11894,17981,2
11894,17983,2
11894,17989,8
11894,17991,2
11894,17994,3
11894,17995,2
11894,17996,3
11894,18001,1
11894,18007,3
11894,18009,2
11894,18010,3
11894,18014,3
11894,18016,3
11894,18017,2
11894,18018,2
11894,18032,15
11894,18036,4
11894,18037,2
11894,18043,4
11894,18044,24
11894,18045,31
11894,18046,10
11894,18047,15
11894,18050,2
11894,18057,2
11894,18061,2
11894,18062,30
11894,18063,2
11894,18064,6
11894,18065,4
11894,18071,6
11894,18073,2
11894,18074,2
11894,18075,2
11894,18082,2
11894,18083,3
11894,18087,14
11894,18088,11
11894,18089,3
11894,18090,2
11894,18091,2
11894,18094,1
11894,18100,5
11894,18104,2
11894,18120,2
11894,18122,3
11894,18129,6
11894,18132,4
11894,18148,3
11894,18157,2
11894,18158,5
11894,18161,1
11894,18169,4
11894,18170,1
11894,18174,2
11894,18180,2
11894,18186,2
11894,18187,2
11894,18196,3
11894,18197,1
11894,18199,3
11894,18200,2
11894,18201,4
11894,18204,3
11894,18205,2
11894,18210,2
11894,18212,8.5
11894,18213,7
11894,18214,13
11894,18215,6
11894,18217,12
11894,18218,1
11894,18220,3
11894,18221,3
11894,18226,6
11894,18227,4
11894,18229,2
11894,18230,3
11894,18231,5
11894,18236,2
11894,18252,6
11894,18253,47
11894,18254,5
11894,18255,26
11894,18256,8
11894,18257,4
11894,18266,1
11894,18267,4
11894,18273,2
11894,18282,5
11894,18283,7
11894,18297,2
11894,18321,1
11894,18338,1
11894,18339,3
11894,18347,2
11894,18348,2
11894,18349,2
11894,18350,1
11894,18351,1
11894,18366,3
11895,17921,4
11895,17922,2
11895,17928,18
11895,17929,46
11895,17930,6
11895,17931,31
11895,17935,1
11895,17940,5
11895,17945,20
11895,17946,47.5
11895,17947,31
11895,17948,15
11895,17951,4
11895,17952,28
11895,17955,3
11895,17958,4
11895,17959,5
11895,17964,12
11895,17965,7
11895,17966,2
11895,17972,8
11895,17973,5
11895,17974,40
11895,17975,5
11895,17978,6
11895,17980,6
11895,17981,2
11895,17989,5
11895,17997,5
11895,18007,1
11895,18010,7
11895,18011,5
11895,18012,9
11895,18013,3
11895,18014,4
11895,18015,10
11895,18016,2
11895,18021,4
11895,18031,2
11895,18032,4
11895,18036,8
11895,18042,3
11895,18043,2
11895,18045,4
11895,18046,1
11895,18047,5
11895,18050,2
11895,18052,3.5
11895,18055,8
11895,18062,2
11895,18063,22
11895,18064,12
11895,18071,5
11895,18072,1
11895,18073,2
11895,18076,2
11895,18077,13
11895,18080,2
11895,18084,4
11895,18085,2
11895,18087,3
11895,18088,2
11895,18091,2
11895,18092,2
11895,18097,2
11895,18108,1
11895,18112,3
11895,18113,3
11895,18114,5
11895,18126,2
11895,18130,3.5
11895,18132,3
11895,18136,7
11895,18140,3
11895,18144,2
11895,18172,2.5
11895,18176,6
11895,18179,6
11895,18189,1
11895,18196,9
11895,18203,1
11895,18213,7
11895,18214,6
11895,18215,2
11895,18216,8
11895,18217,18.5
11895,18225,15.5
11895,18226,2
11895,18234,2
11895,18235,5
11895,18237,3
11895,18248,2
11895,18249,2
11895,18250,2
11895,18251,6
11895,18252,68
11895,18253,17
11895,18254,2
11895,18255,5
11895,18256,4
11895,18273,4
11895,18310,2
11895,18333,3
11895,18334,2
11895,18349,3
11895,18354,3
11895,18359,3
11896,17915,1
11896,17929,16
11896,17938,9
11896,17939,9
11896,17940,2
11896,17945,11
11896,17946,30.5
11896,17947,36
11896,17948,10
11896,17949,2
11896,17958,2
11896,17959,10
11896,17962,2
11896,17963,2
11896,17964,4
11896,17965,6
11896,17966,2
11896,17975,17
11896,17976,23
11896,17978,4
11896,17981,6
11896,17983,2
11896,17990,2
11896,17995,5
11896,18015,2
11896,18020,1
11896,18031,2
11896,18032,3
11896,18035,2
11896,18041,3
11896,18042,2
11896,18044,11
11896,18045,2
11896,18046,12
11896,18047,4
11896,18048,3
11896,18054,2
11896,18063,16
11896,18065,4
11896,18066,1
11896,18067,1
11896,18071,4
11896,18072,5
11896,18076,2
11896,18077,2
11896,18078,2
11896,18079,11
11896,18086,4
11896,18092,1
11896,18094,1
11896,18095,4
11896,18097,2
11896,18108,1
11896,18109,2
11896,18112,2
11896,18113,11
11896,18114,2
11896,18115,4
11896,18116,35.5
11896,18117,5
11896,18118,1
11896,18125,2
11896,18134,3
11896,18136,1
11896,18138,1
11896,18139,1
11896,18148,3
11896,18158,4
11896,18159,5
11896,18160,7
11896,18162,1
11896,18168,1
11896,18169,3.5
11896,18173,2
11896,18181,7
11896,18184,1
11896,18185,4
11896,18187,2
11896,18189,2
11896,18194,6
11896,18206,8
11896,18212,1
11896,18213,4
11896,18215,13
11896,18216,2
11896,18222,2
11896,18223,6
11896,18226,3
11896,18234,9
11896,18236,2
11896,18238,2
11896,18239,2
11896,18249,16
11896,18250,2
11896,18257,2
11896,18262,4
11896,18282,2
11896,18291,5
11896,18310,1
11896,18311,9
11896,18315,4
11896,18326,1
11896,18334,1.5
11896,18346,2
11896,18347,2
11896,18348,8
11896,18349,3
11896,18350,2
11896,18358,2
11897,17934,5
11897,17937,11.5
11897,17938,25
11897,17939,14
11897,17940,8
11897,17941,7.5
11897,17943,2
11897,17944,3
11897,17945,6
11897,17946,4
11897,17948,3
11897,17949,11
11897,17956,5
11897,17957,2
11897,17958,6
11897,17964,1
11897,17965,12
11897,17966,11
11897,17970,8
11897,17981,1
11897,17982,2
11897,17984,1
11897,17986,2
11897,17993,3
11897,17996,2
11897,17998,1
11897,18004,2
11897,18005,3
11897,18010,1
11897,18011,8
11897,18016,8
11897,18017,2
11897,18022,6
11897,18027,1
11897,18028,2
11897,18034,1
11897,18038,4
11897,18040,12
11897,18041,3
11897,18046,11
11897,18047,5
11897,18048,1
11897,18051,2
11897,18052,3
11897,18055,3
11897,18057,2
11897,18061,2
11897,18062,9
11897,18063,2
11897,18068,8
11897,18073,2
11897,18080,7
11897,18088,4
11897,18091,4
11897,18093,4
11897,18096,4
11897,18097,17
11897,18099,4
11897,18100,1
11897,18101,2
11897,18103,5
11897,18111,4
11897,18112,2
11897,18113,7
11897,18117,5
11897,18118,24
11897,18119,9
11897,18120,2
11897,18125,2
11897,18128,4
11897,18129,4
11897,18132,2
11897,18138,2
11897,18139,2
11897,18147,2
11897,18148,2
11897,18150,2
11897,18151,2
11897,18158,11
11897,18159,39
11897,18160,19
11897,18161,3
11897,18162,4
11897,18165,2
11897,18166,4
11897,18168,1
11897,18173,2
11897,18177,2
11897,18188,2
11897,18192,2
11897,18204,2
11897,18206,11
11897,18207,7
11897,18211,2
11897,18214,5
11897,18215,16
11897,18216,7
11897,18217,7
11897,18218,7
11897,18219,4
11897,18221,1
11897,18223,7
11897,18224,7
11897,18228,12.5
11897,18229,27.5
11897,18230,5
11897,18231,3
11897,18233,2
11897,18235,1
11897,18237,3
11897,18248,1
11897,18249,6
11897,18250,8
11897,18251,2
11897,18252,1
11897,18261,5.5
11897,18266,2
11897,18270,3
11897,18277,6
11897,18278,5
11897,18286,4
11897,18293,5
11897,18311,2
11897,18312,5
11897,18313,2
11897,18316,3
11897,18321,2
11897,18341,1
11897,18346,1
11897,18359,1
11898,17915,2
11898,17929,2
11898,17936,40
11898,17937,62
11898,17939,3
11898,17944,4
11898,17951,2
11898,17957,1
11898,17958,3
11898,17959,5
11898,17964,4
11898,17965,10
11898,17966,3
11898,17968,6
11898,17969,14
11898,17970,5
11898,17984,9
11898,17988,2
11898,17990,4
11898,18006,2
11898,18009,4
11898,18012,4
11898,18015,10.5
11898,18017,6
11898,18020,7
11898,18039,2
11898,18043,1
11898,18046,8
11898,18047,3
11898,18048,6
11898,18054,2
11898,18055,3
11898,18076,2
11898,18079,2
11898,18088,4
11898,18092,2
11898,18094,5
11898,18095,1
11898,18102,5
11898,18107,5
11898,18121,4.5
11898,18122,3
11898,18123,2
11898,18125,4
11898,18127,4
11898,18129,4
11898,18133,4
11898,18134,3
11898,18139,3
11898,18146,2
11898,18147,1
11898,18153,1
11898,18156,1
11898,18157,2
11898,18159,3
11898,18163,3
11898,18189,2
11898,18199,1
11898,18203,2
11898,18206,4
11898,18207,6
11898,18214,15
11898,18215,4
11898,18219,3
11898,18222,3
11898,18223,7
11898,18224,13
11898,18225,2
11898,18229,3
11898,18230,12
11898,18231,1
11898,18233,4
11898,18235,4
11898,18236,27
11898,18237,8
11898,18239,2
11898,18249,4
11898,18256,3
11898,18257,2
11898,18258,4
11898,18265,2
11898,18272,4
11898,18277,6
11898,18289,1
11898,18290,7
11898,18315,6
11898,18317,4
11898,18342,1
11899,17926,2
11899,17933,41.5
11899,17934,66
11899,17935,88
11899,17936,42
11899,17937,12
11899,17938,4
11899,17939,2
11899,17943,2
11899,17944,3
11899,17946,1
11899,17947,3
11899,17952,2
11899,17963,2
11899,17964,18
11899,17965,13
11899,17966,13
11899,17967,6
11899,17974,3
11899,17976,3
11899,17978,1
11899,17987,3
11899,17988,3
11899,17996,2
11899,17998,1
11899,17999,1
11899,18002,1
11899,18014,2
11899,18015,2
11899,18018,1
11899,18019,1
11899,18020,2
11899,18025,4
11899,18026,2
11899,18032,1
11899,18037,1
11899,18038,3
11899,18043,5
11899,18044,3
11899,18047,4
11899,18049,2
11899,18052,2
11899,18055,4
11899,18056,8
11899,18059,1
11899,18065,1
11899,18072,1
11899,18078,3
11899,18086,3
11899,18088,2
11899,18090,3
11899,18091,2
11899,18092,4
11899,18103,6
11899,18106,5
11899,18107,4
11899,18108,2
11899,18115,1
11899,18138,2
11899,18139,4
11899,18140,4
11899,18142,3
11899,18146,6
11899,18152,3
11899,18156,1
11899,18162,4
11899,18170,4
11899,18174,2
11899,18181,3
11899,18183,1
11899,18188,2
11899,18189,2
11899,18207,2
11899,18208,1
11899,18212,1.5
11899,18221,3
11899,18222,4
11899,18224,1
11899,18225,1
11899,18226,1
11899,18229,2
11899,18230,3
11899,18231,3
11899,18235,11
11899,18236,16
11899,18238,2
11899,18239,6
11899,18240,2
11899,18256,4
11899,18277,2
11899,18280,7
11899,18283,2
11899,18285,2
11899,18286,3
11899,18289,3
11899,18290,8
11899,18298,6
11899,18299,2
11899,18302,2
11899,18312,5
11899,18315,2
11899,18316,2
11899,18319,1
11899,18339,1
11899,18345,1
11899,18348,6
11899,18365,2
11900,17927,4
11900,17931,17
11900,17932,66
11900,17933,48
11900,17934,65
11900,17935,91
11900,17936,5
11900,17937,4
11900,17938,6
11900,17942,5
11900,17946,4
11900,17947,2
11900,17956,5
11900,17957,2
11900,17958,9
11900,17959,8
11900,17962,8
11900,17963,3.5
11900,17964,6
11900,17965,5
11900,17966,4
11900,17967,1
11900,17969,1
11900,17974,1
11900,17976,18
11900,17977,20
11900,17978,3
11900,17992,5
11900,17993,2
11900,17994,1
11900,18000,4
11900,18002,2
11900,18014,2
11900,18025,3
11900,18027,7
11900,18029,1
11900,18031,5
11900,18036,6
11900,18043,1
11900,18045,7
11900,18046,6
11900,18048,9
11900,18049,3
11900,18054,1
11900,18059,5.5
11900,18061,2
11900,18062,4
11900,18068,2
11900,18082,2
11900,18083,1
11900,18087,5
11900,18090,6
11900,18104,8
11900,18105,7
11900,18107,2
11900,18108,2
11900,18111,2
11900,18113,2
11900,18114,2
11900,18139,2
11900,18141,2
11900,18144,2
11900,18145,2
11900,18149,3
11900,18153,2
11900,18162,1
11900,18177,1
11900,18185,2
11900,18186,11
11900,18191,1
11900,18198,3
11900,18201,2
11900,18203,3
11900,18207,2
11900,18209,4
11900,18212,4
11900,18213,8
11900,18214,1
11900,18218,9
11900,18219,7
11900,18220,8
11900,18224,7
11900,18225,4
11900,18228,3
11900,18229,3
11900,18231,4
11900,18232,1
11900,18233,2
11900,18236,11
11900,18238,1
11900,18239,4
11900,18256,2
11900,18270,2
11900,18312,1
11900,18314,2
11900,18319,4
11900,18320,1
11900,18326,2
11900,18330,6
11900,18331,5
11900,18342,4
11900,18354,5
11901,17924,4
11901,17926,2
11901,17930,5
11901,17931,13
11901,17932,5
11901,17933,10
11901,17934,68.5
11901,17935,5
11901,17936,4
11901,17938,9
11901,17939,1
11901,17942,4
11901,17962,6
11901,17963,4
11901,17964,8
11901,17965,2
11901,17971,2
11901,17974,6
11901,17975,2
11901,17976,14
11901,17977,11
11901,17978,1
11901,17990,2
11901,17991,8
11901,17992,2
11901,17995,3
11901,17998,2
11901,18004,6
11901,18005,7
11901,18022,3
11901,18023,3
11901,18024,2
11901,18029,1
11901,18032,3
11901,18035,4
11901,18042,3
11901,18045,3
11901,18046,8
11901,18048,2
11901,18050,2
11901,18053,4
11901,18060,2
11901,18061,3
11901,18071,2
11901,18075,1
11901,18078,1
11901,18079,1
11901,18080,8
11901,18082,8
11901,18088,2
11901,18096,4
11901,18099,1
11901,18105,2
11901,18111,1.5
11901,18112,7
11901,18113,7
11901,18114,4
11901,18146,1
11901,18153,1
11901,18160,2
11901,18161,5
11901,18164,1
11901,18165,2
11901,18169,3
11901,18170,2
11901,18173,1
11901,18174,4
11901,18186,1
11901,18189,2.5
11901,18190,2
11901,18191,3.5
11901,18197,1
11901,18198,8
11901,18208,2
11901,18213,12
11901,18215,1
11901,18216,16
11901,18217,44
11901,18218,32
11901,18219,7
11901,18220,1.5
11901,18223,4
11901,18232,3
11901,18236,4
11901,18248,7
11901,18255,2
11901,18256,1
11901,18263,1
11901,18265,4
11901,18271,2
11901,18275,2
11901,18276,7
11901,18291,5
11901,18312,2
11901,18313,7
11901,18315,1
11901,18318,2
11901,18320,1
11901,18325,4
11901,18327,9
11901,18345,3
11901,18353,4
11901,18354,1
11901,18357,2
11901,18361,6
11902,17923,5
11902,17924,4
11902,17925,5
11902,17929,15
11902,17930,11
11902,17931,6
11902,17933,10
11902,17934,2
11902,17959,1
11902,17962,4
11902,17963,1
11902,17964,4
11902,17973,1
11902,17974,6
11902,17976,8
11902,17977,2
11902,17980,2
11902,17983,4
11902,17984,1
11902,17991,8
11902,17993,5
11902,17994,7
11902,18010,1
11902,18016,2
11902,18019,4
11902,18022,13
11902,18023,10
11902,18026,2
11902,18031,1
11902,18034,4
11902,18035,1
11902,18036,2
11902,18041,6
11902,18044,2
11902,18045,5
11902,18046,5
11902,18050,1
11902,18052,4
11902,18061,1
11902,18066,3
11902,18070,4
11902,18074,2
11902,18075,5
11902,18076,2
11902,18077,2
11902,18080,2
11902,18084,1
11902,18092,2
11902,18095,2
11902,18097,3
11902,18098,2
11902,18103,2
11902,18106,2
11902,18108,6
11902,18109,3
11902,18116,2
11902,18117,4
11902,18123,1
11902,18128,3
11902,18132,2
11902,18133,1
11902,18137,4
11902,18150,1
11902,18157,2
11902,18159,6
11902,18176,5
11902,18181,3
11902,18190,3
11902,18191,2
11902,18207,1
11902,18208,3
11902,18210,2
11902,18215,1
11902,18216,1
11902,18217,6
11902,18218,8
11902,18220,3
11902,18221,5
11902,18235,2
11902,18236,4
11902,18237,2
11902,18240,2
11902,18241,5
11902,18253,2
11902,18256,13
11902,18257,2
11902,18270,5
11902,18274,1
11902,18275,6
11902,18277,5
11902,18292,2
11902,18312,4
11902,18313,1
11902,18317,1
11902,18322,1
11902,18323,2
11902,18360,1
11903,17923,7
11903,17924,5
11903,17929,11
11903,17932,7
11903,17933,2
11903,17937,1
11903,17938,12
11903,17939,5.5
11903,17942,1
11903,17945,1
11903,17957,3
11903,17960,4
11903,17961,3
11903,17962,2
11903,17963,4
11903,17964,2
11903,17985,2
11903,17993,20
11903,17994,19
11903,17997,2
11903,17999,2
11903,18000,1
11903,18011,7
11903,18012,2
11903,18013,1
11903,18014,1
11903,18015,4
11903,18016,6
11903,18020,7
11903,18021,8
11903,18022,5
11903,18024,5
11903,18030,6
11903,18033,1
11903,18034,6
11903,18040,4
11903,18045,4
11903,18046,10
11903,18049,2
11903,18050,3
11903,18051,2
11903,18053,2
11903,18065,2
11903,18068,6
11903,18083,2
11903,18084,4
11903,18085,3
11903,18089,2
11903,18092,2
11903,18094,2
11903,18096,4
11903,18103,5
11903,18105,1
11903,18106,2
11903,18107,1
11903,18109,5
11903,18110,4
11903,18115,1
11903,18119,3
11903,18129,1
11903,18130,2
11903,18131,10
11903,18135,3
11903,18136,4
11903,18137,1
11903,18138,4
11903,18144,6
11903,18145,3
11903,18152,1
11903,18153,1
11903,18155,2
11903,18160,4
11903,18164,1
11903,18169,1
11903,18171,6.5
11903,18174,1
11903,18188,3.5
11903,18192,1
11903,18195,9
11903,18206,18
11903,18207,7
11903,18208,7
11903,18210,3
11903,18214,19
11903,18215,8
11903,18216,2
11903,18217,11
11903,18218,5
11903,18221,10
11903,18224,5
11903,18225,4
11903,18229,3
11903,18231,2
11903,18233,2
11903,18237,5
11903,18241,2
11903,18245,1
11903,18250,2
11903,18256,8
11903,18257,6
11903,18262,1
11903,18263,2
11903,18273,5
11903,18277,4
11903,18297,2
11903,18299,9
11903,18300,2
11903,18309,2
11903,18312,4
11903,18313,2
11903,18318,3
11903,18320,1
11903,18328,3
11903,18333,2
11903,18346,2
11903,18359,3
11903,18373,3
11903,18374,3
11904,17924,12
11904,17932,2
11904,17933,2
11904,17937,7
11904,17938,3
11904,17939,6
11904,17959,5
11904,17960,2
11904,17964,7
11904,17965,2
11904,17966,1
11904,17969,10
11904,17970,8
11904,17971,1
11904,17976,1
11904,17980,1
11904,17982,5
11904,17983,1
11904,17984,8
11904,17985,23
11904,17986,2
11904,17993,6
11904,17995,1
11904,18006,3
11904,18011,7
11904,18022,4
11904,18024,1
11904,18033,2
11904,18045,6
11904,18046,12
11904,18047,2
11904,18051,2
11904,18053,1
11904,18073,2
11904,18074,2
11904,18079,3
11904,18082,2
11904,18086,1
11904,18088,2
11904,18091,4
11904,18093,4
11904,18102,7.5
11904,18104,3
11904,18109,4
11904,18110,3.5
11904,18118,1
11904,18122,3
11904,18125,2
11904,18126,2
11904,18127,4
11904,18136,6
11904,18137,13
11904,18138,10.5
11904,18142,7
11904,18143,2
11904,18146,1
11904,18163,2
11904,18164,1
11904,18167,1
11904,18170,1
11904,18171,2
11904,18172,2
11904,18176,2
11904,18178,2
11904,18180,2
11904,18195,1
11904,18205,1
11904,18206,1
11904,18208,4
11904,18214,7
11904,18216,4
11904,18217,2
11904,18218,1
11904,18221,2
11904,18223,4
11904,18225,2
11904,18228,1
11904,18234,1
11904,18235,6
11904,18239,2
11904,18242,2
11904,18245,5
11904,18248,1
11904,18264,7
11904,18265,9
11904,18274,4
11904,18276,31
11904,18277,2
11904,18278,1
11904,18286,6
11904,18293,2
11904,18294,3
11904,18296,2
11904,18300,1
11904,18319,4
11904,18330,3
11904,18333,6
11904,18336,2
11904,18373,7
11904,18374,5
11904,18375,6
11905,17930,3
11905,17932,1
11905,17933,4
11905,17934,13
11905,17935,13
11905,17939,2
11905,17941,2
11905,17959,1
11905,17969,5.5
11905,17972,1
11905,17975,4
11905,17979,3
11905,17981,5
11905,17982,15
11905,17985,8
11905,17986,4
11905,17987,10
11905,17988,3
11905,17989,1
11905,17997,7
11905,17998,6
11905,18001,1
11905,18002,3
11905,18005,2
11905,18010,3
11905,18011,2
11905,18012,2
11905,18017,2
11905,18020,2
11905,18021,2
11905,18032,5
11905,18039,3
11905,18046,3
11905,18051,7
11905,18052,2
11905,18054,2.5
11905,18057,6
11905,18058,12
11905,18059,3
11905,18060,3
11905,18061,2
11905,18067,2
11905,18074,5
11905,18084,1
11905,18086,7
11905,18095,1
11905,18101,1
11905,18104,2
11905,18109,7
11905,18110,10
11905,18111,9
11905,18113,2
11905,18117,1
11905,18121,1.5
11905,18123,4
11905,18126,5
11905,18129,4
11905,18134,2
11905,18136,2
11905,18139,2
11905,18142,5
11905,18143,10
11905,18144,3
11905,18147,1
11905,18168,1
11905,18169,1
11905,18170,2
11905,18174,1
11905,18177,2
11905,18178,6
11905,18183,3
11905,18185,8.5
11905,18194,6
11905,18195,31
11905,18199,2
11905,18208,6
11905,18215,2
11905,18217,5.5
11905,18220,4
11905,18224,5
11905,18241,2
11905,18247,4
11905,18248,5
11905,18256,4
11905,18258,1
11905,18276,19
11905,18277,13
11905,18282,2
11905,18284,4
11905,18292,6
11905,18298,4
11905,18303,7
11905,18316,3
11905,18329,3
11905,18331,4
11905,18336,2
11905,18344,2
11905,18359,4
11906,17930,2
11906,17932,2
11906,17933,1
11906,17934,4
11906,17935,5
11906,17936,10
11906,17940,6
11906,17959,4
11906,17974,5
11906,17976,6
11906,17977,2.5
11906,17981,2
11906,17985,1
11906,17989,2
11906,17990,13
11906,17991,4
11906,18002,1
11906,18008,3
11906,18009,1
11906,18019,3
11906,18020,1
11906,18023,4
11906,18024,2
11906,18038,7
11906,18039,1
11906,18043,2
11906,18044,3
11906,18045,2
11906,18046,1
11906,18051,1
11906,18059,4
11906,18064,2
11906,18066,1
11906,18068,3
11906,18073,2
11906,18078,6
11906,18083,1
11906,18087,5
11906,18089,6
11906,18094,3
11906,18103,2
11906,18108,4
11906,18114,4
11906,18116,2
11906,18118,4
11906,18128,3
11906,18130,2
11906,18132,6
11906,18134,5
11906,18142,6
11906,18143,2
11906,18144,2
11906,18149,2
11906,18152,5
11906,18157,2
11906,18164,2
11906,18167,4
11906,18168,4
11906,18172,3
11906,18177,2
11906,18178,2
11906,18195,3
11906,18198,7
11906,18200,7
11906,18204,4
11906,18205,3
11906,18207,1
11906,18214,1
11906,18217,1
11906,18219,1
11906,18220,1
11906,18226,1
11906,18230,5
11906,18241,11
11906,18244,1
11906,18247,5
11906,18249,2
11906,18256,3
11906,18262,4
11906,18264,5
11906,18265,9
11906,18270,2
11906,18277,4
11906,18278,4
11906,18282,3
11906,18291,4.5
11906,18295,1
11906,18330,2
11906,18334,3
11906,18345,2
11906,18351,2
11907,17930,4
11907,17937,3
11907,17938,4
11907,17968,1
11907,17970,5
11907,17972,3
11907,17977,2
11907,17985,1
11907,17987,4
11907,17991,5
11907,17993,2
11907,18002,1
11907,18003,2
11907,18005,2
11907,18007,3
11907,18009,2
11907,18011,4
11907,18019,6
11907,18020,2
11907,18023,2
11907,18033,6
11907,18037,4
11907,18038,5
11907,18044,4
11907,18045,2
11907,18055,3
11907,18060,4
11907,18061,4
11907,18063,7
11907,18065,2
11907,18072,6
11907,18073,1
11907,18075,2
11907,18076,4
11907,18078,2
11907,18086,2
11907,18089,2
11907,18092,2
11907,18112,1
11907,18117,2
11907,18120,2
11907,18122,3
11907,18132,2
11907,18134,1
11907,18135,3
11907,18137,1
11907,18138,3
11907,18139,4
11907,18140,3
11907,18142,2
11907,18146,2
11907,18148,2
11907,18149,5
11907,18150,12
11907,18156,4
11907,18163,8
11907,18164,3
11907,18166,4
11907,18173,2
11907,18187,1
11907,18191,3
11907,18195,6
11907,18196,9
11907,18202,3
11907,18204,7
11907,18214,2
11907,18221,6
11907,18232,5
11907,18237,3
11907,18239,1
11907,18241,2
11907,18244,1
11907,18249,3
11907,18255,2
11907,18260,2
11907,18264,28
11907,18265,14
11907,18266,2
11907,18271,1
11907,18273,1
11907,18278,2
11907,18291,21
11907,18295,1
11907,18301,2
11907,18302,8
11907,18303,4
11907,18307,7
11907,18318,1
11907,18326,4
11907,18345,3
11907,18367,1
11907,18368,2
11907,18375,1
11908,17929,7
11908,17965,2
11908,17973,2
11908,17974,2
11908,17991,6
11908,17992,6
11908,17995,5
11908,18001,2
11908,18005,3
11908,18010,6
11908,18027,2
11908,18033,1
11908,18036,2
11908,18042,2
11908,18044,7
11908,18046,2
11908,18051,6
11908,18059,3
11908,18060,2
11908,18061,7.5
11908,18062,13
11908,18065,6
11908,18066,4
11908,18067,1
11908,18069,3
11908,18073,2
11908,18074,8
11908,18075,10
11908,18083,2
11908,18110,2
11908,18111,2
11908,18117,2
11908,18121,3
11908,18124,4
11908,18127,4
11908,18138,5
11908,18140,3
11908,18148,2
11908,18149,7
11908,18150,1
11908,18151,3
11908,18157,2
11908,18159,2
11908,18167,4
11908,18168,3
11908,18177,3
11908,18185,1
11908,18193,2
11908,18196,2
11908,18199,1
11908,18204,8
11908,18206,3
11908,18210,2
11908,18212,5
11908,18216,4
11908,18217,3
11908,18220,3
11908,18221,2
11908,18223,3
11908,18228,2
11908,18234,3
11908,18237,2
11908,18245,4
11908,18247,3
11908,18248,4
11908,18251,3
11908,18253,10
11908,18254,3
11908,18262,12
11908,18263,35.5
11908,18264,17
11908,18289,2
11908,18291,10
11908,18297,9
11908,18301,4
11908,18302,1
11908,18319,2
11908,18327,1
11908,18345,2
11908,18346,5
11908,18347,5
11908,18348,4
11908,18349,1
11908,18368,2
11908,18375,5
11908,18376,4
11909,17926,3
11909,17934,6
11909,17936,2
11909,17967,1
11909,17971,3
11909,17977,2
11909,17978,2
11909,17985,2
11909,17991,4
11909,17992,4
11909,18001,1
11909,18002,2
11909,18005,2
11909,18008,4
11909,18014,1
11909,18020,5
11909,18027,2
11909,18033,3
11909,18043,5
11909,18051,1
11909,18056,2
11909,18063,1
11909,18064,4
11909,18069,2
11909,18073,6
11909,18074,3
11909,18091,2
11909,18092,1
11909,18098,2
11909,18112,1.5
11909,18119,1
11909,18126,2
11909,18132,2
11909,18140,4
11909,18141,3
11909,18146,4
11909,18147,2
11909,18152,12
11909,18154,1
11909,18155,1
11909,18158,2
11909,18159,2
11909,18163,4
11909,18166,2
11909,18167,2
11909,18189,1
11909,18204,3
11909,18208,4
11909,18210,1
11909,18214,5
11909,18217,1
11909,18221,1
11909,18226,3
11909,18228,9
11909,18229,3
11909,18250,2
11909,18252,1
11909,18254,2
11909,18264,12
11909,18277,4
11909,18293,6
11909,18302,7.5
11909,18303,9
11909,18312,2
11909,18313,2
11909,18318,2
11909,18345,3
11909,18346,6
11909,18347,1
11909,18365,7
11909,18373,2
11909,18375,3
11909,18376,1
11909,18377,1
11910,17963,1
11910,17974,46.5
11910,17978,3
11910,17979,2
11910,17984,2
11910,17995,2
11910,17996,5
11910,18004,3
11910,18005,2
11910,18006,2
11910,18008,2
11910,18014,3
11910,18020,5
11910,18023,2
11910,18025,5.5
11910,18026,5
11910,18027,1
11910,18032,7
11910,18033,6
11910,18034,4
11910,18038,2
11910,18040,4
11910,18042,1
11910,18047,2
11910,18052,2
11910,18055,1
11910,18062,4
11910,18073,2
11910,18085,4
11910,18093,5
11910,18108,1
11910,18113,2
11910,18125,4
11910,18126,6
11910,18133,3
11910,18150,2
11910,18151,4
11910,18152,29
11910,18153,2
11910,18154,2
11910,18161,4
11910,18169,2
11910,18171,4
11910,18183,1
11910,18184,2
11910,18187,3
11910,18188,2
11910,18194,7
11910,18201,2
11910,18203,3
11910,18216,2
11910,18219,2
11910,18222,1
11910,18226,7.5
11910,18227,11
11910,18228,8
11910,18230,1
11910,18233,1
11910,18237,2
11910,18246,5
11910,18249,2
11910,18250,2
11910,18251,2
11910,18253,4
11910,18254,2
11910,18264,5
11910,18272,2
11910,18273,2
11910,18275,3
11910,18277,3
11910,18300,3
11910,18301,6
11910,18302,2
11910,18303,4
11910,18304,5
11910,18305,4.5
11910,18308,2
11910,18311,7
11910,18314,4
11910,18320,1
11910,18325,1
11910,18327,1
11910,18345,2
11910,18346,7
11910,18347,16
11910,18349,3
11910,18351,9
11910,18377,1
11910,18381,2
11911,17927,3
11911,17933,3
11911,17962,5
11911,17967,2
11911,17969,6
11911,17974,17
11911,17978,1
11911,17985,6
11911,17990,5
11911,17996,3.5
11911,18004,7
11911,18006,2
11911,18007,3
11911,18008,3
11911,18017,4
11911,18020,2
11911,18030,1
11911,18032,2
11911,18042,5
11911,18043,2
11911,18044,2
11911,18045,2
11911,18050,4
11911,18051,2
11911,18065,4
11911,18066,2
11911,18069,3
11911,18072,1
11911,18074,3
11911,18084,14
11911,18086,1
11911,18094,1
11911,18101,4
11911,18106,1
11911,18107,5
11911,18110,4
11911,18112,2
11911,18118,4
11911,18123,2
11911,18139,2
11911,18143,3
11911,18150,1
11911,18152,34.5
11911,18153,58
11911,18154,15
11911,18156,2
11911,18158,1
11911,18159,2
11911,18161,2
11911,18163,3
11911,18164,5
11911,18169,4
11911,18171,5
11911,18176,2
11911,18177,2
11911,18180,1
11911,18189,2
11911,18198,3
11911,18199,3
11911,18204,7
11911,18207,1
11911,18209,17
11911,18210,8
11911,18218,2
11911,18220,6
11911,18221,4
11911,18224,1
11911,18227,2
11911,18235,5
11911,18236,4
11911,18237,2
11911,18242,6
11911,18243,1
11911,18246,2
11911,18252,2
11911,18268,3
11911,18291,3
11911,18310,1
11911,18316,1
11911,18326,5
11911,18330,1
11911,18331,6
11911,18334,4
11911,18339,2
11911,18344,6
11911,18345,8
11911,18351,6
11911,18359,2
11911,18369,1
11911,18370,8
11911,18372,2
11912,17922,7
11912,17923,17
11912,17929,2
11912,17963,4
11912,17970,1
11912,17971,2
11912,17973,1
11912,17987,1
11912,17998,2
11912,17999,3
11912,18014,1
11912,18018,1
11912,18023,4
11912,18024,2
11912,18029,5
11912,18031,8
11912,18035,2
11912,18044,9
11912,18054,2
11912,18055,3
11912,18056,2
11912,18065,6
11912,18071,2
11912,18084,9
11912,18085,1
11912,18090,5
11912,18098,4
11912,18099,1
11912,18100,5
11912,18101,3
11912,18110,2
11912,18111,2
11912,18115,2
11912,18122,3
11912,18126,3
11912,18131,3
11912,18132,4
11912,18139,2
11912,18140,4
11912,18141,5
11912,18147,1
11912,18148,5
11912,18150,5
11912,18152,2
11912,18153,30
11912,18154,123
11912,18155,32
11912,18156,27
11912,18158,2
11912,18159,5
11912,18162,1
11912,18167,1
11912,18170,1
11912,18174,2
11912,18182,2
11912,18186,4
11912,18195,1
11912,18197,5
11912,18201,4
11912,18209,10
11912,18212,2
11912,18213,4
11912,18214,5
11912,18217,4
11912,18220,9
11912,18223,5
11912,18224,3
11912,18225,2
11912,18226,2
11912,18235,2
11912,18236,13
11912,18237,10
11912,18242,2
11912,18243,5
11912,18247,4
11912,18251,5
11912,18254,2
11912,18256,12
11912,18257,1
11912,18258,7
11912,18265,1
11912,18266,4
11912,18267,3
11912,18268,1
11912,18271,7
11912,18281,2
11912,18306,3
11912,18309,2
11912,18316,2
11912,18317,4
11912,18326,1
11912,18329,6
11912,18332,3
11912,18338,2
11912,18383,1
11913,17963,4
11913,17973,3.5
11913,17981,1
11913,17984,3
11913,17988,1
11913,17991,4
11913,17994,4
11913,18011,1
11913,18023,2
11913,18026,2
11913,18027,4
11913,18028,5
11913,18030,2
11913,18031,4
11913,18043,4
11913,18044,2
11913,18049,2
11913,18055,2
11913,18057,3
11913,18066,4
11913,18067,8
11913,18073,2
11913,18084,2
11913,18088,2
11913,18100,10
11913,18102,6
11913,18117,1
11913,18119,1
11913,18121,1
11913,18122,36
11913,18123,1
11913,18124,3
11913,18126,1
11913,18127,10
11913,18128,5
11913,18145,3
11913,18146,2
11913,18152,3
11913,18153,2
11913,18154,2
11913,18155,47
11913,18156,14
11913,18157,18
11913,18163,4
11913,18167,3
11913,18169,2
11913,18174,2
11913,18185,3
11913,18199,2
11913,18204,2
11913,18207,7
11913,18208,6
11913,18209,17
11913,18212,5
11913,18217,2
11913,18219,5
11913,18221,7
11913,18237,4
11913,18238,4
11913,18247,3
11913,18252,2
11913,18254,4
11913,18255,2
11913,18256,13
11913,18257,11
11913,18266,3
11913,18267,4
11913,18296,7
11913,18297,1
11913,18298,3
11913,18317,5
11913,18321,2
11913,18326,2
11913,18348,4
11913,18393,4
11914,17968,2
11914,17969,2
11914,17983,1
11914,17986,5
11914,17990,2
11914,17991,2
11914,17996,5
11914,17999,1
11914,18002,6
11914,18003,1
11914,18009,6
11914,18013,2
11914,18014,2
11914,18015,1
11914,18017,1
11914,18031,2
11914,18040,2
11914,18043,4
11914,18046,6
11914,18057,9
11914,18058,2
11914,18059,6
11914,18062,1
11914,18063,5
11914,18064,1
11914,18066,3
11914,18068,2
11914,18070,4
11914,18071,8
11914,18072,6
11914,18073,2
11914,18084,2
11914,18085,3
11914,18087,3
11914,18095,1
11914,18100,13
11914,18101,2
11914,18105,3
11914,18109,2
11914,18110,6
11914,18119,2
11914,18120,3
11914,18121,3
11914,18122,35
11914,18123,17
11914,18124,2
11914,18125,3
11914,18126,1
11914,18127,1
11914,18128,5
11914,18132,1
11914,18146,1
11914,18151,1
11914,18153,2
11914,18154,3
11914,18155,19.5
11914,18156,3.5
11914,18157,11
11914,18163,13
11914,18173,2
11914,18174,3
11914,18209,5
11914,18210,4
11914,18211,1
11914,18215,2
11914,18216,3
11914,18220,4
11914,18227,3
11914,18231,4
11914,18236,1
11914,18237,2
11914,18242,4
11914,18244,2
11914,18245,5
11914,18253,7
11914,18254,4
11914,18255,22
11914,18256,9
11914,18257,2
11914,18263,1
11914,18267,1
11914,18304,2
11914,18307,1
11914,18312,2
11914,18313,6
11914,18315,2
11914,18317,3
11914,18318,2
11914,18342,3
11914,18357,2
11914,18363,2
11915,17962,2
11915,17963,2
11915,17964,5
11915,17976,2
11915,17980,2
11915,17982,2
11915,17986,6
11915,17990,5
11915,18000,2
11915,18001,2
11915,18008,4
11915,18009,3
11915,18010,2
11915,18018,1
11915,18043,6
11915,18044,2
11915,18046,4
11915,18048,4
11915,18057,2
11915,18058,12
11915,18059,4.5
11915,18060,3
11915,18061,7
11915,18062,7
11915,18063,16
11915,18064,3
11915,18066,2
11915,18067,1
11915,18071,4
11915,18074,4
11915,18078,3
11915,18083,2
11915,18084,1
11915,18091,4
11915,18095,2
11915,18096,2
11915,18110,1
11915,18111,2
11915,18113,1
11915,18115,2
11915,18116,2.5
11915,18121,7
11915,18122,27
11915,18123,1
11915,18124,10
11915,18125,2
11915,18132,1
11915,18134,1
11915,18136,2
11915,18145,2
11915,18152,1
11915,18156,4
11915,18157,5
11915,18158,14
11915,18159,2
11915,18162,3
11915,18163,2
11915,18166,18
11915,18167,13
11915,18171,3
11915,18172,4
11915,18180,4
11915,18183,2
11915,18186,1
11915,18187,2
11915,18190,4
11915,18201,1
11915,18211,15
11915,18214,2
11915,18215,2
11915,18221,2
11915,18226,3.5
11915,18227,4
11915,18230,6
11915,18249,1
11915,18250,2
11915,18251,3
11915,18252,2
11915,18253,6
11915,18254,2
11915,18255,4
11915,18257,1
11915,18260,1
11915,18264,1
11915,18266,5
11915,18267,12
11915,18290,4
11915,18298,2
11915,18299,2
11915,18309,1
11915,18312,5
11915,18313,10
11915,18315,11
11915,18316,2
11915,18317,4
11915,18321,1
11915,18322,1
11915,18327,1
11915,18328,4
11915,18335,2
11915,18341,1
11915,18342,4
11915,18354,4
11915,18357,1
11915,18381,1
11916,17975,1
11916,17976,5
11916,17977,4
11916,17986,19
11916,17990,2
11916,17999,2
11916,18003,2.5
11916,18009,1
11916,18013,2
11916,18015,3
11916,18035,4
11916,18036,2
11916,18037,2
11916,18038,3
11916,18043,6
11916,18047,2
11916,18052,2
11916,18053,4
11916,18058,12
11916,18059,2
11916,18065,8
11916,18066,2
11916,18067,8
11916,18069,9
11916,18070,1
11916,18071,6
11916,18075,2
11916,18080,1
11916,18084,1
11916,18090,2
11916,18096,6
11916,18097,1
11916,18107,2
11916,18117,4
11916,18121,10
11916,18122,12
11916,18123,4
11916,18124,2
11916,18126,2
11916,18132,1
11916,18133,1
11916,18138,1
11916,18144,1
11916,18145,2
11916,18147,2
11916,18152,4
11916,18158,1
11916,18159,3
11916,18160,2
11916,18166,2
11916,18168,2
11916,18169,4
11916,18178,2
11916,18186,4
11916,18199,1
11916,18203,2
11916,18211,4
11916,18212,25
11916,18218,3
11916,18238,2
11916,18250,13
11916,18251,10
11916,18252,5
11916,18265,5
11916,18266,4
11916,18267,5.5
11916,18278,4
11916,18280,3
11916,18289,4
11916,18298,4
11916,18306,2
11916,18309,3.5
11916,18310,3
11916,18311,1
11916,18313,5
11916,18314,10
11916,18315,8
11916,18316,2
11916,18318,7
11916,18319,18
11916,18320,9
11916,18321,7
11916,18323,3
11916,18325,5
11916,18326,10
11916,18329,4
11916,18332,1
11916,18341,1
11916,18342,2
11916,18350,1
11916,18353,2
11916,18371,9
11916,18372,9
11916,18383,4
11916,18389,1
11916,18390,1
11917,17964,1
11917,17979,2
11917,17984,2
11917,17994,2
11917,17995,2
11917,18003,2
11917,18011,2
11917,18015,2
11917,18016,1
11917,18019,3
11917,18025,1
11917,18028,7
11917,18040,1
11917,18041,2
11917,18042,2
11917,18043,16
11917,18044,4
11917,18045,7
11917,18049,1
11917,18052,5
11917,18053,2
11917,18054,2
11917,18058,2
11917,18064,3
11917,18065,3
11917,18066,2
11917,18070,22
11917,18071,2
11917,18073,1
11917,18086,2
11917,18101,1
11917,18103,3
11917,18105,5
11917,18109,4
11917,18110,2
11917,18119,4
11917,18121,8
11917,18122,2
11917,18128,2
11917,18133,1
11917,18143,2
11917,18145,1
11917,18148,1
11917,18150,6
11917,18153,2
11917,18157,2
11917,18161,2
11917,18168,1
11917,18170,6
11917,18173,2
11917,18183,2
11917,18184,4
11917,18185,2
11917,18189,4
11917,18223,3
11917,18226,2
11917,18229,1
11917,18238,2
11917,18242,1
11917,18244,1
11917,18245,4
11917,18246,1
11917,18250,3
11917,18251,11
11917,18255,3
11917,18259,3
11917,18262,1
11917,18263,3
11917,18264,2
11917,18273,5
11917,18302,1
11917,18311,2
11917,18314,20
11917,18315,10
11917,18316,6
11917,18317,53
11917,18318,100
11917,18319,65.5
11917,18320,24
11917,18321,12
11917,18322,2
11917,18323,5
11917,18340,5
11917,18343,1
11917,18364,2
11917,18367,1
11917,18368,3
11917,18369,6
11917,18371,17
11917,18372,2
11917,18374,2
11917,18383,2
11918,17963,5
11918,17973,6
11918,17975,2
11918,17990,2
11918,17999,2
11918,18000,3
11918,18003,2
11918,18004,13
11918,18010,2
11918,18016,1
11918,18019,2
11918,18021,2
11918,18028,3
11918,18031,2
11918,18043,7
11918,18044,13
11918,18045,11
11918,18046,12
11918,18047,10
11918,18048,14
11918,18049,3
11918,18050,2
11918,18054,4
11918,18055,2
11918,18057,2
11918,18061,2
11918,18064,8
11918,18065,5.5
11918,18070,6
11918,18071,7
11918,18074,2
11918,18077,1
11918,18083,6
11918,18085,1
11918,18094,1
11918,18097,4
11918,18098,3
11918,18104,1
11918,18107,2
11918,18110,5
11918,18116,3
11918,18119,2
11918,18121,1
11918,18124,2
11918,18131,2
11918,18136,5
11918,18143,2
11918,18146,5
11918,18148,6
11918,18159,1
11918,18161,1
11918,18166,2
11918,18167,2
11918,18171,5
11918,18195,1
11918,18202,2
11918,18203,1
11918,18209,2
11918,18210,3
11918,18214,1
11918,18217,1
11918,18218,1
11918,18219,6
11918,18224,7
11918,18226,1
11918,18228,2
11918,18231,4
11918,18236,2
11918,18240,2
11918,18245,4
11918,18248,3
11918,18252,4
11918,18254,1
11918,18255,8
11918,18258,1
11918,18260,2
11918,18261,9
11918,18262,1
11918,18269,1
11918,18309,1
11918,18310,1
11918,18314,9
11918,18315,6
11918,18316,4
11918,18317,4
11918,18318,5
11918,18319,20
11918,18320,16
11918,18321,5
11918,18322,2
11918,18324,1
11918,18327,3
11918,18328,1
11918,18344,2
11918,18351,2
11918,18352,2
11918,18363,2
11918,18371,3
11918,18372,2
11918,18373,1
11918,18376,1
11918,18379,2
11918,18383,4
11919,17975,2
11919,17979,1
11919,17981,2
11919,17982,2
11919,17985,1
11919,17988,3
11919,17990,4
11919,17991,2
11919,18002,1.5
11919,18004,12
11919,18016,2
11919,18021,5
11919,18028,2
11919,18034,2
11919,18039,2
11919,18040,2
11919,18041,6
11919,18042,12
11919,18043,12.5
11919,18046,8.5
11919,18047,4
11919,18048,3
11919,18049,4
11919,18063,2
11919,18071,26
11919,18072,2
11919,18078,1
11919,18089,4
11919,18093,6
11919,18094,3
11919,18097,1
11919,18099,2
11919,18110,1
11919,18111,2
11919,18114,2
11919,18115,3
11919,18119,4
11919,18121,5
11919,18135,5
11919,18136,2
11919,18140,2
11919,18145,2
11919,18151,3
11919,18156,2
11919,18166,7
11919,18167,2
11919,18171,2
11919,18174,4
11919,18176,2
11919,18179,2
11919,18180,1
11919,18184,2
11919,18187,3
11919,18189,1
11919,18195,6
11919,18198,2
11919,18199,6
11919,18204,2
11919,18209,2
11919,18213,3
11919,18215,2
11919,18216,3
11919,18218,2
11919,18219,1
11919,18222,1
11919,18223,1
11919,18230,1
11919,18232,7
11919,18235,1
11919,18237,6
11919,18238,2
11919,18239,22
11919,18240,21.5
11919,18241,8
11919,18242,8
11919,18247,4
11919,18254,6.5
11919,18255,2
11919,18256,2
11919,18257,2
11919,18261,1
11919,18287,5
11919,18288,2
11919,18292,5
11919,18295,3
11919,18297,3
11919,18301,2
11919,18313,1
11919,18316,3
11919,18317,1
11919,18318,1.5
11919,18320,3
11919,18323,7
11919,18330,1
11919,18335,1
11919,18338,5
11919,18347,3
11919,18351,6
11919,18364,4
11919,18371,3
11919,18372,6
11919,18379,3
11919,18393,2
11920,17964,2
11920,17967,2
11920,17968,2
11920,17993,2
11920,18002,2
11920,18004,6
11920,18008,4
11920,18012,4
11920,18027,3
11920,18029,5
11920,18032,1
11920,18035,3
11920,18038,1
11920,18039,11
11920,18040,9
11920,18041,7
11920,18043,2
11920,18046,4
11920,18048,3
11920,18055,3
11920,18062,4
11920,18067,3
11920,18071,6
11920,18078,6
11920,18084,2
11920,18089,1
11920,18092,3
11920,18096,4
11920,18100,2
11920,18105,10
11920,18116,1
11920,18119,5
11920,18122,2
11920,18123,4
11920,18129,1
11920,18130,1
11920,18135,1
11920,18139,2
11920,18140,4
11920,18144,4
11920,18147,1
11920,18150,5
11920,18152,2
11920,18155,3
11920,18162,3
11920,18163,1
11920,18166,10
11920,18170,2
11920,18173,4
11920,18185,3
11920,18188,2
11920,18194,1
11920,18202,4
11920,18206,2
11920,18212,6
11920,18214,2
11920,18232,1
11920,18240,9
11920,18241,40
11920,18255,1
11920,18257,3
11920,18287,1
11920,18296,1
11920,18297,1
11920,18298,1
11920,18299,1
11920,18301,8
11920,18302,2
11920,18312,1
11920,18314,2
11920,18320,2
11920,18341,2
11920,18356,2
11920,18365,6
11920,18378,2
11920,18381,2
11920,18385,4
11920,18386,4
11921,17968,6
11921,17971,1
11921,17973,1
11921,17975,5
11921,17980,3
11921,17981,5
11921,17990,5
11921,18005,2
11921,18006,4
11921,18007,2
11921,18017,1
11921,18018,1
11921,18019,3
11921,18020,6
11921,18021,2
11921,18023,1
11921,18024,8
11921,18026,4
11921,18030,2
11921,18031,1
11921,18033,5
11921,18034,3
11921,18035,1
11921,18036,1
11921,18040,16
11921,18041,7.5
11921,18042,3
11921,18047,1
11921,18048,4
11921,18052,4
11921,18072,7
11921,18074,2
11921,18076,3
11921,18081,5
11921,18084,5
11921,18086,3
11921,18090,4
11921,18093,3
11921,18095,2
11921,18100,1
11921,18104,4
11921,18106,1
11921,18110,3
11921,18113,1
11921,18118,1
11921,18127,1
11921,18130,1
11921,18132,1
11921,18134,1
11921,18136,2
11921,18137,2
11921,18140,2
11921,18147,1
11921,18150,1
11921,18175,3
11921,18181,2
11921,18182,7
11921,18188,1
11921,18201,2
11921,18205,1
11921,18210,1
11921,18218,2
11921,18219,5
11921,18221,3
11921,18228,2
11921,18237,1
11921,18240,1
11921,18241,18
11921,18247,1.5
11921,18254,2
11921,18292,2
11921,18293,2
11921,18301,4
11921,18317,3
11921,18324,1
11921,18332,4
11921,18340,2
11921,18347,4
11921,18354,4
11921,18358,5
11921,18379,1
11922,17967,2
11922,17968,2
11922,17981,4
11922,17988,2
11922,17989,2
11922,17998,1
11922,18005,1
11922,18008,1
11922,18020,7
11922,18023,2
11922,18024,4
11922,18025,4
11922,18032,5
11922,18037,2
11922,18038,6
11922,18039,4
11922,18040,3
11922,18041,2
11922,18042,4
11922,18047,1
11922,18055,1
11922,18056,3
11922,18058,1
11922,18064,4
11922,18072,5
11922,18079,4
11922,18080,2
11922,18095,2
11922,18101,1
11922,18114,4
11922,18118,4
11922,18120,3
11922,18121,4
11922,18124,3
11922,18125,2
11922,18129,5
11922,18130,3.5
11922,18135,3
11922,18136,1
11922,18146,5
11922,18148,3
11922,18149,4
11922,18155,2
11922,18158,2
11922,18160,2
11922,18161,2
11922,18164,3
11922,18169,1
11922,18174,2
11922,18175,6
11922,18176,1
11922,18177,8
11922,18187,2
11922,18196,3
11922,18201,2
11922,18202,2.5
11922,18206,5
11922,18212,8
11922,18219,4
11922,18223,2
11922,18232,2
11922,18238,5
11922,18241,2
11922,18244,1
11922,18249,2
11922,18250,2
11922,18263,3
11922,18264,3
11922,18297,1
11922,18299,3
11922,18309,2
11922,18322,2
11922,18328,2
11922,18332,1
11922,18333,7
11922,18344,5
11922,18348,2
11922,18353,1
11922,18358,8
11922,18359,1
11922,18390,4
11922,18391,1
11923,17956,2
11923,17964,1
11923,17970,2
11923,17972,2
11923,17976,6
11923,17980,3
11923,17985,1
11923,17987,3
11923,17988,4
11923,18007,4
11923,18009,5.5
11923,18029,1
11923,18031,2
11923,18037,3
11923,18038,4
11923,18039,2
11923,18042,30
11923,18043,4
11923,18046,2
11923,18048,8
11923,18052,5
11923,18076,4
11923,18077,4
11923,18078,2
11923,18084,2
11923,18090,2
11923,18096,2
11923,18099,3
11923,18103,2
11923,18104,5
11923,18106,1
11923,18111,1
11923,18114,9
11923,18116,4
11923,18118,3
11923,18123,1
11923,18124,2
11923,18125,1
11923,18128,1
11923,18134,2
11923,18139,1
11923,18142,2
11923,18143,1
11923,18146,1
11923,18161,4
11923,18163,1
11923,18164,8
11923,18167,2
11923,18174,2
11923,18179,2
11923,18187,5
11923,18189,2
11923,18190,5
11923,18193,7
11923,18201,3
11923,18206,1
11923,18210,2
11923,18212,1
11923,18231,2
11923,18232,1
11923,18240,6
11923,18249,1
11923,18255,8
11923,18261,3
11923,18266,5
11923,18267,1
11923,18276,3
11923,18289,2
11923,18292,1
11923,18297,3
11923,18298,16
11923,18299,4
11923,18309,1
11923,18310,1
11923,18330,2
11923,18331,3
11923,18333,8
11923,18347,1
11923,18353,1
11924,17954,2
11924,17958,4
11924,17959,3
11924,17964,2
11924,17966,2
11924,17983,2
11924,17984,2
11924,17990,7
11924,17997,2
11924,17999,3
11924,18005,8
11924,18008,3
11924,18009,2
11924,18011,4
11924,18018,3
11924,18021,1
11924,18024,1
11924,18028,3
11924,18034,1
11924,18036,4
11924,18040,10
11924,18042,6
11924,18043,13
11924,18048,5
11924,18051,7
11924,18057,2
11924,18059,2
11924,18064,4
11924,18065,2
11924,18066,5
11924,18076,2
11924,18077,1
11924,18085,5
11924,18086,4
11924,18088,2
11924,18090,3
11924,18098,1
11924,18113,2
11924,18116,2
11924,18119,1
11924,18122,2
11924,18128,1
11924,18131,2
11924,18138,2
11924,18139,1.5
11924,18142,3
11924,18145,2
11924,18159,1
11924,18161,3
11924,18164,1
11924,18166,1
11924,18167,2
11924,18170,4
11924,18173,8
11924,18174,1
11924,18177,7
11924,18179,1
11924,18187,3
11924,18188,7
11924,18189,6
11924,18191,3
11924,18200,1
11924,18202,5
11924,18203,4
11924,18206,3
11924,18212,2
11924,18213,4
11924,18214,2
11924,18227,1
11924,18229,4
11924,18230,3.5
11924,18232,2
11924,18247,1
11924,18251,1
11924,18252,2
11924,18267,3
11924,18277,5.5
11924,18289,3
11924,18292,2
11924,18297,2
11924,18298,10
11924,18305,2
11924,18309,2
11924,18317,3
11924,18320,14.5
11924,18321,6
11924,18327,7
11924,18335,3
11924,18338,3
11924,18341,2
11924,18345,2
11924,18353,2
11924,18362,1
11924,18373,7
11924,18381,1
11924,18389,6
11924,18390,4
11924,18395,1
11925,17950,4
11925,17960,5
11925,17963,1
11925,17968,2
11925,17977,1
11925,17980,2
11925,17984,2
11925,17986,2
11925,17987,3
11925,17989,13
11925,17990,10
11925,17991,4
11925,17998,5
11925,18000,1
11925,18010,1
11925,18011,1
11925,18012,3
11925,18021,3
11925,18036,1
11925,18041,4
11925,18043,4
11925,18046,2
11925,18048,7
11925,18054,3
11925,18058,2
11925,18060,2
11925,18062,1
11925,18063,7
11925,18064,1
11925,18087,4
11925,18089,3
11925,18094,2
11925,18096,3
11925,18109,4
11925,18112,2
11925,18114,1
11925,18120,4
11925,18127,7
11925,18131,1
11925,18134,4
11925,18135,1
11925,18141,1
11925,18143,3
11925,18162,1
11925,18176,1
11925,18180,1
11925,18182,3
11925,18187,2
11925,18199,3
11925,18200,3
11925,18207,4
11925,18209,1
11925,18210,1
11925,18213,7
11925,18233,4
11925,18237,2
11925,18242,4
11925,18243,1
11925,18249,7
11925,18251,1
11925,18253,3
11925,18254,5
11925,18256,2
11925,18271,4
11925,18279,1
11925,18298,1
11925,18302,4
11925,18305,4
11925,18318,7
11925,18319,22
11925,18320,3
11925,18321,4
11925,18329,4
11925,18333,2
11925,18334,3.5
11925,18335,4
11925,18344,7
11925,18345,3
11925,18351,3
11925,18353,1
11925,18362,4
11925,18374,10
11925,18391,4
11925,18392,4
11925,18393,2
11926,17958,3
11926,17962,2
11926,17982,2
11926,17985,9
11926,17986,6
11926,17987,90.5
11926,17988,59
11926,17989,4
11926,17990,4
11926,17993,2
11926,17999,2
11926,18005,3
11926,18008,2
11926,18014,4.5
11926,18015,2
11926,18017,4
11926,18029,3
11926,18030,1
11926,18032,1.5
11926,18034,1
11926,18042,4
11926,18044,5
11926,18045,4
11926,18053,2
11926,18057,2
11926,18064,1
11926,18069,5
11926,18073,2
11926,18083,2
11926,18087,1
11926,18096,3
11926,18106,2
11926,18109,2
11926,18112,1
11926,18113,1
11926,18115,3
11926,18116,2
11926,18120,1
11926,18130,2
11926,18145,2
11926,18164,3
11926,18166,2
11926,18172,2
11926,18174,6
11926,18176,3
11926,18181,1
11926,18191,2
11926,18194,2
11926,18200,8
11926,18203,3
11926,18208,3
11926,18212,3
11926,18213,2
11926,18216,5
11926,18218,3
11926,18248,2
11926,18253,2
11926,18254,4
11926,18256,1
11926,18258,2
11926,18291,1
11926,18317,2
11926,18320,9
11926,18321,6
11926,18325,1
11926,18334,1
11926,18351,4
11926,18352,3
11926,18353,2
11926,18356,9
11926,18358,2
11926,18388,4
11926,18389,3
11926,18390,7
11926,18391,8
11926,18392,3
11926,18393,3
11926,18394,5
11926,18395,4
11927,17952,7
11927,17960,28.5
11927,17961,7
11927,17962,1
11927,17963,6
11927,17978,2
11927,17982,1
11927,17988,23
11927,18004,2
11927,18007,2
11927,18013,1
11927,18017,1
11927,18021,2
11927,18038,3
11927,18040,5
11927,18042,9
11927,18043,2
11927,18044,1
11927,18057,4
11927,18067,1
11927,18080,3
11927,18084,10
11927,18085,3
11927,18086,3
11927,18089,2
11927,18090,3
11927,18092,7
11927,18095,4
11927,18104,3
11927,18120,1
11927,18125,4
11927,18132,5
11927,18139,6
11927,18140,4
11927,18145,1
11927,18162,3
11927,18176,9
11927,18180,3.5
11927,18184,1
11927,18193,2
11927,18194,3
11927,18199,3
11927,18200,13
11927,18206,3.5
11927,18210,2
11927,18212,1
11927,18213,5
11927,18214,7.5
11927,18242,1
11927,18246,2
11927,18250,4
11927,18254,1
11927,18255,5
11927,18256,7
11927,18291,5
11927,18302,1
11927,18306,1
11927,18307,1
11927,18317,2
11927,18320,4
11927,18321,2
11927,18329,1
11927,18338,2
11927,18341,4
11927,18342,3
11927,18353,2
11927,18359,2
11927,18360,4
11927,18382,4
11927,18387,2
11927,18390,1
11927,18391,3
11928,17952,6
11928,17956,1
11928,17959,1
11928,17961,14
11928,17962,8
11928,17963,2
11928,17964,4
11928,17966,2
11928,17967,3
11928,17983,3
11928,17989,2
11928,17990,2
11928,17991,6
11928,17993,3
11928,18004,4
11928,18005,5
11928,18006,2
11928,18013,1
11928,18015,4
11928,18016,1
11928,18033,3
11928,18036,2
11928,18038,2
11928,18039,12
11928,18046,1
11928,18050,2
11928,18055,1
11928,18056,2
11928,18057,1
11928,18058,2
11928,18061,5
11928,18065,9
11928,18073,2
11928,18076,2
11928,18083,2
11928,18084,1
11928,18087,2
11928,18106,11
11928,18109,4
11928,18129,1
11928,18137,6
11928,18138,1
11928,18140,10
11928,18142,2
11928,18143,1
11928,18147,2
11928,18170,6
11928,18171,1
11928,18174,1
11928,18181,1
11928,18191,4
11928,18192,1
11928,18193,9
11928,18194,3
11928,18198,5
11928,18199,11
11928,18201,4
11928,18203,2
11928,18207,1
11928,18210,4
11928,18212,4
11928,18213,3
11928,18216,1
11928,18218,3
11928,18249,3
11928,18250,3
11928,18251,1
11928,18255,2
11928,18256,2
11928,18272,5
11928,18275,2
11928,18330,2
11928,18335,4
11928,18337,1
11928,18352,5
11928,18353,5
11928,18354,30.5
11928,18355,7
11928,18357,3
11928,18358,2
11929,17958,3
11929,17964,1
11929,17965,4
11929,17972,2
11929,17976,2
11929,17983,2
11929,17991,4
11929,17995,2
11929,17999,2
11929,18004,2
11929,18005,1
11929,18014,2
11929,18019,2
11929,18020,2
11929,18022,4
11929,18023,1
11929,18024,3
11929,18026,1
11929,18035,1
11929,18053,2
11929,18056,4
11929,18063,1
11929,18064,3
11929,18066,2
11929,18069,4
11929,18070,2
11929,18082,2
11929,18088,4
11929,18092,2.5
11929,18093,1
11929,18098,3
11929,18105,2
11929,18114,1
11929,18116,3
11929,18123,4
11929,18129,1
11929,18143,1
11929,18146,2
11929,18191,2
11929,18192,5
11929,18193,8
11929,18194,5
11929,18197,1
11929,18198,4
11929,18199,8
11929,18200,20
11929,18201,16
11929,18202,6
11929,18203,2
11929,18208,2
11929,18212,2
11929,18253,4
11929,18255,2
11929,18256,7
11929,18257,5
11929,18262,1
11929,18268,2
11929,18299,2
11929,18314,2
11929,18329,3
11929,18330,2
11929,18331,7
11929,18337,4
11929,18338,5
11929,18339,3
11929,18345,7
11929,18348,3
11929,18349,1
11929,18352,1
11929,18353,8
11929,18354,66.5
11929,18355,27
11929,18356,3
11929,18357,2
11929,18359,2
11929,18364,1
11929,18365,2
11929,18378,3
11929,18379,2
11930,17967,1
11930,17971,1
11930,17994,2
11930,17996,1
11930,18011,2
11930,18013,4
11930,18016,4
11930,18017,1
11930,18021,1
11930,18029,4
11930,18035,2
11930,18038,4
11930,18061,1
11930,18062,1
11930,18067,4
11930,18069,4
11930,18075,3
11930,18078,2
11930,18081,4.5
11930,18082,8
11930,18083,4
11930,18086,5
11930,18095,2
11930,18097,2
11930,18102,3
11930,18107,4
11930,18119,3
11930,18122,3
11930,18131,1
11930,18134,2
11930,18139,1
11930,18148,2
11930,18175,3
11930,18182,2
11930,18186,1
11930,18190,2
11930,18192,7
11930,18193,11
11930,18194,10
11930,18198,4
11930,18199,10
11930,18200,8
11930,18201,5
11930,18202,23
11930,18209,1
11930,18211,4
11930,18249,1
11930,18255,5
11930,18256,3
11930,18259,2
11930,18265,3
11930,18269,3
11930,18307,3
11930,18334,3
11930,18339,3
11930,18346,4
11930,18350,4
11930,18351,1
11930,18352,2
11930,18353,6
11930,18354,10
11930,18355,8
11930,18358,2
11930,18364,3
11930,18365,1
11930,18377,4
11930,18378,5
11930,18379,4
11931,17950,2
11931,17951,4
11931,17966,9
11931,17979,3
11931,17981,1
11931,17983,1
11931,17984,4
11931,17987,3
11931,17988,3
11931,17994,3
11931,17997,4
11931,17999,3
11931,18003,1
11931,18008,1
11931,18009,4
11931,18012,4
11931,18015,1
11931,18019,2
11931,18022,2
11931,18025,3
11931,18027,2
11931,18059,4
11931,18063,2
11931,18064,1
11931,18070,6
11931,18071,2
11931,18078,2
11931,18082,5
11931,18091,1
11931,18095,3
11931,18097,6
11931,18100,2
11931,18102,2
11931,18104,3
11931,18108,2
11931,18112,6
11931,18117,4
11931,18125,1
11931,18126,1
11931,18128,2
11931,18130,8
11931,18133,3
11931,18141,2
11931,18144,5
11931,18166,2
11931,18176,2
11931,18181,7
11931,18191,2
11931,18194,8
11931,18195,8
11931,18197,3
11931,18198,33
11931,18199,25.5
11931,18200,32
11931,18201,120
11931,18202,43
11931,18217,4
11931,18249,2
11931,18254,2
11931,18255,35.5
11931,18256,5
11931,18257,3
11931,18259,6
11931,18263,3
11931,18269,4
11931,18283,2
11931,18299,4
11931,18302,2
11931,18306,4
11931,18334,3
11931,18335,3
11931,18341,1
11931,18342,2
11931,18348,2
11931,18351,2
11931,18352,4
11931,18353,1
11931,18354,2
11931,18356,3
11931,18357,3
11931,18361,3
11931,18368,6
11932,17958,5
11932,17967,2
11932,17975,2
11932,17985,3
11932,17998,2
11932,18003,4
11932,18009,1
11932,18012,5
11932,18013,2
11932,18024,2
11932,18028,1
11932,18036,2
11932,18038,2
11932,18039,3
11932,18041,2
11932,18043,2
11932,18045,2
11932,18049,4
11932,18050,2
11932,18051,3.5
11932,18052,1
11932,18053,2
11932,18058,2
11932,18059,2
11932,18067,3
11932,18068,2
11932,18069,1
11932,18070,2
11932,18086,3
11932,18090,4
11932,18091,2
11932,18094,1
11932,18095,8
11932,18096,7
11932,18097,3
11932,18098,2
11932,18100,7
11932,18106,4
11932,18115,2
11932,18120,5
11932,18130,2
11932,18133,3
11932,18136,3
11932,18174,3
11932,18175,5
11932,18191,3
11932,18193,2
11932,18194,2
11932,18197,3
11932,18198,10
11932,18199,9
11932,18200,22
11932,18201,63
11932,18202,32.5
11932,18204,1
11932,18212,4
11932,18214,3
11932,18254,9
11932,18255,101.5
11932,18258,21
11932,18259,18
11932,18260,1
11932,18266,3
11932,18294,1
11932,18295,3
11932,18299,6.5
11932,18300,2
11932,18322,1
11932,18325,2
11932,18338,2
11932,18339,5
11932,18340,8
11932,18341,4
11932,18342,16
11932,18344,8
11932,18350,4
11932,18353,3
11932,18354,2
11932,18365,4
11932,18379,8
11932,18380,3
11932,18389,7
11933,17985,1
11933,18002,3
11933,18011,6
11933,18012,4
11933,18022,2
11933,18025,2
11933,18026,3
11933,18030,2
11933,18035,5
11933,18040,4
11933,18047,4
11933,18051,3
11933,18061,4
11933,18067,3
11933,18080,2
11933,18090,1
11933,18092,1
11933,18094,4
11933,18095,3
11933,18096,2
11933,18099,4
11933,18105,2
11933,18106,4
11933,18112,2
11933,18116,2
11933,18120,5
11933,18126,4
11933,18127,1
11933,18130,2
11933,18131,1
11933,18133,4
11933,18134,3
11933,18135,2
11933,18179,2
11933,18192,4
11933,18193,2
11933,18194,2
11933,18196,1
11933,18197,1
11933,18198,8
11933,18199,6
11933,18200,9
11933,18201,65
11933,18202,31
11933,18203,4
11933,18204,6
11933,18205,4
11933,18210,1
11933,18215,5
11933,18216,1
11933,18217,4
11933,18247,3
11933,18248,4
11933,18249,5
11933,18250,3
11933,18252,3
11933,18253,2
11933,18255,60.5
11933,18256,1
11933,18257,2
11933,18258,4
11933,18259,9
11933,18260,9
11933,18262,1
11933,18263,1
11933,18294,2
11933,18295,4
11933,18299,1
11933,18307,2
11933,18309,3
11933,18322,1
11933,18324,6
11933,18325,18
11933,18335,1
11933,18337,2
11933,18338,4
11933,18340,3
11933,18342,3
11933,18350,1
11933,18358,2
11933,18362,4
11933,18364,4
11933,18365,2
11933,18383,1
11934,17977,9
11934,17978,1
11934,17979,1
11934,17989,2
11934,17991,1
11934,17992,2
11934,17997,2
11934,18004,2
11934,18006,4
11934,18008,4
11934,18009,4
11934,18012,2
11934,18016,1
11934,18017,4
11934,18024,1
11934,18031,3
11934,18036,5
11934,18039,4
11934,18041,1
11934,18043,1
11934,18044,2
11934,18045,5
11934,18046,1
11934,18052,2
11934,18055,1
11934,18056,2
11934,18058,2
11934,18061,3
11934,18075,2
11934,18084,2
11934,18086,1
11934,18090,2
11934,18091,2
11934,18093,1
11934,18094,5
11934,18096,5
11934,18099,3
11934,18107,1
11934,18109,1
11934,18122,4
11934,18128,1
11934,18176,3
11934,18180,2
11934,18181,6
11934,18183,2
11934,18196,1
11934,18198,2
11934,18199,15
11934,18200,22
11934,18201,10
11934,18202,23
11934,18203,15
11934,18204,14
11934,18214,1
11934,18250,2
11934,18253,3
11934,18254,2
11934,18255,15
11934,18256,3
11934,18257,4
11934,18258,8
11934,18286,1
11934,18299,7
11934,18303,1
11934,18304,3
11934,18307,2
11934,18309,5
11934,18323,3
11934,18324,5
11934,18325,4
11934,18337,2
11934,18340,7
11934,18341,4
11934,18345,2
11934,18361,2
11934,18365,8
11934,18368,9
11934,18383,2
11935,17959,8
11935,17973,1
11935,17977,4
11935,17978,11
11935,17979,6
11935,17983,2
11935,17984,1
11935,17986,2
11935,17998,1
11935,18000,3
11935,18004,1
11935,18006,3
11935,18010,4
11935,18016,2
11935,18017,3
11935,18023,2
11935,18030,4
11935,18035,2
11935,18036,2
11935,18042,2
11935,18052,2
11935,18060,1
11935,18063,1
11935,18065,1
11935,18067,1
11935,18085,2
11935,18091,1
11935,18092,9
11935,18093,10
11935,18094,4
11935,18095,2
11935,18111,3
11935,18117,2
11935,18124,6
11935,18128,4
11935,18178,2
11935,18183,1
11935,18187,1
11935,18190,3
11935,18193,4
11935,18195,4
11935,18196,4
11935,18197,2.5
11935,18200,18.5
11935,18202,4
11935,18203,6
11935,18204,13.5
11935,18212,2
11935,18214,6
11935,18253,10
11935,18254,6
11935,18255,8
11935,18256,18
11935,18257,2
11935,18264,3
11935,18265,1
11935,18302,2
11935,18323,9
11935,18324,3
11935,18325,3
11935,18326,5
11935,18336,8
11935,18338,2
11935,18340,5
11935,18344,1
11935,18345,3
11935,18350,4
11935,18357,5
11935,18359,6
11935,18361,5
11936,17979,1
11936,17983,1
11936,17996,5
11936,18000,2
11936,18007,1
11936,18010,2
11936,18026,3
11936,18027,3
11936,18031,3
11936,18037,5
11936,18039,3
11936,18054,5
11936,18055,2
11936,18061,5
11936,18066,3
11936,18067,4
11936,18078,2
11936,18081,4
11936,18089,1
11936,18091,9
11936,18092,9
11936,18093,1
11936,18095,4
11936,18102,2
11936,18104,4
11936,18111,1
11936,18124,3
11936,18127,1
11936,18198,1
11936,18199,6
11936,18201,4
11936,18202,2
11936,18203,4
11936,18204,2
11936,18206,2
11936,18208,1
11936,18214,4
11936,18254,7
11936,18257,2
11936,18259,3
11936,18263,2
11936,18264,2
11936,18300,2
11936,18322,2
11936,18324,3
11936,18325,9
11936,18327,5
11936,18344,4
11936,18345,6
11936,18351,8
11936,18352,4
11936,18358,2
11936,18362,3
11936,18364,4
11936,18367,3
11937,17990,2
11937,17996,2
11937,18004,4
11937,18010,3
11937,18015,8
11937,18016,2
11937,18022,5
11937,18032,12
11937,18033,2
11937,18038,2
11937,18041,2
11937,18045,8
11937,18051,2
11937,18053,2
11937,18065,2
11937,18066,1
11937,18067,4
11937,18068,2
11937,18070,5
11937,18082,4
11937,18083,4
11937,18086,3
11937,18087,2
11937,18089,1
11937,18090,8
11937,18091,18
11937,18092,23
11937,18093,2
11937,18101,4
11937,18104,2
11937,18110,2
11937,18117,2
11937,18125,4
11937,18193,3
11937,18196,3
11937,18200,1
11937,18204,10
11937,18205,2
11937,18211,2
11937,18212,5
11937,18215,1
11937,18219,2
11937,18247,3
11937,18248,2
11937,18251,4
11937,18254,1
11937,18258,3
11937,18261,2
11937,18262,2
11937,18263,1
11937,18328,2
11937,18349,1
11937,18355,1
11937,18366,4
11938,17980,2
11938,17982,2
11938,17986,3
11938,17997,3
11938,17998,3
11938,18011,2
11938,18014,1
11938,18015,4
11938,18016,2
11938,18019,2
11938,18020,1
11938,18021,4
11938,18025,2
11938,18029,2
11938,18030,1
11938,18032,2
11938,18037,2
11938,18038,2
11938,18049,1
11938,18054,3
11938,18061,1
11938,18063,2
11938,18071,3
11938,18074,1
11938,18075,3
11938,18090,3
11938,18091,45
11938,18092,59
11938,18093,3
11938,18095,11
11938,18096,2
11938,18104,2
11938,18111,3
11938,18116,2
11938,18118,2
11938,18124,2
11938,18190,4
11938,18198,2
11938,18203,13
11938,18204,2
11938,18205,3
11938,18206,12
11938,18213,2
11938,18256,6
11938,18257,2
11938,18260,4.5
11938,18262,2
11938,18284,10
11938,18305,6
11938,18329,1
11938,18349,7
11938,18355,5
11938,18356,5
11938,18357,3
11938,18366,2
11939,17977,7
11939,18004,1
11939,18009,1
11939,18016,2.5
11939,18020,1
11939,18021,3
11939,18025,2
11939,18026,1
11939,18032,1
11939,18035,4
11939,18037,9
11939,18039,4
11939,18040,2
11939,18045,2
11939,18046,2
11939,18047,3
11939,18048,3
11939,18050,3
11939,18061,2
11939,18066,4
11939,18067,4
11939,18072,2
11939,18074,4
11939,18076,2
11939,18087,2
11939,18089,2
11939,18090,32
11939,18091,36
11939,18092,39.5
11939,18093,3
11939,18094,2
11939,18095,2
11939,18103,2
11939,18106,1
11939,18109,1
11939,18116,3
11939,18120,7
11939,18123,6
11939,18125,2
11939,18187,2
11939,18193,1
11939,18201,2
11939,18202,3
11939,18204,1
11939,18205,13
11939,18207,7
11939,18208,19
11939,18210,1
11939,18211,2
11939,18246,4
11939,18252,2
11939,18256,4
11939,18259,1
11939,18260,1.5
11939,18262,5
11939,18269,1
11939,18270,2
11939,18277,2
11939,18278,3
11939,18279,5
11939,18280,2
11939,18284,3.5
11939,18285,6
11939,18351,2
11939,18361,9
11939,18362,6
11940,17979,5
11940,17984,1
11940,17985,4
11940,17990,3
11940,17992,2
11940,17994,3
11940,18004,4
11940,18006,3
11940,18007,1
11940,18008,2
11940,18009,3
11940,18012,7
11940,18013,1
11940,18015,11
11940,18020,1
11940,18035,3
11940,18036,2
11940,18037,16
11940,18043,3
11940,18045,4
11940,18047,6
11940,18048,10
11940,18049,1
11940,18062,2
11940,18063,2
11940,18065,4
11940,18066,3
11940,18067,4
11940,18075,1
11940,18079,2
11940,18080,2
11940,18093,15
11940,18098,3
11940,18106,1
11940,18107,2
11940,18116,2
11940,18118,3
11940,18119,3
11940,18189,2
11940,18192,3
11940,18193,4
11940,18198,1
11940,18200,2
11940,18203,2
11940,18208,2
11940,18209,1
11940,18245,2
11940,18253,5
11940,18260,2
11940,18270,8
11940,18271,3
11940,18280,4
11940,18283,1
11940,18344,2
11940,18353,5
11941,17980,3
11941,17985,3
11941,17990,2
11941,17994,6
11941,17997,2
11941,18014,2
11941,18015,1
11941,18018,1
11941,18019,2
11941,18022,1
11941,18023,2
11941,18024,4
11941,18028,2
11941,18034,2
11941,18037,1
11941,18043,2
11941,18046,2
11941,18047,2
11941,18055,1
11941,18070,3
11941,18076,1
11941,18083,4
11941,18088,3
11941,18093,3
11941,18098,2
11941,18099,3
11941,18103,3
11941,18111,2
11941,18118,7
11941,18119,2
11941,18120,1
11941,18121,5
11941,18124,1
11941,18187,7
11941,18188,2
11941,18193,2
11941,18205,2
11941,18209,4
11941,18212,2
11941,18217,1
11941,18218,6
11941,18220,2
11941,18251,1
11941,18260,13
11941,18270,4
11941,18279,4
11941,18281,1
11941,18282,4
11941,18283,4
11941,18348,3
11941,18350,2
11942,17977,2
11942,17986,2
11942,17992,1
11942,17997,1
11942,17998,2
11942,17999,15
11942,18000,9
11942,18001,2
11942,18002,5
11942,18006,2
11942,18008,1.5
11942,18017,1
11942,18028,2
11942,18036,4
11942,18039,2
11942,18040,8
11942,18047,9
11942,18048,6
11942,18052,4
11942,18054,5
11942,18063,1
11942,18065,1
11942,18068,1
11942,18073,3
11942,18079,4
11942,18082,6
11942,18083,2
11942,18090,4
11942,18095,2
11942,18096,1
11942,18098,3
11942,18099,2
11942,18101,4
11942,18105,2
11942,18109,2
11942,18111,2
11942,18119,2
11942,18121,2
11942,18123,2
11942,18198,1
11942,18199,2
11942,18201,2
11942,18204,1
11942,18213,2
11942,18251,2
11942,18252,1
11942,18254,4
11942,18258,7
11942,18261,3
11942,18265,4
11942,18270,1
11942,18277,2
11942,18278,1
11942,18279,8
11942,18281,8
11942,18282,3.5
11942,18328,8
11942,18329,1
11942,18330,2
11942,18346,3
11942,18351,1
11942,18359,2
11943,17981,3
11943,17985,8
11943,17991,8
11943,17992,2
11943,17998,6
11943,17999,6
11943,18010,3
11943,18014,5
11943,18015,2
11943,18017,4
11943,18018,2
11943,18023,4
11943,18028,3
11943,18034,6
11943,18038,2
11943,18039,1
11943,18040,9
11943,18048,1
11943,18049,6
11943,18050,5
11943,18051,1
11943,18053,1
11943,18054,7
11943,18055,2
11943,18056,11
11943,18057,4
11943,18058,1
11943,18059,1
11943,18065,2
11943,18067,2
11943,18069,2
11943,18073,2
11943,18080,2
11943,18081,4
11943,18087,2
11943,18091,6
11943,18095,3
11943,18097,1
11943,18121,2
11943,18122,4
11943,18125,10
11943,18201,1
11943,18205,2
11943,18211,1
11943,18244,4
11943,18247,3
11943,18249,2
11943,18251,1
11943,18277,4
11943,18327,2
11943,18328,5
11943,18329,9
11943,18330,12
11943,18346,3
11943,18347,8
11943,18348,6.5
11943,18350,7
11943,18351,2
11943,18362,1
11944,17983,4
11944,17986,4
11944,17997,1
11944,17999,1
11944,18001,3
11944,18002,2
11944,18004,4
11944,18015,1
11944,18016,6.5
11944,18017,1.5
11944,18030,3
11944,18034,1
11944,18039,1
11944,18040,2
11944,18045,1
11944,18055,3
11944,18059,3
11944,18060,1
11944,18061,4
11944,18063,1
11944,18068,6
11944,18069,1
11944,18089,2
11944,18096,2
11944,18100,2
11944,18103,4
11944,18104,3
11944,18122,3
11944,18126,2
11944,18192,2
11944,18203,8
11944,18205,3
11944,18206,3
11944,18211,8
11944,18217,1
11944,18245,2
11944,18247,2
11944,18254,5
11944,18326,2
11944,18327,5
11944,18328,2
11944,18329,11
11944,18330,15.5
11944,18331,1
11944,18334,2
11944,18340,1
11944,18349,1
11944,18351,2
11944,18354,2
11944,18359,2
11945,17982,7
11945,17990,4
11945,18004,2
11945,18008,4.5
11945,18009,1.5
11945,18012,1
11945,18016,13
11945,18017,2
11945,18018,4
11945,18028,5
11945,18034,2
11945,18036,4
11945,18038,10
11945,18040,1
11945,18043,4
11945,18056,2
11945,18057,1
11945,18062,2
11945,18073,3
11945,18083,8
11945,18086,2
11945,18087,1
11945,18088,2
11945,18098,1
11945,18102,1
11945,18200,2
11945,18201,11
11945,18212,1
11945,18242,6
11945,18254,2
11945,18278,3
11945,18326,2
11945,18327,1
11945,18328,8
11945,18329,11
11945,18348,3
11945,18350,3
11945,18351,7
11945,18352,1
11945,18354,6
11945,18356,7
11945,18357,2
11946,17981,1
11946,17982,1
11946,17984,3
11946,17989,4
11946,17991,2
11946,18006,3
11946,18014,8
11946,18016,1
11946,18020,3
11946,18022,4
11946,18030,4
11946,18032,1
11946,18036,1
11946,18037,20.5
11946,18038,9
11946,18043,2
11946,18044,6
11946,18061,2
11946,18064,2
11946,18068,1
11946,18069,2
11946,18070,10
11946,18079,1
11946,18090,1
11946,18091,2
11946,18099,2
11946,18104,2
11946,18105,2
11946,18114,1
11946,18193,2
11946,18194,1
11946,18204,3
11946,18214,12
11946,18215,5.5
11946,18218,2
11946,18327,4
11946,18329,3
11946,18330,3
11946,18348,12
11946,18349,5.5
11946,18350,2
11946,18357,2
11946,18361,1
11946,18362,1
11947,17999,4
11947,18012,1
11947,18015,1
11947,18018,1
11947,18023,4
11947,18025,6
11947,18028,2
11947,18034,2
11947,18036,19
11947,18037,7
11947,18040,4
11947,18042,2
11947,18046,1
11947,18047,3
11947,18059,1
11947,18063,1
11947,18069,2
11947,18073,3
11947,18077,1
11947,18090,1
11947,18099,1
11947,18103,1
11947,18106,6
11947,18202,2
11947,18205,2
11947,18207,2
11947,18214,10
11947,18244,2
11947,18254,1
11947,18257,1
11947,18327,5
11947,18329,4
11947,18330,1
11947,18341,4
11947,18346,3
11947,18347,2
11947,18348,37.5
11947,18349,13
11947,18350,3
11947,18354,1
11947,18355,2
11947,18357,3
11948,17983,6
11948,17990,2
11948,18007,2
11948,18015,4
11948,18023,4
11948,18025,1
11948,18027,2
11948,18029,1
11948,18036,10
11948,18043,4
11948,18047,4
11948,18048,5
11948,18055,2
11948,18061,8
11948,18067,1
11948,18069,8
11948,18077,2
11948,18090,4
11948,18101,6
11948,18108,1
11948,18110,1
11948,18113,1
11948,18127,1
11948,18203,3
11948,18241,5
11948,18256,2
11948,18257,2
11948,18329,2
11948,18341,3
11948,18344,1
11948,18345,4
11948,18346,4
11948,18347,5
11948,18348,10
11948,18349,5
11948,18352,2
11949,17983,1
11949,17995,1
11949,18014,1
11949,18015,2
11949,18036,3
11949,18039,2
11949,18045,1
11949,18046,2
11949,18049,2
11949,18054,3
11949,18065,6
11949,18066,3
11949,18068,3
11949,18075,2
11949,18080,5
11949,18085,2
11949,18093,2
11949,18108,1
11949,18126,1
11949,18195,5
11949,18201,3
11949,18202,3.5
11949,18203,4
11949,18246,7
11949,18248,4
11949,18251,4
11949,18254,3
11949,18255,2
11949,18256,4
11949,18335,1
11949,18336,4
11949,18341,4.5
11949,18346,1
11949,18348,2
11949,18349,2
11949,18352,2
11950,18000,5
11950,18003,2
11950,18004,2
11950,18011,6
11950,18018,5
11950,18035,6
11950,18036,4
11950,18037,2
11950,18045,1
11950,18054,3
11950,18056,2
11950,18057,4
11950,18058,4
11950,18065,2
11950,18067,3
11950,18068,5
11950,18074,1
11950,18081,1
11950,18084,3
11950,18085,1
11950,18111,2
11950,18112,2
11950,18126,4
11950,18259,1
11950,18330,3
11950,18334,1
11950,18335,6
11950,18336,2
11950,18337,1
11950,18347,3
11950,18348,1
11950,18362,2
11951,17983,2
11951,17990,1
11951,17992,4
11951,18012,2
11951,18014,4
11951,18026,2
11951,18029,4
11951,18031,2
11951,18033,2
11951,18035,2
11951,18036,5
11951,18040,1
11951,18054,3
11951,18058,9
11951,18059,2
11951,18065,1
11951,18078,2
11951,18083,1
11951,18096,4
11951,18103,5
11951,18110,4
11951,18120,3
11951,18125,3
11951,18244,2
11951,18249,3
11951,18250,1
11951,18254,1
11951,18258,2
11951,18326,2
11951,18344,1
11951,18348,2
11951,18351,2
11952,17987,1
11952,18005,2
11952,18010,2
11952,18013,3
11952,18025,1
11952,18035,2
11952,18036,2
11952,18037,3
11952,18044,6
11952,18045,2
11952,18049,5
11952,18050,5
11952,18053,2
11952,18058,2
11952,18063,1
11952,18064,5
11952,18065,2
11952,18067,1
11952,18070,2
11952,18072,4
11952,18075,1
11952,18076,2
11952,18077,3
11952,18083,2
11952,18085,3
11952,18091,4
11952,18094,3
11952,18098,1
11952,18099,2
11952,18103,2
11952,18104,1
11952,18116,4
11952,18119,2
11952,18249,2
11952,18250,3
11952,18257,2
11952,18258,3
11952,18330,4
11952,18331,8
11952,18342,6
11952,18347,2
11952,18349,2
11953,17987,9
11953,17988,2
11953,18005,1
11953,18016,3
11953,18017,2
11953,18018,2
11953,18026,2
11953,18033,1
11953,18036,3
11953,18042,2
11953,18048,1
11953,18055,1
11953,18056,3
11953,18058,3
11953,18063,5
11953,18064,11
11953,18065,24
11953,18066,4
11953,18071,1
11953,18072,1.5
11953,18075,4.5
11953,18076,3
11953,18079,3
11953,18081,2
11953,18088,3
11953,18094,2
11953,18098,5
11953,18100,2
11953,18104,2
11953,18111,2
11953,18112,1
11953,18122,2
11953,18123,4
11953,18124,6
11953,18199,2
11953,18200,3
11953,18202,1
11953,18250,2
11953,18256,2
11953,18257,2
11953,18328,1
11953,18329,3
11953,18330,15.5
11953,18331,12
11953,18335,3
11953,18345,2
11953,18346,5
11953,18352,1
11953,18353,3
11954,17983,2
11954,17987,4
11954,17988,4
11954,17990,2
11954,17994,1
11954,17996,1
11954,18000,1
11954,18019,4
11954,18021,6
11954,18023,1
11954,18024,1
11954,18026,3
11954,18033,3
11954,18046,1
11954,18048,12
11954,18052,1
11954,18056,3
11954,18057,5
11954,18059,2
11954,18061,2
11954,18064,4
11954,18065,9
11954,18066,11
11954,18073,5
11954,18074,7
11954,18075,2
11954,18078,2
11954,18079,2
11954,18088,1
11954,18091,4
11954,18095,5
11954,18097,4
11954,18106,3
11954,18120,1
11954,18122,2
11954,18123,4
11954,18126,2
11954,18132,2
11954,18200,1
11954,18203,9
11954,18260,10
11954,18328,1
11954,18329,2
11954,18330,4
11954,18331,26
11954,18332,2
11954,18333,2
11954,18346,3
11955,17982,4
11955,17984,2
11955,17985,8
11955,17994,3
11955,17995,2
11955,17999,2
11955,18019,4
11955,18022,2
11955,18028,2
11955,18036,6
11955,18037,2
11955,18038,6
11955,18039,6
11955,18041,2
11955,18042,1
11955,18048,2
11955,18054,2
11955,18060,1
11955,18066,2
11955,18067,4
11955,18068,5
11955,18072,2
11955,18073,4
11955,18077,1
11955,18083,2
11955,18087,3
11955,18092,1
11955,18099,1
11955,18100,3
11955,18102,3
11955,18114,1
11955,18118,2
11955,18122,6
11955,18124,3
11955,18126,1
11955,18127,2
11955,18134,3
11955,18203,8
11955,18205,2
11955,18325,2
11955,18329,13
11955,18333,4
11955,18335,3
11955,18345,1
11955,18351,1
11956,17984,3
11956,17990,2
11956,18003,3
11956,18012,2
11956,18013,2
11956,18014,12.5
11956,18015,2
11956,18021,2
11956,18029,2
11956,18042,1
11956,18050,1
11956,18061,2
11956,18063,8
11956,18064,2
11956,18065,4
11956,18066,21
11956,18067,76.5
11956,18068,80
11956,18069,1
11956,18076,2
11956,18097,1
11956,18101,2
11956,18113,1
11956,18117,4
11956,18120,5
11956,18121,5
11956,18130,2
11956,18133,2
11956,18203,1
11956,18204,1.5
11956,18205,4
11956,18329,2
11956,18339,1
11956,18343,3
11956,18351,2
11957,17980,2
11957,17998,4
11957,18014,3
11957,18015,2
11957,18016,4
11957,18020,5
11957,18028,2
11957,18037,4
11957,18042,10.5
11957,18045,2
11957,18048,1
11957,18051,2
11957,18060,3
11957,18061,4
11957,18067,24
11957,18068,128
11957,18069,15
11957,18070,11
11957,18076,1
11957,18077,1
11957,18078,2
11957,18082,5
11957,18083,4
11957,18102,2
11957,18103,3
11957,18106,1
11957,18107,3
11957,18113,2
11957,18114,3
11957,18117,2
11957,18119,1
11957,18120,1
11957,18124,3
11957,18202,1
11957,18203,6
11957,18316,1
11957,18325,1
11957,18341,3
11957,18344,1
11957,18345,2
11958,17981,2
11958,17984,1
11958,17988,3
11958,17999,2
11958,18004,4
11958,18007,2
11958,18013,3
11958,18014,1
11958,18020,2
11958,18021,2
11958,18022,10
11958,18023,2
11958,18024,2
11958,18025,5
11958,18026,5
11958,18030,3
11958,18035,4
11958,18038,6
11958,18042,3
11958,18047,2
11958,18051,11
11958,18053,7
11958,18059,2
11958,18061,1
11958,18065,1
11958,18066,2
11958,18068,22
11958,18069,11
11958,18070,6
11958,18071,23.5
11958,18079,5
11958,18080,4
11958,18081,2
11958,18086,2
11958,18088,5
11958,18090,4
11958,18098,2
11958,18106,1
11958,18107,16
11958,18108,3
11958,18110,1
11958,18202,1
11958,18267,1
11958,18316,2
11958,18317,1
11958,18325,3
11958,18339,2
11958,18344,3
11958,18351,1
11958,18353,1
11959,17989,1
11959,17995,6.5
11959,18009,2
11959,18016,1
11959,18019,1
11959,18022,2
11959,18024,5
11959,18028,1
11959,18033,2
11959,18034,1
11959,18046,3
11959,18047,2
11959,18053,1
11959,18057,6
11959,18058,1
11959,18062,1
11959,18067,1
11959,18071,2
11959,18072,4
11959,18073,1
11959,18075,1
11959,18081,2
11959,18084,4
11959,18087,4
11959,18088,3
11959,18090,2
11959,18092,2
11959,18095,6
11959,18096,3
11959,18107,8
11959,18108,7
11959,18109,2
11959,18111,4
11959,18114,3
11959,18123,2
11959,18127,3
11959,18315,2
11959,18316,2
11959,18338,2
11959,18339,11
11959,18342,6.5
11959,18345,3
11960,17985,3
11960,17987,1
11960,17994,3
11960,17996,2
11960,17997,3
11960,18005,2
11960,18014,3
11960,18015,6
11960,18024,2
11960,18029,2
11960,18035,8
11960,18041,3
11960,18063,4
11960,18068,2
11960,18069,3
11960,18070,2
11960,18071,7
11960,18072,10.5
11960,18073,19
11960,18074,9
11960,18075,12
11960,18079,1
11960,18086,1
11960,18087,2
11960,18090,3
11960,18095,1
11960,18097,2
11960,18102,1
11960,18104,2
11960,18106,7
11960,18108,1
11960,18117,2
11960,18119,1
11960,18131,2
11960,18244,3.5
11960,18246,2
11960,18317,2
11960,18318,1
11960,18319,5
11960,18328,5
11960,18336,2
11960,18347,5
11960,18348,2
11960,18353,3
11961,17988,7
11961,17991,7
11961,17998,1
11961,18001,1
11961,18006,3
11961,18010,5
11961,18011,2
11961,18014,3
11961,18021,3
11961,18023,2
11961,18035,3
11961,18050,3
11961,18057,1
11961,18058,1
11961,18060,4
11961,18061,2
11961,18063,3
11961,18068,4
11961,18071,8
11961,18072,5
11961,18073,6
11961,18074,5
11961,18075,6
11961,18076,14
11961,18077,5
11961,18087,3
11961,18089,3
11961,18091,3
11961,18093,3
11961,18096,2
11961,18101,2
11961,18102,4
11961,18103,3
11961,18106,4
11961,18115,3
11961,18117,4
11961,18124,3
11961,18125,2
11961,18128,2
11961,18245,2
11961,18317,1
11961,18318,5
11961,18319,3
11961,18320,4
11961,18321,2
11961,18346,4
11961,18354,1
11962,17991,2
11962,18000,2
11962,18005,1
11962,18006,1
11962,18029,3
11962,18030,1
11962,18037,2
11962,18038,2
11962,18040,1
11962,18057,2
11962,18060,9.5
11962,18065,3
11962,18066,2
11962,18069,2
11962,18070,5
11962,18071,10
11962,18072,5
11962,18075,4
11962,18076,14
11962,18077,6
11962,18079,1
11962,18090,1
11962,18096,5
11962,18098,6
11962,18101,4
11962,18103,3
11962,18104,1
11962,18105,4
11962,18113,2
11962,18117,4
11962,18118,2
11962,18121,3
11962,18245,3
11962,18317,2
11962,18318,2
11962,18319,12
11962,18345,2
11962,18346,2
11963,18003,1
11963,18010,2
11963,18018,4
11963,18021,3
11963,18030,1
11963,18035,1
11963,18042,2
11963,18060,4
11963,18064,4
11963,18065,7.5
11963,18066,2
11963,18067,1
11963,18069,6
11963,18070,4
11963,18076,7
11963,18079,2
11963,18080,1
11963,18081,3
11963,18087,5
11963,18092,2
11963,18096,2
11963,18119,4
11963,18120,2
11963,18122,1
11963,18126,3
11963,18127,3
11963,18318,7
11963,18338,10
11963,18346,2
11963,18351,2
11964,17988,3
11964,18018,2
11964,18019,5
11964,18026,1
11964,18035,1
11964,18049,2
11964,18051,2
11964,18058,2
11964,18064,3
11964,18065,3
11964,18071,2
11964,18072,2
11964,18074,3
11964,18077,3
11964,18082,9
11964,18083,4
11964,18087,7
11964,18094,1
11964,18102,1
11964,18117,1
11964,18133,3
11964,18318,6
11964,18352,1
11965,17988,2
11965,17997,8
11965,18001,1
11965,18004,1
11965,18008,2
11965,18013,2
11965,18014,2
11965,18026,1
11965,18050,6
11965,18051,7
11965,18061,2
11965,18068,2
11965,18079,2
11965,18082,2
11965,18084,4
11965,18087,3
11965,18123,3
11965,18132,1
11965,18133,2
11965,18339,2
11965,18340,6
11965,18342,9
11966,17997,2
11966,17999,2
11966,18000,8
11966,18028,1
11966,18041,4
11966,18048,2
11966,18049,3
11966,18050,9
11966,18051,2
11966,18056,2
11966,18059,2
11966,18067,2
11966,18068,3
11966,18075,3
11966,18078,2
11966,18079,4
11966,18082,2
11966,18089,4
11966,18104,1
11966,18127,2
11966,18334,2
11966,18337,3
11966,18347,2
11966,18352,4
11967,17986,4
11967,17991,4
11967,17992,2
11967,17993,1
11967,17994,4
11967,17997,8
11967,17998,14.5
11967,17999,8
11967,18006,3
11967,18018,6
11967,18026,1
11967,18041,5
11967,18049,12
11967,18054,4
11967,18055,4
11967,18065,5
11967,18067,4
11967,18068,3
11967,18074,4
11967,18077,1
11967,18081,2
11967,18084,2
11967,18328,2
11967,18338,6
11967,18347,2
11967,18351,2
11968,17988,3
11968,17994,2.5
11968,17995,3
11968,17996,20
11968,17997,22
11968,18002,4
11968,18005,1
11968,18011,3
11968,18028,2
11968,18032,3
11968,18043,2
11968,18044,2
11968,18049,6
11968,18053,4
11968,18054,3
11968,18056,1
11968,18065,7
11968,18069,4
11968,18070,2
11968,18072,5
11968,18074,2
11968,18078,1
11968,18079,2
11968,18086,1
11968,18091,3
11969,17994,9
11969,17996,26
11969,17997,91
11969,17999,2
11969,18005,3
11969,18008,4
11969,18011,2
11969,18012,1
11969,18031,7
11969,18034,4
11969,18041,6
11969,18044,7
11969,18047,1
11969,18050,2
11969,18051,1
11969,18065,1
11969,18067,1
11969,18087,1
11969,18091,2
11969,18335,6
11970,17985,1
11970,17988,1.5
11970,17995,4
11970,17996,16
11970,17997,1
11970,18001,8
11970,18007,3
11970,18025,2
11970,18030,4
11970,18032,2
11970,18033,1
11970,18034,25
11970,18035,1
11970,18037,1
11970,18038,3
11970,18043,2
11970,18050,2
11970,18066,2
11970,18071,2
11970,18075,3
11970,18077,4
11970,18078,1
11970,18089,3
11971,17989,2
11971,17995,4
11971,18006,5
11971,18014,2
11971,18025,1
11971,18026,2
11971,18034,9
11971,18043,3
11971,18062,1
11971,18070,2
11971,18072,1
11971,18073,1
11971,18075,2
11971,18079,2
11971,18088,1
11972,17991,2
11972,18031,2
11972,18046,2
11972,18051,2
11972,18052,1
11972,18055,7
11972,18062,1
11972,18065,1
11972,18076,2
11972,18078,2
11972,18079,2
11972,18080,1
11972,18082,8
11972,18083,7
11973,17999,1
11973,18006,1
11973,18030,2
11973,18039,1
11973,18046,2
11973,18070,2
11973,18071,1
11973,18073,1
11973,18081,1
11973,18082,9
11973,18083,3
11973,18085,6
11974,18001,1
11974,18011,1
11974,18017,2
11974,18019,6
11974,18020,4
11974,18027,1
11974,18032,2
11974,18035,2
11974,18051,5
11974,18058,4
11974,18061,2
11974,18062,1
11974,18063,2
11974,18067,2
11974,18070,2
11974,18072,6
11974,18081,5
11974,18082,4
11974,18083,5
11975,18001,2
11975,18013,1
11975,18016,4
11975,18020,4
11975,18030,1
11975,18032,1
11975,18038,1
11975,18046,6
11975,18047,5
11975,18051,2
11975,18052,1
11975,18059,2
11975,18065,2
11975,18081,2
11975,18082,1
11976,17995,3
11976,17997,2
11976,18009,2
11976,18010,4
11976,18016,2
11976,18018,4
11976,18019,2
11976,18020,1
11976,18021,3
11976,18025,2
11976,18026,3
11976,18036,2
11976,18037,8
11976,18038,4
11976,18050,1
11976,18060,2
11976,18061,5
11976,18062,5
11976,18069,3
11976,18071,2
11976,18085,1
11977,17995,5
11977,18001,4
11977,18009,1
11977,18013,1
11977,18026,2
11977,18028,2
11977,18031,1
11977,18034,6
11977,18048,8
11977,18049,8
11977,18056,7
11977,18070,4
11978,17993,7
11978,17997,2
11978,18002,2
11978,18006,6
11978,18014,7
11978,18022,3
11978,18031,1
11978,18034,3
11978,18036,2
11978,18037,6
11978,18053,6
11978,18060,1
11978,18063,1
11978,18069,1
11978,18070,2
11978,18071,1
11978,18075,1
11978,18083,12
11978,18084,2
11979,18001,1
11979,18003,10
11979,18035,5
11979,18036,7
11979,18049,1
11979,18057,3
11979,18058,4
11979,18059,3
11979,18062,2
11979,18081,4
11979,18082,4
11979,18084,6
11980,17992,3
11980,18001,4
11980,18003,2
11980,18010,2
11980,18029,1
11980,18039,4
11980,18040,1
11980,18050,2
11980,18054,2
11980,18078,1
11981,17993,2
11981,17994,1
11981,18001,1
11981,18012,2
11981,18020,3
11981,18021,1
11981,18022,6
11981,18025,4
11981,18027,2
11981,18049,4
11981,18050,2
11981,18053,2
11981,18058,2
11981,18065,7
11981,18066,27
11981,18067,2
11981,18069,3
11981,18074,1
11981,18075,2
11981,18076,5
11981,18079,2
11981,18080,3
11982,17990,6
11982,18008,2
11982,18009,2
11982,18019,1
11982,18022,4
11982,18037,2
11982,18050,2
11982,18051,1
11982,18054,3
11982,18057,2
11982,18065,5
11982,18066,2
11982,18068,2
11982,18080,2
11982,18081,1
11982,18082,1
11982,18087,2
11983,18020,1
11983,18027,2
11983,18030,3
11983,18042,9.5
11983,18050,4
11983,18051,2
11983,18052,2
11983,18054,5
11983,18055,2
11983,18066,4
11983,18067,2
11983,18088,5
11984,17986,1
11984,17993,1
11984,18003,1
11984,18004,4
11984,18010,2
11984,18017,3
11984,18022,6
11984,18023,3
11984,18041,6
11984,18058,9
11984,18059,1
11984,18065,4
11984,18069,4
11984,18080,1
11984,18087,2
11985,17990,3
11985,17992,1
11985,17993,8
11985,17996,4
11985,18000,2
11985,18002,3
11985,18031,2
11985,18032,2
11985,18041,4
11985,18046,2
11985,18049,3
11985,18064,2.5
11985,18070,3
11985,18071,5
11986,17987,2
11986,17990,2
11986,17994,26
11986,17995,10
11986,17996,3
11986,18002,2
11986,18006,2
11986,18007,7.5
11986,18013,2
11986,18014,4
11986,18026,2
11986,18028,6
11986,18032,5
11986,18042,5
11986,18043,2
11986,18049,1
11986,18052,2
11986,18057,7
11986,18070,1
11986,18079,2
11987,18018,2
11987,18020,2
11987,18026,1
11987,18027,5
11987,18032,2
11987,18037,4
11987,18072,3
11988,17991,3
11988,17992,1
11988,18033,2
11988,18039,6
11988,18052,2
11988,18071,8
11989,17984,1
11989,18014,2
11989,18022,2
11989,18031,1
11989,18043,1
11989,18053,2
11990,18011,3
11990,18012,2
11990,18015,2
11990,18034,5
11990,18035,3
11990,18036,2
11990,18051,2
11991,17973,4
11991,17986,3
11991,17992,1
11991,17998,2
11991,18000,2
11991,18026,2
11991,18029,1
11991,18033,1
11991,18036,4
11991,18043,4
11991,18053,1
11991,18056,3
11992,17977,3
11992,17981,2
11992,17986,5
11992,17988,1
11992,17996,4
11992,18002,10
11992,18003,1
11992,18015,1
11992,18032,2
11992,18033,4
11992,18034,2
11992,18035,2
11992,18045,3
11992,18054,1
11993,17995,2
11993,17998,2
11993,18016,7
11993,18017,1
11993,18034,1
11993,18035,2
11993,18036,2
11993,18052,2
11993,18057,1
11993,18058,2
11994,17990,3
11994,17993,2
11994,18008,2
11994,18012,1
11994,18015,2
11994,18018,4
11994,18043,5
11994,18061,8
11995,17972,8
11995,17975,1
11995,17976,4
11995,17990,2
11995,18011,1
11995,18029,2
11995,18035,1
11995,18053,5.5
11995,18054,1
11995,18056,1
11996,17980,2.5
11996,17982,1
11996,17990,1
11996,17997,3
11996,18005,1
11996,18006,1
11996,18010,1
11996,18011,1
11996,18031,1
11996,18032,6
11996,18037,4
11996,18038,1
11996,18039,4
11996,18053,6
11996,18054,8
11996,18055,1
11996,18056,5
11996,18058,2
11997,17972,1
11997,17974,6
11997,17977,2
11997,17985,3
11997,17997,6
11997,18013,2
11997,18015,5
11997,18016,3
11997,18017,1
11997,18020,4
11997,18030,1
11997,18039,1
11997,18041,5
11997,18047,2
11997,18055,3
11997,18058,1
11998,17978,2
11998,17980,9
11998,17981,9
11998,17994,4
11998,17995,5
11998,18000,4
11998,18002,7
11998,18003,2
11998,18004,4
11998,18011,2
11998,18016,6
11998,18018,2
11998,18024,2
11998,18036,1
11998,18038,5
11998,18056,1
11998,18059,1
11999,17966,5
11999,17968,3
11999,17980,1
11999,17981,6
11999,17989,4
11999,17994,1
11999,17995,4
11999,17998,2
11999,18018,1
11999,18021,1
11999,18024,5
11999,18025,3
11999,18029,7
11999,18048,10
11999,18058,2
11999,18059,2
12000,17974,3
12000,17976,9
12000,17989,7
12000,17990,7
12000,17993,2
12000,17994,3
12000,18025,13
12000,18026,6
12000,18027,7.5
12000,18030,2
12000,18039,4
12000,18053,7
12000,18054,3
12000,18056,1
12000,18057,2
12000,18059,2
12001,17970,3
12001,17972,5
12001,17975,2
12001,17976,3
12001,17978,2
12001,17985,1
12001,17986,3
12001,17987,2
12001,17992,1
12001,17993,6
12001,17994,6
12001,17995,4.5
12001,17996,2
12001,18023,3
12001,18028,4
12001,18029,6
12001,18030,6
12001,18031,3
12001,18033,5
12001,18034,1
12001,18036,5
12001,18052,3
12001,18053,1
12001,18058,3
12002,17967,5
12002,17969,4
12002,17970,3
12002,17972,20
12002,17973,41
12002,17974,6
12002,17975,3
12002,17978,2
12002,17979,2
12002,17989,3
12002,17992,6
12002,17993,6
12002,17994,32.5
12002,17995,34
12002,17996,6.5
12002,17999,4
12002,18003,4
12002,18004,6
12002,18017,1
12002,18024,2
12002,18029,1
12002,18036,2
12002,18041,7
12002,18051,2
12002,18058,5
12003,17973,10
12003,17975,6
12003,17993,9
12003,17994,6
12003,17995,24
12003,17996,5
12003,18004,1
12003,18009,6
12003,18028,4
12003,18039,3
12003,18042,1
12004,17973,3
12004,17991,4
12004,17992,1
12004,17994,10
12004,17995,3
12004,17996,3
12004,18009,7
12004,18013,4
12004,18016,2
12004,18019,2
12004,18042,9
12004,18043,6
12004,18049,8
12004,18051,2
12004,18059,5
12004,18060,2
12005,17971,5
12005,17972,9
12005,17982,4
12005,17993,1
12005,17995,2
12005,17996,3
12005,17999,1
12005,18012,2
12005,18020,4
12005,18024,3
12005,18026,3
12005,18041,2
12005,18042,4
12005,18048,2
12005,18049,1
12005,18050,6
12005,18052,4
12005,18059,3
12005,18060,3
12006,17970,3
12006,17971,2
12006,17974,2
12006,17978,1
12006,17979,1
12006,17982,2
12006,17983,7
12006,17991,1
12006,18000,9
12006,18014,2.5
12006,18015,1
12006,18016,4
12006,18020,4
12006,18023,1
12006,18025,4
12006,18026,9
12006,18027,11.5
12006,18028,4
12006,18042,2
12006,18043,2
12006,18048,2
12006,18050,3
12006,18054,1
12006,18059,1
12007,17974,3
12007,17975,5
12007,17981,2
12007,17984,1
12007,17996,4
12007,17999,2
12007,18000,4
12007,18002,1
12007,18003,3
12007,18004,2
12007,18012,1
12007,18014,3
12007,18019,1
12007,18022,24
12007,18023,52
12007,18024,3
12007,18025,10
12007,18026,19
12007,18027,3
12007,18028,3
12007,18041,1
12007,18054,3
12007,18060,2
12008,17978,3
12008,17989,2
12008,17996,4
12008,17998,1
12008,17999,4
12008,18002,1
12008,18004,4
12008,18010,3
12008,18012,2
12008,18017,2
12008,18022,10
12008,18023,10
12008,18024,36
12008,18025,21.5
12008,18026,15
12008,18029,2
12008,18033,1
12008,18038,5
12008,18047,3
12008,18051,1
12008,18057,2
12009,17971,2
12009,17975,4
12009,17983,7
12009,18004,7
12009,18007,4
12009,18016,1
12009,18024,3
12009,18025,68.5
12009,18026,40
12009,18030,2
12009,18044,4
12009,18048,2
12010,17973,4
12010,17986,2
12010,17989,5
12010,18000,4
12010,18008,3
12010,18021,2
12010,18024,1
12010,18025,63.5
12010,18026,8
12010,18027,3.5
12010,18028,8
12010,18029,1
12010,18031,5
12010,18042,2
12010,18043,3
12010,18044,2.5
12011,17978,1
12011,17979,3.5
12011,17998,3
12011,18000,2
12011,18025,29.5
12011,18026,5
12011,18028,4
12011,18031,5
12011,18032,2
12011,18037,5
12011,18044,1
12011,18045,4
12012,17974,2
12012,17981,3
12012,17983,3
12012,17992,1
12012,18007,2
12012,18009,4
12012,18014,2
12012,18020,2
12012,18022,1
12012,18023,1
12012,18025,10
12012,18026,4
12012,18029,2
12012,18032,2
12012,18033,2
12012,18035,5
12013,17974,1
12013,17989,2
12013,17990,2
12013,18000,2
12013,18002,2
12013,18011,2
12013,18021,4
12013,18022,4
12013,18024,3
12013,18034,2
12013,18037,4
12013,18044,2
12013,18047,1
12014,17979,6
12014,17981,2
12014,17987,2
12014,17999,2
12014,18002,2
12014,18012,1
12014,18020,1
12014,18021,2
12014,18024,3
12014,18025,6
12014,18026,5
12015,17981,9
12015,17982,2
12015,17993,2
12015,17997,2
12015,17999,1
12015,18006,1
12015,18015,7
12015,18021,2.5
12015,18022,7
12015,18023,1
12015,18024,6
12016,17983,2
12016,17985,4
12016,17992,5
12016,18014,6
12016,18016,3
12016,18018,2
12016,18020,2
12016,18021,10
12016,18022,4
12016,18023,5
12016,18024,2
12016,18028,2
12016,18036,3
12016,18037,3
12016,18038,4
12017,18004,3
12017,18005,2
12017,18006,4
12017,18007,2
12017,18008,3
12017,18016,2
12017,18019,1
12017,18027,2
12017,18033,4
12017,18047,2
12017,18056,1
12018,17983,2
12018,17987,1
12018,17990,3.5
12018,17994,2
12018,18000,2
12018,18009,4
12018,18022,4
12018,18024,3
12018,18025,4
12018,18031,4
12018,18037,2
12018,18049,1
12019,17987,1
12019,17988,4
12019,17989,1
12019,17993,2
12019,17995,2
12019,18006,3
12019,18008,2
12019,18021,4
12019,18023,1
12019,18024,4
12019,18048,15
12019,18052,2
12020,17981,1
12020,17996,2
12020,18017,3
12020,18018,1
12020,18022,2
12020,18024,2
12020,18042,2
12020,18047,6
12020,18048,8
12020,18049,4
12021,17991,1.5
12021,18000,1
12021,18024,1
12021,18026,2
12021,18047,10
12021,18049,12
12022,17979,2
12022,17992,2
12022,18003,2
12022,18013,5
12022,18031,4
12022,18048,2
12022,18049,4
12023,17978,1
12023,17980,2
12023,17988,2
12023,18009,2
12023,18010,2
12024,17983,7
12024,17987,1
12024,17988,2
12024,17990,4
12024,18001,2
12024,18049,2
12024,18071,1
12025,17989,1
12025,17992,2
12025,18049,3
12025,18064,1
12026,17981,4
12026,17983,3
12026,17985,2
12026,17987,2
12026,17988,6
12026,17989,16
12026,17991,3
12026,17993,1
12026,17995,2
12026,18018,1
12026,18020,2
12026,18065,4
12026,18074,2
12027,17983,2
12027,17988,4
12027,17989,13
12027,17990,4
12027,18052,8
12027,18053,1
12027,18055,4
12027,18064,3
12027,18065,3
12028,17980,4
12028,17981,2
12028,17988,1
12028,17989,1
12028,17990,2
12028,17991,3
12028,17994,1
12028,18047,5
12028,18051,2
12028,18057,2
12028,18060,2
12028,18064,3
12028,18074,1
12029,17980,1
12029,17990,1
12029,18054,4
12029,18059,5
12030,17981,2
12030,17984,3
12030,17988,2
12030,17989,4
12030,18061,1
12031,17985,2
12031,17986,5
12031,17988,2
12031,17992,3
12032,17978,2
12032,17979,3
12032,17982,4
12032,17984,1
12032,17987,1
12032,17990,2
12032,18065,6.5
12033,17981,3
12033,17982,2
12033,17988,6
12033,17989,2
12033,17990,3.5
12034,17979,3
12034,17980,6
12034,17981,2
12034,17990,1
12035,17979,1
12035,17980,1
12035,17981,2
12035,17983,5
12035,17986,4
12035,17987,2
12036,17979,8
12036,17988,1
12036,17989,2
12037,17979,13
12038,17980,11
12038,17987,2
12038,17989,3
