n,e,ind
11081,20053,6.5
11084,20052,1
11087,20052,2
11087,20057,1
11089,20050,25
11089,20052,19
11089,20053,12
11089,20054,2
11090,20051,5
11090,20052,27
11090,20053,43.5
11090,20054,77
11091,20050,12
11091,20051,7
11091,20052,16
11091,20053,37.5
11091,20054,6
11091,20127,2
11092,20045,5
11092,20050,3
11092,20126,6
11093,20130,1
11094,20148,7
11095,20068,1
11095,20148,16
11095,20149,7
11095,20150,8
11096,20148,15
11096,20149,14
11096,20150,21
11097,20148,4
11097,20149,5
11097,20150,20
11098,20150,2
11106,20032,4
11107,20032,8
11107,20033,14
11107,20034,21
11108,20029,4
11108,20030,20
11108,20031,5
11108,20032,8.5
11108,20033,8
11108,20034,24
11108,20035,2
11108,20036,1
11109,20027,7
11109,20028,11
11109,20029,12
11109,20030,15
11109,20031,8
11109,20032,4
11109,20033,11
11110,20022,2
11110,20027,5
11110,20029,25
11110,20030,20
11110,20031,27
11110,20032,14.5
11110,20033,4
11110,20035,1
11111,20019,2
11111,20020,1
11111,20021,1
11111,20022,5
11111,20027,25.5
11111,20029,26
11111,20030,58
11111,20031,15
11111,20032,4
11112,20016,5
11112,20018,14
11112,20019,15.5
11112,20020,8.5
11112,20021,7
11112,20022,13
11112,20023,4
11112,20024,1
11112,20027,3
11112,20028,15
11112,20029,31
11112,20030,41
11112,20031,35
11113,20013,8
11113,20014,16
11113,20015,29
11113,20016,16
11113,20017,37.5
11113,20018,33
11113,20019,25
11113,20020,34
11113,20021,44
11113,20022,21
11113,20023,18
11113,20024,95
11113,20025,28
11113,20026,1
11113,20027,291
11113,20028,242.5
11113,20029,8
11113,20030,9
11113,20031,3
11114,20010,42
11114,20011,5
11114,20013,7
11114,20014,15
11114,20015,40
11114,20016,73.5
11114,20017,47.5
11114,20018,22
11114,20019,2
11114,20020,7
11114,20021,24
11114,20022,42
11114,20023,23
11114,20024,67.5
11114,20025,24
11114,20026,3
11114,20027,58
11114,20028,54
11114,20029,16
11114,20030,14
11114,20031,46
11115,20013,10
11115,20014,14
11115,20015,5.5
11115,20022,5
11115,20023,8.5
11115,20024,9
11115,20025,12.5
11115,20026,1
11115,20028,26
11115,20029,73
11115,20030,25.5
11116,20026,5
11116,20027,8
11116,20030,19
11117,20030,25.5
11117,20031,11
11118,20031,25
11118,20032,36
11119,20031,25
11119,20032,24
11120,20032,3.5
11121,20032,2
11123,20032,4
11124,20031,10
11124,20032,41
11125,20032,53.5
11125,20033,1
11126,20032,71
11126,20033,4
11127,20032,100
11127,20033,15
11128,20032,68.5
11128,20033,8
11129,20033,1
11131,20032,13
11131,20033,12
11131,20034,10
11132,19898,2
11132,19899,2
11132,20032,24
11132,20033,51
11132,20034,49
11133,19897,2
11133,19898,10
11133,19899,2
11133,20033,53.5
11133,20034,29
11134,19897,4
11134,19898,20
11134,19899,28
11134,19900,1
11134,19919,2
11134,19935,15
11134,19936,71
11134,19937,40.5
11134,20033,8
11134,20034,1
11134,20035,12
11135,19897,10
11135,19898,20
11135,19899,4
11135,19900,3
11135,19902,8
11135,19903,6
11135,19917,3
11135,19918,26
11135,19919,19
11135,19934,35
11135,19935,40
11135,19936,80.5
11135,19937,33
11135,19940,2
11135,20035,25
11136,19895,22
11136,19897,8
11136,19898,13
11136,19899,9.5
11136,19900,1
11136,19901,5
11136,19902,7
11136,19903,3
11136,19904,2
11136,19917,36
11136,19918,60.5
11136,19919,50.5
11136,19920,29
11136,19921,36
11136,19922,5
11136,19934,71
11136,19935,92
11136,19936,116
11136,19937,162.5
11136,19941,2
11136,19943,10.5
11136,19944,22
11136,19945,52
11136,19946,13.5
11136,20023,9
11136,20024,4
11136,20035,144.5
11137,19890,3
11137,19892,4
11137,19893,4
11137,19895,11
11137,19896,6
11137,19897,10
11137,19898,12
11137,19899,11
11137,19900,15
11137,19901,14
11137,19913,2
11137,19914,2
11137,19915,5
11137,19917,15
11137,19918,30.5
11137,19919,76
11137,19920,58
11137,19921,77
11137,19922,35.5
11137,19923,2
11137,19934,18
11137,19935,164
11137,19936,326.5
11137,19937,74
11137,19941,13
11137,19942,132
11137,19943,137
11137,19944,169.5
11137,19945,64.5
11137,19946,12
11137,20020,3
11137,20021,19
11137,20022,8
11137,20023,9
11137,20024,17
11137,20025,2
11137,20033,30
11137,20034,108
11137,20035,236.5
11137,20036,135.5
11137,20119,1
11137,20121,1
11137,20123,4
11138,19887,1
11138,19888,17
11138,19889,3
11138,19890,2
11138,19891,24
11138,19892,22
11138,19893,8
11138,19894,13
11138,19895,51
11138,19896,6
11138,19897,2
11138,19899,5
11138,19900,19
11138,19901,14
11138,19902,15
11138,19903,2
11138,19912,4.5
11138,19913,42
11138,19919,1
11138,19920,75
11138,19921,77
11138,19922,88
11138,19923,49
11138,19924,37
11138,19925,2
11138,19931,22.5
11138,19934,159.5
11138,19935,229
11138,19936,128.5
11138,19937,85.5
11138,19938,19
11138,19940,19
11138,19941,65
11138,19942,188
11138,19943,193.5
11138,19944,8
11138,19945,53.5
11138,19946,15
11138,19986,4
11138,19987,34
11138,19988,22
11138,19990,13
11138,19991,6
11138,19992,2
11138,19993,2
11138,19994,2
11138,19995,1
11138,20021,20
11138,20022,13
11138,20023,26
11138,20024,6
11138,20025,28.5
11138,20026,16
11138,20027,5
11138,20035,167
11138,20036,135.5
11138,20108,4
11138,20113,3
11138,20115,1
11138,20119,1
11138,20120,2
11138,20121,3
11139,19889,6
11139,19890,35
11139,19891,45
11139,19892,19.5
11139,19893,66
11139,19894,55.5
11139,19895,49.5
11139,19896,6
11139,19897,6
11139,19898,10
11139,19899,19.5
11139,19900,7
11139,19901,6
11139,19902,10
11139,19910,2
11139,19911,6
11139,19912,31
11139,19913,71
11139,19914,46
11139,19915,22
11139,19919,8
11139,19920,107.5
11139,19921,104.5
11139,19922,52
11139,19923,105.5
11139,19924,164
11139,19925,21
11139,19931,55
11139,19932,23.5
11139,19933,7
11139,19935,20
11139,19936,36
11139,19937,2
11139,19939,31
11139,19940,59.5
11139,19941,103
11139,19942,103
11139,19943,129
11139,19944,30
11139,19945,357.5
11139,19946,79
11139,19982,2
11139,19985,3
11139,19986,3
11139,19987,2
11139,19990,4
11139,19992,5
11139,19993,1
11139,19994,3
11139,19995,14
11139,19996,8
11139,19998,1
11139,19999,4
11139,20000,3
11139,20012,8
11139,20013,23
11139,20014,25
11139,20015,25
11139,20016,8
11139,20017,2
11139,20019,39
11139,20021,36
11139,20022,6
11139,20023,14
11139,20024,25
11139,20025,12
11139,20026,1
11139,20027,7
11139,20031,3
11139,20035,4
11139,20036,69.5
11139,20037,5
11139,20118,1
11139,20120,1
11140,19889,24
11140,19890,40
11140,19891,96
11140,19892,126.5
11140,19893,31
11140,19894,47
11140,19895,89.5
11140,19896,76
11140,19897,43.5
11140,19898,40
11140,19899,54
11140,19900,20
11140,19901,3
11140,19902,27
11140,19903,3
11140,19910,6
11140,19911,13.5
11140,19912,25
11140,19913,45.5
11140,19914,50.5
11140,19915,56.5
11140,19920,72
11140,19921,109
11140,19922,145
11140,19923,340.5
11140,19924,146
11140,19925,130
11140,19926,34
11140,19927,5
11140,19931,130
11140,19932,85.5
11140,19933,43.5
11140,19935,3
11140,19939,45
11140,19940,133
11140,19941,50.5
11140,19942,38.5
11140,19943,74.5
11140,19944,18.5
11140,19946,8
11140,19979,5
11140,19980,29
11140,19981,15.5
11140,19982,52.5
11140,19983,8
11140,19984,3
11140,19992,3
11140,19993,9
11140,19994,8
11140,19995,11
11140,19996,17
11140,19997,11
11140,19998,14
11140,19999,14
11140,20000,42
11140,20001,8
11140,20010,5
11140,20011,41
11140,20012,41
11140,20013,34.5
11140,20014,34
11140,20015,41
11140,20016,47
11140,20017,12
11140,20018,4
11140,20020,10
11140,20021,5
11140,20022,20.5
11140,20024,5
11140,20025,8
11140,20026,3
11140,20027,6
11140,20028,2
11140,20029,5
11140,20031,4
11140,20037,2
11140,20105,4
11140,20117,2
11140,20118,4
11140,20120,1
11140,20121,2
11141,19891,36
11141,19892,114.5
11141,19893,120.5
11141,19894,56
11141,19895,92
11141,19896,103
11141,19897,60
11141,19898,54.5
11141,19899,22
11141,19900,1
11141,19901,3
11141,19903,3
11141,19904,2
11141,19907,4
11141,19908,2
11141,19910,14
11141,19911,5
11141,19912,51
11141,19913,77
11141,19914,76.5
11141,19915,74
11141,19918,4
11141,19919,48
11141,19920,101.5
11141,19921,142.5
11141,19922,165
11141,19923,492.5
11141,19924,211.5
11141,19925,337.5
11141,19926,138.5
11141,19927,183.5
11141,19928,161
11141,19929,45.5
11141,19930,52
11141,19939,3
11141,19940,65.5
11141,19942,34
11141,19943,168
11141,19946,3
11141,19979,1
11141,19980,35
11141,19981,88.5
11141,19982,14
11141,19983,16
11141,19985,2
11141,19993,9
11141,19994,4
11141,19995,13
11141,19997,16
11141,19998,11
11141,19999,16
11141,20000,27
11141,20001,56
11141,20002,53
11141,20003,31
11141,20005,4
11141,20006,10
11141,20007,13
11141,20008,11
11141,20009,6.5
11141,20010,14.5
11141,20011,27
11141,20012,25
11141,20013,31
11141,20014,23
11141,20015,34.5
11141,20016,28
11141,20017,32
11141,20018,41
11141,20019,3
11141,20020,16
11141,20021,26.5
11141,20022,50.5
11141,20023,59
11141,20024,57.5
11141,20025,4
11141,20026,15
11141,20027,36
11141,20028,9
11141,20029,1
11141,20031,8
11141,20116,1
11141,20118,4
11141,20119,10
11142,19892,71
11142,19893,119.5
11142,19894,58
11142,19895,82
11142,19896,73
11142,19897,75.5
11142,19898,65.5
11142,19899,51
11142,19900,39
11142,19901,2
11142,19902,14
11142,19903,10
11142,19904,6
11142,19905,8
11142,19907,12
11142,19908,7
11142,19909,17
11142,19910,22
11142,19911,3
11142,19912,73
11142,19913,106.5
11142,19914,145
11142,19915,67.5
11142,19916,19
11142,19917,29
11142,19918,23
11142,19919,93.5
11142,19920,99.5
11142,19921,117
11142,19922,129.5
11142,19923,118
11142,19924,138.5
11142,19925,212
11142,19926,189
11142,19927,180.5
11142,19928,163
11142,19929,89
11142,19938,6
11142,19940,11
11142,19944,2
11142,19981,24
11142,19982,56
11142,19983,58
11142,19984,35
11142,19985,48
11142,19986,11.5
11142,19994,2
11142,19995,13
11142,19996,7
11142,19997,9.5
11142,19998,9
11142,19999,10
11142,20000,67.5
11142,20001,97
11142,20002,112
11142,20003,164.5
11142,20004,144
11142,20005,54.5
11142,20006,129
11142,20007,145
11142,20008,5.5
11142,20009,43.5
11142,20010,17
11142,20011,24
11142,20012,31
11142,20013,53
11142,20014,35.5
11142,20015,22
11142,20016,25
11142,20017,15
11142,20018,15
11142,20019,22
11142,20020,43
11142,20021,20.5
11142,20022,122
11142,20023,76.5
11142,20024,83
11142,20025,49
11142,20026,3
11142,20027,5
11142,20028,1
11142,20029,16
11142,20117,3
11142,20118,1.5
11142,20119,6
11142,20120,3.5
11142,20122,2
11143,19893,93
11143,19894,59.5
11143,19895,38
11143,19896,49.5
11143,19897,68
11143,19898,72
11143,19899,76
11143,19900,53
11143,19901,42
11143,19902,25.5
11143,19903,7
11143,19904,4
11143,19905,11
11143,19906,15
11143,19907,23.5
11143,19908,5
11143,19909,22
11143,19910,31
11143,19911,18
11143,19912,66
11143,19913,114
11143,19914,89.5
11143,19915,143
11143,19916,108
11143,19917,120.5
11143,19918,94
11143,19919,74
11143,19920,107
11143,19921,87
11143,19922,298.5
11143,19923,184.5
11143,19924,137
11143,19925,145
11143,19926,250.5
11143,19927,129.5
11143,19928,324
11143,19929,108
11143,19930,8
11143,19982,46.5
11143,19983,45.5
11143,19984,37
11143,19985,59
11143,19986,57
11143,19987,14
11143,19995,8
11143,19996,24
11143,19997,16.5
11143,19998,8.5
11143,19999,18
11143,20000,40
11143,20001,127.5
11143,20002,114.5
11143,20003,184
11143,20004,108
11143,20005,179.5
11143,20006,77.5
11143,20008,2
11143,20009,27
11143,20010,10
11143,20011,15
11143,20012,56
11143,20013,42
11143,20014,23
11143,20015,35
11143,20016,38
11143,20017,31.5
11143,20018,27
11143,20019,31
11143,20020,18.5
11143,20022,53.5
11143,20023,88
11143,20024,101
11143,20025,90
11143,20026,17
11143,20027,8
11143,20028,13
11143,20029,5
11143,20030,3
11143,20114,2
11143,20116,1
11143,20117,1
11143,20118,4
11143,20119,2
11143,20121,7
11143,20122,1
11144,19893,30
11144,19894,41
11144,19895,72
11144,19896,65
11144,19897,41
11144,19898,49
11144,19899,65.5
11144,19900,84.5
11144,19901,124.5
11144,19902,62.5
11144,19903,78
11144,19904,5
11144,19905,34.5
11144,19906,34.5
11144,19907,55.5
11144,19908,59
11144,19909,6
11144,19910,12
11144,19911,60.5
11144,19912,122
11144,19913,120.5
11144,19914,134
11144,19915,125
11144,19916,126.5
11144,19917,77.5
11144,19918,73
11144,19919,86
11144,19920,96
11144,19921,131
11144,19922,127
11144,19923,194.5
11144,19924,364
11144,19925,280
11144,19926,395
11144,19927,237.5
11144,19928,230
11144,19929,40
11144,19930,236
11144,19982,27
11144,19983,92.5
11144,19984,57
11144,19985,75
11144,19986,56.5
11144,19987,15
11144,19988,4
11144,19995,4
11144,19996,15
11144,19997,37
11144,19998,13.5
11144,19999,8
11144,20000,362.5
11144,20001,160.5
11144,20002,133
11144,20003,154.5
11144,20004,74
11144,20005,302
11144,20006,26
11144,20012,33
11144,20013,51
11144,20014,26
11144,20015,17
11144,20016,11
11144,20017,18
11144,20018,45.5
11144,20019,45
11144,20020,5
11144,20022,7
11144,20023,19
11144,20024,55
11144,20025,77
11144,20026,30
11144,20027,2
11144,20028,16
11144,20039,2
11144,20040,1
11144,20106,2
11144,20107,7
11144,20116,3
11144,20117,13
11144,20118,1
11144,20120,7
11144,20122,4
11145,19893,52
11145,19894,62
11145,19895,60.5
11145,19896,60
11145,19897,57
11145,19898,26
11145,19899,31
11145,19900,192.5
11145,19901,77
11145,19902,73
11145,19903,48
11145,19904,41
11145,19905,61
11145,19906,110
11145,19907,122.5
11145,19908,94.5
11145,19909,57
11145,19910,4
11145,19911,28
11145,19912,124.5
11145,19913,143
11145,19914,77.5
11145,19915,76.5
11145,19916,60
11145,19917,84.5
11145,19918,30
11145,19919,74.5
11145,19920,79.5
11145,19921,62
11145,19922,105.5
11145,19923,175
11145,19924,545.5
11145,19925,123
11145,19926,28.5
11145,19927,227
11145,19928,409.5
11145,19929,316
11145,19930,38
11145,19983,80.5
11145,19984,54.5
11145,19985,62
11145,19986,24
11145,19987,14
11145,19988,18
11145,19989,5
11145,19994,5
11145,19995,6
11145,19996,22
11145,19997,54.5
11145,19998,35
11145,19999,37
11145,20000,139
11145,20001,55
11145,20002,230
11145,20003,256.5
11145,20004,78
11145,20005,28
11145,20006,43
11145,20007,40.5
11145,20012,3
11145,20013,16
11145,20014,39
11145,20015,9
11145,20016,21
11145,20017,22.5
11145,20018,28
11145,20019,3
11145,20022,2
11145,20023,44.5
11145,20024,22.5
11145,20025,51
11145,20026,66
11145,20027,33.5
11145,20028,3
11145,20031,7
11145,20040,11
11145,20041,31
11145,20106,13
11145,20107,9
11145,20108,1
11145,20118,4
11145,20119,4
11146,19893,19
11146,19894,53.5
11146,19895,107
11146,19896,61
11146,19897,29
11146,19898,55
11146,19899,82
11146,19900,87.5
11146,19901,86
11146,19902,81.5
11146,19903,81
11146,19904,59.5
11146,19905,68
11146,19906,134
11146,19907,183.5
11146,19908,84.5
11146,19909,104
11146,19910,59
11146,19911,91
11146,19912,162.5
11146,19913,110
11146,19914,47
11146,19915,59.5
11146,19916,62
11146,19917,181.5
11146,19918,43
11146,19919,71
11146,19920,85.5
11146,19921,57
11146,19922,169.5
11146,19923,233
11146,19924,69.5
11146,19925,118.5
11146,19926,69.5
11146,19927,77
11146,19928,41.5
11146,19929,177
11146,19930,210
11146,19931,75.5
11146,19982,11
11146,19983,105.5
11146,19984,80.5
11146,19985,15
11146,19986,8
11146,19987,27.5
11146,19988,7
11146,19989,1
11146,19990,12
11146,19991,5
11146,19996,13
11146,19997,7
11146,19998,4
11146,19999,17
11146,20000,61
11146,20001,207
11146,20002,155
11146,20003,191.5
11146,20004,71
11146,20005,85.5
11146,20006,93
11146,20007,60.5
11146,20008,30
11146,20009,2
11146,20012,6
11146,20013,21
11146,20014,10
11146,20015,14
11146,20016,28
11146,20017,24
11146,20018,4
11146,20019,62
11146,20021,2
11146,20023,26.5
11146,20024,3
11146,20025,49.5
11146,20026,154.5
11146,20027,35.5
11146,20028,23
11146,20029,1
11146,20040,5
11146,20041,38.5
11146,20042,20
11146,20107,9
11146,20113,2
11146,20114,3
11146,20115,1
11146,20117,19
11146,20118,11
11146,20119,7
11147,19894,44
11147,19895,117.5
11147,19896,89
11147,19897,84
11147,19898,84
11147,19899,75
11147,19900,58
11147,19901,94
11147,19902,94
11147,19903,51
11147,19904,92.5
11147,19905,174
11147,19906,159
11147,19907,148
11147,19908,93
11147,19909,193.5
11147,19910,169
11147,19911,114
11147,19912,118
11147,19913,48.5
11147,19914,62
11147,19915,56
11147,19916,27
11147,19917,48
11147,19918,64
11147,19919,79
11147,19920,73
11147,19921,96.5
11147,19922,89
11147,19923,121
11147,19924,119.5
11147,19925,75
11147,19926,111.5
11147,19927,100
11147,19928,104.5
11147,19929,76
11147,19930,242
11147,19931,68.5
11147,19932,1
11147,19982,11.5
11147,19983,48.5
11147,19984,12
11147,19985,3
11147,19986,2
11147,19988,3
11147,19989,12.5
11147,19990,7
11147,19991,2
11147,19993,6
11147,19994,2
11147,19995,4
11147,19996,5
11147,19997,16
11147,19998,7
11147,19999,4
11147,20000,50
11147,20001,148.5
11147,20002,151
11147,20003,36.5
11147,20004,63.5
11147,20005,82.5
11147,20006,77.5
11147,20007,15
11147,20008,27
11147,20009,19
11147,20010,8
11147,20014,11
11147,20016,16
11147,20017,24
11147,20018,69
11147,20019,79
11147,20020,22.5
11147,20021,3
11147,20022,65.5
11147,20023,7
11147,20024,3
11147,20025,81
11147,20026,196
11147,20027,29
11147,20028,1
11147,20029,7
11147,20032,3
11147,20034,2
11147,20040,1
11147,20041,12
11147,20042,13
11147,20043,18
11147,20044,7
11147,20113,3
11147,20115,4
11148,19894,15
11148,19895,80.5
11148,19896,95.5
11148,19897,60
11148,19898,38
11148,19899,70
11148,19900,113
11148,19901,101.5
11148,19902,51
11148,19903,147.5
11148,19904,103
11148,19905,331.5
11148,19906,163
11148,19907,218
11148,19908,278.5
11148,19909,165.5
11148,19910,400.5
11148,19911,134.5
11148,19912,139.5
11148,19913,68
11148,19914,46
11148,19915,74
11148,19916,12
11148,19917,61.5
11148,19918,147.5
11148,19919,106
11148,19920,89.5
11148,19921,91.5
11148,19922,112.5
11148,19923,186
11148,19924,159
11148,19925,44
11148,19926,63.5
11148,19927,281
11148,19928,126.5
11148,19929,14
11148,19930,90
11148,19931,98
11148,19932,63
11148,19933,11
11148,19934,1
11148,19935,22
11148,19983,17
11148,19984,15
11148,19985,7
11148,19986,6
11148,19987,11
11148,19988,12
11148,19989,17
11148,19993,3
11148,19994,10
11148,19995,7
11148,19996,17
11148,19997,4
11148,19998,2
11148,19999,7.5
11148,20000,150.5
11148,20001,67
11148,20002,145.5
11148,20003,34
11148,20004,51
11148,20005,107.5
11148,20006,60
11148,20007,25
11148,20008,7
11148,20009,25
11148,20010,29
11148,20011,6
11148,20017,5
11148,20018,42.5
11148,20019,112
11148,20020,81
11148,20021,28
11148,20022,73.5
11148,20023,75
11148,20024,63
11148,20025,165.5
11148,20026,29
11148,20027,12
11148,20028,6
11148,20029,7
11148,20031,11
11148,20032,15
11148,20033,8
11148,20034,15
11148,20035,3
11148,20042,34
11148,20043,92.5
11148,20044,50.5
11148,20101,2
11148,20102,5
11148,20113,5
11148,20114,13
11148,20115,2
11148,20117,9
11148,20119,1
11149,19894,13
11149,19895,56.5
11149,19896,17
11149,19897,69
11149,19898,74.5
11149,19899,60
11149,19900,84.5
11149,19901,71
11149,19902,366.5
11149,19903,117
11149,19904,135
11149,19905,527.5
11149,19906,72.5
11149,19907,620
11149,19908,307
11149,19909,371.5
11149,19910,183
11149,19911,165.5
11149,19912,100
11149,19913,115
11149,19914,31
11149,19915,72
11149,19916,89.5
11149,19917,97
11149,19918,118
11149,19919,84
11149,19920,79
11149,19921,112.5
11149,19922,103
11149,19923,120
11149,19924,201.5
11149,19925,124
11149,19926,136
11149,19927,211.5
11149,19928,30
11149,19929,1
11149,19931,33
11149,19932,280.5
11149,19933,308.5
11149,19934,51.5
11149,19935,13
11149,19936,8
11149,19979,6
11149,19980,12
11149,19981,13
11149,19982,37.5
11149,19983,19
11149,19984,7
11149,19985,29
11149,19986,60
11149,19987,30
11149,19988,27
11149,19989,1
11149,19990,5
11149,19992,6
11149,19993,2
11149,19994,1
11149,19995,4
11149,19996,5
11149,19997,2
11149,19998,4
11149,19999,16
11149,20000,44
11149,20001,55
11149,20002,77.5
11149,20003,64
11149,20004,20
11149,20005,64
11149,20006,47
11149,20007,11
11149,20008,8
11149,20009,33.5
11149,20010,18
11149,20019,172
11149,20020,70
11149,20021,50
11149,20022,19
11149,20023,48
11149,20024,39
11149,20025,50
11149,20026,2
11149,20027,15
11149,20028,7
11149,20029,3
11149,20030,12
11149,20031,3
11149,20032,13
11149,20033,13
11149,20042,36
11149,20043,89
11149,20044,116.5
11149,20045,24
11149,20113,2
11149,20114,2
11149,20115,4
11149,20116,4
11149,20117,2
11149,20118,20
11149,20119,6
11149,20120,6.5
11150,19895,30
11150,19896,44
11150,19897,90
11150,19898,66.5
11150,19899,50
11150,19900,71.5
11150,19901,60
11150,19902,45
11150,19903,131
11150,19904,347.5
11150,19905,485.5
11150,19906,447
11150,19907,175.5
11150,19908,93
11150,19909,170.5
11150,19910,108
11150,19911,198
11150,19912,146
11150,19913,107.5
11150,19914,46
11150,19915,72
11150,19916,114
11150,19917,89
11150,19918,63
11150,19919,96.5
11150,19920,100
11150,19921,110
11150,19922,89.5
11150,19923,33
11150,19924,234
11150,19925,301
11150,19926,292
11150,19927,287
11150,19928,173
11150,19929,8
11150,19930,303
11150,19931,325
11150,19932,45
11150,19933,30
11150,19934,33
11150,19935,24
11150,19979,4
11150,19980,19
11150,19981,44
11150,19982,120.5
11150,19983,76
11150,19984,83.5
11150,19985,103
11150,19986,146
11150,19987,6
11150,19988,16.5
11150,19989,3.5
11150,19990,8
11150,19991,18
11150,19992,3
11150,19993,7
11150,19995,6
11150,19996,2
11150,19997,12
11150,19998,20
11150,19999,13
11150,20000,52
11150,20001,46
11150,20002,35
11150,20003,19
11150,20004,15.5
11150,20005,30.5
11150,20006,32.5
11150,20008,20.5
11150,20009,32
11150,20010,12
11150,20018,30
11150,20019,67
11150,20020,181.5
11150,20021,204.5
11150,20022,39
11150,20023,439
11150,20024,129.5
11150,20025,3
11150,20026,6
11150,20027,8
11150,20028,33
11150,20029,13.5
11150,20030,4
11150,20031,6
11150,20032,10
11150,20033,10
11150,20034,3
11150,20040,1
11150,20041,4.5
11150,20043,46.5
11150,20044,62.5
11150,20045,77.5
11150,20118,4
11150,20119,8
11151,19897,207.5
11151,19898,31
11151,19899,4
11151,19900,117.5
11151,19901,373.5
11151,19902,186.5
11151,19903,233
11151,19904,157.5
11151,19905,229.5
11151,19906,305
11151,19907,154
11151,19908,157
11151,19909,182
11151,19910,237.5
11151,19911,141
11151,19912,192
11151,19913,88
11151,19914,56
11151,19915,49
11151,19916,59
11151,19917,111
11151,19918,99.5
11151,19919,91.5
11151,19920,101
11151,19921,155
11151,19922,227.5
11151,19923,32
11151,19924,108
11151,19925,492.5
11151,19926,227.5
11151,19927,457.5
11151,19928,144
11151,19929,324.5
11151,19930,503.5
11151,19931,369
11151,19932,543
11151,19933,105.5
11151,19934,28
11151,19935,19
11151,19981,192.5
11151,19982,165
11151,19983,225.5
11151,19984,118
11151,19985,90
11151,19986,78.5
11151,19988,1
11151,19989,7
11151,19990,6
11151,19991,21
11151,19992,5
11151,19994,9
11151,19995,6
11151,19996,11.5
11151,19997,22.5
11151,19998,50
11151,19999,59.5
11151,20000,27
11151,20001,20
11151,20002,4
11151,20005,10
11151,20006,7
11151,20007,8
11151,20009,9
11151,20018,55.5
11151,20019,37
11151,20020,207
11151,20021,460.5
11151,20022,242.5
11151,20023,385.5
11151,20024,1
11151,20025,15
11151,20026,46.5
11151,20028,9
11151,20029,12.5
11151,20030,6
11151,20031,2
11151,20032,15
11151,20033,2.5
11151,20042,5
11151,20043,5
11151,20044,8
11151,20045,86
11151,20099,2
11151,20114,5
11151,20115,11
11151,20116,10
11151,20119,1
11152,19896,16
11152,19897,58
11152,19899,17
11152,19900,92
11152,19901,272
11152,19902,231
11152,19903,150
11152,19904,171
11152,19905,199.5
11152,19906,330
11152,19907,109
11152,19908,131
11152,19909,82
11152,19910,151.5
11152,19911,289
11152,19912,106.5
11152,19913,273
11152,19914,116
11152,19915,131
11152,19916,40
11152,19917,61
11152,19918,85.5
11152,19919,88.5
11152,19920,133.5
11152,19921,116.5
11152,19922,118
11152,19923,186
11152,19924,342
11152,19925,415
11152,19926,493.5
11152,19927,600.5
11152,19928,733.5
11152,19929,403.5
11152,19930,159.5
11152,19931,123
11152,19932,173
11152,19933,156
11152,19934,30
11152,19935,34
11152,19974,9
11152,19975,27
11152,19976,13
11152,19977,29
11152,19978,56
11152,19979,68
11152,19980,2
11152,19981,4
11152,19982,148.5
11152,19983,188
11152,19984,108
11152,19985,170
11152,19986,167.5
11152,19987,45
11152,19989,10
11152,19990,29
11152,19991,13
11152,19992,7
11152,19993,9
11152,19994,15
11152,19995,16.5
11152,19997,23.5
11152,19998,19
11152,19999,42.5
11152,20000,8
11152,20006,7
11152,20007,3
11152,20009,16
11152,20011,2
11152,20013,4
11152,20014,4
11152,20015,3
11152,20016,10
11152,20017,1
11152,20019,11
11152,20020,313
11152,20021,144.5
11152,20022,199.5
11152,20023,86.5
11152,20024,157.5
11152,20025,217
11152,20026,56
11152,20027,19
11152,20028,16
11152,20029,8
11152,20030,9
11152,20031,12
11152,20032,11
11152,20033,7
11152,20034,2
11152,20035,6
11152,20036,13
11152,20037,1
11152,20038,2
11152,20039,4
11152,20041,2
11152,20042,19
11152,20043,9
11152,20044,6
11152,20045,2
11152,20046,18
11152,20049,23
11152,20050,33.5
11152,20051,19
11152,20099,1
11152,20113,2
11152,20114,40
11152,20115,22
11153,19896,95.5
11153,19897,103
11153,19898,65.5
11153,19899,80
11153,19900,196.5
11153,19901,124.5
11153,19902,84
11153,19903,124
11153,19904,86
11153,19905,57.5
11153,19906,136
11153,19907,39
11153,19908,19
11153,19909,15
11153,19910,4
11153,19911,75
11153,19912,99.5
11153,19913,84
11153,19914,124
11153,19915,86
11153,19916,93
11153,19917,76
11153,19918,77
11153,19919,121.5
11153,19920,176.5
11153,19921,110
11153,19922,69
11153,19923,265
11153,19924,672
11153,19925,269.5
11153,19926,356.5
11153,19927,354.5
11153,19928,224.5
11153,19929,118.5
11153,19930,52
11153,19931,110.5
11153,19932,477.5
11153,19933,11
11153,19934,12
11153,19943,3
11153,19944,5
11153,19960,4
11153,19968,4
11153,19969,7
11153,19970,14
11153,19971,5
11153,19972,4
11153,19974,17
11153,19975,60
11153,19976,171.5
11153,19977,95
11153,19978,85.5
11153,19979,425.5
11153,19980,222.5
11153,19981,373.5
11153,19982,342
11153,19983,129.5
11153,19984,160.5
11153,19985,355
11153,19986,178.5
11153,19987,115
11153,19989,5
11153,19990,4.5
11153,19991,10.5
11153,19992,11.5
11153,19994,5
11153,19995,6
11153,19998,6
11153,20009,12
11153,20010,10
11153,20011,5
11153,20013,9
11153,20015,26.5
11153,20016,14
11153,20017,4
11153,20018,9
11153,20019,3
11153,20020,223.5
11153,20021,129
11153,20022,91
11153,20023,494.5
11153,20024,445
11153,20025,444
11153,20026,199
11153,20027,51.5
11153,20029,6
11153,20030,1
11153,20032,3
11153,20034,3
11153,20036,5
11153,20037,5
11153,20038,9
11153,20039,31
11153,20040,3
11153,20041,2
11153,20042,19
11153,20043,11
11153,20044,3
11153,20045,21.5
11153,20046,4
11153,20050,8
11153,20052,73
11153,20071,31
11153,20089,4
11153,20113,10
11153,20114,32
11153,20115,44.5
11153,20116,11
11153,20117,2
11154,19896,12
11154,19897,55.5
11154,19898,191
11154,19899,194.5
11154,19900,5
11154,19901,146.5
11154,19902,140
11154,19903,111.5
11154,19904,77
11154,19905,17
11154,19909,1
11154,19911,19
11154,19912,50
11154,19913,59.5
11154,19914,92
11154,19915,135
11154,19916,46
11154,19917,55
11154,19918,92
11154,19919,106
11154,19920,114.5
11154,19921,368.5
11154,19922,262.5
11154,19923,770.5
11154,19924,516
11154,19931,4
11154,19932,10
11154,19944,54
11154,19945,158
11154,19946,43
11154,19958,8
11154,19959,21
11154,19960,14
11154,19961,8
11154,19964,8.5
11154,19966,2
11154,19967,37
11154,19968,78.5
11154,19969,63
11154,19970,28
11154,19971,45
11154,19972,22
11154,19973,42
11154,19974,31
11154,19975,22
11154,19976,62
11154,19977,117.5
11154,19978,159
11154,19979,147
11154,19980,602.5
11154,19981,204
11154,19982,130.5
11154,19983,296
11154,19984,152.5
11154,19985,158.5
11154,19986,59
11154,19987,95
11154,19988,9
11154,19989,4
11154,19990,15
11154,19991,10
11154,19992,12
11154,19993,4
11154,19994,19
11154,19995,4
11154,19996,2
11154,19997,62.5
11154,20008,19
11154,20009,15
11154,20010,4
11154,20011,16
11154,20012,3
11154,20013,14
11154,20014,16
11154,20015,13
11154,20016,36
11154,20017,5
11154,20018,24
11154,20019,11
11154,20021,14
11154,20022,162.5
11154,20023,232
11154,20024,95.5
11154,20025,358.5
11154,20026,494.5
11154,20027,134.5
11154,20028,106
11154,20029,514.5
11154,20031,4
11154,20032,11
11154,20033,6
11154,20034,9
11154,20035,4
11154,20036,5
11154,20037,8
11154,20038,25
11154,20039,13
11154,20040,5
11154,20042,15
11154,20043,3
11154,20044,11
11154,20045,8
11154,20046,9
11154,20047,9
11154,20050,1
11154,20051,51
11154,20053,197.5
11154,20054,21
11154,20071,89
11154,20072,57
11154,20073,32
11154,20074,37
11154,20115,14
11154,20116,59.5
11154,20117,37.5
11154,20118,7
11154,20120,22
11154,20121,4
11154,20122,31
11155,19895,7
11155,19896,192.5
11155,19897,140.5
11155,19898,150
11155,19899,139
11155,19900,78
11155,19901,82
11155,19902,77
11155,19903,81.5
11155,19904,14
11155,19908,1
11155,19909,8
11155,19910,44
11155,19911,51
11155,19912,60
11155,19913,55.5
11155,19914,81.5
11155,19915,78.5
11155,19916,93.5
11155,19917,102.5
11155,19918,178
11155,19919,160
11155,19920,245
11155,19921,127
11155,19922,427.5
11155,19923,629.5
11155,19924,26
11155,19944,43.5
11155,19945,326
11155,19946,432
11155,19947,77
11155,19948,67.5
11155,19956,12.5
11155,19957,4
11155,19958,20
11155,19959,25
11155,19960,8
11155,19961,3
11155,19962,114
11155,19963,22
11155,19964,2
11155,19965,5
11155,19966,47
11155,19967,68
11155,19968,107
11155,19969,75
11155,19970,26
11155,19971,86
11155,19972,109.5
11155,19973,40.5
11155,19974,34
11155,19975,41
11155,19976,105
11155,19977,102.5
11155,19978,136.5
11155,19979,94.5
11155,19980,188.5
11155,19981,174.5
11155,19982,50
11155,19983,95.5
11155,19984,106.5
11155,19985,14
11155,19986,26
11155,19987,8
11155,19988,16
11155,19989,3
11155,19991,7
11155,19992,25
11155,19993,12
11155,19994,3
11155,19995,4
11155,19996,7
11155,19997,13.5
11155,20005,1
11155,20007,2
11155,20009,14
11155,20010,10.5
11155,20011,7
11155,20012,1
11155,20013,11
11155,20014,8
11155,20015,17
11155,20016,23
11155,20017,7
11155,20018,3
11155,20019,3
11155,20022,22
11155,20023,85
11155,20024,6
11155,20025,270
11155,20026,529.5
11155,20027,300.5
11155,20028,21.5
11155,20029,69
11155,20031,35
11155,20032,38.5
11155,20033,21
11155,20034,14.5
11155,20035,10
11155,20036,15
11155,20037,8
11155,20038,4
11155,20039,5
11155,20042,27
11155,20043,13
11155,20044,11
11155,20045,2
11155,20046,3
11155,20047,4
11155,20048,21.5
11155,20049,2
11155,20053,2
11155,20054,75
11155,20055,91.5
11155,20056,2
11155,20069,10
11155,20071,43
11155,20072,50
11155,20073,11
11155,20074,40.5
11155,20116,27.5
11155,20117,114.5
11155,20118,118.5
11155,20119,61.5
11155,20120,25
11155,20121,20
11156,19896,24
11156,19897,169.5
11156,19898,70
11156,19899,38
11156,19900,171
11156,19901,92
11156,19902,108
11156,19903,78.5
11156,19909,34
11156,19910,126.5
11156,19911,118.5
11156,19912,32
11156,19913,10
11156,19914,28
11156,19915,541
11156,19916,589
11156,19917,623
11156,19918,302
11156,19919,196.5
11156,19920,319
11156,19921,279
11156,19922,534
11156,19923,255.5
11156,19945,316
11156,19946,488.5
11156,19947,478
11156,19948,658
11156,19949,285
11156,19950,59
11156,19951,72.5
11156,19952,120
11156,19953,142.5
11156,19954,115
11156,19955,28
11156,19956,36
11156,19957,109
11156,19958,111.5
11156,19959,90
11156,19960,55
11156,19961,48
11156,19962,21
11156,19963,68
11156,19964,120.5
11156,19965,94
11156,19966,81.5
11156,19967,129
11156,19968,143.5
11156,19969,105
11156,19970,106.5
11156,19971,134
11156,19972,82.5
11156,19973,22
11156,19974,4
11156,19975,3
11156,19976,22
11156,19977,37
11156,19978,64
11156,19979,2
11156,19980,8
11156,19983,1
11156,19984,27.5
11156,19985,5
11156,19986,10
11156,19989,1
11156,19991,3
11156,19993,2
11156,19994,8.5
11156,19995,5
11156,19996,2
11156,19997,2
11156,20004,21
11156,20005,48.5
11156,20006,4
11156,20007,6
11156,20008,7
11156,20009,4
11156,20011,17
11156,20012,7
11156,20013,12
11156,20014,9
11156,20015,19.5
11156,20016,6
11156,20017,6
11156,20021,11
11156,20022,69
11156,20023,110.5
11156,20024,487.5
11156,20025,358
11156,20026,871
11156,20027,22
11156,20028,396
11156,20029,121
11156,20030,138
11156,20031,115
11156,20032,56
11156,20033,68
11156,20034,4
11156,20035,9
11156,20039,7
11156,20040,7
11156,20041,3
11156,20042,13
11156,20043,21
11156,20044,10
11156,20045,7
11156,20046,2
11156,20047,21.5
11156,20048,8
11156,20049,9
11156,20057,4
11156,20069,9
11156,20072,11
11156,20073,61
11156,20074,38
11156,20076,11
11156,20077,37
11156,20078,16
11156,20080,2
11156,20092,12
11156,20107,3
11156,20108,1
11156,20115,6
11156,20116,23
11156,20117,122
11156,20118,80.5
11156,20119,38
11156,20120,73
11156,20121,8
11157,19896,7
11157,19897,229
11157,19898,90
11157,19899,141.5
11157,19900,138
11157,19901,147
11157,19902,76
11157,19903,109
11157,19904,104
11157,19905,7
11157,19906,4
11157,19907,3
11157,19908,9
11157,19909,86
11157,19910,82
11157,19911,110.5
11157,19912,5
11157,19914,439.5
11157,19915,58
11157,19916,285.5
11157,19917,117.5
11157,19918,474
11157,19919,107
11157,19920,9
11157,19921,116
11157,19922,270.5
11157,19923,159.5
11157,19924,1
11157,19945,102.5
11157,19946,637.5
11157,19947,501.5
11157,19948,667.5
11157,19949,381.5
11157,19950,202.5
11157,19951,216
11157,19952,146
11157,19953,205.5
11157,19954,215.5
11157,19955,115
11157,19956,185.5
11157,19957,252
11157,19958,85
11157,19959,40
11157,19960,62.5
11157,19961,76
11157,19962,83
11157,19963,30
11157,19964,79
11157,19965,124
11157,19966,116.5
11157,19967,135
11157,19968,64
11157,19969,98
11157,19970,48
11157,19971,82
11157,19972,65
11157,19973,17.5
11157,19978,26
11157,19979,5
11157,19985,14
11157,19986,6
11157,19987,10
11157,19988,6
11157,19989,10
11157,19990,7
11157,19991,3
11157,19992,13
11157,19994,3
11157,20003,10
11157,20004,80.5
11157,20005,114
11157,20006,61
11157,20007,9
11157,20008,12
11157,20009,20
11157,20010,18
11157,20011,9
11157,20012,18
11157,20013,7
11157,20014,9
11157,20015,14
11157,20016,12
11157,20018,11
11157,20019,16
11157,20020,9
11157,20021,84.5
11157,20022,340
11157,20023,145
11157,20024,85
11157,20025,437
11157,20026,570.5
11157,20027,138.5
11157,20028,207.5
11157,20029,152.5
11157,20030,269.5
11157,20031,531
11157,20032,308.5
11157,20033,157
11157,20034,111.5
11157,20035,29
11157,20036,11
11157,20037,3
11157,20038,6
11157,20039,10
11157,20040,14
11157,20041,9
11157,20042,9
11157,20043,2
11157,20044,5
11157,20046,3
11157,20047,15
11157,20049,1
11157,20067,6
11157,20068,21
11157,20069,6
11157,20071,5
11157,20072,3
11157,20073,81.5
11157,20074,7
11157,20075,22
11157,20076,71
11157,20077,63.5
11157,20078,18.5
11157,20079,18
11157,20080,11
11157,20081,5
11157,20083,1
11157,20106,1
11157,20107,7
11157,20108,11.5
11157,20115,2
11157,20116,14
11157,20117,59
11157,20118,46
11157,20119,63
11157,20120,36
11157,20121,11
11158,19897,32
11158,19898,229.5
11158,19899,228.5
11158,19900,202
11158,19901,189
11158,19902,94
11158,19903,261
11158,19904,52
11158,19905,82
11158,19906,55
11158,19907,53
11158,19908,43
11158,19909,22.5
11158,19910,79.5
11158,19911,97
11158,19913,36.5
11158,19914,26.5
11158,19916,40
11158,19917,1686
11158,19918,784.5
11158,19919,731.5
11158,19920,427
11158,19921,117
11158,19922,504
11158,19923,97.5
11158,19946,673
11158,19947,714.5
11158,19948,890
11158,19949,299.5
11158,19950,315.5
11158,19951,120
11158,19952,169
11158,19953,372.5
11158,19954,281.5
11158,19955,156.5
11158,19956,139.5
11158,19957,240
11158,19958,131
11158,19959,44
11158,19960,107.5
11158,19961,137
11158,19962,202
11158,19963,64
11158,19964,103.5
11158,19965,248
11158,19966,88.5
11158,19967,106
11158,19968,110
11158,19969,82
11158,19970,97
11158,19971,37
11158,19972,46
11158,19973,75
11158,19974,30
11158,19975,4
11158,19977,9
11158,19978,30.5
11158,19979,10
11158,19984,3
11158,19985,32
11158,19986,6
11158,19987,6
11158,19988,9
11158,19989,7
11158,19990,14
11158,19991,7
11158,19992,10.5
11158,19993,1
11158,19995,1
11158,19996,5
11158,19997,7
11158,20000,59
11158,20001,40.5
11158,20002,54
11158,20003,75.5
11158,20004,135
11158,20005,207
11158,20006,87.5
11158,20007,9
11158,20008,9
11158,20009,15
11158,20010,14
11158,20011,15
11158,20012,1
11158,20013,7
11158,20014,7
11158,20016,6
11158,20017,26
11158,20018,80.5
11158,20019,5
11158,20020,43
11158,20021,128.5
11158,20022,78
11158,20023,254.5
11158,20024,328.5
11158,20025,429.5
11158,20026,289.5
11158,20027,343
11158,20028,203
11158,20029,225.5
11158,20030,883
11158,20031,192
11158,20032,106
11158,20033,87
11158,20034,28
11158,20036,5
11158,20037,3
11158,20038,4
11158,20039,10
11158,20041,2
11158,20042,2
11158,20044,5
11158,20045,11
11158,20047,8
11158,20048,19.5
11158,20049,13
11158,20066,1
11158,20067,3
11158,20068,10
11158,20069,23
11158,20071,1
11158,20072,54
11158,20073,89.5
11158,20074,31
11158,20075,46.5
11158,20076,56
11158,20078,2
11158,20079,8
11158,20080,8
11158,20106,4
11158,20108,7
11158,20109,2
11158,20115,4
11158,20116,14
11158,20117,51
11158,20118,35
11158,20119,29
11158,20121,4
11159,19897,90
11159,19898,167
11159,19899,182
11159,19900,179
11159,19901,117.5
11159,19902,137
11159,19903,153
11159,19904,149.5
11159,19905,123.5
11159,19906,121
11159,19907,23
11159,19908,20
11159,19909,13
11159,19910,4
11159,19911,13
11159,19912,24
11159,19913,58.5
11159,19914,49
11159,19916,7
11159,19918,475.5
11159,19919,68
11159,19920,307.5
11159,19921,505
11159,19922,407.5
11159,19923,84.5
11159,19924,105.5
11159,19925,28
11159,19945,222
11159,19947,773.5
11159,19948,279
11159,19949,284.5
11159,19950,539.5
11159,19951,279
11159,19952,238
11159,19953,309
11159,19954,267
11159,19955,44
11159,19956,476
11159,19957,183.5
11159,19958,59
11159,19959,165
11159,19960,112
11159,19961,95.5
11159,19962,77
11159,19963,99.5
11159,19964,74
11159,19965,170
11159,19966,114
11159,19967,111
11159,19968,91
11159,19969,133
11159,19970,100
11159,19971,105
11159,19972,110
11159,19973,105.5
11159,19974,87
11159,19975,28.5
11159,19980,2
11159,19981,2
11159,19982,6
11159,19983,7
11159,19984,6
11159,19985,13
11159,19986,2
11159,19987,4
11159,19988,7
11159,19989,5
11159,19990,3
11159,19991,5
11159,19992,7
11159,19993,16
11159,19994,2
11159,19997,3
11159,19998,32.5
11159,19999,48.5
11159,20000,121.5
11159,20001,146
11159,20002,177.5
11159,20003,150.5
11159,20004,103
11159,20005,107
11159,20006,132.5
11159,20007,8
11159,20008,11
11159,20009,7
11159,20010,11
11159,20011,9
11159,20012,11
11159,20013,13.5
11159,20014,7
11159,20015,20
11159,20016,4
11159,20017,5
11159,20018,9
11159,20019,307.5
11159,20020,193.5
11159,20021,424.5
11159,20022,173.5
11159,20023,215.5
11159,20024,79.5
11159,20025,687.5
11159,20026,860.5
11159,20027,182.5
11159,20028,299
11159,20029,294
11159,20030,129.5
11159,20031,104
11159,20033,99.5
11159,20034,181.5
11159,20035,563
11159,20036,19
11159,20038,9
11159,20039,7
11159,20040,4
11159,20043,11
11159,20044,11
11159,20046,2
11159,20047,8
11159,20049,11
11159,20050,26
11159,20068,20
11159,20069,5
11159,20072,99.5
11159,20073,54
11159,20074,13
11159,20077,13
11159,20084,6
11159,20106,1
11159,20107,6
11159,20108,2
11159,20109,24
11159,20113,3
11159,20116,15
11159,20117,13
11159,20118,5
11159,20122,10
11160,19896,8.5
11160,19897,147
11160,19898,65.5
11160,19899,89.5
11160,19900,88.5
11160,19901,102
11160,19902,119
11160,19903,97
11160,19904,45.5
11160,19905,9
11160,19906,10
11160,19907,38
11160,19908,1
11160,19909,11
11160,19910,3
11160,19911,5
11160,19912,13
11160,19913,92.5
11160,19914,22
11160,19916,1316
11160,19917,67.5
11160,19918,211
11160,19919,297
11160,19920,212.5
11160,19921,998
11160,19922,724
11160,19923,436
11160,19924,22.5
11160,19925,16
11160,19946,1
11160,19947,636
11160,19948,27
11160,19949,4
11160,19950,405.5
11160,19951,501.5
11160,19952,389
11160,19953,209.5
11160,19954,144
11160,19955,126
11160,19956,105
11160,19957,440
11160,19958,123
11160,19959,101.5
11160,19960,137.5
11160,19961,106
11160,19962,268
11160,19963,130
11160,19964,148.5
11160,19965,137.5
11160,19966,86.5
11160,19967,51.5
11160,19968,108
11160,19969,88
11160,19970,77
11160,19971,189
11160,19972,59.5
11160,19973,100.5
11160,19974,72
11160,19975,56
11160,19976,1204.5
11160,19977,30
11160,19978,3
11160,19983,4
11160,19984,8
11160,19985,7
11160,19986,1
11160,19990,9
11160,19991,2
11160,19992,26
11160,19993,22.5
11160,19994,10
11160,19995,2
11160,19996,2
11160,19997,11
11160,19998,5
11160,19999,121
11160,20000,134.5
11160,20001,158.5
11160,20002,220
11160,20003,161
11160,20004,104
11160,20005,28
11160,20006,3
11160,20008,12
11160,20009,14
11160,20010,15
11160,20011,13
11160,20012,16
11160,20013,7
11160,20014,10
11160,20015,13
11160,20016,8
11160,20017,117.5
11160,20018,534.5
11160,20019,249
11160,20020,377.5
11160,20021,316
11160,20022,271.5
11160,20023,122
11160,20024,2
11160,20025,158.5
11160,20026,390.5
11160,20027,293
11160,20028,75.5
11160,20029,103
11160,20030,21
11160,20031,351
11160,20032,238
11160,20033,291
11160,20034,82.5
11160,20035,396.5
11160,20036,8
11160,20037,2
11160,20038,29
11160,20040,2
11160,20041,10
11160,20045,6
11160,20046,2
11160,20050,6.5
11160,20052,23
11160,20053,6
11160,20057,5
11160,20058,13
11160,20073,27
11160,20075,2
11160,20078,102
11160,20086,2
11160,20102,1
11160,20106,1
11160,20108,1
11160,20109,11
11160,20110,15
11160,20111,7
11160,20112,5
11160,20115,2
11160,20116,5
11160,20117,38
11160,20118,31
11160,20119,30
11160,20120,24
11160,20121,106.5
11160,20122,33
11161,19896,11
11161,19897,118
11161,19898,104
11161,19899,125.5
11161,19900,88
11161,19901,81
11161,19902,84
11161,19903,64
11161,19904,7.5
11161,19905,6
11161,19907,29
11161,19908,30
11161,19909,4
11161,19910,6
11161,19911,2
11161,19913,25
11161,19914,6
11161,19915,43
11161,19916,199.5
11161,19918,875
11161,19919,572
11161,19920,82.5
11161,19921,179
11161,19922,39
11161,19947,159
11161,19948,204.5
11161,19949,410
11161,19950,200.5
11161,19951,841.5
11161,19952,722
11161,19953,272
11161,19954,143
11161,19955,113
11161,19956,290
11161,19957,597
11161,19958,423
11161,19959,193.5
11161,19960,372
11161,19961,79
11161,19962,176.5
11161,19963,124
11161,19964,81.5
11161,19965,140
11161,19966,804
11161,19967,110.5
11161,19968,94
11161,19969,78.5
11161,19970,123.5
11161,19971,119.5
11161,19972,119
11161,19973,223.5
11161,19974,126
11161,19975,430.5
11161,19976,179
11161,19977,243.5
11161,19978,22
11161,19983,4
11161,19984,4
11161,19985,2
11161,19986,5
11161,19988,4
11161,19990,6
11161,19991,11
11161,19992,21
11161,19993,19
11161,19994,14.5
11161,19996,9
11161,19997,9
11161,19998,11
11161,19999,34
11161,20000,49.5
11161,20001,115
11161,20002,74
11161,20003,42
11161,20004,13
11161,20006,4
11161,20008,21
11161,20009,2
11161,20010,42
11161,20011,2
11161,20012,6
11161,20013,15
11161,20014,11
11161,20015,6
11161,20016,116
11161,20017,231
11161,20018,349.5
11161,20019,209
11161,20020,178
11161,20021,125
11161,20022,65.5
11161,20023,16
11161,20024,32
11161,20025,26.5
11161,20026,153.5
11161,20027,263.5
11161,20028,61
11161,20029,90
11161,20030,64
11161,20031,104
11161,20032,176
11161,20033,295
11161,20034,325.5
11161,20035,143
11161,20036,466.5
11161,20039,2
11161,20040,5
11161,20041,1
11161,20042,5.5
11161,20044,9
11161,20045,15
11161,20046,5.5
11161,20048,4
11161,20058,12
11161,20060,8
11161,20061,2
11161,20062,19
11161,20064,1
11161,20068,3
11161,20071,68
11161,20072,5
11161,20108,1
11161,20110,5
11161,20111,3
11161,20112,16
11161,20113,47
11161,20114,17
11161,20115,19
11161,20116,18
11161,20117,26.5
11161,20118,25
11161,20119,32
11161,20120,82
11161,20121,4
11161,20122,6
11162,19887,17
11162,19888,36.5
11162,19889,23
11162,19890,41
11162,19895,9
11162,19896,98
11162,19897,143
11162,19898,134
11162,19899,66
11162,19900,68.5
11162,19901,30
11162,19902,26
11162,19903,3
11162,19907,14.5
11162,19908,35.5
11162,19909,12
11162,19910,4
11162,19911,7
11162,19912,15
11162,19913,3
11162,19914,4
11162,19915,5.5
11162,19918,21
11162,19919,14
11162,19920,10
11162,19921,1
11162,19923,1
11162,19946,357.5
11162,19947,86
11162,19948,894.5
11162,19949,890.5
11162,19950,612
11162,19951,1205
11162,19952,780
11162,19953,55
11162,19954,69.5
11162,19955,131
11162,19956,243.5
11162,19957,159
11162,19958,140.5
11162,19959,89
11162,19960,150
11162,19961,221.5
11162,19962,150
11162,19963,139
11162,19964,193
11162,19965,552.5
11162,19966,170.5
11162,19967,79
11162,19968,108
11162,19969,175.5
11162,19970,82
11162,19971,75.5
11162,19972,103.5
11162,19973,165.5
11162,19974,208.5
11162,19975,394.5
11162,19976,290.5
11162,19977,252
11162,19978,365.5
11162,19979,529.5
11162,19980,13.5
11162,19982,4
11162,19983,5
11162,19984,6
11162,19986,5
11162,19987,15
11162,19989,6
11162,19990,6
11162,19991,10
11162,19992,3
11162,19993,8
11162,19994,18
11162,19995,10
11162,19996,15.5
11162,19997,18
11162,19998,6
11162,19999,4
11162,20000,7
11162,20001,65.5
11162,20002,44
11162,20003,50
11162,20004,1
11162,20007,1
11162,20008,2
11162,20009,9
11162,20010,2
11162,20011,3.5
11162,20012,26
11162,20013,185.5
11162,20014,126.5
11162,20015,5
11162,20016,136
11162,20017,111
11162,20018,232.5
11162,20019,140
11162,20020,56
11162,20021,33
11162,20022,30
11162,20023,12
11162,20024,7
11162,20025,26
11162,20026,138
11162,20027,65
11162,20028,10
11162,20029,14
11162,20030,66
11162,20031,102.5
11162,20032,271
11162,20033,281
11162,20035,102.5
11162,20036,114.5
11162,20037,2
11162,20039,7
11162,20040,1
11162,20041,6
11162,20042,3
11162,20045,2
11162,20046,15
11162,20047,12.5
11162,20050,22
11162,20056,2
11162,20057,17
11162,20058,8
11162,20059,5
11162,20063,4
11162,20064,7
11162,20065,27
11162,20066,2
11162,20067,2
11162,20070,63
11162,20071,385.5
11162,20072,40
11162,20101,2
11162,20103,2
11162,20105,7
11162,20106,4
11162,20107,4
11162,20109,3
11162,20110,20
11162,20111,57
11162,20112,53.5
11162,20113,43
11162,20114,106
11162,20115,25
11162,20116,6
11162,20117,36
11162,20118,83
11162,20119,173
11162,20120,203
11162,20121,124.5
11162,20122,24
11162,20123,43
11163,19888,62
11163,19889,68
11163,19890,82
11163,19891,26
11163,19894,35
11163,19895,120
11163,19896,216.5
11163,19897,203.5
11163,19898,119
11163,19899,63.5
11163,19900,1
11163,19901,2
11163,19906,15
11163,19907,2
11163,19909,1
11163,19912,1
11163,19914,1
11163,19916,2
11163,19918,2
11163,19919,2
11163,19920,10
11163,19921,28
11163,19922,65.5
11163,19923,80.5
11163,19924,16
11163,19925,34.5
11163,19927,5
11163,19928,23
11163,19929,53
11163,19944,3
11163,19945,697
11163,19946,1101.5
11163,19947,840
11163,19948,4
11163,19949,473.5
11163,19950,667.5
11163,19951,754
11163,19952,790.5
11163,19953,479.5
11163,19954,207
11163,19955,218.5
11163,19956,107
11163,19957,97
11163,19958,411.5
11163,19959,108.5
11163,19960,135.5
11163,19961,219
11163,19962,519
11163,19963,117
11163,19964,307
11163,19965,554
11163,19966,107
11163,19967,97
11163,19968,95
11163,19969,28
11163,19970,94.5
11163,19971,74
11163,19972,79
11163,19973,142.5
11163,19974,246.5
11163,19975,197
11163,19976,580.5
11163,19977,138
11163,19978,342.5
11163,19979,72.5
11163,19980,207
11163,19981,417
11163,19982,3
11163,19985,1
11163,19989,4
11163,19990,13
11163,19991,8
11163,19992,4
11163,19993,13
11163,19994,11.5
11163,19995,10
11163,19996,4
11163,19997,4
11163,19998,4
11163,19999,8
11163,20000,1
11163,20001,45
11163,20002,29
11163,20003,49.5
11163,20004,3
11163,20005,2
11163,20006,5
11163,20007,2
11163,20009,28
11163,20010,10
11163,20011,24
11163,20012,67
11163,20013,2
11163,20014,19
11163,20015,22.5
11163,20016,14.5
11163,20017,59
11163,20018,88
11163,20019,51
11163,20020,18
11163,20021,33.5
11163,20022,20
11163,20023,2
11163,20024,1
11163,20028,6
11163,20029,89
11163,20030,79
11163,20031,112
11163,20032,613
11163,20033,93.5
11163,20034,9
11163,20035,84
11163,20036,61
11163,20037,14.5
11163,20040,2
11163,20041,3
11163,20044,6
11163,20045,9
11163,20056,5
11163,20064,56
11163,20065,126
11163,20066,111
11163,20067,101
11163,20068,21
11163,20069,178
11163,20070,113.5
11163,20071,71
11163,20072,81.5
11163,20103,4
11163,20104,4
11163,20105,3
11163,20106,22.5
11163,20107,4
11163,20108,6
11163,20109,9
11163,20110,46
11163,20111,59
11163,20112,26
11163,20113,21
11163,20114,30.5
11163,20115,43.5
11163,20116,5
11163,20117,12
11163,20118,14
11163,20119,329
11163,20120,74
11163,20121,343.5
11163,20122,216
11163,20123,182
11163,20124,69.5
11163,20125,48
11163,20126,12
11163,20127,9
11164,19880,2
11164,19881,4
11164,19882,1
11164,19883,8
11164,19884,9
11164,19885,30
11164,19886,41
11164,19887,78
11164,19888,89.5
11164,19889,86
11164,19890,97.5
11164,19891,313
11164,19892,190
11164,19893,302.5
11164,19894,331.5
11164,19895,230
11164,19896,136
11164,19897,83.5
11164,19898,119.5
11164,19899,17
11164,19900,2
11164,19901,2.5
11164,19903,5
11164,19904,3
11164,19905,9
11164,19906,4
11164,19907,20
11164,19908,1
11164,19909,1
11164,19910,12.5
11164,19911,6
11164,19912,2
11164,19914,2
11164,19915,11
11164,19917,1
11164,19918,13.5
11164,19919,8.5
11164,19920,2
11164,19922,1
11164,19924,18
11164,19925,126.5
11164,19926,2
11164,19927,15
11164,19928,45
11164,19929,34
11164,19943,21
11164,19944,48
11164,19945,1193
11164,19946,1069
11164,19947,752.5
11164,19948,328.5
11164,19949,863.5
11164,19950,1022.5
11164,19951,994.5
11164,19952,595.5
11164,19953,676.5
11164,19954,552.5
11164,19955,1025
11164,19956,230.5
11164,19957,117.5
11164,19958,481
11164,19959,482.5
11164,19960,170
11164,19961,93
11164,19962,77
11164,19964,17
11164,19966,47
11164,19967,96.5
11164,19968,53
11164,19969,11
11164,19970,48.5
11164,19971,70
11164,19972,77.5
11164,19973,213
11164,19974,115
11164,19975,186
11164,19976,276
11164,19977,761
11164,19978,316.5
11164,19979,325
11164,19980,202.5
11164,19981,438.5
11164,19982,66.5
11164,19987,5
11164,19989,5
11164,19990,12
11164,19991,5
11164,19992,4
11164,19993,12
11164,19994,5
11164,19995,6
11164,19996,12
11164,19997,19.5
11164,19998,5
11164,19999,8
11164,20001,2
11164,20003,4
11164,20004,3
11164,20005,17
11164,20006,32
11164,20008,4
11164,20009,28
11164,20010,25
11164,20011,4
11164,20012,6
11164,20013,3
11164,20016,11
11164,20017,40
11164,20018,42
11164,20019,31
11164,20020,13
11164,20021,21
11164,20022,7
11164,20024,4
11164,20028,5
11164,20029,23
11164,20030,50.5
11164,20031,39
11164,20032,22
11164,20037,127.5
11164,20038,27.5
11164,20040,2
11164,20041,2
11164,20042,5
11164,20043,3
11164,20044,23
11164,20045,20
11164,20046,12
11164,20047,2
11164,20054,5
11164,20063,1
11164,20064,97
11164,20065,75
11164,20066,104.5
11164,20067,13
11164,20068,50
11164,20069,158.5
11164,20070,164.5
11164,20071,55
11164,20075,3
11164,20076,4
11164,20102,6
11164,20103,12
11164,20104,2
11164,20105,3
11164,20106,8.5
11164,20107,35
11164,20108,41
11164,20109,15
11164,20110,11.5
11164,20111,32
11164,20112,13
11164,20113,15
11164,20114,26
11164,20115,300.5
11164,20116,13
11164,20117,22.5
11164,20118,298
11164,20119,217.5
11164,20120,165
11164,20121,121
11164,20122,134.5
11164,20123,37
11164,20124,102.5
11164,20125,57
11164,20126,59
11164,20127,13
11164,20128,13
11164,20129,3
11165,19880,12
11165,19881,36
11165,19882,20
11165,19883,41
11165,19884,40
11165,19885,29.5
11165,19886,53
11165,19887,27
11165,19888,79
11165,19889,88
11165,19890,174.5
11165,19891,183
11165,19892,337
11165,19893,230.5
11165,19894,143
11165,19895,163
11165,19896,250
11165,19897,209.5
11165,19898,37
11165,19899,167.5
11165,19900,38
11165,19901,15
11165,19903,9
11165,19904,6
11165,19906,1
11165,19908,14
11165,19910,7
11165,19911,11
11165,19913,11.5
11165,19914,14
11165,19915,1
11165,19917,6
11165,19918,9
11165,19919,29.5
11165,19920,3
11165,19921,11
11165,19922,19
11165,19923,1
11165,19925,93
11165,19926,22.5
11165,19927,35.5
11165,19929,7
11165,19931,1
11165,19943,118
11165,19944,621.5
11165,19945,665
11165,19946,526
11165,19947,532.5
11165,19948,134
11165,19949,120.5
11165,19950,317.5
11165,19951,86.5
11165,19952,527
11165,19953,374
11165,19954,327
11165,19955,458.5
11165,19956,593.5
11165,19957,869
11165,19958,194
11165,19959,82
11165,19960,441
11165,19961,47
11165,19962,196
11165,19965,965
11165,19966,651
11165,19967,127.5
11165,19968,580.5
11165,19969,6
11165,19970,18
11165,19971,68
11165,19972,85.5
11165,19973,107.5
11165,19974,16
11165,19975,5
11165,19976,250
11165,19977,344
11165,19978,217.5
11165,19979,355
11165,19980,335
11165,19981,315
11165,19982,110
11165,19983,237
11165,19984,27
11165,19985,9
11165,19986,2
11165,19987,16
11165,19988,1
11165,19989,6
11165,19991,2
11165,19992,7
11165,19993,4
11165,19994,5
11165,19995,16.5
11165,19996,11
11165,20000,5
11165,20002,7
11165,20003,3
11165,20004,32
11165,20005,76
11165,20006,17
11165,20007,19
11165,20008,13
11165,20009,6
11165,20010,1
11165,20011,7
11165,20012,4
11165,20014,6
11165,20017,8
11165,20018,14
11165,20019,9
11165,20021,6
11165,20022,1
11165,20023,2
11165,20034,461
11165,20042,7
11165,20043,7
11165,20044,21.5
11165,20045,10
11165,20047,2.5
11165,20062,4
11165,20063,16
11165,20064,6
11165,20065,110
11165,20066,87
11165,20067,39.5
11165,20068,109
11165,20069,227
11165,20070,316
11165,20071,291.5
11165,20102,8
11165,20105,10.5
11165,20106,2
11165,20107,3
11165,20109,3.5
11165,20110,32
11165,20111,36.5
11165,20112,9
11165,20113,36
11165,20114,87.5
11165,20115,24.5
11165,20116,83
11165,20117,86
11165,20118,68
11165,20119,34
11165,20120,167.5
11165,20121,43
11165,20122,46
11165,20123,38
11165,20124,31
11165,20125,16
11165,20126,19
11165,20127,25
11165,20128,17
11165,20129,6
11166,19881,16
11166,19882,40
11166,19883,33
11166,19884,160.5
11166,19885,57
11166,19886,82.5
11166,19887,50
11166,19888,45
11166,19889,140
11166,19890,120
11166,19891,95
11166,19892,146
11166,19893,370.5
11166,19894,129
11166,19895,315
11166,19896,202.5
11166,19897,168
11166,19898,152
11166,19899,218.5
11166,19900,29
11166,19901,3
11166,19902,25
11166,19903,59
11166,19904,24
11166,19905,17.5
11166,19906,1
11166,19907,16
11166,19908,24
11166,19909,20
11166,19910,10
11166,19911,13
11166,19912,9
11166,19913,11
11166,19914,5
11166,19915,9
11166,19916,6.5
11166,19917,20
11166,19918,14
11166,19919,15
11166,19922,4
11166,19925,10
11166,19926,46
11166,19927,101.5
11166,19928,61
11166,19933,261.5
11166,19934,80
11166,19935,201
11166,19939,21
11166,19940,2
11166,19942,448
11166,19943,27
11166,19944,544
11166,19945,445.5
11166,19946,741.5
11166,19947,226.5
11166,19949,242.5
11166,19950,247
11166,19951,306.5
11166,19952,263
11166,19953,128.5
11166,19954,171.5
11166,19955,162
11166,19956,378.5
11166,19957,349.5
11166,19958,584
11166,19959,187.5
11166,19960,187.5
11166,19961,536
11166,19962,5
11166,19963,66
11166,19965,5
11166,19967,36
11166,19968,277
11166,19969,1408
11166,19970,225
11166,19971,11
11166,19972,39
11166,19973,53
11166,19974,51
11166,19975,17.5
11166,19976,69
11166,19977,564.5
11166,19978,59.5
11166,19979,49.5
11166,19980,344
11166,19981,500.5
11166,19982,405.5
11166,19983,320.5
11166,19984,87
11166,19985,9
11166,19986,7
11166,19987,7
11166,19988,6
11166,19989,5
11166,19990,4
11166,19991,13.5
11166,19992,6
11166,19993,9.5
11166,19994,18
11166,19995,20
11166,19996,14
11166,19997,23
11166,19998,9
11166,20002,10
11166,20003,8
11166,20004,3
11166,20005,33
11166,20006,18
11166,20008,6
11166,20009,10
11166,20010,13
11166,20011,11
11166,20018,1
11166,20019,6
11166,20020,5
11166,20021,2
11166,20022,1
11166,20036,102.5
11166,20039,4
11166,20041,2
11166,20042,3
11166,20043,7
11166,20045,11
11166,20046,5
11166,20059,5
11166,20061,1
11166,20063,2
11166,20064,3
11166,20065,114.5
11166,20066,98
11166,20067,41
11166,20068,162
11166,20069,254
11166,20070,210
11166,20071,217.5
11166,20087,2
11166,20091,3
11166,20092,3
11166,20093,2
11166,20101,7
11166,20103,5
11166,20104,8
11166,20105,7
11166,20106,6.5
11166,20109,11
11166,20110,48
11166,20111,150.5
11166,20112,53
11166,20113,38
11166,20114,24
11166,20115,33.5
11166,20116,55.5
11166,20117,21
11166,20118,53.5
11166,20119,63
11166,20120,18
11166,20121,83.5
11166,20122,37
11166,20123,15
11166,20124,23
11166,20125,22
11166,20126,13
11166,20127,25
11166,20128,24
11166,20129,18
11166,20130,3
11167,19882,3
11167,19883,43
11167,19884,45
11167,19885,183
11167,19886,23
11167,19887,76
11167,19888,30
11167,19889,40
11167,19890,25
11167,19891,161.5
11167,19892,101.5
11167,19893,211
11167,19894,137
11167,19895,131.5
11167,19896,271
11167,19897,259
11167,19898,267.5
11167,19899,155.5
11167,19900,7.5
11167,19901,23
11167,19902,25.5
11167,19903,10
11167,19904,16
11167,19905,37
11167,19906,26
11167,19907,5
11167,19908,34.5
11167,19909,20
11167,19910,4
11167,19912,3
11167,19913,6
11167,19914,8
11167,19915,24
11167,19916,22
11167,19917,2
11167,19918,15
11167,19919,8.5
11167,19920,6
11167,19921,3
11167,19925,40
11167,19926,38
11167,19927,78
11167,19928,91
11167,19929,64.5
11167,19930,103
11167,19931,819
11167,19932,212
11167,19933,352
11167,19934,808.5
11167,19935,536
11167,19936,766.5
11167,19937,423
11167,19938,131
11167,19939,862
11167,19940,531
11167,19941,786.5
11167,19942,613
11167,19943,103
11167,19944,547.5
11167,19945,210.5
11167,19946,4
11167,19948,161
11167,19949,524.5
11167,19950,275.5
11167,19951,201
11167,19952,125.5
11167,19953,125.5
11167,19954,193.5
11167,19955,130.5
11167,19956,174.5
11167,19957,97
11167,19958,146.5
11167,19959,316
11167,19960,151.5
11167,19961,539.5
11167,19962,654
11167,19963,215.5
11167,19964,181
11167,19965,122.5
11167,19966,275
11167,19967,31.5
11167,19968,259
11167,19969,118
11167,19970,147.5
11167,19971,593.5
11167,19972,346.5
11167,19973,59
11167,19974,2
11167,19976,9
11167,19977,94.5
11167,19978,43.5
11167,19979,137
11167,19980,153.5
11167,19981,10.5
11167,19982,261.5
11167,19983,4
11167,19984,9
11167,19989,2
11167,19990,5
11167,19991,15
11167,19992,1
11167,19994,10
11167,19995,10
11167,19996,14
11167,19997,23.5
11167,19999,13
11167,20002,18.5
11167,20003,10
11167,20004,13
11167,20005,5
11167,20006,11
11167,20007,1
11167,20008,6
11167,20009,5
11167,20010,6
11167,20035,18.5
11167,20036,292
11167,20037,131
11167,20045,11
11167,20046,6
11167,20047,2
11167,20048,2
11167,20061,3
11167,20063,4
11167,20064,2
11167,20065,44
11167,20066,116
11167,20067,83
11167,20068,146
11167,20069,244.5
11167,20070,198
11167,20071,175
11167,20072,45.5
11167,20073,44.5
11167,20078,3
11167,20092,2
11167,20102,2
11167,20104,3
11167,20105,9
11167,20107,14
11167,20108,27
11167,20109,32
11167,20110,60.5
11167,20111,180.5
11167,20112,182.5
11167,20113,130
11167,20114,67
11167,20115,37
11167,20116,38.5
11167,20117,36
11167,20118,40
11167,20119,43
11167,20120,64.5
11167,20121,28
11167,20122,7
11167,20123,31
11167,20124,6
11167,20126,5
11167,20127,14
11167,20128,54
11167,20129,23
11167,20130,30
11167,20131,19
11167,20132,5
11167,20133,7
11167,20134,1
11167,20136,2
11167,20154,2
11167,20155,1
11168,19882,19
11168,19883,21
11168,19884,40.5
11168,19885,60
11168,19886,44
11168,19887,53.5
11168,19888,67
11168,19889,69
11168,19890,125.5
11168,19891,110
11168,19892,98.5
11168,19893,172
11168,19894,267.5
11168,19895,28
11168,19896,94
11168,19897,65.5
11168,19898,44.5
11168,19899,8
11168,19901,14
11168,19903,11
11168,19904,20
11168,19905,10
11168,19906,11
11168,19908,11
11168,19909,18.5
11168,19910,19
11168,19911,8
11168,19912,59.5
11168,19913,97.5
11168,19914,51
11168,19916,55.5
11168,19917,6
11168,19919,15
11168,19920,6
11168,19921,4
11168,19922,6
11168,19923,5.5
11168,19924,154.5
11168,19925,25
11168,19926,111
11168,19927,87
11168,19928,78.5
11168,19929,155.5
11168,19930,116
11168,19931,308.5
11168,19932,238.5
11168,19933,185.5
11168,19934,581.5
11168,19935,740.5
11168,19936,813.5
11168,19937,1001
11168,19938,778.5
11168,19939,512
11168,19940,1255.5
11168,19941,609
11168,19942,684.5
11168,19943,568
11168,19944,431.5
11168,19945,17
11168,19946,6
11168,19947,4
11168,19948,214.5
11168,19949,308.5
11168,19950,332
11168,19951,188.5
11168,19952,215
11168,19953,338
11168,19954,423
11168,19955,161
11168,19956,66.5
11168,19957,99
11168,19958,206.5
11168,19959,258.5
11168,19960,188
11168,19961,130.5
11168,19962,170.5
11168,19963,230
11168,19964,133
11168,19965,805.5
11168,19966,38.5
11168,19967,7
11168,19968,267
11168,19969,147
11168,19970,161.5
11168,19971,18
11168,19972,480
11168,19973,249
11168,19974,269
11168,19975,94
11168,19976,97.5
11168,19977,50.5
11168,19978,157.5
11168,19979,84.5
11168,19980,79.5
11168,19981,4
11168,19982,475
11168,19983,317
11168,19984,8
11168,19986,9
11168,19987,1
11168,19989,14
11168,19990,2
11168,19991,14
11168,19992,12
11168,19993,2
11168,19994,2
11168,19995,10
11168,19996,14
11168,20000,12
11168,20001,2
11168,20002,2
11168,20004,32
11168,20005,41.5
11168,20006,26
11168,20007,2
11168,20008,7
11168,20009,1
11168,20010,2
11168,20025,1
11168,20035,226
11168,20036,143.5
11168,20037,5
11168,20046,14
11168,20047,4
11168,20060,2
11168,20061,1
11168,20062,13
11168,20063,16
11168,20064,13
11168,20065,3
11168,20066,41
11168,20067,93
11168,20068,62
11168,20069,242.5
11168,20070,129.5
11168,20071,107
11168,20072,83
11168,20073,94
11168,20074,21
11168,20078,12
11168,20079,4
11168,20092,1
11168,20102,11
11168,20103,2
11168,20104,3
11168,20105,1
11168,20106,31
11168,20107,49
11168,20108,53
11168,20109,11
11168,20110,61
11168,20111,131
11168,20112,178
11168,20113,58
11168,20114,53
11168,20115,49
11168,20116,31
11168,20117,24
11168,20118,60.5
11168,20119,92
11168,20120,70.5
11168,20122,112
11168,20123,14
11168,20126,2
11168,20127,22
11168,20128,39
11168,20129,25
11168,20130,31
11168,20131,6.5
11168,20132,12
11168,20133,11
11168,20134,21
11168,20135,19.5
11168,20136,13
11168,20137,4
11168,20153,8
11168,20154,7
11169,19881,8
11169,19882,31.5
11169,19883,35.5
11169,19884,23
11169,19885,22
11169,19886,43
11169,19887,38
11169,19888,67.5
11169,19889,78.5
11169,19890,194
11169,19891,139
11169,19892,96
11169,19893,109
11169,19894,137
11169,19895,144
11169,19896,28
11169,19898,33
11169,19899,98
11169,19900,31
11169,19901,15
11169,19902,42
11169,19903,24
11169,19904,52.5
11169,19905,23
11169,19906,14
11169,19907,13
11169,19908,11
11169,19909,24
11169,19910,27
11169,19911,19
11169,19912,132.5
11169,19914,15
11169,19915,14
11169,19916,40
11169,19917,19
11169,19918,4
11169,19919,12
11169,19920,7
11169,19921,2
11169,19922,3
11169,19923,60
11169,19924,279
11169,19925,72
11169,19926,1282.5
11169,19927,274
11169,19928,113
11169,19929,26
11169,19930,135.5
11169,19931,130
11169,19932,149.5
11169,19933,208.5
11169,19934,198
11169,19935,285
11169,19936,552
11169,19937,826.5
11169,19938,696
11169,19939,513.5
11169,19940,1195.5
11169,19941,596.5
11169,19942,288.5
11169,19943,472
11169,19944,1097.5
11169,19945,471.5
11169,19946,457.5
11169,19947,282.5
11169,19948,388.5
11169,19949,230
11169,19950,216
11169,19951,98
11169,19952,201
11169,19953,68
11169,19954,60
11169,19955,26
11169,19956,77
11169,19957,97
11169,19958,267
11169,19959,83.5
11169,19960,190
11169,19961,124.5
11169,19962,139
11169,19963,134
11169,19964,164.5
11169,19965,419.5
11169,19966,362
11169,19967,100
11169,19968,98
11169,19969,128.5
11169,19970,357.5
11169,19971,131
11169,19973,44
11169,19974,290
11169,19975,346
11169,19976,165.5
11169,19977,74
11169,19978,70
11169,19979,38
11169,19984,6
11169,19988,5
11169,19989,8
11169,19990,12.5
11169,19991,10
11169,19992,1
11169,19993,6
11169,19994,31
11169,19995,4
11169,19996,10
11169,20000,21
11169,20001,5
11169,20002,4
11169,20003,4
11169,20004,44
11169,20005,12
11169,20035,2
11169,20036,6
11169,20038,2
11169,20047,14
11169,20061,5
11169,20063,29
11169,20064,18
11169,20065,10
11169,20067,43
11169,20068,40
11169,20069,45
11169,20070,136.5
11169,20071,132.5
11169,20072,78.5
11169,20073,42
11169,20077,4.5
11169,20078,26.5
11169,20079,4
11169,20104,2
11169,20105,22.5
11169,20106,46
11169,20107,45
11169,20108,22
11169,20109,18
11169,20110,27
11169,20111,128.5
11169,20112,104
11169,20113,27
11169,20114,36
11169,20115,7
11169,20116,3
11169,20119,26
11169,20121,3
11169,20128,8
11169,20129,36.5
11169,20130,32.5
11169,20131,17
11169,20132,19
11169,20133,8
11169,20134,35
11169,20135,5
11169,20136,6
11169,20137,7
11169,20138,15
11169,20139,9
11169,20140,5.5
11169,20141,19
11169,20142,3
11169,20143,3
11169,20147,2
11169,20151,7
11169,20152,6
11169,20153,4
11169,20154,5
11169,20155,11
11169,20156,3
11170,19882,8
11170,19883,19
11170,19884,22.5
11170,19885,4
11170,19886,82.5
11170,19887,58.5
11170,19888,66.5
11170,19889,149
11170,19890,33
11170,19891,84
11170,19892,39
11170,19893,76
11170,19894,62
11170,19895,18
11170,19897,2
11170,19898,61.5
11170,19899,14
11170,19900,15
11170,19901,23.5
11170,19902,14
11170,19904,8
11170,19905,8
11170,19906,21
11170,19907,29
11170,19908,34
11170,19909,64.5
11170,19910,53
11170,19911,157.5
11170,19912,109.5
11170,19913,36
11170,19914,13
11170,19915,9
11170,19916,14
11170,19917,1
11170,19918,12
11170,19919,14
11170,19920,9
11170,19921,67.5
11170,19922,108.5
11170,19923,11
11170,19924,59.5
11170,19925,220
11170,19926,807.5
11170,19927,10
11170,19928,50
11170,19929,19
11170,19930,460
11170,19931,47.5
11170,19932,18
11170,19933,336.5
11170,19934,395
11170,19935,186.5
11170,19936,93
11170,19937,143
11170,19938,232
11170,19939,324
11170,19940,430.5
11170,19941,198
11170,19942,427
11170,19943,221.5
11170,19944,233
11170,19945,21
11170,19946,5
11170,19947,66.5
11170,19948,192.5
11170,19949,220.5
11170,19950,108
11170,19951,117
11170,19952,46
11170,19953,53
11170,19954,61
11170,19955,41
11170,19956,9
11170,19957,19
11170,19958,50
11170,19959,354.5
11170,19960,182.5
11170,19961,54.5
11170,19962,71.5
11170,19963,113
11170,19964,149.5
11170,19965,165
11170,19966,569
11170,19967,256.5
11170,19968,188.5
11170,19969,165.5
11170,19970,264.5
11170,19971,50
11170,19972,129.5
11170,19974,51.5
11170,19975,20
11170,19977,58
11170,19979,2
11170,19981,16
11170,19989,20
11170,19990,6
11170,19991,6
11170,19992,27
11170,19994,12.5
11170,19995,4
11170,19996,14
11170,19997,22.5
11170,19998,12
11170,19999,20
11170,20000,2
11170,20001,8
11170,20004,7
11170,20005,38.5
11170,20006,6
11170,20008,2
11170,20036,2
11170,20037,2
11170,20061,8
11170,20062,2
11170,20063,9
11170,20064,9
11170,20067,45.5
11170,20068,8
11170,20069,9
11170,20070,29
11170,20071,8
11170,20072,16
11170,20074,3
11170,20075,3
11170,20076,7
11170,20077,8
11170,20078,28
11170,20097,6
11170,20103,15
11170,20104,11
11170,20105,20
11170,20106,24
11170,20107,38
11170,20108,9
11170,20109,5
11170,20110,29
11170,20111,26.5
11170,20112,16
11170,20113,81
11170,20114,6
11170,20115,13
11170,20116,29
11170,20118,7
11170,20129,8
11170,20130,29
11170,20131,10
11170,20133,4
11170,20134,28
11170,20136,10
11170,20137,15
11170,20138,20
11170,20139,17
11170,20140,7
11170,20141,7
11170,20142,13
11170,20143,3
11170,20144,1
11170,20147,6
11170,20148,35.5
11170,20149,17.5
11170,20151,15
11170,20152,11
11170,20153,1
11170,20154,4
11170,20155,11
11170,20156,4
11171,19883,3
11171,19884,2
11171,19885,51.5
11171,19886,61
11171,19887,88
11171,19888,70.5
11171,19889,166
11171,19890,82
11171,19891,110.5
11171,19892,117.5
11171,19893,16
11171,19894,14
11171,19895,22
11171,19896,8.5
11171,19897,16
11171,19898,25
11171,19899,30
11171,19901,30
11171,19902,4
11171,19903,10
11171,19904,8
11171,19905,4
11171,19906,60
11171,19907,43
11171,19908,34
11171,19909,406
11171,19910,33
11171,19911,56.5
11171,19912,79
11171,19913,7
11171,19916,16
11171,19917,17.5
11171,19918,56
11171,19919,32
11171,19920,41.5
11171,19921,3
11171,19922,96
11171,19923,20
11171,19924,14
11171,19925,1
11171,19926,275
11171,19927,203
11171,19928,25
11171,19929,11
11171,19930,500
11171,19931,78
11171,19932,152
11171,19933,169.5
11171,19934,247.5
11171,19935,146
11171,19936,529
11171,19937,751.5
11171,19938,206.5
11171,19939,549
11171,19940,500.5
11171,19941,213.5
11171,19942,245.5
11171,19943,448.5
11171,19944,156
11171,19945,214
11171,19946,165.5
11171,19947,134
11171,19948,166.5
11171,19949,50
11171,19950,36.5
11171,19951,6
11171,19952,8
11171,19955,10
11171,19958,2
11171,19959,3
11171,19960,32
11171,19961,45
11171,19962,28
11171,19963,62
11171,19964,125
11171,19965,152
11171,19966,568
11171,19967,602
11171,19968,517
11171,19969,289.5
11171,19970,336.5
11171,19971,153.5
11171,19972,31
11171,19973,3
11171,19976,146.5
11171,19977,278
11171,19978,1
11171,19986,7
11171,19990,2
11171,19991,3
11171,19992,8
11171,19993,4
11171,19994,3
11171,19996,18
11171,19997,23
11171,19998,37
11171,19999,86.5
11171,20000,10
11171,20001,7
11171,20004,32.5
11171,20005,172
11171,20006,52
11171,20009,13
11171,20015,3
11171,20032,7.5
11171,20035,1
11171,20036,4
11171,20059,7
11171,20060,6
11171,20061,10
11171,20063,10
11171,20064,13.5
11171,20065,12
11171,20066,10
11171,20067,4
11171,20070,1
11171,20071,4
11171,20076,8
11171,20077,18
11171,20078,3
11171,20079,5
11171,20081,13.5
11171,20082,4
11171,20087,7
11171,20090,3
11171,20096,10
11171,20097,38
11171,20098,19
11171,20099,2
11171,20102,8
11171,20103,5
11171,20104,20
11171,20106,3
11171,20107,8
11171,20109,4
11171,20112,24
11171,20113,163
11171,20114,96
11171,20115,13
11171,20116,8
11171,20118,1
11171,20119,4
11171,20129,1
11171,20130,13
11171,20136,2
11171,20137,8
11171,20138,2
11171,20139,5
11171,20140,8
11171,20141,10
11171,20147,11
11171,20148,50
11171,20149,3
11171,20152,2
11171,20155,5
11171,20156,8
11171,20157,5
11171,20158,7
11171,20159,3
11171,20165,2
11171,20166,5
11171,20167,3
11171,20169,1
11171,20170,4
11172,19884,12
11172,19885,53
11172,19886,99.5
11172,19887,67.5
11172,19888,52
11172,19889,100
11172,19890,97
11172,19891,34
11172,19892,63
11172,19893,7
11172,19894,29
11172,19895,21
11172,19896,20
11172,19897,20.5
11172,19898,32
11172,19899,9
11172,19900,3
11172,19901,2
11172,19902,5
11172,19904,7
11172,19905,6
11172,19906,31
11172,19907,28
11172,19908,59
11172,19909,176.5
11172,19910,518
11172,19911,165.5
11172,19912,93
11172,19913,23
11172,19914,2
11172,19915,17
11172,19916,12
11172,19917,74.5
11172,19918,49
11172,19919,37
11172,19920,7
11172,19921,10
11172,19922,23
11172,19923,83
11172,19924,91
11172,19925,1141
11172,19926,147.5
11172,19927,218
11172,19928,137
11172,19929,76
11172,19930,120
11172,19931,699.5
11172,19932,227.5
11172,19933,218.5
11172,19934,175.5
11172,19935,223.5
11172,19936,239
11172,19937,390.5
11172,19938,637.5
11172,19939,305.5
11172,19940,215.5
11172,19941,127
11172,19942,241
11172,19943,153.5
11172,19944,118.5
11172,19945,83
11172,19946,162
11172,19947,88.5
11172,19948,68.5
11172,19949,67.5
11172,19950,7.5
11172,19951,14
11172,19960,5
11172,19961,7
11172,19962,19
11172,19963,64
11172,19964,67.5
11172,19965,91
11172,19966,194
11172,19967,302
11172,19968,197.5
11172,19969,251.5
11172,19970,221.5
11172,19971,374
11172,19972,329.5
11172,19973,43
11172,19976,4
11172,19979,5
11172,19982,3
11172,19985,1
11172,19989,2
11172,19991,5
11172,19992,7
11172,19993,3
11172,19994,10
11172,19995,12
11172,19996,9
11172,19997,5
11172,19998,12
11172,19999,37.5
11172,20000,18
11172,20002,1
11172,20003,21
11172,20004,113
11172,20005,249.5
11172,20006,198.5
11172,20008,6
11172,20010,3
11172,20015,1
11172,20027,5
11172,20031,4
11172,20034,6
11172,20036,3
11172,20051,2
11172,20059,5
11172,20061,8
11172,20063,8
11172,20064,7
11172,20067,18
11172,20070,3
11172,20071,2
11172,20078,5
11172,20079,21
11172,20080,9
11172,20087,9
11172,20088,7
11172,20089,20
11172,20091,4
11172,20097,3
11172,20098,30
11172,20099,22
11172,20100,19
11172,20101,16
11172,20102,6
11172,20103,7
11172,20104,8
11172,20105,6
11172,20106,2
11172,20110,3
11172,20111,6
11172,20112,25.5
11172,20113,8
11172,20114,3
11172,20116,2
11172,20118,10
11172,20119,4
11172,20120,4
11172,20136,9.5
11172,20137,7
11172,20140,3
11172,20146,2
11172,20147,42
11172,20148,5
11172,20152,2
11172,20155,8
11172,20156,27
11172,20157,4
11172,20158,26
11172,20159,26
11172,20160,9
11172,20161,6
11172,20163,3
11172,20165,4
11172,20166,12
11172,20167,15
11172,20168,8
11172,20169,8
11172,20170,6
11172,20171,17
11172,20172,8
11172,20173,9
11172,20174,3
11172,20178,1
11172,20179,5
11172,20181,3
11173,19871,3
11173,19872,31
11173,19884,24.5
11173,19885,47
11173,19886,17
11173,19887,48
11173,19888,52.5
11173,19889,37
11173,19890,79
11173,19891,74
11173,19892,31.5
11173,19893,25
11173,19894,15
11173,19895,3
11173,19896,8
11173,19897,34
11173,19898,43
11173,19899,11
11173,19900,2
11173,19901,5
11173,19902,3
11173,19903,4
11173,19904,2
11173,19905,5
11173,19906,18
11173,19907,8.5
11173,19908,41
11173,19909,131
11173,19910,124
11173,19911,325
11173,19912,260
11173,19913,113
11173,19914,71.5
11173,19915,109
11173,19916,107.5
11173,19917,74.5
11173,19918,58
11173,19919,28
11173,19921,9
11173,19922,17
11173,19923,36
11173,19924,6
11173,19925,3
11173,19926,51.5
11173,19927,127
11173,19928,89
11173,19929,372
11173,19930,291.5
11173,19931,180
11173,19932,421.5
11173,19933,303.5
11173,19934,341
11173,19935,253
11173,19936,231
11173,19937,602
11173,19938,272
11173,19939,186
11173,19940,404.5
11173,19941,64
11173,19942,71
11173,19943,62
11173,19944,24
11173,19945,79.5
11173,19946,83
11173,19947,29
11173,19948,10.5
11173,19949,18.5
11173,19950,2
11173,19951,2
11173,19960,2
11173,19963,9
11173,19964,12
11173,19965,132
11173,19966,260.5
11173,19967,98.5
11173,19968,42
11173,19969,242
11173,19970,367.5
11173,19971,403.5
11173,19972,123.5
11173,19973,156.5
11173,19974,110.5
11173,19975,44
11173,19976,4
11173,19977,3
11173,19982,7
11173,19983,3
11173,19984,4
11173,19985,1
11173,19986,1
11173,19987,14
11173,19989,2
11173,19992,6
11173,19993,4
11173,19994,1
11173,19995,14
11173,19996,6
11173,19997,3
11173,19998,10
11173,19999,6
11173,20000,30
11173,20001,10
11173,20002,32
11173,20003,123
11173,20004,301
11173,20005,173.5
11173,20006,14
11173,20007,225.5
11173,20008,36
11173,20009,44.5
11173,20010,78.5
11173,20011,4
11173,20012,9.5
11173,20013,3
11173,20014,13.5
11173,20015,3
11173,20033,6
11173,20038,3
11173,20039,7
11173,20052,3
11173,20059,2
11173,20060,2
11173,20063,6
11173,20065,6
11173,20066,6
11173,20070,13
11173,20072,4
11173,20076,1
11173,20079,14
11173,20092,1
11173,20097,3
11173,20098,5
11173,20099,7
11173,20100,5
11173,20101,2
11173,20102,2
11173,20104,15
11173,20105,12
11173,20106,3
11173,20111,8
11173,20112,2
11173,20115,2
11173,20116,1
11173,20125,2
11173,20136,2
11173,20138,2
11173,20144,2
11173,20145,10
11173,20146,10
11173,20147,2
11173,20149,3
11173,20150,3
11173,20151,2
11173,20156,15
11173,20158,13
11173,20159,17
11173,20160,8
11173,20161,4
11173,20162,11
11173,20163,14
11173,20164,7
11173,20165,14
11173,20166,7
11173,20167,10
11173,20168,8
11173,20169,16.5
11173,20170,7
11173,20171,11
11173,20172,8
11173,20173,4
11173,20174,4
11173,20175,3
11174,19871,4
11174,19872,37
11174,19873,3
11174,19884,18.5
11174,19885,72
11174,19886,27
11174,19887,29.5
11174,19888,58
11174,19889,25
11174,19890,64.5
11174,19891,58
11174,19892,32
11174,19893,16
11174,19894,11
11174,19895,8
11174,19896,23
11174,19897,43
11174,19898,49
11174,19899,12
11174,19900,19
11174,19901,6
11174,19903,4
11174,19905,12
11174,19906,11
11174,19907,26
11174,19908,37
11174,19909,81.5
11174,19910,75.5
11174,19911,140
11174,19912,248
11174,19913,206
11174,19914,59
11174,19915,43
11174,19916,30
11174,19917,53
11174,19918,49.5
11174,19919,38.5
11174,19920,14
11174,19921,14
11174,19922,31
11174,19923,29
11174,19924,95
11174,19925,17
11174,19926,141.5
11174,19927,206
11174,19928,380
11174,19929,122
11174,19930,267.5
11174,19931,187
11174,19932,177.5
11174,19933,256
11174,19934,121
11174,19935,192
11174,19936,165.5
11174,19937,79
11174,19938,184.5
11174,19939,151.5
11174,19940,157.5
11174,19941,43
11174,19942,31
11174,19943,30
11174,19945,12
11174,19946,22
11174,19947,29
11174,19948,5
11174,19962,5
11174,19963,18
11174,19964,3
11174,19965,76
11174,19966,128
11174,19967,113.5
11174,19968,471.5
11174,19969,111.5
11174,19970,64
11174,19971,74
11174,19972,86.5
11174,19973,93.5
11174,19974,97
11174,19975,86
11174,19976,82
11174,19977,77
11174,19978,47
11174,19979,48.5
11174,19980,70.5
11174,19981,62
11174,19982,53
11174,19984,3
11174,19985,6
11174,19986,2
11174,19988,2
11174,19992,6
11174,19993,2
11174,19994,2
11174,19995,9
11174,19996,7
11174,19997,3
11174,19998,14
11174,19999,38
11174,20000,142
11174,20001,142
11174,20002,242.5
11174,20003,177.5
11174,20004,407
11174,20005,225.5
11174,20006,300
11174,20007,126.5
11174,20008,99
11174,20009,77
11174,20010,36.5
11174,20011,2
11174,20012,4
11174,20015,5
11174,20018,4
11174,20032,8
11174,20033,9
11174,20059,3
11174,20061,1
11174,20065,5
11174,20067,3
11174,20068,4
11174,20073,7
11174,20083,2
11174,20101,11
11174,20104,6
11174,20105,20
11174,20106,14
11174,20116,2
11174,20117,3
11174,20144,13
11174,20145,25
11174,20149,17
11174,20150,16
11174,20151,7
11174,20152,2
11174,20157,4
11174,20158,10.5
11174,20159,9
11174,20160,14.5
11174,20161,5
11174,20162,6
11174,20163,17
11174,20164,22
11174,20165,4
11174,20166,3
11174,20167,1
11174,20168,16
11174,20169,26
11174,20170,7
11174,20171,3
11174,20172,6
11174,20173,3
11174,20174,7
11175,19868,41
11175,19869,22
11175,19870,35.5
11175,19871,16
11175,19872,62
11175,19873,246
11175,19874,42
11175,19883,9.5
11175,19884,27
11175,19885,59.5
11175,19886,62
11175,19887,40
11175,19888,9
11175,19889,3
11175,19890,81
11175,19891,212
11175,19892,13
11175,19893,14
11175,19894,12
11175,19895,19.5
11175,19896,6.5
11175,19897,58.5
11175,19898,30
11175,19900,16
11175,19901,3
11175,19902,1
11175,19903,5
11175,19904,2
11175,19905,17
11175,19906,28
11175,19907,29
11175,19908,28
11175,19909,53
11175,19910,52
11175,19911,287
11175,19912,531
11175,19913,103.5
11175,19914,143
11175,19915,65
11175,19916,19
11175,19917,23
11175,19918,49.5
11175,19919,35.5
11175,19920,19
11175,19921,16
11175,19922,26
11175,19923,24
11175,19924,30
11175,19926,10
11175,19927,177
11175,19928,891.5
11175,19929,339.5
11175,19930,265.5
11175,19931,135
11175,19932,144.5
11175,19933,187
11175,19934,224
11175,19935,96.5
11175,19936,79.5
11175,19937,188
11175,19938,708
11175,19939,88
11175,19940,286
11175,19941,43
11175,19942,66
11175,19946,3
11175,19947,17
11175,19963,1
11175,19964,5
11175,19965,40
11175,19966,232.5
11175,19967,36
11175,19968,88
11175,19969,7
11175,19970,3
11175,19971,28
11175,19972,35
11175,19973,79.5
11175,19974,92.5
11175,19975,39
11175,19976,94
11175,19977,56.5
11175,19978,82.5
11175,19979,38
11175,19980,61.5
11175,19981,73.5
11175,19982,44
11175,19984,5.5
11175,19986,2
11175,19988,1
11175,19991,4
11175,19994,2
11175,19995,7
11175,19996,5
11175,19997,26
11175,19998,18
11175,19999,67
11175,20000,149.5
11175,20001,144.5
11175,20002,259.5
11175,20003,318.5
11175,20004,249
11175,20005,329.5
11175,20006,170.5
11175,20007,117
11175,20008,63
11175,20009,153.5
11175,20010,45
11175,20013,1
11175,20014,4
11175,20015,10
11175,20030,1
11175,20056,2
11175,20057,1
11175,20100,1
11175,20101,2.5
11175,20109,4
11175,20117,6
11175,20150,10.5
11175,20151,15
11175,20152,11
11175,20160,5
11175,20161,16
11175,20162,2
11175,20163,4
11175,20170,7
11175,20171,7
11175,20191,1
11175,20192,2
11176,19863,40.5
11176,19864,44.5
11176,19865,7
11176,19866,18
11176,19867,43
11176,19868,97.5
11176,19869,61
11176,19870,52.5
11176,19871,73
11176,19872,205.5
11176,19873,268
11176,19874,355
11176,19875,152
11176,19876,56
11176,19877,101.5
11176,19881,8
11176,19882,35
11176,19883,9
11176,19884,76
11176,19885,30
11176,19886,79.5
11176,19887,51.5
11176,19888,14
11176,19890,69.5
11176,19891,20.5
11176,19892,3
11176,19893,3
11176,19894,28
11176,19895,4
11176,19896,7
11176,19897,14
11176,19898,10
11176,19900,6
11176,19901,15
11176,19902,1
11176,19903,14
11176,19904,5
11176,19905,37
11176,19906,19
11176,19907,14
11176,19908,15
11176,19909,23.5
11176,19910,83
11176,19911,239
11176,19912,302.5
11176,19913,73
11176,19914,60
11176,19915,50
11176,19916,44
11176,19917,11
11176,19918,35
11176,19919,18
11176,19920,21
11176,19921,29
11176,19922,13
11176,19923,20
11176,19924,19
11176,19926,73
11176,19927,727
11176,19928,108
11176,19929,135
11176,19930,232.5
11176,19931,136
11176,19932,121.5
11176,19933,184.5
11176,19934,166
11176,19935,298.5
11176,19936,220
11176,19937,131
11176,19938,191.5
11176,19939,113.5
11176,19940,6
11176,19941,1
11176,19942,3
11176,19963,3
11176,19964,18
11176,19965,38
11176,19966,57
11176,19967,131.5
11176,19968,161.5
11176,19969,1
11176,19970,11
11176,19971,6
11176,19972,29
11176,19973,13
11176,19974,17
11176,19975,48
11176,19976,40
11176,19977,37.5
11176,19978,18
11176,19979,48
11176,19980,93.5
11176,19981,31
11176,19986,1
11176,19988,1
11176,19990,1
11176,19991,1
11176,19994,5
11176,19995,1
11176,19996,6
11176,19997,11
11176,19998,8
11176,19999,26
11176,20000,100
11176,20001,135
11176,20002,230.5
11176,20003,167
11176,20004,362
11176,20005,246
11176,20006,173
11176,20007,79
11176,20008,316
11176,20009,135
11176,20010,82
11176,20012,5
11176,20013,2
11176,20014,3
11176,20026,8
11176,20032,6
11176,20057,1
11176,20058,3
11176,20061,3
11176,20077,9
11176,20102,8
11176,20105,6
11176,20107,6
11176,20116,7
11176,20118,2
11176,20121,2
11176,20145,2
11176,20146,8
11176,20151,1
11176,20157,2
11176,20161,11
11176,20163,3
11176,20164,59
11176,20165,20
11176,20170,2
11176,20171,1
11176,20181,2
11176,20182,6
11176,20184,2
11176,20185,3
11176,20186,5
11176,20188,2.5
11176,20189,3
11176,20190,22
11176,20191,45
11176,20192,22
11177,19862,4
11177,19863,4
11177,19864,31
11177,19865,83
11177,19866,85.5
11177,19867,47.5
11177,19868,101
11177,19869,86
11177,19870,117
11177,19871,65
11177,19872,109
11177,19873,146.5
11177,19874,186
11177,19875,123.5
11177,19876,72
11177,19877,94.5
11177,19878,64
11177,19879,52
11177,19880,38.5
11177,19881,40.5
11177,19882,36
11177,19883,13
11177,19884,26
11177,19885,4
11177,19886,29
11177,19887,31
11177,19888,12
11177,19889,2
11177,19890,6
11177,19891,17
11177,19892,13
11177,19893,4
11177,19894,1
11177,19895,1
11177,19896,17
11177,19897,16
11177,19898,11
11177,19899,2
11177,19900,7
11177,19901,1
11177,19902,21
11177,19903,10
11177,19904,2
11177,19905,7
11177,19906,7
11177,19907,6
11177,19908,25
11177,19909,5
11177,19910,51
11177,19911,53
11177,19912,92.5
11177,19913,32.5
11177,19914,58
11177,19915,18
11177,19916,3
11177,19917,6
11177,19918,5
11177,19919,13
11177,19920,14
11177,19921,40.5
11177,19922,10
11177,19923,7
11177,19924,12
11177,19926,24
11177,19927,99
11177,19928,99
11177,19929,53.5
11177,19930,60
11177,19931,373
11177,19932,73.5
11177,19933,87.5
11177,19934,166.5
11177,19935,99.5
11177,19936,376.5
11177,19937,383.5
11177,19938,34.5
11177,19939,323.5
11177,19963,13
11177,19964,41.5
11177,19965,108
11177,19966,31
11177,19967,103
11177,19968,77.5
11177,19969,146.5
11177,19970,2
11177,19974,1
11177,19975,21
11177,19976,35.5
11177,19977,50
11177,19978,17
11177,19980,45
11177,19981,36
11177,19986,5
11177,19987,10
11177,19994,2
11177,19995,1
11177,19996,12
11177,19997,12
11177,20000,37
11177,20001,61.5
11177,20002,146.5
11177,20003,108.5
11177,20004,100
11177,20005,254.5
11177,20006,186
11177,20007,57
11177,20008,169.5
11177,20009,154.5
11177,20010,43
11177,20012,4
11177,20015,17
11177,20040,2
11177,20057,1
11177,20058,6
11177,20059,4
11177,20065,1
11177,20066,2
11177,20075,3
11177,20103,10
11177,20104,6
11177,20105,22.5
11177,20128,1
11177,20129,3
11177,20145,2
11177,20146,2
11177,20181,60
11177,20182,51.5
11177,20183,41
11177,20184,16
11177,20185,10
11177,20186,17
11177,20187,162
11177,20188,53
11177,20189,18
11177,20190,13
11177,20191,83.5
11177,20192,125.5
11177,20193,21
11177,20194,4
11178,19863,40
11178,19864,96.5
11178,19865,48
11178,19866,97.5
11178,19867,85.5
11178,19868,121
11178,19869,112
11178,19870,100
11178,19871,167
11178,19872,121
11178,19873,84
11178,19874,249
11178,19875,94.5
11178,19876,64.5
11178,19877,112
11178,19878,51
11178,19879,110
11178,19880,60
11178,19881,5
11178,19882,31
11178,19883,9
11178,19884,4
11178,19885,23.5
11178,19886,4
11178,19887,22
11178,19888,1
11178,19889,4
11178,19890,13
11178,19891,22
11178,19892,7
11178,19894,1
11178,19895,3
11178,19896,5
11178,19897,15
11178,19898,15
11178,19899,11
11178,19900,19
11178,19901,5
11178,19902,12
11178,19903,37.5
11178,19904,42
11178,19905,32.5
11178,19906,14
11178,19907,6
11178,19908,21
11178,19909,22
11178,19910,8
11178,19911,18
11178,19912,19
11178,19913,70
11178,19914,48
11178,19915,27.5
11178,19917,4
11178,19918,14
11178,19919,4
11178,19920,16
11178,19921,7
11178,19922,14
11178,19923,3
11178,19924,7
11178,19925,11.5
11178,19926,18
11178,19927,37.5
11178,19928,146
11178,19929,142
11178,19930,39
11178,19931,48
11178,19932,108
11178,19933,48
11178,19934,138.5
11178,19935,98
11178,19936,42
11178,19937,81
11178,19938,6
11178,19939,18
11178,19957,2
11178,19958,3
11178,19959,2
11178,19961,1
11178,19962,22
11178,19963,40.5
11178,19964,49
11178,19965,37
11178,19966,37
11178,19967,121
11178,19968,160.5
11178,19969,144
11178,19970,9
11178,19976,6
11178,19977,26
11178,19978,10.5
11178,19979,2
11178,19980,13
11178,19981,39
11178,19987,2
11178,19988,20
11178,19991,4
11178,19993,3
11178,19995,14
11178,19996,15
11178,19998,14
11178,20000,6
11178,20001,75
11178,20002,196.5
11178,20003,51
11178,20004,192.5
11178,20005,126
11178,20006,103.5
11178,20007,79
11178,20008,121
11178,20009,100
11178,20010,31
11178,20011,30
11178,20012,5
11178,20013,6
11178,20024,4
11178,20038,9
11178,20065,9
11178,20105,16
11178,20109,4
11178,20181,14
11178,20182,39
11178,20183,9
11178,20184,11
11178,20185,15
11178,20186,149
11178,20187,268
11178,20188,84.5
11178,20189,90
11178,20190,95
11178,20191,133
11178,20192,61
11178,20193,5
11178,20194,1
11179,19863,13
11179,19864,38
11179,19865,94.5
11179,19866,75
11179,19867,50
11179,19868,77
11179,19869,70
11179,19870,185.5
11179,19871,161
11179,19872,251
11179,19873,127
11179,19874,79.5
11179,19875,73.5
11179,19876,42
11179,19877,25
11179,19878,59
11179,19879,1
11179,19880,13
11179,19881,11
11179,19882,20.5
11179,19883,19
11179,19884,18
11179,19885,2
11179,19886,28
11179,19889,2
11179,19890,30
11179,19891,20.5
11179,19892,6
11179,19893,2
11179,19894,6
11179,19895,8
11179,19896,8
11179,19897,15
11179,19898,16
11179,19900,12
11179,19901,32.5
11179,19902,18
11179,19903,16
11179,19904,17
11179,19905,13
11179,19906,9
11179,19907,6
11179,19908,17
11179,19909,13
11179,19910,2
11179,19912,34
11179,19913,35
11179,19914,19
11179,19924,7
11179,19925,31.5
11179,19928,77
11179,19929,83
11179,19930,444
11179,19931,81
11179,19932,48
11179,19933,99.5
11179,19934,181.5
11179,19935,98
11179,19936,87
11179,19937,82
11179,19938,37.5
11179,19939,78
11179,19940,460
11179,19957,1
11179,19958,8
11179,19959,13
11179,19960,18
11179,19961,18.5
11179,19962,40
11179,19963,28
11179,19964,25.5
11179,19965,10
11179,19966,11
11179,19969,58
11179,19970,87
11179,19972,25
11179,19973,2
11179,19974,4
11179,19975,3
11179,19976,5
11179,19977,4
11179,19981,61
11179,19982,36
11179,19983,56
11179,19984,3
11179,19985,8
11179,19986,10
11179,19987,34
11179,19988,30
11179,19989,12
11179,19990,7
11179,19991,6
11179,19992,3
11179,19993,4
11179,19995,28
11179,19996,12
11179,20000,4
11179,20001,4.5
11179,20002,38
11179,20003,20
11179,20004,17.5
11179,20005,2
11179,20006,15
11179,20007,2
11179,20008,83.5
11179,20009,75
11179,20010,66
11179,20011,42
11179,20012,9
11179,20013,12
11179,20014,12.5
11179,20016,11
11179,20038,6
11179,20039,6
11179,20041,2
11179,20042,17
11179,20063,9
11179,20064,2
11179,20067,2
11179,20080,6
11179,20085,4
11179,20106,4
11179,20115,1
11179,20138,1
11179,20180,2
11179,20182,10
11179,20183,20
11179,20184,17.5
11179,20185,111.5
11179,20186,93.5
11179,20187,153.5
11179,20188,21.5
11179,20189,283
11179,20190,231.5
11179,20191,240
11179,20192,33.5
11179,20233,2
11180,19863,4
11180,19864,8
11180,19865,17
11180,19866,59
11180,19867,102
11180,19868,90
11180,19869,79
11180,19870,48
11180,19871,226
11180,19872,96
11180,19873,49
11180,19874,76
11180,19875,106
11180,19876,4
11180,19877,5
11180,19878,18.5
11180,19879,32
11180,19880,12
11180,19881,4
11180,19882,2
11180,19886,3
11180,19887,14
11180,19889,25.5
11180,19890,20
11180,19891,30
11180,19892,9.5
11180,19894,8
11180,19895,5
11180,19896,17
11180,19897,13
11180,19898,16
11180,19899,7
11180,19900,13
11180,19901,9
11180,19902,5
11180,19908,2
11180,19909,6
11180,19910,5
11180,19912,9
11180,19913,6
11180,19924,15
11180,19925,5.5
11180,19928,14
11180,19929,41
11180,19930,86
11180,19931,58
11180,19932,72
11180,19933,93
11180,19934,125.5
11180,19935,103
11180,19936,93.5
11180,19937,74
11180,19938,146.5
11180,19939,122
11180,19940,90.5
11180,19942,4.5
11180,19943,1
11180,19955,5
11180,19957,6
11180,19958,6
11180,19959,5
11180,19960,35
11180,19961,6
11180,19962,15
11180,19963,36
11180,19964,25
11180,19965,1
11180,19969,72
11180,19970,67
11180,19971,8
11180,19972,8
11180,19980,4
11180,19981,7
11180,19982,58.5
11180,19983,43
11180,19984,23
11180,19985,17
11180,19986,40
11180,19987,41
11180,19988,28
11180,19989,37
11180,19990,21
11180,19991,10
11180,19993,4
11180,19995,7
11180,19998,9
11180,19999,10
11180,20006,1
11180,20008,1
11180,20009,9
11180,20010,70
11180,20011,66
11180,20012,18
11180,20013,71.5
11180,20014,2
11180,20016,1
11180,20018,3
11180,20027,4
11180,20042,16
11180,20043,35
11180,20062,3
11180,20063,2
11180,20064,3
11180,20079,3
11180,20080,2
11180,20082,2
11180,20083,9
11180,20084,13
11180,20085,9
11180,20086,24
11180,20087,8
11180,20088,2
11180,20105,7
11180,20140,1
11180,20181,2
11180,20182,11
11180,20183,43
11180,20184,28
11180,20185,63.5
11180,20186,43
11180,20187,50
11180,20188,311
11180,20189,53
11180,20190,296.5
11180,20191,75
11180,20192,12
11181,19851,5
11181,19852,3
11181,19853,1
11181,19866,3
11181,19868,45
11181,19869,68.5
11181,19870,39.5
11181,19871,80
11181,19872,32
11181,19873,23
11181,19874,31.5
11181,19875,6
11181,19878,1
11181,19879,7
11181,19881,8
11181,19882,1
11181,19883,2
11181,19889,9
11181,19890,8
11181,19891,28
11181,19892,2
11181,19893,2
11181,19894,3
11181,19895,12
11181,19896,17
11181,19897,13
11181,19898,22
11181,19899,3
11181,19901,2
11181,19911,2
11181,19912,7.5
11181,19913,5
11181,19929,30
11181,19930,91
11181,19931,105
11181,19932,85.5
11181,19933,118.5
11181,19934,112.5
11181,19935,117.5
11181,19936,106
11181,19937,87
11181,19938,124.5
11181,19939,92
11181,19940,59
11181,19941,48
11181,19943,2
11181,19955,2
11181,19956,6
11181,19957,34
11181,19958,33
11181,19959,12
11181,19960,44
11181,19961,36
11181,19962,45
11181,19963,14
11181,19964,10
11181,19965,6
11181,19969,2
11181,19970,4
11181,19973,4
11181,19974,1
11181,19982,9
11181,19983,24
11181,19984,27
11181,19985,38
11181,19986,25
11181,19987,29
11181,19988,40.5
11181,19989,25
11181,19990,28
11181,19991,7
11181,19992,4
11181,19995,6
11181,20000,4
11181,20005,5
11181,20006,10
11181,20007,5
11181,20010,43
11181,20011,68.5
11181,20012,45
11181,20013,11
11181,20014,18
11181,20015,11
11181,20016,7
11181,20017,10
11181,20022,2
11181,20023,1
11181,20025,1
11181,20042,9
11181,20043,29.5
11181,20044,16
11181,20062,6
11181,20063,48
11181,20064,13
11181,20077,2
11181,20081,13
11181,20082,11
11181,20083,16
11181,20084,9
11181,20085,11
11181,20086,5
11181,20087,4
11181,20106,2
11181,20107,6.5
11181,20108,2
11181,20152,2
11181,20182,1
11181,20183,6
11181,20184,49
11181,20185,40.5
11181,20186,31
11181,20187,34
11181,20188,18
11181,20189,109
11181,20190,54.5
11181,20191,49.5
11181,20192,27
11181,20230,4
11182,19850,6
11182,19851,14
11182,19852,13
11182,19853,11
11182,19854,1
11182,19868,48
11182,19869,60
11182,19870,25
11182,19871,54
11182,19872,63
11182,19873,9
11182,19874,4
11182,19875,1
11182,19876,1
11182,19878,2
11182,19881,10
11182,19882,5
11182,19883,8
11182,19884,4
11182,19885,12
11182,19886,7
11182,19887,5
11182,19888,14
11182,19889,15
11182,19890,2
11182,19891,3
11182,19892,2
11182,19893,1
11182,19896,6
11182,19897,10.5
11182,19898,3
11182,19909,7
11182,19912,6
11182,19929,64.5
11182,19930,129.5
11182,19931,101.5
11182,19932,81
11182,19933,123.5
11182,19934,122.5
11182,19935,46
11182,19936,46
11182,19937,74
11182,19938,281.5
11182,19940,55
11182,19941,92
11182,19942,24
11182,19943,9
11182,19946,3
11182,19955,2
11182,19956,6
11182,19957,33.5
11182,19958,31
11182,19959,3
11182,19960,39.5
11182,19961,76
11182,19962,38
11182,19963,9
11182,19964,48.5
11182,19982,25
11182,19983,19
11182,19984,32
11182,19985,44
11182,19986,38.5
11182,19988,4
11182,19989,12
11182,19990,5
11182,19991,15
11182,19992,69
11182,19993,9
11182,19994,24
11182,19995,2
11182,19996,5
11182,19998,2
11182,20002,3
11182,20004,5
11182,20006,4
11182,20011,21
11182,20012,7
11182,20013,31
11182,20014,107
11182,20015,22.5
11182,20016,6
11182,20017,1
11182,20021,4
11182,20022,5
11182,20042,2
11182,20049,12
11182,20050,22.5
11182,20062,2
11182,20063,4
11182,20064,22
11182,20065,6
11182,20069,5
11182,20077,2
11182,20082,5
11182,20083,6
11182,20084,2
11182,20085,4
11182,20086,5
11182,20087,3
11182,20182,1
11182,20183,17
11182,20184,32
11182,20185,16
11182,20186,27.5
11182,20187,83.5
11182,20188,151.5
11182,20189,73.5
11182,20190,21
11182,20191,6
11182,20192,51
11182,20193,9
11183,19850,7
11183,19851,15
11183,19852,9
11183,19853,22.5
11183,19856,3
11183,19868,12
11183,19869,11
11183,19870,50
11183,19871,164.5
11183,19872,28
11183,19873,1
11183,19875,5
11183,19877,3
11183,19878,18
11183,19880,1
11183,19881,1
11183,19883,12.5
11183,19884,9
11183,19885,16
11183,19886,3
11183,19887,4
11183,19888,9
11183,19889,5
11183,19929,9
11183,19930,64
11183,19931,75
11183,19932,84
11183,19933,81
11183,19934,72.5
11183,19935,31
11183,19936,2
11183,19937,38
11183,19938,893.5
11183,19940,47
11183,19941,44.5
11183,19942,145.5
11183,19943,39
11183,19944,7
11183,19946,5
11183,19948,2
11183,19952,11
11183,19953,18.5
11183,19954,6
11183,19956,4
11183,19957,6
11183,19958,5
11183,19959,4
11183,19960,18
11183,19961,39.5
11183,19962,37
11183,19963,55.5
11183,19964,5
11183,19983,7
11183,19984,32
11183,19985,33
11183,19986,7
11183,19988,5
11183,19989,13
11183,19991,205.5
11183,19992,25
11183,19993,14
11183,19994,17
11183,19995,18
11183,19996,2
11183,19997,32
11183,19998,33.5
11183,19999,19
11183,20002,17
11183,20012,2
11183,20013,57
11183,20014,22.5
11183,20015,39
11183,20016,51
11183,20017,4
11183,20018,8
11183,20022,7
11183,20023,2
11183,20049,32
11183,20050,34
11183,20051,3
11183,20052,5
11183,20053,8
11183,20054,2
11183,20065,5
11183,20081,18
11183,20082,19
11183,20083,3
11183,20085,14
11183,20086,17
11183,20087,16
11183,20088,14
11183,20089,14
11183,20090,2
11183,20183,26
11183,20184,25
11183,20185,47
11183,20186,39.5
11183,20187,45
11183,20188,52
11183,20189,32
11183,20190,118
11183,20191,13
11183,20192,69
11183,20193,16
11183,20230,3
11183,20235,1
11183,20236,3
11184,19850,14.5
11184,19851,2
11184,19852,27
11184,19853,10
11184,19854,2
11184,19857,10
11184,19858,5
11184,19859,4
11184,19869,21
11184,19870,31
11184,19871,47.5
11184,19872,21
11184,19873,2
11184,19876,4.5
11184,19877,17
11184,19879,14
11184,19880,4
11184,19883,7
11184,19884,8
11184,19885,4
11184,19886,10
11184,19887,1
11184,19888,2
11184,19936,2
11184,19937,1
11184,19938,2
11184,19939,3
11184,19940,53
11184,19941,79.5
11184,19942,99
11184,19943,63
11184,19944,27
11184,19945,64
11184,19946,61.5
11184,19947,47.5
11184,19948,27.5
11184,19949,30
11184,19950,5
11184,19955,28
11184,19958,3
11184,19960,1
11184,19961,4
11184,19962,16
11184,19963,11
11184,19983,14
11184,19984,16
11184,19985,24.5
11184,19986,10
11184,19987,8
11184,19988,11
11184,19989,22.5
11184,19990,59
11184,19991,438.5
11184,19992,80
11184,19993,202.5
11184,19994,81
11184,19995,43
11184,19996,25
11184,19997,77
11184,19998,113.5
11184,19999,1
11184,20008,5
11184,20009,2
11184,20012,23
11184,20013,83
11184,20014,77
11184,20015,62
11184,20016,61.5
11184,20017,47.5
11184,20018,6
11184,20023,5
11184,20047,7
11184,20050,3
11184,20051,3
11184,20052,8
11184,20053,4
11184,20065,1
11184,20066,5
11184,20068,1
11184,20082,20
11184,20083,2
11184,20084,6
11184,20085,35
11184,20086,6
11184,20087,3
11184,20088,1
11184,20089,6
11184,20183,32
11184,20184,45
11184,20185,59
11184,20186,96.5
11184,20187,40
11184,20188,40
11184,20190,14
11184,20191,15
11184,20192,18
11184,20193,35
11184,20194,15.5
11184,20219,1
11184,20220,1.5
11184,20236,2
11185,19850,2
11185,19851,10
11185,19852,17
11185,19853,6
11185,19854,9
11185,19856,5
11185,19857,19.5
11185,19858,15
11185,19867,10
11185,19868,44
11185,19869,37
11185,19870,78.5
11185,19871,44
11185,19872,39
11185,19873,13
11185,19875,2
11185,19876,16
11185,19877,4
11185,19878,13
11185,19883,3
11185,19936,4
11185,19937,5
11185,19938,19
11185,19939,10
11185,19940,60.5
11185,19941,126
11185,19942,61
11185,19943,350
11185,19944,97
11185,19945,52
11185,19946,57
11185,19947,80
11185,19948,83.5
11185,19949,155.5
11185,19954,30.5
11185,19960,4
11185,19961,63
11185,19962,12
11185,19963,9
11185,19983,6
11185,19984,14
11185,19985,51.5
11185,19986,61
11185,19987,82
11185,19988,55.5
11185,19989,111.5
11185,19990,247.5
11185,19991,330
11185,19992,216.5
11185,19993,227
11185,19994,38.5
11185,19995,33.5
11185,19996,45.5
11185,19997,101
11185,19998,35
11185,19999,15
11185,20004,4
11185,20007,14
11185,20008,20
11185,20009,6
11185,20010,9.5
11185,20011,16.5
11185,20012,62
11185,20013,95.5
11185,20014,66
11185,20015,24
11185,20016,41
11185,20017,23.5
11185,20018,1
11185,20022,19
11185,20023,7
11185,20052,2
11185,20053,2
11185,20056,3
11185,20057,1
11185,20068,4
11185,20082,22
11185,20083,14.5
11185,20084,11
11185,20085,34
11185,20086,11
11185,20087,5
11185,20088,9
11185,20089,20
11185,20090,22
11185,20092,8
11185,20093,11
11185,20145,1
11185,20182,11
11185,20183,17
11185,20184,20
11185,20185,43
11185,20186,128
11185,20187,26
11185,20188,14
11185,20189,2
11185,20190,12
11185,20191,7
11185,20192,15
11185,20193,29
11185,20194,7
11185,20195,13
11185,20218,7
11185,20219,5
11185,20220,3
11185,20235,3
11186,19855,3
11186,19856,6
11186,19857,14
11186,19858,21.5
11186,19859,5
11186,19863,7
11186,19865,2
11186,19867,21
11186,19868,15
11186,19869,86.5
11186,19870,40
11186,19871,67
11186,19872,18
11186,19875,6.5
11186,19876,10
11186,19877,4
11186,19878,14
11186,19908,2
11186,19935,2
11186,19936,1
11186,19937,8
11186,19938,13
11186,19939,47
11186,19940,71
11186,19941,47
11186,19942,18
11186,19943,29
11186,19944,54
11186,19945,20
11186,19946,45
11186,19947,130
11186,19948,83.5
11186,19949,114.5
11186,19950,39
11186,19952,29
11186,19953,37
11186,19954,23
11186,19961,26
11186,19962,24
11186,19963,7
11186,19984,5
11186,19985,8
11186,19986,34.5
11186,19987,126.5
11186,19988,174
11186,19989,99
11186,19990,109.5
11186,19991,191.5
11186,19992,279.5
11186,19993,361.5
11186,19994,189.5
11186,19995,108
11186,19996,45
11186,19997,54
11186,19998,19
11186,20004,2
11186,20005,9
11186,20006,9
11186,20007,31.5
11186,20008,21
11186,20009,24
11186,20010,35
11186,20011,63
11186,20012,77
11186,20013,55.5
11186,20014,23
11186,20015,8
11186,20016,5
11186,20017,23
11186,20018,17
11186,20021,2
11186,20023,3
11186,20054,4
11186,20056,4
11186,20062,2
11186,20082,15
11186,20083,12
11186,20084,12
11186,20085,11
11186,20087,4
11186,20088,26
11186,20089,26
11186,20090,32
11186,20091,31
11186,20092,29
11186,20093,17
11186,20183,2
11186,20186,5
11186,20187,14
11186,20188,5
11186,20189,9
11186,20190,38
11186,20191,20
11186,20192,29
11186,20193,9
11186,20194,6
11186,20195,11
11186,20196,6
11186,20211,2
11186,20213,2
11186,20215,1
11186,20218,3
11186,20219,15
11186,20220,2
11186,20221,4
11186,20222,3
11186,20231,1
11186,20233,10
11186,20234,1
11186,20236,2
11186,20237,5
11186,20238,5
11186,20239,1
11187,19855,6
11187,19856,8
11187,19858,23.5
11187,19863,13
11187,19866,3
11187,19869,12
11187,19870,7.5
11187,19871,11
11187,19872,1
11187,19875,1
11187,19876,23
11187,19877,15
11187,19878,8
11187,19903,1
11187,19907,23
11187,19908,10
11187,19933,4
11187,19934,4
11187,19935,8
11187,19936,10
11187,19937,11
11187,19938,3
11187,19939,26
11187,19940,23
11187,19941,5
11187,19942,24.5
11187,19943,30
11187,19944,27.5
11187,19945,62
11187,19946,43
11187,19947,96
11187,19948,88
11187,19949,16
11187,19950,56
11187,19951,33.5
11187,19952,7
11187,19953,5
11187,19961,3
11187,19963,5.5
11187,19987,17
11187,19988,15
11187,19989,153
11187,19990,276.5
11187,19991,72
11187,19992,296
11187,19993,216
11187,19994,119
11187,19995,75
11187,19996,111
11187,19997,57
11187,19998,34.5
11187,19999,22
11187,20000,16
11187,20002,2
11187,20007,2
11187,20008,23
11187,20009,13
11187,20010,33
11187,20011,23.5
11187,20013,19.5
11187,20014,5
11187,20018,11
11187,20021,7
11187,20022,9
11187,20024,48.5
11187,20061,10
11187,20062,8
11187,20082,5
11187,20083,10
11187,20084,43
11187,20085,11
11187,20086,40.5
11187,20087,4
11187,20091,8
11187,20092,4
11187,20093,4
11187,20111,1
11187,20186,3
11187,20187,6
11187,20188,28
11187,20189,12
11187,20190,143.5
11187,20191,35
11187,20192,41
11187,20193,11
11187,20194,6
11187,20195,5
11187,20196,2
11187,20205,5
11187,20206,2
11187,20207,1
11187,20208,1
11187,20212,9
11187,20213,7
11187,20216,6
11187,20217,2
11187,20218,10
11187,20219,4
11187,20220,5
11187,20221,7
11187,20222,2
11187,20232,7
11187,20233,4
11187,20234,3
11187,20235,1
11187,20236,6
11187,20237,9
11187,20238,6
11188,19856,5
11188,19857,19
11188,19858,16
11188,19859,4
11188,19861,6
11188,19862,5
11188,19864,4.5
11188,19865,2
11188,19866,3
11188,19868,24.5
11188,19869,8
11188,19870,19.5
11188,19871,15
11188,19872,19
11188,19873,27
11188,19874,6
11188,19875,10
11188,19876,7
11188,19877,5
11188,19878,5
11188,19879,6
11188,19880,4
11188,19908,19.5
11188,19909,16
11188,19910,8
11188,19912,11
11188,19933,12
11188,19934,53.5
11188,19937,11
11188,19938,2
11188,19939,3
11188,19940,7
11188,19941,27
11188,19942,37
11188,19943,43
11188,19944,77
11188,19945,116.5
11188,19946,131.5
11188,19947,43
11188,19948,7
11188,19949,163
11188,19950,94
11188,19951,2
11188,19952,4
11188,19989,26
11188,19990,72.5
11188,19991,103.5
11188,19992,126
11188,19993,47
11188,19994,165
11188,19995,53.5
11188,19996,31
11188,19997,77
11188,19998,49
11188,19999,47
11188,20000,36
11188,20001,1
11188,20002,3
11188,20003,6
11188,20008,10
11188,20009,5
11188,20010,2
11188,20012,5
11188,20015,5
11188,20016,3
11188,20061,6
11188,20083,4
11188,20084,21
11188,20085,4
11188,20086,35
11188,20087,3
11188,20185,6
11188,20186,1
11188,20188,117.5
11188,20189,60
11188,20190,8
11188,20191,13
11188,20192,27.5
11188,20193,8
11188,20194,9
11188,20197,2
11188,20202,5
11188,20203,2
11188,20204,2
11188,20205,1
11188,20206,1
11188,20207,2
11188,20208,4
11188,20209,4
11188,20210,2
11188,20211,11
11188,20212,2
11188,20213,9
11188,20216,5
11188,20217,1
11188,20219,7
11188,20220,9
11188,20221,1
11188,20232,2
11188,20233,1
11188,20234,7
11188,20235,4.5
11188,20241,2
11189,19850,2
11189,19851,7
11189,19854,5
11189,19856,4
11189,19857,10
11189,19858,2
11189,19861,16
11189,19862,18.5
11189,19865,7
11189,19866,5
11189,19867,12
11189,19868,14
11189,19869,4.5
11189,19870,23
11189,19871,35
11189,19872,1
11189,19874,1
11189,19875,8
11189,19876,4
11189,19877,2
11189,19878,4
11189,19879,3.5
11189,19905,8
11189,19906,14
11189,19910,1
11189,19911,4
11189,19912,6
11189,19934,7
11189,19935,4
11189,19937,12
11189,19938,11
11189,19939,29
11189,19940,35.5
11189,19941,70
11189,19942,62.5
11189,19943,59
11189,19944,104.5
11189,19945,90.5
11189,19946,45.5
11189,19947,52
11189,19948,21
11189,19949,69
11189,19950,18
11189,19959,2
11189,19976,2
11189,19977,1
11189,19989,5
11189,19990,5
11189,19991,4
11189,19992,102.5
11189,19993,40
11189,19994,117.5
11189,19995,38
11189,19996,89.5
11189,19997,38.5
11189,19998,19.5
11189,19999,28.5
11189,20000,11.5
11189,20008,2
11189,20009,2
11189,20012,2
11189,20015,2
11189,20016,13
11189,20017,8
11189,20018,8
11189,20021,2
11189,20022,4
11189,20024,9
11189,20025,1
11189,20086,4
11189,20087,10
11189,20185,3
11189,20186,1
11189,20187,6
11189,20188,18
11189,20189,18.5
11189,20190,12
11189,20191,26
11189,20192,100
11189,20193,28
11189,20194,9
11189,20195,2
11189,20196,1
11189,20198,13
11189,20201,5
11189,20202,12
11189,20203,2
11189,20204,1
11189,20205,1
11189,20206,3
11189,20207,4
11189,20208,6
11189,20209,3
11189,20211,4
11189,20213,9
11189,20214,8
11189,20215,3
11189,20217,2
11189,20220,2
11189,20221,3
11189,20223,3
11189,20233,3
11189,20234,9
11189,20235,8
11189,20239,1
11190,19850,3
11190,19851,62
11190,19852,11
11190,19856,2
11190,19857,6
11190,19858,2
11190,19859,10
11190,19860,1
11190,19861,2
11190,19864,5
11190,19865,4
11190,19866,2
11190,19867,4
11190,19868,16
11190,19869,9
11190,19870,6
11190,19871,8
11190,19872,20.5
11190,19876,1
11190,19877,7.5
11190,19879,1
11190,19898,2
11190,19899,7
11190,19904,18
11190,19905,45
11190,19906,3
11190,19910,2
11190,19911,13
11190,19912,4
11190,19913,4
11190,19933,7
11190,19934,3
11190,19935,4.5
11190,19936,6
11190,19937,7
11190,19938,10
11190,19939,6
11190,19940,5
11190,19941,11
11190,19942,66.5
11190,19943,100
11190,19944,53.5
11190,19945,90
11190,19946,87
11190,19947,22
11190,19948,17
11190,19949,4
11190,19950,4
11190,19962,3
11190,19973,5
11190,19974,2
11190,19975,5
11190,19980,8.5
11190,19981,5
11190,19991,4
11190,19992,69
11190,19993,102
11190,19994,30
11190,19995,24
11190,19996,10
11190,19997,7.5
11190,19998,3
11190,19999,11
11190,20000,1
11190,20001,4
11190,20004,23
11190,20009,3
11190,20017,7
11190,20020,2
11190,20022,9
11190,20024,2
11190,20087,5
11190,20163,3
11190,20185,7
11190,20186,7
11190,20187,15
11190,20188,24.5
11190,20189,15
11190,20190,6
11190,20191,18
11190,20192,18.5
11190,20193,20.5
11190,20194,8
11190,20195,3
11190,20201,36.5
11190,20202,21
11190,20203,4
11190,20206,2
11190,20210,8
11190,20211,5
11190,20212,11
11190,20213,6
11190,20214,8
11190,20215,5
11190,20218,4
11190,20221,2
11190,20232,1
11190,20233,14
11190,20234,2
11190,20235,4
11191,19849,18
11191,19850,35
11191,19851,51
11191,19858,10
11191,19859,19
11191,19860,11
11191,19862,1
11191,19865,2
11191,19866,8
11191,19867,7
11191,19868,13
11191,19869,2
11191,19870,18
11191,19871,10
11191,19872,6
11191,19875,2
11191,19878,1
11191,19879,9
11191,19880,2
11191,19890,2
11191,19894,2
11191,19895,3
11191,19897,11
11191,19898,5
11191,19899,14
11191,19900,8
11191,19901,9
11191,19902,8
11191,19903,8
11191,19904,12.5
11191,19905,82
11191,19906,60
11191,19908,1
11191,19910,2
11191,19911,8
11191,19912,13
11191,19913,4
11191,19918,3
11191,19932,1
11191,19934,4
11191,19936,2
11191,19941,27
11191,19942,59
11191,19943,65.5
11191,19944,67
11191,19945,98
11191,19946,35
11191,19948,4
11191,19949,4
11191,19975,4
11191,19976,2
11191,19981,19
11191,19982,9
11191,19984,5
11191,19985,10
11191,19986,2
11191,19991,4
11191,19992,26
11191,19993,92
11191,19994,15
11191,19996,36.5
11191,19997,25.5
11191,19998,4
11191,19999,2
11191,20001,2
11191,20002,2
11191,20007,1
11191,20017,1
11191,20021,8
11191,20024,2
11191,20062,2
11191,20088,3
11191,20089,1
11191,20164,4
11191,20165,5
11191,20169,5
11191,20185,3
11191,20186,5
11191,20187,22
11191,20188,17
11191,20189,6
11191,20191,16
11191,20192,10
11191,20193,8
11191,20194,4
11191,20201,18
11191,20202,27
11191,20203,14
11191,20210,2
11191,20211,13
11191,20212,9
11191,20213,5
11191,20214,2
11191,20215,5
11191,20216,5
11191,20217,1
11191,20218,1
11191,20229,2
11191,20231,2
11191,20232,5
11191,20238,2
11191,20239,4
11191,20246,8
11191,20248,1
11191,20249,1
11192,19848,2
11192,19849,12
11192,19850,108.5
11192,19851,28
11192,19857,2
11192,19858,6
11192,19859,12
11192,19860,10
11192,19861,6.5
11192,19862,7
11192,19863,2
11192,19864,2
11192,19865,1
11192,19866,8
11192,19867,9
11192,19868,16
11192,19869,11
11192,19870,20
11192,19871,4
11192,19872,8
11192,19874,2
11192,19875,4
11192,19877,6
11192,19878,3
11192,19879,11
11192,19885,15
11192,19886,9
11192,19887,5
11192,19892,5
11192,19893,3
11192,19894,14
11192,19895,3
11192,19896,10
11192,19897,8
11192,19898,3
11192,19900,7
11192,19901,12
11192,19902,3
11192,19903,8
11192,19904,46
11192,19905,111.5
11192,19906,55
11192,19907,13
11192,19908,8
11192,19909,5
11192,19911,2
11192,19912,8
11192,19913,17
11192,19914,3
11192,19919,4
11192,19920,11
11192,19941,7
11192,19943,24
11192,19944,49
11192,19945,93.5
11192,19946,4
11192,19947,6
11192,19948,21
11192,19981,4
11192,19982,14
11192,19983,10
11192,19984,35
11192,19985,23
11192,19986,3
11192,19991,24
11192,19992,11
11192,19993,89
11192,19994,18
11192,19995,4
11192,19996,31
11192,19997,20.5
11192,19998,3
11192,19999,4
11192,20000,10
11192,20002,5
11192,20003,5
11192,20006,1
11192,20021,18
11192,20022,3
11192,20024,9
11192,20064,2
11192,20088,1
11192,20119,4
11192,20164,1
11192,20165,3
11192,20166,2
11192,20167,4
11192,20169,8
11192,20186,3
11192,20187,10
11192,20188,17
11192,20189,5.5
11192,20190,28
11192,20191,24
11192,20192,2
11192,20196,4
11192,20197,7
11192,20198,3
11192,20200,8
11192,20201,6.5
11192,20202,6
11192,20203,28
11192,20206,4
11192,20209,1
11192,20210,11
11192,20212,1
11192,20213,7
11192,20214,2
11192,20215,5
11192,20216,4
11192,20217,3
11192,20220,4
11192,20227,3
11192,20228,2
11192,20229,2
11192,20230,10
11192,20231,2
11192,20232,1
11192,20234,2
11192,20235,1
11192,20237,1
11192,20238,2
11192,20242,4
11192,20243,1
11192,20244,2
11192,20250,3
11193,19849,1
11193,19850,16
11193,19851,220.5
11193,19852,22.5
11193,19857,4
11193,19858,16.5
11193,19859,3
11193,19860,2
11193,19864,8
11193,19865,13
11193,19866,1
11193,19867,8
11193,19868,3
11193,19869,2
11193,19870,13
11193,19871,14
11193,19872,7
11193,19873,13
11193,19875,2
11193,19876,4
11193,19877,17.5
11193,19878,4
11193,19880,24
11193,19881,17
11193,19882,16
11193,19883,2
11193,19884,15
11193,19885,9
11193,19886,2
11193,19887,17
11193,19888,9
11193,19889,14
11193,19890,26
11193,19891,7
11193,19892,2
11193,19893,9
11193,19894,3
11193,19895,12
11193,19896,1
11193,19902,2
11193,19903,12
11193,19904,41
11193,19905,152.5
11193,19906,110
11193,19907,27
11193,19908,1
11193,19911,12
11193,19912,21
11193,19913,21
11193,19914,9
11193,19920,12
11193,19921,26.5
11193,19922,55
11193,19940,10
11193,19941,39
11193,19942,72
11193,19943,23
11193,19944,43
11193,19945,101
11193,19946,2
11193,19947,3
11193,19948,7
11193,19983,2
11193,19984,2
11193,19985,14
11193,19986,7
11193,19987,2
11193,19991,5
11193,19992,12
11193,19993,63
11193,19994,68
11193,19995,10
11193,19996,5
11193,19997,15.5
11193,19998,15
11193,19999,1
11193,20000,3
11193,20001,8
11193,20003,3
11193,20004,4
11193,20005,3
11193,20007,8
11193,20008,2
11193,20024,5
11193,20056,4
11193,20059,2
11193,20127,2
11193,20165,1
11193,20166,3
11193,20167,3
11193,20169,6
11193,20187,8
11193,20188,2
11193,20191,5
11193,20192,2
11193,20196,3
11193,20197,1
11193,20198,6
11193,20199,16
11193,20200,14
11193,20201,13
11193,20202,34.5
11193,20203,18
11193,20204,19
11193,20205,8
11193,20209,6
11193,20210,2
11193,20211,1
11193,20212,2
11193,20213,2
11193,20214,1
11193,20215,2
11193,20220,2
11193,20227,6
11193,20228,4
11193,20229,6
11193,20230,9
11193,20231,1
11193,20232,2
11193,20234,4
11193,20236,6
11193,20237,3
11193,20238,2
11193,20239,2
11194,19850,15
11194,19851,74.5
11194,19852,6
11194,19868,4
11194,19870,28.5
11194,19871,19
11194,19872,8
11194,19874,9
11194,19876,5
11194,19877,7
11194,19878,6
11194,19879,6
11194,19880,5
11194,19881,3
11194,19883,3
11194,19887,4
11194,19888,1
11194,19890,4
11194,19891,4
11194,19893,8
11194,19894,2
11194,19895,9
11194,19896,4
11194,19903,6
11194,19904,4
11194,19905,153.5
11194,19906,17.5
11194,19907,6
11194,19908,7
11194,19909,6
11194,19912,13
11194,19913,16
11194,19914,5
11194,19915,4
11194,19917,4
11194,19919,5
11194,19920,21.5
11194,19921,11
11194,19922,35
11194,19923,43
11194,19924,17
11194,19925,3
11194,19941,40
11194,19942,88
11194,19943,84.5
11194,19944,157.5
11194,19945,161
11194,19946,6
11194,19986,4
11194,19990,3
11194,19991,64.5
11194,19992,32.5
11194,19993,24
11194,19994,14
11194,19995,44.5
11194,19996,97
11194,19997,42
11194,19998,23
11194,19999,11
11194,20000,13
11194,20001,6
11194,20003,2
11194,20005,1
11194,20006,2
11194,20007,8
11194,20009,4
11194,20010,2
11194,20025,4
11194,20057,2
11194,20167,7
11194,20188,9
11194,20189,6
11194,20193,1
11194,20195,2
11194,20199,4
11194,20200,15
11194,20201,61
11194,20202,14.5
11194,20203,12
11194,20204,8
11194,20205,28
11194,20208,2
11194,20209,6
11194,20210,2
11194,20211,6
11194,20212,1
11194,20213,1
11194,20215,1
11194,20216,4
11194,20218,2
11194,20224,3
11194,20225,1
11194,20228,1
11194,20229,2
11194,20235,4
11194,20237,3
11194,20239,2
11194,20241,2
11194,20244,3
11195,19851,28
11195,19852,39
11195,19853,29
11195,19854,6
11195,19859,3
11195,19861,21
11195,19866,1
11195,19867,5
11195,19868,5
11195,19870,12
11195,19871,12
11195,19875,1
11195,19877,12
11195,19878,7
11195,19879,3
11195,19880,6
11195,19881,3
11195,19882,10
11195,19883,25
11195,19884,5
11195,19886,3
11195,19887,6
11195,19891,6
11195,19892,22
11195,19894,4
11195,19895,8
11195,19897,7
11195,19903,4
11195,19905,48
11195,19906,1
11195,19907,59.5
11195,19908,30
11195,19909,3
11195,19913,5
11195,19914,8
11195,19915,8
11195,19916,18
11195,19917,10
11195,19918,10
11195,19919,2
11195,19921,9.5
11195,19922,19
11195,19923,18
11195,19924,18
11195,19925,2
11195,19941,5
11195,19942,26
11195,19943,16
11195,19944,224.5
11195,19945,19
11195,19985,5
11195,19986,19
11195,19987,3
11195,19988,39
11195,19989,6
11195,19990,85.5
11195,19991,98.5
11195,19992,15
11195,19993,21
11195,19994,16
11195,19995,63
11195,19996,99.5
11195,19997,63
11195,19998,6
11195,20000,5
11195,20001,4
11195,20003,5
11195,20006,4
11195,20007,4
11195,20010,4
11195,20021,7
11195,20131,3
11195,20143,3
11195,20167,4
11195,20187,13
11195,20188,4
11195,20192,1.5
11195,20198,5
11195,20199,12
11195,20200,10
11195,20201,10
11195,20202,19.5
11195,20203,18
11195,20204,36
11195,20205,58
11195,20207,1
11195,20208,7
11195,20209,6
11195,20210,1
11195,20211,7
11195,20212,1
11195,20216,1
11195,20226,2
11195,20227,7
11195,20228,6
11195,20229,9
11195,20230,2
11195,20231,1
11195,20232,2
11195,20233,4
11195,20234,1
11195,20235,1
11195,20237,2
11195,20238,25
11196,19850,5
11196,19851,32
11196,19852,34
11196,19853,50.5
11196,19854,117
11196,19855,36
11196,19856,8
11196,19858,6.5
11196,19859,1
11196,19860,1
11196,19861,3
11196,19862,7
11196,19863,18
11196,19864,10
11196,19866,12.5
11196,19867,2
11196,19869,6
11196,19870,5
11196,19871,12
11196,19872,5
11196,19873,2
11196,19876,8
11196,19877,4
11196,19878,10
11196,19879,11
11196,19880,13
11196,19881,8
11196,19882,62
11196,19883,34
11196,19884,19
11196,19885,34
11196,19886,6
11196,19887,3
11196,19891,6
11196,19892,16
11196,19893,10
11196,19894,11
11196,19896,2
11196,19897,3
11196,19902,7
11196,19903,5
11196,19904,6
11196,19906,8
11196,19907,21
11196,19908,27
11196,19909,20
11196,19910,1
11196,19914,9
11196,19915,4
11196,19916,2
11196,19919,1
11196,19921,5
11196,19922,18
11196,19923,13
11196,19924,28
11196,19925,23
11196,19926,5
11196,19943,7
11196,19944,6
11196,19945,2
11196,19946,2
11196,19981,1
11196,19985,10
11196,19986,34
11196,19987,29
11196,19988,23
11196,19989,22
11196,19991,4
11196,19992,19
11196,19993,51
11196,19994,12
11196,19995,143
11196,19996,97.5
11196,19997,2
11196,19998,5.5
11196,19999,6
11196,20000,7
11196,20001,5
11196,20002,4
11196,20005,5
11196,20011,5
11196,20027,10
11196,20132,4
11196,20144,5
11196,20156,1
11196,20167,2
11196,20197,3
11196,20198,10
11196,20199,13
11196,20200,4
11196,20201,4
11196,20202,10
11196,20203,16.5
11196,20204,40
11196,20205,12
11196,20206,57.5
11196,20207,26
11196,20208,22
11196,20209,9
11196,20210,2
11196,20211,3
11196,20225,2
11196,20229,2
11196,20231,6
11196,20232,2
11196,20234,1
11196,20235,1
11196,20236,1
11196,20247,9
11197,19850,4
11197,19851,19
11197,19852,34
11197,19853,23
11197,19854,55.5
11197,19855,35.5
11197,19856,51
11197,19857,1
11197,19858,5
11197,19859,21
11197,19860,14
11197,19861,1
11197,19862,3
11197,19863,30
11197,19864,2
11197,19865,1
11197,19866,3
11197,19867,10
11197,19868,12
11197,19869,7
11197,19870,4
11197,19871,6
11197,19872,8
11197,19873,1
11197,19874,3
11197,19875,2
11197,19876,7
11197,19877,8
11197,19878,2
11197,19879,4
11197,19880,9
11197,19881,8
11197,19882,109
11197,19883,40.5
11197,19884,37
11197,19885,37
11197,19886,37.5
11197,19887,9
11197,19888,14
11197,19891,2
11197,19892,8
11197,19893,5
11197,19894,6
11197,19895,1
11197,19896,9
11197,19897,6
11197,19898,5
11197,19899,2
11197,19900,1
11197,19901,12
11197,19902,1
11197,19903,11
11197,19904,1
11197,19905,15
11197,19906,7
11197,19907,5
11197,19908,30.5
11197,19909,10
11197,19910,4
11197,19916,9
11197,19921,3
11197,19922,6
11197,19923,11
11197,19924,2
11197,19925,14
11197,19926,2
11197,19985,7
11197,19986,16
11197,19987,47
11197,19988,12
11197,19989,2
11197,19990,18
11197,19991,35
11197,19992,21
11197,19993,36
11197,19994,76
11197,19995,124.5
11197,19996,113
11197,19997,9
11197,19999,6
11197,20000,2
11197,20001,10
11197,20002,7
11197,20003,2
11197,20004,6
11197,20005,2
11197,20006,3
11197,20007,11
11197,20008,2
11197,20028,4
11197,20060,3
11197,20133,1
11197,20135,4
11197,20137,4
11197,20138,1
11197,20196,2
11197,20197,8
11197,20198,2
11197,20199,6
11197,20200,3
11197,20201,10.5
11197,20204,14
11197,20205,21
11197,20206,33
11197,20207,48
11197,20208,13
11197,20209,16
11197,20216,4
11197,20219,6
11197,20227,2
11197,20229,5
11197,20230,1
11197,20233,5
11197,20235,3
11197,20236,1
11197,20237,1
11197,20239,2
11197,20247,8
11198,19850,32
11198,19851,64
11198,19852,73
11198,19853,72
11198,19854,39
11198,19855,48
11198,19856,37
11198,19857,46
11198,19858,29
11198,19859,6
11198,19861,2
11198,19862,6
11198,19863,4
11198,19864,8
11198,19865,2
11198,19866,7
11198,19867,7
11198,19868,7
11198,19869,14
11198,19872,12
11198,19875,5
11198,19877,1
11198,19881,2
11198,19882,49
11198,19883,87
11198,19884,4
11198,19886,16.5
11198,19887,2
11198,19888,18.5
11198,19891,8
11198,19892,7
11198,19893,9
11198,19894,2
11198,19897,8
11198,19898,11
11198,19899,6
11198,19900,8
11198,19901,10
11198,19902,14
11198,19903,6
11198,19905,2
11198,19906,2
11198,19907,31
11198,19921,2
11198,19922,1
11198,19980,3
11198,19985,2
11198,19986,14
11198,19987,88.5
11198,19988,8
11198,19989,30
11198,19990,7
11198,19991,330
11198,19992,193
11198,19993,217.5
11198,19994,105.5
11198,19995,104.5
11198,19996,100
11198,19997,57
11198,19998,5
11198,19999,7
11198,20000,8.5
11198,20001,2
11198,20002,1
11198,20003,16.5
11198,20004,3
11198,20005,2
11198,20006,5
11198,20007,3
11198,20008,15
11198,20022,4
11198,20031,17
11198,20137,3
11198,20148,3
11198,20149,2
11198,20153,3
11198,20165,3
11198,20166,53
11198,20167,9
11198,20170,4
11198,20197,4
11198,20198,6
11198,20199,7
11198,20200,1
11198,20201,8.5
11198,20203,14
11198,20204,10
11198,20205,5
11198,20206,78.5
11198,20207,128.5
11198,20208,9.5
11198,20209,1
11198,20211,3
11198,20225,1
11198,20227,209
11198,20230,2
11198,20231,1
11198,20236,4
11198,20237,4
11198,20242,5
11198,20244,1
11199,19849,7
11199,19850,59.5
11199,19851,67
11199,19852,74.5
11199,19853,114
11199,19854,214
11199,19855,227.5
11199,19856,104
11199,19857,13
11199,19858,29
11199,19859,10
11199,19860,5
11199,19861,2
11199,19862,7
11199,19863,11
11199,19864,2
11199,19865,14
11199,19866,1
11199,19868,1
11199,19870,5
11199,19871,1
11199,19872,5
11199,19875,2
11199,19878,4
11199,19879,2
11199,19881,7
11199,19882,372.5
11199,19883,13
11199,19884,48.5
11199,19885,12
11199,19886,6
11199,19888,6
11199,19889,5
11199,19891,8
11199,19892,3
11199,19893,34
11199,19894,13
11199,19895,5
11199,19896,4
11199,19897,4
11199,19898,7
11199,19899,11
11199,19900,8
11199,19901,2
11199,19903,1
11199,19904,1
11199,19905,2
11199,19906,9
11199,19907,18
11199,19908,32
11199,19978,20
11199,19979,47
11199,19980,12
11199,19981,3
11199,19985,2
11199,19986,36
11199,19987,17
11199,19988,4.5
11199,19989,34
11199,19990,74.5
11199,19991,411.5
11199,19992,531.5
11199,19993,470
11199,19994,240
11199,19995,47.5
11199,19996,59
11199,19997,71.5
11199,19998,10
11199,19999,9
11199,20000,3
11199,20001,8
11199,20003,4
11199,20004,5
11199,20006,11
11199,20007,14
11199,20008,24
11199,20016,1
11199,20028,1
11199,20029,2
11199,20140,10
11199,20147,4
11199,20150,3
11199,20163,2
11199,20165,30
11199,20166,240
11199,20167,58
11199,20170,8
11199,20175,1
11199,20197,5
11199,20199,18
11199,20200,1
11199,20201,12
11199,20202,74
11199,20203,2
11199,20204,5
11199,20205,16
11199,20206,156.5
11199,20207,36
11199,20208,118
11199,20210,5
11199,20211,9
11199,20212,10
11199,20213,1
11199,20214,3
11199,20217,2
11199,20223,1
11199,20228,10
11199,20229,8
11199,20231,5
11199,20232,5
11199,20234,6
11199,20235,2
11199,20236,3
11199,20238,2
11199,20239,2
11200,19849,51
11200,19850,65
11200,19851,57
11200,19852,166
11200,19853,98
11200,19854,177
11200,19855,305.5
11200,19856,198.5
11200,19857,41
11200,19858,40
11200,19859,19.5
11200,19860,4
11200,19861,2
11200,19862,3
11200,19864,2
11200,19865,3
11200,19866,7
11200,19867,6
11200,19868,6.5
11200,19869,4
11200,19870,4
11200,19871,3
11200,19877,3
11200,19879,5
11200,19880,2
11200,19881,1
11200,19882,10
11200,19883,6
11200,19884,75.5
11200,19885,56
11200,19886,16
11200,19887,1
11200,19889,2
11200,19892,2
11200,19893,15
11200,19894,11
11200,19895,1
11200,19896,9
11200,19897,5
11200,19898,5
11200,19899,10
11200,19900,6
11200,19901,7
11200,19903,2
11200,19904,4
11200,19905,4
11200,19906,14
11200,19907,41
11200,19908,13
11200,19945,4
11200,19977,6
11200,19978,48
11200,19979,47
11200,19980,20.5
11200,19981,4
11200,19986,31.5
11200,19987,29
11200,19988,27
11200,19989,31
11200,19990,47
11200,19991,31
11200,19992,319
11200,19993,68.5
11200,19994,45
11200,19995,18.5
11200,19996,55.5
11200,19997,108
11200,19998,39.5
11200,19999,9
11200,20000,5
11200,20002,6
11200,20003,6
11200,20005,8
11200,20006,12
11200,20007,4
11200,20008,25
11200,20009,1
11200,20028,1
11200,20165,107.5
11200,20166,106
11200,20167,45.5
11200,20168,4
11200,20198,2
11200,20203,3
11200,20204,64
11200,20205,186.5
11200,20206,243.5
11200,20207,209
11200,20210,3
11200,20211,4
11200,20213,1
11200,20214,10
11200,20217,1
11200,20227,6
11200,20229,11
11200,20230,15
11200,20231,6
11200,20232,5
11200,20233,1
11200,20234,2
11200,20235,9
11200,20236,12
11200,20237,3
11200,20238,7
11200,20239,2
11200,20241,1
11201,19843,15
11201,19844,3
11201,19845,7
11201,19846,28.5
11201,19847,24
11201,19848,74
11201,19849,40
11201,19850,56
11201,19851,67
11201,19852,69
11201,19853,122
11201,19854,68.5
11201,19855,86.5
11201,19856,115
11201,19857,172
11201,19858,160
11201,19859,54
11201,19860,4
11201,19861,2
11201,19862,11
11201,19863,4
11201,19864,14
11201,19866,2
11201,19867,7
11201,19868,3
11201,19870,4
11201,19871,2
11201,19872,4
11201,19876,11
11201,19878,4
11201,19879,4
11201,19880,2
11201,19882,1
11201,19883,16
11201,19884,3
11201,19885,15
11201,19886,17
11201,19887,11
11201,19888,15
11201,19889,4
11201,19893,9
11201,19895,1
11201,19897,17
11201,19898,2
11201,19899,8
11201,19900,3
11201,19901,16
11201,19903,7
11201,19904,13
11201,19905,37
11201,19906,18
11201,19907,46.5
11201,19908,28
11201,19909,2
11201,19924,5
11201,19925,3
11201,19947,2
11201,19976,12
11201,19977,18.5
11201,19978,39
11201,19979,19
11201,19980,20
11201,19981,3
11201,19986,9
11201,19987,40
11201,19988,91.5
11201,19989,66
11201,19990,34
11201,19991,6
11201,19992,140
11201,19993,242.5
11201,19994,98
11201,19995,62
11201,19996,132.5
11201,19997,81.5
11201,19998,63
11201,19999,7
11201,20001,4
11201,20002,5
11201,20003,2
11201,20004,7
11201,20005,3
11201,20006,15
11201,20007,1
11201,20008,11
11201,20017,8
11201,20025,5
11201,20030,8
11201,20031,4
11201,20160,4
11201,20161,2
11201,20162,32.5
11201,20163,12
11201,20165,7
11201,20166,102.5
11201,20168,3
11201,20203,19
11201,20204,99
11201,20205,69
11201,20206,38
11201,20207,28
11201,20208,21
11201,20210,9
11201,20211,20
11201,20212,12
11201,20213,8
11201,20214,2
11201,20224,8
11201,20225,80.5
11201,20226,9
11201,20227,2
11201,20228,15
11201,20229,42
11201,20232,1
11201,20233,2
11201,20235,6
11201,20236,13
11201,20237,4
11201,20238,2
11201,20239,5
11201,20240,2
11201,20242,3
11201,20243,5
11202,19841,5
11202,19842,8
11202,19843,12
11202,19844,44.5
11202,19845,89.5
11202,19846,99
11202,19847,86
11202,19848,28
11202,19849,97
11202,19850,216
11202,19851,108
11202,19852,106
11202,19853,541.5
11202,19854,17
11202,19855,61
11202,19856,51.5
11202,19857,178
11202,19858,216
11202,19859,38
11202,19861,2
11202,19862,12
11202,19863,7
11202,19864,3
11202,19866,4
11202,19868,7
11202,19871,8
11202,19872,3
11202,19877,4
11202,19879,2
11202,19880,7
11202,19882,8
11202,19884,12
11202,19885,23
11202,19886,32.5
11202,19887,14
11202,19888,22
11202,19889,3
11202,19890,8
11202,19891,3
11202,19892,8
11202,19893,2
11202,19894,3
11202,19895,1
11202,19896,10
11202,19897,10
11202,19898,7
11202,19899,7
11202,19900,9
11202,19901,4
11202,19902,8
11202,19903,5
11202,19904,9
11202,19905,20
11202,19906,10
11202,19907,46
11202,19908,45
11202,19909,10
11202,19976,17
11202,19977,41
11202,19978,16
11202,19979,48.5
11202,19980,44.5
11202,19981,32.5
11202,19982,4
11202,19983,1
11202,19987,26
11202,19988,60.5
11202,19989,31
11202,19990,272
11202,19991,139
11202,19992,29
11202,19993,127.5
11202,19994,237.5
11202,19995,16
11202,19996,50.5
11202,19997,13
11202,19998,21
11202,19999,16
11202,20002,5
11202,20003,9
11202,20004,8
11202,20006,4
11202,20007,2
11202,20025,12.5
11202,20028,8
11202,20030,5
11202,20093,9.5
11202,20161,14
11202,20162,98
11202,20163,54
11202,20164,4
11202,20169,2
11202,20202,4
11202,20203,13
11202,20204,6
11202,20205,3
11202,20206,6
11202,20207,13
11202,20208,12
11202,20210,4
11202,20211,7
11202,20212,8
11202,20213,9
11202,20214,9
11202,20215,1
11202,20218,2
11202,20222,1
11202,20225,76
11202,20227,2
11202,20233,3
11202,20234,1
11202,20236,8
11202,20237,2
11202,20239,2
11202,20241,4
11202,20242,2
11203,19843,2
11203,19844,10
11203,19845,26
11203,19846,66
11203,19847,42
11203,19848,93
11203,19849,7
11203,19850,5
11203,19851,7
11203,19852,72.5
11203,19853,46
11203,19854,80
11203,19855,88
11203,19856,112.5
11203,19857,26
11203,19858,105
11203,19859,44
11203,19860,21
11203,19862,9
11203,19863,18
11203,19864,18
11203,19865,14
11203,19866,2
11203,19868,11
11203,19869,4
11203,19870,5
11203,19872,5
11203,19878,5
11203,19880,8
11203,19882,2
11203,19886,12
11203,19887,38
11203,19888,12
11203,19889,2
11203,19890,3
11203,19891,10
11203,19895,6
11203,19896,3
11203,19897,10
11203,19898,6
11203,19899,9
11203,19900,11
11203,19902,15
11203,19903,5
11203,19904,6
11203,19905,16
11203,19906,24
11203,19907,16
11203,19908,4
11203,19909,8
11203,19976,11
11203,19977,10
11203,19978,49.5
11203,19979,49
11203,19980,44
11203,19981,43.5
11203,19982,25
11203,19983,1
11203,19987,21
11203,19988,13
11203,19989,165.5
11203,19990,106.5
11203,19991,71
11203,19992,105
11203,19993,133
11203,19994,75
11203,19995,9
11203,19996,11.5
11203,19997,10
11203,19998,3
11203,19999,8
11203,20000,2
11203,20001,2
11203,20002,5
11203,20003,4
11203,20006,3
11203,20007,2
11203,20065,2
11203,20160,6
11203,20163,1
11203,20165,3
11203,20168,5
11203,20179,2
11203,20206,2.5
11203,20214,1
11203,20219,2
11203,20223,24.5
11203,20224,103
11203,20225,6.5
11203,20228,3
11203,20229,1
11203,20234,1
11203,20235,2
11203,20236,2
11203,20237,2
11203,20238,2
11203,20241,5
11203,20242,5
11204,19842,15
11204,19844,12
11204,19845,30
11204,19846,27
11204,19847,40.5
11204,19848,44.5
11204,19849,8
11204,19850,5
11204,19852,29
11204,19853,19
11204,19854,114
11204,19855,96
11204,19856,228.5
11204,19857,64
11204,19858,242
11204,19859,270
11204,19860,16.5
11204,19861,2
11204,19862,3
11204,19863,5
11204,19864,14.5
11204,19865,20
11204,19866,7
11204,19867,6
11204,19868,2
11204,19875,5
11204,19876,15
11204,19877,5
11204,19879,9
11204,19881,4
11204,19883,9
11204,19886,15
11204,19887,7
11204,19888,16
11204,19889,4
11204,19890,2
11204,19891,3
11204,19892,27
11204,19893,2
11204,19895,14.5
11204,19896,33
11204,19897,2
11204,19898,12
11204,19899,5
11204,19900,15
11204,19901,18
11204,19902,6
11204,19903,10
11204,19904,13
11204,19905,43
11204,19906,23
11204,19907,7
11204,19908,2
11204,19909,7
11204,19910,4
11204,19911,2
11204,19976,21
11204,19977,55.5
11204,19978,50
11204,19979,54
11204,19980,61.5
11204,19981,19.5
11204,19982,45.5
11204,19983,8
11204,19986,4
11204,19987,5
11204,19988,9.5
11204,19989,97
11204,19990,67.5
11204,19991,61
11204,19992,104.5
11204,19993,202
11204,19994,14
11204,19995,5
11204,19996,8
11204,19997,5
11204,19998,6
11204,19999,4
11204,20000,1
11204,20001,2
11204,20002,6
11204,20003,1
11204,20004,5
11204,20030,10
11204,20031,1
11204,20096,1
11204,20164,2
11204,20165,7
11204,20166,5
11204,20178,2
11204,20209,3
11204,20210,10
11204,20211,1
11204,20212,4
11204,20213,2
11204,20214,12
11204,20216,1
11204,20218,2
11204,20219,1
11204,20224,11
11204,20225,116
11204,20227,4
11204,20228,15
11204,20229,4
11204,20238,2
11204,20240,5
11204,20241,4
11204,20242,12
11205,19843,2
11205,19844,10
11205,19845,23
11205,19846,36
11205,19847,38
11205,19848,2
11205,19849,2
11205,19850,19
11205,19851,10
11205,19853,1
11205,19854,93.5
11205,19855,57
11205,19856,42
11205,19857,93
11205,19858,71
11205,19859,340
11205,19860,3
11205,19861,4
11205,19862,8
11205,19863,4
11205,19865,6
11205,19866,12
11205,19867,16
11205,19868,7
11205,19869,4
11205,19870,6
11205,19871,5
11205,19872,11
11205,19873,6
11205,19874,1
11205,19875,8
11205,19877,1
11205,19878,7
11205,19879,2
11205,19881,3
11205,19884,10
11205,19885,2
11205,19886,5
11205,19887,2
11205,19888,15
11205,19889,10
11205,19890,1
11205,19891,8
11205,19892,19
11205,19893,9
11205,19894,16
11205,19895,31
11205,19896,135
11205,19897,20
11205,19898,7
11205,19899,5
11205,19900,5
11205,19901,8
11205,19902,4
11205,19903,3
11205,19904,16
11205,19905,17
11205,19906,26
11205,19907,34
11205,19908,8
11205,19971,4
11205,19975,35.5
11205,19976,50.5
11205,19977,43.5
11205,19978,69
11205,19979,45
11205,19980,14
11205,19981,5
11205,19982,83
11205,19983,85
11205,19984,2
11205,19985,7
11205,19986,89
11205,19987,36
11205,19988,56.5
11205,19989,28.5
11205,19990,14
11205,19991,44
11205,19992,42
11205,19993,127
11205,19994,50
11205,19995,7
11205,19996,3
11205,19997,2
11205,19998,6
11205,20000,10.5
11205,20001,4
11205,20002,3
11205,20003,2
11205,20008,2
11205,20096,1
11205,20105,4
11205,20163,1
11205,20168,5
11205,20170,2
11205,20178,1
11205,20207,2
11205,20208,16
11205,20209,4
11205,20212,3
11205,20216,1
11205,20218,1
11205,20225,27
11205,20227,5
11205,20228,11
11205,20229,1
11205,20237,1
11205,20238,3
11205,20239,7
11205,20241,4
11205,20242,6
11205,20243,2
11205,20244,2
11206,19843,7
11206,19844,10
11206,19845,25
11206,19846,30
11206,19847,31
11206,19848,2
11206,19851,1
11206,19854,56
11206,19855,44
11206,19856,67.5
11206,19857,95
11206,19858,113
11206,19859,38
11206,19860,1
11206,19862,2
11206,19865,3
11206,19866,1
11206,19868,6
11206,19869,89.5
11206,19870,68.5
11206,19871,79
11206,19872,68
11206,19873,12
11206,19874,6
11206,19875,1
11206,19876,5
11206,19877,4
11206,19878,6
11206,19883,7
11206,19885,9
11206,19886,5
11206,19887,5
11206,19888,14
11206,19890,1
11206,19891,22
11206,19892,46
11206,19893,18
11206,19894,33
11206,19895,123.5
11206,19896,97
11206,19897,62
11206,19898,233
11206,19900,5
11206,19901,2
11206,19902,9
11206,19903,4
11206,19904,14
11206,19905,5
11206,19906,28
11206,19907,2
11206,19908,20
11206,19909,35.5
11206,19910,1
11206,19969,4
11206,19970,6
11206,19971,2
11206,19975,27
11206,19976,28
11206,19977,35
11206,19978,36
11206,19979,6.5
11206,19980,3
11206,19981,5
11206,19982,22
11206,19983,67
11206,19984,36
11206,19985,46
11206,19986,80
11206,19987,33
11206,19988,28
11206,19989,4
11206,19990,2
11206,19991,12
11206,19992,37.5
11206,19993,134
11206,19994,377.5
11206,19996,11
11206,19997,3
11206,19998,10
11206,19999,2
11206,20000,1
11206,20001,4
11206,20002,6
11206,20003,1
11206,20004,6
11206,20010,2
11206,20012,7
11206,20027,1
11206,20180,10
11206,20185,6
11206,20204,2
11206,20207,9
11206,20208,11
11206,20209,17
11206,20210,6
11206,20219,1
11206,20225,4
11206,20226,2
11206,20229,1
11206,20234,1
11206,20236,1
11206,20240,1
11206,20241,5
11206,20242,8
11206,20243,3
11206,20244,7
11206,20245,3
11207,19843,5
11207,19844,16
11207,19845,20
11207,19846,24
11207,19847,15
11207,19848,15
11207,19849,1
11207,19851,5
11207,19853,14
11207,19854,48
11207,19855,6
11207,19856,16
11207,19857,24
11207,19858,56
11207,19859,25
11207,19861,1
11207,19862,7
11207,19863,6.5
11207,19864,3
11207,19865,1
11207,19866,16
11207,19870,7
11207,19871,15
11207,19872,49
11207,19873,32
11207,19874,45
11207,19875,25
11207,19876,24
11207,19877,7
11207,19878,7
11207,19880,5
11207,19881,6
11207,19883,1
11207,19884,1
11207,19885,4
11207,19887,2
11207,19888,3
11207,19889,4
11207,19890,12
11207,19891,4
11207,19892,56.5
11207,19893,54.5
11207,19894,24
11207,19895,154.5
11207,19896,162.5
11207,19897,130.5
11207,19898,102.5
11207,19899,14
11207,19902,11.5
11207,19903,28
11207,19904,7
11207,19905,13
11207,19906,8
11207,19907,8
11207,19908,6
11207,19909,11.5
11207,19970,8
11207,19972,1
11207,19974,3
11207,19975,5
11207,19976,6
11207,19977,48
11207,19978,40
11207,19979,28.5
11207,19981,12
11207,19982,40
11207,19983,55.5
11207,19984,100
11207,19985,53
11207,19986,129
11207,19987,68.5
11207,19990,3
11207,19992,18
11207,19993,115.5
11207,19994,187.5
11207,19995,11
11207,19996,8
11207,19999,6
11207,20002,17
11207,20004,4
11207,20005,8
11207,20010,8
11207,20012,10
11207,20013,6.5
11207,20014,2
11207,20027,1
11207,20102,3
11207,20165,7
11207,20167,3
11207,20187,7
11207,20202,2
11207,20206,101
11207,20208,111
11207,20209,21
11207,20210,6
11207,20211,3
11207,20214,12
11207,20215,14
11207,20217,6
11207,20218,2
11207,20225,1
11207,20227,1
11207,20235,1
11207,20242,2
11207,20243,5
11207,20244,2
11208,19843,7
11208,19844,21
11208,19845,23.5
11208,19846,23
11208,19847,17
11208,19848,15.5
11208,19849,12
11208,19850,21
11208,19851,25
11208,19852,5
11208,19853,12
11208,19854,14
11208,19855,17
11208,19856,1
11208,19857,4
11208,19858,18
11208,19859,24.5
11208,19860,8
11208,19861,2
11208,19865,4
11208,19866,14
11208,19867,5
11208,19872,5
11208,19873,40
11208,19874,92
11208,19875,172.5
11208,19876,127.5
11208,19877,67
11208,19878,18
11208,19880,4
11208,19881,6
11208,19882,2
11208,19885,2
11208,19886,4
11208,19887,1
11208,19888,4
11208,19889,3
11208,19890,9
11208,19891,2
11208,19892,118
11208,19893,112
11208,19894,219
11208,19895,331
11208,19896,239.5
11208,19897,201
11208,19898,151
11208,19899,29
11208,19900,9
11208,19901,2
11208,19902,9
11208,19903,16
11208,19904,9
11208,19905,10
11208,19906,6
11208,19907,9
11208,19908,2
11208,19909,2
11208,19910,2
11208,19968,1
11208,19969,2
11208,19970,3
11208,19972,3
11208,19974,2
11208,19975,5
11208,19976,8.5
11208,19977,1
11208,19978,3
11208,19979,7
11208,19980,2
11208,19982,7
11208,19984,28
11208,19985,188.5
11208,19986,301
11208,19987,137
11208,19988,10
11208,19989,9
11208,19990,2.5
11208,19992,17
11208,19993,101
11208,19994,256
11208,19995,134.5
11208,19996,2
11208,19997,2
11208,19999,7
11208,20001,2
11208,20004,3
11208,20005,1
11208,20008,3
11208,20009,5
11208,20010,9
11208,20011,12
11208,20012,15
11208,20105,1
11208,20106,2
11208,20107,1
11208,20165,5
11208,20166,2
11208,20167,8.5
11208,20180,3
11208,20184,2
11208,20186,4
11208,20204,2
11208,20209,2
11208,20210,5
11208,20211,2
11208,20214,86
11208,20215,106
11208,20216,4
11208,20217,4
11208,20218,1
11208,20219,4
11208,20241,5
11208,20242,2
11208,20243,13
11208,20244,3
11208,20245,3
11209,19844,2
11209,19845,2
11209,19846,4
11209,19848,3
11209,19850,7
11209,19851,10
11209,19852,16
11209,19853,10
11209,19854,30
11209,19855,2
11209,19856,3
11209,19857,5
11209,19858,11
11209,19859,11
11209,19860,1
11209,19861,1
11209,19862,10
11209,19864,4
11209,19865,4
11209,19866,3
11209,19867,3
11209,19871,2
11209,19872,18
11209,19873,43
11209,19874,75
11209,19875,122.5
11209,19876,201.5
11209,19877,12
11209,19879,1
11209,19883,2
11209,19884,6
11209,19885,4
11209,19886,5
11209,19887,2
11209,19888,2
11209,19889,14
11209,19890,5
11209,19891,3
11209,19892,6
11209,19893,135
11209,19894,567.5
11209,19895,348.5
11209,19896,68
11209,19897,103
11209,19898,39.5
11209,19899,3
11209,19900,35
11209,19901,41
11209,19902,41
11209,19903,51
11209,19904,4
11209,19905,2
11209,19906,13
11209,19907,2
11209,19909,4
11209,19967,8.5
11209,19968,2
11209,19969,4.5
11209,19973,2
11209,19974,7
11209,19975,4
11209,19976,1
11209,19980,4
11209,19982,2
11209,19984,12
11209,19985,105.5
11209,19986,140
11209,19987,125.5
11209,19988,41.5
11209,19989,19.5
11209,19990,4
11209,19991,17
11209,19992,4
11209,19993,54.5
11209,19994,93
11209,19995,145
11209,19998,3
11209,20001,4
11209,20002,3
11209,20003,13
11209,20004,1
11209,20006,3
11209,20007,1
11209,20008,9
11209,20009,11
11209,20010,13.5
11209,20011,14
11209,20014,1
11209,20114,2
11209,20164,5
11209,20165,4
11209,20167,2
11209,20179,4
11209,20181,1
11209,20182,2
11209,20183,2
11209,20214,18
11209,20215,15
11209,20217,7
11209,20218,1
11209,20225,1
11209,20226,2
11209,20242,15
11209,20243,3
11209,20244,6
11209,20245,3
11210,19844,11
11210,19845,6
11210,19846,2
11210,19847,2
11210,19849,17
11210,19850,9
11210,19851,18
11210,19852,15
11210,19853,1
11210,19854,6
11210,19855,11.5
11210,19856,2
11210,19859,7
11210,19860,2
11210,19862,9
11210,19863,1
11210,19864,5
11210,19871,1
11210,19874,13
11210,19875,9
11210,19876,3
11210,19879,6
11210,19883,4
11210,19884,5
11210,19885,8.5
11210,19887,7
11210,19888,11
11210,19889,9
11210,19890,1
11210,19891,4
11210,19892,3
11210,19893,230
11210,19894,306.5
11210,19895,104.5
11210,19896,101
11210,19897,58
11210,19898,141.5
11210,19899,55
11210,19900,39
11210,19901,25
11210,19902,30
11210,19903,31
11210,19904,20
11210,19905,11
11210,19907,10
11210,19908,3
11210,19970,2
11210,19972,2
11210,19973,2
11210,19974,2
11210,19975,8
11210,19976,2
11210,19978,2
11210,19979,6
11210,19980,3
11210,19981,5
11210,19983,3
11210,19985,63
11210,19986,69
11210,19987,36.5
11210,19988,40
11210,19989,64.5
11210,19990,43
11210,19991,40
11210,19992,39
11210,19993,25
11210,19994,20
11210,19995,47
11210,19996,14.5
11210,19997,1
11210,19998,10
11210,19999,3
11210,20001,9
11210,20002,3
11210,20004,16
11210,20005,2
11210,20008,2
11210,20009,5
11210,20010,20
11210,20011,12
11210,20012,25
11210,20013,13.5
11210,20014,1
11210,20034,6
11210,20091,2
11210,20096,2
11210,20097,2
11210,20100,2
11210,20164,1
11210,20181,2
11210,20182,3
11210,20191,4
11210,20192,4
11210,20193,7
11210,20204,1
11210,20208,3
11210,20210,19
11210,20212,2
11210,20213,2
11210,20214,22
11210,20215,2
11210,20216,1
11210,20218,2
11210,20225,9
11210,20236,4
11210,20243,4
11211,19845,7
11211,19849,17
11211,19850,18
11211,19852,11
11211,19853,23
11211,19854,26
11211,19855,12.5
11211,19856,12
11211,19857,2
11211,19858,2
11211,19859,3
11211,19860,1
11211,19862,6
11211,19863,3
11211,19864,2
11211,19865,4
11211,19867,7
11211,19869,4
11211,19870,2
11211,19871,3
11211,19873,2
11211,19874,3
11211,19876,1
11211,19879,4
11211,19880,5
11211,19881,3
11211,19883,10
11211,19884,15.5
11211,19885,6
11211,19886,5
11211,19887,19
11211,19889,3
11211,19890,2
11211,19891,5
11211,19892,3
11211,19893,1
11211,19895,65
11211,19896,59
11211,19897,6
11211,19898,48
11211,19899,42
11211,19900,38
11211,19901,30
11211,19902,18
11211,19903,19
11211,19904,35
11211,19905,8
11211,19907,9
11211,19909,2
11211,19969,1
11211,19971,4
11211,19974,2
11211,19978,5
11211,19979,1
11211,19980,5
11211,19981,6
11211,19982,2
11211,19985,38
11211,19986,59
11211,19987,24
11211,19988,62
11211,19989,39
11211,19990,51
11211,19991,40
11211,19992,59
11211,19993,28
11211,19994,13
11211,19995,9
11211,19997,9
11211,19998,4
11211,19999,2
11211,20001,4
11211,20003,1
11211,20004,4
11211,20007,1
11211,20008,7
11211,20010,8
11211,20011,6
11211,20012,30
11211,20013,16
11211,20034,2
11211,20035,6
11211,20039,1
11211,20097,1
11211,20105,2
11211,20161,3
11211,20162,8
11211,20163,4
11211,20184,1
11211,20192,1
11211,20193,2
11211,20205,17
11211,20209,9
11211,20210,14
11211,20211,9
11211,20216,2
11211,20217,5
11211,20218,4
11211,20224,5
11211,20225,4
11212,19847,3
11212,19848,12
11212,19849,13
11212,19850,18
11212,19852,4
11212,19853,32
11212,19854,8
11212,19855,18
11212,19856,5
11212,19857,1
11212,19858,15.5
11212,19860,5
11212,19861,2
11212,19862,3
11212,19863,2
11212,19864,13
11212,19865,8
11212,19866,8
11212,19868,9
11212,19869,4
11212,19870,6
11212,19872,2
11212,19875,3
11212,19881,3
11212,19883,3.5
11212,19884,112.5
11212,19885,41
11212,19887,16
11212,19888,6
11212,19889,6
11212,19892,11
11212,19893,8
11212,19894,3
11212,19895,4
11212,19896,42
11212,19897,42
11212,19898,50.5
11212,19899,46
11212,19900,27
11212,19901,13
11212,19902,11
11212,19903,8
11212,19904,10
11212,19906,1
11212,19909,2
11212,19963,1
11212,19975,2
11212,19979,5
11212,19980,10
11212,19981,11
11212,19983,19
11212,19984,7
11212,19985,86
11212,19986,57
11212,19987,49
11212,19988,40
11212,19989,9
11212,19990,2
11212,19992,2
11212,19993,1
11212,19994,4
11212,19998,1
11212,19999,2
11212,20002,17
11212,20006,3
11212,20009,2
11212,20010,12
11212,20011,12
11212,20012,4
11212,20014,2
11212,20035,41
11212,20036,26
11212,20040,4
11212,20043,3
11212,20044,6
11212,20104,2
11212,20111,1
11212,20160,6
11212,20161,2
11212,20176,7
11212,20177,6
11212,20185,3
11212,20187,5
11212,20188,6
11212,20192,1
11212,20193,3
11212,20204,2
11212,20207,4
11212,20210,10
11212,20212,4
11212,20216,5
11212,20220,2
11212,20226,3
11212,20240,12
11212,20243,5
11213,19845,3
11213,19847,2
11213,19848,4
11213,19849,16
11213,19853,17
11213,19854,28
11213,19855,11
11213,19856,5
11213,19857,8
11213,19858,3
11213,19859,3
11213,19860,6
11213,19861,1
11213,19862,13
11213,19863,4
11213,19864,3
11213,19868,4
11213,19875,2
11213,19876,3
11213,19881,4
11213,19884,5
11213,19891,2
11213,19892,11
11213,19893,5
11213,19894,7
11213,19895,19
11213,19896,8
11213,19897,16
11213,19898,13
11213,19899,20.5
11213,19900,28
11213,19901,4
11213,19903,4
11213,19904,2
11213,19905,6
11213,19906,3
11213,19907,2
11213,19908,4
11213,19969,4
11213,19970,4
11213,19979,3
11213,19980,2
11213,19981,4
11213,19982,1
11213,19983,1
11213,19984,18
11213,19985,54
11213,19986,38.5
11213,19987,5
11213,19988,2
11213,20001,14
11213,20002,29
11213,20004,3
11213,20005,4
11213,20007,5
11213,20008,6
11213,20009,12
11213,20010,15
11213,20011,17
11213,20012,10
11213,20013,2
11213,20015,1
11213,20034,23
11213,20035,29
11213,20036,107
11213,20037,69.5
11213,20038,59
11213,20039,6
11213,20178,2
11213,20182,3
11213,20183,6
11213,20184,6
11213,20186,5
11213,20187,3
11213,20189,4
11213,20193,5
11213,20198,5
11213,20211,9
11213,20215,1
11213,20216,2
11213,20218,1
11213,20222,6
11213,20239,4
11213,20241,2
11214,19847,7
11214,19848,15
11214,19849,7
11214,19853,21
11214,19854,13
11214,19855,21
11214,19856,2
11214,19857,2
11214,19864,3
11214,19865,5
11214,19869,19
11214,19870,3
11214,19871,2
11214,19872,3
11214,19873,2
11214,19875,7
11214,19881,7.5
11214,19882,2
11214,19883,4
11214,19884,3
11214,19888,3
11214,19891,7
11214,19892,8
11214,19894,11
11214,19895,7
11214,19896,17.5
11214,19897,14
11214,19898,7
11214,19899,18
11214,19900,28.5
11214,19901,16
11214,19902,3
11214,19903,1
11214,19904,1
11214,19905,8
11214,19909,6
11214,19970,5
11214,19979,2
11214,19982,2
11214,19983,3
11214,19985,17
11214,19986,24
11214,20001,15
11214,20002,30
11214,20003,5
11214,20004,2
11214,20007,1
11214,20009,2
11214,20010,19
11214,20011,27.5
11214,20012,14
11214,20014,11
11214,20032,2
11214,20033,14
11214,20034,88
11214,20035,83
11214,20036,112
11214,20037,53.5
11214,20038,39
11214,20039,8
11214,20040,6
11214,20042,1
11214,20091,18
11214,20096,2
11214,20098,2
11214,20100,3
11214,20171,1
11214,20175,1
11214,20178,6
11214,20183,4
11214,20184,2
11214,20185,1
11214,20189,5
11214,20191,1
11214,20196,6
11214,20206,2
11214,20211,13
11214,20212,8
11214,20216,5
11214,20218,4
11214,20224,4
11214,20225,3
11214,20241,3
11214,20243,1
11214,20244,3
11214,20245,2
11215,19846,3
11215,19847,2
11215,19848,8
11215,19852,10
11215,19853,10
11215,19855,9
11215,19856,8
11215,19862,2
11215,19864,2
11215,19865,23
11215,19866,1
11215,19867,11
11215,19868,14
11215,19869,18.5
11215,19870,17
11215,19871,2
11215,19872,2
11215,19874,5
11215,19875,2
11215,19876,3
11215,19877,3
11215,19879,2
11215,19880,10
11215,19881,1
11215,19882,10
11215,19883,10
11215,19885,2
11215,19886,6
11215,19888,3
11215,19889,11
11215,19890,5
11215,19891,5
11215,19893,2
11215,19894,9
11215,19895,5
11215,19896,2
11215,19897,15
11215,19898,1
11215,19899,7
11215,19900,14
11215,19901,5
11215,19903,3
11215,19904,10
11215,19905,2
11215,19908,3
11215,19909,11
11215,19971,2
11215,19977,5
11215,19978,4
11215,19979,4
11215,19981,7
11215,19982,4
11215,19984,5
11215,19985,45
11215,19986,11
11215,19998,2
11215,20000,3
11215,20002,17
11215,20003,28
11215,20004,1
11215,20006,3
11215,20007,3
11215,20008,4
11215,20009,2
11215,20010,14
11215,20011,20
11215,20012,6
11215,20013,3
11215,20014,4
11215,20018,1
11215,20021,2
11215,20031,7
11215,20032,24
11215,20033,55
11215,20034,97
11215,20035,99
11215,20036,21.5
11215,20037,43
11215,20038,56
11215,20039,23
11215,20040,11
11215,20041,2
11215,20042,3
11215,20094,2
11215,20100,1
11215,20168,2
11215,20178,2
11215,20189,5
11215,20190,20
11215,20191,2
11215,20197,3
11215,20198,1
11215,20199,10
11215,20206,7
11215,20207,3
11215,20209,2
11215,20210,15
11215,20211,11
11215,20212,8.5
11215,20218,1
11215,20219,2
11215,20224,2
11215,20235,2
11215,20236,2
11215,20241,8
11215,20243,2
11215,20244,3
11215,20245,3
11216,19845,3
11216,19852,4
11216,19853,6
11216,19855,10
11216,19856,11
11216,19860,2
11216,19861,4
11216,19862,5
11216,19866,5
11216,19867,22
11216,19868,24
11216,19869,19
11216,19870,29
11216,19871,14
11216,19873,4
11216,19874,16
11216,19875,4
11216,19876,2
11216,19877,5
11216,19879,8
11216,19880,2
11216,19881,2
11216,19882,3
11216,19883,9
11216,19884,9
11216,19885,15
11216,19886,49
11216,19887,30
11216,19889,13
11216,19890,6
11216,19891,1
11216,19892,1
11216,19894,7
11216,19895,5
11216,19896,13
11216,19897,11
11216,19898,12
11216,19899,18
11216,19900,4
11216,19901,10
11216,19902,12
11216,19903,8
11216,19904,4
11216,19905,2
11216,19906,2
11216,19908,6
11216,19978,1
11216,19984,15
11216,19985,33
11216,19986,24
11216,19998,1
11216,20000,1
11216,20001,1
11216,20003,9
11216,20004,17
11216,20005,1
11216,20006,14
11216,20009,3
11216,20010,5
11216,20011,13
11216,20013,5
11216,20014,2
11216,20019,7
11216,20028,8
11216,20031,38
11216,20032,81
11216,20033,73
11216,20034,158.5
11216,20035,276
11216,20036,169.5
11216,20037,82
11216,20038,59
11216,20039,30
11216,20040,6
11216,20041,7
11216,20042,3
11216,20043,2
11216,20045,1
11216,20073,12
11216,20092,5
11216,20104,2
11216,20105,2
11216,20110,1
11216,20113,2
11216,20168,1
11216,20173,1
11216,20175,1
11216,20177,1
11216,20179,3
11216,20184,2
11216,20187,2
11216,20188,2
11216,20189,62
11216,20190,38
11216,20210,6
11216,20211,2
11216,20214,2
11216,20217,14
11216,20237,7
11216,20238,3
11216,20239,17
11216,20241,3
11216,20243,7
11216,20244,3
11216,20245,2
11216,20246,2
11217,19846,3
11217,19851,2
11217,19855,3
11217,19856,4
11217,19860,2
11217,19861,9
11217,19862,4
11217,19863,6
11217,19864,23
11217,19866,2
11217,19867,4
11217,19868,11
11217,19869,28.5
11217,19870,25
11217,19871,8
11217,19872,2
11217,19873,14
11217,19874,16
11217,19875,8
11217,19876,5
11217,19877,8.5
11217,19878,10
11217,19882,3
11217,19883,7
11217,19884,6
11217,19885,56
11217,19886,38.5
11217,19887,11
11217,19888,6
11217,19889,4
11217,19890,2
11217,19895,10
11217,19896,12
11217,19897,3
11217,19898,6
11217,19899,10
11217,19900,8
11217,19906,12
11217,19984,42.5
11217,19985,107.5
11217,19986,35
11217,19991,2
11217,20003,35
11217,20004,33
11217,20005,21
11217,20006,80
11217,20007,6
11217,20008,9
11217,20013,6
11217,20018,2
11217,20020,2
11217,20029,3
11217,20030,2
11217,20031,7
11217,20032,64
11217,20033,60.5
11217,20034,330
11217,20035,323
11217,20036,86
11217,20037,68.5
11217,20038,73.5
11217,20039,55
11217,20040,34.5
11217,20041,51
11217,20042,8
11217,20043,6
11217,20080,4
11217,20090,2
11217,20092,2
11217,20101,2
11217,20102,2
11217,20103,2
11217,20113,3
11217,20173,1
11217,20177,3
11217,20178,3
11217,20179,2
11217,20180,2
11217,20188,1
11217,20189,45
11217,20190,42
11217,20191,27
11217,20192,4
11217,20193,4
11217,20217,4
11217,20219,7
11217,20232,2
11217,20233,14
11217,20234,2
11217,20235,2
11217,20240,5
11217,20242,4
11217,20246,1
11217,20247,5
11218,19845,1
11218,19856,7
11218,19862,4
11218,19863,11
11218,19864,17
11218,19865,2
11218,19868,6
11218,19869,14
11218,19870,20
11218,19871,22
11218,19872,15
11218,19873,19
11218,19874,4
11218,19875,11
11218,19876,5
11218,19877,9
11218,19878,3
11218,19880,2
11218,19881,7
11218,19882,6
11218,19883,5
11218,19884,3
11218,19885,57.5
11218,19886,32
11218,19887,5
11218,19888,9
11218,19889,1
11218,19890,6
11218,19892,2
11218,19894,8
11218,19895,17.5
11218,19896,6
11218,19897,1
11218,19898,5
11218,19899,21
11218,19900,17
11218,19901,4
11218,19904,2
11218,19905,1
11218,19907,7
11218,19983,34
11218,19984,182
11218,19985,71.5
11218,19986,10
11218,19992,6
11218,20003,15
11218,20004,31
11218,20005,10
11218,20006,14.5
11218,20007,13
11218,20008,1
11218,20009,3
11218,20010,16
11218,20013,2
11218,20017,2
11218,20018,2
11218,20020,2
11218,20026,2
11218,20027,5
11218,20028,6
11218,20029,5
11218,20031,1
11218,20034,14
11218,20035,37
11218,20036,48
11218,20037,28
11218,20038,23
11218,20039,36
11218,20040,14.5
11218,20041,30
11218,20042,9
11218,20043,14
11218,20047,2
11218,20048,2
11218,20081,1
11218,20085,1
11218,20087,3
11218,20092,12
11218,20101,2
11218,20102,20
11218,20103,4
11218,20104,2
11218,20106,4
11218,20107,2
11218,20169,4
11218,20177,10
11218,20178,2
11218,20180,2
11218,20181,2
11218,20182,2
11218,20185,2
11218,20188,30
11218,20189,12
11218,20190,11
11218,20191,120
11218,20192,43
11218,20194,1
11218,20205,9
11218,20206,9.5
11218,20207,3
11218,20208,9
11218,20209,106
11218,20210,3
11218,20235,1
11218,20236,2
11218,20237,4
11218,20242,2
11218,20246,6
11218,20247,6
11218,20248,6
11218,20249,4
11219,19856,2
11219,19858,1
11219,19859,4
11219,19861,4.5
11219,19862,18
11219,19863,10
11219,19864,5
11219,19865,8
11219,19866,6
11219,19868,4
11219,19869,21
11219,19870,39
11219,19871,23.5
11219,19872,11
11219,19873,15
11219,19874,10
11219,19875,18
11219,19876,19
11219,19879,2
11219,19880,3
11219,19884,13
11219,19885,10
11219,19886,2
11219,19887,3
11219,19888,6
11219,19889,3
11219,19890,7
11219,19891,4
11219,19894,3
11219,19895,25
11219,19896,8
11219,19897,2
11219,19898,17
11219,19899,21
11219,19900,8
11219,19901,2
11219,19903,1
11219,19906,4
11219,19982,1
11219,19983,39
11219,19984,80.5
11219,19985,4
11219,19990,2
11219,19995,3
11219,20003,31
11219,20004,52
11219,20005,53
11219,20006,12
11219,20007,8
11219,20008,2
11219,20009,11
11219,20010,3
11219,20011,5
11219,20012,5
11219,20013,2
11219,20015,6
11219,20016,3.5
11219,20017,1
11219,20020,1
11219,20021,6
11219,20029,3
11219,20037,17
11219,20038,49
11219,20039,55
11219,20040,73.5
11219,20041,62
11219,20042,82
11219,20043,65
11219,20044,6
11219,20053,9
11219,20054,2
11219,20086,1
11219,20087,1
11219,20091,6
11219,20093,3
11219,20095,3
11219,20098,3
11219,20100,7
11219,20101,43
11219,20102,459
11219,20103,80.5
11219,20104,18
11219,20105,5
11219,20106,12.5
11219,20107,4
11219,20109,2
11219,20174,2
11219,20175,4
11219,20177,3
11219,20178,4
11219,20180,2
11219,20181,1
11219,20183,5
11219,20186,2
11219,20190,58
11219,20191,21.5
11219,20192,72.5
11219,20193,31
11219,20194,9
11219,20207,76
11219,20208,71
11219,20209,5
11219,20211,3
11219,20217,3
11219,20231,2
11219,20232,2
11219,20235,2
11219,20237,7
11219,20238,10
11219,20240,6
11219,20241,2
11219,20242,2
11219,20244,3
11219,20245,10
11219,20247,9
11219,20248,2
11219,20249,1
11220,19850,4
11220,19860,19
11220,19861,29
11220,19862,30
11220,19863,15
11220,19864,12
11220,19865,3
11220,19866,14
11220,19867,8
11220,19868,13
11220,19869,19
11220,19870,26
11220,19871,28
11220,19872,28.5
11220,19873,5
11220,19874,3
11220,19875,10
11220,19876,23.5
11220,19878,5
11220,19880,11
11220,19882,8
11220,19883,4
11220,19886,14
11220,19887,4
11220,19888,10
11220,19889,1
11220,19891,1
11220,19892,3
11220,19893,3
11220,19895,7
11220,19896,12
11220,19897,11
11220,19901,3
11220,19904,1
11220,19906,2
11220,19907,8
11220,19914,2
11220,19976,7
11220,19977,2
11220,19981,6
11220,19982,3
11220,19983,4
11220,19984,1
11220,19990,6
11220,19993,1
11220,20003,20
11220,20004,197.5
11220,20005,101.5
11220,20006,7
11220,20007,3
11220,20008,72
11220,20009,9.5
11220,20010,3
11220,20016,6
11220,20017,1
11220,20031,4
11220,20033,3
11220,20034,1
11220,20038,36
11220,20039,126.5
11220,20040,60
11220,20041,68.5
11220,20042,39.5
11220,20043,8
11220,20067,3
11220,20087,6
11220,20090,3
11220,20097,1
11220,20098,1
11220,20099,7
11220,20100,14
11220,20101,50.5
11220,20102,120.5
11220,20103,102
11220,20104,10
11220,20107,5
11220,20108,1
11220,20176,3
11220,20177,4
11220,20183,3
11220,20184,10
11220,20185,9
11220,20186,1
11220,20188,4
11220,20189,1
11220,20190,122.5
11220,20191,107.5
11220,20192,301
11220,20193,121
11220,20194,53
11220,20198,1
11220,20202,2
11220,20208,25
11220,20209,15
11220,20210,11
11220,20217,2
11220,20219,3
11220,20236,4
11220,20237,4
11220,20239,2
11220,20240,3
11220,20241,3
11220,20243,10
11220,20244,5
11220,20245,6
11220,20246,2
11220,20247,2
11220,20248,3
11220,20251,1
11221,19859,7.5
11221,19860,9
11221,19861,4
11221,19862,18
11221,19863,14.5
11221,19864,13
11221,19865,10
11221,19866,2
11221,19867,5
11221,19868,11.5
11221,19869,18
11221,19870,13
11221,19871,30
11221,19872,17
11221,19873,13
11221,19874,8
11221,19875,5
11221,19876,4
11221,19877,1
11221,19878,4.5
11221,19879,2
11221,19880,6
11221,19881,1
11221,19882,10
11221,19884,2
11221,19885,6
11221,19888,2
11221,19889,1
11221,19905,4
11221,19906,2
11221,19976,4
11221,19977,26
11221,19978,5
11221,19980,1
11221,19981,5
11221,19982,3
11221,19992,2
11221,20002,2
11221,20003,4
11221,20004,151
11221,20005,118
11221,20006,25
11221,20007,45
11221,20008,13
11221,20009,28
11221,20011,4
11221,20017,4
11221,20020,2
11221,20029,5
11221,20037,4
11221,20038,81
11221,20039,125.5
11221,20040,92
11221,20041,66
11221,20042,24
11221,20055,1
11221,20063,1
11221,20082,9
11221,20088,2
11221,20096,3
11221,20097,2
11221,20098,4
11221,20099,5
11221,20100,2
11221,20101,28.5
11221,20102,18
11221,20103,27.5
11221,20104,32
11221,20105,15
11221,20106,2
11221,20107,6
11221,20116,1
11221,20171,1
11221,20178,2
11221,20184,2
11221,20187,9
11221,20188,54
11221,20189,35
11221,20190,23
11221,20191,72
11221,20192,269
11221,20193,277
11221,20194,155.5
11221,20195,7
11221,20208,20
11221,20209,10
11221,20210,21
11221,20217,5
11221,20233,5
11221,20235,4
11221,20236,8
11221,20238,4
11221,20239,2
11221,20240,2
11221,20244,11
11221,20248,2
11221,20250,2
11221,20252,2
11221,20255,2
11221,20256,2
11222,19850,2
11222,19861,14
11222,19862,22
11222,19863,30
11222,19864,18
11222,19865,31
11222,19866,7
11222,19868,6
11222,19869,7.5
11222,19870,6
11222,19871,23
11222,19872,3
11222,19873,13
11222,19874,18
11222,19875,6
11222,19878,7
11222,19879,13
11222,19880,9
11222,19881,4
11222,19882,4
11222,19883,10
11222,19884,11
11222,19885,15
11222,19886,3
11222,19887,5
11222,19888,3
11222,19889,6
11222,19890,3
11222,19891,6
11222,19895,3
11222,19897,2
11222,19899,1
11222,19906,1
11222,19914,1
11222,19973,5
11222,19974,11
11222,19975,7
11222,19976,23
11222,19977,22
11222,19978,14
11222,19980,12
11222,19981,13
11222,19991,3
11222,19994,7
11222,19997,2
11222,20004,121.5
11222,20005,153
11222,20006,91
11222,20007,212.5
11222,20008,188
11222,20009,66
11222,20010,21
11222,20013,3
11222,20014,4
11222,20015,3
11222,20022,3
11222,20037,19
11222,20038,83
11222,20039,57
11222,20040,39
11222,20041,18
11222,20042,5
11222,20048,23
11222,20049,7
11222,20092,2
11222,20094,4
11222,20095,6
11222,20096,3
11222,20098,33
11222,20099,5
11222,20100,2
11222,20101,12
11222,20102,29.5
11222,20103,37
11222,20104,17
11222,20105,10
11222,20106,1
11222,20107,3
11222,20108,10
11222,20109,5
11222,20112,2
11222,20114,1
11222,20117,6
11222,20176,6
11222,20179,5
11222,20183,1
11222,20185,8
11222,20186,6
11222,20187,39
11222,20188,47
11222,20189,92.5
11222,20190,50
11222,20191,53
11222,20192,408
11222,20193,184.5
11222,20194,181.5
11222,20195,266.5
11222,20196,107.5
11222,20197,72
11222,20198,6
11222,20199,18
11222,20200,7
11222,20201,2
11222,20203,19
11222,20210,84.5
11222,20215,1
11222,20218,8
11222,20220,2
11222,20234,2
11222,20235,7
11222,20236,11
11222,20237,3.5
11222,20238,1
11222,20239,19
11222,20240,5
11222,20241,5
11222,20242,3
11222,20245,2
11222,20250,3
11222,20255,4
11222,20256,11
11222,20257,4
11223,19864,12
11223,19865,11
11223,19868,2
11223,19869,3
11223,19870,23
11223,19871,3
11223,19872,2
11223,19873,14
11223,19876,4
11223,19877,2
11223,19878,7
11223,19879,5.5
11223,19880,7
11223,19881,5
11223,19882,5
11223,19883,12
11223,19885,2
11223,19886,4
11223,19887,6
11223,19888,7
11223,19890,9
11223,19891,11
11223,19893,2
11223,19899,8
11223,19904,1.5
11223,19973,10
11223,19974,22.5
11223,19975,33
11223,19976,15
11223,19977,19
11223,19978,13
11223,19979,13
11223,19980,27
11223,19981,2
11223,19982,12
11223,19983,3
11223,19994,10
11223,19999,3
11223,20000,21
11223,20002,2
11223,20004,136
11223,20005,211
11223,20006,136
11223,20007,133
11223,20008,109.5
11223,20009,143
11223,20010,67
11223,20013,3
11223,20015,7
11223,20016,4
11223,20017,2
11223,20019,7
11223,20022,9
11223,20025,2
11223,20029,2
11223,20031,2
11223,20034,4
11223,20035,6
11223,20040,10
11223,20045,5
11223,20048,4
11223,20097,13
11223,20098,16
11223,20099,5
11223,20100,3
11223,20102,8
11223,20103,8.5
11223,20104,7
11223,20175,2
11223,20177,3
11223,20178,2
11223,20180,4
11223,20182,2
11223,20186,2
11223,20187,65
11223,20188,50.5
11223,20189,86
11223,20190,86
11223,20191,440.5
11223,20192,115.5
11223,20193,424.5
11223,20194,295.5
11223,20195,153.5
11223,20196,176
11223,20197,354
11223,20204,1
11223,20209,40
11223,20210,20
11223,20211,19
11223,20219,4
11223,20222,4
11223,20223,3
11223,20229,1
11223,20232,1
11223,20233,1
11223,20235,7
11223,20236,1
11223,20237,3
11223,20238,9
11223,20240,1
11223,20241,4
11223,20242,2
11223,20243,2
11223,20245,2
11223,20246,7
11223,20250,1
11223,20255,5
11223,20256,7
11223,20257,10
11223,20258,2
11224,19863,5
11224,19866,4
11224,19867,4
11224,19871,4
11224,19876,3
11224,19877,1
11224,19879,43
11224,19880,33
11224,19881,7
11224,19882,1
11224,19884,2
11224,19886,8
11224,19887,4
11224,19888,5
11224,19889,3
11224,19890,21
11224,19891,4
11224,19892,6
11224,19898,8
11224,19899,4
11224,19903,9
11224,19904,1
11224,19970,3
11224,19974,3
11224,19975,1
11224,19976,1
11224,19977,2
11224,19978,2
11224,19979,18
11224,19980,21
11224,19990,1
11224,19991,56
11224,19992,1
11224,19994,6
11224,19995,2
11224,19996,2
11224,19997,2
11224,19999,6
11224,20000,35.5
11224,20001,4
11224,20002,5
11224,20003,19
11224,20004,130.5
11224,20005,894
11224,20006,179.5
11224,20007,21
11224,20008,46
11224,20009,84.5
11224,20010,149.5
11224,20011,25
11224,20013,3
11224,20014,2
11224,20015,10
11224,20017,2
11224,20019,6
11224,20025,2
11224,20026,2
11224,20028,3
11224,20037,2
11224,20039,4
11224,20044,5
11224,20045,28
11224,20046,3
11224,20096,1
11224,20097,4
11224,20098,13
11224,20099,4
11224,20102,2
11224,20106,2
11224,20108,1
11224,20171,2
11224,20174,1
11224,20177,5
11224,20181,11
11224,20184,1
11224,20185,2
11224,20186,15
11224,20187,62
11224,20188,74.5
11224,20189,159.5
11224,20190,172
11224,20191,583
11224,20192,151
11224,20193,269
11224,20194,356
11224,20195,231
11224,20196,156.5
11224,20197,91.5
11224,20203,5
11224,20204,2
11224,20208,2
11224,20209,29.5
11224,20210,33
11224,20211,9
11224,20215,2
11224,20220,11
11224,20221,18
11224,20222,5
11224,20227,2
11224,20230,1
11224,20232,5
11224,20233,18
11224,20234,11
11224,20235,6
11224,20236,17
11224,20237,15
11224,20239,14
11224,20241,11
11224,20242,8
11224,20243,2
11224,20244,8
11224,20245,11
11224,20246,8
11224,20250,1
11224,20253,4
11224,20255,1
11224,20256,6
11224,20257,3
11225,19865,4
11225,19867,9
11225,19869,3
11225,19870,1
11225,19872,3
11225,19876,1
11225,19877,10
11225,19878,7
11225,19879,51
11225,19880,89
11225,19881,21
11225,19882,11
11225,19883,3
11225,19884,5
11225,19885,7
11225,19886,2
11225,19887,1
11225,19888,10
11225,19889,2
11225,19890,7
11225,19891,18
11225,19892,7
11225,19899,1
11225,19902,2
11225,19903,1
11225,19970,1
11225,19971,2
11225,19975,5
11225,19976,1
11225,19978,8
11225,19979,22
11225,19980,9
11225,19993,4
11225,19994,7
11225,19995,2
11225,19999,1
11225,20000,6
11225,20001,10
11225,20002,2
11225,20003,25
11225,20004,208
11225,20005,505.5
11225,20006,450.5
11225,20007,108.5
11225,20008,125.5
11225,20009,12
11225,20010,143
11225,20011,29
11225,20012,4
11225,20013,5
11225,20015,4
11225,20016,3
11225,20019,2
11225,20020,4
11225,20021,10
11225,20023,6
11225,20025,9
11225,20030,2
11225,20031,2
11225,20034,5
11225,20035,2
11225,20039,19
11225,20040,21
11225,20041,13
11225,20043,8
11225,20045,12
11225,20046,6
11225,20096,2
11225,20098,6
11225,20100,2
11225,20101,6
11225,20104,5
11225,20106,2
11225,20170,2
11225,20176,9
11225,20179,2
11225,20180,7
11225,20182,8
11225,20183,9
11225,20184,1
11225,20185,13
11225,20186,62
11225,20187,85.5
11225,20188,86
11225,20189,98
11225,20190,57
11225,20191,27
11225,20192,65
11225,20193,143
11225,20194,547
11225,20196,2
11225,20204,1
11225,20206,161
11225,20208,3
11225,20209,21.5
11225,20210,44
11225,20211,4
11225,20213,1
11225,20220,21
11225,20221,20
11225,20222,16
11225,20223,3
11225,20224,3
11225,20227,5
11225,20230,4
11225,20231,4
11225,20232,21
11225,20233,48
11225,20234,88
11225,20235,10
11225,20236,3
11225,20237,3
11225,20238,7
11225,20239,30
11225,20240,2
11225,20242,3
11225,20243,16
11225,20244,19
11225,20245,2
11225,20246,4
11225,20248,1
11225,20249,3
11225,20250,6
11225,20251,6
11225,20252,18
11225,20253,5
11225,20254,6
11225,20255,7
11226,19866,6
11226,19876,1
11226,19879,5
11226,19880,67.5
11226,19881,30.5
11226,19882,16
11226,19883,10
11226,19884,10
11226,19885,12
11226,19886,8
11226,19888,11
11226,19889,16
11226,19899,5
11226,19970,3
11226,19971,5
11226,19972,17
11226,19973,18.5
11226,19974,5
11226,19975,4
11226,19976,4
11226,19977,9
11226,19978,30
11226,19979,4
11226,19980,6
11226,19982,4
11226,19993,2
11226,19994,1
11226,19996,1
11226,20000,11
11226,20001,26
11226,20002,19
11226,20003,17
11226,20004,76
11226,20005,116.5
11226,20006,66
11226,20007,302
11226,20008,90
11226,20009,54.5
11226,20010,10
11226,20011,4
11226,20013,2
11226,20014,4
11226,20015,7
11226,20022,8.5
11226,20023,1
11226,20025,13
11226,20040,2
11226,20045,3
11226,20046,1
11226,20103,1
11226,20104,2
11226,20176,1
11226,20180,10
11226,20181,26
11226,20182,19
11226,20183,2
11226,20186,3
11226,20187,52.5
11226,20188,85
11226,20189,33
11226,20190,14
11226,20191,32.5
11226,20192,21
11226,20193,2
11226,20194,4
11226,20196,1
11226,20199,2
11226,20207,41
11226,20208,49.5
11226,20209,161
11226,20218,4
11226,20219,1
11226,20220,8
11226,20221,15
11226,20222,21
11226,20223,5
11226,20224,13
11226,20225,8
11226,20226,2
11226,20229,15
11226,20230,33
11226,20231,21
11226,20232,19
11226,20233,50
11226,20234,16
11226,20235,9
11226,20236,5
11226,20237,5
11226,20238,6
11226,20242,5
11226,20243,14
11226,20244,15
11226,20245,11
11226,20246,3
11226,20247,3
11226,20250,1
11226,20252,5
11226,20253,11
11226,20254,4
11226,20255,25
11226,20256,1
11227,19873,5
11227,19876,2
11227,19877,11
11227,19879,4
11227,19880,54.5
11227,19881,23
11227,19883,2
11227,19884,2
11227,19885,3
11227,19888,5
11227,19889,7
11227,19890,7
11227,19899,2
11227,19972,4
11227,19973,10
11227,19974,3
11227,19975,7
11227,19976,4
11227,19977,5
11227,19978,20
11227,19979,3
11227,19994,4
11227,19995,2
11227,19996,1
11227,19997,2
11227,19998,4
11227,19999,5
11227,20001,14
11227,20002,10
11227,20003,15.5
11227,20004,71
11227,20005,110
11227,20006,31.5
11227,20007,122.5
11227,20008,77
11227,20009,153
11227,20010,229.5
11227,20011,1
11227,20012,10
11227,20013,1
11227,20014,1
11227,20015,5
11227,20018,2
11227,20019,4
11227,20020,2
11227,20021,1
11227,20022,2
11227,20034,4
11227,20035,68.5
11227,20036,32
11227,20039,1
11227,20144,4
11227,20177,1
11227,20181,9
11227,20182,3
11227,20183,28.5
11227,20184,22
11227,20185,8
11227,20186,2
11227,20188,34.5
11227,20189,24
11227,20190,15
11227,20195,9
11227,20196,12
11227,20197,2
11227,20198,2
11227,20209,5
11227,20210,9
11227,20216,42.5
11227,20217,31
11227,20218,15
11227,20219,2
11227,20220,28.5
11227,20221,23
11227,20222,23
11227,20223,16
11227,20224,5
11227,20225,18
11227,20226,26
11227,20227,6
11227,20228,14
11227,20229,27
11227,20230,15
11227,20231,7
11227,20232,34
11227,20233,18
11227,20234,12
11227,20235,9
11227,20236,11
11227,20237,13
11227,20238,6
11227,20239,5
11227,20241,7
11227,20242,11
11227,20243,7
11227,20244,6
11227,20245,3
11227,20246,3
11227,20247,13
11227,20248,7
11227,20249,9
11227,20250,3
11227,20251,8.5
11227,20253,7
11227,20254,4
11227,20255,4
11227,20256,8
11228,19867,1
11228,19876,1
11228,19877,3
11228,19878,7.5
11228,19880,16
11228,19881,28.5
11228,19882,8
11228,19883,10
11228,19886,3
11228,19888,2
11228,19969,4
11228,19973,8
11228,19974,19
11228,19975,9
11228,19976,4
11228,19977,41
11228,19978,9
11228,19979,5
11228,19983,1
11228,19998,1
11228,19999,3
11228,20000,4
11228,20001,10
11228,20002,42.5
11228,20003,53
11228,20004,82.5
11228,20005,82
11228,20006,76
11228,20007,200.5
11228,20008,346
11228,20009,403.5
11228,20010,61.5
11228,20011,32.5
11228,20012,3
11228,20013,2
11228,20015,2
11228,20017,1
11228,20019,24
11228,20031,1
11228,20035,4
11228,20036,1
11228,20040,1
11228,20042,5
11228,20044,3
11228,20045,2
11228,20046,2
11228,20047,31
11228,20048,3.5
11228,20105,2
11228,20106,2
11228,20110,3
11228,20144,3
11228,20182,15
11228,20183,6
11228,20185,12
11228,20192,2
11228,20193,1
11228,20194,3
11228,20195,4
11228,20196,46
11228,20198,2
11228,20199,9
11228,20201,27
11228,20214,5
11228,20216,108.5
11228,20217,14
11228,20221,18
11228,20222,3
11228,20223,8
11228,20225,1
11228,20226,19
11228,20227,11
11228,20228,7
11228,20229,14
11228,20230,7
11228,20231,9
11228,20232,63
11228,20233,15
11228,20234,3
11228,20235,22
11228,20236,26
11228,20237,7
11228,20238,7
11228,20239,37
11228,20240,14
11228,20241,4
11228,20242,8
11228,20243,17
11228,20244,11
11228,20245,6
11228,20246,6
11228,20249,4
11228,20250,22
11228,20251,6
11228,20252,1
11228,20253,1
11228,20254,5
11228,20258,1
11228,20259,5
11229,19879,4
11229,19881,12
11229,19882,1
11229,19886,1
11229,19901,6
11229,19968,5
11229,19969,2
11229,19971,3
11229,19972,2
11229,19973,1
11229,19974,3
11229,19975,3
11229,19976,22
11229,19977,49
11229,19978,72
11229,19979,9
11229,19980,8
11229,19983,4
11229,20001,33
11229,20002,25
11229,20003,5
11229,20005,27
11229,20006,69
11229,20007,51
11229,20008,30
11229,20009,32
11229,20010,59
11229,20011,38.5
11229,20012,50
11229,20013,16
11229,20016,6
11229,20017,2
11229,20019,5
11229,20020,2
11229,20036,2
11229,20037,1
11229,20043,3
11229,20047,39.5
11229,20048,44.5
11229,20157,1
11229,20182,2
11229,20183,1
11229,20187,6
11229,20192,9.5
11229,20193,3
11229,20195,22
11229,20196,36.5
11229,20197,2
11229,20200,6
11229,20201,31
11229,20202,6
11229,20204,4
11229,20207,3
11229,20212,114.5
11229,20213,49.5
11229,20214,139
11229,20230,2
11229,20231,19
11229,20232,32.5
11229,20233,51
11229,20234,33
11229,20235,57
11229,20236,397
11229,20237,84.5
11229,20238,156
11229,20239,41.5
11229,20240,16
11229,20241,24
11229,20242,27
11229,20243,17
11229,20250,15
11229,20251,1
11229,20252,2
11229,20254,1
11229,20258,6
11229,20259,2
11230,19900,3
11230,19970,4
11230,19971,3
11230,19973,5
11230,19974,13.5
11230,19975,24
11230,19976,270
11230,19977,229
11230,19978,193.5
11230,19979,28
11230,19980,2
11230,19981,2
11230,19999,27
11230,20000,19.5
11230,20001,23
11230,20002,23
11230,20003,8
11230,20004,8
11230,20005,5
11230,20006,30
11230,20007,15
11230,20008,10
11230,20009,24
11230,20010,19
11230,20011,21.5
11230,20012,8
11230,20013,25.5
11230,20014,17.5
11230,20016,2
11230,20017,5
11230,20018,12
11230,20019,4
11230,20020,16
11230,20022,16
11230,20037,1
11230,20038,2
11230,20043,4
11230,20044,1
11230,20047,7
11230,20048,2
11230,20107,1
11230,20176,1
11230,20190,7
11230,20192,2
11230,20193,9
11230,20194,24
11230,20195,12
11230,20196,7
11230,20197,2
11230,20200,24
11230,20201,52.5
11230,20211,10
11230,20212,4
11230,20213,4
11230,20215,235
11230,20232,6
11230,20233,16
11230,20234,45
11230,20236,253
11230,20237,174
11230,20238,43
11230,20239,164.5
11230,20240,84
11230,20241,21
11230,20242,95.5
11230,20250,2
11230,20251,2
11230,20253,4
11230,20255,2
11231,19967,2
11231,19975,8
11231,19976,50
11231,19977,117.5
11231,19978,21
11231,19979,11
11231,19981,4
11231,19997,3
11231,19999,8.5
11231,20000,10
11231,20001,7
11231,20002,5
11231,20003,4
11231,20004,4
11231,20005,2
11231,20006,35
11231,20007,7
11231,20013,4
11231,20014,3
11231,20017,15
11231,20018,2
11231,20019,4
11231,20020,1
11231,20022,2
11231,20029,7
11231,20037,2
11231,20091,2
11231,20109,2
11231,20158,1.5
11231,20183,2
11231,20184,4
11231,20189,17
11231,20190,12.5
11231,20191,3
11231,20192,5
11231,20193,2
11231,20194,53
11231,20195,12.5
11231,20196,5
11231,20197,48.5
11231,20198,34
11231,20199,11
11231,20200,6
11231,20201,12
11231,20203,1
11231,20209,1
11231,20210,1
11231,20211,31
11231,20212,187.5
11231,20235,10
11231,20236,83.5
11231,20237,81
11231,20238,57
11231,20239,19
11231,20240,4
11231,20241,5
11231,20250,3
11231,20251,2
11231,20252,3
11231,20253,1
11231,20255,1
11231,20256,3
11232,19847,1
11232,19923,1
11232,19926,1
11232,19975,10.5
11232,19976,14
11232,19977,51
11232,19978,33
11232,19999,5
11232,20000,10
11232,20001,4
11232,20002,8
11232,20003,5
11232,20004,6
11232,20005,2
11232,20006,24
11232,20007,15.5
11232,20008,6
11232,20009,13
11232,20010,7
11232,20011,4
11232,20012,4
11232,20015,75.5
11232,20016,108.5
11232,20017,23
11232,20018,8
11232,20019,2
11232,20021,2
11232,20101,1
11232,20106,2
11232,20115,1
11232,20167,1
11232,20183,2
11232,20188,10
11232,20189,8
11232,20190,9
11232,20191,3
11232,20192,3
11232,20193,4
11232,20194,65
11232,20195,3
11232,20196,14
11232,20198,25
11232,20199,9
11232,20203,4
11232,20206,1
11232,20210,34.5
11232,20211,85
11232,20212,13
11232,20213,11
11232,20214,15
11232,20236,44
11232,20237,90.5
11232,20238,117.5
11232,20239,1
11232,20240,2
11232,20251,7
11232,20253,1
11232,20254,5
11232,20255,4
11233,19971,3
11233,19975,8
11233,19976,2
11233,19977,1
11233,19989,3
11233,19990,2
11233,19991,2
11233,19992,6
11233,19994,3
11233,19995,4
11233,19996,6
11233,19998,3
11233,19999,2
11233,20000,2
11233,20001,7
11233,20002,1
11233,20003,1
11233,20004,5
11233,20005,4
11233,20006,8
11233,20008,2
11233,20011,2
11233,20015,86
11233,20016,52
11233,20017,31
11233,20018,7
11233,20028,1
11233,20035,3
11233,20046,2.5
11233,20047,8
11233,20166,1
11233,20167,4
11233,20177,1
11233,20178,2
11233,20179,13
11233,20181,4
11233,20183,1
11233,20185,7
11233,20187,2
11233,20188,2
11233,20189,3
11233,20190,3
11233,20191,6
11233,20192,21.5
11233,20193,20
11233,20194,15
11233,20195,1
11233,20196,4
11233,20197,14
11233,20199,4
11233,20202,9
11233,20210,6
11233,20211,31
11233,20212,12
11233,20213,10
11233,20214,2
11233,20215,2
11233,20237,91
11233,20238,95
11233,20253,3.5
11234,19908,8
11234,19974,6
11234,19975,38
11234,19976,29
11234,19992,2
11234,19993,7
11234,19994,5
11234,19995,5
11234,19996,1
11234,19997,3
11234,19998,1.5
11234,19999,3
11234,20000,3
11234,20001,3
11234,20002,14
11234,20003,11
11234,20004,2
11234,20005,7
11234,20006,5
11234,20008,2
11234,20009,1
11234,20010,1
11234,20012,2
11234,20016,12
11234,20017,26
11234,20018,17
11234,20019,16
11234,20020,2
11234,20021,2
11234,20022,6
11234,20023,2
11234,20036,12
11234,20066,1
11234,20113,2
11234,20121,1
11234,20166,4
11234,20167,2
11234,20178,8
11234,20179,5
11234,20184,24
11234,20185,3
11234,20187,7
11234,20189,6
11234,20190,6
11234,20191,19
11234,20192,11
11234,20193,10
11234,20194,7
11234,20195,11
11234,20196,9
11234,20197,5
11234,20201,11
11234,20204,5
11234,20211,53
11234,20212,17
11234,20213,12
11234,20214,12
11234,20215,4
11234,20250,6
11235,19906,9
11235,19907,13
11235,19908,14.5
11235,19973,5
11235,19974,59
11235,19975,26
11235,19976,13
11235,19986,3
11235,19989,1
11235,19992,6
11235,19993,9
11235,19998,3
11235,20001,4
11235,20002,8
11235,20003,1
11235,20009,2
11235,20010,3
11235,20011,5
11235,20012,14
11235,20014,2
11235,20016,5
11235,20017,9
11235,20019,6
11235,20020,6
11235,20022,1
11235,20023,2
11235,20028,2
11235,20048,2
11235,20049,19.5
11235,20114,2
11235,20172,3
11235,20177,4
11235,20182,6
11235,20183,5
11235,20184,1
11235,20185,6
11235,20186,10
11235,20187,41
11235,20188,27
11235,20189,102
11235,20190,98
11235,20191,117
11235,20192,7
11235,20193,1
11235,20194,4
11235,20195,4
11235,20196,14
11235,20197,6
11235,20198,9
11235,20204,5.5
11235,20211,20
11235,20212,72
11235,20213,38
11235,20214,22
11235,20215,9
11235,20253,2
11236,19881,4
11236,19904,4
11236,19905,29
11236,19906,4
11236,19907,11
11236,19908,4
11236,19915,6
11236,19971,1
11236,19972,4
11236,19973,30.5
11236,19974,56.5
11236,19975,9
11236,19976,9
11236,19977,2
11236,19993,4
11236,20002,6
11236,20016,2
11236,20019,6
11236,20020,11
11236,20021,8
11236,20029,2
11236,20041,2
11236,20076,4
11236,20078,3
11236,20175,5
11236,20181,1
11236,20184,3
11236,20185,5
11236,20186,16
11236,20187,45
11236,20188,13.5
11236,20189,23
11236,20190,50
11236,20191,90
11236,20192,4
11236,20194,3
11236,20195,3
11236,20196,11
11236,20197,5
11236,20198,9.5
11236,20199,8
11236,20201,2
11236,20205,9
11236,20211,8
11236,20214,10
11237,19879,23
11237,19880,101.5
11237,19881,64.5
11237,19900,9
11237,19901,9
11237,19902,2
11237,19903,8.5
11237,19904,12
11237,19905,36.5
11237,19906,3
11237,19907,1
11237,19971,4
11237,19975,2
11237,19995,3
11237,20011,13
11237,20012,5
11237,20014,1
11237,20015,2
11237,20018,1
11237,20019,7
11237,20021,4
11237,20024,1
11237,20027,5
11237,20029,3
11237,20038,12
11237,20041,3
11237,20114,1
11237,20173,3
11237,20175,1
11237,20180,2
11237,20185,2
11237,20186,14
11237,20187,68.5
11237,20188,99.5
11237,20190,4
11237,20195,4
11237,20196,7
11237,20197,8
11237,20198,6
11237,20199,2
11237,20200,10
11237,20201,3
11237,20204,34
11237,20205,1
11237,20206,14
11237,20207,2
11237,20209,16
11237,20211,5
11237,20212,2
11238,19878,21
11238,19879,136
11238,19880,112.5
11238,19881,8
11238,19898,1
11238,19899,13
11238,19900,3
11238,19901,9.5
11238,19902,8
11238,19903,4
11238,19904,6
11238,20008,1
11238,20009,1
11238,20011,7
11238,20014,7
11238,20021,4
11238,20022,4
11238,20023,2
11238,20024,7
11238,20025,5
11238,20028,1
11238,20032,10
11238,20049,2
11238,20051,6
11238,20170,3
11238,20171,4
11238,20172,6
11238,20173,2
11238,20174,3
11238,20177,2
11238,20184,3
11238,20186,5
11238,20187,6
11238,20194,3
11238,20195,10.5
11238,20197,8
11238,20198,4
11238,20199,15
11238,20200,11
11238,20201,7
11238,20202,2
11238,20204,2
11238,20205,6
11238,20206,6
11238,20207,21
11238,20208,7
11238,20209,8
11238,20210,1
11238,20212,10
11238,20213,4
11239,19877,3
11239,19878,74.5
11239,19879,42
11239,19880,6
11239,19889,1
11239,19899,10
11239,19900,14
11239,19970,4
11239,19971,1
11239,20016,4
11239,20021,5
11239,20022,2
11239,20027,7
11239,20032,4
11239,20033,1
11239,20094,3
11239,20167,2
11239,20168,30
11239,20169,15
11239,20170,6.5
11239,20171,5
11239,20172,6
11239,20179,5
11239,20185,1
11239,20196,6
11239,20197,11
11239,20199,37
11239,20200,17
11239,20201,2
11239,20204,8
11239,20205,7
11239,20206,5
11239,20208,49
11239,20209,6
11239,20210,6
11239,20212,19
11239,20213,37
11240,19877,4
11240,19878,3
11240,19882,337.5
11240,19899,7
11240,19900,5
11240,19993,1
11240,20003,2
11240,20004,2
11240,20015,3
11240,20016,3
11240,20017,2
11240,20020,15
11240,20021,36.5
11240,20022,8
11240,20023,8
11240,20024,1
11240,20032,1
11240,20164,1
11240,20165,2
11240,20167,4
11240,20168,16
11240,20169,4
11240,20176,6
11240,20177,28
11240,20178,4
11240,20179,4
11240,20185,3
11240,20187,4
11240,20188,4
11240,20196,6
11240,20197,14
11240,20199,2
11240,20201,1
11240,20202,4
11240,20208,5
11240,20210,6
11240,20211,18
11240,20212,17
11240,20213,4
11240,20214,14
11240,20215,4
11240,20218,2
11240,20221,1
11241,19876,1
11241,19878,4
11241,19879,2
11241,19896,3
11241,19901,4
11241,19957,3
11241,19970,2
11241,20005,1
11241,20012,4
11241,20013,3
11241,20020,71
11241,20021,11
11241,20022,9
11241,20023,10
11241,20034,1
11241,20038,2
11241,20043,6
11241,20069,2
11241,20084,4
11241,20085,2
11241,20125,5
11241,20175,2
11241,20177,5
11241,20178,2.5
11241,20179,6
11241,20184,2
11241,20194,3
11241,20196,6.5
11241,20197,10
11241,20201,3.5
11241,20202,12
11241,20203,2
11241,20208,29
11241,20209,9
11241,20210,15
11241,20211,16
11241,20212,17
11241,20213,31
11241,20215,2
11241,20219,45
11241,20220,2
11241,20221,6
11241,20222,4
11242,19869,7
11242,19870,2
11242,19875,29
11242,19893,1
11242,19895,3
11242,19930,1
11242,19964,2
11242,19971,1
11242,19973,3
11242,20014,2
11242,20015,1
11242,20017,1
11242,20022,4
11242,20037,11
11242,20043,2
11242,20045,3
11242,20054,8
11242,20084,3
11242,20157,2
11242,20158,4
11242,20160,1
11242,20161,2
11242,20178,3
11242,20182,4
11242,20184,1
11242,20196,4
11242,20200,7
11242,20201,13
11242,20202,20
11242,20208,21
11242,20209,8
11242,20210,3
11242,20211,4
11242,20213,9
11242,20214,35
11242,20215,12
11242,20221,21
11242,20222,3
11242,20223,4
11242,20224,1
11243,19870,3
11243,19875,13
11243,19893,1
11243,19895,1
11243,19964,7
11243,19966,1
11243,19967,4
11243,19968,8.5
11243,20017,1
11243,20018,7
11243,20020,5
11243,20022,5
11243,20027,4
11243,20028,1
11243,20033,4
11243,20143,2
11243,20164,2
11243,20174,6
11243,20182,3
11243,20183,4
11243,20189,3
11243,20200,3
11243,20201,3
11243,20202,12
11243,20213,16
11243,20214,27
11243,20215,5
11243,20221,5
11243,20222,2
11243,20223,3
11243,20224,18
11243,20225,4
11244,19874,3
11244,19875,2
11244,19878,4
11244,19889,2
11244,19896,3
11244,19957,8
11244,19965,11
11244,19966,2
11244,19971,1
11244,20016,1
11244,20019,1
11244,20020,2
11244,20022,1
11244,20046,10
11244,20047,8
11244,20055,1
11244,20057,4
11244,20097,1
11244,20125,5
11244,20177,2
11244,20179,1
11244,20182,1
11244,20199,2
11244,20201,2
11244,20202,2
11244,20203,2
11244,20205,3
11244,20213,21
11244,20214,17
11244,20215,7
11244,20223,5
11244,20224,2
11244,20225,13
11244,20226,4
11245,19957,7
11245,19958,5
11245,19959,3
11245,19960,11
11245,19965,14
11245,20006,3
11245,20008,3
11245,20018,7
11245,20020,4
11245,20021,7
11245,20034,5
11245,20043,3
11245,20044,11
11245,20047,5
11245,20049,4
11245,20056,5
11245,20065,5
11245,20070,3
11245,20144,1
11245,20164,2
11245,20165,1
11245,20168,3
11245,20174,1
11245,20178,3
11245,20180,4
11245,20201,4
11245,20202,5
11245,20216,3
11245,20217,6
11245,20218,9
11245,20220,8
11245,20221,4
11245,20222,3
11245,20223,11
11245,20224,6
11245,20225,10
11245,20226,14
11245,20227,7
11245,20228,4
11246,19870,4
11246,19871,41
11246,19879,2
11246,19955,2
11246,19956,8
11246,19957,24
11246,19958,11
11246,19959,3
11246,19960,18
11246,19961,6
11246,19962,4
11246,19963,19
11246,19964,17
11246,19965,10
11246,19966,2
11246,19967,2
11246,19969,1
11246,19976,2
11246,19977,2
11246,20020,1
11246,20027,2
11246,20030,1
11246,20036,7
11246,20037,1
11246,20045,3
11246,20049,4
11246,20050,11
11246,20051,4
11246,20059,2
11246,20060,2
11246,20061,3
11246,20063,2
11246,20066,3
11246,20067,2
11246,20083,3.5
11246,20093,2
11246,20161,2
11246,20162,14
11246,20167,2
11246,20168,4
11246,20169,2
11246,20173,1
11246,20174,2
11246,20177,5
11246,20179,2
11246,20180,2
11246,20192,2
11246,20204,3
11246,20215,64
11246,20217,2
11246,20218,17
11246,20219,18
11246,20220,4
11246,20221,2
11246,20222,2
11246,20223,15
11246,20224,5
11246,20225,7
11246,20226,49
11246,20227,8
11246,20228,11
11246,20229,10
11246,20230,2
11246,20232,7
11247,19956,2
11247,19957,3
11247,19958,12
11247,19959,4
11247,19960,2
11247,19961,25
11247,19962,3
11247,19963,11
11247,19964,26
11247,19965,9
11247,19966,10
11247,19967,7
11247,19972,1
11247,19976,2
11247,19977,4
11247,20021,7
11247,20032,11
11247,20033,79
11247,20034,2
11247,20038,2
11247,20040,2
11247,20045,1
11247,20065,1
11247,20069,1
11247,20070,2
11247,20071,8
11247,20176,4
11247,20179,3
11247,20205,2
11247,20206,7
11247,20212,2
11247,20218,5
11247,20219,4
11247,20220,7
11247,20221,1
11247,20222,7
11247,20223,1
11247,20224,10
11247,20225,6
11247,20226,7
11247,20227,4
11247,20228,2
11247,20229,26
11247,20230,11
11247,20231,13
11247,20232,3
11248,19943,11
11248,19958,26.5
11248,19959,54
11248,19960,17
11248,19961,38
11248,19962,8
11248,19963,9
11248,19964,12.5
11248,19965,14
11248,19966,31.5
11248,19967,16
11248,19972,3
11248,20002,3
11248,20020,1
11248,20026,4
11248,20028,3
11248,20030,3
11248,20032,64.5
11248,20033,25
11248,20034,32
11248,20035,6
11248,20038,4
11248,20066,1
11248,20068,2
11248,20070,1.5
11248,20071,3
11248,20152,1.5
11248,20158,4
11248,20171,1
11248,20180,1
11248,20204,10
11248,20205,10
11248,20206,2
11248,20220,4
11248,20221,2
11248,20222,1
11248,20223,2
11248,20224,2
11248,20226,2
11248,20227,1
11248,20228,6
11248,20229,31
11248,20230,17
11248,20231,9
11249,19947,7
11249,19958,36
11249,19959,47.5
11249,19960,57
11249,19961,36
11249,19962,60
11249,19963,26
11249,19964,9
11249,19966,25.5
11249,19967,6.5
11249,19969,5
11249,19970,7
11249,19971,2
11249,19972,3
11249,19973,4
11249,19974,9
11249,20007,4
11249,20024,1
11249,20025,6
11249,20026,6
11249,20027,4
11249,20029,5
11249,20030,2
11249,20032,56
11249,20033,145.5
11249,20034,33
11249,20035,1
11249,20036,5
11249,20040,3
11249,20053,1
11249,20054,2
11249,20067,2
11249,20069,6
11249,20070,2
11249,20071,4
11249,20072,4
11249,20075,1
11249,20076,5
11249,20145,1
11249,20151,1
11249,20154,3
11249,20156,5
11249,20158,2
11249,20159,6
11249,20167,2
11249,20177,3
11249,20179,10
11249,20187,3
11249,20189,2
11249,20218,1
11249,20220,8
11249,20221,1
11249,20222,5
11249,20223,5
11249,20224,2
11249,20225,1
11249,20226,2
11249,20228,20
11249,20229,13
11249,20230,9
11249,20231,28.5
11249,20232,1
11250,19933,1
11250,19945,10
11250,19947,2
11250,19958,2
11250,19959,10
11250,19962,2
11250,19963,5
11250,19964,28
11250,19965,51.5
11250,19966,132
11250,19968,1
11250,19970,2
11250,19973,7.5
11250,20008,3
11250,20009,1
11250,20022,1
11250,20023,7
11250,20024,5
11250,20026,3
11250,20029,7
11250,20031,55
11250,20032,47
11250,20033,15
11250,20034,7
11250,20037,13
11250,20038,1
11250,20039,3
11250,20066,11
11250,20068,2
11250,20069,1
11250,20080,2
11250,20153,5
11250,20154,3
11250,20157,1
11250,20158,3
11250,20168,3
11250,20171,4
11250,20172,2
11250,20182,1
11250,20203,2
11250,20219,4
11250,20221,9
11250,20222,5
11250,20224,2
11250,20225,1
11250,20226,5
11250,20227,2
11250,20228,8
11250,20229,6
11250,20230,6
11250,20231,13
11250,20232,12
11250,20233,9
11251,19915,23
11251,19916,24
11251,19917,25.5
11251,19932,5
11251,19933,2
11251,19938,4
11251,19965,140.5
11251,19966,114
11251,19967,2
11251,19968,7
11251,19969,9
11251,19970,8
11251,19973,7
11251,19974,9
11251,19976,2
11251,20023,2
11251,20025,4
11251,20027,6
11251,20028,2
11251,20031,20
11251,20032,112
11251,20033,309
11251,20034,79
11251,20035,39.5
11251,20036,13
11251,20037,4
11251,20043,2
11251,20044,1
11251,20045,5
11251,20054,5
11251,20056,1
11251,20058,2
11251,20060,2
11251,20061,6
11251,20064,8
11251,20065,4
11251,20066,2
11251,20067,6
11251,20068,1
11251,20070,7
11251,20072,11
11251,20075,4
11251,20079,1
11251,20085,2
11251,20152,2
11251,20166,5
11251,20170,4
11251,20172,6
11251,20173,2
11251,20176,2
11251,20182,3
11251,20217,5
11251,20218,2
11251,20219,14
11251,20220,3
11251,20221,14
11251,20223,2
11251,20224,5
11251,20225,4
11251,20226,9
11251,20227,23
11251,20228,16
11251,20229,6
11251,20230,3
11251,20231,23
11251,20232,4
11251,20233,13
11251,20234,25
11251,20235,22
11251,20239,2
11251,20240,84
11251,20241,4
11252,19915,14
11252,19916,30
11252,19917,31
11252,19918,8
11252,19919,2
11252,19920,7
11252,19922,1
11252,19931,4
11252,19932,4
11252,19933,1
11252,19934,4
11252,19966,55
11252,19967,3
11252,19968,15
11252,19969,13
11252,19970,27
11252,19972,2
11252,19973,32
11252,19974,10.5
11252,19975,4
11252,20026,11
11252,20027,9
11252,20028,3
11252,20029,7
11252,20030,67.5
11252,20031,111.5
11252,20032,185
11252,20033,370
11252,20034,368.5
11252,20035,44
11252,20036,53
11252,20037,36
11252,20044,2
11252,20046,2
11252,20054,1
11252,20056,8
11252,20062,7
11252,20063,5
11252,20064,4
11252,20065,8
11252,20066,4
11252,20067,6
11252,20068,18
11252,20069,41
11252,20070,72
11252,20071,28
11252,20072,30
11252,20080,4
11252,20081,5
11252,20085,1
11252,20156,4
11252,20165,3
11252,20168,4
11252,20170,5
11252,20173,1
11252,20174,1
11252,20177,4
11252,20218,4
11252,20220,3
11252,20224,4
11252,20225,4
11252,20226,41
11252,20227,41.5
11252,20228,24
11252,20229,20
11252,20230,17
11252,20231,31
11252,20232,19
11252,20233,11
11252,20234,49.5
11252,20235,117
11252,20236,68
11252,20238,28
11252,20239,323
11252,20240,140
11252,20241,62.5
11253,19912,3
11253,19913,9
11253,19914,2
11253,19915,33
11253,19916,12
11253,19917,10
11253,19918,10
11253,19919,3
11253,19920,2
11253,19922,2
11253,19923,15
11253,19924,11
11253,19925,14
11253,19926,17
11253,19927,25
11253,19928,4
11253,19933,3
11253,19936,1
11253,19937,2
11253,19944,1
11253,19966,8
11253,19967,6
11253,19968,2
11253,19969,4
11253,19970,14
11253,19971,5
11253,19972,5
11253,19973,8
11253,19974,12
11253,19975,4
11253,20022,4
11253,20024,3
11253,20026,9
11253,20027,16
11253,20028,20
11253,20029,142
11253,20030,57
11253,20031,104
11253,20032,102
11253,20033,29
11253,20034,190
11253,20035,48.5
11253,20036,33
11253,20037,49
11253,20038,10
11253,20039,3
11253,20043,2
11253,20044,2
11253,20046,7
11253,20047,11
11253,20048,2
11253,20049,3
11253,20053,29
11253,20054,22
11253,20055,34
11253,20056,10
11253,20057,7
11253,20062,11
11253,20063,4
11253,20064,21
11253,20065,5
11253,20066,10
11253,20068,18
11253,20069,86
11253,20070,77
11253,20071,89.5
11253,20072,124
11253,20075,3
11253,20095,3
11253,20169,6
11253,20171,3
11253,20172,4
11253,20175,2
11253,20176,1
11253,20177,3
11253,20191,2
11253,20218,2
11253,20227,3
11253,20228,2
11253,20229,3
11253,20230,10
11253,20231,10
11253,20232,36.5
11253,20233,128.5
11253,20234,152.5
11253,20235,193
11253,20236,182.5
11253,20237,373.5
11253,20238,244
11253,20239,76
11253,20240,25
11253,20241,7
11253,20242,48
11253,20243,8
11254,19911,7
11254,19912,11
11254,19913,7
11254,19914,3.5
11254,19917,7
11254,19918,29
11254,19919,15
11254,19922,3
11254,19923,11
11254,19924,10
11254,19926,5
11254,19928,5
11254,19930,1
11254,19932,1
11254,19933,4
11254,19969,1
11254,19970,14
11254,19971,46.5
11254,19972,1
11254,19973,4
11254,19974,25
11254,19975,6
11254,20006,1
11254,20025,3
11254,20027,4
11254,20028,27
11254,20029,24
11254,20030,30
11254,20031,35
11254,20032,35
11254,20034,21
11254,20035,6
11254,20036,14
11254,20037,8
11254,20039,1
11254,20042,3
11254,20043,1
11254,20046,2
11254,20047,5
11254,20049,19
11254,20050,2
11254,20053,16
11254,20054,76.5
11254,20055,98.5
11254,20056,15
11254,20057,6
11254,20058,1
11254,20061,2
11254,20063,1
11254,20064,2
11254,20065,3
11254,20067,2
11254,20068,63
11254,20069,93
11254,20070,44
11254,20071,61.5
11254,20072,58
11254,20075,3
11254,20079,3
11254,20080,8
11254,20082,10
11254,20157,3
11254,20168,5
11254,20169,6
11254,20171,5
11254,20174,3
11254,20175,3
11254,20176,3.5
11254,20177,7
11254,20178,5
11254,20193,12
11254,20202,5
11254,20229,7
11254,20230,4
11254,20231,6
11254,20232,14
11254,20233,177.5
11254,20234,180
11254,20235,359.5
11254,20236,278.5
11254,20237,287
11254,20238,250
11254,20239,10
11254,20240,19
11254,20241,9
11254,20242,14
11254,20243,31
11254,20244,15
11254,20250,2
11255,19894,4
11255,19909,3
11255,19911,1
11255,19912,4
11255,19918,22
11255,19919,13
11255,19920,2.5
11255,19923,4
11255,19924,4
11255,19925,9
11255,19926,7
11255,19927,1
11255,19928,5
11255,19929,6
11255,19930,1
11255,19931,4
11255,19933,1
11255,19934,2
11255,19935,4
11255,19939,1
11255,19953,2
11255,19957,2
11255,19964,3
11255,19965,4
11255,19969,2
11255,19970,6
11255,19971,21
11255,19972,2
11255,19973,24
11255,19974,9
11255,19975,1
11255,20028,5
11255,20029,6
11255,20032,17
11255,20033,8
11255,20034,136
11255,20035,131
11255,20036,158.5
11255,20037,28
11255,20038,17
11255,20039,3
11255,20041,3
11255,20050,2
11255,20051,52
11255,20052,42.5
11255,20053,21
11255,20054,60.5
11255,20055,10
11255,20056,22.5
11255,20057,13
11255,20059,7
11255,20061,4
11255,20062,5
11255,20066,6
11255,20067,64
11255,20068,53.5
11255,20069,71
11255,20070,44
11255,20071,100
11255,20072,58.5
11255,20075,4
11255,20076,6
11255,20080,2
11255,20083,6
11255,20168,4
11255,20169,15
11255,20172,6
11255,20173,2
11255,20174,2
11255,20176,2
11255,20177,5
11255,20181,1
11255,20182,2
11255,20191,8
11255,20192,7
11255,20198,2
11255,20201,2
11255,20202,4
11255,20231,28
11255,20232,84
11255,20233,29
11255,20234,479
11255,20235,291
11255,20236,154.5
11255,20237,102
11255,20238,49
11255,20239,37
11255,20240,16
11255,20241,11
11255,20242,8
11255,20243,18
11255,20244,18
11255,20245,5
11255,20246,14
11255,20248,2
11255,20249,7
11255,20250,18.5
11255,20251,2
11256,19888,2
11256,19904,2
11256,19911,2
11256,19912,17
11256,19913,1
11256,19914,5
11256,19915,9
11256,19916,6
11256,19918,1
11256,19922,4
11256,19923,10.5
11256,19924,27
11256,19926,4
11256,19927,3
11256,19928,12
11256,19929,5
11256,19931,13
11256,19933,2
11256,19934,3
11256,19938,9.5
11256,19942,4
11256,19946,2
11256,19970,2
11256,19971,13
11256,19973,7
11256,19974,9
11256,20032,8
11256,20036,24
11256,20040,1
11256,20041,5
11256,20043,1
11256,20044,7
11256,20045,12
11256,20046,3
11256,20050,25
11256,20051,55
11256,20052,115
11256,20053,62
11256,20054,72.5
11256,20055,14
11256,20056,62.5
11256,20057,8
11256,20058,10
11256,20059,14
11256,20060,12
11256,20061,5
11256,20063,11
11256,20064,2
11256,20066,3
11256,20067,1
11256,20068,45.5
11256,20069,156.5
11256,20070,371.5
11256,20071,344.5
11256,20072,83.5
11256,20073,32
11256,20074,9
11256,20075,18
11256,20078,7
11256,20079,7
11256,20080,2
11256,20081,2
11256,20082,6
11256,20084,1
11256,20085,4
11256,20086,1.5
11256,20089,2
11256,20093,2
11256,20095,2
11256,20121,1
11256,20167,1
11256,20169,15
11256,20170,9
11256,20172,1
11256,20173,7
11256,20177,1
11256,20178,2
11256,20180,3
11256,20201,3
11256,20202,11.5
11256,20204,2
11256,20230,5
11256,20231,36
11256,20232,100.5
11256,20233,345
11256,20234,117
11256,20235,154.5
11256,20236,68.5
11256,20237,56
11256,20238,59
11256,20239,30
11256,20240,23
11256,20241,28.5
11256,20242,6
11256,20243,11
11256,20244,11
11256,20245,5
11256,20246,9
11256,20247,12
11256,20248,5
11256,20249,16
11256,20250,3
11257,19905,4
11257,19914,10
11257,19915,9
11257,19918,5
11257,19919,8
11257,19920,11
11257,19921,2
11257,19922,6
11257,19923,9
11257,19924,12
11257,19926,1
11257,19928,2
11257,19930,1
11257,19931,69
11257,19932,9
11257,19933,3
11257,19934,4
11257,19935,14
11257,19937,2
11257,19938,3
11257,19941,2
11257,19948,1
11257,19970,7
11257,19971,5
11257,19972,3
11257,19973,5
11257,19974,3
11257,19975,2
11257,19976,2
11257,20007,1
11257,20015,5
11257,20016,33
11257,20022,1
11257,20035,3
11257,20044,9
11257,20045,12
11257,20046,17
11257,20047,21.5
11257,20048,13
11257,20049,14
11257,20050,40
11257,20051,63
11257,20052,46.5
11257,20053,26
11257,20054,120
11257,20055,82.5
11257,20056,233
11257,20057,57
11257,20058,20
11257,20059,4
11257,20061,2
11257,20063,2
11257,20067,7
11257,20068,25
11257,20069,67
11257,20070,217
11257,20071,145.5
11257,20072,106
11257,20073,117
11257,20074,60
11257,20075,56
11257,20076,13
11257,20077,5
11257,20078,5
11257,20079,1.5
11257,20081,5
11257,20082,3
11257,20084,2
11257,20085,2
11257,20090,2
11257,20097,3
11257,20101,5
11257,20104,1
11257,20107,3
11257,20122,10
11257,20123,6
11257,20166,2
11257,20169,14
11257,20170,13
11257,20173,2
11257,20174,1
11257,20175,8
11257,20176,1
11257,20178,4
11257,20180,1
11257,20185,4
11257,20187,2
11257,20201,4
11257,20202,2
11257,20203,4
11257,20226,1
11257,20227,1
11257,20228,2
11257,20231,2
11257,20232,3
11257,20233,105
11257,20234,260
11257,20235,110.5
11257,20236,79
11257,20237,35.5
11257,20238,33
11257,20239,17
11257,20240,10
11257,20241,21
11257,20242,14.5
11257,20243,17
11257,20244,16
11257,20245,11
11257,20246,41.5
11257,20247,2
11257,20248,16
11257,20249,10
11258,19908,1
11258,19910,4
11258,19911,18
11258,19912,11
11258,19913,7
11258,19914,10
11258,19919,7
11258,19920,25.5
11258,19921,53
11258,19922,105
11258,19923,186.5
11258,19924,11.5
11258,19925,32
11258,19926,38
11258,19929,4
11258,19931,13
11258,19932,20
11258,19935,3
11258,19937,4
11258,19949,2
11258,19969,6
11258,19970,14
11258,19971,2
11258,19974,5
11258,19996,6
11258,20001,2
11258,20007,4
11258,20008,4
11258,20010,1
11258,20013,17
11258,20014,21
11258,20015,79
11258,20016,25
11258,20046,10
11258,20051,27
11258,20052,22
11258,20053,34
11258,20054,158
11258,20055,400.5
11258,20056,56
11258,20057,24
11258,20058,12
11258,20059,2
11258,20061,6
11258,20062,1
11258,20063,4
11258,20064,5
11258,20065,6
11258,20066,2
11258,20068,1
11258,20069,21
11258,20070,38
11258,20071,43
11258,20072,81
11258,20073,96
11258,20074,45
11258,20075,112
11258,20076,4
11258,20077,10
11258,20078,4
11258,20080,2
11258,20081,4
11258,20083,6
11258,20086,4
11258,20092,2
11258,20094,3
11258,20096,2
11258,20097,2
11258,20103,2
11258,20123,12
11258,20124,6
11258,20169,59.5
11258,20170,60
11258,20173,1
11258,20174,2
11258,20175,2
11258,20176,2
11258,20179,3
11258,20198,3
11258,20201,1
11258,20202,11
11258,20228,5
11258,20230,2
11258,20232,10.5
11258,20233,13
11258,20235,37
11258,20236,129.5
11258,20237,83
11258,20238,36
11258,20239,31
11258,20240,58
11258,20241,16
11258,20242,34
11258,20243,18
11258,20244,21
11258,20245,18
11258,20246,12
11258,20247,51
11258,20248,13
11258,20249,15
11259,19909,3
11259,19911,10
11259,19912,3
11259,19921,11.5
11259,19922,214
11259,19923,250
11259,19924,116
11259,19925,70
11259,19926,39
11259,19927,13
11259,19928,21.5
11259,19929,7
11259,19930,9
11259,19931,10
11259,19932,7
11259,19968,4
11259,19969,4
11259,19970,10
11259,19975,3
11259,20003,2
11259,20006,1
11259,20007,1
11259,20011,16
11259,20012,49.5
11259,20013,54
11259,20014,66
11259,20015,82
11259,20016,3.5
11259,20028,1
11259,20033,2
11259,20035,4
11259,20044,1
11259,20045,1
11259,20046,2
11259,20051,3
11259,20052,2
11259,20053,4
11259,20054,25
11259,20055,96.5
11259,20056,48
11259,20057,26
11259,20058,11
11259,20059,2
11259,20063,4
11259,20068,2
11259,20069,5
11259,20070,20
11259,20071,15.5
11259,20072,26
11259,20073,7
11259,20074,15
11259,20075,2
11259,20076,11
11259,20077,2
11259,20078,5
11259,20084,2
11259,20085,2
11259,20087,2
11259,20092,2
11259,20094,5
11259,20096,5
11259,20097,4
11259,20098,5
11259,20104,2
11259,20122,4
11259,20125,2
11259,20169,87
11259,20170,70
11259,20171,2
11259,20174,4
11259,20175,2
11259,20176,3
11259,20185,6
11259,20199,24
11259,20200,1
11259,20201,45.5
11259,20202,2
11259,20228,2
11259,20229,3
11259,20230,14
11259,20231,10
11259,20233,100.5
11259,20234,29
11259,20235,68
11259,20236,47
11259,20237,51
11259,20238,31
11259,20239,41
11259,20240,55
11259,20241,38
11259,20242,50
11259,20243,13
11259,20244,7.5
11259,20245,12.5
11259,20246,13
11259,20247,9
11259,20248,17
11260,19921,3
11260,19922,2
11260,19923,7
11260,19924,61.5
11260,19925,25
11260,19926,12
11260,19928,4
11260,19969,16
11260,19970,27
11260,19971,9
11260,19974,3
11260,19976,5
11260,19977,6
11260,19979,6
11260,20004,3
11260,20005,2
11260,20008,1
11260,20010,6
11260,20011,37
11260,20012,62
11260,20013,121
11260,20014,62
11260,20015,30
11260,20016,43
11260,20017,3
11260,20028,2
11260,20031,2
11260,20032,4
11260,20044,8
11260,20052,2
11260,20054,89
11260,20055,92
11260,20056,35
11260,20057,28
11260,20058,4
11260,20060,1
11260,20068,4
11260,20069,3
11260,20070,8
11260,20071,6
11260,20072,2
11260,20073,3
11260,20075,1
11260,20077,1
11260,20078,3
11260,20084,3
11260,20087,3
11260,20093,2
11260,20094,4
11260,20095,3
11260,20096,4
11260,20097,1
11260,20098,27
11260,20099,3
11260,20100,3
11260,20101,8
11260,20102,5
11260,20103,6
11260,20104,5
11260,20109,1
11260,20116,7
11260,20123,20
11260,20124,125
11260,20125,12
11260,20168,21
11260,20169,201
11260,20170,98.5
11260,20171,2
11260,20172,5
11260,20174,1
11260,20176,8
11260,20177,4
11260,20199,3
11260,20200,1
11260,20204,3
11260,20221,4
11260,20228,2
11260,20229,12
11260,20231,5
11260,20232,5
11260,20233,19
11260,20234,59.5
11260,20235,29
11260,20236,54
11260,20237,56
11260,20238,12
11260,20239,7
11260,20240,160.5
11260,20241,25.5
11260,20242,35
11260,20243,38.5
11260,20244,25
11260,20245,17
11260,20246,34
11260,20247,38
11260,20248,15
11260,20249,2
11261,19920,7
11261,19921,4
11261,19923,30
11261,19924,44
11261,19925,7
11261,19926,5
11261,19969,5
11261,19970,8
11261,19971,7
11261,19972,11
11261,19973,1
11261,19976,1
11261,19977,7
11261,19978,26
11261,19979,28
11261,19980,12.5
11261,19997,1
11261,19998,3
11261,19999,1
11261,20005,1
11261,20008,7
11261,20009,16
11261,20010,5
11261,20011,42
11261,20012,103
11261,20013,80
11261,20014,132
11261,20015,285
11261,20016,55.5
11261,20017,26
11261,20018,1
11261,20045,3
11261,20051,20
11261,20052,3
11261,20054,18
11261,20055,12
11261,20056,27
11261,20057,37
11261,20058,2
11261,20060,2
11261,20063,1
11261,20068,5
11261,20069,9
11261,20070,5
11261,20071,21.5
11261,20072,10
11261,20073,2
11261,20077,16
11261,20078,4
11261,20081,2
11261,20084,4
11261,20085,4
11261,20088,2
11261,20089,2
11261,20091,5
11261,20092,2
11261,20093,11
11261,20094,2
11261,20096,1
11261,20097,5
11261,20099,7
11261,20100,14
11261,20101,7
11261,20102,3
11261,20103,10
11261,20104,3
11261,20105,3
11261,20106,1
11261,20107,6
11261,20108,1
11261,20122,6
11261,20123,14
11261,20124,59
11261,20125,32
11261,20163,2
11261,20168,48
11261,20169,248.5
11261,20170,61
11261,20171,3
11261,20172,23
11261,20173,1
11261,20175,3
11261,20176,2
11261,20201,2
11261,20202,2
11261,20207,4
11261,20220,4
11261,20229,7
11261,20230,2
11261,20231,7
11261,20232,4
11261,20233,57.5
11261,20234,82
11261,20235,25
11261,20236,36
11261,20237,20
11261,20240,92
11261,20241,161
11261,20242,162.5
11261,20243,16
11261,20244,18
11261,20245,22
11261,20246,12
11261,20247,12.5
11261,20248,6
11261,20249,26
11262,19919,4
11262,19920,17
11262,19921,11
11262,19922,2
11262,19923,66
11262,19924,4
11262,19925,1
11262,19963,5
11262,19969,2
11262,19970,20
11262,19972,1
11262,19974,1
11262,19976,12
11262,19977,23
11262,19978,23
11262,19979,22
11262,19980,37
11262,19981,37
11262,19982,9
11262,19983,6
11262,19990,1
11262,19994,1
11262,19995,2
11262,19996,7
11262,19997,30.5
11262,19998,9
11262,20007,1
11262,20008,14
11262,20009,28
11262,20010,41
11262,20011,42.5
11262,20012,64
11262,20013,91.5
11262,20014,76
11262,20015,63.5
11262,20016,15
11262,20017,1
11262,20046,2
11262,20047,6
11262,20048,4
11262,20049,1
11262,20050,7
11262,20051,5
11262,20053,2
11262,20054,1
11262,20055,6
11262,20056,8
11262,20057,2
11262,20058,3
11262,20059,3
11262,20060,8
11262,20069,5
11262,20071,12
11262,20072,17
11262,20073,6
11262,20080,1
11262,20081,6
11262,20083,3
11262,20085,5
11262,20087,2
11262,20088,2
11262,20091,26
11262,20092,42.5
11262,20093,71.5
11262,20094,66
11262,20095,44
11262,20096,91
11262,20097,21
11262,20098,3
11262,20099,3
11262,20100,10
11262,20101,7
11262,20106,6
11262,20107,1
11262,20115,2
11262,20122,10
11262,20123,34
11262,20124,1
11262,20125,14
11262,20131,12
11262,20147,2
11262,20168,15
11262,20169,28
11262,20170,1
11262,20171,4
11262,20172,2
11262,20173,4
11262,20176,2
11262,20201,1
11262,20207,5
11262,20217,1
11262,20219,5
11262,20227,3
11262,20228,11
11262,20231,70
11262,20232,4
11262,20233,4
11262,20235,25.5
11262,20236,3
11262,20237,5
11262,20238,3
11262,20239,22
11262,20240,8
11262,20241,17.5
11262,20242,45
11262,20243,41
11262,20244,11
11262,20245,6
11262,20246,21
11262,20247,2
11262,20248,4
11262,20249,7
11262,20250,1
11263,19920,7
11263,19921,6
11263,19923,4
11263,19969,4
11263,19970,26
11263,19971,2
11263,19973,1
11263,19975,7
11263,19976,9
11263,19977,31
11263,19978,37
11263,19979,28
11263,19980,34
11263,19981,34
11263,19982,36.5
11263,19983,17
11263,19984,26
11263,19985,21
11263,19986,16
11263,19987,6
11263,19988,6
11263,19989,15
11263,19990,13
11263,19991,10
11263,19992,11
11263,19994,6
11263,19995,25
11263,19996,18
11263,20002,4
11263,20005,3
11263,20007,26
11263,20008,68
11263,20009,60
11263,20010,52
11263,20011,25.5
11263,20012,100
11263,20013,78
11263,20014,56
11263,20015,76
11263,20016,10
11263,20048,4
11263,20050,7
11263,20051,11
11263,20053,3
11263,20055,8
11263,20056,2
11263,20057,2
11263,20060,2
11263,20061,6
11263,20062,1
11263,20064,11
11263,20065,5
11263,20069,3
11263,20070,2
11263,20071,18
11263,20072,1
11263,20073,4
11263,20077,4
11263,20078,4
11263,20080,3
11263,20081,2
11263,20083,4
11263,20084,3
11263,20085,1
11263,20089,2
11263,20090,2
11263,20091,37
11263,20092,89
11263,20093,51.5
11263,20094,31.5
11263,20095,40
11263,20096,81.5
11263,20097,79
11263,20098,38
11263,20099,5
11263,20100,3
11263,20101,4
11263,20103,1
11263,20104,3
11263,20106,3
11263,20121,9
11263,20122,27
11263,20123,26
11263,20124,6
11263,20125,11
11263,20126,16
11263,20127,12
11263,20128,6
11263,20129,9
11263,20130,3
11263,20131,6
11263,20169,3
11263,20170,1
11263,20171,2
11263,20172,6
11263,20173,7
11263,20175,1
11263,20176,2
11263,20178,1
11263,20179,1
11263,20181,2
11263,20202,1
11263,20203,2
11263,20209,2
11263,20213,3
11263,20218,5
11263,20221,1
11263,20222,12
11263,20226,9
11263,20231,41.5
11263,20232,28
11263,20233,110.5
11263,20234,14
11263,20236,6
11263,20237,5
11263,20239,9
11263,20240,15
11263,20241,2
11263,20242,25
11263,20243,45
11263,20244,12
11263,20245,11
11263,20246,3
11263,20247,4
11263,20248,31
11263,20249,2
11263,20250,12
11264,19919,7
11264,19920,5
11264,19968,4
11264,19969,2
11264,19970,6
11264,19971,6
11264,19976,3
11264,19977,27
11264,19978,30.5
11264,19979,30
11264,19980,38
11264,19981,16
11264,19982,45
11264,19983,30.5
11264,19984,40
11264,19985,28
11264,19986,2
11264,19988,17
11264,19989,16
11264,19990,8
11264,19991,4
11264,19992,9
11264,19995,7
11264,19998,6
11264,20005,4
11264,20006,36.5
11264,20007,49
11264,20008,42
11264,20009,66
11264,20010,39
11264,20011,50
11264,20012,37
11264,20013,96
11264,20014,94
11264,20015,16
11264,20048,7
11264,20049,4
11264,20050,7
11264,20051,8
11264,20053,1
11264,20055,2
11264,20056,2
11264,20057,2
11264,20059,3
11264,20061,6
11264,20062,5
11264,20063,2
11264,20064,2
11264,20065,2
11264,20070,1
11264,20072,1
11264,20074,2
11264,20075,1
11264,20082,2
11264,20083,2
11264,20084,10
11264,20088,6
11264,20090,9
11264,20091,57
11264,20092,16
11264,20093,43
11264,20094,49
11264,20095,46
11264,20096,4
11264,20097,45.5
11264,20098,57
11264,20100,1
11264,20101,2.5
11264,20102,5
11264,20103,7
11264,20104,2
11264,20117,3
11264,20121,3
11264,20124,1
11264,20125,5
11264,20126,9
11264,20127,5
11264,20128,24
11264,20130,6
11264,20166,3
11264,20169,7
11264,20171,5
11264,20172,6
11264,20173,4
11264,20174,2
11264,20179,2
11264,20182,1
11264,20199,27
11264,20200,6
11264,20204,26
11264,20205,4
11264,20207,2
11264,20208,2
11264,20209,5
11264,20217,2
11264,20218,5
11264,20219,14
11264,20220,63
11264,20221,19
11264,20222,52
11264,20223,180
11264,20224,3
11264,20225,176
11264,20226,2
11264,20227,98
11264,20229,2
11264,20230,3
11264,20232,8
11264,20233,10
11264,20239,4
11264,20240,17
11264,20241,4
11264,20242,7
11264,20243,55
11264,20244,6
11264,20245,5
11264,20246,7
11264,20247,16
11264,20248,2
11264,20249,12
11264,20250,3
11265,19968,3
11265,19969,17
11265,19971,2
11265,19973,6.5
11265,19975,4
11265,19977,5
11265,19978,35
11265,19979,34
11265,19980,33
11265,19981,37
11265,19982,61
11265,19983,44
11265,19984,28.5
11265,19985,19
11265,19987,11
11265,19988,11
11265,19990,5
11265,19993,1
11265,19995,2
11265,20000,2
11265,20001,1
11265,20003,4
11265,20004,6
11265,20005,26
11265,20006,56
11265,20007,24
11265,20008,47
11265,20009,23
11265,20010,56
11265,20011,64
11265,20012,86
11265,20013,104.5
11265,20014,88
11265,20015,32
11265,20048,6
11265,20049,6
11265,20050,3
11265,20054,3
11265,20055,2
11265,20058,12
11265,20059,2
11265,20060,4
11265,20061,3
11265,20062,2
11265,20070,2
11265,20071,3
11265,20074,4
11265,20075,1.5
11265,20077,4
11265,20081,1
11265,20084,2
11265,20090,4
11265,20091,9
11265,20092,23
11265,20093,36
11265,20094,73
11265,20095,46.5
11265,20096,277
11265,20097,37
11265,20098,58
11265,20100,4
11265,20101,1
11265,20104,3
11265,20106,4
11265,20115,2
11265,20126,3
11265,20128,2
11265,20132,6
11265,20171,1
11265,20172,8
11265,20173,5
11265,20179,2
11265,20199,26
11265,20200,18
11265,20201,1
11265,20202,4
11265,20203,13
11265,20207,2
11265,20219,59
11265,20220,103
11265,20221,145
11265,20222,157
11265,20223,106.5
11265,20224,49
11265,20225,40
11265,20227,1
11265,20230,37
11265,20238,3
11265,20240,9
11265,20241,15
11265,20243,23
11265,20244,32
11265,20245,5
11265,20246,9
11265,20248,8
11265,20249,20
11265,20250,6
11266,19968,6
11266,19973,2
11266,19977,2
11266,19978,8
11266,19979,20
11266,19980,15
11266,19981,30
11266,19982,64
11266,19983,144
11266,19984,190
11266,19985,2
11266,19989,7
11266,19990,11
11266,19992,7
11266,19993,6
11266,19994,14
11266,19995,10
11266,19997,2
11266,19998,2
11266,20000,2
11266,20001,3
11266,20003,21
11266,20004,35
11266,20005,34
11266,20006,25.5
11266,20007,89.5
11266,20008,58.5
11266,20009,96
11266,20010,71
11266,20011,92
11266,20012,80
11266,20013,98
11266,20014,32
11266,20015,22
11266,20047,2
11266,20049,1
11266,20052,4
11266,20053,3
11266,20058,2
11266,20059,2
11266,20060,8
11266,20062,1
11266,20063,2
11266,20064,3
11266,20069,5
11266,20072,2
11266,20076,4
11266,20077,1
11266,20081,2
11266,20093,10
11266,20094,95.5
11266,20095,380
11266,20096,426
11266,20097,120
11266,20098,15.5
11266,20101,5
11266,20102,11
11266,20106,1
11266,20107,2
11266,20127,8
11266,20169,1
11266,20171,13
11266,20172,2
11266,20174,2
11266,20178,2
11266,20179,1
11266,20181,3
11266,20182,2
11266,20194,1
11266,20195,2
11266,20196,1
11266,20198,3
11266,20199,19
11266,20200,19
11266,20201,9
11266,20203,5
11266,20204,11
11266,20209,5
11266,20211,4
11266,20216,10
11266,20218,2
11266,20219,1
11266,20220,16
11266,20221,43.5
11266,20223,31.5
11266,20224,149
11266,20225,85
11266,20228,2
11266,20238,1
11266,20240,6
11266,20241,11
11266,20243,9
11266,20244,24
11266,20245,3
11266,20246,5
11266,20247,7
11266,20248,21
11266,20249,10
11266,20250,3
11267,19920,1
11267,19967,2
11267,19978,9
11267,19979,16
11267,19980,14.5
11267,19981,19
11267,19982,25
11267,19983,66
11267,19984,218
11267,19985,3
11267,19986,55.5
11267,19987,15
11267,19988,17
11267,19989,11
11267,19990,16.5
11267,19991,8
11267,19992,14
11267,19993,15
11267,19994,18
11267,19995,7
11267,20001,6
11267,20004,23
11267,20005,18
11267,20006,63.5
11267,20007,25
11267,20008,34.5
11267,20009,39
11267,20010,23
11267,20011,10
11267,20012,16
11267,20013,2
11267,20014,4
11267,20016,4
11267,20048,1
11267,20049,4
11267,20061,2
11267,20062,2
11267,20069,9
11267,20070,3
11267,20074,2
11267,20077,5
11267,20079,2
11267,20093,2
11267,20094,10
11267,20095,6
11267,20096,115
11267,20097,110
11267,20098,28
11267,20099,2
11267,20101,1
11267,20107,2
11267,20112,2
11267,20129,5
11267,20155,1
11267,20156,2
11267,20172,1
11267,20173,4
11267,20174,2
11267,20181,2
11267,20182,1
11267,20197,13
11267,20198,17.5
11267,20199,33
11267,20200,122.5
11267,20201,28
11267,20202,1
11267,20208,5
11267,20209,2
11267,20211,2
11267,20215,3
11267,20223,2
11267,20224,30
11267,20225,20
11267,20230,3
11267,20241,18
11267,20242,14
11267,20244,9
11267,20245,10
11267,20246,4
11267,20247,5
11267,20248,10
11267,20249,2
11267,20250,4
11267,20252,4
11268,19879,24
11268,19880,3
11268,19967,1
11268,19968,5
11268,19970,3
11268,19972,2
11268,19975,13
11268,19976,14
11268,19980,10.5
11268,19981,18.5
11268,19982,8
11268,19983,45
11268,19984,4
11268,19985,13
11268,19987,9
11268,19988,16
11268,19989,8
11268,19990,30
11268,19991,19
11268,19992,21.5
11268,19993,11
11268,19994,4
11268,19995,5
11268,20000,4
11268,20001,1.5
11268,20002,1
11268,20003,2
11268,20004,4
11268,20005,5
11268,20006,12
11268,20007,26
11268,20008,12
11268,20009,4
11268,20010,2
11268,20011,9
11268,20012,2
11268,20013,5
11268,20015,2
11268,20016,2
11268,20019,2
11268,20049,1
11268,20050,3
11268,20053,1
11268,20054,1
11268,20069,4
11268,20070,4
11268,20081,1
11268,20092,4
11268,20093,10.5
11268,20094,4
11268,20095,2
11268,20097,46.5
11268,20098,42
11268,20099,44.5
11268,20100,2
11268,20102,2
11268,20103,15
11268,20104,9
11268,20105,3
11268,20106,4
11268,20155,1
11268,20171,1
11268,20174,1
11268,20182,2
11268,20196,4
11268,20197,4
11268,20198,11
11268,20199,17
11268,20200,35
11268,20201,26
11268,20202,16
11268,20203,24
11268,20204,10
11268,20205,1
11268,20227,2
11268,20228,2
11268,20231,5
11268,20237,2
11268,20241,3
11268,20242,29
11268,20243,14
11268,20244,8
11268,20245,5
11268,20246,5
11268,20247,3
11268,20248,6
11268,20249,10
11268,20250,1
11268,20251,1
11268,20252,8
11268,20253,11
11268,20254,2
11269,19879,2
11269,19968,9
11269,19974,2
11269,19977,8
11269,19981,13
11269,19983,15
11269,19984,3
11269,19987,1
11269,19991,3
11269,19992,5
11269,19993,4
11269,20000,6
11269,20001,2
11269,20002,16
11269,20003,13
11269,20004,14
11269,20005,4
11269,20006,5
11269,20009,1
11269,20010,3
11269,20048,4
11269,20049,2
11269,20052,8
11269,20067,2
11269,20068,7
11269,20069,8
11269,20070,6
11269,20071,4
11269,20072,1
11269,20078,3
11269,20092,12
11269,20097,6
11269,20098,6
11269,20099,47.5
11269,20100,76
11269,20101,14
11269,20102,5
11269,20103,12
11269,20104,6.5
11269,20106,6
11269,20107,3
11269,20108,6
11269,20111,5
11269,20143,1
11269,20156,2
11269,20172,2
11269,20174,2
11269,20181,2
11269,20193,4
11269,20194,5
11269,20195,5
11269,20196,3
11269,20197,3
11269,20199,4
11269,20200,1
11269,20201,6
11269,20202,23
11269,20203,8
11269,20204,5
11269,20207,2
11269,20208,11
11269,20209,3
11269,20222,25
11269,20226,7
11269,20227,2
11269,20230,5
11269,20231,2
11269,20232,1
11269,20239,2
11269,20241,2
11269,20242,2
11269,20243,10.5
11269,20244,7
11269,20245,9
11269,20246,2
11269,20248,4
11269,20249,11
11269,20250,7
11269,20251,6
11269,20252,13
11269,20253,6.5
11269,20254,14
11270,19882,2
11270,19971,8
11270,19975,16
11270,19993,3
11270,19997,1
11270,20002,12
11270,20003,8
11270,20004,10
11270,20005,13
11270,20006,7
11270,20010,9
11270,20021,1
11270,20047,8
11270,20049,9
11270,20050,2
11270,20072,2
11270,20074,1
11270,20077,3
11270,20078,7
11270,20079,5
11270,20080,2
11270,20085,3
11270,20090,1
11270,20092,1
11270,20097,16
11270,20098,41
11270,20099,24
11270,20100,46
11270,20101,32
11270,20102,1
11270,20103,11
11270,20104,1
11270,20105,4
11270,20109,6
11270,20113,1
11270,20130,1
11270,20191,2
11270,20194,4
11270,20195,15
11270,20198,1
11270,20199,4
11270,20200,4
11270,20201,41.5
11270,20202,107
11270,20203,17
11270,20208,2
11270,20210,1
11270,20221,2
11270,20222,1
11270,20225,2
11270,20229,4
11270,20230,13
11270,20233,2
11270,20244,2
11270,20249,5
11270,20250,9
11270,20251,9
11270,20252,3
11270,20253,9
11270,20254,4
11270,20255,21
11270,20256,8
11270,20257,7
11270,20258,18
11270,20260,16
11270,20261,38
11270,20262,14
11271,19968,5
11271,19976,4
11271,20001,4
11271,20003,21
11271,20004,15
11271,20005,15.5
11271,20006,9
11271,20010,20.5
11271,20011,23
11271,20015,4
11271,20040,1
11271,20042,3
11271,20046,6.5
11271,20047,3
11271,20048,6
11271,20053,6
11271,20054,9
11271,20057,5
11271,20092,2
11271,20097,22
11271,20098,9
11271,20099,4
11271,20102,3
11271,20104,5.5
11271,20108,2
11271,20109,2
11271,20116,1
11271,20191,3
11271,20192,2
11271,20193,1
11271,20194,4
11271,20195,2
11271,20197,1
11271,20199,5
11271,20200,68
11271,20201,121
11271,20202,212
11271,20203,4
11271,20206,3
11271,20209,38
11271,20210,13
11271,20214,2
11271,20218,2
11271,20221,3
11271,20240,1
11271,20243,2
11271,20249,6
11271,20250,6
11271,20251,4
11271,20252,3
11271,20253,16
11271,20254,13.5
11271,20255,19
11271,20256,23
11271,20257,26
11271,20258,9
11271,20259,37
11271,20260,40
11271,20261,39
11271,20262,13
11271,20263,23
11271,20264,5
11272,19901,2
11272,19902,8
11272,19968,10
11272,19982,2
11272,19995,5
11272,19998,3
11272,20001,5
11272,20002,8
11272,20003,19
11272,20004,15
11272,20005,26.5
11272,20006,2
11272,20014,2
11272,20015,2
11272,20016,1
11272,20045,4
11272,20046,1
11272,20047,4
11272,20048,4
11272,20049,5
11272,20051,4
11272,20052,7
11272,20053,3
11272,20054,5
11272,20055,8
11272,20056,6
11272,20072,2
11272,20092,1
11272,20097,4
11272,20103,8
11272,20104,4
11272,20105,8
11272,20107,6
11272,20113,3
11272,20115,1
11272,20179,1
11272,20191,2
11272,20193,2
11272,20194,15
11272,20196,2
11272,20199,1
11272,20200,8
11272,20201,101.5
11272,20202,116
11272,20203,26
11272,20204,8
11272,20205,1
11272,20207,1
11272,20208,5
11272,20209,11
11272,20211,1
11272,20212,5
11272,20218,2
11272,20219,2
11272,20231,3
11272,20243,2
11272,20249,20
11272,20250,17
11272,20251,16
11272,20252,24.5
11272,20253,53
11272,20254,58
11272,20255,39.5
11272,20256,21
11272,20257,12
11272,20258,18
11272,20259,17
11272,20260,17
11272,20261,32
11272,20262,14
11272,20263,4
11272,20264,21
11272,20265,20
11272,20266,31
11272,20267,11
11272,20268,55
11272,20269,10
11272,20270,2
11273,19968,12
11273,19969,7
11273,19976,2
11273,19988,4
11273,19989,1
11273,19995,2
11273,19996,64
11273,19997,43
11273,19998,50
11273,20002,2
11273,20003,6
11273,20004,2
11273,20005,6
11273,20012,2
11273,20014,2
11273,20016,2
11273,20029,5
11273,20045,2
11273,20047,18
11273,20048,8
11273,20049,12
11273,20053,2
11273,20055,5
11273,20056,4
11273,20063,2
11273,20071,1
11273,20094,1
11273,20101,2
11273,20105,7
11273,20112,3
11273,20113,3
11273,20114,3
11273,20151,1
11273,20179,5
11273,20184,1
11273,20194,13
11273,20201,63
11273,20202,119
11273,20203,75
11273,20204,16
11273,20209,4
11273,20210,1
11273,20212,3
11273,20213,1
11273,20218,2
11273,20219,2
11273,20249,5
11273,20250,17
11273,20251,17
11273,20252,23
11273,20253,18
11273,20254,40
11273,20255,77
11273,20256,14
11273,20257,22
11273,20258,12
11273,20259,32.5
11273,20260,14
11273,20261,13
11273,20262,4
11273,20263,15
11273,20264,11
11273,20265,17
11273,20266,13.5
11273,20267,12
11273,20268,18
11273,20269,22
11273,20270,5
11274,19883,1
11274,19887,7
11274,19889,1
11274,19968,23
11274,19969,13
11274,19970,3.5
11274,19996,14
11274,19997,85.5
11274,19998,68
11274,19999,54
11274,20004,3
11274,20005,3
11274,20008,1
11274,20009,4
11274,20011,2.5
11274,20014,3
11274,20030,3
11274,20031,2
11274,20032,3
11274,20041,1
11274,20044,1
11274,20045,2
11274,20046,4
11274,20047,19
11274,20048,6
11274,20049,11.5
11274,20050,2
11274,20052,10
11274,20053,2
11274,20056,9
11274,20065,2
11274,20079,3
11274,20085,2
11274,20087,1
11274,20093,2
11274,20097,2
11274,20098,1
11274,20102,2
11274,20104,4
11274,20105,5
11274,20107,1
11274,20112,2
11274,20117,2
11274,20119,2
11274,20120,3
11274,20179,19
11274,20194,9.5
11274,20200,2
11274,20201,9
11274,20202,60.5
11274,20203,34
11274,20204,1
11274,20211,2
11274,20212,2
11274,20213,4
11274,20216,4
11274,20217,2
11274,20222,5
11274,20251,4
11274,20252,14
11274,20253,6
11274,20254,9
11274,20255,10
11274,20256,8
11274,20257,33
11274,20258,24.5
11274,20259,14
11274,20262,9
11274,20263,5
11274,20264,7
11274,20265,22
11274,20266,19
11274,20267,3
11274,20268,11
11274,20269,9
11275,19968,15
11275,19972,1
11275,19990,3
11275,19995,1
11275,19996,56
11275,19997,301
11275,19998,202.5
11275,19999,41
11275,20001,13
11275,20007,2
11275,20009,2
11275,20013,5
11275,20014,14
11275,20015,7
11275,20016,9
11275,20019,3
11275,20032,16
11275,20033,17
11275,20046,1
11275,20047,7
11275,20048,12
11275,20049,9
11275,20050,6
11275,20051,9
11275,20052,2
11275,20055,2
11275,20056,3
11275,20060,4
11275,20082,1
11275,20083,2
11275,20087,4
11275,20102,4
11275,20103,1
11275,20105,2
11275,20107,2
11275,20108,1
11275,20109,1
11275,20110,1
11275,20111,1
11275,20118,2
11275,20178,10
11275,20179,22
11275,20194,2
11275,20201,18
11275,20202,24
11275,20203,54.5
11275,20204,2
11275,20206,2
11275,20208,5
11275,20209,1
11275,20210,5
11275,20214,3
11275,20215,4
11275,20216,3
11275,20222,3
11275,20249,2
11275,20252,2
11275,20253,19
11275,20254,23
11275,20255,10
11275,20257,7
11275,20258,24
11275,20259,13
11275,20262,8
11275,20263,7
11275,20264,12
11275,20265,27
11275,20266,12
11275,20267,7
11275,20268,7
11275,20269,37.5
11276,19968,3
11276,19969,2
11276,19972,2
11276,19997,122.5
11276,19998,172
11276,19999,35
11276,20000,18
11276,20002,4
11276,20003,4
11276,20004,3
11276,20007,10
11276,20008,24
11276,20009,69.5
11276,20010,36
11276,20011,56
11276,20012,26
11276,20014,23
11276,20015,76.5
11276,20016,43
11276,20017,11
11276,20029,1
11276,20032,2
11276,20033,15
11276,20034,8
11276,20038,4
11276,20046,2
11276,20047,7
11276,20048,6
11276,20050,10
11276,20052,7
11276,20053,10
11276,20054,5
11276,20055,7
11276,20059,2
11276,20077,12
11276,20082,5
11276,20084,2
11276,20100,1
11276,20103,5
11276,20107,3
11276,20108,2
11276,20109,2
11276,20115,2
11276,20116,5
11276,20139,1
11276,20155,2
11276,20157,1
11276,20173,2
11276,20174,6
11276,20200,2
11276,20201,10
11276,20202,4.5
11276,20203,17
11276,20207,4
11276,20209,1
11276,20213,2
11276,20214,22.5
11276,20215,4
11276,20216,4.5
11276,20225,2
11276,20255,6
11276,20256,13
11276,20257,14
11276,20258,3
11276,20259,10
11276,20262,4
11276,20263,9
11276,20264,23
11276,20265,11
11276,20266,12
11276,20267,26
11276,20268,7
11276,20269,12
11277,19906,2
11277,19910,3
11277,19967,2
11277,19968,4
11277,19971,1
11277,19980,4
11277,19981,2
11277,19983,1
11277,19992,1
11277,19995,2
11277,19998,49
11277,19999,43.5
11277,20000,29
11277,20001,9
11277,20002,2.5
11277,20003,6
11277,20004,2
11277,20006,2
11277,20008,10
11277,20009,38
11277,20010,36
11277,20011,64
11277,20012,58
11277,20013,26
11277,20014,31
11277,20015,33
11277,20016,34
11277,20017,10
11277,20018,3
11277,20027,5
11277,20029,2
11277,20030,6
11277,20044,1
11277,20046,2
11277,20047,14
11277,20048,4
11277,20050,9
11277,20051,1
11277,20052,7
11277,20053,2
11277,20054,18
11277,20055,6
11277,20058,1
11277,20060,4
11277,20061,3
11277,20072,3
11277,20073,1
11277,20077,2
11277,20084,1
11277,20085,3
11277,20105,5
11277,20118,3
11277,20158,13
11277,20200,23
11277,20201,121
11277,20202,32.5
11277,20203,10
11277,20205,5
11277,20206,2
11277,20207,7
11277,20208,2
11277,20212,2
11277,20216,3
11277,20224,1
11277,20225,1
11277,20226,4
11277,20253,19
11277,20255,6
11277,20256,18
11277,20257,26
11277,20259,5
11277,20260,5
11277,20261,2
11277,20262,9
11277,20263,6
11277,20264,11
11277,20265,12
11277,20266,14
11277,20267,7
11277,20268,4
11277,20269,7
11277,20270,21
11278,19969,4
11278,19971,7
11278,19973,5
11278,19987,2
11278,19990,9
11278,19991,20
11278,19992,53
11278,19993,10
11278,19998,18
11278,19999,46
11278,20000,30
11278,20001,30
11278,20002,34.5
11278,20003,38
11278,20004,23
11278,20005,25
11278,20006,12
11278,20009,54
11278,20010,73.5
11278,20011,33
11278,20012,92
11278,20013,93
11278,20014,63
11278,20015,59
11278,20016,96
11278,20017,46
11278,20018,5
11278,20021,5
11278,20023,2
11278,20025,8
11278,20026,25
11278,20027,32
11278,20028,45
11278,20029,23
11278,20030,2
11278,20031,2
11278,20045,2
11278,20047,1
11278,20050,2
11278,20054,16
11278,20058,6
11278,20059,4
11278,20060,2
11278,20061,2
11278,20091,5
11278,20092,1
11278,20094,2
11278,20101,4
11278,20117,4
11278,20118,2
11278,20119,4
11278,20156,2
11278,20202,12.5
11278,20203,12
11278,20204,8
11278,20206,15
11278,20207,34
11278,20208,12
11278,20213,1
11278,20252,32
11278,20253,11
11278,20255,14
11278,20256,23
11278,20257,5
11278,20258,1
11278,20259,2
11278,20261,8.5
11278,20262,15
11278,20263,12
11278,20266,6
11278,20267,6
11278,20268,11
11278,20269,24.5
11278,20270,26
11278,20271,22
11279,19968,2
11279,19970,2
11279,19972,3
11279,19978,3
11279,19987,2
11279,19988,17
11279,19989,18
11279,19990,44.5
11279,19991,40
11279,19992,32
11279,19993,9
11279,19998,18.5
11279,19999,39
11279,20000,40
11279,20001,45.5
11279,20002,44
11279,20003,41
11279,20004,43
11279,20005,54
11279,20006,14
11279,20011,6
11279,20012,155
11279,20013,65
11279,20014,74.5
11279,20015,43
11279,20016,24
11279,20017,70.5
11279,20018,4
11279,20021,1
11279,20022,11
11279,20025,5
11279,20026,35
11279,20027,2
11279,20028,35
11279,20029,11
11279,20030,2
11279,20031,2
11279,20032,1
11279,20033,1
11279,20034,5
11279,20038,3
11279,20039,5
11279,20040,3
11279,20042,3
11279,20043,5
11279,20044,5
11279,20045,9
11279,20046,5
11279,20048,2
11279,20049,2
11279,20052,10
11279,20053,11
11279,20054,17
11279,20055,4
11279,20056,2
11279,20057,15
11279,20058,12
11279,20114,1
11279,20118,3
11279,20171,4
11279,20180,1
11279,20201,1
11279,20202,6
11279,20203,13
11279,20204,53
11279,20205,2
11279,20206,1
11279,20207,11
11279,20208,6
11279,20224,2
11279,20252,95.5
11279,20253,5
11279,20254,28
11279,20255,31.5
11279,20256,8
11279,20257,4
11279,20258,6
11279,20259,20
11279,20260,3
11279,20262,1
11279,20268,2
11279,20269,10
11279,20270,16
11279,20271,1
11280,19865,4
11280,19866,3
11280,19869,3
11280,19870,13.5
11280,19871,11
11280,19872,17
11280,19970,4
11280,19972,13
11280,19974,35.5
11280,19976,1
11280,19977,3.5
11280,19981,2
11280,19983,9
11280,19988,36.5
11280,19989,39
11280,19990,32
11280,19991,40
11280,19992,51
11280,19993,55
11280,19994,17
11280,19995,19.5
11280,19996,24
11280,19997,11
11280,19998,24
11280,19999,21
11280,20000,44
11280,20001,19
11280,20002,15
11280,20003,29.5
11280,20004,45
11280,20005,45
11280,20006,4
11280,20010,1
11280,20012,54
11280,20013,116.5
11280,20014,159
11280,20015,17
11280,20016,9
11280,20017,70.5
11280,20018,46
11280,20019,9
11280,20020,2
11280,20021,1
11280,20022,3
11280,20024,2
11280,20025,13
11280,20026,13
11280,20027,2
11280,20028,16
11280,20029,25
11280,20030,2
11280,20031,16
11280,20032,12
11280,20033,13.5
11280,20034,8
11280,20035,2
11280,20036,2
11280,20039,3
11280,20041,1
11280,20042,15
11280,20043,14
11280,20044,18
11280,20045,23
11280,20046,26
11280,20047,2
11280,20050,1
11280,20052,3
11280,20053,12.5
11280,20054,7
11280,20055,7
11280,20056,11
11280,20057,3
11280,20058,7.5
11280,20059,2
11280,20060,7
11280,20077,2
11280,20088,2
11280,20101,2
11280,20103,3
11280,20174,1
11280,20175,2
11280,20202,2
11280,20203,5
11280,20204,6
11280,20205,19
11280,20206,7
11280,20207,2
11280,20208,3
11280,20253,21
11280,20254,2
11280,20255,3
11280,20256,32
11280,20257,19
11280,20258,12
11280,20259,6
11280,20260,6
11280,20268,7
11280,20269,14
11280,20270,51
11280,20271,6
11281,19858,2
11281,19861,11
11281,19862,11
11281,19863,18
11281,19864,5
11281,19865,2
11281,19866,13
11281,19867,40.5
11281,19868,24
11281,19869,22
11281,19870,26
11281,19871,15
11281,19872,27
11281,19873,13
11281,19970,8
11281,19971,16
11281,19972,26
11281,19973,16
11281,19974,32.5
11281,19975,44
11281,19976,11
11281,19977,15
11281,19978,23
11281,19980,3
11281,19981,4
11281,19982,4
11281,19983,8
11281,19988,12
11281,19989,27
11281,19990,39
11281,19991,56.5
11281,19992,37.5
11281,19993,32.5
11281,19994,29
11281,19995,26
11281,19996,31
11281,19997,42
11281,19998,29
11281,19999,39
11281,20000,61
11281,20001,51.5
11281,20002,51.5
11281,20003,40
11281,20004,39
11281,20005,28
11281,20009,4
11281,20013,6
11281,20014,35
11281,20015,18
11281,20016,39
11281,20017,47
11281,20018,41
11281,20019,16
11281,20020,7
11281,20023,2
11281,20025,13.5
11281,20026,42
11281,20027,49.5
11281,20028,53
11281,20029,62
11281,20030,278.5
11281,20031,50
11281,20032,6
11281,20033,11
11281,20034,10
11281,20035,13
11281,20040,10
11281,20041,11
11281,20042,11
11281,20043,13
11281,20044,15
11281,20045,13
11281,20046,10
11281,20047,1
11281,20049,3
11281,20053,1
11281,20054,1
11281,20055,2
11281,20057,4
11281,20058,6.5
11281,20059,6
11281,20066,9
11281,20067,3
11281,20070,1
11281,20073,2
11281,20075,4
11281,20092,5
11281,20110,2
11281,20154,2
11281,20160,3
11281,20201,2
11281,20206,6
11281,20253,1
11281,20254,5
11281,20255,1
11281,20256,8
11281,20257,15
11281,20258,18
11281,20259,6
11281,20260,9
11281,20268,16
11281,20269,26.5
11281,20270,4
11282,19857,4
11282,19858,11
11282,19859,31
11282,19860,22
11282,19861,40.5
11282,19862,98.5
11282,19863,7
11282,19864,2
11282,19865,24
11282,19866,70
11282,19867,50
11282,19868,39
11282,19869,14
11282,19870,33.5
11282,19871,19
11282,19872,3.5
11282,19873,17
11282,19970,102
11282,19971,140.5
11282,19972,48.5
11282,19973,97
11282,19974,50
11282,19975,28
11282,19976,34
11282,19977,55
11282,19978,52
11282,19979,14
11282,19981,5.5
11282,19982,13
11282,19983,6
11282,19987,2
11282,19990,9
11282,19991,16
11282,19992,33
11282,19993,34
11282,19994,36
11282,19995,21
11282,19997,43
11282,19998,38
11282,19999,37
11282,20000,36
11282,20001,26
11282,20002,25
11282,20003,2
11282,20004,19
11282,20005,8
11282,20009,4
11282,20010,6
11282,20011,15
11282,20012,31
11282,20013,7
11282,20014,3
11282,20015,9
11282,20016,10
11282,20017,10
11282,20018,2.5
11282,20019,15
11282,20020,13
11282,20021,8
11282,20022,5
11282,20023,14
11282,20024,12
11282,20025,5
11282,20026,14
11282,20027,20
11282,20028,35.5
11282,20029,37.5
11282,20030,57
11282,20031,16
11282,20032,51
11282,20033,35
11282,20035,3
11282,20041,4
11282,20042,7
11282,20043,9
11282,20044,11
11282,20045,8
11282,20046,13
11282,20047,4
11282,20048,3
11282,20049,7
11282,20050,2
11282,20055,4
11282,20064,1
11282,20065,7
11282,20066,2
11282,20067,4
11282,20073,1
11282,20076,3
11282,20090,7
11282,20112,4
11282,20113,2
11282,20159,6
11282,20164,3
11282,20166,2
11282,20186,2
11282,20202,1
11282,20207,4
11282,20208,2
11282,20234,4
11282,20255,28
11282,20258,7
11282,20259,7
11282,20260,2
11282,20269,4
11283,19857,5
11283,19858,15
11283,19859,55
11283,19860,34
11283,19861,22.5
11283,19862,63
11283,19863,1
11283,19864,14.5
11283,19865,17
11283,19866,14
11283,19867,58.5
11283,19868,41
11283,19869,23.5
11283,19870,11
11283,19871,26
11283,19872,21.5
11283,19873,10
11283,19968,7
11283,19969,78.5
11283,19970,279.5
11283,19971,34
11283,19972,46
11283,19973,32
11283,19974,21
11283,19975,19
11283,19976,17
11283,19977,26
11283,19978,70
11283,19979,34
11283,19980,15
11283,19981,5
11283,19982,8
11283,19983,6
11283,19984,4
11283,19986,3
11283,19992,13
11283,19993,40
11283,19994,39
11283,19995,38
11283,19996,9
11283,19997,34
11283,19998,51
11283,19999,32
11283,20000,41
11283,20001,52
11283,20002,26
11283,20003,50.5
11283,20004,37
11283,20009,8
11283,20010,13
11283,20011,22
11283,20012,35
11283,20013,79
11283,20014,30
11283,20016,2
11283,20017,2
11283,20018,4
11283,20019,21
11283,20020,4
11283,20021,19
11283,20022,7
11283,20023,9
11283,20024,3
11283,20025,4
11283,20026,7
11283,20027,3
11283,20028,16
11283,20029,15
11283,20030,3
11283,20031,11
11283,20032,47
11283,20033,67
11283,20034,28
11283,20035,33
11283,20042,2
11283,20043,4
11283,20044,13
11283,20046,4
11283,20047,3
11283,20049,42
11283,20050,58
11283,20051,13
11283,20052,8
11283,20053,2
11283,20054,1
11283,20059,1
11283,20063,2
11283,20065,1
11283,20067,1
11283,20070,4
11283,20078,2
11283,20085,2
11283,20093,4
11283,20095,1
11283,20107,3
11283,20108,1
11283,20111,16
11283,20114,3
11283,20129,2
11283,20131,4
11283,20153,2
11283,20163,1
11283,20179,4
11283,20201,7
11283,20202,1
11283,20207,9
11283,20208,1
11283,20268,11
11283,20269,1
11284,19858,3
11284,19859,17
11284,19860,15
11284,19862,1
11284,19863,8
11284,19864,13
11284,19865,9
11284,19866,35
11284,19867,41
11284,19868,22
11284,19869,22
11284,19870,21
11284,19871,33
11284,19872,23
11284,19873,4
11284,19965,2
11284,19967,48.5
11284,19968,48
11284,19969,134.5
11284,19970,87.5
11284,19971,35
11284,19972,25
11284,19973,13
11284,19974,19
11284,19975,1
11284,19978,8
11284,19979,26
11284,19980,6
11284,19983,4
11284,19984,2
11284,19992,1
11284,19993,4
11284,19994,12
11284,19995,47.5
11284,19996,38
11284,19997,42
11284,19998,38
11284,19999,20
11284,20000,38
11284,20001,44
11284,20002,44
11284,20003,40
11284,20004,17
11284,20011,3
11284,20013,15
11284,20014,19
11284,20019,9
11284,20020,13
11284,20021,11
11284,20022,7
11284,20023,9
11284,20024,15
11284,20026,7
11284,20029,5
11284,20030,2
11284,20031,16
11284,20032,38
11284,20033,32
11284,20034,27
11284,20035,2
11284,20044,6
11284,20046,9
11284,20047,6
11284,20049,8
11284,20050,147.5
11284,20051,354
11284,20052,242.5
11284,20053,9
11284,20055,15
11284,20056,14
11284,20057,7
11284,20058,5
11284,20066,2
11284,20067,2
11284,20070,6
11284,20099,20
11284,20100,3
11284,20108,2
11284,20109,10
11284,20110,6
11284,20111,18
11284,20112,1.5
11284,20200,2
11284,20201,2
11284,20202,7
11284,20203,17
11284,20204,10
11284,20206,10
11284,20207,27
11284,20208,3
11284,20236,2
11284,20266,33
11284,20267,2
11284,20268,18
11285,19857,1
11285,19859,31.5
11285,19860,22
11285,19866,6
11285,19867,8.5
11285,19868,27
11285,19869,16
11285,19870,24
11285,19871,13
11285,19880,1
11285,19940,1
11285,19965,2
11285,19966,8
11285,19967,19
11285,19968,20
11285,19969,85
11285,19970,2
11285,19971,39
11285,19973,8
11285,19974,6
11285,19978,6
11285,19979,3
11285,19995,25.5
11285,19996,39
11285,19997,32
11285,19998,37
11285,19999,35
11285,20000,49
11285,20001,68
11285,20002,43
11285,20003,46
11285,20004,4
11285,20014,2
11285,20016,7
11285,20019,2
11285,20021,1
11285,20022,3
11285,20024,5
11285,20025,10
11285,20030,24
11285,20031,59.5
11285,20032,42.5
11285,20033,28
11285,20034,15
11285,20044,16.5
11285,20045,22
11285,20046,44
11285,20047,24
11285,20048,51
11285,20049,38.5
11285,20050,96
11285,20051,52
11285,20052,25
11285,20053,13
11285,20054,10
11285,20055,23
11285,20056,13
11285,20057,10
11285,20062,1
11285,20063,2
11285,20064,4
11285,20074,6
11285,20099,14
11285,20100,2
11285,20101,1
11285,20105,7
11285,20106,5
11285,20107,15
11285,20108,12
11285,20109,2
11285,20111,2
11285,20113,2
11285,20115,2
11285,20138,3
11285,20203,5
11285,20205,8
11285,20206,9
11285,20207,7
11285,20211,2
11285,20224,1
11285,20256,1
11285,20266,4
11285,20267,19
11285,20268,38
11285,20269,22
11285,20270,5
11286,19858,4
11286,19859,20
11286,19860,17
11286,19868,4
11286,19869,14
11286,19870,45
11286,19872,4
11286,19873,5
11286,19887,4
11286,19940,4
11286,19967,8
11286,19968,4
11286,19969,31
11286,19971,5
11286,19973,2
11286,19975,2
11286,19978,4
11286,19979,6
11286,19994,9
11286,19997,26
11286,19998,41
11286,19999,27
11286,20000,35
11286,20001,52
11286,20002,38
11286,20003,23
11286,20013,1
11286,20017,5
11286,20022,2
11286,20024,5
11286,20028,3
11286,20029,11
11286,20030,36
11286,20031,25
11286,20032,13
11286,20033,3
11286,20034,4.5
11286,20035,4
11286,20043,14
11286,20044,10
11286,20045,2
11286,20046,3
11286,20047,2
11286,20048,2
11286,20049,18
11286,20050,45
11286,20051,9
11286,20052,38
11286,20053,15
11286,20054,2
11286,20055,3
11286,20056,7
11286,20057,4
11286,20063,2
11286,20078,2
11286,20083,15
11286,20099,19
11286,20100,8
11286,20104,1
11286,20105,14
11286,20106,11
11286,20109,1
11286,20110,23
11286,20111,3
11286,20112,1
11286,20115,2
11286,20135,6
11286,20184,1
11286,20202,3
11286,20210,2
11286,20230,2
11286,20265,4
11286,20266,16
11286,20267,15
11286,20268,28
11286,20269,24
11286,20270,4
11287,19857,2
11287,19858,4
11287,19859,12
11287,19860,2
11287,19869,5
11287,19870,6
11287,19872,13
11287,19873,18
11287,19874,14
11287,19875,3
11287,19949,3
11287,19966,10
11287,19967,9
11287,19968,7
11287,19969,11
11287,19997,24
11287,19998,31
11287,19999,2
11287,20001,2
11287,20022,7
11287,20025,5
11287,20029,4
11287,20030,3
11287,20034,1
11287,20036,3
11287,20049,2
11287,20050,6
11287,20051,5
11287,20052,47
11287,20053,56.5
11287,20054,4
11287,20055,2
11287,20059,1
11287,20060,4
11287,20069,8
11287,20099,13
11287,20100,4
11287,20104,7
11287,20105,15
11287,20106,9
11287,20107,6
11287,20108,21
11287,20109,7
11287,20110,14
11287,20186,5
11287,20203,3
11287,20205,2
11287,20208,3
11287,20211,2
11287,20223,1
11287,20224,3
11287,20236,1
11287,20256,4
11287,20265,16
11287,20266,7
11287,20267,31
11287,20268,37
11287,20269,20
11287,20270,25
11287,20271,18
11288,19857,20
11288,19858,23.5
11288,19859,17
11288,19860,1
11288,19861,2
11288,19870,4
11288,19940,2
11288,19942,8
11288,19945,5
11288,19946,13
11288,19947,6
11288,19948,105
11288,19966,2
11288,19971,3
11288,20048,2
11288,20049,7
11288,20051,10
11288,20052,63
11288,20054,9
11288,20055,25
11288,20056,15
11288,20060,5
11288,20071,4
11288,20075,4
11288,20076,22
11288,20077,2
11288,20098,7
11288,20099,30
11288,20100,6
11288,20104,2
11288,20105,10
11288,20106,7
11288,20107,12
11288,20108,45
11288,20109,17
11288,20110,6
11288,20118,1
11288,20161,2
11288,20163,5
11288,20185,3
11288,20186,1
11288,20203,31
11288,20205,1
11288,20207,4
11288,20208,41
11288,20213,4
11288,20265,19
11288,20266,59.5
11288,20267,21
11288,20268,11
11288,20269,17
11288,20270,19
11288,20271,24
11288,20272,6
11288,20273,4
11289,19857,2
11289,19858,4
11289,19859,20
11289,19860,9
11289,19861,7
11289,19862,3
11289,19868,71
11289,19940,3
11289,19941,1
11289,19942,7
11289,19943,5
11289,19944,7
11289,19945,8
11289,19946,16
11289,19947,51.5
11289,19948,90
11289,19949,2
11289,19965,5
11289,19972,14
11289,20017,4
11289,20018,4
11289,20035,2
11289,20048,3
11289,20051,3
11289,20052,13
11289,20054,8
11289,20055,16
11289,20056,26.5
11289,20057,2
11289,20058,3
11289,20063,3
11289,20074,10
11289,20075,26
11289,20076,5
11289,20077,10
11289,20078,5
11289,20098,2
11289,20099,27
11289,20100,6
11289,20106,16
11289,20107,17
11289,20108,25
11289,20109,31.5
11289,20119,2
11289,20145,1
11289,20161,6
11289,20162,7
11289,20163,2
11289,20207,4
11289,20231,1
11289,20264,5
11289,20265,21
11289,20266,25
11289,20267,25.5
11289,20268,1
11289,20269,25
11289,20270,21
11289,20271,24
11289,20272,34
11290,19858,10
11290,19859,7
11290,19860,4
11290,19861,8
11290,19862,2
11290,19940,7
11290,19941,14
11290,19942,15
11290,19943,8
11290,19944,14
11290,19945,11
11290,19946,24
11290,19947,36
11290,19948,75
11290,19951,2
11290,20017,2
11290,20018,3.5
11290,20019,1
11290,20048,5
11290,20051,4
11290,20054,13
11290,20055,13
11290,20056,21
11290,20065,3
11290,20066,6
11290,20071,4
11290,20072,8
11290,20074,17
11290,20075,14
11290,20076,13
11290,20077,2
11290,20078,1
11290,20100,7
11290,20104,5
11290,20105,3
11290,20106,27
11290,20107,25
11290,20108,23
11290,20109,13
11290,20112,2
11290,20131,4
11290,20163,5
11290,20164,11
11290,20231,3
11290,20265,20
11290,20266,16
11290,20267,25
11290,20268,31
11290,20269,40
11290,20270,31
11290,20271,50
11290,20272,50
11290,20273,4
11291,19860,4
11291,19861,18
11291,19862,5
11291,19869,4
11291,19871,4
11291,19940,1
11291,19941,14
11291,19942,25
11291,19943,12.5
11291,19944,14
11291,19945,36
11291,19946,22
11291,19947,4
11291,19948,1
11291,19966,7
11291,20001,1
11291,20002,5
11291,20018,6
11291,20051,2
11291,20052,5
11291,20062,2
11291,20063,35
11291,20064,24
11291,20065,25
11291,20066,15
11291,20072,2
11291,20073,14
11291,20074,33
11291,20075,3
11291,20098,4
11291,20100,4
11291,20101,6
11291,20104,3
11291,20106,8
11291,20107,25.5
11291,20108,38
11291,20109,17
11291,20121,1
11291,20139,2
11291,20144,2
11291,20152,2
11291,20162,2
11291,20163,1
11291,20164,1
11291,20265,3
11291,20266,18
11291,20267,17
11291,20268,38
11291,20269,47
11291,20270,44
11291,20271,50
11291,20272,61
11291,20273,54
11291,20274,3
11292,19861,5
11292,19934,1
11292,19941,10
11292,19942,8
11292,19944,2
11292,19947,2
11292,19949,10
11292,19950,11
11292,19951,12
11292,19969,2
11292,20018,4
11292,20019,2
11292,20049,2
11292,20050,2
11292,20064,29
11292,20065,19
11292,20068,23.5
11292,20069,1
11292,20073,1
11292,20074,33
11292,20075,2
11292,20079,5
11292,20098,4
11292,20099,2
11292,20100,2
11292,20101,2
11292,20106,11
11292,20107,42
11292,20108,47
11292,20109,7
11292,20110,2
11292,20121,2
11292,20195,6
11292,20197,1
11292,20211,4
11292,20266,13
11292,20267,19.5
11292,20268,35.5
11292,20269,35
11292,20270,27
11292,20271,67
11292,20272,143
11292,20273,130
11292,20274,49
11293,19940,8
11293,19944,2
11293,19948,1
11293,19949,5
11293,19950,14
11293,19951,45
11293,19952,17
11293,19958,2
11293,19964,1
11293,20050,3
11293,20062,9
11293,20063,21
11293,20064,59
11293,20065,62.5
11293,20066,51
11293,20067,22
11293,20068,15
11293,20069,48
11293,20070,16
11293,20071,30.5
11293,20072,7
11293,20073,15
11293,20074,10
11293,20075,6
11293,20077,4
11293,20082,2
11293,20099,18
11293,20100,28
11293,20101,10
11293,20103,12
11293,20104,4
11293,20106,3
11293,20107,51
11293,20108,26
11293,20109,8
11293,20110,20
11293,20116,2
11293,20122,2
11293,20123,2
11293,20133,2
11293,20143,2
11293,20149,24
11293,20178,2
11293,20195,1
11293,20214,2
11293,20223,3
11293,20266,1
11293,20267,16
11293,20268,21
11293,20269,40
11293,20270,57.5
11293,20271,74
11293,20272,71.5
11293,20273,159
11293,20274,170.5
11293,20275,28
11294,19889,3
11294,19929,3
11294,19934,8
11294,19935,1
11294,19951,8
11294,19952,10
11294,19969,3
11294,19970,2.5
11294,20019,1
11294,20061,1
11294,20062,12
11294,20063,44
11294,20064,42
11294,20065,38
11294,20066,40
11294,20067,45
11294,20068,62
11294,20069,216
11294,20070,223.5
11294,20071,183
11294,20072,18
11294,20073,24
11294,20077,1
11294,20078,2
11294,20096,3
11294,20097,1
11294,20099,18
11294,20100,27
11294,20101,18
11294,20102,4
11294,20108,2
11294,20109,11
11294,20110,7
11294,20111,7
11294,20150,2
11294,20187,3
11294,20196,3
11294,20267,2
11294,20268,28
11294,20269,31
11294,20270,61
11294,20271,36
11294,20272,59
11294,20273,126
11294,20274,256
11294,20275,44
11294,20276,4
11295,19888,4
11295,19932,1
11295,19953,1
11295,20014,2
11295,20017,2
11295,20061,2
11295,20062,11
11295,20063,1
11295,20064,1
11295,20065,3
11295,20066,3
11295,20067,1
11295,20068,3
11295,20069,8
11295,20070,30.5
11295,20071,162.5
11295,20072,46
11295,20073,19
11295,20099,22
11295,20100,47
11295,20101,7
11295,20103,3
11295,20104,4
11295,20106,2
11295,20107,2
11295,20110,7.5
11295,20112,2
11295,20127,9
11295,20128,7
11295,20133,5
11295,20140,4
11295,20148,1
11295,20160,3
11295,20186,1
11295,20219,6
11295,20268,31.5
11295,20269,37.5
11295,20270,36
11295,20271,69
11295,20272,100
11295,20273,124.5
11295,20274,245
11295,20275,127
11295,20276,25
11295,20277,1
11296,20016,3
11296,20017,2
11296,20019,9
11296,20022,3
11296,20023,3
11296,20027,2
11296,20029,1
11296,20030,2
11296,20062,4
11296,20063,16
11296,20064,27
11296,20065,19
11296,20066,26
11296,20069,12
11296,20070,12
11296,20071,7
11296,20072,30
11296,20073,15
11296,20076,4
11296,20080,1
11296,20099,19
11296,20100,20
11296,20101,13
11296,20104,2
11296,20105,1
11296,20107,1
11296,20108,2
11296,20115,6
11296,20140,2
11296,20141,1
11296,20143,7
11296,20144,3
11296,20186,1
11296,20220,3
11296,20231,2
11296,20267,7
11296,20268,32
11296,20269,32
11296,20270,45
11296,20271,72
11296,20272,52
11296,20273,106
11296,20274,87
11296,20275,140.5
11296,20276,34
11296,20277,14
11297,19888,1
11297,19889,9
11297,19971,3
11297,20015,5
11297,20021,3
11297,20024,3
11297,20025,7
11297,20026,1
11297,20027,1
11297,20062,2
11297,20063,19.5
11297,20064,48
11297,20065,41
11297,20066,49
11297,20067,6
11297,20068,3
11297,20070,10
11297,20071,80.5
11297,20072,78
11297,20073,46
11297,20074,23
11297,20076,8.5
11297,20077,2
11297,20079,1
11297,20087,2
11297,20098,7
11297,20099,20.5
11297,20100,12
11297,20101,8
11297,20102,4
11297,20104,11
11297,20109,15
11297,20111,1
11297,20112,2
11297,20114,2
11297,20115,4
11297,20119,4
11297,20120,17
11297,20121,22
11297,20122,13
11297,20123,2
11297,20145,1
11297,20159,2
11297,20209,2
11297,20268,25
11297,20269,48.5
11297,20270,64.5
11297,20271,53
11297,20272,75.5
11297,20273,30
11297,20274,33
11297,20275,31
11297,20276,29
11297,20277,8
11298,19889,8
11298,19891,1
11298,20011,1
11298,20012,3
11298,20013,2
11298,20014,2
11298,20015,1
11298,20016,7.5
11298,20023,5
11298,20024,7
11298,20025,5
11298,20026,2
11298,20028,5
11298,20058,2
11298,20063,13
11298,20064,48
11298,20065,36
11298,20066,11
11298,20067,16
11298,20070,47
11298,20071,54
11298,20072,34
11298,20073,53
11298,20074,42
11298,20075,14
11298,20076,6
11298,20078,2
11298,20080,2
11298,20082,3
11298,20083,1
11298,20087,3
11298,20095,1
11298,20097,1
11298,20098,1
11298,20099,6
11298,20100,7
11298,20101,14
11298,20102,15
11298,20103,10
11298,20104,26
11298,20105,8
11298,20106,7
11298,20107,2
11298,20108,1
11298,20110,3
11298,20111,13
11298,20112,1
11298,20113,3.5
11298,20114,2
11298,20115,4
11298,20116,6
11298,20119,2
11298,20120,13
11298,20121,30
11298,20122,34
11298,20123,10
11298,20124,3
11298,20127,2
11298,20128,2
11298,20159,2
11298,20268,15.5
11298,20269,37
11298,20270,44
11298,20271,50
11298,20272,13
11298,20274,4
11299,19889,12
11299,19890,9
11299,19891,27
11299,19892,4
11299,20014,1
11299,20023,10
11299,20024,4
11299,20025,12
11299,20026,8
11299,20027,3
11299,20028,1
11299,20032,2
11299,20062,6
11299,20063,2
11299,20064,20
11299,20065,29
11299,20070,6
11299,20071,5
11299,20074,20
11299,20075,2
11299,20099,8
11299,20100,20
11299,20101,21
11299,20102,16
11299,20104,19
11299,20105,5
11299,20106,3
11299,20107,1
11299,20108,7
11299,20109,2
11299,20110,4
11299,20112,2
11299,20119,5
11299,20120,22
11299,20121,13
11299,20122,18
11299,20123,14.5
11299,20124,3
11299,20162,1
11299,20269,24.5
11299,20270,49
11299,20271,65
11299,20272,39
11299,20273,6
11300,19888,1
11300,19889,5
11300,19890,21
11300,19891,28
11300,19892,10
11300,19897,2
11300,20021,4
11300,20022,6
11300,20023,7
11300,20024,2
11300,20025,1
11300,20062,3
11300,20063,4
11300,20099,4
11300,20100,9
11300,20101,44
11300,20102,21
11300,20103,2
11300,20105,25
11300,20106,5
11300,20107,3
11300,20109,1
11300,20110,2
11300,20112,7
11300,20118,8
11300,20119,2
11300,20120,13
11300,20121,28.5
11300,20122,21
11300,20123,27
11300,20124,1
11300,20130,2
11300,20141,1
11300,20150,1
11300,20157,13
11300,20158,8
11300,20159,39
11300,20160,4
11300,20175,7
11300,20255,1
11300,20256,3
11300,20270,2
11300,20271,48
11300,20272,54.5
11301,19890,17
11301,19891,14
11301,19893,22
11301,19894,17
11301,19895,2
11301,19899,2
11301,20017,6
11301,20018,10
11301,20019,8
11301,20021,4
11301,20022,8
11301,20023,5
11301,20024,2
11301,20025,7
11301,20026,6
11301,20056,2
11301,20063,4
11301,20066,7
11301,20067,1
11301,20094,7
11301,20100,3
11301,20101,27
11301,20102,22
11301,20103,357.5
11301,20104,35
11301,20105,103
11301,20106,20
11301,20109,1
11301,20110,5
11301,20111,3
11301,20112,1
11301,20117,13
11301,20118,9
11301,20119,12
11301,20120,31
11301,20121,11
11301,20122,7
11301,20123,2
11301,20124,5
11301,20129,1
11301,20130,2
11301,20146,1
11301,20158,3
11301,20159,24
11301,20160,1
11301,20175,6
11301,20218,1
11301,20252,3
11301,20253,6
11301,20255,1
11301,20256,1
11301,20271,16
11301,20272,13
11301,20277,9
11302,19891,18
11302,19892,42
11302,19893,49
11302,19894,21
11302,19895,12
11302,19896,2
11302,19901,4
11302,19902,1
11302,20014,3
11302,20015,6
11302,20018,12
11302,20019,12
11302,20020,10.5
11302,20023,2
11302,20024,10
11302,20028,1
11302,20058,3
11302,20063,15
11302,20066,7
11302,20077,1
11302,20094,1
11302,20101,49
11302,20102,206.5
11302,20103,11
11302,20104,102
11302,20105,23
11302,20106,9
11302,20108,5
11302,20111,9
11302,20112,1
11302,20113,6
11302,20114,5
11302,20115,2
11302,20116,27
11302,20117,78.5
11302,20118,59
11302,20119,21
11302,20120,38.5
11302,20121,2
11302,20123,2
11302,20132,68
11302,20145,2
11302,20148,2
11302,20150,5
11302,20151,1
11302,20156,1
11302,20158,3
11302,20159,2
11302,20160,2
11302,20161,1
11302,20163,1
11302,20164,4
11302,20251,2
11302,20263,4
11303,19866,14
11303,19891,55
11303,19892,41
11303,19893,59
11303,19894,15
11303,19895,3
11303,19896,26.5
11303,19897,2
11303,19902,2
11303,20011,3
11303,20014,4
11303,20015,4
11303,20016,1
11303,20019,2
11303,20020,10
11303,20021,14
11303,20024,8
11303,20027,2
11303,20041,2
11303,20046,3
11303,20063,10
11303,20064,2
11303,20065,1
11303,20102,8
11303,20103,51
11303,20104,16
11303,20105,39.5
11303,20106,26
11303,20107,18
11303,20108,51
11303,20109,100
11303,20110,57
11303,20111,106
11303,20112,78
11303,20113,355.5
11303,20114,9
11303,20115,24
11303,20116,56
11303,20117,77.5
11303,20118,64
11303,20119,156.5
11303,20120,20
11303,20124,8.5
11303,20128,5
11303,20129,7.5
11303,20130,5
11303,20131,2
11303,20132,47
11303,20140,4
11303,20144,1
11303,20145,2
11303,20147,2
11303,20148,2
11303,20151,18
11303,20154,2
11303,20159,18
11303,20160,7
11303,20161,5
11303,20162,4
11303,20260,3
11303,20263,2
11303,20269,5
11303,20270,6
11304,19889,8
11304,19890,40
11304,19891,197.5
11304,19892,223.5
11304,19893,56
11304,19894,63
11304,19895,62.5
11304,19896,55
11304,19897,11
11304,19898,2
11304,19981,4
11304,19999,2
11304,20000,3
11304,20009,3
11304,20018,5
11304,20019,3
11304,20020,14
11304,20021,12
11304,20023,2
11304,20024,4
11304,20025,12
11304,20027,7
11304,20037,2
11304,20038,6
11304,20040,2
11304,20041,5
11304,20042,3
11304,20062,3
11304,20063,7
11304,20064,5
11304,20067,4
11304,20068,1
11304,20080,2
11304,20083,2
11304,20103,17
11304,20104,5
11304,20105,282
11304,20106,203.5
11304,20107,13
11304,20108,53
11304,20109,62
11304,20110,91
11304,20111,105.5
11304,20112,82
11304,20113,61
11304,20114,45.5
11304,20115,77
11304,20116,79
11304,20117,85
11304,20118,74
11304,20119,136
11304,20120,50
11304,20121,7
11304,20122,3.5
11304,20128,1
11304,20129,5
11304,20130,5
11304,20133,2
11304,20140,13
11304,20141,33
11304,20142,4
11304,20147,2
11304,20151,6
11304,20152,1
11304,20155,2
11304,20158,19
11304,20159,11
11304,20160,17
11304,20161,13
11304,20162,13
11304,20163,7
11304,20255,2
11304,20262,4
11304,20269,3
11304,20270,2
11304,20278,2
11305,19855,2
11305,19856,9
11305,19857,6
11305,19866,2
11305,19867,3
11305,19888,13
11305,19889,36
11305,19890,40
11305,19891,147.5
11305,19892,254.5
11305,19893,43
11305,19894,45
11305,19895,21
11305,19896,13
11305,19897,16
11305,19901,4
11305,19902,2
11305,19973,9
11305,19998,3
11305,19999,1
11305,20006,2
11305,20010,1
11305,20018,9
11305,20019,22
11305,20020,69
11305,20021,16
11305,20022,14
11305,20023,18
11305,20024,15.5
11305,20025,32
11305,20026,82
11305,20027,37
11305,20029,5
11305,20030,1
11305,20032,3
11305,20036,2
11305,20038,2
11305,20041,1
11305,20063,2
11305,20067,2
11305,20085,2
11305,20090,2
11305,20091,2
11305,20096,3
11305,20104,8.5
11305,20105,119
11305,20106,75.5
11305,20107,107
11305,20108,52
11305,20109,47
11305,20110,96
11305,20111,141.5
11305,20112,137.5
11305,20113,70
11305,20114,79
11305,20115,59
11305,20116,89.5
11305,20117,80.5
11305,20118,126.5
11305,20119,55.5
11305,20120,67.5
11305,20121,27
11305,20129,6
11305,20136,1
11305,20139,3
11305,20140,15
11305,20141,42
11305,20142,9.5
11305,20145,1.5
11305,20152,5
11305,20153,3
11305,20157,12
11305,20158,9
11305,20159,10
11305,20160,18
11305,20161,20
11305,20162,7
11305,20163,2
11305,20255,261.5
11305,20257,3
11305,20258,1.5
11305,20268,10
11305,20269,11
11305,20301,4
11306,19857,2
11306,19866,2
11306,19888,37.5
11306,19889,62
11306,19890,36.5
11306,19891,91
11306,19892,89.5
11306,19893,43
11306,19894,35
11306,19895,12
11306,19898,2
11306,19902,3
11306,19973,23.5
11306,19974,15
11306,19997,2
11306,19998,8
11306,20000,4
11306,20004,3
11306,20009,2
11306,20010,9
11306,20011,5
11306,20012,6
11306,20013,4
11306,20014,25
11306,20015,38
11306,20016,19
11306,20017,63
11306,20018,97.5
11306,20019,321
11306,20020,131
11306,20021,61.5
11306,20022,45
11306,20023,42
11306,20024,21
11306,20025,17
11306,20026,16
11306,20027,2
11306,20028,1
11306,20029,4
11306,20030,5
11306,20031,1
11306,20032,1
11306,20036,1
11306,20037,3
11306,20064,6
11306,20067,4
11306,20081,4
11306,20085,5
11306,20089,6
11306,20096,1
11306,20097,10
11306,20098,17
11306,20099,16
11306,20106,21
11306,20107,227.5
11306,20108,173.5
11306,20109,370
11306,20110,145.5
11306,20111,88
11306,20112,88
11306,20113,31.5
11306,20114,36
11306,20115,2
11306,20116,8
11306,20117,56.5
11306,20118,66
11306,20119,105
11306,20120,49
11306,20129,8
11306,20131,3
11306,20132,2
11306,20134,11
11306,20138,2
11306,20139,31
11306,20140,45.5
11306,20141,33
11306,20142,19
11306,20144,2
11306,20149,5
11306,20151,2
11306,20155,1
11306,20157,3
11306,20159,8
11306,20160,17
11306,20161,23
11306,20163,10
11306,20164,1
11306,20165,4
11306,20258,4
11306,20260,2
11306,20268,75
11306,20269,20
11306,20270,6
11306,20299,22
11306,20300,11
11306,20301,35
11306,20302,18
11306,20303,4
11307,19856,4
11307,19857,9
11307,19858,21
11307,19871,1
11307,19888,26
11307,19889,47
11307,19890,49
11307,19891,71
11307,19892,17
11307,19893,52
11307,19894,40
11307,19895,18
11307,19896,19
11307,19899,1
11307,19971,3
11307,19972,12
11307,19973,16
11307,19997,8
11307,19998,4
11307,19999,1
11307,20001,2
11307,20002,3
11307,20004,3.5
11307,20005,7
11307,20006,3
11307,20007,13
11307,20008,5
11307,20009,4
11307,20010,7
11307,20011,2
11307,20012,2
11307,20013,26
11307,20014,15
11307,20015,33
11307,20016,24
11307,20017,17
11307,20018,33
11307,20019,61
11307,20020,23
11307,20021,13
11307,20022,23
11307,20023,16
11307,20024,2
11307,20025,6
11307,20026,4
11307,20029,4
11307,20068,5
11307,20070,5
11307,20088,21
11307,20090,12
11307,20091,11
11307,20092,16
11307,20093,11
11307,20094,4
11307,20095,11
11307,20097,21
11307,20098,10
11307,20099,18
11307,20100,6
11307,20101,2
11307,20105,20
11307,20106,261
11307,20107,391.5
11307,20108,259.5
11307,20111,2
11307,20112,4
11307,20113,7
11307,20114,19
11307,20115,14
11307,20116,24
11307,20117,3
11307,20118,35
11307,20119,32
11307,20121,7
11307,20123,7.5
11307,20125,23
11307,20127,3
11307,20129,6
11307,20131,2.5
11307,20132,4
11307,20139,21
11307,20140,3
11307,20141,2
11307,20144,6
11307,20145,2
11307,20147,2
11307,20154,1
11307,20155,3
11307,20156,1
11307,20160,1
11307,20161,3
11307,20171,2
11307,20257,354
11307,20259,10
11307,20268,83
11307,20269,9
11307,20270,7
11307,20299,32
11307,20300,67.5
11307,20301,51
11307,20302,36
11307,20303,14
11307,20327,1
11308,19857,2
11308,19858,16
11308,19859,3
11308,19860,17.5
11308,19861,6
11308,19863,3
11308,19864,12
11308,19865,9
11308,19888,18.5
11308,19889,37.5
11308,19890,49
11308,19891,16
11308,19892,38
11308,19893,66.5
11308,19894,31
11308,19896,2
11308,19899,2
11308,19938,2
11308,19972,2
11308,19998,6
11308,19999,4
11308,20004,2
11308,20005,4
11308,20009,3
11308,20014,2
11308,20015,3
11308,20020,2
11308,20021,2
11308,20022,11
11308,20023,10
11308,20024,9
11308,20025,1
11308,20068,5
11308,20088,6
11308,20089,32
11308,20090,11
11308,20091,9
11308,20092,13
11308,20093,43.5
11308,20094,10
11308,20095,4
11308,20096,16
11308,20098,4
11308,20100,6
11308,20101,4
11308,20103,1
11308,20105,77
11308,20106,222
11308,20107,26
11308,20108,101
11308,20109,28
11308,20110,5
11308,20116,58
11308,20117,18
11308,20118,29.5
11308,20119,17
11308,20120,3
11308,20127,1
11308,20130,10
11308,20131,2
11308,20133,6
11308,20139,2
11308,20141,6
11308,20142,2
11308,20143,11
11308,20146,3
11308,20148,8
11308,20149,4
11308,20154,14
11308,20155,23
11308,20156,1
11308,20157,6
11308,20158,4
11308,20159,9
11308,20163,1
11308,20173,2
11308,20253,4
11308,20260,3
11308,20268,7
11308,20271,5
11308,20298,5
11308,20299,96.5
11308,20300,51
11308,20301,20
11308,20302,39
11308,20303,37
11308,20304,22.5
11308,20305,23
11308,20306,80
11308,20307,4
11308,20309,13
11308,20310,4
11308,20311,5
11308,20326,2
11309,19858,6
11309,19859,11
11309,19860,18
11309,19861,8
11309,19863,3
11309,19864,9
11309,19865,2
11309,19887,9
11309,19888,25
11309,19889,23
11309,19890,44.5
11309,19891,57
11309,19892,42
11309,19893,86
11309,19894,55
11309,19895,3
11309,19896,21
11309,19897,19.5
11309,19898,15
11309,19903,1
11309,19908,2
11309,19910,1
11309,19936,2
11309,19937,7
11309,19938,1
11309,19961,2
11309,19997,11
11309,19998,2
11309,19999,16
11309,20020,7
11309,20021,1
11309,20027,1
11309,20041,3
11309,20043,1
11309,20044,4
11309,20088,3
11309,20089,13
11309,20090,15
11309,20091,4
11309,20093,8
11309,20094,3
11309,20096,13
11309,20097,5
11309,20100,4
11309,20103,57
11309,20104,8
11309,20105,15
11309,20106,22
11309,20107,9
11309,20108,92.5
11309,20109,82.5
11309,20116,17
11309,20117,32
11309,20118,17
11309,20119,22.5
11309,20120,9
11309,20122,26.5
11309,20123,2
11309,20124,7
11309,20125,17.5
11309,20126,5
11309,20140,47
11309,20153,2
11309,20154,59
11309,20155,88
11309,20156,20
11309,20159,7
11309,20162,2
11309,20163,3
11309,20174,1
11309,20199,4
11309,20256,3
11309,20269,6
11309,20271,1
11309,20297,23
11309,20298,121
11309,20299,54
11309,20300,62
11309,20301,33
11309,20302,42
11309,20303,54
11309,20304,91
11309,20305,90
11309,20306,136
11309,20307,81
11309,20308,35
11309,20309,207
11309,20310,93
11309,20311,46
11309,20312,13
11309,20313,2
11309,20314,7
11309,20319,7
11309,20320,4
11309,20322,3
11309,20323,3
11309,20325,7
11309,20326,8
11309,20327,5
11310,19856,13
11310,19860,23
11310,19861,27
11310,19862,2
11310,19863,31
11310,19864,10
11310,19865,4
11310,19887,6
11310,19888,27
11310,19889,50
11310,19890,19
11310,19891,20
11310,19892,23
11310,19893,50
11310,19894,39
11310,19895,48.5
11310,19896,36
11310,19897,51
11310,19898,67
11310,19899,2
11310,19900,3
11310,19905,6
11310,19906,3
11310,19909,3
11310,19936,12
11310,19937,6
11310,19938,4
11310,19995,2
11310,19996,2
11310,19997,35
11310,19998,27
11310,19999,2
11310,20000,8
11310,20001,4
11310,20042,2
11310,20090,11
11310,20096,3
11310,20097,4
11310,20098,2
11310,20099,2
11310,20100,2
11310,20102,26
11310,20103,86
11310,20104,40
11310,20105,23
11310,20106,6.5
11310,20107,26
11310,20108,17
11310,20109,77
11310,20110,21
11310,20116,8
11310,20117,2
11310,20119,9
11310,20120,3
11310,20121,7
11310,20122,4
11310,20125,6
11310,20126,10
11310,20129,2
11310,20130,7
11310,20131,14
11310,20132,6
11310,20134,2
11310,20137,4
11310,20138,2
11310,20139,11
11310,20140,13
11310,20141,4
11310,20145,1
11310,20148,5
11310,20150,4
11310,20151,11
11310,20152,33
11310,20153,11
11310,20154,68
11310,20155,61.5
11310,20157,2
11310,20158,2
11310,20160,3
11310,20161,16
11310,20162,14
11310,20163,11
11310,20174,3
11310,20175,1
11310,20200,1
11310,20252,2
11310,20258,2
11310,20259,5
11310,20261,5
11310,20263,3
11310,20264,2
11310,20266,4
11310,20268,5
11310,20269,4
11310,20296,22
11310,20297,41
11310,20298,62
11310,20299,36
11310,20300,85
11310,20301,72
11310,20302,61
11310,20303,56
11310,20304,56
11310,20305,48
11310,20306,61.5
11310,20307,22
11310,20308,93
11310,20309,143
11310,20310,114.5
11310,20311,5
11310,20312,1
11310,20313,8
11310,20314,1
11310,20315,14
11310,20316,20
11310,20317,22
11310,20318,5
11310,20319,25.5
11310,20320,15
11310,20325,6
11310,20326,146
11310,20327,68
11310,20328,12
11310,20329,21
11311,19857,17
11311,19859,42
11311,19860,33
11311,19861,45
11311,19862,55
11311,19863,36
11311,19864,12
11311,19888,11
11311,19889,9
11311,19890,23
11311,19891,34
11311,19892,35
11311,19893,33
11311,19894,49
11311,19895,60
11311,19896,41
11311,19897,48
11311,19898,10
11311,19899,9
11311,19901,3
11311,19922,4
11311,19936,7
11311,19937,8
11311,19938,8
11311,19957,1
11311,19973,5.5
11311,19993,58
11311,19994,56.5
11311,19995,46
11311,19996,2
11311,19997,25.5
11311,19998,53
11311,20000,10
11311,20001,9
11311,20002,13
11311,20003,6
11311,20005,12
11311,20006,4
11311,20009,1
11311,20038,6
11311,20039,8
11311,20040,8
11311,20041,5
11311,20043,5
11311,20051,7
11311,20102,34
11311,20103,35
11311,20104,9
11311,20108,6
11311,20109,42
11311,20110,3
11311,20112,1
11311,20119,4
11311,20120,20
11311,20121,15
11311,20122,1
11311,20123,1
11311,20124,9
11311,20125,2
11311,20129,7
11311,20130,9
11311,20131,4
11311,20132,3
11311,20134,3
11311,20136,1
11311,20137,25.5
11311,20138,16
11311,20139,19
11311,20140,5
11311,20141,6
11311,20143,3
11311,20144,4
11311,20146,4
11311,20147,1
11311,20148,14
11311,20150,10.5
11311,20151,13
11311,20152,6
11311,20153,31
11311,20154,60
11311,20155,86
11311,20156,11
11311,20158,9
11311,20159,12
11311,20160,8
11311,20161,20
11311,20162,4
11311,20163,3
11311,20164,20
11311,20165,20
11311,20166,8
11311,20167,4
11311,20168,2
11311,20190,7
11311,20252,8
11311,20256,2
11311,20257,7
11311,20258,6
11311,20270,2
11311,20272,3
11311,20295,92
11311,20296,52
11311,20297,53
11311,20298,47
11311,20299,100
11311,20300,70
11311,20301,68
11311,20302,80.5
11311,20303,83
11311,20304,115.5
11311,20305,77
11311,20306,79.5
11311,20307,127.5
11311,20308,36
11311,20309,103.5
11311,20310,63
11311,20311,44
11311,20318,7
11311,20319,25
11311,20320,24
11311,20324,4
11311,20325,12
11311,20326,45.5
11311,20327,117
11311,20328,69.5
11311,20329,23
11312,19856,23
11312,19857,86
11312,19858,58
11312,19859,131
11312,19860,135.5
11312,19861,98
11312,19862,104
11312,19863,18
11312,19864,8
11312,19865,5
11312,19888,12
11312,19889,29
11312,19890,7
11312,19891,11
11312,19892,30
11312,19893,25
11312,19894,29
11312,19895,41
11312,19896,3
11312,19898,3
11312,19902,2
11312,19903,2
11312,19909,2
11312,19919,6
11312,19937,4
11312,19953,4.5
11312,19954,2
11312,19993,19
11312,19994,96
11312,19995,34
11312,19996,78
11312,19997,144.5
11312,19998,125
11312,19999,15
11312,20000,15
11312,20001,5
11312,20002,5
11312,20003,9
11312,20004,17
11312,20005,31.5
11312,20006,49
11312,20007,45
11312,20008,14
11312,20009,16
11312,20010,4
11312,20016,6
11312,20017,18
11312,20038,8
11312,20039,2
11312,20043,2
11312,20044,1
11312,20057,2
11312,20058,8
11312,20078,2
11312,20108,1
11312,20109,10
11312,20115,2
11312,20120,3
11312,20121,17
11312,20122,2
11312,20123,16
11312,20124,10
11312,20125,3
11312,20126,30
11312,20127,31
11312,20128,23
11312,20129,9
11312,20136,5
11312,20137,7
11312,20138,16
11312,20139,18
11312,20140,13
11312,20141,2
11312,20142,5
11312,20143,7
11312,20144,15
11312,20145,18
11312,20146,12
11312,20147,26
11312,20148,11
11312,20150,8
11312,20151,30
11312,20152,2
11312,20153,45
11312,20154,48
11312,20155,48
11312,20156,37
11312,20158,12
11312,20159,5
11312,20160,15
11312,20161,6
11312,20162,4
11312,20163,2
11312,20165,5
11312,20166,21
11312,20167,10
11312,20168,1
11312,20172,3
11312,20253,19
11312,20255,77
11312,20257,6
11312,20258,14
11312,20259,3
11312,20262,10
11312,20264,3
11312,20266,1
11312,20271,1
11312,20272,2
11312,20275,2
11312,20282,1
11312,20284,30
11312,20294,293.5
11312,20295,99
11312,20296,75
11312,20297,94
11312,20298,58.5
11312,20299,144
11312,20300,77.5
11312,20301,75
11312,20302,44
11312,20303,91
11312,20304,72
11312,20305,60
11312,20306,48
11312,20307,52.5
11312,20308,56
11312,20309,42
11312,20310,25
11312,20311,29
11312,20312,23
11312,20317,2
11312,20319,21
11312,20326,14
11312,20327,21
11312,20328,46
11312,20329,5
11313,19855,5
11313,19856,8
11313,19857,68.5
11313,19858,95.5
11313,19859,85
11313,19860,47
11313,19861,284.5
11313,19862,209
11313,19863,44.5
11313,19864,72.5
11313,19865,1.5
11313,19886,4
11313,19887,12
11313,19888,4
11313,19889,5
11313,19890,1
11313,19893,2
11313,19894,8.5
11313,19895,6
11313,19901,2
11313,19910,7
11313,19911,3
11313,19919,47.5
11313,19920,73
11313,19921,79
11313,19922,37
11313,19926,2
11313,19954,1
11313,19955,3
11313,19977,5
11313,19993,48
11313,19994,74
11313,19995,59.5
11313,19996,35
11313,19997,25
11313,19998,32.5
11313,19999,2
11313,20000,5
11313,20001,14
11313,20002,7
11313,20003,27
11313,20004,8
11313,20005,21
11313,20006,43
11313,20007,36
11313,20008,25
11313,20009,19
11313,20010,9
11313,20011,10
11313,20012,9
11313,20013,22
11313,20014,6
11313,20015,22
11313,20016,30
11313,20017,11
11313,20084,1
11313,20087,4
11313,20095,2
11313,20103,5
11313,20107,4
11313,20108,5
11313,20109,2
11313,20120,9
11313,20121,20
11313,20122,15
11313,20124,7
11313,20125,4
11313,20126,2
11313,20127,5
11313,20128,2
11313,20136,7
11313,20137,3
11313,20138,8
11313,20139,5
11313,20142,1
11313,20143,15
11313,20144,4
11313,20145,9
11313,20146,4
11313,20147,17
11313,20148,2
11313,20150,3
11313,20151,36
11313,20152,37.5
11313,20153,49
11313,20154,59.5
11313,20155,21
11313,20156,41
11313,20158,5
11313,20161,17.5
11313,20162,7
11313,20253,29
11313,20255,1
11313,20264,4
11313,20265,7
11313,20267,2
11313,20272,9
11313,20276,1
11313,20282,132.5
11313,20283,129.5
11313,20284,216
11313,20285,21
11313,20286,59.5
11313,20292,24
11313,20293,211.5
11313,20294,122
11313,20295,78
11313,20296,140
11313,20297,373.5
11313,20298,218
11313,20299,93
11313,20300,73
11313,20301,47
11313,20302,32
11313,20303,54.5
11313,20304,41
11313,20305,34
11313,20306,58
11313,20307,65
11313,20308,59
11313,20309,56
11313,20310,49.5
11313,20311,46
11313,20312,42
11313,20314,11
11313,20318,3
11313,20326,9.5
11313,20327,17
11313,20328,9
11313,20335,2
11314,19855,5
11314,19856,17
11314,19857,21
11314,19858,65
11314,19859,95
11314,19860,59
11314,19861,139.5
11314,19862,556.5
11314,19863,402
11314,19864,62.5
11314,19865,34.5
11314,19869,1
11314,19884,8
11314,19886,16
11314,19887,5
11314,19890,2
11314,19896,17
11314,19897,2
11314,19899,3
11314,19910,1
11314,19911,2
11314,19912,3
11314,19915,2
11314,19918,4
11314,19919,87
11314,19920,76
11314,19921,64
11314,19922,104
11314,19923,10
11314,19925,1
11314,19938,3
11314,19945,2
11314,19954,3
11314,19955,2
11314,19956,6
11314,19970,2
11314,19978,1
11314,19979,3
11314,19991,11
11314,19992,48
11314,19993,57
11314,19994,16
11314,19996,9
11314,19997,3
11314,19998,4
11314,20001,3
11314,20003,81
11314,20004,57
11314,20005,11
11314,20006,28
11314,20007,44
11314,20008,25
11314,20009,35
11314,20010,21
11314,20011,60
11314,20012,47
11314,20013,75.5
11314,20014,65
11314,20074,1
11314,20084,2
11314,20085,3
11314,20097,2
11314,20108,7
11314,20120,4
11314,20122,1
11314,20123,8
11314,20124,3
11314,20137,12
11314,20138,31
11314,20139,38
11314,20140,2
11314,20143,17
11314,20144,7
11314,20145,6
11314,20148,1
11314,20149,11
11314,20150,5
11314,20152,18
11314,20153,11
11314,20154,31.5
11314,20155,33
11314,20156,54
11314,20157,23
11314,20159,6
11314,20160,11
11314,20161,17
11314,20162,14
11314,20174,3
11314,20249,2
11314,20253,2
11314,20255,14
11314,20256,25
11314,20258,1
11314,20259,2
11314,20261,3
11314,20264,4
11314,20268,1
11314,20269,4
11314,20270,4
11314,20271,9
11314,20272,10
11314,20276,1
11314,20281,21.5
11314,20282,151
11314,20283,147
11314,20284,129
11314,20285,277
11314,20286,180.5
11314,20287,147
11314,20288,57
11314,20289,2
11314,20292,89.5
11314,20293,172.5
11314,20294,315.5
11314,20295,530
11314,20296,205
11314,20297,69.5
11314,20298,202
11314,20299,285
11314,20300,66
11314,20301,44
11314,20302,61
11314,20303,72.5
11314,20304,39
11314,20305,51
11314,20306,59
11314,20307,45
11314,20308,53
11314,20309,54
11314,20310,50
11314,20311,9
11314,20325,13
11314,20326,9
11314,20334,1
11314,20335,37
11314,20336,6
11314,20337,8
11314,20338,1
11314,20339,2
11315,19855,24.5
11315,19856,15
11315,19857,11
11315,19858,30.5
11315,19859,17
11315,19860,2
11315,19861,86
11315,19862,109.5
11315,19863,195
11315,19864,92.5
11315,19865,8
11315,19866,14
11315,19867,13
11315,19884,7
11315,19885,4
11315,19886,19.5
11315,19887,4
11315,19889,1
11315,19896,2
11315,19899,2
11315,19900,3
11315,19910,1
11315,19917,4
11315,19918,12
11315,19919,165.5
11315,19920,261.5
11315,19921,103
11315,19922,29
11315,19923,6
11315,19924,6
11315,19926,1
11315,19928,4
11315,19934,3
11315,19939,2
11315,19945,1
11315,19946,1
11315,19949,4
11315,19953,2
11315,19954,10
11315,19955,4
11315,19957,2.5
11315,19971,4
11315,19972,4
11315,19982,1
11315,19989,3
11315,19990,2
11315,19991,4
11315,19992,67
11315,19993,7
11315,19994,5
11315,20000,2
11315,20003,28
11315,20004,52.5
11315,20005,141
11315,20006,55
11315,20007,242.5
11315,20008,28
11315,20009,36
11315,20010,20
11315,20011,74
11315,20012,50
11315,20013,104
11315,20014,69
11315,20015,4
11315,20018,3
11315,20021,1
11315,20025,1
11315,20033,3
11315,20050,19.5
11315,20051,14
11315,20052,5
11315,20053,4
11315,20054,1
11315,20068,10.5
11315,20138,12
11315,20139,40
11315,20140,22
11315,20141,15.5
11315,20142,19
11315,20143,15
11315,20144,3
11315,20148,2
11315,20149,14
11315,20152,31
11315,20153,55.5
11315,20154,34.5
11315,20155,22
11315,20156,32
11315,20157,11
11315,20158,25
11315,20159,30
11315,20160,40
11315,20161,36
11315,20162,10
11315,20227,3
11315,20248,1
11315,20249,2
11315,20250,2
11315,20255,23
11315,20256,162
11315,20257,75.5
11315,20259,3
11315,20261,6
11315,20269,1
11315,20272,11.5
11315,20273,1
11315,20277,1
11315,20278,16
11315,20280,6
11315,20281,230.5
11315,20282,184
11315,20283,83
11315,20284,204
11315,20285,188
11315,20286,91
11315,20287,303
11315,20288,187
11315,20289,276.5
11315,20290,200
11315,20291,232.5
11315,20292,366.5
11315,20293,300.5
11315,20294,522.5
11315,20295,188.5
11315,20296,146.5
11315,20297,161.5
11315,20298,142.5
11315,20299,191
11315,20300,82.5
11315,20301,89
11315,20302,70
11315,20303,5
11315,20304,218.5
11315,20305,43
11315,20306,52
11315,20307,53
11315,20308,59.5
11315,20309,31
11315,20310,65
11315,20311,35
11315,20326,2
11315,20327,6
11315,20328,10
11315,20329,21
11315,20330,4
11315,20335,11
11315,20336,41
11315,20337,24
11315,20338,10
11315,20340,14
11315,20341,10
11315,20342,15
11315,20343,6
11316,19855,11
11316,19856,8
11316,19857,13
11316,19858,17
11316,19859,29
11316,19860,36
11316,19861,255.5
11316,19862,41
11316,19863,89
11316,19864,76
11316,19866,2
11316,19867,9
11316,19889,3
11316,19890,1
11316,19891,4
11316,19892,4
11316,19899,1
11316,19909,8
11316,19910,7
11316,19911,14
11316,19913,7
11316,19918,18
11316,19919,2.5
11316,19920,8
11316,19921,10
11316,19922,22
11316,19923,6
11316,19925,8
11316,19939,1
11316,19941,2
11316,19942,4
11316,19945,6
11316,19947,1
11316,19953,17
11316,19954,31
11316,19955,2
11316,19956,4
11316,19978,2
11316,19980,4
11316,19981,2
11316,19991,1
11316,19992,3
11316,19993,2
11316,19994,1
11316,19995,1
11316,19996,4
11316,19998,2
11316,19999,2
11316,20000,2
11316,20001,5
11316,20002,4
11316,20003,1
11316,20004,28
11316,20005,146.5
11316,20006,76.5
11316,20007,13
11316,20008,81
11316,20009,130
11316,20010,57
11316,20011,6
11316,20012,221.5
11316,20013,114
11316,20014,56.5
11316,20016,5
11316,20018,10
11316,20019,10
11316,20020,11
11316,20021,3
11316,20022,13
11316,20023,16
11316,20024,7
11316,20025,9
11316,20030,2
11316,20038,3
11316,20050,4
11316,20051,4
11316,20052,22
11316,20053,14
11316,20054,6
11316,20139,9
11316,20140,8
11316,20141,17
11316,20142,19
11316,20149,22.5
11316,20150,2
11316,20151,37
11316,20152,64.5
11316,20153,70
11316,20154,69.5
11316,20155,34
11316,20156,28.5
11316,20157,21
11316,20158,43
11316,20159,53
11316,20160,1
11316,20161,11
11316,20162,19
11316,20163,7
11316,20249,2
11316,20251,5
11316,20255,2
11316,20256,40
11316,20257,4
11316,20258,1
11316,20259,2
11316,20267,4
11316,20268,2
11316,20269,6
11316,20271,2
11316,20272,5
11316,20273,3
11316,20274,1
11316,20277,294
11316,20278,193.5
11316,20279,310
11316,20280,145
11316,20281,149.5
11316,20282,445
11316,20283,125
11316,20284,221.5
11316,20285,186
11316,20286,279
11316,20287,145
11316,20288,283.5
11316,20289,290
11316,20290,499
11316,20291,196.5
11316,20292,573.5
11316,20293,505.5
11316,20294,473
11316,20295,74
11316,20296,403
11316,20297,72.5
11316,20298,45.5
11316,20299,123
11316,20300,344
11316,20301,74
11316,20302,38.5
11316,20303,139
11316,20304,48
11316,20305,108
11316,20306,91
11316,20307,23
11316,20308,73
11316,20309,145.5
11316,20310,7
11316,20311,2
11316,20329,11
11316,20334,8
11316,20335,16
11316,20336,32
11316,20337,7
11316,20338,6
11316,20339,15
11316,20340,13
11316,20341,21
11316,20342,10
11316,20343,23
11316,20344,13
11317,19855,11
11317,19856,12
11317,19857,15
11317,19858,17
11317,19859,41
11317,19860,48.5
11317,19861,63.5
11317,19862,62
11317,19863,24
11317,19864,16
11317,19889,5
11317,19904,1
11317,19913,3
11317,19916,5
11317,19920,14
11317,19921,18
11317,19928,3
11317,19929,4
11317,19930,5
11317,19932,1
11317,19935,3
11317,19938,4
11317,19941,1
11317,19942,5
11317,19943,5
11317,19945,10
11317,19946,10
11317,19947,9
11317,19948,13
11317,19949,7
11317,19950,13
11317,19951,16
11317,19952,29
11317,19953,20
11317,19954,1
11317,19956,4
11317,19960,4
11317,19961,5
11317,19962,4
11317,19969,2
11317,19981,3
11317,19983,10
11317,19989,4
11317,19994,6
11317,19995,8
11317,19999,2
11317,20000,4
11317,20004,24
11317,20005,198.5
11317,20006,507
11317,20007,296.5
11317,20008,44
11317,20009,228.5
11317,20010,111.5
11317,20011,496
11317,20012,224
11317,20013,68
11317,20014,104
11317,20016,28
11317,20017,81
11317,20018,39
11317,20019,44
11317,20020,58
11317,20021,20
11317,20022,9
11317,20023,1
11317,20025,2
11317,20050,3
11317,20051,7
11317,20052,6
11317,20070,1
11317,20073,2
11317,20077,5
11317,20106,2
11317,20139,2
11317,20140,5
11317,20141,8
11317,20142,6
11317,20149,25
11317,20150,10
11317,20151,6
11317,20152,46
11317,20153,13
11317,20154,40
11317,20155,65
11317,20156,104.5
11317,20157,30
11317,20158,2
11317,20160,23
11317,20161,52
11317,20162,32
11317,20163,45
11317,20164,24
11317,20249,1
11317,20250,7
11317,20252,123.5
11317,20256,1
11317,20257,2
11317,20259,1
11317,20261,6
11317,20263,2
11317,20264,1
11317,20265,3
11317,20266,11
11317,20268,8
11317,20272,6
11317,20273,23
11317,20274,1
11317,20275,4
11317,20276,5
11317,20277,267
11317,20278,514.5
11317,20279,120.5
11317,20280,47.5
11317,20281,97.5
11317,20282,117.5
11317,20283,42
11317,20284,748.5
11317,20285,214.5
11317,20286,409
11317,20287,98
11317,20288,109.5
11317,20289,11
11317,20290,169
11317,20291,991
11317,20292,301.5
11317,20293,269.5
11317,20294,372
11317,20295,216.5
11317,20296,232.5
11317,20297,379
11317,20298,163
11317,20299,282.5
11317,20300,41.5
11317,20301,51
11317,20302,2
11317,20303,144
11317,20304,279
11317,20305,300.5
11317,20306,92
11317,20307,43
11317,20327,5
11317,20329,14
11317,20334,5
11317,20335,58
11317,20336,27.5
11317,20337,10
11317,20338,10
11317,20339,19
11317,20340,10
11317,20341,10
11317,20342,14
11317,20343,19
11317,20344,15
11318,19854,5
11318,19855,14
11318,19856,16
11318,19857,20
11318,19858,20
11318,19859,28
11318,19860,11
11318,19861,2
11318,19887,3
11318,19888,1
11318,19889,8
11318,19920,22
11318,19921,2
11318,19922,3
11318,19930,4
11318,19932,2
11318,19936,2
11318,19941,6
11318,19942,8
11318,19943,4
11318,19944,7
11318,19945,11
11318,19946,10
11318,19947,13
11318,19948,9
11318,19949,10
11318,19950,11
11318,19951,3
11318,19952,19
11318,19953,22
11318,19955,1.5
11318,19956,6
11318,19959,1
11318,19960,2
11318,19962,2
11318,19976,4
11318,19981,8
11318,19982,1
11318,19983,2
11318,19984,4
11318,19985,2
11318,19988,10
11318,19990,6
11318,19996,6
11318,19997,5
11318,19999,9
11318,20000,4
11318,20002,1
11318,20003,2
11318,20004,74
11318,20005,216
11318,20006,568
11318,20007,495.5
11318,20008,147.5
11318,20009,190
11318,20010,208
11318,20011,24
11318,20012,6
11318,20015,39
11318,20016,42
11318,20017,50
11318,20018,57.5
11318,20019,68
11318,20020,57
11318,20021,70
11318,20022,29
11318,20023,14
11318,20059,3
11318,20095,1
11318,20116,4
11318,20117,8
11318,20121,3
11318,20122,5
11318,20126,3
11318,20138,4
11318,20139,6
11318,20140,5
11318,20141,5
11318,20147,16.5
11318,20148,28
11318,20149,77
11318,20151,2
11318,20152,59
11318,20153,26
11318,20154,103.5
11318,20155,33.5
11318,20156,38
11318,20157,16
11318,20158,2
11318,20159,2
11318,20160,86
11318,20161,121
11318,20162,60.5
11318,20163,50
11318,20164,38
11318,20165,17
11318,20250,2
11318,20251,9
11318,20252,143
11318,20253,45.5
11318,20254,6
11318,20264,18
11318,20265,4
11318,20266,7
11318,20268,3
11318,20273,2
11318,20274,2
11318,20275,2
11318,20276,171
11318,20277,38
11318,20278,348
11318,20279,309
11318,20280,169.5
11318,20281,5
11318,20282,4
11318,20283,8
11318,20284,171.5
11318,20285,92
11318,20286,24
11318,20287,120.5
11318,20288,83
11318,20289,173.5
11318,20290,204.5
11318,20291,69
11318,20292,212.5
11318,20293,239
11318,20294,213
11318,20295,546.5
11318,20296,661.5
11318,20297,162
11318,20298,11
11318,20299,280
11318,20300,565.5
11318,20301,86
11318,20302,542
11318,20303,342
11318,20305,349
11318,20306,67
11318,20307,213
11318,20308,75
11318,20309,68
11318,20310,4
11318,20328,31
11318,20329,99.5
11318,20330,16
11318,20331,6
11318,20332,14
11318,20333,20
11318,20334,6
11318,20335,17
11318,20336,7
11318,20337,10
11318,20338,7.5
11318,20339,12
11318,20340,15
11318,20341,13
11318,20342,12
11318,20343,21
11318,20344,9
11319,19854,11
11319,19855,33
11319,19856,31
11319,19857,34.5
11319,19858,27
11319,19859,4
11319,19860,21
11319,19861,4
11319,19907,2
11319,19919,32
11319,19920,3
11319,19926,2
11319,19937,8
11319,19940,1
11319,19941,2
11319,19942,2
11319,19943,13
11319,19944,10
11319,19945,3
11319,19946,6
11319,19947,24
11319,19948,15
11319,19949,23
11319,19950,36
11319,19951,19
11319,19952,13
11319,19953,4
11319,19956,3
11319,19959,1
11319,19960,12.5
11319,19961,5
11319,19962,7
11319,19963,1
11319,19973,3
11319,19975,2
11319,19977,2
11319,19978,2
11319,19979,33
11319,19980,22
11319,19981,94.5
11319,19982,28
11319,19984,3
11319,19986,8
11319,19989,1
11319,19992,1
11319,19995,2
11319,19996,1
11319,19998,3
11319,20001,1
11319,20002,53.5
11319,20003,14
11319,20004,76
11319,20005,92
11319,20006,64
11319,20007,182.5
11319,20008,39
11319,20009,58.5
11319,20010,229
11319,20011,43
11319,20012,1
11319,20014,6
11319,20015,56
11319,20016,10
11319,20017,14
11319,20018,33
11319,20019,21
11319,20020,52
11319,20021,59
11319,20022,28
11319,20023,13
11319,20050,8
11319,20083,3
11319,20104,1
11319,20117,5
11319,20138,22
11319,20139,19
11319,20140,12.5
11319,20141,5
11319,20142,7
11319,20143,4
11319,20147,12
11319,20148,38
11319,20149,2
11319,20151,8
11319,20152,11
11319,20153,42
11319,20154,13
11319,20155,41.5
11319,20156,59.5
11319,20157,2
11319,20158,17
11319,20159,38
11319,20160,47
11319,20161,43.5
11319,20162,13
11319,20163,43
11319,20164,9
11319,20249,4
11319,20250,2
11319,20252,10
11319,20253,6
11319,20255,4
11319,20260,4
11319,20261,1
11319,20270,1
11319,20272,2
11319,20273,5
11319,20274,11
11319,20276,275.5
11319,20277,985
11319,20278,466
11319,20279,187.5
11319,20280,480
11319,20281,57
11319,20282,268.5
11319,20283,114
11319,20284,304
11319,20285,183
11319,20286,183.5
11319,20287,300.5
11319,20288,240.5
11319,20289,127.5
11319,20290,123
11319,20292,175
11319,20293,177
11319,20294,148
11319,20295,193
11319,20296,69
11319,20297,135
11319,20298,71
11319,20299,8
11319,20300,1
11319,20302,1
11319,20305,163.5
11319,20306,11
11319,20307,54
11319,20309,233
11319,20310,26
11319,20326,4
11319,20327,2
11319,20328,19
11319,20329,26
11319,20330,40
11319,20331,71
11319,20332,36
11319,20333,16
11319,20334,10
11319,20337,4
11319,20338,11
11319,20339,2
11319,20342,25
11319,20343,11
11319,20344,1
11320,19853,1
11320,19854,20
11320,19855,8
11320,19856,19
11320,19857,18
11320,19858,26.5
11320,19859,16
11320,19860,7
11320,19898,2
11320,19919,6
11320,19920,1
11320,19926,2
11320,19927,3
11320,19932,7
11320,19933,15
11320,19936,3
11320,19937,4
11320,19940,2
11320,19941,7
11320,19943,9
11320,19944,4
11320,19945,8
11320,19946,3
11320,19947,28
11320,19948,44
11320,19949,39
11320,19950,21
11320,19951,23.5
11320,19952,2
11320,19955,4
11320,19956,11
11320,19959,5
11320,19962,2
11320,19965,2
11320,19968,3
11320,19973,5
11320,19975,2
11320,19976,11
11320,19977,2
11320,19978,5
11320,19979,76.5
11320,19980,23
11320,19981,46
11320,19982,14
11320,19984,2
11320,19986,3
11320,19989,31
11320,19990,3
11320,19991,5
11320,19994,7
11320,19995,2
11320,20000,40
11320,20001,31
11320,20002,238
11320,20003,121.5
11320,20004,371.5
11320,20005,141.5
11320,20006,270
11320,20007,32
11320,20008,11
11320,20009,635
11320,20011,113
11320,20013,4
11320,20014,39.5
11320,20015,39
11320,20016,49.5
11320,20017,8
11320,20018,5
11320,20019,38
11320,20020,89
11320,20021,66
11320,20022,9
11320,20023,4
11320,20027,11
11320,20029,1
11320,20080,1
11320,20082,11
11320,20083,3
11320,20106,21.5
11320,20117,3
11320,20118,9
11320,20119,2
11320,20138,11
11320,20139,14
11320,20140,4
11320,20141,26
11320,20142,15
11320,20147,1
11320,20151,1
11320,20152,1
11320,20153,4
11320,20154,11
11320,20155,201
11320,20156,51.5
11320,20157,18
11320,20158,366.5
11320,20159,64
11320,20160,90
11320,20161,27.5
11320,20162,18.5
11320,20163,47.5
11320,20239,2
11320,20240,3
11320,20241,3
11320,20252,5
11320,20267,4
11320,20270,2
11320,20272,7
11320,20273,6
11320,20274,9
11320,20275,7
11320,20277,69.5
11320,20278,183
11320,20279,161
11320,20280,697.5
11320,20281,269
11320,20282,119.5
11320,20283,132.5
11320,20284,259.5
11320,20285,336
11320,20286,438
11320,20287,181
11320,20288,151
11320,20289,384.5
11320,20290,120.5
11320,20291,1058
11320,20292,247
11320,20293,470.5
11320,20294,251.5
11320,20295,258
11320,20296,53
11320,20297,90
11320,20298,64
11320,20299,46
11320,20300,218.5
11320,20301,1
11320,20307,4
11320,20309,2
11320,20310,160.5
11320,20311,8
11320,20315,3
11320,20328,19
11320,20329,10
11320,20330,25
11320,20331,17.5
11320,20332,5
11320,20333,6
11320,20334,6
11320,20342,7
11320,20343,12
11320,20344,3
11320,20345,14
11321,19854,4
11321,19855,9
11321,19856,22
11321,19857,16
11321,19858,19
11321,19859,9
11321,19860,10
11321,19861,7
11321,19868,2
11321,19869,3
11321,19899,2.5
11321,19919,6
11321,19923,3
11321,19924,2
11321,19927,6
11321,19928,3
11321,19929,2
11321,19933,2
11321,19934,2
11321,19935,4
11321,19936,3
11321,19937,2
11321,19939,3
11321,19940,3
11321,19941,14
11321,19942,3
11321,19943,3
11321,19944,18
11321,19945,11
11321,19946,5
11321,19947,13
11321,19948,25
11321,19949,104
11321,19950,48.5
11321,19951,77.5
11321,19952,75
11321,19953,34
11321,19954,26
11321,19955,4
11321,19957,4
11321,19960,6
11321,19961,1
11321,19962,3
11321,19964,4
11321,19965,3
11321,19966,2
11321,19967,1
11321,19968,6
11321,19976,4
11321,19979,18
11321,19980,4
11321,19981,21
11321,19982,14
11321,19983,8
11321,19984,7
11321,19985,9
11321,19988,2
11321,19992,2
11321,19993,4
11321,19995,4
11321,19996,1
11321,19997,14
11321,19998,2
11321,19999,5
11321,20000,150
11321,20001,120
11321,20002,155.5
11321,20003,84
11321,20004,42
11321,20005,17
11321,20006,73
11321,20007,31
11321,20008,37
11321,20009,443
11321,20014,9
11321,20015,16
11321,20016,9
11321,20017,3
11321,20018,6
11321,20019,1
11321,20020,32
11321,20021,16
11321,20022,12
11321,20029,2
11321,20057,1
11321,20074,3
11321,20075,3
11321,20076,6
11321,20077,6
11321,20078,3
11321,20079,11
11321,20081,5
11321,20082,7
11321,20083,9
11321,20094,1
11321,20102,3
11321,20118,4
11321,20119,1
11321,20138,1
11321,20139,3
11321,20140,18
11321,20141,26
11321,20142,9
11321,20146,1
11321,20149,5
11321,20155,7
11321,20156,210.5
11321,20157,219
11321,20158,91
11321,20159,113.5
11321,20160,61.5
11321,20161,40
11321,20162,58
11321,20163,33.5
11321,20164,2
11321,20171,1
11321,20201,24
11321,20240,2
11321,20249,2
11321,20250,7
11321,20251,3
11321,20252,7
11321,20255,2
11321,20269,2
11321,20274,8
11321,20275,2
11321,20277,42
11321,20278,891
11321,20279,150
11321,20280,192
11321,20281,124
11321,20282,258
11321,20283,41
11321,20284,77
11321,20285,26
11321,20286,471.5
11321,20287,93.5
11321,20288,329.5
11321,20289,113
11321,20290,4.5
11321,20291,4
11321,20292,178.5
11321,20293,286.5
11321,20294,122
11321,20295,79.5
11321,20296,258.5
11321,20297,153.5
11321,20298,57.5
11321,20299,63.5
11321,20300,33
11321,20301,216
11321,20302,66
11321,20303,4
11321,20307,2
11321,20310,119
11321,20311,10
11321,20329,2
11321,20330,26
11321,20331,10
11321,20332,13
11321,20333,8
11321,20334,10
11321,20345,3
11321,20346,5
11322,19854,2
11322,19856,13
11322,19857,20
11322,19858,2
11322,19859,10
11322,19860,2
11322,19862,12
11322,19864,11
11322,19865,3
11322,19866,3
11322,19870,3.5
11322,19905,4
11322,19919,3
11322,19920,1
11322,19934,4
11322,19936,2
11322,19937,2
11322,19938,16
11322,19939,5
11322,19940,4
11322,19941,5
11322,19943,1
11322,19944,2
11322,19945,9
11322,19948,10
11322,19949,220.5
11322,19950,414
11322,19951,289
11322,19952,38
11322,19953,7
11322,19954,12.5
11322,19955,2
11322,19956,16
11322,19959,3
11322,19960,1
11322,19962,4
11322,19963,3
11322,19965,3
11322,19967,3
11322,19970,1
11322,19971,7
11322,19974,1
11322,19975,1
11322,19979,5
11322,19980,3
11322,19981,25
11322,19982,18
11322,19983,19
11322,19984,5
11322,19985,3
11322,19988,1
11322,19989,12
11322,19994,2
11322,19997,3
11322,19998,7
11322,19999,5
11322,20001,24.5
11322,20002,162.5
11322,20003,51.5
11322,20004,138
11322,20005,76.5
11322,20006,19
11322,20007,89.5
11322,20009,260.5
11322,20010,66
11322,20011,106
11322,20013,8
11322,20014,7
11322,20016,7
11322,20018,9
11322,20019,4
11322,20021,2
11322,20027,4
11322,20063,1
11322,20065,2
11322,20066,2
11322,20072,5
11322,20073,10
11322,20074,4
11322,20075,6
11322,20076,5
11322,20077,2
11322,20078,4
11322,20079,2
11322,20084,3
11322,20087,2
11322,20093,8.5
11322,20094,1
11322,20102,5
11322,20105,3
11322,20116,8
11322,20135,10
11322,20139,1
11322,20140,14
11322,20141,14
11322,20142,9
11322,20143,10.5
11322,20155,81.5
11322,20156,214
11322,20157,501
11322,20158,78
11322,20159,69
11322,20160,90
11322,20161,48
11322,20162,14
11322,20163,5
11322,20170,3
11322,20194,1
11322,20214,1
11322,20215,4
11322,20216,3
11322,20217,2
11322,20218,1
11322,20219,1
11322,20242,2
11322,20247,1
11322,20249,4
11322,20250,1
11322,20251,5
11322,20253,2
11322,20260,2
11322,20261,9
11322,20266,3
11322,20267,1
11322,20268,4
11322,20269,1
11322,20273,14
11322,20275,14
11322,20276,56
11322,20277,7
11322,20279,27.5
11322,20281,77.5
11322,20282,42.5
11322,20283,2
11322,20284,56
11322,20285,211
11322,20286,312
11322,20287,279
11322,20288,12
11322,20289,18
11322,20290,393
11322,20291,6
11322,20292,2
11322,20293,50
11322,20294,1
11322,20295,313
11322,20296,231
11322,20297,210.5
11322,20298,96
11322,20299,6
11322,20300,24
11322,20301,56
11322,20302,12
11322,20310,2
11322,20325,3
11322,20326,20
11322,20330,14
11322,20331,2
11323,19856,9
11323,19857,6
11323,19858,1
11323,19859,2
11323,19860,2
11323,19863,1
11323,19864,4
11323,19865,7
11323,19866,5
11323,19910,4
11323,19912,2
11323,19918,3
11323,19924,4
11323,19925,1
11323,19929,1
11323,19930,4
11323,19931,2
11323,19934,1
11323,19937,1
11323,19938,2
11323,19940,5
11323,19941,14
11323,19943,9
11323,19944,1
11323,19945,2
11323,19946,28
11323,19947,31
11323,19948,41
11323,19949,52.5
11323,19950,131
11323,19951,200
11323,19952,7
11323,19953,9
11323,19954,7
11323,19957,2
11323,19958,5
11323,19959,3
11323,19968,5
11323,19971,5
11323,19972,3
11323,19978,4
11323,19979,1
11323,19980,2
11323,19981,4
11323,19982,1
11323,19984,3
11323,19990,10
11323,19991,10
11323,19992,9
11323,19993,2
11323,19994,9
11323,19996,1
11323,20002,4
11323,20005,3
11323,20006,3
11323,20007,132
11323,20008,14
11323,20009,48
11323,20012,40
11323,20013,23
11323,20014,6
11323,20015,1
11323,20016,7
11323,20018,3
11323,20021,2
11323,20026,8
11323,20030,1
11323,20071,2
11323,20073,2
11323,20077,9
11323,20100,10
11323,20101,2
11323,20103,1
11323,20116,2
11323,20117,2
11323,20118,2
11323,20135,5
11323,20136,6
11323,20142,6
11323,20143,2
11323,20149,2
11323,20155,21
11323,20156,131.5
11323,20157,412.5
11323,20158,94
11323,20159,106
11323,20160,332
11323,20161,127
11323,20168,2
11323,20170,1
11323,20171,2
11323,20172,1
11323,20200,9
11323,20210,2
11323,20211,2
11323,20212,4
11323,20213,5
11323,20214,4
11323,20215,2
11323,20216,6
11323,20217,3
11323,20218,5
11323,20219,6
11323,20241,3
11323,20252,1
11323,20265,3
11323,20267,4
11323,20268,3
11323,20275,19
11323,20276,173
11323,20277,16
11323,20279,377.5
11323,20280,316
11323,20281,178.5
11323,20282,387
11323,20283,4
11323,20284,168.5
11323,20285,103.5
11323,20287,40
11323,20288,80
11323,20289,239
11323,20290,80.5
11323,20291,3
11323,20292,2
11323,20293,36.5
11323,20294,86.5
11323,20295,75
11323,20296,150.5
11323,20297,228.5
11323,20298,45
11323,20299,18
11323,20300,50
11323,20301,38
11323,20302,51
11323,20303,21
11323,20312,5
11323,20318,2
11323,20326,4
11323,20327,8
11324,19856,4
11324,19857,11
11324,19859,2
11324,19860,2
11324,19865,2
11324,19866,6
11324,19868,2
11324,19911,6
11324,19915,6
11324,19917,2
11324,19925,1
11324,19931,2
11324,19938,6
11324,19939,11
11324,19940,5
11324,19941,9
11324,19942,4
11324,19943,4
11324,19945,31
11324,19946,63
11324,19947,88
11324,19948,41.5
11324,19949,20
11324,19950,11
11324,19951,53.5
11324,19952,2
11324,19953,12
11324,19954,8
11324,19958,3
11324,19959,1
11324,19965,1
11324,19975,13.5
11324,19984,1
11324,19985,2
11324,19990,5
11324,19991,22
11324,19992,12
11324,19993,8
11324,19994,8
11324,19995,13
11324,19996,14
11324,19997,10
11324,19998,3
11324,19999,1
11324,20000,3
11324,20001,4
11324,20004,2
11324,20005,42
11324,20006,46
11324,20007,9
11324,20008,51.5
11324,20009,99
11324,20010,52
11324,20011,2
11324,20012,47.5
11324,20013,58
11324,20014,12
11324,20016,17
11324,20017,2
11324,20025,9
11324,20031,2
11324,20066,121
11324,20067,40.5
11324,20068,6
11324,20069,8
11324,20071,5
11324,20078,3
11324,20099,4
11324,20100,33.5
11324,20101,1
11324,20116,1
11324,20117,14
11324,20139,2
11324,20141,5
11324,20155,161
11324,20156,102
11324,20157,83
11324,20158,61
11324,20159,46
11324,20160,59
11324,20161,172.5
11324,20166,4
11324,20169,2
11324,20170,2
11324,20209,2
11324,20210,2
11324,20212,1.5
11324,20213,7
11324,20214,6
11324,20215,2
11324,20216,3
11324,20217,5
11324,20218,1
11324,20228,1
11324,20229,3
11324,20231,4
11324,20240,1
11324,20242,71
11324,20243,10
11324,20244,3
11324,20247,6
11324,20248,3
11324,20249,6
11324,20256,4
11324,20268,6
11324,20269,3
11324,20275,124
11324,20276,21
11324,20277,12
11324,20278,2
11324,20280,99
11324,20281,123.5
11324,20282,631
11324,20283,8
11324,20284,34
11324,20285,642.5
11324,20286,296.5
11324,20287,276
11324,20288,129.5
11324,20289,33
11324,20290,1
11324,20291,6
11324,20292,52
11324,20293,50
11324,20294,67
11324,20295,54
11324,20296,129.5
11324,20297,45
11324,20298,17
11324,20299,38
11324,20300,63
11324,20301,40
11324,20302,58
11324,20303,44.5
11324,20304,54
11324,20305,7
11324,20306,4
11324,20324,1
11325,19857,1
11325,19859,4
11325,19860,6
11325,19865,6
11325,19866,10.5
11325,19868,2
11325,19913,8
11325,19914,7
11325,19917,3
11325,19924,1
11325,19925,2
11325,19928,8
11325,19929,6
11325,19930,1
11325,19931,2
11325,19933,2
11325,19935,2
11325,19938,4
11325,19942,2
11325,19945,22.5
11325,19946,125
11325,19947,81
11325,19948,60
11325,19949,64
11325,19950,43
11325,19951,28
11325,19952,11
11325,19953,2
11325,19954,4
11325,19955,4
11325,19957,9
11325,19958,1
11325,19963,5
11325,19965,2
11325,19970,3
11325,19971,2
11325,19972,6
11325,19990,6
11325,19991,2
11325,19992,8
11325,19993,11
11325,19994,3
11325,19995,4
11325,19998,9
11325,19999,4
11325,20005,23.5
11325,20006,72
11325,20007,26
11325,20008,37
11325,20009,90.5
11325,20010,56.5
11325,20011,62
11325,20012,54.5
11325,20013,40
11325,20015,1
11325,20026,1
11325,20030,5
11325,20065,8
11325,20066,72
11325,20067,73
11325,20068,44.5
11325,20069,31
11325,20070,12
11325,20071,124.5
11325,20072,2
11325,20073,7
11325,20078,1
11325,20099,1.5
11325,20105,1
11325,20115,4
11325,20116,4
11325,20117,5
11325,20118,2
11325,20132,2
11325,20151,4
11325,20152,2
11325,20155,23
11325,20156,80.5
11325,20157,19
11325,20158,61.5
11325,20159,73
11325,20160,55.5
11325,20161,73
11325,20168,3
11325,20212,3
11325,20213,7
11325,20214,6
11325,20215,1
11325,20216,4
11325,20217,2
11325,20224,1
11325,20229,2
11325,20230,3
11325,20238,2
11325,20239,213
11325,20240,8
11325,20241,50
11325,20242,77.5
11325,20243,26
11325,20244,9
11325,20247,3
11325,20260,1
11325,20261,4
11325,20262,1
11325,20266,2
11325,20272,6
11325,20273,6
11325,20274,6
11325,20275,33
11325,20276,1
11325,20278,3
11325,20279,13
11325,20280,6
11325,20281,288.5
11325,20282,209
11325,20284,80
11325,20285,192
11325,20286,49.5
11325,20287,78.5
11325,20288,11
11325,20289,46
11325,20290,82
11325,20291,44
11325,20292,43
11325,20293,87
11325,20294,19
11325,20295,11
11325,20296,20
11325,20297,138
11325,20298,32
11325,20299,39
11325,20300,43
11325,20301,23
11325,20302,49
11325,20303,46
11325,20304,26
11325,20305,37.5
11325,20306,64
11325,20307,39
11325,20308,36
11325,20309,18
11325,20310,9
11325,20311,52
11325,20312,52
11325,20313,23
11325,20315,7
11326,19858,2
11326,19866,2
11326,19868,2
11326,19911,5
11326,19912,1
11326,19913,3
11326,19914,8
11326,19915,5
11326,19916,4
11326,19917,3
11326,19925,3.5
11326,19944,2
11326,19945,2
11326,19946,15
11326,19947,8
11326,19948,58.5
11326,19949,26
11326,19950,53
11326,19951,5
11326,19952,15
11326,19953,1
11326,19955,4
11326,19957,3
11326,19959,7
11326,19960,1
11326,19964,4
11326,19965,2
11326,19969,3
11326,19970,2
11326,19986,11
11326,19997,10
11326,19998,6
11326,19999,2
11326,20002,15
11326,20004,3
11326,20005,22
11326,20006,41
11326,20007,29.5
11326,20008,16
11326,20009,33.5
11326,20010,22
11326,20011,88.5
11326,20012,31
11326,20013,12
11326,20016,8
11326,20029,6
11326,20066,5
11326,20067,58
11326,20068,42
11326,20069,61
11326,20070,43
11326,20071,278
11326,20072,101
11326,20073,44
11326,20074,19
11326,20079,5
11326,20094,2
11326,20101,1
11326,20114,2
11326,20115,10
11326,20117,7
11326,20127,1
11326,20129,1
11326,20147,7
11326,20150,3
11326,20155,24
11326,20156,58.5
11326,20157,49
11326,20158,68
11326,20159,41
11326,20160,59
11326,20161,7
11326,20165,1
11326,20176,2
11326,20183,8
11326,20189,4
11326,20206,119
11326,20213,3
11326,20214,8
11326,20216,4
11326,20228,4
11326,20233,1
11326,20237,737.5
11326,20238,31
11326,20239,256.5
11326,20240,200
11326,20241,43
11326,20242,66
11326,20243,43
11326,20244,50
11326,20245,4
11326,20247,3
11326,20248,3
11326,20260,4
11326,20262,2
11326,20265,8
11326,20272,7
11326,20273,2
11326,20274,16.5
11326,20277,4
11326,20279,22.5
11326,20282,12
11326,20285,1
11326,20286,2
11326,20288,184
11326,20289,15.5
11326,20290,23
11326,20291,47
11326,20292,36.5
11326,20293,7
11326,20294,32
11326,20295,62
11326,20296,36
11326,20297,30
11326,20298,63
11326,20299,54
11326,20300,28
11326,20301,33
11326,20302,23.5
11326,20303,22
11326,20304,66
11326,20305,43
11326,20306,32
11326,20307,24
11326,20308,21
11326,20309,105
11326,20310,75
11326,20311,47
11326,20312,72.5
11326,20313,45
11326,20314,23
11326,20315,18
11326,20326,1
11327,19908,4
11327,19911,2
11327,19912,2
11327,19913,6.5
11327,19916,2
11327,19920,2
11327,19929,1
11327,19945,5
11327,19947,1
11327,19948,18
11327,19949,44
11327,19950,15
11327,19951,6
11327,19952,14
11327,19953,6
11327,19955,1
11327,19956,3
11327,19957,4
11327,19959,3
11327,19963,2
11327,19964,7
11327,19973,2
11327,19979,2
11327,19983,1
11327,19985,9
11327,19986,10
11327,20000,2
11327,20002,2
11327,20006,4
11327,20007,12
11327,20008,13
11327,20010,4
11327,20011,23
11327,20012,7
11327,20013,15
11327,20014,2
11327,20022,2
11327,20062,2
11327,20067,9
11327,20068,47.5
11327,20069,3.5
11327,20070,39
11327,20071,81
11327,20072,28
11327,20073,44
11327,20076,4
11327,20086,2
11327,20113,6
11327,20128,1
11327,20130,2
11327,20155,20
11327,20156,78.5
11327,20157,76.5
11327,20158,81
11327,20159,47
11327,20160,17
11327,20161,1
11327,20162,4
11327,20166,2
11327,20167,2
11327,20168,1
11327,20169,2
11327,20171,4
11327,20174,5
11327,20176,4
11327,20177,2
11327,20183,5
11327,20184,2
11327,20186,5
11327,20187,3
11327,20188,4
11327,20190,2
11327,20191,6
11327,20192,5
11327,20211,5
11327,20212,2
11327,20213,4
11327,20214,5
11327,20215,3
11327,20216,2
11327,20227,1
11327,20230,1
11327,20233,2
11327,20240,279
11327,20241,352.5
11327,20242,68
11327,20243,149.5
11327,20244,32
11327,20245,3
11327,20246,2
11327,20247,1
11327,20248,1
11327,20250,1
11327,20257,1
11327,20258,2
11327,20259,2
11327,20261,3
11327,20264,8
11327,20266,2
11327,20276,5
11327,20277,10
11327,20278,1
11327,20280,2
11327,20281,4
11327,20285,36
11327,20286,211.5
11327,20287,191.5
11327,20288,35
11327,20289,126.5
11327,20290,33
11327,20291,35
11327,20292,79.5
11327,20293,116
11327,20294,6
11327,20295,31
11327,20296,24
11327,20297,62.5
11327,20298,46
11327,20299,34
11327,20300,35
11327,20301,30
11327,20302,20.5
11327,20303,26
11327,20304,10
11327,20305,44
11327,20306,11
11327,20307,9
11327,20308,43.5
11327,20309,41.5
11327,20310,38
11327,20311,43
11327,20312,46
11327,20313,15
11327,20314,62
11327,20315,4
11327,20326,2
11327,20327,1
11327,20356,3
11328,19911,9
11328,19912,2
11328,19913,4
11328,19921,3
11328,19939,1
11328,19946,2
11328,19947,4
11328,19948,4
11328,19949,26
11328,19950,33
11328,19951,1
11328,19952,12
11328,19953,2
11328,19954,1
11328,19955,5
11328,19956,16
11328,19957,3
11328,19958,2
11328,19962,5
11328,19963,1
11328,19969,2
11328,19971,4
11328,20007,4
11328,20008,21
11328,20009,11
11328,20010,12
11328,20011,12
11328,20012,12
11328,20013,9.5
11328,20070,5
11328,20071,33
11328,20072,39
11328,20080,4
11328,20081,2
11328,20083,1
11328,20110,1
11328,20111,3
11328,20114,2
11328,20118,2
11328,20129,31.5
11328,20130,9
11328,20155,2
11328,20156,40
11328,20157,32
11328,20158,20
11328,20159,26
11328,20160,20
11328,20162,4
11328,20163,4
11328,20164,3
11328,20177,3.5
11328,20178,2
11328,20181,2
11328,20184,2
11328,20185,5
11328,20188,2
11328,20189,3
11328,20191,3
11328,20192,9
11328,20193,4
11328,20211,8
11328,20212,5
11328,20213,2
11328,20214,5
11328,20215,4
11328,20216,3
11328,20219,3
11328,20222,2
11328,20228,2
11328,20232,1
11328,20233,3
11328,20234,3
11328,20239,5.5
11328,20240,127
11328,20241,418.5
11328,20242,154.5
11328,20243,75
11328,20249,4
11328,20256,3
11328,20259,7
11328,20260,16
11328,20265,16
11328,20266,7
11328,20276,7
11328,20278,5
11328,20279,5
11328,20280,3
11328,20284,5
11328,20285,122
11328,20286,4
11328,20287,46
11328,20288,140
11328,20289,102
11328,20290,79
11328,20291,78
11328,20292,72
11328,20293,71
11328,20294,22
11328,20295,11
11328,20296,13
11328,20297,19
11328,20298,18
11328,20299,9
11328,20300,11
11328,20301,27
11328,20302,31
11328,20303,62
11328,20304,2
11328,20305,8
11328,20306,14
11328,20308,24
11328,20309,68
11328,20310,63.5
11328,20311,34
11328,20312,36
11328,20313,13
11328,20318,4
11328,20319,8
11329,19913,13
11329,19914,9
11329,19920,6
11329,19938,6
11329,19944,1
11329,19945,4
11329,19946,9
11329,19947,14
11329,19948,3
11329,19949,22
11329,19950,5
11329,19951,6
11329,19952,7
11329,19953,7
11329,19955,4
11329,19961,3
11329,19966,1
11329,19968,9
11329,20007,2
11329,20008,6
11329,20010,17
11329,20011,11
11329,20012,9
11329,20071,2
11329,20072,2
11329,20074,1
11329,20076,3
11329,20080,1
11329,20082,2
11329,20083,8
11329,20084,4
11329,20095,12.5
11329,20109,25.5
11329,20110,27
11329,20111,11
11329,20112,3.5
11329,20113,4
11329,20128,7
11329,20129,9
11329,20131,13
11329,20132,1
11329,20133,1
11329,20154,2
11329,20164,1
11329,20166,8
11329,20170,16
11329,20173,3
11329,20175,9
11329,20176,5
11329,20177,2
11329,20180,1
11329,20181,1
11329,20182,4
11329,20184,3
11329,20187,2
11329,20214,3
11329,20215,1
11329,20216,2
11329,20217,2
11329,20219,1
11329,20222,2
11329,20223,3
11329,20234,2
11329,20239,21
11329,20240,98.5
11329,20241,192.5
11329,20242,59
11329,20243,82.5
11329,20244,15
11329,20246,1
11329,20248,4
11329,20257,13.5
11329,20258,39.5
11329,20259,31
11329,20263,2
11329,20264,6
11329,20265,2
11329,20266,1.5
11329,20274,2
11329,20275,49
11329,20276,205.5
11329,20277,216.5
11329,20284,203.5
11329,20285,33
11329,20286,63
11329,20287,54
11329,20288,123
11329,20289,170.5
11329,20290,163
11329,20291,59.5
11329,20292,38
11329,20293,134
11329,20294,33
11329,20296,6
11329,20298,8
11329,20299,40
11329,20300,28
11329,20301,29
11329,20302,15
11329,20303,18.5
11329,20304,6
11329,20305,32
11329,20306,44
11329,20307,10
11329,20308,5
11329,20309,3
11329,20310,35
11329,20311,21
11329,20312,20
11329,20313,38
11329,20314,32
11329,20315,40.5
11329,20316,50
11329,20317,30
11329,20318,35
11329,20319,41
11329,20320,6
11329,20356,2
11330,19914,2
11330,19915,4
11330,19920,8
11330,19933,3
11330,19942,1
11330,19945,8.5
11330,19946,13
11330,19947,4
11330,19950,5
11330,19951,12
11330,19952,4
11330,19959,1
11330,19960,4
11330,20010,14
11330,20012,9
11330,20013,6
11330,20035,12
11330,20036,20
11330,20037,30
11330,20080,2
11330,20081,2
11330,20095,8.5
11330,20096,8
11330,20109,14.5
11330,20110,9
11330,20111,6
11330,20112,12
11330,20113,10
11330,20115,8.5
11330,20116,3
11330,20128,9
11330,20155,7
11330,20162,3
11330,20164,6
11330,20165,2
11330,20166,1
11330,20168,12
11330,20169,6
11330,20171,2
11330,20172,5
11330,20173,2
11330,20174,3
11330,20175,2
11330,20176,5
11330,20178,3
11330,20180,6
11330,20182,2
11330,20220,2
11330,20221,3
11330,20222,2
11330,20235,3
11330,20241,1
11330,20242,18
11330,20243,58
11330,20244,25.5
11330,20250,3
11330,20257,9.5
11330,20259,4
11330,20260,5
11330,20261,71.5
11330,20262,127.5
11330,20264,23
11330,20265,16
11330,20270,2
11330,20273,7
11330,20274,1
11330,20276,11
11330,20277,69
11330,20278,2
11330,20281,7
11330,20283,3
11330,20284,4
11330,20285,16.5
11330,20286,4
11330,20287,34
11330,20288,168.5
11330,20289,81
11330,20290,165
11330,20291,40
11330,20292,60.5
11330,20293,49
11330,20294,73.5
11330,20295,44.5
11330,20296,5
11330,20299,36
11330,20300,14
11330,20301,22
11330,20302,15
11330,20304,9
11330,20305,29
11330,20306,32
11330,20307,53
11330,20308,16
11330,20309,7
11330,20310,92
11330,20311,41
11330,20312,35.5
11330,20313,40
11330,20314,53
11330,20315,41
11330,20316,33
11330,20317,37
11330,20318,47
11330,20319,34.5
11331,19923,15
11331,19924,2
11331,19925,7
11331,19926,5.5
11331,19940,6
11331,19943,7.5
11331,19946,3
11331,19947,2
11331,19948,5
11331,19949,7
11331,19950,8
11331,19956,10
11331,19958,3
11331,20010,7
11331,20011,8
11331,20012,5
11331,20013,4
11331,20034,20
11331,20035,81
11331,20036,59.5
11331,20037,94
11331,20038,46
11331,20039,53.5
11331,20040,20
11331,20041,15
11331,20042,21
11331,20079,9
11331,20080,3
11331,20107,1
11331,20109,4
11331,20110,25
11331,20111,11
11331,20112,18
11331,20113,32
11331,20128,4
11331,20152,2
11331,20153,20
11331,20154,26.5
11331,20162,3
11331,20166,2
11331,20167,2
11331,20172,10
11331,20173,15
11331,20174,3
11331,20175,1
11331,20178,21
11331,20179,10
11331,20180,4
11331,20234,2
11331,20240,1.5
11331,20243,2
11331,20247,1
11331,20258,5
11331,20259,22.5
11331,20260,39
11331,20261,139
11331,20262,161.5
11331,20263,2
11331,20266,10
11331,20267,4
11331,20270,1
11331,20271,5.5
11331,20275,3
11331,20276,477
11331,20277,10
11331,20278,229.5
11331,20282,9
11331,20284,7
11331,20286,7
11331,20287,86
11331,20288,107
11331,20289,126
11331,20290,68
11331,20291,70
11331,20292,31.5
11331,20293,60
11331,20294,41
11331,20295,56
11331,20296,13
11331,20300,3
11331,20301,39
11331,20302,81
11331,20303,7
11331,20306,2
11331,20307,11
11331,20308,23
11331,20309,39
11331,20310,40
11331,20311,54.5
11331,20312,43
11331,20313,30
11331,20314,30
11331,20315,19
11331,20316,7
11331,20317,10
11331,20318,9
11332,19920,3
11332,19921,11
11332,19922,18
11332,19923,24
11332,19924,22.5
11332,19925,12
11332,19927,5
11332,19928,4
11332,19935,3
11332,19937,4
11332,19941,8
11332,19942,4
11332,19943,1
11332,19944,2
11332,19946,4
11332,19947,2
11332,19949,6
11332,19950,3
11332,19951,1
11332,19956,4
11332,20009,3
11332,20029,1
11332,20032,1
11332,20035,3
11332,20036,4
11332,20038,12
11332,20039,187
11332,20040,50
11332,20041,32
11332,20042,9
11332,20043,28
11332,20046,2
11332,20048,1
11332,20049,3
11332,20077,5
11332,20079,3
11332,20080,4
11332,20081,4
11332,20084,3
11332,20086,1
11332,20109,7
11332,20110,11
11332,20111,29
11332,20112,23
11332,20113,20
11332,20126,9
11332,20152,26
11332,20153,43
11332,20154,7
11332,20157,7
11332,20158,2
11332,20168,1
11332,20169,2
11332,20171,1
11332,20172,6
11332,20174,14
11332,20176,16
11332,20177,12.5
11332,20178,2
11332,20179,3
11332,20180,6
11332,20182,2
11332,20239,6
11332,20240,7
11332,20243,7
11332,20247,4
11332,20254,6
11332,20257,1
11332,20258,46.5
11332,20259,97
11332,20260,529.5
11332,20261,294
11332,20262,111
11332,20263,86
11332,20264,14
11332,20265,10
11332,20266,17
11332,20267,2
11332,20268,3
11332,20269,13
11332,20270,2
11332,20271,10
11332,20272,19
11332,20273,172.5
11332,20274,277.5
11332,20276,18
11332,20277,11
11332,20279,60
11332,20281,3
11332,20287,55
11332,20288,89.5
11332,20289,94
11332,20290,84
11332,20291,79
11332,20292,85
11332,20293,24
11332,20294,13
11332,20295,37
11332,20296,54
11332,20297,2
11332,20301,16
11332,20302,31
11332,20303,2
11332,20304,7
11332,20305,64
11332,20307,4
11332,20308,47
11332,20309,2
11332,20310,25
11332,20311,18
11332,20312,13
11332,20313,29
11332,20314,25
11332,20315,4
11333,19918,8
11333,19919,13
11333,19920,22
11333,19921,23.5
11333,19922,28
11333,19923,11.5
11333,19924,21
11333,19925,10
11333,19927,14
11333,19928,3
11333,19929,6
11333,19936,2
11333,19940,11
11333,19941,1
11333,19942,4
11333,19943,4
11333,19944,3
11333,19945,3
11333,19947,2
11333,19948,4
11333,19949,5
11333,19950,2
11333,19952,1
11333,19955,4
11333,20006,7.5
11333,20007,16
11333,20008,49
11333,20009,57
11333,20010,15
11333,20011,66
11333,20012,11
11333,20013,12
11333,20014,11
11333,20015,3
11333,20016,3
11333,20017,2
11333,20018,3
11333,20019,6
11333,20020,9
11333,20021,3
11333,20022,11
11333,20023,9
11333,20024,15
11333,20025,8
11333,20038,4
11333,20039,51
11333,20040,9
11333,20043,3
11333,20076,4
11333,20077,12
11333,20078,4
11333,20080,13
11333,20085,9
11333,20108,20
11333,20109,6
11333,20110,24
11333,20111,17
11333,20112,17
11333,20126,5
11333,20132,2
11333,20136,5
11333,20137,2
11333,20152,5.5
11333,20153,33.5
11333,20154,8
11333,20160,4
11333,20162,3
11333,20170,1.5
11333,20171,5.5
11333,20173,10
11333,20174,14
11333,20175,26
11333,20176,31.5
11333,20177,23.5
11333,20178,15
11333,20182,16
11333,20183,8
11333,20185,5
11333,20192,7
11333,20232,1
11333,20234,5
11333,20235,12
11333,20236,15
11333,20238,4
11333,20239,2
11333,20253,18
11333,20254,15
11333,20255,1
11333,20256,12
11333,20257,30
11333,20258,87
11333,20259,324
11333,20260,426.5
11333,20261,339.5
11333,20262,116
11333,20263,119.5
11333,20264,7
11333,20265,14.5
11333,20267,60
11333,20268,13
11333,20269,6
11333,20270,1
11333,20271,6
11333,20272,21
11333,20273,64.5
11333,20274,38.5
11333,20275,23
11333,20276,8
11333,20278,804
11333,20280,12
11333,20282,5
11333,20283,5
11333,20287,52
11333,20288,127.5
11333,20289,105.5
11333,20290,56
11333,20291,70
11333,20292,72.5
11333,20293,27
11333,20294,31
11333,20295,4
11333,20296,14
11333,20302,10
11333,20304,63
11333,20306,6
11333,20307,35
11333,20308,8
11333,20312,2
11333,20313,16
11333,20314,37
11333,20315,15
11334,19918,3
11334,19919,6
11334,19920,34
11334,19921,28
11334,19922,31
11334,19923,42
11334,19924,13
11334,19925,9
11334,19927,17
11334,19928,18
11334,19929,22
11334,19930,2
11334,19936,1
11334,19937,2
11334,19938,9
11334,19940,4
11334,19941,2
11334,19942,2
11334,19943,4
11334,19944,5
11334,19945,2
11334,19946,1
11334,19954,3
11334,19959,17
11334,20005,5
11334,20006,23
11334,20007,24.5
11334,20008,46
11334,20009,50
11334,20010,37
11334,20011,26
11334,20012,46
11334,20013,62.5
11334,20014,88
11334,20015,45
11334,20016,21
11334,20017,22
11334,20018,18
11334,20019,5
11334,20020,38
11334,20021,9
11334,20022,14
11334,20023,38
11334,20024,139
11334,20025,42
11334,20038,28
11334,20039,2
11334,20078,2
11334,20082,3
11334,20085,2
11334,20106,2
11334,20107,1
11334,20108,15
11334,20109,12
11334,20110,25
11334,20111,34
11334,20112,13
11334,20122,2
11334,20124,4
11334,20125,1
11334,20127,8
11334,20135,5
11334,20153,42
11334,20158,4
11334,20159,11
11334,20160,23.5
11334,20161,33
11334,20162,8
11334,20168,4
11334,20170,14
11334,20172,6
11334,20174,33.5
11334,20175,83
11334,20176,126.5
11334,20177,35
11334,20178,53
11334,20179,20
11334,20184,1
11334,20185,3
11334,20188,2
11334,20193,26
11334,20204,4
11334,20228,2
11334,20233,8
11334,20234,31.5
11334,20235,27
11334,20236,19
11334,20237,9
11334,20238,1
11334,20239,4
11334,20240,1
11334,20241,3
11334,20250,5
11334,20253,121
11334,20254,50
11334,20255,35.5
11334,20256,36
11334,20257,71
11334,20258,111
11334,20259,55
11334,20260,249
11334,20261,31.5
11334,20262,8
11334,20263,2
11334,20264,39.5
11334,20268,16
11334,20272,6
11334,20273,15
11334,20274,59
11334,20275,111
11334,20276,38
11334,20277,35
11334,20280,23
11334,20283,5
11334,20285,18
11334,20286,8
11334,20287,27
11334,20288,102
11334,20289,83
11334,20290,74
11334,20291,56
11334,20292,85
11334,20293,40
11334,20294,35.5
11334,20295,28
11334,20296,69
11334,20297,25
11334,20304,28
11334,20305,34
11334,20306,31
11334,20307,14
11334,20313,2
11334,20314,2
11334,20315,14
11334,20356,14
11334,20357,2
11335,19920,20
11335,19921,17
11335,19922,30
11335,19923,8
11335,19924,4
11335,19925,32
11335,19926,8
11335,19927,23
11335,19928,15
11335,19929,25
11335,19930,8
11335,19939,2
11335,19944,1
11335,19946,6
11335,19950,7
11335,19951,1
11335,20003,6
11335,20004,31
11335,20005,11
11335,20007,3
11335,20008,10
11335,20010,12
11335,20011,169.5
11335,20012,45
11335,20013,2
11335,20014,24
11335,20015,33
11335,20016,31
11335,20017,45
11335,20018,31
11335,20019,44
11335,20020,20.5
11335,20021,9
11335,20022,14
11335,20023,27
11335,20024,64
11335,20025,17
11335,20082,2
11335,20106,8
11335,20107,21
11335,20108,13
11335,20109,1
11335,20110,13
11335,20111,22
11335,20112,33
11335,20113,24
11335,20114,17
11335,20121,2
11335,20122,12.5
11335,20123,17
11335,20149,4
11335,20150,3
11335,20153,42.5
11335,20154,3
11335,20158,23
11335,20159,40.5
11335,20161,8
11335,20162,5
11335,20167,2
11335,20168,2
11335,20174,37
11335,20175,42
11335,20176,80
11335,20177,82
11335,20178,223
11335,20179,78
11335,20189,6
11335,20192,4
11335,20210,2.5
11335,20233,36
11335,20234,42
11335,20235,32
11335,20236,30.5
11335,20237,87
11335,20238,33
11335,20239,46
11335,20240,5
11335,20241,3
11335,20244,1
11335,20252,9
11335,20253,45.5
11335,20254,18
11335,20255,30
11335,20256,25
11335,20257,79
11335,20258,116
11335,20259,7
11335,20260,51
11335,20261,25
11335,20263,5
11335,20264,66
11335,20266,105.5
11335,20267,8
11335,20268,2
11335,20269,17
11335,20270,21
11335,20272,13
11335,20274,20
11335,20275,64
11335,20276,45
11335,20277,39.5
11335,20278,279
11335,20280,4
11335,20281,5
11335,20283,1
11335,20284,16
11335,20285,105.5
11335,20286,98
11335,20287,14
11335,20288,57
11335,20289,20
11335,20290,15
11335,20291,61
11335,20292,57
11335,20293,67
11335,20294,52.5
11335,20295,58
11335,20296,51.5
11335,20304,15
11335,20305,6
11335,20306,3
11335,20357,5
11336,19919,8
11336,19920,19
11336,19921,27
11336,19922,29
11336,19923,12
11336,19924,31
11336,19925,52
11336,19926,29
11336,19927,35
11336,19928,25
11336,19929,28
11336,19930,9
11336,19940,7
11336,19941,6
11336,19942,3
11336,19943,7
11336,19945,8
11336,19949,5
11336,19950,2
11336,19951,2
11336,19954,3
11336,19957,2
11336,19962,3
11336,19974,5
11336,19975,8
11336,19976,1
11336,19999,2
11336,20000,10
11336,20001,24
11336,20002,29
11336,20003,33
11336,20004,9
11336,20008,12
11336,20009,36
11336,20010,51
11336,20011,241.5
11336,20012,385
11336,20013,17
11336,20014,4
11336,20015,4
11336,20016,2
11336,20017,10
11336,20018,32.5
11336,20019,11
11336,20021,4
11336,20022,1
11336,20024,4
11336,20055,1
11336,20058,3
11336,20063,3
11336,20068,4
11336,20106,5
11336,20107,32
11336,20108,14
11336,20109,17
11336,20110,28
11336,20111,30
11336,20112,10
11336,20113,25
11336,20114,4
11336,20120,16
11336,20121,17
11336,20122,13.5
11336,20123,1
11336,20149,10
11336,20150,2
11336,20153,18
11336,20154,16
11336,20155,29
11336,20156,47
11336,20157,61.5
11336,20166,2
11336,20169,5
11336,20170,2
11336,20171,4
11336,20173,50
11336,20174,57.5
11336,20175,116
11336,20176,34
11336,20177,78
11336,20178,84
11336,20179,28
11336,20190,2
11336,20195,2
11336,20206,1
11336,20208,2
11336,20229,2
11336,20230,4
11336,20233,32
11336,20234,63
11336,20235,48
11336,20236,30
11336,20237,54.5
11336,20238,52
11336,20239,141
11336,20240,87.5
11336,20241,5
11336,20252,14
11336,20256,7
11336,20257,3
11336,20258,50.5
11336,20259,13
11336,20260,27
11336,20261,59
11336,20262,57.5
11336,20263,341.5
11336,20264,60
11336,20265,47
11336,20266,16
11336,20267,5
11336,20269,6
11336,20270,4
11336,20271,14
11336,20272,6
11336,20273,2
11336,20274,7
11336,20275,6
11336,20276,2
11336,20277,8
11336,20278,9
11336,20280,7
11336,20284,55
11336,20285,61.5
11336,20286,98.5
11336,20287,71.5
11336,20289,8
11336,20290,229.5
11336,20291,134.5
11336,20292,46
11336,20293,33
11336,20294,49
11336,20295,35
11336,20296,20
11336,20357,1
11337,19920,3
11337,19921,14
11337,19922,25
11337,19923,17
11337,19924,43
11337,19925,34.5
11337,19926,26
11337,19927,32
11337,19928,21
11337,19929,2
11337,19930,2
11337,19941,5
11337,19949,1
11337,19950,8
11337,19951,8
11337,19956,2
11337,19958,10
11337,19975,7
11337,19996,2
11337,19998,16
11337,19999,20
11337,20000,27
11337,20001,22
11337,20002,24
11337,20003,29
11337,20004,15
11337,20005,4
11337,20006,5
11337,20007,21
11337,20008,37
11337,20009,60.5
11337,20010,35
11337,20011,33
11337,20012,82
11337,20013,21.5
11337,20014,27
11337,20015,16
11337,20016,1
11337,20017,10
11337,20018,8
11337,20019,9
11337,20021,4
11337,20022,10
11337,20059,1
11337,20070,3
11337,20104,20
11337,20105,34
11337,20106,27
11337,20107,62
11337,20111,3
11337,20112,2
11337,20119,3
11337,20120,13
11337,20121,3.5
11337,20125,2
11337,20138,2
11337,20139,10
11337,20140,8
11337,20141,7
11337,20148,4
11337,20149,13
11337,20150,7
11337,20153,22
11337,20154,32.5
11337,20155,81
11337,20156,46
11337,20157,12
11337,20164,2
11337,20165,3
11337,20171,5
11337,20173,40
11337,20174,119
11337,20175,30.5
11337,20176,63
11337,20177,123.5
11337,20178,69
11337,20179,3
11337,20185,2
11337,20186,5
11337,20189,4
11337,20193,14
11337,20195,2
11337,20201,1
11337,20209,2
11337,20219,1
11337,20227,5
11337,20230,10
11337,20233,5
11337,20234,114
11337,20235,40
11337,20236,32
11337,20237,58
11337,20238,97
11337,20239,95.5
11337,20240,41
11337,20241,11
11337,20242,3
11337,20243,3
11337,20244,5
11337,20248,1
11337,20249,7
11337,20255,4
11337,20259,36
11337,20260,91
11337,20261,59
11337,20262,74.5
11337,20263,42
11337,20264,62
11337,20265,43
11337,20266,4
11337,20269,1
11337,20270,5
11337,20271,2
11337,20272,7
11337,20273,5
11337,20275,8
11337,20276,1
11337,20277,4
11337,20279,10
11337,20280,9.5
11337,20283,3
11337,20284,60
11337,20285,45
11337,20286,61
11337,20287,7
11337,20289,5
11337,20292,5
11337,20293,34
11337,20294,2
11337,20295,22
11337,20296,19
11337,20356,2
11338,19917,6
11338,19918,11
11338,19919,24
11338,19920,20
11338,19921,26
11338,19922,35.5
11338,19923,28
11338,19924,31
11338,19925,22
11338,19926,45
11338,19927,30
11338,19928,28
11338,19929,24
11338,19930,22
11338,19933,9
11338,19937,1
11338,19951,1
11338,19953,1
11338,19956,1
11338,19990,1
11338,19992,2
11338,19997,2
11338,19998,26
11338,19999,38
11338,20000,28
11338,20001,14
11338,20002,17
11338,20003,21
11338,20004,8
11338,20005,1
11338,20006,15
11338,20007,2
11338,20008,20
11338,20009,46
11338,20010,21
11338,20011,18
11338,20012,15
11338,20013,34
11338,20014,4
11338,20015,30.5
11338,20018,4
11338,20019,3
11338,20023,3
11338,20102,15
11338,20103,80.5
11338,20104,43
11338,20105,63.5
11338,20106,63
11338,20107,8
11338,20108,23
11338,20109,15
11338,20138,13
11338,20139,11
11338,20140,11
11338,20141,3
11338,20148,6
11338,20149,19
11338,20150,5
11338,20153,26.5
11338,20154,53.5
11338,20155,66
11338,20156,41
11338,20157,12
11338,20168,7
11338,20172,3.5
11338,20173,40
11338,20174,113
11338,20175,53.5
11338,20176,19
11338,20177,140.5
11338,20178,51
11338,20179,47
11338,20180,4
11338,20181,5
11338,20182,2
11338,20183,3
11338,20185,2.5
11338,20186,7
11338,20187,3
11338,20189,2
11338,20192,1
11338,20195,1
11338,20196,2
11338,20197,2
11338,20204,1
11338,20226,2
11338,20230,9
11338,20234,118
11338,20235,83
11338,20236,67
11338,20237,29
11338,20238,17
11338,20239,25.5
11338,20240,16
11338,20241,5
11338,20245,8
11338,20248,2
11338,20251,3
11338,20252,1
11338,20255,2
11338,20258,2
11338,20259,53
11338,20260,88
11338,20261,63.5
11338,20262,75
11338,20263,84
11338,20264,62
11338,20265,35
11338,20266,8
11338,20267,2
11338,20268,3
11338,20271,4
11338,20272,11
11338,20273,21
11338,20274,14
11338,20284,15
11338,20285,71.5
11338,20286,54
11338,20289,5
11338,20290,2
11338,20292,6
11338,20293,22
11338,20295,8
11338,20296,6
11338,20300,4
11338,20324,1
11339,19917,2
11339,19918,15
11339,19919,51
11339,19920,14
11339,19921,35
11339,19922,25
11339,19923,31
11339,19924,23
11339,19925,43
11339,19926,50
11339,19927,54
11339,19928,47
11339,19929,25
11339,19930,6
11339,19931,2
11339,19932,14
11339,19933,20
11339,19934,9
11339,19952,2
11339,19953,5
11339,19955,3
11339,19957,1
11339,19987,3
11339,19989,2
11339,19991,1
11339,19992,2
11339,19994,3
11339,19996,11
11339,19997,11
11339,19998,15
11339,19999,22
11339,20000,9
11339,20001,7
11339,20004,1
11339,20005,2
11339,20006,9
11339,20008,1
11339,20009,20.5
11339,20010,33
11339,20011,36
11339,20012,11
11339,20013,6
11339,20014,9
11339,20015,7
11339,20016,10
11339,20018,1
11339,20019,3
11339,20020,5
11339,20021,14
11339,20022,2
11339,20102,30
11339,20103,48
11339,20104,30.5
11339,20105,49
11339,20106,9
11339,20107,25
11339,20108,32
11339,20109,26
11339,20138,2
11339,20139,10
11339,20140,2
11339,20148,12
11339,20149,4
11339,20152,1
11339,20153,14
11339,20154,38.5
11339,20155,17
11339,20156,40
11339,20157,20
11339,20168,1
11339,20169,1
11339,20171,2
11339,20172,29
11339,20173,25
11339,20174,34
11339,20175,52
11339,20176,70
11339,20177,181
11339,20178,36.5
11339,20179,10
11339,20180,6
11339,20181,7
11339,20183,6
11339,20184,4
11339,20185,11
11339,20186,1
11339,20190,9
11339,20191,6
11339,20196,5
11339,20200,2
11339,20204,12
11339,20205,2
11339,20206,22
11339,20207,23
11339,20208,1
11339,20214,3
11339,20219,3
11339,20239,2
11339,20241,5
11339,20242,13
11339,20243,3
11339,20244,4
11339,20247,6
11339,20248,11
11339,20250,8
11339,20251,12
11339,20258,9
11339,20259,29
11339,20260,69.5
11339,20261,82.5
11339,20262,68
11339,20263,33
11339,20264,26
11339,20265,49.5
11339,20266,55
11339,20268,3
11339,20273,3
11339,20274,5
11339,20275,8
11339,20278,2
11339,20279,1
11339,20283,1
11339,20284,8
11339,20285,31
11339,20286,5
11339,20287,2
11339,20293,1
11340,19918,7
11340,19919,8
11340,19920,24
11340,19921,33
11340,19922,13
11340,19923,66
11340,19924,16.5
11340,19925,27.5
11340,19926,35
11340,19927,37
11340,19928,22
11340,19929,29
11340,19930,5
11340,19931,3
11340,19932,18
11340,19933,20
11340,19934,5
11340,19945,7
11340,19953,4
11340,19956,4.5
11340,19957,1.5
11340,19960,1
11340,19986,3
11340,19988,1
11340,19990,3
11340,19991,7
11340,19993,29
11340,19994,17
11340,20011,8
11340,20012,6
11340,20013,13
11340,20014,13
11340,20015,6
11340,20016,5
11340,20017,14
11340,20018,11
11340,20019,2
11340,20021,5
11340,20022,5
11340,20028,3
11340,20055,1
11340,20062,22
11340,20103,70.5
11340,20105,23
11340,20106,37
11340,20107,7
11340,20108,7
11340,20109,1
11340,20131,14
11340,20132,2
11340,20135,3
11340,20139,10
11340,20140,4
11340,20147,1
11340,20148,3
11340,20149,12
11340,20151,3
11340,20152,2
11340,20153,1
11340,20154,5
11340,20156,1
11340,20165,1
11340,20166,5
11340,20172,4
11340,20173,35
11340,20174,57
11340,20175,73.5
11340,20176,103
11340,20177,201.5
11340,20178,57
11340,20179,7
11340,20180,1
11340,20182,16.5
11340,20183,10.5
11340,20184,9
11340,20185,4
11340,20186,2
11340,20187,3
11340,20190,2
11340,20191,11
11340,20192,2
11340,20195,2
11340,20196,3
11340,20197,12
11340,20198,17
11340,20199,11
11340,20200,47
11340,20201,7
11340,20204,15
11340,20205,47
11340,20206,40
11340,20207,50
11340,20208,18
11340,20215,1
11340,20237,1
11340,20238,7
11340,20240,6
11340,20241,2
11340,20242,16.5
11340,20243,7
11340,20245,2
11340,20246,8
11340,20247,7.5
11340,20248,2
11340,20253,2
11340,20257,5.5
11340,20258,2
11340,20259,12
11340,20260,25.5
11340,20261,61
11340,20262,72
11340,20263,94
11340,20264,19
11340,20265,49
11340,20266,58.5
11340,20267,6
11340,20269,3
11340,20270,7
11340,20272,8
11340,20274,7
11340,20275,5
11340,20276,8
11340,20277,1
11340,20284,8
11340,20285,68
11340,20286,73
11340,20293,8
11340,20294,4
11341,19922,42
11341,19923,70
11341,19924,66
11341,19925,100.5
11341,19926,119
11341,19927,27.5
11341,19928,27
11341,19929,28
11341,19931,5
11341,19932,33
11341,19933,14
11341,19951,2
11341,19954,3
11341,19955,2
11341,19959,1
11341,19961,2
11341,19984,4
11341,19988,3
11341,19990,1
11341,19991,1
11341,20010,3
11341,20011,1
11341,20012,7
11341,20013,21
11341,20014,13
11341,20015,2
11341,20016,6
11341,20020,11
11341,20021,23
11341,20025,3
11341,20026,5.5
11341,20028,4
11341,20052,2
11341,20105,1
11341,20107,3
11341,20113,3
11341,20126,2
11341,20127,2
11341,20139,2
11341,20140,13
11341,20141,6
11341,20142,3
11341,20143,2
11341,20148,3
11341,20149,4
11341,20150,11.5
11341,20151,14
11341,20152,14
11341,20158,4
11341,20166,2
11341,20167,2
11341,20173,26
11341,20174,45
11341,20175,32
11341,20176,343
11341,20177,285.5
11341,20178,97.5
11341,20179,242
11341,20180,6
11341,20182,5
11341,20183,3
11341,20184,4
11341,20185,3
11341,20186,7
11341,20187,2
11341,20188,1
11341,20192,2
11341,20193,6
11341,20194,1
11341,20197,30
11341,20198,65.5
11341,20199,45
11341,20200,44.5
11341,20201,30
11341,20202,8
11341,20203,48
11341,20204,35
11341,20205,36
11341,20206,25
11341,20207,17.5
11341,20208,12
11341,20209,24
11341,20210,7
11341,20211,20
11341,20214,3
11341,20221,2
11341,20222,13
11341,20223,18
11341,20224,4
11341,20226,5
11341,20229,3
11341,20230,1
11341,20237,2
11341,20239,3
11341,20240,6
11341,20241,2
11341,20242,13
11341,20243,2
11341,20244,4
11341,20245,2
11341,20246,4
11341,20247,8
11341,20259,2
11341,20260,2
11341,20261,69
11341,20262,87
11341,20263,52.5
11341,20265,8
11341,20266,32
11341,20267,6
11341,20269,2
11341,20270,4
11341,20274,27
11341,20275,5
11341,20276,2
11341,20280,6
11341,20285,67.5
11341,20286,120
11341,20293,1
11341,20358,4
11341,20359,10
11341,20360,11
11341,20361,3
11342,19919,10
11342,19920,48
11342,19921,62
11342,19922,79
11342,19923,71
11342,19924,79
11342,19925,58
11342,19926,74.5
11342,19927,99.5
11342,19928,58
11342,19929,7
11342,19930,46
11342,19931,16
11342,19932,37
11342,19934,4
11342,19935,17
11342,19936,16
11342,19959,10
11342,19960,10
11342,19961,7
11342,19981,2
11342,19982,4
11342,19987,1
11342,20013,8
11342,20014,29
11342,20015,12
11342,20016,9
11342,20021,12
11342,20022,2
11342,20028,3
11342,20040,1
11342,20108,1
11342,20113,17
11342,20114,2
11342,20134,2
11342,20137,1
11342,20140,2
11342,20142,10
11342,20143,9
11342,20144,2
11342,20145,11
11342,20147,2
11342,20148,7
11342,20150,1
11342,20151,8
11342,20165,2
11342,20166,4
11342,20167,3
11342,20170,2
11342,20172,8
11342,20173,15
11342,20174,2
11342,20175,7
11342,20176,120
11342,20177,329
11342,20178,42.5
11342,20179,1
11342,20180,7.5
11342,20187,16
11342,20188,11
11342,20189,2
11342,20190,2
11342,20192,1
11342,20194,3
11342,20195,15
11342,20196,21
11342,20197,19
11342,20198,35
11342,20199,24
11342,20200,29
11342,20203,3
11342,20204,4
11342,20205,13
11342,20206,12.5
11342,20207,58.5
11342,20208,36
11342,20209,25
11342,20210,39
11342,20211,15
11342,20212,2
11342,20219,3
11342,20220,2
11342,20221,6
11342,20222,2
11342,20223,16
11342,20224,3
11342,20227,3
11342,20239,11
11342,20240,2
11342,20241,7
11342,20242,16
11342,20243,9
11342,20244,5
11342,20246,9
11342,20247,7
11342,20248,6
11342,20254,2
11342,20255,7
11342,20258,2
11342,20260,8
11342,20261,6
11342,20262,25.5
11342,20263,17
11342,20264,6
11342,20265,7.5
11342,20274,16
11342,20276,5
11342,20277,9
11342,20279,4
11342,20280,4
11342,20281,10
11342,20285,2
11342,20286,94
11342,20288,5
11342,20357,2
11342,20358,16
11342,20359,28
11342,20360,14
11343,19918,4
11343,19919,5
11343,19920,1
11343,19921,22.5
11343,19922,68
11343,19923,78.5
11343,19924,76.5
11343,19925,80
11343,19926,69.5
11343,19927,186
11343,19928,9
11343,19929,4
11343,19930,13
11343,19931,27
11343,19932,30
11343,19933,21
11343,19934,51
11343,19935,43
11343,19936,50
11343,19937,2
11343,19938,4.5
11343,19941,4
11343,19945,1
11343,19946,1
11343,19952,6
11343,19956,6
11343,19957,4
11343,19959,2
11343,19960,5
11343,19961,3
11343,19970,2
11343,19972,3
11343,19986,3
11343,20010,1
11343,20011,5
11343,20012,7
11343,20013,11
11343,20014,6
11343,20015,8
11343,20016,3
11343,20021,4
11343,20022,2
11343,20023,3
11343,20031,4
11343,20045,1
11343,20046,1
11343,20049,1
11343,20050,4
11343,20053,1
11343,20060,2
11343,20104,8
11343,20105,3
11343,20106,2
11343,20109,2
11343,20111,3
11343,20113,4
11343,20114,2
11343,20115,7
11343,20140,3
11343,20141,1
11343,20142,7
11343,20143,1
11343,20144,2
11343,20145,15
11343,20146,1
11343,20151,10
11343,20158,1
11343,20163,2
11343,20165,7
11343,20166,12
11343,20167,17
11343,20168,1
11343,20169,2
11343,20172,23
11343,20173,9
11343,20174,12
11343,20175,8
11343,20177,21
11343,20178,37
11343,20179,42
11343,20180,4
11343,20181,5
11343,20186,3
11343,20187,9
11343,20188,25
11343,20189,20
11343,20190,8
11343,20191,2
11343,20192,4
11343,20193,13
11343,20194,12
11343,20195,28
11343,20196,10
11343,20197,3
11343,20198,3
11343,20201,1
11343,20202,2
11343,20203,14
11343,20204,11
11343,20206,5
11343,20207,20
11343,20208,19
11343,20209,28
11343,20210,37
11343,20211,34
11343,20212,14
11343,20216,10
11343,20217,5
11343,20218,18
11343,20219,37.5
11343,20220,4
11343,20223,43
11343,20233,1
11343,20239,4
11343,20241,8
11343,20242,10
11343,20244,2
11343,20245,6
11343,20247,4
11343,20248,2
11343,20250,2
11343,20252,26
11343,20253,13
11343,20255,2
11343,20258,2
11343,20260,5
11343,20261,4
11343,20264,2
11343,20267,2
11343,20277,2
11343,20280,187
11343,20291,4
11343,20356,2
11343,20357,13
11343,20358,20
11343,20359,21
11343,20360,7
11344,19919,4
11344,19921,37
11344,19922,71
11344,19923,58.5
11344,19924,106
11344,19925,89
11344,19926,90
11344,19927,67.5
11344,19928,61
11344,19929,12.5
11344,19930,20
11344,19931,3
11344,19932,15
11344,19933,50
11344,19934,69
11344,19935,57.5
11344,19936,53
11344,19938,4
11344,19941,1
11344,19946,4
11344,19956,6
11344,19957,1
11344,19958,2
11344,19959,4
11344,19961,4
11344,19966,2
11344,19972,5
11344,20010,7
11344,20011,15
11344,20012,8
11344,20013,3
11344,20024,4
11344,20029,2
11344,20043,2
11344,20047,2
11344,20053,1
11344,20056,4
11344,20089,1
11344,20103,8
11344,20104,26
11344,20105,19
11344,20109,3
11344,20112,2
11344,20115,20
11344,20116,6
11344,20117,6
11344,20138,3
11344,20140,2
11344,20142,6
11344,20143,12
11344,20144,16
11344,20145,13.5
11344,20146,9
11344,20147,4
11344,20150,5
11344,20151,2
11344,20153,2
11344,20163,2
11344,20164,2
11344,20165,8
11344,20166,10
11344,20167,6
11344,20168,13
11344,20169,9
11344,20170,18
11344,20171,4
11344,20172,8
11344,20178,3.5
11344,20179,2
11344,20180,10
11344,20187,18
11344,20188,34.5
11344,20189,14
11344,20190,18.5
11344,20193,2
11344,20195,1
11344,20197,10
11344,20204,16.5
11344,20205,4
11344,20206,1
11344,20207,13
11344,20208,91
11344,20209,335
11344,20210,62
11344,20211,270.5
11344,20212,513
11344,20213,258
11344,20214,99
11344,20216,34
11344,20217,54.5
11344,20218,58
11344,20219,64
11344,20220,13
11344,20233,2
11344,20238,1
11344,20240,14.5
11344,20241,3
11344,20242,3
11344,20243,3
11344,20244,1
11344,20245,3
11344,20246,3
11344,20247,2
11344,20249,4
11344,20250,4
11344,20252,19.5
11344,20253,70
11344,20261,1
11344,20286,2
11344,20287,2
11344,20356,2
11345,19915,8
11345,19921,11
11345,19922,51
11345,19923,60
11345,19924,85
11345,19925,64
11345,19926,53
11345,19927,187
11345,19928,49
11345,19929,52
11345,19930,69
11345,19931,33
11345,19932,3
11345,19933,17
11345,19934,27
11345,19935,21
11345,19936,3
11345,19938,6
11345,19939,5
11345,19940,3
11345,19944,2
11345,19955,1
11345,19962,1
11345,19965,2
11345,19966,28
11345,19967,18
11345,19969,2
11345,19972,2
11345,20010,17
11345,20011,6
11345,20012,2
11345,20017,2
11345,20024,7
11345,20027,2
11345,20028,1
11345,20035,2
11345,20044,3
11345,20047,2
11345,20060,2
11345,20103,2
11345,20104,17
11345,20106,4
11345,20107,2
11345,20108,2
11345,20109,4
11345,20111,2
11345,20112,4
11345,20114,24
11345,20115,6
11345,20116,14
11345,20117,1
11345,20118,4
11345,20132,10
11345,20133,2
11345,20134,2
11345,20135,2
11345,20136,4
11345,20137,13
11345,20138,14
11345,20139,3
11345,20140,6
11345,20142,7
11345,20143,4
11345,20144,8
11345,20145,4
11345,20150,5
11345,20159,4
11345,20163,3
11345,20164,2
11345,20165,6.5
11345,20166,17
11345,20167,12
11345,20168,18
11345,20169,13.5
11345,20170,7
11345,20178,4
11345,20186,5
11345,20190,20
11345,20191,7
11345,20201,3
11345,20206,8
11345,20207,76
11345,20208,134
11345,20209,61.5
11345,20210,75.5
11345,20211,133
11345,20212,316.5
11345,20213,501
11345,20214,31
11345,20215,4
11345,20216,91
11345,20217,3
11345,20218,22
11345,20219,50
11345,20220,25
11345,20238,5
11345,20239,5
11345,20241,5
11345,20242,2
11345,20243,10
11345,20245,15
11345,20246,3
11345,20247,3
11345,20248,17
11345,20249,11
11345,20250,7
11345,20251,4.5
11345,20260,3
11345,20262,3
11345,20276,1
11345,20279,181
11345,20285,2
11346,19921,163
11346,19922,346.5
11346,19923,66
11346,19924,80
11346,19925,55
11346,19926,121.5
11346,19927,203.5
11346,19928,35
11346,19929,99
11346,19930,105.5
11346,19931,136.5
11346,19932,11
11346,19937,1
11346,19938,1
11346,19939,2
11346,19953,4
11346,19961,1
11346,19962,2
11346,19963,2
11346,19966,9
11346,19967,1
11346,19968,2
11346,19971,1
11346,19972,6
11346,19973,6
11346,19974,1
11346,20008,5
11346,20009,6
11346,20016,1
11346,20045,3
11346,20048,3
11346,20051,5
11346,20052,4
11346,20053,4
11346,20054,6
11346,20055,4
11346,20057,3
11346,20058,5
11346,20105,1
11346,20106,7
11346,20107,3
11346,20108,9
11346,20109,23
11346,20110,9
11346,20111,13
11346,20112,3
11346,20113,7
11346,20114,10
11346,20115,7
11346,20117,2
11346,20123,3
11346,20124,2
11346,20125,3
11346,20128,1
11346,20130,3
11346,20133,5
11346,20134,2
11346,20137,6
11346,20138,2
11346,20140,8
11346,20144,8
11346,20147,3
11346,20163,2
11346,20165,4
11346,20166,12
11346,20167,8
11346,20168,9
11346,20169,1
11346,20172,2
11346,20181,3.5
11346,20184,2
11346,20190,5
11346,20191,2
11346,20198,19.5
11346,20199,1
11346,20200,4
11346,20202,6
11346,20204,280
11346,20205,155
11346,20206,93
11346,20207,114
11346,20208,92
11346,20209,66
11346,20210,114
11346,20211,103.5
11346,20212,60
11346,20213,73
11346,20214,15
11346,20215,3
11346,20216,16
11346,20218,6
11346,20219,19.5
11346,20220,16
11346,20237,3
11346,20238,12
11346,20239,12.5
11346,20240,12
11346,20241,1.5
11346,20242,4
11346,20244,3
11346,20245,1
11346,20247,12
11346,20248,7
11346,20249,9
11346,20250,3
11346,20251,10.5
11346,20252,9
11346,20277,5
11346,20283,2
11347,19922,14
11347,19923,86
11347,19924,150.5
11347,19925,69
11347,19926,225
11347,19927,250
11347,19928,93
11347,19929,48
11347,19930,34
11347,19931,66.5
11347,19932,37
11347,19936,3
11347,19938,2
11347,19944,1
11347,19945,5
11347,19958,3
11347,19965,1
11347,19967,11
11347,19968,4
11347,19969,2
11347,19972,7
11347,19974,2
11347,20008,3
11347,20027,5
11347,20036,1
11347,20038,2
11347,20052,8
11347,20053,5
11347,20054,16
11347,20055,12
11347,20056,11
11347,20057,16
11347,20058,8
11347,20062,1
11347,20085,1
11347,20086,2
11347,20087,2
11347,20106,2
11347,20108,2
11347,20109,18
11347,20110,6
11347,20112,3
11347,20114,1
11347,20115,2
11347,20118,2
11347,20123,6
11347,20124,7
11347,20125,3
11347,20126,3
11347,20128,2
11347,20129,3
11347,20133,3
11347,20134,9
11347,20135,2
11347,20136,3
11347,20137,3
11347,20139,5
11347,20146,7
11347,20155,1
11347,20165,10
11347,20166,1
11347,20167,4
11347,20168,4
11347,20171,6
11347,20175,2
11347,20177,8
11347,20184,1
11347,20191,11
11347,20201,5
11347,20202,8
11347,20203,4
11347,20204,169
11347,20205,80.5
11347,20206,91
11347,20207,12
11347,20208,50
11347,20209,63
11347,20210,83.5
11347,20211,55
11347,20212,46
11347,20213,148
11347,20214,10
11347,20237,9.5
11347,20238,14
11347,20239,5
11347,20240,5
11347,20243,2
11347,20244,9
11347,20245,6
11347,20246,5
11347,20248,2
11347,20249,14
11347,20250,2
11347,20251,1
11347,20252,3
11347,20278,2
11348,19921,24
11348,19922,87.5
11348,19923,95.5
11348,19924,67
11348,19925,101.5
11348,19926,636.5
11348,19927,530.5
11348,19928,89
11348,19929,73
11348,19930,67
11348,19931,66
11348,19932,54.5
11348,19933,2
11348,19935,11.5
11348,19936,46
11348,19937,23.5
11348,19938,27
11348,19939,13
11348,19941,8
11348,19945,7
11348,19952,2
11348,19953,1
11348,19965,8
11348,19968,5.5
11348,19969,12
11348,19974,4
11348,20027,2
11348,20038,2
11348,20044,4
11348,20051,3
11348,20052,2
11348,20053,14
11348,20054,16
11348,20055,10
11348,20056,6
11348,20057,11
11348,20058,6
11348,20061,6
11348,20062,11
11348,20064,2
11348,20071,2
11348,20077,1
11348,20084,2
11348,20093,3
11348,20095,1
11348,20097,3
11348,20104,1
11348,20106,2
11348,20107,2
11348,20109,4
11348,20110,4
11348,20111,2
11348,20115,2
11348,20122,2
11348,20123,6
11348,20124,3
11348,20125,2
11348,20126,4
11348,20127,6
11348,20130,4
11348,20134,12
11348,20135,8
11348,20136,2
11348,20137,3
11348,20138,14
11348,20143,2
11348,20161,3
11348,20162,1
11348,20164,4
11348,20165,12
11348,20166,3
11348,20167,4
11348,20168,8
11348,20169,2
11348,20177,4
11348,20181,1
11348,20188,1
11348,20196,1
11348,20197,6
11348,20198,4.5
11348,20199,11
11348,20200,10
11348,20201,6
11348,20203,8
11348,20204,15
11348,20205,92
11348,20206,21
11348,20207,65
11348,20208,51
11348,20209,48
11348,20210,36
11348,20211,34
11348,20212,27.5
11348,20213,7
11348,20214,17
11348,20215,1
11348,20237,5
11348,20238,7
11348,20239,2
11348,20241,2
11348,20242,8
11348,20244,7
11348,20245,14
11348,20246,9.5
11348,20248,5
11348,20268,3
11348,20278,2
11348,20280,429
11349,19920,41
11349,19921,56.5
11349,19922,101.5
11349,19923,113.5
11349,19924,48.5
11349,19925,153
11349,19926,287
11349,19927,100
11349,19928,30
11349,19929,64
11349,19930,110.5
11349,19931,24
11349,19932,32
11349,19933,17
11349,19934,46
11349,19935,23
11349,19936,42
11349,19937,21
11349,19938,27
11349,19939,20
11349,19940,21
11349,19942,2
11349,19950,3
11349,19952,2
11349,19953,1
11349,19966,11
11349,19967,12
11349,19968,3
11349,19973,3
11349,20026,1
11349,20030,1
11349,20033,1
11349,20034,3
11349,20035,3
11349,20036,1
11349,20038,4
11349,20041,1
11349,20048,2
11349,20051,2
11349,20052,13
11349,20053,23
11349,20054,6
11349,20055,2
11349,20056,2
11349,20057,1
11349,20058,10
11349,20059,1
11349,20060,3
11349,20061,19
11349,20062,4.5
11349,20067,3
11349,20070,2
11349,20071,2
11349,20076,4.5
11349,20079,8
11349,20103,5
11349,20106,14
11349,20107,11
11349,20109,3
11349,20110,2
11349,20121,3
11349,20122,4
11349,20123,5
11349,20124,2
11349,20125,13
11349,20126,7
11349,20127,4
11349,20128,2
11349,20130,12
11349,20131,1
11349,20134,2
11349,20135,3
11349,20137,8
11349,20143,4
11349,20144,2
11349,20159,3
11349,20163,3
11349,20164,2
11349,20167,2
11349,20168,6
11349,20169,1
11349,20170,10.5
11349,20175,2
11349,20185,2
11349,20201,2
11349,20202,4
11349,20205,4
11349,20206,10
11349,20207,51.5
11349,20208,39
11349,20209,32
11349,20210,16
11349,20211,14
11349,20212,5
11349,20213,17
11349,20214,37
11349,20215,9
11349,20222,5
11349,20238,7
11349,20239,14
11349,20240,18.5
11349,20241,234
11349,20242,3
11349,20243,4
11349,20244,3
11349,20245,14
11349,20246,3
11349,20248,2
11349,20264,1
11350,19908,4
11350,19918,6
11350,19920,6
11350,19922,11
11350,19924,2
11350,19925,23
11350,19926,140
11350,19927,206.5
11350,19929,139.5
11350,19930,177.5
11350,19931,21
11350,19932,36
11350,19933,27
11350,19934,35
11350,19935,19.5
11350,19936,43
11350,19937,27
11350,19938,34
11350,19939,19
11350,19940,42
11350,19941,13.5
11350,19942,11
11350,19943,4
11350,19956,5
11350,19963,1
11350,19966,8
11350,19967,18
11350,19968,5
11350,19970,1
11350,20026,2
11350,20030,2
11350,20034,2
11350,20038,4
11350,20039,2
11350,20048,3
11350,20052,15
11350,20053,24.5
11350,20054,5
11350,20055,12
11350,20056,9
11350,20057,5
11350,20058,28
11350,20059,36
11350,20060,19
11350,20061,27
11350,20062,15
11350,20066,1
11350,20067,1
11350,20068,1
11350,20080,2.5
11350,20089,2
11350,20092,1
11350,20101,9
11350,20102,19
11350,20103,15
11350,20104,3
11350,20105,5
11350,20106,8.5
11350,20107,2
11350,20112,1
11350,20113,2
11350,20120,2
11350,20121,2
11350,20123,1
11350,20124,1
11350,20125,9
11350,20126,21
11350,20127,4
11350,20130,7
11350,20131,5
11350,20133,8
11350,20134,10
11350,20135,2
11350,20136,7
11350,20137,1
11350,20138,1
11350,20141,1
11350,20142,9
11350,20143,4
11350,20167,12
11350,20168,6
11350,20175,4
11350,20179,4
11350,20180,3
11350,20181,6
11350,20191,1
11350,20200,5
11350,20202,6
11350,20204,5
11350,20205,27
11350,20206,21
11350,20207,40
11350,20208,47
11350,20209,15
11350,20210,3
11350,20211,7
11350,20212,4.5
11350,20213,28
11350,20214,38
11350,20215,5
11350,20238,9
11350,20239,5
11350,20240,1
11350,20241,2
11350,20243,3
11350,20244,5
11350,20245,8
11350,20248,5
11350,20263,2
11350,20278,7
11351,19898,2
11351,19900,2
11351,19916,11
11351,19917,5
11351,19925,20
11351,19926,24.5
11351,19927,166
11351,19928,5
11351,19932,30
11351,19933,23
11351,19934,29
11351,19935,12
11351,19936,51.5
11351,19937,47
11351,19938,54.5
11351,19939,24
11351,19940,29
11351,19941,19
11351,19942,14.5
11351,19943,6
11351,19955,6
11351,19969,1
11351,19970,3
11351,20026,10
11351,20030,1
11351,20034,3
11351,20037,2
11351,20039,4
11351,20040,2
11351,20041,1
11351,20042,6
11351,20043,4
11351,20046,3
11351,20049,1
11351,20050,6
11351,20052,10
11351,20053,28
11351,20054,44
11351,20055,20
11351,20056,13
11351,20057,23
11351,20058,12
11351,20059,7
11351,20060,2
11351,20061,6
11351,20062,17
11351,20063,6
11351,20064,1
11351,20089,12
11351,20090,9
11351,20091,7
11351,20101,4
11351,20102,16.5
11351,20103,13
11351,20104,11
11351,20114,2
11351,20121,6
11351,20122,1.5
11351,20124,4
11351,20125,16
11351,20126,9
11351,20128,10
11351,20131,3
11351,20132,2
11351,20133,3
11351,20134,2
11351,20136,4
11351,20137,1
11351,20138,7
11351,20142,4
11351,20143,2
11351,20146,2
11351,20149,2
11351,20166,4
11351,20167,2
11351,20173,1
11351,20176,5
11351,20178,4
11351,20180,6
11351,20189,4
11351,20201,1
11351,20203,15
11351,20204,30
11351,20205,43
11351,20206,40
11351,20207,28.5
11351,20208,9.5
11351,20209,4
11351,20211,6
11351,20212,26
11351,20213,33
11351,20214,8
11351,20238,4
11351,20239,5
11351,20242,4
11351,20243,6
11351,20245,2
11351,20246,2
11351,20247,3
11351,20267,2
11351,20274,2
11351,20275,2
11351,20276,2
11351,20277,13
11352,19897,2
11352,19898,1
11352,19899,1
11352,19904,3
11352,19905,16
11352,19918,1
11352,19925,3
11352,19927,40
11352,19928,42
11352,19932,8
11352,19933,34
11352,19934,26
11352,19935,16
11352,19936,29.5
11352,19937,25.5
11352,19938,32
11352,19939,39
11352,19940,15
11352,19942,6
11352,19943,15
11352,19944,16
11352,19955,16.5
11352,19956,1
11352,19965,3
11352,19966,26
11352,19967,6
11352,19968,6
11352,19969,2
11352,20024,2
11352,20029,7
11352,20030,1
11352,20036,2
11352,20037,4
11352,20039,2
11352,20040,6
11352,20041,5
11352,20047,1
11352,20049,1
11352,20050,5
11352,20051,6
11352,20052,1
11352,20053,15
11352,20054,33
11352,20055,11
11352,20056,17
11352,20057,23
11352,20058,28
11352,20059,14
11352,20061,3
11352,20062,11
11352,20069,1
11352,20070,1
11352,20088,2
11352,20089,40.5
11352,20090,10
11352,20092,6
11352,20093,28.5
11352,20094,7
11352,20102,3
11352,20103,13
11352,20104,6.5
11352,20105,3
11352,20115,2
11352,20124,1
11352,20125,2
11352,20126,5.5
11352,20127,6
11352,20128,15
11352,20129,11
11352,20130,7
11352,20131,7
11352,20132,2
11352,20134,1
11352,20135,12
11352,20136,14.5
11352,20137,4
11352,20140,8
11352,20141,9
11352,20143,1
11352,20144,4
11352,20146,1
11352,20151,3.5
11352,20152,2
11352,20169,13
11352,20170,3
11352,20171,4
11352,20176,14
11352,20177,13
11352,20178,14
11352,20179,4
11352,20180,7
11352,20182,3
11352,20186,3.5
11352,20189,3
11352,20191,7
11352,20200,3
11352,20201,1
11352,20202,6
11352,20203,24
11352,20204,28
11352,20205,23
11352,20206,21
11352,20207,10
11352,20208,2
11352,20210,4
11352,20211,14
11352,20212,42.5
11352,20213,40
11352,20214,6
11352,20238,3
11352,20244,1
11352,20246,5
11352,20248,8
11352,20264,1
11352,20267,3
11352,20272,3
11352,20274,1
11352,20276,3
11352,20277,42
11352,20278,58
11352,20279,29
11353,19898,3
11353,19915,7
11353,19932,6
11353,19933,11
11353,19934,27
11353,19935,37
11353,19936,36
11353,19937,33
11353,19938,34
11353,19939,32
11353,19940,22
11353,19941,4
11353,19942,2
11353,19943,11
11353,19944,5
11353,19955,1
11353,19957,6
11353,19958,4
11353,19962,6
11353,19965,2
11353,19966,48
11353,19967,30
11353,20022,2
11353,20024,6
11353,20025,10
11353,20027,1
11353,20028,4
11353,20029,23.5
11353,20030,10
11353,20031,12
11353,20032,5
11353,20033,5
11353,20034,5
11353,20035,1
11353,20036,28
11353,20037,31
11353,20038,28.5
11353,20039,38
11353,20040,10
11353,20048,21.5
11353,20050,4
11353,20051,3
11353,20052,2
11353,20053,3
11353,20054,23
11353,20055,49
11353,20056,72
11353,20057,25
11353,20058,47
11353,20059,13
11353,20060,7
11353,20061,17
11353,20062,6
11353,20088,9
11353,20097,2
11353,20110,1
11353,20112,4
11353,20114,9
11353,20115,11
11353,20116,5
11353,20117,3
11353,20119,4
11353,20121,3.5
11353,20125,2
11353,20127,6
11353,20128,12
11353,20129,14
11353,20131,6
11353,20132,3
11353,20133,5
11353,20134,5
11353,20135,10
11353,20136,29
11353,20137,17
11353,20138,9
11353,20140,11
11353,20148,2
11353,20150,2
11353,20151,6
11353,20164,3
11353,20168,12
11353,20169,9
11353,20170,8
11353,20171,13
11353,20172,4
11353,20173,3
11353,20174,19
11353,20175,13
11353,20176,24.5
11353,20177,21
11353,20178,7
11353,20179,6
11353,20180,2
11353,20181,2
11353,20185,2
11353,20186,19
11353,20187,1
11353,20197,2
11353,20198,7
11353,20201,2
11353,20202,21
11353,20203,9
11353,20204,8
11353,20205,8
11353,20206,4
11353,20207,3
11353,20208,8
11353,20209,5
11353,20210,25
11353,20211,51
11353,20212,47
11353,20213,17
11353,20214,15
11353,20240,2
11353,20241,3
11353,20243,18
11353,20244,16
11353,20245,32
11353,20246,5
11353,20247,3
11353,20248,251.5
11353,20271,2
11353,20272,31
11353,20274,4
11353,20277,10
11353,20278,22.5
11353,20279,7
11353,20280,3
11354,19899,5
11354,19913,3
11354,19914,14
11354,19927,1
11354,19928,8
11354,19933,35
11354,19934,33
11354,19935,39
11354,19936,47
11354,19937,38
11354,19938,42
11354,19939,36
11354,19940,34
11354,19941,19
11354,19942,22.5
11354,19943,31
11354,19944,18
11354,19946,2
11354,19947,4
11354,19953,3
11354,19954,4
11354,19955,2
11354,19956,23
11354,19957,13
11354,19958,10
11354,19962,8
11354,19963,4
11354,19964,1
11354,19965,4
11354,19966,77
11354,19967,88
11354,19968,1
11354,19969,3
11354,20026,3
11354,20029,25
11354,20030,40.5
11354,20031,7
11354,20032,190.5
11354,20033,120.5
11354,20034,100.5
11354,20035,66
11354,20036,12
11354,20037,20
11354,20038,15
11354,20039,4
11354,20042,4
11354,20047,2
11354,20049,4
11354,20051,1
11354,20054,7
11354,20055,1
11354,20056,266
11354,20057,150.5
11354,20058,175
11354,20059,8
11354,20060,6
11354,20061,8
11354,20062,11
11354,20070,3
11354,20074,10.5
11354,20111,4
11354,20112,9
11354,20113,14
11354,20114,9
11354,20115,10
11354,20116,16
11354,20117,10
11354,20118,17
11354,20119,2
11354,20122,1
11354,20123,1
11354,20124,2
11354,20125,3
11354,20126,31
11354,20127,16
11354,20128,20
11354,20129,15
11354,20130,12
11354,20132,2
11354,20133,7
11354,20134,16
11354,20135,5
11354,20136,9
11354,20138,8
11354,20139,4
11354,20140,4
11354,20141,3
11354,20142,1
11354,20143,3
11354,20146,3
11354,20148,8
11354,20149,5
11354,20166,4
11354,20167,3
11354,20168,4
11354,20169,13
11354,20170,11
11354,20171,15
11354,20172,25
11354,20173,14
11354,20174,8
11354,20175,11
11354,20176,8.5
11354,20177,17
11354,20178,18
11354,20179,11
11354,20180,1
11354,20181,4
11354,20182,2
11354,20183,2
11354,20184,10.5
11354,20185,40.5
11354,20186,4
11354,20187,2
11354,20188,3
11354,20195,2
11354,20197,3
11354,20198,46
11354,20199,38
11354,20200,52.5
11354,20201,1
11354,20202,19
11354,20203,21
11354,20204,35
11354,20205,18
11354,20206,7
11354,20211,22
11354,20212,4
11354,20243,15
11354,20244,30.5
11354,20245,35
11354,20246,4
11354,20248,103.5
11354,20265,2
11354,20276,2
11355,19876,7.5
11355,19899,4
11355,19900,2
11355,19901,5
11355,19913,1
11355,19914,15.5
11355,19915,15
11355,19930,3
11355,19931,20
11355,19932,31
11355,19933,45
11355,19934,44.5
11355,19935,37
11355,19936,40
11355,19937,37
11355,19938,26
11355,19939,14
11355,19940,17
11355,19941,37
11355,19942,45
11355,19943,32
11355,19944,7
11355,19947,3
11355,19948,7
11355,19949,3
11355,19952,4
11355,19953,5
11355,19954,6
11355,19957,3
11355,19958,7
11355,19961,8
11355,19962,22
11355,19963,40
11355,19964,9
11355,19965,94.5
11355,19966,153.5
11355,19967,5
11355,19968,2
11355,19969,2
11355,19970,2
11355,20029,2
11355,20030,8
11355,20031,7
11355,20032,73
11355,20034,4
11355,20035,36
11355,20036,9
11355,20037,17
11355,20038,10
11355,20039,3
11355,20041,2
11355,20042,1
11355,20046,1
11355,20054,2
11355,20056,97
11355,20057,130.5
11355,20058,109.5
11355,20059,85
11355,20060,15
11355,20061,32
11355,20062,2
11355,20067,1.5
11355,20078,1
11355,20083,3
11355,20100,2
11355,20112,7.5
11355,20113,4
11355,20114,2
11355,20115,4
11355,20116,20
11355,20117,23
11355,20118,15
11355,20119,5
11355,20121,2
11355,20123,1
11355,20125,33
11355,20126,24
11355,20127,45.5
11355,20128,15
11355,20129,33
11355,20130,9
11355,20131,2
11355,20133,26
11355,20134,8
11355,20137,2
11355,20138,8
11355,20139,3
11355,20143,2
11355,20145,9
11355,20146,20
11355,20147,13
11355,20148,14
11355,20149,8
11355,20158,3
11355,20163,3
11355,20164,4
11355,20165,1
11355,20168,3
11355,20169,7
11355,20171,6
11355,20172,15
11355,20173,18
11355,20174,13
11355,20175,18
11355,20176,18.5
11355,20177,8
11355,20179,13
11355,20182,10
11355,20183,26
11355,20184,4
11355,20185,8
11355,20188,5
11355,20189,1
11355,20194,4
11355,20196,3
11355,20198,30
11355,20199,50
11355,20200,40
11355,20201,74
11355,20202,80
11355,20203,36
11355,20204,26
11355,20207,2
11355,20243,125
11355,20244,55
11355,20245,42.5
11355,20246,35
11355,20263,5
11355,20264,7
11355,20265,1
11355,20272,1
11355,20277,2
11356,19899,3
11356,19900,5
11356,19903,4
11356,19904,5
11356,19905,2
11356,19913,12
11356,19914,9
11356,19915,15
11356,19929,5
11356,19930,13
11356,19931,42
11356,19932,50
11356,19933,24
11356,19934,31.5
11356,19935,52
11356,19936,46
11356,19937,23
11356,19938,37
11356,19939,38
11356,19940,17
11356,19941,60.5
11356,19942,34
11356,19943,20
11356,19944,21
11356,19945,2
11356,19952,4.5
11356,19953,1
11356,19955,1
11356,19956,9
11356,19957,11
11356,19961,1
11356,19962,23
11356,19963,117
11356,19964,113
11356,19965,118
11356,19966,92.5
11356,19967,9
11356,19970,3
11356,20011,1
11356,20013,3
11356,20019,2
11356,20021,2
11356,20032,8
11356,20035,4
11356,20036,26
11356,20037,48.5
11356,20038,25
11356,20039,6
11356,20040,1
11356,20046,3
11356,20050,2
11356,20058,114.5
11356,20059,26
11356,20060,24
11356,20061,48
11356,20062,6
11356,20063,1
11356,20068,1
11356,20071,1
11356,20079,2
11356,20083,1
11356,20085,6
11356,20090,3
11356,20093,3
11356,20094,1
11356,20115,2
11356,20116,12
11356,20117,80.5
11356,20118,15
11356,20119,5
11356,20121,2
11356,20122,4
11356,20123,12
11356,20124,14
11356,20125,6
11356,20126,25
11356,20127,20
11356,20128,23
11356,20129,11
11356,20130,1
11356,20131,21
11356,20132,11
11356,20133,4
11356,20134,3
11356,20135,4
11356,20139,5
11356,20140,2
11356,20141,5
11356,20143,2
11356,20144,4
11356,20145,2
11356,20146,9
11356,20147,4
11356,20148,5
11356,20158,1
11356,20161,1
11356,20162,2
11356,20163,7
11356,20164,7
11356,20165,3
11356,20169,4
11356,20170,7
11356,20171,7
11356,20172,9
11356,20174,8
11356,20175,25
11356,20176,26
11356,20177,75
11356,20178,39
11356,20179,16
11356,20180,2
11356,20182,2
11356,20183,25
11356,20185,11
11356,20186,30
11356,20187,5
11356,20188,8
11356,20198,10
11356,20199,14
11356,20200,59
11356,20201,69.5
11356,20202,16
11356,20203,27
11356,20204,7
11356,20205,1
11356,20207,2
11356,20208,5
11356,20209,3
11356,20210,1
11356,20211,4
11356,20212,5
11356,20214,5
11356,20221,12
11356,20238,16
11356,20239,33
11356,20243,29
11356,20244,78
11356,20245,68.5
11356,20246,53
11356,20247,44
11356,20248,34
11356,20249,4
11356,20260,3
11356,20261,7
11356,20262,6
11356,20263,11
11356,20264,16
11356,20265,15
11356,20277,1
11357,19886,7
11357,19896,3
11357,19903,5
11357,19911,4.5
11357,19912,17.5
11357,19913,14
11357,19914,20
11357,19915,10
11357,19930,13
11357,19931,42
11357,19932,51
11357,19933,28
11357,19934,23
11357,19935,29
11357,19936,18
11357,19937,16
11357,19938,14
11357,19939,17
11357,19940,18
11357,19941,30
11357,19942,31
11357,19943,28
11357,19944,7
11357,19945,14
11357,19952,3
11357,19953,1
11357,19955,2
11357,19956,9
11357,19957,5
11357,19958,1
11357,19959,3
11357,19960,2
11357,19961,1
11357,19963,18
11357,19964,273.5
11357,19965,141
11357,19966,69.5
11357,19967,26.5
11357,19968,4
11357,19970,5
11357,19971,6
11357,19972,2
11357,20008,2
11357,20012,15
11357,20013,8
11357,20014,8
11357,20022,1
11357,20023,2
11357,20035,4
11357,20036,4
11357,20037,40
11357,20038,38.5
11357,20039,8
11357,20044,2
11357,20045,2
11357,20046,2
11357,20051,8
11357,20052,7
11357,20053,4
11357,20054,2
11357,20056,2
11357,20057,36
11357,20058,33
11357,20059,20
11357,20060,54
11357,20061,73
11357,20062,25
11357,20063,12
11357,20066,2
11357,20071,6
11357,20092,1
11357,20093,5
11357,20098,4
11357,20102,3
11357,20116,2
11357,20117,26
11357,20118,9
11357,20119,29
11357,20120,14
11357,20122,13
11357,20123,18
11357,20124,11
11357,20125,25
11357,20126,6
11357,20127,131
11357,20128,15
11357,20129,9
11357,20130,2.5
11357,20131,13
11357,20132,20
11357,20133,10
11357,20134,17
11357,20135,17
11357,20136,13.5
11357,20137,9
11357,20138,8
11357,20140,4
11357,20141,9
11357,20144,1
11357,20145,4
11357,20148,2
11357,20160,6
11357,20161,5
11357,20163,2
11357,20164,13
11357,20165,8
11357,20167,1
11357,20170,1.5
11357,20174,13
11357,20175,55
11357,20176,17
11357,20177,21
11357,20178,44
11357,20179,79.5
11357,20180,17
11357,20181,2
11357,20182,41
11357,20185,26.5
11357,20186,29
11357,20188,1
11357,20189,1
11357,20191,2
11357,20192,10
11357,20198,11
11357,20199,69
11357,20200,339
11357,20201,67
11357,20202,40
11357,20203,9
11357,20206,6
11357,20210,5
11357,20216,3
11357,20217,2
11357,20218,128
11357,20220,18
11357,20239,26
11357,20240,33.5
11357,20242,1
11357,20243,31
11357,20244,121
11357,20245,66
11357,20246,62
11357,20247,44
11357,20248,23.5
11357,20249,38
11357,20260,14
11357,20261,9
11357,20262,2
11357,20263,7
11357,20264,17
11357,20265,9
11358,19897,79
11358,19898,70
11358,19899,33
11358,19901,1
11358,19903,3
11358,19911,11
11358,19913,6
11358,19915,7
11358,19931,26
11358,19932,43
11358,19933,28
11358,19934,35
11358,19935,7
11358,19936,2
11358,19937,24
11358,19938,26
11358,19939,4
11358,19941,9.5
11358,19942,24
11358,19943,24
11358,19944,9
11358,19949,10
11358,19953,2
11358,19954,3
11358,19955,1
11358,19957,3
11358,19959,3
11358,19961,7.5
11358,19962,5
11358,19963,19.5
11358,19964,48.5
11358,19965,27
11358,19966,9
11358,19967,7
11358,19972,10
11358,20014,1
11358,20016,4
11358,20036,1
11358,20037,16
11358,20038,8
11358,20042,4
11358,20050,14
11358,20051,11
11358,20052,10
11358,20053,12
11358,20054,2
11358,20055,34
11358,20056,36
11358,20057,47.5
11358,20058,5
11358,20059,22
11358,20060,5
11358,20061,9
11358,20062,48
11358,20063,15
11358,20067,2
11358,20085,7
11358,20092,2
11358,20116,1
11358,20117,17
11358,20118,2
11358,20119,10
11358,20120,17
11358,20121,6
11358,20122,17
11358,20123,21
11358,20124,18
11358,20125,11
11358,20126,156.5
11358,20127,19
11358,20128,78
11358,20129,9
11358,20130,8
11358,20131,49
11358,20133,10
11358,20134,17
11358,20135,2
11358,20136,5.5
11358,20137,12
11358,20138,12
11358,20140,1
11358,20141,5
11358,20143,5
11358,20144,7
11358,20145,2
11358,20160,1
11358,20161,8
11358,20162,11
11358,20163,10
11358,20164,10
11358,20165,4
11358,20167,3
11358,20171,1
11358,20172,2
11358,20173,2
11358,20174,13
11358,20175,17.5
11358,20176,7
11358,20178,8
11358,20179,33
11358,20180,67
11358,20181,17
11358,20182,10
11358,20183,8
11358,20185,6
11358,20187,4
11358,20192,14
11358,20193,5
11358,20194,15
11358,20195,3
11358,20198,19
11358,20199,102.5
11358,20200,67.5
11358,20201,32
11358,20202,38.5
11358,20203,18.5
11358,20204,14
11358,20205,12
11358,20211,5
11358,20212,1
11358,20213,13
11358,20214,1
11358,20215,12
11358,20216,20
11358,20217,4
11358,20218,14
11358,20219,5
11358,20220,2
11358,20239,7
11358,20240,33.5
11358,20241,38
11358,20243,34
11358,20244,18
11358,20245,416.5
11358,20246,199.5
11358,20247,75
11358,20248,26
11358,20249,10
11358,20258,5
11358,20259,4
11358,20260,10
11358,20261,7
11358,20262,4
11358,20263,17
11358,20264,10
11359,19872,1
11359,19876,1
11359,19883,5
11359,19890,7.5
11359,19891,3
11359,19895,5
11359,19896,142.5
11359,19897,118
11359,19898,74.5
11359,19899,7
11359,19914,7
11359,19915,8
11359,19916,7
11359,19929,6
11359,19930,21
11359,19931,33.5
11359,19932,17
11359,19933,40
11359,19934,42.5
11359,19935,15
11359,19937,8
11359,19938,36
11359,19939,18
11359,19942,8
11359,19943,12
11359,19944,21
11359,19945,8.5
11359,19946,2
11359,19956,2
11359,19957,9
11359,19958,6
11359,19959,10
11359,19960,7
11359,19961,7.5
11359,19964,5
11359,19965,9
11359,19966,5
11359,19967,15
11359,19968,11
11359,19969,3
11359,19970,5
11359,20011,2
11359,20013,2
11359,20015,3
11359,20018,2
11359,20036,2
11359,20038,1
11359,20044,2
11359,20050,9
11359,20051,18
11359,20052,1
11359,20054,2
11359,20061,1
11359,20080,3
11359,20081,2
11359,20108,1
11359,20114,2
11359,20117,8
11359,20118,3
11359,20119,2
11359,20120,21
11359,20121,10
11359,20122,18
11359,20123,16
11359,20124,19
11359,20125,17
11359,20126,44
11359,20127,24
11359,20128,194
11359,20129,137
11359,20130,177.5
11359,20131,19.5
11359,20132,6
11359,20133,16
11359,20134,28
11359,20135,15
11359,20136,14
11359,20137,17
11359,20138,7
11359,20139,8
11359,20140,10
11359,20142,3
11359,20143,2
11359,20144,12
11359,20145,4
11359,20151,6
11359,20160,6.5
11359,20161,37
11359,20162,6
11359,20163,15
11359,20164,10
11359,20167,1
11359,20168,3
11359,20169,5.5
11359,20174,2
11359,20175,7
11359,20176,2
11359,20178,5
11359,20180,34
11359,20181,82
11359,20182,42.5
11359,20183,26.5
11359,20186,2
11359,20187,1
11359,20188,4
11359,20189,6
11359,20190,2
11359,20193,6
11359,20194,8
11359,20196,2
11359,20197,9
11359,20198,10
11359,20199,43.5
11359,20200,35
11359,20201,11
11359,20202,6
11359,20203,10
11359,20204,18
11359,20205,22
11359,20206,5
11359,20207,7
11359,20209,4
11359,20211,3
11359,20212,4
11359,20214,2
11359,20215,32
11359,20216,38
11359,20217,30
11359,20218,31
11359,20220,6
11359,20239,5
11359,20240,10
11359,20241,32
11359,20242,35.5
11359,20243,7
11359,20244,62
11359,20245,57
11359,20246,107
11359,20247,81
11359,20248,32
11359,20257,5
11359,20258,6
11359,20259,12
11359,20263,7
11360,19871,4
11360,19877,4
11360,19878,7
11360,19891,11
11360,19892,2
11360,19893,17
11360,19894,21
11360,19895,24
11360,19896,159.5
11360,19897,13
11360,19914,6
11360,19915,17
11360,19916,21
11360,19917,9
11360,19918,11
11360,19930,3
11360,19931,5
11360,19932,21
11360,19933,31
11360,19934,38.5
11360,19935,26
11360,19939,5
11360,19956,2
11360,19957,3
11360,19959,17
11360,19960,7
11360,19964,1
11360,19965,7
11360,19966,4
11360,19967,13
11360,19968,7
11360,19969,11
11360,19970,7
11360,19972,1
11360,20016,2
11360,20017,7
11360,20018,8
11360,20019,1
11360,20045,5
11360,20051,4
11360,20062,4
11360,20064,2
11360,20085,2
11360,20101,7
11360,20102,23
11360,20117,12
11360,20118,10
11360,20119,8
11360,20120,22
11360,20121,17
11360,20122,18
11360,20123,18.5
11360,20124,2
11360,20125,25
11360,20126,48
11360,20127,57
11360,20128,117.5
11360,20129,190
11360,20130,436
11360,20131,161
11360,20132,92.5
11360,20133,44
11360,20134,56
11360,20135,31
11360,20136,16
11360,20137,42
11360,20138,16
11360,20139,12
11360,20140,6
11360,20141,3
11360,20142,5
11360,20143,14
11360,20144,25
11360,20145,7
11360,20146,2
11360,20147,5
11360,20160,3
11360,20161,8
11360,20162,14
11360,20163,11
11360,20164,10
11360,20167,2
11360,20171,1
11360,20175,2
11360,20179,3
11360,20180,17
11360,20181,51.5
11360,20182,222.5
11360,20183,11
11360,20184,1
11360,20186,2
11360,20187,9
11360,20188,1.5
11360,20194,2
11360,20198,2
11360,20199,19
11360,20200,23
11360,20204,3
11360,20205,5
11360,20206,23
11360,20207,17
11360,20208,5
11360,20209,9
11360,20210,3
11360,20214,2
11360,20215,3
11360,20216,23
11360,20217,28
11360,20218,7
11360,20239,10
11360,20240,28
11360,20241,17
11360,20242,22
11360,20243,28
11360,20244,60
11360,20245,58
11360,20246,99
11360,20247,67
11360,20248,36
11360,20258,5
11360,20259,4
11361,19889,1
11361,19892,17
11361,19893,37
11361,19894,75
11361,19895,191
11361,19896,6
11361,19911,2
11361,19915,6
11361,19916,27
11361,19917,15
11361,19918,6
11361,19919,11
11361,19930,13
11361,19931,27
11361,19932,8
11361,19933,25
11361,19934,25
11361,19935,25
11361,19959,7
11361,19960,9.5
11361,19965,13
11361,19967,4
11361,19968,13
11361,19969,8
11361,19970,4
11361,19971,10
11361,20009,3
11361,20015,1
11361,20018,3
11361,20020,1
11361,20022,1
11361,20036,4
11361,20037,2
11361,20050,2
11361,20077,1
11361,20079,1
11361,20080,1
11361,20099,2
11361,20100,6
11361,20111,2
11361,20117,5
11361,20118,10
11361,20119,13
11361,20120,9
11361,20122,10
11361,20123,9
11361,20124,7
11361,20126,28
11361,20127,35.5
11361,20128,61.5
11361,20129,111
11361,20130,158.5
11361,20131,54
11361,20132,56
11361,20133,47
11361,20134,134.5
11361,20135,2
11361,20136,11
11361,20137,23
11361,20138,25
11361,20139,23
11361,20140,9
11361,20141,19
11361,20142,7
11361,20143,11
11361,20144,2
11361,20145,4
11361,20147,8
11361,20148,3
11361,20153,2
11361,20154,15
11361,20159,2
11361,20160,2
11361,20161,5
11361,20162,19
11361,20163,4
11361,20165,4
11361,20171,3
11361,20173,2
11361,20174,2
11361,20176,24.5
11361,20177,3
11361,20178,19
11361,20179,72
11361,20180,285
11361,20181,31
11361,20182,8
11361,20183,36
11361,20184,39
11361,20185,1
11361,20186,8
11361,20187,8
11361,20198,3
11361,20199,15
11361,20200,3
11361,20204,3
11361,20205,2
11361,20206,7
11361,20207,2
11361,20209,7
11361,20210,13
11361,20212,2
11361,20213,2
11361,20214,3
11361,20215,5
11361,20216,18
11361,20217,8
11361,20222,3
11361,20239,10
11361,20240,16
11361,20241,43
11361,20242,37
11361,20243,4
11361,20244,27.5
11361,20245,81.5
11361,20246,55
11361,20247,36
11361,20248,43
11361,20327,5
11362,19868,1
11362,19869,2
11362,19870,5
11362,19874,3
11362,19884,3
11362,19891,11
11362,19892,24
11362,19893,59
11362,19894,91
11362,19895,1
11362,19896,2
11362,19908,3
11362,19910,6
11362,19911,2
11362,19912,5
11362,19916,29
11362,19917,24
11362,19918,22
11362,19919,4
11362,19920,2
11362,19930,32
11362,19931,41
11362,19932,31
11362,19933,19
11362,19934,2.5
11362,19936,2
11362,19959,2
11362,19960,4
11362,19962,3
11362,19964,4
11362,19965,2
11362,19966,10
11362,19967,2
11362,19968,4
11362,19972,4
11362,20010,2
11362,20014,10
11362,20015,64.5
11362,20016,90.5
11362,20033,2
11362,20048,5
11362,20060,2
11362,20061,4
11362,20073,3
11362,20075,3
11362,20076,1
11362,20077,5
11362,20079,1
11362,20080,2
11362,20086,4
11362,20090,1
11362,20091,2
11362,20101,1
11362,20102,1
11362,20110,4
11362,20111,6
11362,20112,5
11362,20118,12
11362,20119,2
11362,20120,4
11362,20123,18
11362,20124,10
11362,20125,4
11362,20126,12
11362,20127,66
11362,20128,44
11362,20129,58.5
11362,20130,30
11362,20131,91
11362,20132,51
11362,20133,14
11362,20137,14
11362,20138,9
11362,20139,11
11362,20140,13
11362,20141,16
11362,20142,6
11362,20143,5
11362,20146,2
11362,20148,1
11362,20152,4
11362,20153,11
11362,20154,14
11362,20159,14
11362,20160,17
11362,20161,8
11362,20162,8
11362,20164,4
11362,20169,2
11362,20172,10
11362,20173,5
11362,20174,10
11362,20175,8
11362,20176,29
11362,20177,31
11362,20178,57
11362,20179,68.5
11362,20180,144
11362,20181,50
11362,20182,51
11362,20183,79
11362,20184,66
11362,20185,40
11362,20186,44
11362,20187,12
11362,20199,23
11362,20200,36
11362,20207,2
11362,20210,5
11362,20212,6
11362,20215,1
11362,20216,1
11362,20239,2
11362,20240,13
11362,20241,33
11362,20242,35
11362,20243,33
11362,20244,15
11362,20245,9
11362,20246,34
11362,20247,33
11362,20248,9
11362,20321,2
11362,20322,8
11362,20323,4
11362,20325,3
11362,20326,5
11363,19867,2
11363,19868,4
11363,19890,4
11363,19891,20
11363,19892,22
11363,19893,9
11363,19908,12
11363,19909,9.5
11363,19910,11.5
11363,19911,3
11363,19912,15
11363,19913,3
11363,19915,2
11363,19916,37
11363,19917,13
11363,19918,4
11363,19920,21
11363,19921,1
11363,19930,3
11363,19931,21
11363,19932,34
11363,19933,4
11363,19935,12
11363,19952,7
11363,19956,4
11363,19958,10.5
11363,19965,2
11363,19966,6
11363,19968,3
11363,19969,7
11363,19972,3
11363,20003,4
11363,20006,4
11363,20009,3
11363,20010,4
11363,20011,6
11363,20012,8
11363,20013,13
11363,20014,18
11363,20015,103
11363,20016,133.5
11363,20017,11
11363,20026,1
11363,20039,3
11363,20040,4
11363,20042,3
11363,20045,1
11363,20056,4
11363,20062,7
11363,20074,1
11363,20075,2
11363,20078,3
11363,20079,1
11363,20099,2
11363,20107,1
11363,20110,5
11363,20111,8
11363,20112,11
11363,20114,3
11363,20117,10
11363,20118,4
11363,20119,4
11363,20120,2
11363,20122,4
11363,20123,17
11363,20124,18
11363,20125,23.5
11363,20126,9
11363,20127,39
11363,20128,56
11363,20129,43
11363,20130,57
11363,20131,39.5
11363,20132,28.5
11363,20139,1
11363,20140,1
11363,20141,4
11363,20142,8
11363,20143,4
11363,20144,5
11363,20145,4
11363,20146,2
11363,20147,3
11363,20148,2
11363,20151,16
11363,20152,29
11363,20154,2
11363,20159,4
11363,20160,10
11363,20161,13
11363,20162,7
11363,20163,17
11363,20164,1
11363,20170,2
11363,20172,2
11363,20174,3
11363,20176,27.5
11363,20177,33.5
11363,20178,20
11363,20179,57.5
11363,20180,185.5
11363,20181,490
11363,20182,58
11363,20183,36.5
11363,20184,81
11363,20185,75
11363,20186,29.5
11363,20187,26.5
11363,20188,1
11363,20199,5
11363,20200,12
11363,20217,2
11363,20240,3
11363,20243,28
11363,20244,25
11363,20246,2
11363,20312,14
11363,20313,6
11363,20318,3
11363,20319,1
11363,20321,5
11363,20322,4
11363,20324,5
11363,20326,16
11363,20327,4
11364,19869,3
11364,19870,3
11364,19871,3
11364,19883,1
11364,19890,1
11364,19892,4
11364,19895,1
11364,19907,4
11364,19908,3
11364,19909,13
11364,19910,22
11364,19911,20
11364,19912,32
11364,19916,4
11364,19922,2
11364,19923,5
11364,19928,2
11364,19932,4
11364,19934,9
11364,19935,8
11364,19962,4
11364,19965,5
11364,19966,5
11364,19967,5
11364,19974,2
11364,20009,1
11364,20011,5
11364,20012,5
11364,20013,3
11364,20014,5
11364,20015,26
11364,20016,12
11364,20017,20
11364,20018,14.5
11364,20019,1
11364,20020,1
11364,20021,2
11364,20041,1
11364,20047,2
11364,20057,4
11364,20063,3
11364,20065,1
11364,20067,1
11364,20068,4
11364,20070,3
11364,20073,6
11364,20074,5
11364,20097,1
11364,20102,2
11364,20104,1
11364,20105,2
11364,20107,2
11364,20109,2
11364,20110,1
11364,20111,10
11364,20112,5
11364,20113,14
11364,20114,2
11364,20115,7
11364,20116,9
11364,20117,4
11364,20118,9
11364,20120,5
11364,20121,5
11364,20122,7
11364,20123,12
11364,20124,19
11364,20125,19
11364,20126,8
11364,20128,23
11364,20129,3
11364,20130,33
11364,20131,27
11364,20132,38
11364,20133,17
11364,20134,3
11364,20136,3
11364,20138,3
11364,20139,4
11364,20151,28
11364,20152,1
11364,20158,6
11364,20159,19
11364,20160,13
11364,20161,9
11364,20162,2
11364,20163,9
11364,20164,15
11364,20167,1
11364,20173,1
11364,20176,8
11364,20177,20
11364,20178,19
11364,20179,6
11364,20180,78
11364,20181,110.5
11364,20182,63
11364,20183,53
11364,20184,29
11364,20185,45
11364,20186,27
11364,20187,27
11364,20188,7
11364,20206,2
11364,20243,4
11364,20244,4
11364,20245,1
11364,20311,11
11364,20312,50
11364,20313,33
11364,20314,4
11364,20321,2
11364,20322,8
11364,20323,4
11364,20325,13
11364,20326,3
11364,20327,8
11364,20328,3
11364,20330,1
11364,20331,2
11364,20332,6
11364,20333,3
11365,19868,4
11365,19870,4
11365,19875,6
11365,19878,1
11365,19894,4
11365,19910,10
11365,19911,28
11365,19912,12
11365,19913,2
11365,19914,30.5
11365,19915,4
11365,19934,1.5
11365,19935,9
11365,19960,1
11365,19963,1
11365,19967,1
11365,19975,1
11365,20007,1
11365,20010,2
11365,20012,2
11365,20013,4
11365,20017,5
11365,20018,2
11365,20019,4
11365,20020,8
11365,20021,5
11365,20022,2
11365,20040,4
11365,20042,1
11365,20043,1
11365,20046,2
11365,20047,1
11365,20048,5
11365,20075,3
11365,20076,2
11365,20097,4
11365,20100,5
11365,20103,3.5
11365,20111,16
11365,20112,13
11365,20113,5
11365,20114,2
11365,20115,2
11365,20116,12
11365,20117,19
11365,20118,17
11365,20119,5
11365,20120,7
11365,20121,4
11365,20122,5
11365,20123,5
11365,20124,8
11365,20125,3
11365,20126,2
11365,20128,8
11365,20129,10
11365,20130,25.5
11365,20131,54
11365,20132,31
11365,20133,15
11365,20134,22
11365,20135,7
11365,20151,4
11365,20152,18
11365,20153,6
11365,20158,12
11365,20159,10
11365,20160,10
11365,20161,6
11365,20162,6
11365,20163,12
11365,20164,13
11365,20167,6
11365,20174,3
11365,20176,8
11365,20177,9
11365,20178,53
11365,20179,110.5
11365,20180,104.5
11365,20181,54.5
11365,20182,107
11365,20183,40
11365,20184,24
11365,20185,14
11365,20186,2
11365,20188,2
11365,20311,32
11365,20312,46.5
11365,20313,22
11365,20321,4
11365,20322,16.5
11365,20323,16
11365,20324,7
11365,20325,4
11365,20331,10
11365,20332,12
11365,20333,8
11365,20334,20
11365,20335,2
11365,20338,1
11365,20339,12
11366,19869,3
11366,19870,2
11366,19872,6
11366,19885,3
11366,19888,5
11366,19889,1
11366,19891,6
11366,19894,3
11366,19909,3
11366,19910,19
11366,19911,10
11366,19912,10
11366,19914,41
11366,19918,1
11366,19930,4
11366,19934,3
11366,19939,8
11366,19960,2
11366,19962,2
11366,19965,5
11366,19969,4
11366,19989,1
11366,20011,5
11366,20012,7
11366,20013,2
11366,20016,3
11366,20017,13
11366,20018,1
11366,20021,2
11366,20031,2
11366,20033,1
11366,20037,1
11366,20039,8
11366,20041,4
11366,20044,1
11366,20045,2
11366,20046,8
11366,20047,1
11366,20049,1
11366,20050,2
11366,20054,2
11366,20059,1
11366,20064,3
11366,20072,2
11366,20079,1
11366,20089,1
11366,20100,8.5
11366,20101,1
11366,20102,1.5
11366,20104,4
11366,20105,5
11366,20106,2
11366,20107,3
11366,20108,2
11366,20110,2
11366,20111,8
11366,20112,5
11366,20114,7
11366,20115,10.5
11366,20116,8
11366,20117,5
11366,20118,10
11366,20119,11
11366,20120,2
11366,20121,2
11366,20122,9
11366,20123,23
11366,20124,2
11366,20129,4
11366,20130,3
11366,20131,13
11366,20132,40
11366,20133,12
11366,20135,6
11366,20139,1
11366,20143,4
11366,20145,2
11366,20156,4
11366,20157,14
11366,20158,6
11366,20159,2
11366,20160,16.5
11366,20161,3
11366,20163,5
11366,20166,2
11366,20168,4
11366,20177,2
11366,20179,71
11366,20180,53.5
11366,20181,21
11366,20182,45
11366,20183,50.5
11366,20184,52
11366,20185,21
11366,20186,12
11366,20188,2
11366,20189,2
11366,20199,3
11366,20200,1
11366,20214,5
11366,20229,5
11366,20312,22
11366,20313,63
11366,20321,28
11366,20322,14
11366,20326,5.5
11366,20327,1
11366,20333,5
11366,20334,66
11366,20335,70.5
11366,20336,43
11366,20338,67
11366,20339,97
11366,20342,3
11366,20346,4
11367,19873,2
11367,19874,5
11367,19875,6
11367,19876,2
11367,19881,3
11367,19882,8
11367,19883,30
11367,19884,26
11367,19885,2
11367,19889,1
11367,19890,1
11367,19894,2
11367,19909,8
11367,19910,14
11367,19911,30
11367,19912,8
11367,19930,3
11367,19959,2
11367,19967,2
11367,20010,2
11367,20013,4.5
11367,20017,4
11367,20018,11
11367,20019,2
11367,20021,2
11367,20030,1
11367,20037,4
11367,20038,5
11367,20040,2
11367,20044,4
11367,20045,8.5
11367,20048,4
11367,20049,1
11367,20071,1
11367,20074,4
11367,20075,13
11367,20079,1
11367,20093,1
11367,20096,1
11367,20098,5
11367,20099,10
11367,20100,7
11367,20101,2
11367,20102,14
11367,20105,2
11367,20110,5
11367,20111,25
11367,20112,13
11367,20113,14
11367,20114,15
11367,20115,8
11367,20116,11
11367,20117,14
11367,20119,2
11367,20121,3.5
11367,20122,34.5
11367,20123,6
11367,20125,4
11367,20130,9
11367,20131,8
11367,20132,11
11367,20133,9
11367,20134,12
11367,20138,4
11367,20139,4
11367,20140,2
11367,20141,2
11367,20151,2
11367,20155,3
11367,20156,3
11367,20157,1
11367,20158,8
11367,20159,5
11367,20164,4
11367,20167,2
11367,20172,2
11367,20176,1
11367,20177,8
11367,20179,13
11367,20180,39
11367,20181,16
11367,20182,24
11367,20183,87.5
11367,20184,9
11367,20185,13
11367,20186,6
11367,20187,1
11367,20198,2
11367,20214,10.5
11367,20311,4
11367,20312,161.5
11367,20313,26
11367,20314,4
11367,20321,1
11367,20333,3
11367,20334,26
11367,20335,114.5
11367,20336,144.5
11367,20337,17
11367,20339,35
11368,19861,7
11368,19867,4
11368,19868,2
11368,19869,15.5
11368,19872,2
11368,19880,7
11368,19881,26
11368,19882,24
11368,19883,16
11368,19884,10
11368,19885,11
11368,19911,3
11368,19938,3
11368,19961,7
11368,20007,1
11368,20017,4
11368,20019,2
11368,20020,4
11368,20033,1
11368,20035,4
11368,20036,5
11368,20037,3
11368,20038,2
11368,20042,2
11368,20045,7
11368,20046,7
11368,20049,9
11368,20053,1
11368,20059,1
11368,20074,2
11368,20075,9
11368,20076,14
11368,20077,6
11368,20078,3
11368,20085,3
11368,20086,1
11368,20087,1
11368,20096,2
11368,20097,2
11368,20098,7.5
11368,20099,9
11368,20100,11
11368,20101,7
11368,20102,32
11368,20103,12
11368,20104,4
11368,20108,2
11368,20109,2
11368,20111,15
11368,20112,1
11368,20114,11
11368,20116,4
11368,20117,3
11368,20118,5
11368,20120,1
11368,20121,13
11368,20122,22
11368,20123,4
11368,20126,3
11368,20127,2
11368,20128,4
11368,20130,8
11368,20131,2
11368,20133,3
11368,20134,5
11368,20137,1
11368,20139,1
11368,20155,4
11368,20156,7
11368,20158,2
11368,20159,3
11368,20160,9
11368,20161,13
11368,20164,2
11368,20167,5
11368,20175,3
11368,20176,4
11368,20178,8
11368,20179,7
11368,20180,22.5
11368,20182,9
11368,20183,53
11368,20184,21
11368,20185,1
11368,20187,3
11368,20188,13
11368,20201,4
11368,20312,37.5
11368,20313,24
11368,20314,29.5
11368,20315,8
11368,20321,21
11368,20322,9
11368,20323,18
11368,20324,9
11368,20325,5
11368,20326,2
11368,20336,2
11368,20337,36
11368,20338,1
11369,19866,4
11369,19870,1
11369,19872,1
11369,19874,5
11369,19875,2
11369,19877,3
11369,19879,2
11369,19880,30.5
11369,19881,17
11369,19882,29
11369,19883,18
11369,19884,4
11369,19885,14
11369,19890,3.5
11369,19930,3
11369,19935,42
11369,19936,22
11369,19938,16
11369,19939,3
11369,19948,2
11369,19960,9
11369,19962,2
11369,19963,5
11369,19970,2
11369,19983,3.5
11369,20010,1
11369,20011,2
11369,20018,3
11369,20033,2
11369,20036,5
11369,20037,4
11369,20038,1
11369,20042,2
11369,20043,1
11369,20044,2
11369,20045,4
11369,20047,2
11369,20048,1
11369,20049,7
11369,20050,1
11369,20051,1
11369,20052,1
11369,20053,2
11369,20054,2
11369,20060,1
11369,20074,2
11369,20075,4
11369,20076,9
11369,20078,2
11369,20085,1
11369,20089,3
11369,20099,6
11369,20100,16
11369,20101,23
11369,20102,34
11369,20103,27
11369,20104,16
11369,20119,3
11369,20120,6
11369,20121,6
11369,20122,3
11369,20123,3
11369,20124,3
11369,20127,3
11369,20129,7
11369,20132,7
11369,20133,3
11369,20134,6
11369,20137,1
11369,20142,1
11369,20147,2
11369,20152,5.5
11369,20153,7
11369,20154,10
11369,20155,20
11369,20156,9
11369,20159,14
11369,20160,15
11369,20161,6
11369,20162,3
11369,20163,10
11369,20166,5
11369,20167,7
11369,20168,5
11369,20174,2
11369,20175,21
11369,20176,6
11369,20177,4
11369,20178,3
11369,20179,17
11369,20180,18
11369,20183,31
11369,20184,14
11369,20185,4
11369,20186,27
11369,20187,9.5
11369,20188,14
11369,20189,1
11369,20191,2
11369,20200,4
11369,20209,4
11369,20211,8
11369,20312,12
11369,20313,65
11369,20314,50
11369,20315,40
11369,20316,17
11369,20321,38
11369,20322,25.5
11369,20323,71
11369,20324,29.5
11369,20325,29
11369,20326,40
11369,20327,35
11369,20328,20
11369,20329,31
11369,20330,4
11369,20331,1
11369,20336,1
11370,19862,2
11370,19868,1
11370,19872,5
11370,19879,3
11370,19880,20
11370,19881,8
11370,19882,9
11370,19883,5
11370,19884,4.5
11370,19887,6
11370,19893,2
11370,19910,5
11370,19933,3
11370,19934,23
11370,19935,33
11370,19936,38
11370,19937,16
11370,19942,3
11370,19959,3
11370,19963,4
11370,19971,1
11370,19993,2
11370,19994,1
11370,20017,5
11370,20037,5
11370,20039,2
11370,20041,6
11370,20043,1
11370,20044,3
11370,20045,12
11370,20046,3
11370,20047,2
11370,20048,7
11370,20049,3
11370,20053,1
11370,20061,2
11370,20068,1
11370,20071,1
11370,20075,1
11370,20076,5
11370,20077,20
11370,20078,9
11370,20079,6
11370,20081,3
11370,20083,3
11370,20084,2
11370,20085,14
11370,20099,10
11370,20100,10
11370,20101,2
11370,20102,4
11370,20103,17
11370,20104,17
11370,20105,8
11370,20107,2
11370,20112,3
11370,20120,5
11370,20121,1
11370,20123,1
11370,20125,1
11370,20126,2
11370,20139,4
11370,20140,5
11370,20141,2
11370,20142,3
11370,20151,5
11370,20152,4
11370,20153,9
11370,20154,11
11370,20155,13
11370,20158,6
11370,20159,21
11370,20160,18
11370,20161,13
11370,20162,13
11370,20163,4
11370,20164,2
11370,20165,11
11370,20166,16
11370,20167,4.5
11370,20168,2
11370,20174,6
11370,20175,13
11370,20176,3
11370,20177,13
11370,20179,22
11370,20180,45
11370,20181,13
11370,20182,5
11370,20183,6
11370,20184,5
11370,20185,17
11370,20186,8
11370,20187,18
11370,20188,28
11370,20189,24
11370,20190,2
11370,20191,4
11370,20201,3
11370,20235,3
11370,20279,6
11370,20313,15
11370,20314,117.5
11370,20315,67
11370,20316,92.5
11370,20317,35
11370,20320,10
11370,20321,22
11370,20322,24
11370,20323,49.5
11370,20324,42
11370,20325,24
11370,20326,17
11370,20327,32
11370,20328,22
11370,20329,15
11370,20330,5
11370,20331,3
11370,20336,4
11371,19863,6
11371,19867,3
11371,19872,4
11371,19875,2
11371,19881,2
11371,19883,2
11371,19885,1
11371,19890,1
11371,19893,3
11371,19905,4
11371,19908,4
11371,19931,1
11371,19934,20
11371,19935,39
11371,19936,65
11371,19937,125
11371,19938,6
11371,19939,5
11371,19942,38
11371,19943,18
11371,19945,7
11371,19953,3
11371,19962,1
11371,19963,2
11371,19967,4
11371,19994,9
11371,19995,6
11371,20017,2
11371,20037,2
11371,20040,2
11371,20042,3
11371,20043,4
11371,20044,8
11371,20045,10
11371,20046,1
11371,20049,15
11371,20050,4
11371,20052,4
11371,20055,4
11371,20056,3
11371,20071,1
11371,20076,5
11371,20077,1
11371,20078,5
11371,20079,3
11371,20082,4
11371,20083,8
11371,20084,10.5
11371,20087,4
11371,20088,2
11371,20090,5
11371,20099,2
11371,20100,38.5
11371,20101,2.5
11371,20105,2
11371,20106,6
11371,20107,3
11371,20125,4
11371,20139,4
11371,20140,2
11371,20141,23
11371,20146,3
11371,20152,18
11371,20153,7
11371,20154,16
11371,20155,4
11371,20156,12
11371,20157,1
11371,20158,11
11371,20159,15
11371,20161,12
11371,20162,17
11371,20163,3
11371,20164,24
11371,20165,17
11371,20166,16
11371,20167,5
11371,20168,5
11371,20169,3
11371,20170,6
11371,20172,2
11371,20173,5
11371,20174,28
11371,20175,27
11371,20176,15
11371,20177,27
11371,20178,67
11371,20179,28
11371,20180,12
11371,20181,6
11371,20182,15
11371,20183,4
11371,20184,1
11371,20185,3
11371,20186,11
11371,20187,39
11371,20188,60.5
11371,20189,36
11371,20190,1
11371,20191,4
11371,20192,4
11371,20202,2
11371,20212,3
11371,20213,7
11371,20220,1
11371,20313,11
11371,20314,31
11371,20315,10
11371,20316,54
11371,20317,56.5
11371,20318,27.5
11371,20319,4
11371,20321,5
11371,20322,29
11371,20323,8
11371,20324,9
11371,20325,5
11371,20326,18
11371,20327,43.5
11371,20328,6
11371,20331,4
11371,20332,4
11371,20333,3
11371,20335,1
11372,19870,5
11372,19871,4
11372,19878,4
11372,19881,5
11372,19884,3
11372,19885,4
11372,19889,4
11372,19891,4
11372,19929,2
11372,19931,4
11372,19933,4
11372,19934,40
11372,19935,42.5
11372,19936,125
11372,19937,152
11372,19938,9
11372,19939,14
11372,19965,3
11372,19966,2
11372,19978,2
11372,19994,7
11372,20039,2
11372,20040,7
11372,20041,4
11372,20042,9
11372,20043,14
11372,20044,10
11372,20045,6.5
11372,20046,2
11372,20047,4
11372,20048,19
11372,20049,9
11372,20056,3
11372,20058,2
11372,20062,5
11372,20069,9
11372,20070,2
11372,20076,1
11372,20077,3
11372,20078,3
11372,20079,6
11372,20080,2
11372,20081,3
11372,20082,6
11372,20083,2
11372,20087,3
11372,20088,2
11372,20090,2
11372,20099,4
11372,20100,10
11372,20101,2
11372,20102,4
11372,20103,1
11372,20104,13
11372,20106,2
11372,20123,5
11372,20141,15
11372,20142,5
11372,20144,1
11372,20145,1
11372,20151,6.5
11372,20152,2
11372,20153,7
11372,20154,7
11372,20155,11
11372,20156,10
11372,20157,12
11372,20158,16
11372,20159,22
11372,20160,6
11372,20161,10
11372,20162,16
11372,20163,16
11372,20164,16
11372,20165,11
11372,20166,11
11372,20167,2
11372,20169,6
11372,20170,4
11372,20172,2
11372,20173,5
11372,20174,14
11372,20175,3
11372,20176,33
11372,20177,63
11372,20178,40
11372,20179,7
11372,20180,3
11372,20181,72
11372,20182,35
11372,20183,9
11372,20184,2
11372,20185,4
11372,20187,41
11372,20188,34
11372,20189,18
11372,20190,5
11372,20191,1
11372,20192,3
11372,20193,2
11372,20212,1
11372,20254,1
11372,20314,5
11372,20315,3
11372,20316,34
11372,20317,12
11372,20319,11
11372,20321,12
11372,20322,18
11372,20323,12
11372,20324,12
11372,20325,8
11372,20326,5
11372,20327,4.5
11372,20336,1
11373,19871,16
11373,19872,11
11373,19873,12
11373,19874,2
11373,19879,3
11373,19880,2
11373,19881,2
11373,19888,14
11373,19904,5.5
11373,19908,2
11373,19930,2.5
11373,19932,6
11373,19933,3
11373,19934,29.5
11373,19935,51
11373,19936,65
11373,19937,93
11373,19940,1
11373,19994,2
11373,19995,5
11373,20037,2
11373,20041,3
11373,20042,2
11373,20043,2
11373,20044,8
11373,20045,6
11373,20046,19
11373,20047,14
11373,20048,18
11373,20049,6
11373,20051,4
11373,20061,1
11373,20066,2
11373,20077,2
11373,20078,4
11373,20079,4
11373,20080,5
11373,20081,5
11373,20082,12
11373,20086,2
11373,20090,1
11373,20099,11
11373,20100,23
11373,20101,15.5
11373,20104,4
11373,20117,1
11373,20118,2
11373,20121,1
11373,20122,2
11373,20123,2
11373,20140,3
11373,20141,10
11373,20142,8
11373,20149,4
11373,20153,8
11373,20155,7
11373,20156,7
11373,20157,16
11373,20158,13
11373,20159,15
11373,20160,14
11373,20161,6
11373,20162,27
11373,20163,23
11373,20164,20.5
11373,20165,19
11373,20166,8
11373,20167,10
11373,20169,7
11373,20172,4
11373,20173,9
11373,20174,9
11373,20175,28
11373,20176,36
11373,20177,31
11373,20178,10
11373,20179,6
11373,20181,86
11373,20182,105
11373,20183,30
11373,20184,27
11373,20185,87
11373,20186,30
11373,20187,38.5
11373,20188,14
11373,20189,25
11373,20190,11
11373,20191,17
11373,20192,8.5
11373,20193,13
11373,20196,1
11373,20201,4
11373,20267,1
11373,20272,5
11373,20273,29
11373,20274,8
11373,20316,51
11373,20319,18.5
11373,20320,22
11373,20321,26
11373,20322,5
11373,20323,31.5
11373,20324,5
11373,20326,2
11373,20333,13
11373,20335,2
11374,19871,4
11374,19872,13
11374,19873,32
11374,19874,2
11374,19878,5
11374,19881,4
11374,19882,2
11374,19886,1
11374,19887,23.5
11374,19888,23
11374,19889,18
11374,19908,1
11374,19917,4
11374,19931,2
11374,19932,48
11374,19933,38
11374,19935,26
11374,19937,1
11374,19943,3
11374,19990,3
11374,19994,1
11374,20042,4
11374,20043,9
11374,20044,6
11374,20045,9
11374,20046,5
11374,20047,2
11374,20048,4
11374,20049,6
11374,20050,2
11374,20051,8
11374,20052,4
11374,20053,3
11374,20054,4
11374,20055,2
11374,20057,1
11374,20059,5.5
11374,20060,2
11374,20062,1
11374,20070,2
11374,20079,11
11374,20080,10
11374,20081,4
11374,20082,88.5
11374,20083,78
11374,20087,2
11374,20090,2
11374,20092,2
11374,20098,5.5
11374,20099,16
11374,20100,6
11374,20101,2
11374,20104,2
11374,20120,3
11374,20121,2
11374,20122,1
11374,20123,1
11374,20134,2
11374,20140,11
11374,20141,15
11374,20142,4
11374,20148,4
11374,20149,4
11374,20151,2
11374,20152,2
11374,20154,5
11374,20155,5
11374,20157,15
11374,20158,16
11374,20159,18
11374,20160,27
11374,20161,19
11374,20162,12
11374,20163,27
11374,20164,14
11374,20165,11
11374,20166,8
11374,20167,3
11374,20170,5
11374,20171,3
11374,20172,9
11374,20173,25
11374,20174,2
11374,20175,36
11374,20176,57
11374,20177,16
11374,20178,65
11374,20179,87
11374,20180,100.5
11374,20181,52.5
11374,20182,93.5
11374,20183,68
11374,20184,60.5
11374,20185,53
11374,20186,30
11374,20189,9
11374,20190,35
11374,20191,15
11374,20192,21
11374,20193,14
11374,20194,17
11374,20198,6
11374,20199,6
11374,20200,2
11374,20201,11.5
11374,20202,4
11374,20203,4
11374,20204,13
11374,20255,4
11374,20267,2
11374,20270,1
11374,20272,13
11374,20273,21
11374,20274,11
11374,20315,13.5
11374,20316,20
11374,20318,12
11374,20319,22
11374,20320,9
11374,20321,7
11374,20322,20
11374,20323,12
11374,20333,1
11374,20334,3
11375,19873,4
11375,19874,7
11375,19875,4
11375,19876,5
11375,19881,4
11375,19882,2
11375,19885,4
11375,19886,14.5
11375,19887,29
11375,19888,53.5
11375,19889,17
11375,19930,2
11375,19931,46.5
11375,19932,72
11375,19933,40.5
11375,19934,39
11375,19935,14
11375,19937,8
11375,19939,1
11375,19954,16.5
11375,19955,36.5
11375,19961,7
11375,19987,3
11375,19989,2
11375,19990,1
11375,20003,1
11375,20008,2
11375,20043,4
11375,20044,8
11375,20045,5
11375,20046,11
11375,20047,10
11375,20048,6
11375,20049,2
11375,20051,6
11375,20055,2
11375,20056,2
11375,20057,6
11375,20059,6
11375,20060,3
11375,20062,2
11375,20075,2
11375,20079,9
11375,20081,15
11375,20082,48
11375,20083,17
11375,20085,2
11375,20088,2
11375,20089,5
11375,20090,8
11375,20092,4
11375,20098,4
11375,20099,14
11375,20100,4
11375,20114,1
11375,20121,1
11375,20122,1
11375,20123,7
11375,20133,2
11375,20139,6
11375,20140,13
11375,20141,10
11375,20146,14
11375,20147,11
11375,20148,12
11375,20149,9
11375,20150,2
11375,20151,10
11375,20152,8
11375,20153,7
11375,20154,8
11375,20155,8.5
11375,20156,6
11375,20157,4
11375,20158,11
11375,20159,21
11375,20160,11
11375,20161,14
11375,20162,15
11375,20163,21
11375,20165,3
11375,20166,3
11375,20168,5
11375,20171,15
11375,20172,46
11375,20173,54
11375,20174,92.5
11375,20175,40
11375,20176,81
11375,20177,139.5
11375,20178,33
11375,20179,157.5
11375,20180,53
11375,20181,72.5
11375,20182,91
11375,20183,66
11375,20184,18
11375,20189,16
11375,20190,26.5
11375,20191,38.5
11375,20192,5
11375,20193,18
11375,20194,9
11375,20195,10
11375,20196,11
11375,20198,5
11375,20199,9
11375,20200,7
11375,20201,7
11375,20202,9
11375,20203,12
11375,20204,17
11375,20205,3
11375,20266,2
11375,20267,4
11375,20271,40
11375,20272,43
11375,20273,43
11375,20274,9
11375,20275,1
11375,20278,1
11375,20279,1
11375,20287,1
11375,20315,12
11375,20316,30
11375,20317,9
11375,20319,3
11375,20320,1
11375,20321,18
11375,20322,11.5
11375,20323,9
11375,20324,4
11376,19867,5
11376,19869,4
11376,19873,27
11376,19874,6
11376,19875,6
11376,19876,22
11376,19877,4
11376,19878,5
11376,19879,1
11376,19883,4
11376,19884,23.5
11376,19885,34
11376,19886,44.5
11376,19887,42
11376,19888,19.5
11376,19889,4
11376,19910,5.5
11376,19931,18
11376,19932,52
11376,19933,45
11376,19934,49
11376,19935,97
11376,19936,58
11376,19955,1
11376,19966,3
11376,19989,2
11376,19992,1
11376,19999,3
11376,20022,2
11376,20023,3
11376,20043,2
11376,20044,4
11376,20045,7
11376,20046,4
11376,20047,2
11376,20048,1
11376,20049,3
11376,20051,2
11376,20053,4
11376,20054,8
11376,20056,11
11376,20057,6
11376,20066,1
11376,20067,2
11376,20080,10
11376,20081,53
11376,20082,6
11376,20084,5
11376,20085,6
11376,20086,8
11376,20087,8
11376,20088,7
11376,20089,13
11376,20090,7
11376,20092,2
11376,20098,10.5
11376,20101,8
11376,20104,2
11376,20115,2
11376,20123,4
11376,20139,4
11376,20140,13
11376,20141,5
11376,20143,5
11376,20144,6
11376,20146,7
11376,20147,7
11376,20148,7
11376,20149,6
11376,20150,3
11376,20151,1
11376,20152,2
11376,20153,4
11376,20154,9
11376,20155,19
11376,20156,21
11376,20157,23
11376,20158,2
11376,20159,6
11376,20160,12
11376,20161,17
11376,20162,21
11376,20163,2
11376,20164,9
11376,20165,6
11376,20166,3
11376,20167,5
11376,20168,2
11376,20170,2
11376,20171,84
11376,20172,86
11376,20173,125
11376,20174,39
11376,20175,71
11376,20176,71
11376,20177,39
11376,20178,145
11376,20179,78
11376,20180,27
11376,20181,56
11376,20182,73
11376,20187,15
11376,20188,47
11376,20189,32
11376,20190,32
11376,20191,31
11376,20192,1
11376,20193,4
11376,20194,14
11376,20195,12
11376,20196,12
11376,20197,3
11376,20199,1
11376,20201,7
11376,20202,13.5
11376,20203,15
11376,20204,5
11376,20207,2
11376,20214,2
11376,20261,9
11376,20262,11
11376,20263,29.5
11376,20266,1
11376,20269,10
11376,20270,36.5
11376,20271,42
11376,20272,24
11376,20273,11
11376,20274,1
11376,20277,2
11376,20278,1
11376,20279,2
11376,20315,17
11376,20316,8
11376,20321,22
11376,20322,17
11377,19869,6
11377,19871,6
11377,19872,4
11377,19873,26
11377,19874,43.5
11377,19875,66
11377,19876,53
11377,19877,65
11377,19878,66.5
11377,19879,13
11377,19881,15
11377,19882,8
11377,19883,9
11377,19884,41.5
11377,19885,46
11377,19886,17
11377,19887,4
11377,19889,4
11377,19931,16
11377,19932,76
11377,19933,60
11377,19934,87.5
11377,19935,77
11377,19936,23
11377,19966,1
11377,19972,2
11377,19994,5
11377,19995,9
11377,20037,3
11377,20043,7
11377,20044,17
11377,20045,8
11377,20046,9
11377,20047,5
11377,20048,1
11377,20049,15
11377,20050,5
11377,20051,2
11377,20052,15
11377,20053,11
11377,20054,9
11377,20055,11
11377,20056,2
11377,20070,2
11377,20071,1
11377,20075,6
11377,20076,2
11377,20077,2
11377,20078,11
11377,20079,6
11377,20080,14.5
11377,20081,56
11377,20082,8
11377,20085,3
11377,20086,2
11377,20087,1.5
11377,20088,2
11377,20090,2
11377,20094,1
11377,20115,2
11377,20116,2
11377,20121,2.5
11377,20138,3
11377,20139,9
11377,20140,11
11377,20141,13
11377,20142,6
11377,20145,11
11377,20146,4
11377,20147,15
11377,20148,11
11377,20150,5
11377,20152,5
11377,20153,8
11377,20154,7
11377,20155,14
11377,20156,10
11377,20157,9.5
11377,20158,3
11377,20159,20
11377,20160,15.5
11377,20161,18.5
11377,20162,23
11377,20163,29
11377,20164,10
11377,20165,35
11377,20167,2
11377,20168,4
11377,20169,31
11377,20170,22
11377,20171,35
11377,20172,77
11377,20173,76
11377,20174,49
11377,20175,46
11377,20176,317
11377,20177,59.5
11377,20178,106
11377,20179,271
11377,20180,16
11377,20181,19
11377,20185,2
11377,20186,60
11377,20187,86
11377,20188,81
11377,20189,26
11377,20190,3
11377,20191,15
11377,20192,13
11377,20193,11
11377,20194,24.5
11377,20195,24.5
11377,20196,13
11377,20203,5
11377,20204,10
11377,20205,2
11377,20249,1
11377,20254,7
11377,20257,1
11377,20261,14
11377,20262,16
11377,20263,7
11377,20264,14
11377,20267,2
11377,20268,17
11377,20269,31
11377,20270,29
11377,20271,42
11377,20272,11
11377,20273,1
11377,20274,6
11377,20276,3
11377,20278,1
11377,20315,17
11377,20316,4
11377,20321,23.5
11377,20322,12
11378,19873,17
11378,19874,106
11378,19875,97.5
11378,19876,65.5
11378,19877,88.5
11378,19878,38
11378,19879,4
11378,19880,3
11378,19881,43
11378,19882,40
11378,19883,29
11378,19884,34.5
11378,19885,11
11378,19886,3
11378,19887,13
11378,19931,12
11378,19932,48
11378,19933,85
11378,19934,38
11378,19935,70
11378,19936,26
11378,19949,3
11378,19974,2
11378,19979,3
11378,19994,5
11378,19995,4
11378,20037,4
11378,20039,1
11378,20043,5
11378,20044,5
11378,20045,14
11378,20046,11
11378,20047,7
11378,20048,4
11378,20049,2
11378,20050,5
11378,20051,11
11378,20052,15
11378,20053,6
11378,20054,1
11378,20067,5
11378,20074,3
11378,20075,2
11378,20076,2
11378,20078,3
11378,20081,6
11378,20082,3
11378,20092,2
11378,20097,2
11378,20098,4
11378,20099,7
11378,20120,1
11378,20135,8
11378,20139,11
11378,20140,5
11378,20141,10
11378,20142,21
11378,20143,15
11378,20144,5
11378,20145,25
11378,20146,12
11378,20147,11
11378,20150,2
11378,20151,10
11378,20152,6
11378,20153,3
11378,20154,4
11378,20155,8
11378,20156,10
11378,20157,8
11378,20158,29.5
11378,20159,25
11378,20160,4
11378,20161,36
11378,20162,44
11378,20163,6
11378,20164,34
11378,20165,13
11378,20166,10
11378,20168,1
11378,20169,32
11378,20170,29.5
11378,20171,71
11378,20172,61
11378,20173,111.5
11378,20174,62
11378,20175,79
11378,20176,281.5
11378,20177,357.5
11378,20178,182
11378,20179,671
11378,20180,95
11378,20181,309
11378,20182,7
11378,20185,48
11378,20186,56
11378,20187,103
11378,20188,97
11378,20189,2
11378,20190,6
11378,20191,4
11378,20192,15.5
11378,20193,12
11378,20194,11
11378,20204,5
11378,20205,1
11378,20255,4
11378,20259,5
11378,20260,4
11378,20261,2
11378,20262,6
11378,20263,4
11378,20264,2
11378,20265,2
11378,20266,7
11378,20267,236.5
11378,20268,119
11378,20269,33.5
11378,20270,16
11378,20271,13
11378,20272,13
11378,20275,1
11378,20280,2
11379,19872,5.5
11379,19873,54
11379,19874,86
11379,19875,175.5
11379,19876,348.5
11379,19877,195.5
11379,19878,27
11379,19879,27
11379,19880,11
11379,19881,51
11379,19882,43
11379,19883,46
11379,19884,49
11379,19885,32
11379,19886,7
11379,19888,2
11379,19902,1
11379,19932,9
11379,19933,7
11379,19935,4
11379,19936,26
11379,19971,4
11379,19972,2
11379,19975,2
11379,19977,2
11379,19989,1
11379,19993,2
11379,19994,12
11379,20039,1
11379,20041,3
11379,20045,20
11379,20046,14
11379,20047,5
11379,20049,7
11379,20050,7
11379,20051,6
11379,20052,2
11379,20053,3
11379,20054,4
11379,20055,1
11379,20056,2
11379,20062,3
11379,20077,4
11379,20081,5
11379,20098,9
11379,20099,4
11379,20134,2
11379,20138,4
11379,20139,15
11379,20140,22
11379,20141,19.5
11379,20142,18
11379,20143,14
11379,20144,19
11379,20145,17
11379,20146,20
11379,20147,12
11379,20148,7
11379,20151,2
11379,20152,12
11379,20153,11
11379,20154,17
11379,20155,7
11379,20156,4
11379,20157,41
11379,20158,38.5
11379,20159,41
11379,20160,21
11379,20161,18
11379,20162,32.5
11379,20163,36
11379,20164,32
11379,20165,4
11379,20167,3
11379,20168,9
11379,20169,147
11379,20170,465.5
11379,20171,53
11379,20172,359
11379,20173,250.5
11379,20174,396
11379,20175,563
11379,20176,297.5
11379,20177,164.5
11379,20178,261
11379,20179,533.5
11379,20180,373.5
11379,20181,82.5
11379,20182,28
11379,20183,40
11379,20184,10
11379,20185,4
11379,20186,11
11379,20187,61.5
11379,20188,47
11379,20189,7
11379,20190,2
11379,20191,16
11379,20192,19
11379,20193,5
11379,20194,4
11379,20252,2
11379,20253,3
11379,20254,1
11379,20258,3
11379,20260,1
11379,20261,3
11379,20262,7
11379,20263,7
11379,20264,18
11379,20265,13
11379,20266,12
11379,20267,130.5
11379,20268,31.5
11379,20269,82
11379,20270,14
11379,20271,3.5
11379,20272,10
11379,20273,2
11379,20277,1
11379,20279,2
11380,19872,1
11380,19873,70
11380,19874,89.5
11380,19875,55.5
11380,19876,237.5
11380,19877,155.5
11380,19878,66
11380,19879,62.5
11380,19880,37
11380,19881,33
11380,19882,35
11380,19883,37
11380,19885,16
11380,19886,2
11380,19887,34
11380,19888,6
11380,19907,8
11380,19971,3
11380,19975,5
11380,19990,1
11380,19991,2
11380,19993,5
11380,20038,1
11380,20040,1
11380,20044,3
11380,20045,15
11380,20046,24
11380,20048,4
11380,20049,24
11380,20050,11
11380,20051,9
11380,20052,5
11380,20053,2
11380,20054,5
11380,20056,4
11380,20069,1
11380,20073,1
11380,20082,3
11380,20083,1
11380,20092,4
11380,20098,11
11380,20099,4
11380,20100,7
11380,20114,6
11380,20134,6
11380,20138,2
11380,20139,20
11380,20140,42
11380,20141,24
11380,20142,27.5
11380,20143,15
11380,20144,34
11380,20145,13
11380,20146,68
11380,20147,20
11380,20148,8
11380,20149,4
11380,20151,1
11380,20152,16
11380,20153,17
11380,20154,2
11380,20155,13
11380,20156,3
11380,20157,13
11380,20158,34
11380,20159,31
11380,20160,18
11380,20161,13
11380,20162,37
11380,20163,53.5
11380,20164,36
11380,20165,12
11380,20166,11
11380,20167,59
11380,20168,270
11380,20169,498.5
11380,20170,278.5
11380,20171,351
11380,20172,47
11380,20173,538.5
11380,20174,329
11380,20175,132
11380,20176,410.5
11380,20177,275
11380,20178,265
11380,20179,313
11380,20180,243
11380,20181,15
11380,20182,12
11380,20183,25
11380,20184,18
11380,20185,29.5
11380,20186,38
11380,20187,28
11380,20188,14
11380,20189,3
11380,20191,3
11380,20192,5
11380,20218,4
11380,20256,1
11380,20260,2
11380,20261,8
11380,20262,12
11380,20263,8
11380,20264,19
11380,20265,23.5
11380,20266,6.5
11380,20268,3
11380,20269,2
11380,20271,1
11380,20272,6
11380,20273,14
11380,20274,19
11380,20275,9
11381,19873,5
11381,19875,77
11381,19876,72.5
11381,19877,65.5
11381,19878,65
11381,19879,63
11381,19880,44
11381,19881,22.5
11381,19882,33
11381,19883,13
11381,19884,5
11381,19885,6
11381,19886,11
11381,19887,25
11381,19888,4
11381,19900,5
11381,19976,1.5
11381,19992,1
11381,20027,1
11381,20043,2
11381,20044,4
11381,20045,10
11381,20046,9
11381,20047,6
11381,20048,13
11381,20049,14
11381,20050,6
11381,20057,2
11381,20058,2
11381,20081,2
11381,20114,8
11381,20129,1
11381,20139,14
11381,20140,24
11381,20141,36
11381,20142,49
11381,20143,23
11381,20144,43
11381,20145,132.5
11381,20146,126
11381,20147,36
11381,20148,26
11381,20149,9
11381,20152,3
11381,20153,5
11381,20154,4
11381,20155,3
11381,20156,2.5
11381,20157,9
11381,20158,12
11381,20160,3
11381,20161,17
11381,20162,28
11381,20163,27.5
11381,20164,53
11381,20165,6
11381,20166,5
11381,20167,276
11381,20168,37.5
11381,20169,137.5
11381,20170,239.5
11381,20171,219
11381,20172,147
11381,20173,429.5
11381,20174,210.5
11381,20175,209
11381,20176,133.5
11381,20177,199
11381,20178,125
11381,20179,19
11381,20180,136
11381,20181,25
11381,20182,5
11381,20183,16.5
11381,20184,16
11381,20185,15
11381,20186,14
11381,20187,14
11381,20188,8
11381,20204,1
11381,20251,5
11381,20252,4
11381,20253,4
11381,20256,4
11381,20257,5
11381,20258,5
11381,20259,3
11381,20260,6
11381,20261,17
11381,20262,2
11381,20265,9
11381,20266,3
11381,20267,17
11381,20268,33
11381,20269,15
11381,20270,2
11381,20271,11
11381,20272,12
11381,20273,25
11381,20274,22
11381,20275,12
11381,20276,17
11381,20278,4
11381,20285,3
11382,19873,1
11382,19875,25
11382,19876,35
11382,19877,57.5
11382,19878,38
11382,19879,13
11382,19880,18
11382,19881,29
11382,19882,11
11382,19883,6
11382,19885,4
11382,19887,1
11382,19888,2
11382,19957,2
11382,19976,1
11382,19993,2
11382,20044,9
11382,20045,11
11382,20046,25
11382,20047,12
11382,20048,2
11382,20051,5
11382,20062,1.5
11382,20081,2
11382,20083,14
11382,20089,1
11382,20090,1
11382,20109,6
11382,20132,1
11382,20138,26
11382,20139,41
11382,20140,27
11382,20141,29
11382,20142,21
11382,20143,52
11382,20144,124
11382,20145,457.5
11382,20146,94
11382,20147,4
11382,20150,18
11382,20151,3
11382,20152,14
11382,20153,8
11382,20154,7
11382,20155,6
11382,20156,3
11382,20159,2
11382,20160,11.5
11382,20161,19
11382,20162,25
11382,20163,40
11382,20164,25
11382,20165,94
11382,20166,197
11382,20167,159
11382,20168,120
11382,20169,16
11382,20170,97
11382,20171,336.5
11382,20172,200.5
11382,20173,284.5
11382,20174,467.5
11382,20175,268.5
11382,20176,14
11382,20177,27
11382,20178,50.5
11382,20179,31
11382,20180,41
11382,20181,6
11382,20182,10
11382,20183,9
11382,20184,3
11382,20185,13
11382,20186,3
11382,20187,9
11382,20188,2
11382,20195,13
11382,20196,6
11382,20204,1
11382,20210,3
11382,20250,2
11382,20251,4
11382,20252,2
11382,20253,22.5
11382,20254,2
11382,20255,10
11382,20256,3
11382,20257,6
11382,20258,9
11382,20259,4
11382,20260,6
11382,20261,12
11382,20262,6
11382,20263,2
11382,20264,5
11382,20265,1
11382,20267,2
11382,20268,11
11382,20271,13
11382,20272,8
11382,20273,23
11382,20274,20
11382,20275,35.5
11382,20276,17
11382,20277,2
11382,20278,8
11382,20301,36
11382,20302,72.5
11382,20303,37
11382,20304,27
11383,19868,4
11383,19872,6
11383,19875,27
11383,19876,44
11383,19877,63
11383,19878,31.5
11383,19879,10
11383,19880,16
11383,19881,12
11383,19882,8.5
11383,19883,2
11383,19884,2
11383,20027,2
11383,20036,3
11383,20042,1
11383,20044,6
11383,20045,126
11383,20046,23
11383,20047,7
11383,20049,4
11383,20058,4
11383,20080,1
11383,20081,2
11383,20083,8
11383,20091,5
11383,20092,1
11383,20097,1
11383,20099,1
11383,20102,4
11383,20131,2
11383,20132,1
11383,20133,3
11383,20134,3
11383,20135,1
11383,20137,11
11383,20138,38
11383,20139,15
11383,20140,41
11383,20141,52
11383,20142,18
11383,20143,56
11383,20144,32
11383,20145,12
11383,20146,7
11383,20147,10
11383,20148,5
11383,20149,5
11383,20150,3
11383,20151,10.5
11383,20152,2
11383,20153,4
11383,20154,2
11383,20155,3
11383,20160,7
11383,20161,35
11383,20162,10
11383,20163,15
11383,20164,94.5
11383,20165,52.5
11383,20166,9
11383,20167,50
11383,20168,281
11383,20169,103
11383,20170,419.5
11383,20171,22
11383,20172,316
11383,20173,601.5
11383,20174,660
11383,20175,155
11383,20176,67
11383,20177,28.5
11383,20178,58
11383,20179,42
11383,20180,40
11383,20181,21
11383,20182,3
11383,20183,5
11383,20185,3
11383,20186,1
11383,20187,7
11383,20195,4
11383,20196,8
11383,20197,8
11383,20198,3
11383,20250,4
11383,20251,8
11383,20252,16
11383,20253,19
11383,20254,12
11383,20255,5
11383,20256,3
11383,20258,3
11383,20259,37
11383,20260,27
11383,20261,20
11383,20262,6
11383,20266,4
11383,20268,2
11383,20271,13
11383,20272,9.5
11383,20273,11
11383,20274,16
11383,20276,3
11383,20277,2
11383,20299,10
11383,20300,31
11383,20302,61
11383,20303,92
11383,20304,17
11384,19873,2
11384,19874,6
11384,19875,16
11384,19876,35
11384,19877,31
11384,19878,18
11384,19881,17
11384,19882,9
11384,19958,22.5
11384,19959,1
11384,20029,1
11384,20030,6
11384,20033,1
11384,20039,8
11384,20040,4
11384,20041,4
11384,20043,3
11384,20044,19
11384,20045,278
11384,20046,40
11384,20047,8
11384,20048,47
11384,20055,2
11384,20073,1
11384,20084,1
11384,20085,4
11384,20086,6
11384,20089,2
11384,20092,4
11384,20093,3
11384,20099,2
11384,20110,3
11384,20113,2
11384,20121,4
11384,20131,14
11384,20132,4
11384,20134,6
11384,20138,26
11384,20139,49
11384,20140,48
11384,20141,24
11384,20142,35
11384,20143,33
11384,20144,33
11384,20145,16
11384,20146,20
11384,20147,13
11384,20148,15
11384,20149,24
11384,20150,47
11384,20151,4
11384,20152,2
11384,20153,2
11384,20159,11
11384,20160,11
11384,20161,23
11384,20162,13
11384,20163,19
11384,20164,61
11384,20165,19
11384,20166,32.5
11384,20167,54
11384,20168,368.5
11384,20169,125.5
11384,20170,295
11384,20171,263
11384,20172,299.5
11384,20173,630.5
11384,20174,373
11384,20175,146
11384,20176,139.5
11384,20177,78
11384,20178,82
11384,20179,52
11384,20180,51
11384,20181,31
11384,20183,1
11384,20184,5
11384,20185,2
11384,20188,1
11384,20195,6
11384,20196,8
11384,20197,1
11384,20252,75
11384,20253,12
11384,20257,1
11384,20259,16
11384,20260,23
11384,20261,20
11384,20262,24
11384,20263,75
11384,20265,11
11384,20270,5
11384,20271,9
11384,20272,7
11384,20298,8
11384,20299,96
11384,20300,43
11384,20301,54
11384,20302,40.5
11384,20303,14.5
11384,20304,30.5
11384,20305,3
11385,19873,4
11385,19874,7
11385,19875,22
11385,19876,15.5
11385,19877,9
11385,19878,2
11385,19959,3
11385,19963,1
11385,19980,3
11385,20028,1
11385,20029,1
11385,20033,3
11385,20040,5
11385,20041,5
11385,20042,2
11385,20044,6
11385,20045,41
11385,20046,18.5
11385,20047,9
11385,20055,2
11385,20061,1
11385,20064,3
11385,20075,2
11385,20100,1
11385,20101,3
11385,20110,4
11385,20131,12
11385,20133,7
11385,20134,15
11385,20136,1
11385,20138,1
11385,20139,35
11385,20140,29
11385,20141,41
11385,20142,27.5
11385,20143,13
11385,20144,13
11385,20145,7
11385,20146,1
11385,20148,1
11385,20149,42
11385,20150,57
11385,20151,2
11385,20152,4
11385,20159,10
11385,20160,12
11385,20161,25
11385,20162,10
11385,20163,102
11385,20164,68
11385,20165,80
11385,20166,51
11385,20167,177.5
11385,20168,159.5
11385,20169,109.5
11385,20170,123.5
11385,20171,68
11385,20172,112
11385,20173,306
11385,20174,51
11385,20175,73
11385,20176,166
11385,20177,88
11385,20178,71.5
11385,20179,67
11385,20180,57
11385,20181,54
11385,20182,5
11385,20186,2
11385,20196,7.5
11385,20197,3
11385,20199,4
11385,20200,19
11385,20202,4
11385,20203,2
11385,20204,3
11385,20251,1
11385,20252,31
11385,20253,15
11385,20255,4
11385,20258,4
11385,20259,2
11385,20260,12
11385,20261,2
11385,20264,63
11385,20265,1
11385,20266,2
11385,20267,1
11385,20299,32
11385,20300,63
11385,20301,60.5
11385,20302,125
11385,20303,16
11386,19869,1
11386,19872,3
11386,19874,29
11386,19875,12
11386,19876,9
11386,19877,5
11386,19959,18
11386,19960,15
11386,19967,2
11386,19984,2
11386,19990,2.5
11386,20036,1
11386,20038,2
11386,20041,5
11386,20042,6
11386,20043,6
11386,20044,3
11386,20045,8
11386,20046,4
11386,20047,2
11386,20050,2
11386,20053,3
11386,20054,1
11386,20056,2
11386,20059,3
11386,20060,2
11386,20064,1
11386,20078,2
11386,20083,1
11386,20084,1
11386,20102,1
11386,20118,3
11386,20130,15
11386,20131,12
11386,20132,4
11386,20133,8
11386,20134,2
11386,20135,10
11386,20136,5
11386,20138,3
11386,20139,25
11386,20140,36
11386,20141,21
11386,20142,11
11386,20144,15
11386,20146,2
11386,20149,9
11386,20150,4
11386,20151,8
11386,20152,3
11386,20158,3
11386,20159,14
11386,20160,19
11386,20161,23
11386,20162,15
11386,20163,11
11386,20164,36
11386,20165,54
11386,20166,78
11386,20167,44
11386,20168,23
11386,20169,78
11386,20170,131.5
11386,20171,77.5
11386,20172,63.5
11386,20173,126.5
11386,20174,39.5
11386,20175,22
11386,20176,22.5
11386,20177,34
11386,20178,19
11386,20179,20.5
11386,20180,42
11386,20181,9
11386,20182,6
11386,20185,1
11386,20186,8.5
11386,20187,2
11386,20198,6
11386,20199,13
11386,20200,10.5
11386,20201,2
11386,20202,6
11386,20252,2
11386,20254,2
11386,20255,11
11386,20256,7
11386,20257,4
11386,20258,7
11386,20267,2
11386,20299,11
11386,20300,24
11386,20301,41.5
11386,20302,22
11386,20303,28
11387,19875,3
11387,19954,6
11387,19958,3
11387,19959,21
11387,19960,63.5
11387,19961,45
11387,19962,170.5
11387,19963,18
11387,19964,6
11387,19965,5
11387,19990,2
11387,20041,6
11387,20042,12
11387,20057,3
11387,20128,3
11387,20129,11.5
11387,20130,16
11387,20131,18
11387,20132,17
11387,20133,8
11387,20134,4
11387,20135,8
11387,20136,14
11387,20137,8
11387,20138,26
11387,20139,29
11387,20140,18
11387,20141,2
11387,20143,6
11387,20144,8
11387,20148,1
11387,20150,18.5
11387,20151,4
11387,20152,3
11387,20153,7
11387,20158,2
11387,20159,14
11387,20160,4
11387,20161,17
11387,20162,4
11387,20163,15.5
11387,20164,38
11387,20165,26
11387,20166,47
11387,20167,32
11387,20168,39
11387,20169,65
11387,20170,413
11387,20171,67
11387,20172,90
11387,20173,76
11387,20174,173
11387,20175,13
11387,20176,14
11387,20177,15
11387,20178,19
11387,20179,12
11387,20180,12
11387,20187,1
11387,20189,3
11387,20200,6
11387,20201,11
11387,20202,12
11387,20203,15.5
11387,20206,2
11387,20259,2
11387,20301,8
11387,20343,4
11388,19875,1
11388,19876,12
11388,19957,3
11388,19959,15.5
11388,19960,36
11388,19961,85
11388,19962,112.5
11388,19963,65
11388,19985,1
11388,19989,2
11388,19990,1
11388,19991,4
11388,19993,2
11388,20038,1
11388,20039,2
11388,20041,2
11388,20042,2
11388,20124,4
11388,20125,2
11388,20126,1
11388,20127,9
11388,20128,4
11388,20129,12
11388,20130,16
11388,20131,2
11388,20132,11
11388,20135,8
11388,20136,22
11388,20138,13
11388,20139,7
11388,20141,5
11388,20142,4
11388,20144,4
11388,20149,9
11388,20150,10
11388,20151,4
11388,20152,5
11388,20154,3
11388,20157,4
11388,20158,3
11388,20159,11
11388,20160,9
11388,20161,7
11388,20162,6
11388,20163,9
11388,20164,27.5
11388,20165,33
11388,20166,21
11388,20167,23
11388,20168,73.5
11388,20169,91
11388,20170,44
11388,20171,42
11388,20172,34
11388,20173,48
11388,20174,28
11388,20175,10
11388,20176,12
11388,20177,1
11388,20179,5
11388,20191,2
11388,20192,2
11388,20194,1
11388,20195,2
11388,20199,4
11388,20200,3
11388,20201,4
11388,20202,4
11388,20337,5
11388,20339,14
11388,20340,9
11388,20346,1
11388,20349,3
11389,19958,4
11389,19959,61
11389,19960,33
11389,19961,32
11389,19962,81.5
11389,19963,16
11389,19964,19
11389,19977,3
11389,19983,5
11389,19986,3
11389,19988,4
11389,19990,1
11389,19992,3
11389,19995,1
11389,20035,1
11389,20044,4
11389,20045,2
11389,20062,2
11389,20067,1
11389,20089,2
11389,20090,7
11389,20091,2
11389,20109,3
11389,20127,2
11389,20128,8
11389,20129,7
11389,20130,12
11389,20131,2
11389,20132,7
11389,20133,6
11389,20136,4
11389,20137,11
11389,20138,7
11389,20139,8
11389,20140,13
11389,20141,4
11389,20142,4
11389,20145,1
11389,20147,4
11389,20148,7
11389,20149,4
11389,20150,3
11389,20153,3
11389,20158,2
11389,20159,6
11389,20160,8
11389,20161,6
11389,20163,1
11389,20164,61
11389,20165,23
11389,20166,16
11389,20167,80.5
11389,20168,43
11389,20169,21
11389,20170,19
11389,20171,30
11389,20172,37
11389,20173,21
11389,20174,9
11389,20175,3
11389,20176,3.5
11389,20180,3.5
11389,20190,8
11389,20191,3
11389,20192,2
11389,20196,10
11389,20197,1
11389,20198,6
11389,20337,10
11389,20338,5
11389,20348,4
11389,20349,8
11389,20350,3
11390,19957,11
11390,19958,34
11390,19959,29
11390,19960,35
11390,19961,30
11390,19963,25
11390,19964,19
11390,19983,4.5
11390,19992,2
11390,19994,2
11390,20036,1
11390,20040,3
11390,20042,2
11390,20068,2
11390,20088,24
11390,20089,16
11390,20090,16
11390,20091,2
11390,20108,5
11390,20109,3
11390,20110,4
11390,20112,2
11390,20123,5
11390,20128,1
11390,20129,4
11390,20130,13
11390,20131,3
11390,20135,3
11390,20136,15
11390,20137,10
11390,20138,14
11390,20139,18
11390,20140,10
11390,20141,12
11390,20144,6
11390,20145,2
11390,20147,5
11390,20148,4
11390,20150,2
11390,20153,7
11390,20155,1
11390,20160,2
11390,20162,7
11390,20163,12
11390,20164,8
11390,20165,4
11390,20166,26
11390,20167,26
11390,20168,37
11390,20169,26
11390,20170,24
11390,20171,20
11390,20172,7
11390,20173,2
11390,20189,5
11390,20190,15
11390,20191,3
11390,20192,4
11390,20193,1
11390,20194,4
11390,20195,5
11390,20196,4
11390,20199,4
11390,20200,3
11390,20218,1
11390,20260,1
11390,20261,3
11390,20266,4
11390,20336,8.5
11390,20337,6
11390,20340,1
11390,20347,4.5
11390,20348,20
11390,20349,23
11390,20350,17
11390,20351,15
11390,20352,6
11390,20353,1
11391,19957,10
11391,19958,24
11391,19959,36
11391,19961,1
11391,19963,17
11391,19964,12
11391,19974,2
11391,19983,7
11391,19985,1
11391,19987,2
11391,19989,1
11391,19991,1
11391,19992,3
11391,20043,1
11391,20063,1
11391,20067,1
11391,20085,4
11391,20087,9
11391,20088,20
11391,20089,2
11391,20106,1
11391,20109,2
11391,20110,7
11391,20112,6
11391,20128,6
11391,20131,1
11391,20132,6
11391,20133,16.5
11391,20134,3
11391,20135,5
11391,20136,20
11391,20137,19
11391,20138,6
11391,20139,6
11391,20140,5
11391,20141,11
11391,20145,2
11391,20146,6
11391,20147,3
11391,20148,8
11391,20150,3
11391,20155,6
11391,20159,3
11391,20160,3
11391,20161,10
11391,20162,4
11391,20163,31
11391,20164,15
11391,20165,7
11391,20166,22
11391,20167,29
11391,20168,18
11391,20169,17
11391,20170,12
11391,20172,4
11391,20173,2
11391,20182,2
11391,20187,1
11391,20189,2
11391,20190,11
11391,20191,6
11391,20192,7
11391,20194,24
11391,20195,15
11391,20196,4
11391,20198,9
11391,20202,1
11391,20212,4
11391,20259,5
11391,20260,7
11391,20261,8
11391,20262,16
11391,20263,2
11391,20264,4
11391,20265,12
11391,20342,6
11391,20348,9
11391,20351,6
11391,20352,19.5
11391,20353,2
11392,19962,5
11392,19963,16
11392,19964,6
11392,19976,2
11392,19977,3
11392,19979,2
11392,19983,2
11392,19985,1
11392,19989,4
11392,19990,2
11392,19992,2
11392,20035,1
11392,20036,4
11392,20040,1
11392,20046,1
11392,20049,4
11392,20064,4
11392,20079,4
11392,20085,1
11392,20086,4
11392,20104,2
11392,20109,2
11392,20114,7
11392,20127,2
11392,20128,4
11392,20130,4
11392,20131,21
11392,20132,11
11392,20133,19
11392,20134,16
11392,20135,3
11392,20136,9
11392,20137,12
11392,20139,2
11392,20141,1
11392,20142,1
11392,20145,4
11392,20148,1
11392,20160,3
11392,20161,8
11392,20162,14
11392,20163,10
11392,20164,2
11392,20165,1
11392,20167,6
11392,20168,24
11392,20169,4
11392,20170,4
11392,20183,1
11392,20190,11
11392,20191,26
11392,20192,18.5
11392,20193,8
11392,20194,13
11392,20195,54.5
11392,20196,74
11392,20197,20
11392,20198,3
11392,20201,3
11392,20206,3
11392,20216,2
11392,20259,6
11392,20260,4
11392,20262,6
11392,20263,16
11392,20264,11
11392,20265,6
11392,20266,10
11392,20346,2.5
11392,20351,1
11392,20352,11.5
11392,20353,3
11393,19962,7
11393,19963,10
11393,19964,2
11393,19977,1
11393,19984,1
11393,19985,6
11393,19987,11
11393,19992,4
11393,20034,1
11393,20036,8
11393,20066,1
11393,20072,3
11393,20075,3
11393,20076,4
11393,20080,5
11393,20081,6
11393,20082,1
11393,20085,14
11393,20087,2
11393,20127,2
11393,20130,4.5
11393,20131,15
11393,20132,19
11393,20134,3
11393,20135,14
11393,20136,12
11393,20137,6
11393,20141,2
11393,20151,5
11393,20154,4
11393,20159,13.5
11393,20160,12.5
11393,20161,5
11393,20162,6
11393,20163,2
11393,20164,13
11393,20165,15
11393,20166,5
11393,20167,3
11393,20168,3
11393,20187,4
11393,20188,7
11393,20190,17
11393,20191,13.5
11393,20193,12
11393,20195,22
11393,20196,34
11393,20197,41
11393,20198,1
11393,20199,2
11393,20200,6
11393,20201,11
11393,20202,4
11393,20231,3
11393,20257,1
11393,20258,36
11393,20259,8
11393,20261,2
11393,20262,7
11393,20263,6
11393,20264,2
11393,20265,11
11393,20266,40.5
11393,20267,73
11393,20268,9
11393,20351,9
11393,20352,17
11394,19961,2
11394,19966,7
11394,19978,2
11394,19981,4
11394,19983,1
11394,19984,5
11394,19986,3
11394,19989,3
11394,19990,1.5
11394,20035,6
11394,20036,6
11394,20038,2
11394,20042,2.5
11394,20046,2
11394,20050,1
11394,20062,3
11394,20071,5
11394,20076,21
11394,20077,37
11394,20078,2
11394,20079,6
11394,20080,2
11394,20081,15
11394,20084,8
11394,20085,14
11394,20104,4
11394,20106,1.5
11394,20107,5
11394,20108,3
11394,20110,3
11394,20130,11
11394,20131,18
11394,20133,2
11394,20135,5
11394,20136,14
11394,20146,2
11394,20157,6
11394,20158,3
11394,20159,6
11394,20160,7
11394,20161,3
11394,20162,11
11394,20163,7
11394,20164,12
11394,20166,2
11394,20167,4
11394,20190,14
11394,20191,6
11394,20192,4
11394,20193,6
11394,20195,2
11394,20197,8
11394,20198,2
11394,20199,7
11394,20200,25.5
11394,20201,8.5
11394,20202,5
11394,20257,3
11394,20261,13
11394,20262,6
11394,20264,9
11394,20265,12
11394,20266,23
11394,20267,34.5
11394,20268,9
11394,20350,4
11394,20351,2
11394,20352,24
11395,19963,3
11395,19966,2
11395,19976,1
11395,19977,2
11395,19983,2
11395,19984,3
11395,19985,8
11395,19986,3
11395,19989,1
11395,19993,2
11395,20034,4
11395,20035,2
11395,20039,2
11395,20045,1
11395,20063,2
11395,20068,3
11395,20076,26
11395,20077,22
11395,20078,23
11395,20079,5
11395,20082,2
11395,20083,2
11395,20084,11
11395,20091,3
11395,20105,3
11395,20107,2
11395,20126,2
11395,20131,1
11395,20135,6
11395,20136,3.5
11395,20141,2
11395,20142,4
11395,20145,5
11395,20148,7
11395,20149,1
11395,20151,2
11395,20156,26
11395,20157,2
11395,20158,4
11395,20159,11
11395,20161,6
11395,20162,5
11395,20163,2
11395,20165,2
11395,20176,1
11395,20188,2
11395,20189,2
11395,20190,12
11395,20191,4
11395,20192,23
11395,20193,3
11395,20198,5
11395,20199,6
11395,20200,11
11395,20201,1
11395,20203,1
11395,20260,7
11395,20262,1
11395,20263,25
11395,20264,53
11395,20265,154.5
11395,20266,41.5
11395,20267,37
11395,20268,7
11395,20351,9
11396,19927,4
11396,19962,2
11396,19975,2
11396,19977,2
11396,19978,2
11396,19979,2
11396,19981,1
11396,19988,7
11396,19991,1
11396,20032,3
11396,20042,2
11396,20050,4
11396,20069,2
11396,20070,3
11396,20071,3
11396,20072,10
11396,20073,16
11396,20074,2
11396,20075,18
11396,20076,18
11396,20077,17
11396,20078,35
11396,20079,18
11396,20080,2
11396,20081,2
11396,20082,8
11396,20083,4
11396,20084,7
11396,20090,1
11396,20092,3
11396,20099,2
11396,20104,10
11396,20106,1
11396,20107,4
11396,20126,1
11396,20135,4
11396,20136,1
11396,20139,3
11396,20144,6
11396,20156,7
11396,20157,7
11396,20158,21
11396,20188,33
11396,20189,30
11396,20190,5
11396,20191,6
11396,20192,6
11396,20198,3
11396,20199,12
11396,20200,2.5
11396,20205,2
11396,20209,7
11396,20212,2
11396,20261,6
11396,20262,22.5
11396,20263,60
11396,20264,48
11396,20265,16
11396,20266,44.5
11396,20267,27
11396,20268,23.5
11396,20351,10
11397,19964,5
11397,19975,1
11397,19978,2
11397,19980,1
11397,19982,4
11397,19983,1
11397,19987,1
11397,19989,1
11397,19990,3
11397,19996,2
11397,20043,2
11397,20069,11
11397,20070,9
11397,20071,9
11397,20072,7
11397,20073,4
11397,20074,7
11397,20075,15
11397,20076,16
11397,20077,38
11397,20078,43
11397,20079,13
11397,20081,13
11397,20082,20
11397,20083,2
11397,20085,3
11397,20087,3
11397,20088,3
11397,20089,2
11397,20090,3
11397,20091,2
11397,20092,2
11397,20093,1
11397,20098,2
11397,20099,1
11397,20101,16
11397,20102,3
11397,20103,7
11397,20104,2
11397,20106,3
11397,20107,7
11397,20108,10
11397,20109,2
11397,20135,4
11397,20138,4
11397,20139,41.5
11397,20140,3
11397,20152,3
11397,20156,9
11397,20187,7
11397,20188,25
11397,20189,23
11397,20190,19.5
11397,20191,2
11397,20192,1
11397,20195,1
11397,20197,2
11397,20198,14.5
11397,20199,11
11397,20206,4
11397,20215,1
11397,20260,12
11397,20261,6
11397,20262,1
11397,20263,2
11397,20264,28
11397,20265,23
11397,20266,42
11397,20267,26
11397,20268,18
11397,20350,1
11398,19966,2
11398,19974,2
11398,19975,2
11398,19981,7
11398,19982,3
11398,19983,1
11398,19984,10
11398,19985,10
11398,19987,1
11398,19988,12
11398,19989,1
11398,19990,7
11398,19996,13
11398,19997,5
11398,20048,2
11398,20058,3
11398,20070,4
11398,20071,7
11398,20074,3
11398,20075,10
11398,20076,22
11398,20077,10
11398,20078,11
11398,20079,19
11398,20080,8
11398,20081,12.5
11398,20082,26
11398,20083,17
11398,20085,9
11398,20086,5
11398,20087,18
11398,20088,24
11398,20089,16
11398,20090,11
11398,20091,6
11398,20092,15
11398,20093,7
11398,20094,2
11398,20095,3
11398,20096,18
11398,20097,5
11398,20098,10
11398,20103,2
11398,20104,4
11398,20106,19
11398,20107,6
11398,20108,11
11398,20125,9
11398,20126,5
11398,20135,4
11398,20136,2
11398,20140,4
11398,20151,3
11398,20153,7
11398,20154,2
11398,20157,8
11398,20158,4
11398,20186,29
11398,20187,111.5
11398,20188,16
11398,20189,1
11398,20190,7.5
11398,20191,11
11398,20193,3
11398,20194,18
11398,20195,26
11398,20196,4
11398,20197,8
11398,20206,7
11398,20207,5
11398,20209,1
11398,20215,1
11398,20221,2
11398,20260,3
11398,20261,4
11398,20262,20
11398,20263,13
11398,20264,15
11398,20265,9
11398,20266,17
11398,20267,23
11398,20268,3
11398,20296,3
11399,19965,2
11399,19966,9
11399,19973,2
11399,19978,2
11399,19980,4
11399,19981,2
11399,19984,8
11399,19985,28
11399,19986,24
11399,19987,6
11399,19988,39
11399,19989,24
11399,19990,15
11399,19991,6
11399,19993,5
11399,19995,2
11399,19996,14
11399,19997,10
11399,19998,2
11399,19999,7
11399,20006,4
11399,20007,2
11399,20009,1
11399,20037,2
11399,20038,2
11399,20056,2
11399,20058,1
11399,20076,2
11399,20078,6
11399,20079,28.5
11399,20080,8
11399,20081,12
11399,20082,3
11399,20083,24
11399,20084,10
11399,20085,28
11399,20086,32
11399,20087,17.5
11399,20088,8
11399,20089,3
11399,20090,10.5
11399,20091,4
11399,20092,5
11399,20094,8
11399,20095,3
11399,20096,7
11399,20097,5
11399,20098,2
11399,20099,2
11399,20100,1
11399,20102,4
11399,20104,3
11399,20106,6
11399,20107,17.5
11399,20112,9
11399,20124,1
11399,20125,4
11399,20133,1
11399,20134,3
11399,20142,4
11399,20152,4
11399,20153,35.5
11399,20154,1
11399,20156,2
11399,20157,4
11399,20185,15
11399,20186,49
11399,20187,185.5
11399,20188,9
11399,20189,17
11399,20190,2
11399,20191,2
11399,20192,9
11399,20193,28
11399,20194,22
11399,20195,15
11399,20196,4
11399,20201,4
11399,20207,1
11399,20210,2
11399,20214,3
11399,20220,2
11399,20222,2
11399,20250,1
11399,20251,2
11399,20262,13
11399,20263,8
11399,20264,19.5
11399,20265,15
11399,20266,15
11399,20267,4
11399,20268,7
11399,20294,1
11399,20348,9
11400,19964,1
11400,19980,2
11400,19984,6
11400,19985,15
11400,19986,24
11400,19987,55
11400,19988,55
11400,19989,20
11400,19995,14
11400,19996,6
11400,19997,46
11400,19998,114.5
11400,19999,6
11400,20001,4
11400,20007,4
11400,20009,3
11400,20026,5
11400,20031,1
11400,20055,3
11400,20057,2
11400,20058,5
11400,20060,2
11400,20063,1
11400,20078,8
11400,20079,6
11400,20080,80
11400,20081,58
11400,20082,12
11400,20083,23.5
11400,20084,36.5
11400,20085,90.5
11400,20086,37.5
11400,20087,6
11400,20088,12
11400,20089,23
11400,20090,11
11400,20092,2
11400,20093,2
11400,20094,5.5
11400,20097,2
11400,20098,3
11400,20099,1
11400,20100,7
11400,20101,4
11400,20102,20
11400,20103,24
11400,20104,6
11400,20105,4
11400,20106,4
11400,20107,6
11400,20134,2
11400,20139,2
11400,20153,17
11400,20154,10
11400,20156,13
11400,20157,4.5
11400,20182,4
11400,20184,1
11400,20185,30
11400,20186,133.5
11400,20187,43
11400,20188,31
11400,20189,50
11400,20190,18
11400,20192,21
11400,20193,10
11400,20200,4
11400,20201,20
11400,20202,23
11400,20203,13
11400,20204,10
11400,20205,4
11400,20206,5
11400,20208,2
11400,20209,1
11400,20211,8
11400,20212,7
11400,20213,8
11400,20219,2
11400,20256,5
11400,20262,2
11400,20294,5
11400,20345,1
11400,20350,1
11401,19887,2
11401,19964,3
11401,19968,2
11401,19976,2
11401,19977,4
11401,19979,1
11401,19980,3
11401,19985,1
11401,19986,13
11401,19987,10
11401,19988,38
11401,19989,13
11401,19994,9
11401,19995,17
11401,19996,59.5
11401,19997,41
11401,19998,5
11401,19999,2
11401,20000,2
11401,20002,6
11401,20005,2
11401,20030,1
11401,20047,3
11401,20056,3
11401,20057,5
11401,20058,1
11401,20076,2
11401,20078,8
11401,20079,98
11401,20080,162.5
11401,20081,111.5
11401,20082,39
11401,20083,7
11401,20084,6
11401,20085,14.5
11401,20086,36
11401,20087,18
11401,20088,15
11401,20089,7
11401,20090,8
11401,20093,4
11401,20097,2
11401,20098,1
11401,20099,2
11401,20100,2.5
11401,20101,8
11401,20102,12
11401,20103,15
11401,20104,29
11401,20105,27
11401,20106,2
11401,20107,4
11401,20129,1
11401,20133,3
11401,20153,1
11401,20156,8
11401,20157,2
11401,20172,1
11401,20184,20
11401,20185,86
11401,20186,24
11401,20187,51
11401,20188,22
11401,20189,17
11401,20190,46
11401,20191,4
11401,20192,3
11401,20199,1
11401,20200,7
11401,20201,1
11401,20202,1
11401,20204,6
11401,20208,7
11401,20209,2
11401,20210,5
11401,20214,10
11401,20215,1
11401,20216,2
11401,20221,3
11401,20226,2
11401,20249,1
11401,20252,1
11401,20274,1
11401,20288,2
11401,20296,1
11401,20297,5
11401,20342,20
11401,20344,3
11401,20345,4
11401,20348,3
11401,20349,4
11401,20350,16
11402,19978,2
11402,19979,2
11402,19983,10
11402,19984,12
11402,19985,13
11402,19986,5
11402,19987,1
11402,19988,21
11402,19989,52
11402,19990,12.5
11402,19991,14
11402,19994,5
11402,19995,10
11402,19996,9
11402,19997,8
11402,19999,6
11402,20000,3
11402,20001,2
11402,20002,1
11402,20011,7
11402,20012,3
11402,20014,5
11402,20021,2
11402,20057,2
11402,20063,6
11402,20073,5
11402,20075,6
11402,20076,10
11402,20077,1
11402,20078,45
11402,20079,478
11402,20080,182
11402,20081,21.5
11402,20082,8
11402,20085,2
11402,20086,1
11402,20087,47
11402,20088,24
11402,20089,18
11402,20090,1
11402,20092,2
11402,20093,8
11402,20097,2
11402,20098,7
11402,20100,7
11402,20101,2
11402,20102,4
11402,20118,2
11402,20128,3
11402,20156,3
11402,20157,15
11402,20185,27
11402,20186,19
11402,20187,2
11402,20193,2
11402,20201,4
11402,20205,2
11402,20213,2
11402,20215,1
11402,20216,5
11402,20221,4
11402,20222,1
11402,20223,4
11402,20256,1
11402,20259,2
11402,20260,2
11402,20262,2
11402,20267,4
11402,20268,2
11402,20284,2
11402,20287,4
11402,20289,7
11402,20290,2
11402,20294,2
11402,20296,1
11402,20329,1
11402,20341,3
11402,20342,36
11402,20343,7
11402,20349,6
11402,20350,45
11402,20351,12
11403,19901,4
11403,19964,3
11403,19978,2
11403,19982,1.5
11403,19983,13
11403,19984,30
11403,19985,12
11403,19986,1
11403,19987,102.5
11403,19988,367
11403,19989,203
11403,19990,24
11403,19991,16
11403,19994,3
11403,19995,2
11403,19996,6
11403,19997,6
11403,19998,5
11403,20000,16
11403,20001,2
11403,20002,8
11403,20015,3
11403,20016,1
11403,20020,2
11403,20037,7
11403,20058,5
11403,20063,2
11403,20064,3
11403,20073,1
11403,20074,1
11403,20075,1
11403,20076,4
11403,20077,10
11403,20078,17
11403,20079,80
11403,20080,17
11403,20081,20
11403,20083,1
11403,20085,2
11403,20086,4
11403,20087,16
11403,20088,14
11403,20089,15
11403,20095,3
11403,20097,9
11403,20098,20
11403,20099,6
11403,20101,5
11403,20103,9
11403,20117,11
11403,20118,6
11403,20133,3
11403,20138,2
11403,20157,12
11403,20158,2
11403,20165,2
11403,20166,9
11403,20183,12
11403,20184,33
11403,20185,24
11403,20186,7
11403,20197,3
11403,20200,5
11403,20201,8
11403,20202,15
11403,20203,1
11403,20210,2
11403,20211,1
11403,20212,5
11403,20214,2
11403,20215,2
11403,20216,4
11403,20219,2
11403,20220,1
11403,20221,3
11403,20222,3
11403,20231,2
11403,20249,5
11403,20257,1
11403,20258,21
11403,20259,11
11403,20260,8
11403,20261,4
11403,20265,2
11403,20268,8.5
11403,20273,6
11403,20322,2
11403,20323,7
11403,20325,4
11403,20327,3
11403,20328,3
11403,20341,119.5
11403,20342,11
11403,20348,4
11403,20349,38
11403,20350,2
11403,20351,13
11404,19900,2
11404,19970,2
11404,19971,2
11404,19976,2
11404,19978,2
11404,19979,1
11404,19981,1
11404,19983,5
11404,19984,29
11404,19985,19
11404,19986,16
11404,19987,115
11404,19988,89
11404,19989,53
11404,19990,32.5
11404,19991,6
11404,19993,6
11404,19995,3
11404,19996,7
11404,19997,4
11404,19998,2
11404,20000,9
11404,20001,19
11404,20002,14
11404,20003,15
11404,20004,4
11404,20006,9
11404,20015,2
11404,20022,2
11404,20058,1
11404,20060,10
11404,20063,6
11404,20064,11
11404,20065,4
11404,20066,1
11404,20067,7
11404,20068,10
11404,20070,1
11404,20071,20
11404,20072,4
11404,20073,2
11404,20075,3
11404,20076,7
11404,20077,34
11404,20078,17
11404,20079,3
11404,20080,8
11404,20081,7
11404,20082,5
11404,20083,25
11404,20084,13
11404,20085,20
11404,20086,18
11404,20087,13
11404,20088,9
11404,20089,8
11404,20091,1
11404,20095,2
11404,20096,4
11404,20097,3
11404,20098,1
11404,20099,19
11404,20100,7
11404,20101,8
11404,20102,1
11404,20139,1
11404,20155,1
11404,20157,19
11404,20183,13
11404,20184,28
11404,20185,17
11404,20186,6
11404,20192,3
11404,20194,2
11404,20195,20
11404,20196,8
11404,20197,3
11404,20198,2
11404,20202,14
11404,20203,9
11404,20204,7
11404,20207,4
11404,20208,2
11404,20210,3
11404,20211,7
11404,20212,22
11404,20215,5
11404,20216,1
11404,20217,2
11404,20219,1
11404,20220,2
11404,20237,2
11404,20238,3
11404,20248,2
11404,20249,2
11404,20250,2
11404,20255,2
11404,20259,10
11404,20260,11
11404,20261,3
11404,20262,2
11404,20264,21
11404,20265,3
11404,20267,13
11404,20268,4
11404,20269,3
11404,20275,7
11404,20276,2
11404,20279,2
11404,20287,4
11404,20289,3
11404,20297,4
11404,20301,3
11404,20309,1
11404,20323,5
11404,20324,30.5
11404,20325,30.5
11404,20326,9
11404,20327,8
11404,20338,4
11404,20339,3.5
11404,20340,59
11404,20341,1
11404,20348,1
11404,20349,24
11404,20351,2
11404,20352,4
11405,19968,2
11405,19975,3
11405,19977,2
11405,19978,2
11405,19979,4
11405,19980,2
11405,19982,2
11405,19983,3.5
11405,19984,2
11405,19985,6
11405,19986,15
11405,19987,23
11405,19988,31
11405,19989,16
11405,19990,8
11405,19992,2
11405,19993,2
11405,19997,2
11405,20000,3
11405,20001,13
11405,20002,19
11405,20003,19
11405,20004,14
11405,20006,4
11405,20017,4
11405,20018,1
11405,20045,3
11405,20048,2
11405,20049,4
11405,20050,3
11405,20057,2
11405,20058,118.5
11405,20059,14
11405,20060,38
11405,20061,28.5
11405,20062,7
11405,20063,8
11405,20065,9
11405,20067,6
11405,20068,3
11405,20069,2
11405,20070,5
11405,20071,12
11405,20072,4
11405,20073,2
11405,20074,2
11405,20075,5
11405,20077,3
11405,20078,4
11405,20079,12
11405,20081,4
11405,20082,17
11405,20083,22.5
11405,20084,18
11405,20085,11
11405,20086,16
11405,20087,11
11405,20089,7
11405,20095,6
11405,20096,4
11405,20097,3
11405,20101,10
11405,20102,8
11405,20103,3
11405,20104,1
11405,20111,1
11405,20143,3
11405,20146,3
11405,20147,3
11405,20157,11
11405,20158,15.5
11405,20183,2
11405,20192,1
11405,20195,2
11405,20202,4
11405,20203,6
11405,20204,2
11405,20205,2
11405,20206,9
11405,20208,1
11405,20209,3
11405,20210,8
11405,20211,52
11405,20212,28
11405,20213,4
11405,20215,2
11405,20218,2
11405,20236,2
11405,20237,17
11405,20247,3
11405,20255,8
11405,20256,3
11405,20260,9
11405,20261,10
11405,20262,25
11405,20263,38
11405,20264,14
11405,20265,24.5
11405,20266,6
11405,20267,4
11405,20269,4
11405,20275,1
11405,20276,2
11405,20289,9
11405,20297,2
11405,20300,2
11405,20301,1
11405,20303,2
11405,20304,8
11405,20307,2
11405,20324,3
11405,20327,2
11405,20335,4.5
11405,20336,14
11405,20338,29.5
11405,20339,26
11405,20340,17
11405,20341,32
11405,20342,2
11405,20345,5
11405,20349,21
11405,20350,1
11405,20351,2
11405,20352,18
11406,19901,3
11406,19969,3
11406,19973,1
11406,19978,1
11406,19979,1
11406,19980,2
11406,19981,1
11406,19985,11
11406,19986,25.5
11406,19987,6
11406,19988,15
11406,19989,14
11406,19990,8
11406,19991,6
11406,19993,1
11406,19998,2
11406,20003,2
11406,20009,3
11406,20016,1
11406,20048,7
11406,20049,6
11406,20050,15
11406,20051,16.5
11406,20052,5
11406,20058,20
11406,20059,17
11406,20060,11
11406,20061,8
11406,20062,16
11406,20064,2
11406,20065,8
11406,20066,5
11406,20070,20
11406,20071,5
11406,20072,11
11406,20073,4
11406,20074,2
11406,20075,7
11406,20076,16
11406,20077,5
11406,20078,7
11406,20079,14
11406,20080,7
11406,20081,2
11406,20082,8
11406,20083,18.5
11406,20084,11
11406,20085,6
11406,20086,13
11406,20087,2
11406,20092,10
11406,20095,12
11406,20096,39
11406,20100,10
11406,20101,4
11406,20102,8
11406,20109,5
11406,20113,3
11406,20140,2
11406,20143,1
11406,20157,19
11406,20158,10.5
11406,20181,2
11406,20182,7
11406,20195,2
11406,20197,3.5
11406,20198,6
11406,20204,25
11406,20205,5
11406,20206,2
11406,20207,5
11406,20208,13
11406,20209,22.5
11406,20210,17
11406,20212,3
11406,20222,3
11406,20236,1
11406,20237,46.5
11406,20247,12
11406,20258,2
11406,20259,7
11406,20260,6
11406,20261,9
11406,20262,14
11406,20263,18
11406,20264,21
11406,20265,32
11406,20266,34
11406,20267,20
11406,20268,2
11406,20269,3
11406,20270,6
11406,20271,5
11406,20272,3
11406,20273,1
11406,20275,4
11406,20276,4
11406,20299,5
11406,20302,1
11406,20304,4
11406,20308,7
11406,20333,6
11406,20335,5
11406,20336,7
11406,20339,2
11406,20341,13
11406,20342,27
11406,20345,2
11406,20346,13
11406,20349,11
11406,20350,4.5
11406,20352,6
11406,20353,41
11406,20354,42
11407,19892,3
11407,19981,3
11407,19984,1
11407,19987,1
11407,19988,40
11407,19989,10
11407,19990,10
11407,19993,5
11407,20005,1
11407,20008,4
11407,20009,2
11407,20019,5
11407,20048,2
11407,20049,10
11407,20050,4
11407,20051,5
11407,20052,36.5
11407,20054,11
11407,20057,7
11407,20058,16.5
11407,20059,8
11407,20060,9
11407,20061,10
11407,20062,1
11407,20064,3
11407,20066,1
11407,20067,4
11407,20068,1
11407,20069,4
11407,20070,15
11407,20071,5
11407,20072,2
11407,20073,33.5
11407,20074,12
11407,20075,2
11407,20076,5
11407,20077,5
11407,20079,5
11407,20082,10
11407,20083,3
11407,20084,5
11407,20085,12
11407,20086,1
11407,20087,2
11407,20093,5
11407,20095,3
11407,20096,3.5
11407,20098,4
11407,20099,7
11407,20100,8
11407,20110,5
11407,20113,4
11407,20145,1
11407,20152,2
11407,20190,2
11407,20197,1
11407,20203,8
11407,20205,2
11407,20206,2
11407,20207,13
11407,20208,18
11407,20209,9.5
11407,20236,12
11407,20237,16
11407,20244,9
11407,20245,54
11407,20246,122
11407,20248,8
11407,20255,7
11407,20256,17
11407,20257,7
11407,20258,13
11407,20260,1
11407,20261,3
11407,20262,12
11407,20263,19
11407,20264,3
11407,20265,18
11407,20266,10
11407,20267,7
11407,20268,20
11407,20269,19
11407,20270,15
11407,20271,16
11407,20272,2
11407,20273,2
11407,20297,4
11407,20303,19
11407,20304,11
11407,20305,6
11407,20306,4
11407,20307,11
11407,20308,16
11407,20318,5
11407,20333,2
11407,20337,8
11407,20342,9
11407,20346,30
11407,20347,3
11407,20349,6
11407,20350,4
11407,20354,1
11408,19979,2
11408,19980,5
11408,19982,2
11408,19984,3
11408,19985,6
11408,19986,20
11408,19987,39
11408,19988,53
11408,19989,77
11408,19990,28.5
11408,19991,22
11408,19992,7
11408,19993,7
11408,19994,5
11408,20008,2
11408,20013,3
11408,20014,1
11408,20050,3
11408,20051,4
11408,20052,5
11408,20053,6
11408,20057,2
11408,20058,8
11408,20059,28
11408,20060,25
11408,20061,6
11408,20064,11
11408,20070,4
11408,20071,7
11408,20072,14
11408,20073,19
11408,20075,3
11408,20081,2
11408,20082,6
11408,20083,7
11408,20086,2
11408,20087,5
11408,20088,3
11408,20089,5
11408,20090,10.5
11408,20094,3
11408,20095,7
11408,20096,3
11408,20097,47.5
11408,20098,14.5
11408,20099,22
11408,20100,20
11408,20110,1
11408,20112,1
11408,20148,5
11408,20149,5.5
11408,20190,2
11408,20192,1
11408,20193,2
11408,20194,2
11408,20195,7
11408,20196,2
11408,20197,6
11408,20198,10
11408,20199,1
11408,20201,2
11408,20202,3
11408,20203,16
11408,20204,20
11408,20205,5
11408,20206,10.5
11408,20207,12.5
11408,20209,3
11408,20235,3
11408,20237,2
11408,20244,2
11408,20245,32
11408,20256,6
11408,20257,14
11408,20258,8
11408,20259,17.5
11408,20260,12
11408,20261,4
11408,20262,7
11408,20263,22
11408,20264,9
11408,20265,31
11408,20266,24
11408,20267,24
11408,20268,4
11408,20269,10
11408,20270,6
11408,20272,2
11408,20276,7
11408,20277,3
11408,20283,4
11408,20293,2
11408,20294,3
11408,20295,10
11408,20297,4
11408,20300,11
11408,20301,2
11408,20302,3
11408,20303,13
11408,20304,8
11408,20305,19
11408,20306,19
11408,20307,22
11408,20308,4
11408,20334,1
11408,20337,3
11408,20341,6
11408,20342,14
11408,20346,14
11408,20347,17
11409,19985,12
11409,19986,67.5
11409,19987,131
11409,19988,38.5
11409,19989,11
11409,19990,2
11409,19992,1
11409,19995,2
11409,19996,4
11409,19997,1
11409,20010,2
11409,20059,7
11409,20060,2.5
11409,20061,3
11409,20064,5
11409,20072,7
11409,20073,5
11409,20075,1
11409,20082,2
11409,20083,2
11409,20084,9
11409,20086,2
11409,20087,1
11409,20088,4
11409,20089,4
11409,20090,10
11409,20091,2
11409,20092,5
11409,20093,4
11409,20094,2
11409,20095,6.5
11409,20096,21
11409,20097,22
11409,20098,2
11409,20099,8
11409,20100,11
11409,20104,1
11409,20107,2
11409,20110,2
11409,20145,2
11409,20163,1
11409,20189,3
11409,20195,5
11409,20196,1
11409,20197,12
11409,20198,6
11409,20199,3
11409,20200,7
11409,20201,9
11409,20202,11
11409,20203,3
11409,20204,1
11409,20206,36
11409,20207,24
11409,20208,6
11409,20257,8
11409,20258,5
11409,20260,28
11409,20261,7
11409,20262,15
11409,20263,11
11409,20264,10
11409,20265,10
11409,20266,23
11409,20267,21
11409,20268,6.5
11409,20269,8
11409,20275,4
11409,20276,3
11409,20280,2
11409,20287,3
11409,20290,1
11409,20291,2.5
11409,20293,3.5
11409,20294,11
11409,20295,7
11409,20296,9
11409,20297,1
11409,20298,2
11409,20299,4
11409,20303,8
11409,20304,1
11409,20305,3
11409,20306,12
11409,20307,9
11409,20308,26
11409,20309,2
11409,20332,4
11409,20333,4
11409,20337,2
11409,20341,6
11409,20342,24.5
11409,20346,20
11409,20347,14
11409,20354,14.5
11410,19875,2
11410,19876,2
11410,19929,1
11410,19977,1
11410,19983,1
11410,19986,42
11410,19987,29
11410,19988,29
11410,19989,1
11410,19991,1
11410,19993,3
11410,19994,4
11410,20007,3
11410,20049,1
11410,20050,2
11410,20058,18
11410,20059,11
11410,20061,1
11410,20074,2
11410,20081,2
11410,20082,4
11410,20083,2
11410,20089,2
11410,20090,1
11410,20091,6
11410,20092,5
11410,20093,2
11410,20094,5
11410,20095,9
11410,20097,24
11410,20098,6
11410,20099,21
11410,20100,6
11410,20106,2
11410,20107,4
11410,20114,4
11410,20142,2
11410,20143,3
11410,20145,2
11410,20146,2
11410,20165,2
11410,20200,7
11410,20201,17
11410,20202,6
11410,20203,47.5
11410,20204,13
11410,20205,9
11410,20206,19.5
11410,20207,24
11410,20208,17
11410,20210,2
11410,20211,5
11410,20213,1
11410,20228,1
11410,20249,6
11410,20256,2
11410,20257,9
11410,20258,8
11410,20259,4
11410,20260,4
11410,20261,10
11410,20262,17.5
11410,20263,20
11410,20264,8.5
11410,20265,19.5
11410,20266,18
11410,20267,15
11410,20269,2
11410,20270,4
11410,20274,3
11410,20275,3
11410,20279,3
11410,20289,11
11410,20290,8
11410,20291,13.5
11410,20292,21
11410,20293,8.5
11410,20294,15
11410,20295,17
11410,20296,5
11410,20298,10
11410,20303,12
11410,20305,5
11410,20306,18.5
11410,20307,11
11410,20308,7
11410,20331,19
11410,20332,11
11410,20337,7
11410,20342,10
11410,20343,9
11410,20348,3
11410,20349,4
11410,20350,10
11411,19959,2
11411,19967,2
11411,19982,1
11411,19983,3
11411,19985,7
11411,19986,5
11411,19987,3
11411,19988,2
11411,20009,1
11411,20058,5
11411,20059,5
11411,20061,6
11411,20080,1
11411,20081,2
11411,20095,11
11411,20096,24
11411,20097,167
11411,20098,47.5
11411,20099,6
11411,20107,2
11411,20108,4
11411,20109,1
11411,20110,4
11411,20111,2
11411,20172,3
11411,20177,1
11411,20198,2
11411,20199,5
11411,20200,1
11411,20201,6
11411,20202,56.5
11411,20203,74
11411,20204,37
11411,20205,2
11411,20206,31.5
11411,20207,23
11411,20208,2
11411,20210,1
11411,20215,1
11411,20217,3
11411,20228,1
11411,20245,2
11411,20249,3
11411,20251,4
11411,20252,2
11411,20257,11
11411,20259,7
11411,20260,2
11411,20261,8
11411,20262,6
11411,20263,10.5
11411,20264,12
11411,20265,39.5
11411,20266,30
11411,20267,64.5
11411,20268,61
11411,20274,8
11411,20275,13
11411,20277,2
11411,20286,2
11411,20288,15.5
11411,20289,12
11411,20290,14.5
11411,20291,18
11411,20292,1
11411,20293,17.5
11411,20294,12
11411,20295,1
11411,20296,1
11411,20297,24
11411,20298,3
11411,20303,2
11411,20304,7
11411,20305,101
11411,20306,18
11411,20307,10
11411,20331,4
11411,20338,2
11411,20340,1
11411,20349,3
11411,20352,4
11411,20353,16
11412,19888,1
11412,19979,1
11412,19981,2
11412,19982,1
11412,19985,5
11412,20059,2
11412,20065,1
11412,20095,2
11412,20096,42.5
11412,20097,16.5
11412,20098,10.5
11412,20099,5
11412,20103,2
11412,20104,3
11412,20105,2
11412,20106,8.5
11412,20109,7
11412,20112,3
11412,20140,2
11412,20142,3
11412,20200,2
11412,20202,11
11412,20203,74
11412,20204,251
11412,20205,5
11412,20206,11
11412,20214,4
11412,20215,2
11412,20217,3
11412,20218,1
11412,20219,4
11412,20220,1
11412,20227,1
11412,20228,2
11412,20247,4
11412,20248,5
11412,20249,12
11412,20250,2
11412,20251,5
11412,20257,12
11412,20261,9
11412,20263,7
11412,20264,15
11412,20265,50
11412,20266,61.5
11412,20267,203.5
11412,20268,46
11412,20269,19
11412,20270,2
11412,20271,6
11412,20274,18
11412,20275,6
11412,20276,5
11412,20287,3
11412,20288,11
11412,20289,12
11412,20290,33
11412,20291,16
11412,20292,24
11412,20293,76
11412,20294,13
11412,20295,5
11412,20296,26
11412,20297,14
11412,20298,31
11412,20299,4
11412,20300,1
11412,20301,4
11412,20302,3
11412,20304,49
11412,20305,46.5
11412,20306,34
11412,20307,3
11412,20310,7
11412,20325,4
11412,20347,6
11412,20348,16
11412,20349,8
11412,20350,2
11412,20351,4
11413,19936,3
11413,19980,1
11413,19981,10
11413,19982,3
11413,19983,6
11413,19991,1
11413,20035,12
11413,20097,1
11413,20098,3
11413,20102,2
11413,20105,3
11413,20106,5
11413,20109,1
11413,20111,3
11413,20112,13
11413,20113,2
11413,20139,4
11413,20140,2
11413,20142,4
11413,20175,2
11413,20200,2
11413,20201,4
11413,20202,5
11413,20204,22.5
11413,20205,14
11413,20206,8
11413,20207,14
11413,20214,10
11413,20215,2
11413,20216,3
11413,20218,1
11413,20219,1
11413,20220,4
11413,20223,1
11413,20224,1
11413,20227,4
11413,20228,4
11413,20248,3
11413,20249,2
11413,20250,2
11413,20252,2
11413,20257,11
11413,20260,5
11413,20261,20
11413,20262,2
11413,20264,15
11413,20265,42
11413,20266,12
11413,20267,13
11413,20269,13
11413,20270,6
11413,20271,6
11413,20272,7
11413,20273,5
11413,20275,2
11413,20287,8
11413,20288,23.5
11413,20289,15
11413,20290,33
11413,20291,4
11413,20292,41
11413,20293,59.5
11413,20294,31.5
11413,20295,4
11413,20296,4
11413,20297,17
11413,20298,10
11413,20299,11
11413,20300,36
11413,20303,2
11413,20304,28.5
11413,20305,40
11413,20306,30
11413,20307,10
11413,20312,2
11413,20322,8
11413,20327,3
11413,20348,40
11413,20349,5
11413,20350,2
11414,19925,1
11414,19927,3
11414,19985,2
11414,19993,2
11414,20030,3
11414,20103,7
11414,20105,5
11414,20106,3
11414,20107,2
11414,20108,42
11414,20109,56
11414,20111,1
11414,20113,4
11414,20134,2
11414,20140,5
11414,20142,2
11414,20144,3
11414,20203,1
11414,20204,2
11414,20205,7
11414,20206,8
11414,20207,5
11414,20210,4
11414,20211,2
11414,20212,1
11414,20213,2
11414,20214,3
11414,20215,2
11414,20216,1
11414,20217,1
11414,20220,3
11414,20224,6
11414,20227,2
11414,20249,25
11414,20250,2
11414,20251,2
11414,20253,1
11414,20259,5
11414,20260,14
11414,20261,35
11414,20262,7
11414,20263,7
11414,20264,33
11414,20265,32
11414,20266,41
11414,20267,72
11414,20268,54.5
11414,20271,2
11414,20272,6
11414,20273,2
11414,20279,7
11414,20280,11
11414,20281,12
11414,20283,236.5
11414,20287,25
11414,20288,2
11414,20289,16
11414,20290,25
11414,20291,11
11414,20292,24
11414,20293,29
11414,20294,47
11414,20295,7
11414,20296,11
11414,20297,18
11414,20298,2
11414,20299,50
11414,20300,63
11414,20301,15.5
11414,20302,34
11414,20303,16.5
11414,20304,50
11414,20305,31
11414,20306,18
11414,20307,10
11414,20322,15
11414,20323,11
11414,20345,3
11414,20348,6
11414,20350,17
11415,19889,6
11415,19926,1
11415,19968,3
11415,19978,2
11415,19981,3
11415,19985,2
11415,19988,2
11415,19998,2
11415,20031,4
11415,20103,4
11415,20104,4
11415,20106,4
11415,20107,1
11415,20108,60.5
11415,20110,2
11415,20111,4
11415,20112,4
11415,20113,2
11415,20114,2
11415,20119,4
11415,20120,1
11415,20121,3
11415,20122,1
11415,20140,5
11415,20141,2
11415,20145,1
11415,20146,3
11415,20168,3
11415,20169,49
11415,20171,5
11415,20172,10
11415,20173,11
11415,20206,1
11415,20207,4
11415,20209,4
11415,20210,1
11415,20211,4
11415,20212,1
11415,20213,4
11415,20215,6
11415,20216,5
11415,20217,3
11415,20218,7
11415,20219,2
11415,20227,1
11415,20230,1
11415,20248,10
11415,20249,2
11415,20250,5
11415,20251,11
11415,20259,3
11415,20260,8
11415,20261,33
11415,20262,15
11415,20263,5
11415,20264,23
11415,20265,61
11415,20266,35
11415,20267,4
11415,20268,12
11415,20269,11
11415,20271,6.5
11415,20272,2
11415,20273,10
11415,20274,6
11415,20275,1
11415,20279,12
11415,20280,90
11415,20281,35.5
11415,20287,8
11415,20288,4
11415,20289,21
11415,20290,18
11415,20291,18
11415,20292,13.5
11415,20293,6
11415,20294,2
11415,20295,7
11415,20296,9.5
11415,20298,15
11415,20299,33.5
11415,20300,42
11415,20301,41.5
11415,20302,20
11415,20303,91
11415,20304,40
11415,20305,21
11415,20306,3
11415,20314,4
11415,20315,1
11415,20323,17.5
11415,20324,7
11415,20346,57
11415,20349,5
11416,19923,2
11416,19977,6
11416,19978,4
11416,19983,4
11416,19984,3
11416,19990,1
11416,19995,2
11416,20026,5
11416,20028,2
11416,20043,5
11416,20099,2
11416,20103,6
11416,20105,4
11416,20107,5
11416,20108,1
11416,20112,2
11416,20113,2
11416,20114,1
11416,20117,16
11416,20119,2
11416,20123,3
11416,20131,4
11416,20139,2
11416,20140,2.5
11416,20143,2
11416,20168,13
11416,20169,75.5
11416,20170,1
11416,20172,4
11416,20173,2
11416,20175,1
11416,20176,2
11416,20178,3
11416,20201,1
11416,20211,2
11416,20212,1
11416,20213,24
11416,20214,179
11416,20215,106
11416,20216,14
11416,20217,10
11416,20218,5
11416,20220,3
11416,20221,4
11416,20223,2
11416,20226,1
11416,20249,2
11416,20250,4
11416,20260,2
11416,20262,12
11416,20263,10
11416,20264,52
11416,20265,33
11416,20266,40
11416,20267,4
11416,20269,22
11416,20270,4
11416,20271,48
11416,20273,25.5
11416,20274,15.5
11416,20275,42
11416,20276,22
11416,20279,8
11416,20280,34
11416,20281,25
11416,20282,6
11416,20283,43.5
11416,20284,3
11416,20287,8
11416,20288,4
11416,20289,18
11416,20290,19
11416,20291,3
11416,20292,14
11416,20296,5
11416,20297,4
11416,20298,5
11416,20299,35
11416,20300,45
11416,20301,79.5
11416,20302,53
11416,20303,41
11416,20304,24
11416,20305,33
11416,20306,23
11416,20307,7
11416,20316,13
11416,20323,4
11416,20324,23
11416,20325,6
11417,19893,1
11417,19895,1
11417,19929,1
11417,19983,4
11417,19984,7
11417,19989,4
11417,19991,1
11417,20012,3
11417,20021,4
11417,20024,4
11417,20027,16
11417,20028,4.5
11417,20050,2
11417,20064,2
11417,20101,4
11417,20102,1
11417,20103,4
11417,20105,1
11417,20112,2
11417,20119,4
11417,20120,3
11417,20123,3
11417,20124,2
11417,20135,8
11417,20136,7
11417,20142,1
11417,20167,1
11417,20168,17
11417,20169,12
11417,20170,5
11417,20171,23
11417,20172,2
11417,20174,3
11417,20178,3
11417,20205,2
11417,20211,3.5
11417,20212,3
11417,20214,2
11417,20215,9
11417,20216,16
11417,20217,3
11417,20219,1
11417,20220,5
11417,20222,1
11417,20245,5
11417,20246,9
11417,20247,5
11417,20250,3
11417,20251,11.5
11417,20252,8
11417,20253,5
11417,20256,1
11417,20260,24
11417,20261,12
11417,20262,15
11417,20263,59
11417,20264,75
11417,20265,33
11417,20266,4
11417,20268,4
11417,20269,11
11417,20270,7
11417,20271,9
11417,20272,1
11417,20273,7
11417,20274,14
11417,20275,8
11417,20276,8
11417,20278,5
11417,20279,2
11417,20280,42
11417,20281,119.5
11417,20282,61
11417,20283,8
11417,20287,7
11417,20288,9
11417,20289,47
11417,20290,8
11417,20291,3
11417,20296,8
11417,20297,5
11417,20298,27
11417,20299,27
11417,20300,42.5
11417,20301,20
11417,20302,28
11417,20303,12
11417,20304,15.5
11417,20305,7
11417,20306,1
11417,20308,2
11417,20311,4
11417,20316,4
11417,20317,2
11417,20325,4
11418,19896,4
11418,19939,2
11418,19969,2
11418,19974,3
11418,19983,3
11418,19988,1
11418,19989,1
11418,19996,2
11418,20003,1
11418,20027,3
11418,20034,7
11418,20088,5
11418,20100,3
11418,20103,2
11418,20107,3
11418,20119,7.5
11418,20121,9
11418,20122,4
11418,20123,8
11418,20124,5
11418,20135,9
11418,20136,1
11418,20140,5
11418,20167,16
11418,20168,6
11418,20169,1
11418,20170,1
11418,20175,1
11418,20178,2
11418,20203,2
11418,20209,1
11418,20210,4
11418,20211,2
11418,20212,3
11418,20213,11
11418,20214,12
11418,20215,6
11418,20216,4
11418,20226,1
11418,20245,3
11418,20247,16.5
11418,20248,5
11418,20249,1
11418,20251,7
11418,20252,13.5
11418,20253,6
11418,20255,2
11418,20259,1
11418,20260,9
11418,20261,5
11418,20262,11
11418,20263,17
11418,20264,7
11418,20265,1
11418,20266,4
11418,20276,1
11418,20279,3
11418,20280,25
11418,20281,33
11418,20283,3
11418,20287,6
11418,20288,16
11418,20289,30.5
11418,20291,1
11418,20292,8
11418,20293,2
11418,20294,1
11418,20295,6
11418,20298,21
11418,20299,31.5
11418,20300,29.5
11418,20301,12
11418,20302,7
11418,20303,21
11418,20304,10
11418,20305,13
11418,20306,6
11418,20307,8
11418,20308,9
11418,20310,5
11418,20311,18
11418,20312,21
11418,20313,17
11418,20314,17
11418,20315,3
11418,20316,24.5
11418,20317,33
11418,20318,8
11419,19921,3
11419,19922,2
11419,19926,3
11419,19939,4
11419,19944,4
11419,19960,2
11419,19961,3
11419,19971,9
11419,19972,3
11419,19976,3
11419,19987,6
11419,19996,1
11419,20021,1
11419,20023,2
11419,20024,1
11419,20027,2
11419,20029,3
11419,20053,3
11419,20101,3
11419,20107,6
11419,20119,14
11419,20120,17
11419,20121,3
11419,20122,11
11419,20123,17
11419,20131,1
11419,20134,5
11419,20144,4
11419,20166,4
11419,20167,1
11419,20168,4
11419,20173,2
11419,20179,2
11419,20180,1
11419,20211,2
11419,20212,1
11419,20213,6
11419,20214,12
11419,20215,6
11419,20242,2
11419,20243,1
11419,20247,3
11419,20249,1
11419,20250,2
11419,20251,3
11419,20252,4
11419,20253,16
11419,20259,8
11419,20260,7
11419,20262,6
11419,20263,14
11419,20264,21
11419,20265,7
11419,20268,4
11419,20270,3
11419,20271,11
11419,20273,10
11419,20278,3
11419,20280,11
11419,20281,9
11419,20282,15
11419,20285,2
11419,20288,20.5
11419,20289,35.5
11419,20290,3
11419,20291,10
11419,20292,19
11419,20293,13
11419,20294,21
11419,20295,24
11419,20296,9
11419,20297,6
11419,20298,22
11419,20299,21
11419,20300,17
11419,20301,4
11419,20302,2
11419,20303,9
11419,20304,8
11419,20305,5
11419,20306,11
11419,20307,8
11419,20308,34
11419,20309,10
11419,20310,10
11419,20311,3
11419,20312,12
11419,20313,24
11419,20314,11
11419,20315,10
11419,20316,13
11419,20317,12
11419,20318,4
11420,19937,2
11420,19939,9
11420,19940,14
11420,19961,6
11420,19970,4
11420,19971,22
11420,19972,3
11420,19973,1.5
11420,19974,2
11420,19976,2
11420,19977,2
11420,19978,7
11420,19986,2
11420,19994,4
11420,19996,8
11420,19998,2
11420,20016,2
11420,20023,4
11420,20026,2
11420,20027,4
11420,20030,1
11420,20031,8
11420,20106,2
11420,20107,2
11420,20119,3
11420,20120,6
11420,20121,9
11420,20123,3
11420,20132,2
11420,20133,2
11420,20134,2
11420,20135,14
11420,20174,2
11420,20180,7
11420,20182,2
11420,20212,7
11420,20213,4
11420,20214,5
11420,20245,2
11420,20249,1
11420,20251,2
11420,20252,5
11420,20258,5
11420,20259,10
11420,20260,14
11420,20261,1
11420,20262,13
11420,20264,6
11420,20265,90
11420,20266,4
11420,20267,1
11420,20268,6
11420,20271,26
11420,20272,1
11420,20273,1
11420,20274,2
11420,20276,9
11420,20277,4
11420,20278,2
11420,20279,31
11420,20280,15
11420,20281,24
11420,20282,1
11420,20285,4
11420,20288,28
11420,20289,4
11420,20291,23
11420,20292,9
11420,20293,17
11420,20294,17
11420,20295,26
11420,20296,19.5
11420,20297,18
11420,20298,34
11420,20299,18
11420,20300,24
11420,20301,6
11420,20302,2
11420,20303,6
11420,20304,13
11420,20305,22
11420,20306,28
11420,20307,10
11420,20308,4
11420,20311,2
11420,20312,3
11420,20313,2
11420,20314,5
11420,20316,4
11420,20317,1
11421,19885,1
11421,19890,2
11421,19940,3
11421,19970,7
11421,19971,5
11421,19972,11
11421,19973,8
11421,19974,6
11421,19975,2
11421,19976,2
11421,19977,4
11421,19978,1
11421,19983,1
11421,19992,22
11421,19994,11
11421,19996,1
11421,19997,8
11421,19998,19
11421,19999,14
11421,20000,5
11421,20001,8
11421,20005,2
11421,20019,2
11421,20020,3
11421,20022,7
11421,20023,2
11421,20027,1
11421,20029,8
11421,20031,15
11421,20036,2
11421,20065,5
11421,20087,2
11421,20103,1
11421,20106,3
11421,20107,1
11421,20119,1
11421,20120,5
11421,20130,1
11421,20134,2
11421,20135,7
11421,20139,9
11421,20140,4
11421,20141,5
11421,20143,43
11421,20144,6
11421,20165,2
11421,20169,5
11421,20178,1
11421,20180,13
11421,20181,6
11421,20212,3
11421,20214,2
11421,20249,2
11421,20251,2
11421,20252,4
11421,20257,4
11421,20258,10
11421,20259,10
11421,20260,7
11421,20261,4
11421,20262,2
11421,20263,11
11421,20264,58.5
11421,20265,8
11421,20266,11
11421,20267,3
11421,20270,22.5
11421,20271,22
11421,20272,15
11421,20273,10
11421,20274,5
11421,20276,1
11421,20277,9
11421,20279,14
11421,20280,29
11421,20281,32
11421,20282,5
11421,20288,5.5
11421,20289,17
11421,20290,3
11421,20291,102
11421,20292,12
11421,20293,8
11421,20294,10
11421,20295,21
11421,20296,62
11421,20297,49
11421,20298,21
11421,20299,3
11421,20300,31
11421,20301,5
11421,20302,7
11421,20303,42.5
11421,20304,43
11421,20305,12
11421,20306,6
11421,20307,31.5
11421,20312,10
11421,20313,5
11421,20314,1
11422,19939,1
11422,19940,1
11422,19942,2
11422,19943,2
11422,19968,2
11422,19969,2
11422,19972,10
11422,19973,7
11422,19974,6
11422,19975,8
11422,19976,20
11422,19977,1
11422,19978,2
11422,19986,2
11422,19991,8
11422,19992,46
11422,19993,55
11422,19994,38
11422,19995,23
11422,19996,17
11422,19997,12.5
11422,19998,22
11422,19999,18
11422,20000,13
11422,20001,22.5
11422,20002,10
11422,20003,7
11422,20011,1
11422,20018,8
11422,20024,9
11422,20027,2
11422,20028,16
11422,20029,27
11422,20030,42
11422,20031,1
11422,20087,9
11422,20094,2
11422,20105,4
11422,20106,3
11422,20131,1
11422,20135,1
11422,20136,1
11422,20137,10
11422,20138,11
11422,20139,30
11422,20140,40.5
11422,20141,83
11422,20142,44
11422,20143,2
11422,20144,6
11422,20145,1
11422,20166,1
11422,20167,3
11422,20169,1
11422,20170,1
11422,20178,2
11422,20179,7
11422,20180,2
11422,20181,4
11422,20182,4
11422,20248,5
11422,20249,4
11422,20250,3
11422,20251,2
11422,20252,3
11422,20257,5
11422,20258,9
11422,20259,5
11422,20260,9
11422,20264,30.5
11422,20265,9
11422,20267,3
11422,20268,5
11422,20269,2
11422,20270,32
11422,20271,3
11422,20272,34
11422,20273,2
11422,20274,2
11422,20275,9
11422,20276,14
11422,20277,22
11422,20280,2
11422,20286,2
11422,20287,3
11422,20289,4
11422,20291,61
11422,20292,43
11422,20293,14
11422,20294,12
11422,20295,77
11422,20296,498
11422,20297,101
11422,20298,17.5
11422,20299,57
11422,20300,44.5
11422,20301,28
11422,20302,39.5
11422,20303,40
11422,20304,44
11422,20305,19
11422,20306,25
11422,20307,11
11423,19883,4
11423,19886,2
11423,19932,2
11423,19939,24
11423,19940,30
11423,19942,1
11423,19943,4
11423,19944,6
11423,19945,5
11423,19968,1
11423,19969,2
11423,19970,9
11423,19971,15
11423,19972,19
11423,19973,1
11423,19977,2
11423,19978,9
11423,19979,4
11423,19991,16
11423,19992,70
11423,19993,194.5
11423,19994,25
11423,19995,14
11423,19996,7
11423,19997,11
11423,19998,5
11423,19999,1
11423,20000,4
11423,20022,3
11423,20023,3
11423,20024,12
11423,20025,7
11423,20026,4
11423,20028,2.5
11423,20030,2
11423,20032,3
11423,20033,1
11423,20042,4
11423,20127,1
11423,20129,2
11423,20130,2
11423,20131,2
11423,20134,1
11423,20137,7
11423,20138,22
11423,20139,5
11423,20140,47
11423,20141,37
11423,20142,23.5
11423,20144,1
11423,20145,5
11423,20148,1
11423,20178,7
11423,20179,5
11423,20180,1
11423,20181,32.5
11423,20182,77
11423,20207,4
11423,20210,10
11423,20211,1
11423,20212,8
11423,20213,1
11423,20229,2
11423,20248,4
11423,20249,2
11423,20250,11
11423,20251,4
11423,20252,2
11423,20256,2
11423,20257,9
11423,20258,13
11423,20259,11
11423,20260,6
11423,20262,2
11423,20263,3
11423,20264,29
11423,20265,65
11423,20266,1
11423,20268,30
11423,20269,22
11423,20270,18
11423,20271,26
11423,20272,65
11423,20273,14
11423,20274,20
11423,20275,30
11423,20276,40
11423,20277,3
11423,20278,3
11423,20287,5
11423,20289,2
11423,20290,11
11423,20291,10
11423,20292,13
11423,20293,4
11423,20295,29
11423,20296,13
11423,20297,60
11423,20298,55.5
11423,20299,21
11423,20300,23
11423,20301,22
11423,20302,31
11423,20303,45.5
11423,20304,32.5
11423,20305,14
11423,20306,2
11423,20307,1
11423,20321,4
11423,20323,4
11424,19889,2
11424,19925,1
11424,19938,19
11424,19939,13
11424,19944,3
11424,19945,3
11424,19956,2
11424,19966,2
11424,19969,2
11424,19970,11
11424,19971,37
11424,19972,8
11424,19973,2
11424,19977,4
11424,19978,1
11424,19985,2
11424,19992,52
11424,19993,35
11424,19994,28
11424,19995,13
11424,20017,4
11424,20023,1
11424,20024,1
11424,20025,19
11424,20026,4
11424,20032,1
11424,20128,5
11424,20129,1
11424,20137,1
11424,20142,4
11424,20144,9
11424,20177,5
11424,20178,7
11424,20179,7
11424,20180,15
11424,20181,169.5
11424,20182,5
11424,20183,2
11424,20184,12
11424,20206,9
11424,20210,9
11424,20211,6.5
11424,20212,3
11424,20213,1
11424,20215,6
11424,20216,3
11424,20219,1
11424,20248,5.5
11424,20249,5
11424,20250,6.5
11424,20251,7
11424,20252,8
11424,20253,8
11424,20254,1
11424,20257,16.5
11424,20258,6
11424,20259,6
11424,20262,3
11424,20263,3
11424,20264,16
11424,20265,86.5
11424,20266,84.5
11424,20267,169
11424,20268,36
11424,20269,13
11424,20270,23
11424,20272,45
11424,20273,13
11424,20274,17
11424,20275,7
11424,20276,1
11424,20285,10
11424,20286,30
11424,20288,10
11424,20289,22
11424,20290,13
11424,20291,367.5
11424,20292,100
11424,20293,2
11424,20296,6
11424,20297,156
11424,20298,8
11424,20299,22
11424,20300,17
11424,20301,25
11424,20302,33
11424,20303,26
11424,20304,3
11424,20305,3
11424,20320,6
11425,19896,2
11425,19922,5
11425,19924,6
11425,19925,154
11425,19926,12
11425,19927,15
11425,19928,9
11425,19929,8
11425,19937,14
11425,19938,18
11425,19939,13
11425,19941,5
11425,19942,2
11425,19969,2
11425,19970,15
11425,19971,31
11425,19972,15
11425,19986,5
11425,19992,29.5
11425,19993,58
11425,19994,20
11425,19995,34
11425,19996,11
11425,19997,16
11425,19998,15
11425,20017,10
11425,20020,3
11425,20024,16
11425,20025,11
11425,20034,1
11425,20035,4
11425,20073,6.5
11425,20130,2
11425,20132,2
11425,20142,3
11425,20143,2
11425,20167,1
11425,20176,4
11425,20177,1
11425,20178,15
11425,20179,7
11425,20180,6
11425,20181,19
11425,20183,1
11425,20184,5
11425,20205,3
11425,20206,3
11425,20207,6
11425,20209,2
11425,20210,2
11425,20211,5
11425,20212,9
11425,20213,2
11425,20214,2
11425,20215,3
11425,20216,2
11425,20218,1
11425,20219,4
11425,20236,4
11425,20237,6
11425,20248,4
11425,20249,1
11425,20250,5
11425,20251,12.5
11425,20252,6
11425,20253,3
11425,20254,2
11425,20256,2
11425,20257,17
11425,20258,10
11425,20259,4
11425,20261,4
11425,20262,12
11425,20263,10.5
11425,20264,1
11425,20265,5
11425,20266,44.5
11425,20267,96
11425,20268,38
11425,20269,14
11425,20270,40
11425,20271,3
11425,20272,22.5
11425,20273,5
11425,20274,6
11425,20275,7
11425,20276,8
11425,20277,2
11425,20285,7
11425,20286,31
11425,20287,4
11425,20288,12
11425,20289,34
11425,20290,40
11425,20291,102.5
11425,20292,14
11425,20293,12
11425,20294,3
11425,20298,7
11425,20299,32
11425,20300,25
11425,20301,16
11425,20302,5
11425,20319,5
11426,19924,12
11426,19925,14
11426,19926,3
11426,19927,23
11426,19928,16
11426,19929,13
11426,19930,11
11426,19931,9
11426,19937,6.5
11426,19939,3
11426,19947,2
11426,19960,1
11426,19961,2
11426,19963,1
11426,19969,24
11426,19970,289.5
11426,19971,105.5
11426,19972,4
11426,19973,2
11426,19993,14
11426,19994,35.5
11426,19995,35
11426,19996,27
11426,19997,6
11426,19998,10
11426,20022,3
11426,20024,7
11426,20025,1
11426,20078,2
11426,20082,1
11426,20130,2
11426,20142,1
11426,20143,4
11426,20145,4
11426,20146,5
11426,20176,6
11426,20177,10
11426,20178,22
11426,20179,20
11426,20180,7
11426,20181,1
11426,20184,2
11426,20205,12
11426,20206,3
11426,20207,12
11426,20208,48.5
11426,20209,113
11426,20210,202
11426,20211,1
11426,20213,11
11426,20214,5
11426,20215,3
11426,20216,1
11426,20217,4
11426,20218,5
11426,20235,3
11426,20236,1
11426,20237,2
11426,20246,2
11426,20249,4
11426,20251,9
11426,20252,5
11426,20253,7
11426,20254,1
11426,20257,10
11426,20258,22
11426,20259,7
11426,20260,5
11426,20263,1.5
11426,20264,2
11426,20265,2
11426,20266,8
11426,20267,217.5
11426,20268,280
11426,20269,25
11426,20270,133.5
11426,20271,134.5
11426,20272,3.5
11426,20273,10
11426,20274,12.5
11426,20275,4
11426,20276,7
11426,20277,2
11426,20278,1
11426,20279,3
11426,20280,6
11426,20286,9
11426,20287,6
11426,20288,9
11426,20289,8
11426,20290,4
11426,20291,7
11426,20292,24
11426,20293,16
11426,20295,11
11426,20296,10
11426,20297,20
11426,20298,20
11426,20299,27
11426,20300,14
11426,20302,7
11426,20303,2
11426,20317,2
11426,20318,11
11427,19885,5
11427,19910,6
11427,19918,1.5
11427,19942,1
11427,19962,1
11427,19964,5
11427,19966,3
11427,19968,7.5
11427,19969,26
11427,19970,55.5
11427,19971,18
11427,19973,4
11427,19981,4
11427,19989,11
11427,19990,4
11427,19994,2
11427,19995,23
11427,20008,3
11427,20016,1
11427,20017,1
11427,20024,2
11427,20029,1
11427,20059,2
11427,20078,4
11427,20081,1
11427,20082,1
11427,20124,3
11427,20126,2
11427,20129,4
11427,20135,4
11427,20143,8
11427,20144,7
11427,20160,2
11427,20178,10
11427,20179,5
11427,20180,2
11427,20181,2
11427,20199,3
11427,20205,4
11427,20206,7
11427,20207,6
11427,20208,5
11427,20209,76.5
11427,20210,110.5
11427,20211,10
11427,20212,11
11427,20213,13
11427,20214,1
11427,20215,13
11427,20216,11
11427,20217,8
11427,20220,3
11427,20236,4
11427,20239,2
11427,20247,4
11427,20248,2
11427,20250,4
11427,20251,14
11427,20256,3
11427,20257,9
11427,20258,12
11427,20259,8.5
11427,20260,5
11427,20261,5
11427,20262,14.5
11427,20263,1
11427,20264,7
11427,20265,8
11427,20266,12
11427,20267,197.5
11427,20268,53
11427,20269,101
11427,20270,29.5
11427,20271,12
11427,20272,2
11427,20273,2
11427,20274,20
11427,20275,4
11427,20278,1
11427,20279,2
11427,20284,1
11427,20285,1
11427,20286,1
11427,20287,4
11427,20288,7
11427,20289,29
11427,20290,12
11427,20291,3
11427,20292,19
11427,20293,20
11427,20294,18
11427,20295,26
11427,20296,46
11427,20297,26
11427,20298,26
11427,20299,2
11427,20300,14
11427,20301,5
11427,20302,4
11427,20303,2
11427,20309,2
11428,19885,2
11428,19889,7
11428,19914,3
11428,19944,1
11428,19947,2
11428,19951,4
11428,19952,1
11428,19953,1
11428,19965,1
11428,19966,9
11428,19967,9
11428,19968,13.5
11428,19969,11
11428,19970,13
11428,19971,9
11428,19990,2
11428,19991,5
11428,19998,2
11428,20071,2
11428,20080,2
11428,20088,2
11428,20128,5
11428,20143,1
11428,20144,2
11428,20203,1
11428,20208,3
11428,20209,35
11428,20210,102
11428,20211,6
11428,20212,1
11428,20213,6
11428,20214,2
11428,20215,7
11428,20216,15
11428,20217,15
11428,20218,3
11428,20220,1
11428,20238,1
11428,20239,1
11428,20242,3
11428,20243,1
11428,20244,1
11428,20248,6
11428,20251,1
11428,20253,1
11428,20254,3
11428,20255,2
11428,20257,7
11428,20258,8
11428,20259,7
11428,20260,6
11428,20262,24
11428,20263,16
11428,20264,33
11428,20265,12
11428,20266,9
11428,20267,44
11428,20268,30
11428,20269,20
11428,20270,25
11428,20271,8
11428,20272,4
11428,20273,8.5
11428,20274,10.5
11428,20275,7
11428,20276,4
11428,20287,9
11428,20288,19
11428,20289,41
11428,20290,12
11428,20291,7
11428,20292,9
11428,20293,17
11428,20294,35
11428,20295,35.5
11428,20296,26
11428,20297,13
11428,20298,25.5
11428,20299,17
11428,20300,19
11428,20301,7
11428,20302,12
11428,20304,1
11428,20309,2
11429,19885,1
11429,19918,4
11429,19924,1
11429,19963,3
11429,19965,2
11429,19966,11
11429,19967,2
11429,19968,7
11429,19969,3
11429,19970,1
11429,19971,5
11429,19988,2
11429,19998,1
11429,20015,4
11429,20016,2
11429,20026,2
11429,20043,1
11429,20071,1
11429,20072,1
11429,20074,9
11429,20075,1
11429,20078,4
11429,20125,1
11429,20127,2
11429,20146,2
11429,20159,4
11429,20208,2
11429,20209,92
11429,20210,4
11429,20211,1
11429,20212,3
11429,20214,3
11429,20215,2
11429,20216,1
11429,20217,17
11429,20218,2
11429,20220,3
11429,20221,1
11429,20223,3
11429,20224,2
11429,20225,2
11429,20238,2
11429,20239,17
11429,20240,13.5
11429,20242,18
11429,20243,2
11429,20244,20
11429,20245,3
11429,20250,1
11429,20253,20
11429,20254,9
11429,20255,10
11429,20256,5
11429,20257,12.5
11429,20258,6
11429,20259,2
11429,20260,8
11429,20261,9
11429,20262,10
11429,20263,10
11429,20264,16
11429,20265,8
11429,20266,10
11429,20267,13
11429,20268,22.5
11429,20269,26
11429,20270,28
11429,20271,19
11429,20272,1
11429,20273,2
11429,20274,2
11429,20275,7
11429,20276,5
11429,20286,2
11429,20287,20
11429,20288,18
11429,20289,17
11429,20290,20
11429,20291,12
11429,20292,43.5
11429,20293,8
11429,20294,33.5
11429,20295,63.5
11429,20296,19
11429,20297,16
11429,20298,7
11429,20299,10.5
11429,20300,14
11429,20301,11
11429,20302,1
11429,20304,4
11429,20308,3
11430,19887,2
11430,19889,3
11430,19900,5
11430,19901,3
11430,19902,16
11430,19903,18
11430,19904,4
11430,19905,8
11430,19908,1
11430,19911,5
11430,19924,1
11430,19931,4
11430,19937,1
11430,19964,1
11430,19967,1
11430,19968,1
11430,19969,8
11430,19970,4
11430,19972,2
11430,20019,7
11430,20020,8
11430,20073,1
11430,20074,2
11430,20075,3
11430,20076,2
11430,20077,6
11430,20078,9
11430,20079,6
11430,20126,1
11430,20164,1
11430,20193,3
11430,20208,11
11430,20209,11
11430,20210,8
11430,20211,1
11430,20212,2
11430,20213,9
11430,20214,6
11430,20215,2
11430,20217,2
11430,20232,4
11430,20233,18
11430,20234,12
11430,20235,8
11430,20236,3
11430,20238,2
11430,20239,11
11430,20240,3
11430,20241,4
11430,20243,4
11430,20244,4
11430,20245,2
11430,20246,11
11430,20247,8
11430,20248,9
11430,20250,9
11430,20252,8
11430,20253,9
11430,20254,29
11430,20255,13
11430,20256,2
11430,20257,3
11430,20258,4
11430,20259,4
11430,20260,6
11430,20262,7
11430,20263,5
11430,20264,9
11430,20265,3
11430,20266,14
11430,20267,7
11430,20268,10
11430,20269,5
11430,20270,10
11430,20271,22
11430,20272,13
11430,20273,4
11430,20274,4
11430,20275,5
11430,20276,2
11430,20287,14
11430,20288,5
11430,20289,20
11430,20290,8
11430,20291,16
11430,20292,45
11430,20293,5
11430,20294,7
11430,20295,21
11430,20296,12
11430,20299,2
11431,19886,2
11431,19887,9
11431,19888,11
11431,19889,14
11431,19899,8
11431,19900,25
11431,19901,22
11431,19902,16
11431,19903,34
11431,19904,16.5
11431,19908,4
11431,19913,3
11431,19935,6
11431,19942,4
11431,19963,2
11431,19969,5
11431,19990,1
11431,20019,1
11431,20070,2
11431,20073,2
11431,20074,5
11431,20075,31
11431,20076,15
11431,20077,14
11431,20078,17
11431,20081,3
11431,20094,2
11431,20095,5
11431,20141,3
11431,20143,1
11431,20188,2
11431,20199,6
11431,20207,2
11431,20208,13
11431,20209,7
11431,20210,9
11431,20211,1
11431,20214,1
11431,20217,2
11431,20218,2
11431,20226,1
11431,20228,5
11431,20233,1
11431,20234,1
11431,20235,2
11431,20236,2
11431,20239,1
11431,20245,11
11431,20246,9
11431,20247,17
11431,20248,23
11431,20249,13
11431,20250,19
11431,20251,12
11431,20253,2
11431,20254,25
11431,20255,36
11431,20256,4
11431,20257,2
11431,20259,1
11431,20260,4
11431,20261,1
11431,20262,12
11431,20263,3
11431,20264,6
11431,20265,2
11431,20266,2
11431,20267,2
11431,20268,4
11431,20270,10
11431,20271,1
11431,20272,8
11431,20276,3
11431,20278,2
11431,20279,6
11431,20287,1
11431,20288,5
11431,20289,7
11431,20290,10
11431,20291,10
11431,20292,13
11431,20293,4
11431,20294,25
11431,20295,10
11432,19869,1
11432,19886,14
11432,19887,4
11432,19888,14
11432,19889,17
11432,19890,19
11432,19899,5
11432,19901,10
11432,19902,5
11432,19904,3
11432,19906,2
11432,19908,2
11432,19915,2
11432,19927,2
11432,19928,2
11432,19938,5
11432,19961,5
11432,19963,1
11432,19964,2
11432,19968,1
11432,20076,16
11432,20077,17.5
11432,20078,2
11432,20079,2
11432,20080,4
11432,20083,1
11432,20089,1
11432,20090,1
11432,20125,4
11432,20132,3
11432,20180,1
11432,20184,7
11432,20192,1
11432,20209,4
11432,20211,4
11432,20212,3
11432,20217,2
11432,20229,3
11432,20237,2
11432,20240,2
11432,20242,1
11432,20246,1
11432,20247,18
11432,20248,126
11432,20249,18
11432,20250,6
11432,20251,20
11432,20252,4
11432,20253,17
11432,20254,5
11432,20255,13
11432,20256,8
11432,20257,2
11432,20261,2
11432,20262,1
11432,20266,7
11432,20267,2
11432,20268,4
11432,20269,11
11432,20270,1
11432,20271,6
11432,20272,9
11432,20279,1
11432,20283,3
11432,20290,2
11432,20292,5
11432,20293,5
11432,20294,4
11433,19882,8
11433,19883,1
11433,19884,12
11433,19886,25
11433,19887,10
11433,19890,16
11433,19891,33
11433,19892,4
11433,19893,2
11433,19894,5
11433,19898,8
11433,19899,11
11433,19903,6
11433,19904,3
11433,19913,7
11433,19936,2
11433,19961,1
11433,19962,1
11433,20015,2
11433,20020,4
11433,20043,2
11433,20076,15
11433,20077,28
11433,20078,2
11433,20079,7
11433,20080,1
11433,20082,1
11433,20083,2
11433,20086,1
11433,20088,1
11433,20089,2
11433,20090,2
11433,20092,1
11433,20127,4
11433,20135,1
11433,20139,3
11433,20144,2
11433,20188,3
11433,20208,1
11433,20210,2
11433,20243,3
11433,20245,13
11433,20246,3
11433,20247,20.5
11433,20248,112.5
11433,20249,4
11433,20250,10
11433,20251,44
11433,20252,14
11433,20253,10
11433,20254,4
11433,20255,21
11433,20256,6
11433,20257,6
11433,20261,1
11433,20263,6
11433,20264,4
11433,20266,4
11433,20268,2
11433,20269,11
11433,20270,6
11433,20271,8
11433,20272,1
11433,20273,2
11433,20276,4
11433,20278,2
11433,20288,3
11433,20289,2
11433,20290,3
11433,20291,7
11433,20292,19
11434,19872,2
11434,19873,2
11434,19880,3
11434,19882,2
11434,19885,1
11434,19886,18
11434,19887,32
11434,19889,1
11434,19890,20
11434,19891,18
11434,19892,38
11434,19893,16
11434,19894,26.5
11434,19895,8
11434,19896,6
11434,19897,9
11434,19898,14
11434,19899,2
11434,19902,1
11434,19909,3
11434,19960,1
11434,19972,3
11434,20016,3
11434,20064,2
11434,20075,5
11434,20076,14
11434,20077,29
11434,20078,20
11434,20079,1
11434,20082,5
11434,20083,1
11434,20084,2
11434,20085,1
11434,20086,1
11434,20088,2
11434,20126,1
11434,20187,2
11434,20191,3
11434,20213,1
11434,20243,4
11434,20245,2
11434,20246,3
11434,20247,186.5
11434,20248,130.5
11434,20249,31.5
11434,20250,1
11434,20251,21
11434,20252,13
11434,20253,1
11434,20254,4
11434,20255,4
11434,20256,4
11434,20258,1
11434,20263,3
11434,20265,6
11434,20268,5
11434,20269,5
11434,20270,1
11434,20271,4
11434,20273,4
11434,20275,1
11434,20288,6
11434,20289,1
11434,20290,3
11434,20291,3
11434,20292,11.5
11435,19860,6
11435,19881,2
11435,19882,6
11435,19883,6
11435,19886,31
11435,19887,95.5
11435,19888,114
11435,19889,202
11435,19890,47.5
11435,19891,55
11435,19892,30
11435,19893,39
11435,19894,16
11435,19895,4
11435,19896,14
11435,19904,6
11435,19905,3
11435,19909,3
11435,19951,2
11435,19966,2
11435,19997,1
11435,19999,1
11435,20014,2
11435,20069,2
11435,20070,1
11435,20073,4
11435,20074,1
11435,20075,5
11435,20076,39.5
11435,20077,20
11435,20078,20
11435,20079,21
11435,20080,5
11435,20081,6
11435,20082,5
11435,20087,4
11435,20090,1
11435,20092,3
11435,20135,2
11435,20217,1
11435,20243,1
11435,20246,1
11435,20247,15
11435,20248,40
11435,20249,22
11435,20250,28
11435,20251,45
11435,20252,5
11435,20253,1
11435,20254,1
11435,20258,2
11435,20264,2
11435,20265,2
11435,20267,5
11435,20268,16
11435,20269,11
11435,20270,5
11435,20271,1
11435,20274,3
11435,20276,1
11435,20288,13
11435,20289,13
11435,20290,6
11435,20291,2.5
11435,20292,4
11435,20293,3.5
11436,19860,12
11436,19868,1
11436,19882,6
11436,19883,6
11436,19884,6
11436,19885,3
11436,19886,3
11436,19887,8
11436,19888,441.5
11436,19889,150.5
11436,19890,43.5
11436,19891,41
11436,19892,34
11436,19893,31.5
11436,19894,3
11436,19962,2
11436,20066,2
11436,20067,2
11436,20068,5
11436,20070,3
11436,20072,1
11436,20074,4
11436,20075,2
11436,20076,32
11436,20077,60.5
11436,20078,43
11436,20079,18
11436,20080,7
11436,20082,1
11436,20121,2
11436,20126,1
11436,20131,5
11436,20133,2
11436,20245,2
11436,20246,1
11436,20247,11
11436,20248,10
11436,20249,6
11436,20250,10
11436,20251,6
11436,20252,5
11436,20253,8
11436,20264,2
11436,20267,1
11436,20268,5
11436,20269,5
11436,20270,3
11436,20271,1
11436,20273,2
11436,20274,1
11436,20275,2
11436,20288,37
11436,20289,5
11436,20291,2
11437,19867,2
11437,19870,7
11437,19871,1
11437,19878,5
11437,19882,2
11437,19883,3
11437,19885,1
11437,19887,29
11437,19888,32
11437,19889,42.5
11437,19890,16
11437,19891,35
11437,19892,31
11437,19893,11
11437,19894,24
11437,19895,2
11437,19896,1
11437,19899,2
11437,19904,4
11437,19905,7
11437,19960,1
11437,19961,1
11437,19963,1
11437,19998,2
11437,20002,2
11437,20068,1
11437,20069,2
11437,20072,7
11437,20073,2
11437,20074,3
11437,20075,2
11437,20076,6
11437,20077,48.5
11437,20078,189
11437,20079,63.5
11437,20080,25
11437,20121,1
11437,20122,2
11437,20217,2
11437,20218,2
11437,20247,1
11437,20249,8
11437,20250,1
11437,20252,4
11437,20253,15
11437,20254,6
11437,20256,1
11437,20258,2
11437,20268,1
11437,20269,3
11437,20270,3
11437,20274,5
11437,20288,2
11437,20289,1
11437,20290,1
11437,20291,1
11438,19870,23
11438,19871,7
11438,19875,7
11438,19879,17
11438,19880,4
11438,19881,1
11438,19882,3
11438,19883,6
11438,19885,3
11438,19886,14
11438,19887,12
11438,19888,41.5
11438,19889,25
11438,19890,18
11438,19891,6
11438,19894,1
11438,19903,6
11438,19959,2
11438,19967,2
11438,20066,1
11438,20067,11
11438,20068,6
11438,20069,1
11438,20070,2
11438,20071,13
11438,20072,7
11438,20075,9
11438,20076,4
11438,20077,21.5
11438,20078,275
11438,20079,94.5
11438,20081,3
11438,20121,2
11438,20252,4
11438,20253,8
11438,20266,14
11438,20267,9
11438,20268,5.5
11438,20269,2
11438,20270,4
11438,20271,2
11438,20272,2
11438,20288,4
11438,20289,12
11438,20290,5
11438,20294,2
11438,20295,4
11439,19870,6
11439,19872,2
11439,19875,4
11439,19876,10
11439,19877,26
11439,19878,30
11439,19879,26
11439,19880,45
11439,19881,33
11439,19882,35
11439,19883,20
11439,19884,6
11439,19885,8
11439,19886,9
11439,19887,16
11439,19888,13
11439,19889,3
11439,19890,6
11439,19891,8
11439,19892,3
11439,19961,2
11439,19990,3
11439,19999,1
11439,20059,3
11439,20068,2
11439,20070,8
11439,20071,3
11439,20072,11
11439,20073,7
11439,20074,5
11439,20075,5
11439,20076,16
11439,20077,9
11439,20078,75
11439,20079,11
11439,20251,2
11439,20252,2
11439,20253,10
11439,20266,12
11439,20267,4
11439,20268,3
11439,20270,3
11439,20288,4
11439,20289,2
11439,20290,1
11439,20293,4
11439,20296,4
11440,19860,3
11440,19877,2
11440,19878,5
11440,19881,5
11440,19882,13
11440,19883,20
11440,19884,17
11440,19885,7
11440,19890,5
11440,19891,3
11440,19946,2
11440,19950,1
11440,19959,1
11440,19960,1
11440,19989,2
11440,19990,1
11440,20056,2
11440,20065,2
11440,20069,1
11440,20070,2
11440,20071,5
11440,20072,7
11440,20073,5
11440,20074,9
11440,20075,16
11440,20076,26
11440,20077,20
11440,20078,4
11440,20251,3
11440,20267,3
11440,20269,1
11440,20288,4
11441,19861,3
11441,19862,6
11441,19873,3
11441,19882,1
11441,19885,25
11441,19886,38
11441,19887,15
11441,19888,1
11441,19890,16
11441,19891,2
11441,19892,7
11441,19893,9
11441,19894,2
11441,19895,1
11441,19947,1
11441,19960,1
11441,19964,4
11441,19966,4
11441,19991,4
11441,19992,4
11441,20013,2
11441,20018,7
11441,20066,5
11441,20067,2
11441,20068,1
11441,20070,3
11441,20071,1
11441,20072,21
11441,20073,20
11441,20074,26
11441,20075,12
11441,20076,7
11441,20077,12
11441,20078,11
11441,20079,2
11441,20117,2
11441,20181,132
11441,20249,3
11441,20257,1
11441,20265,1.5
11441,20269,2
11441,20298,1
11441,20299,6
11442,19864,4
11442,19877,2
11442,19880,1
11442,19881,1
11442,19884,32
11442,19885,29
11442,19886,39
11442,19887,34
11442,19888,7
11442,19889,7
11442,19890,28.5
11442,19891,10
11442,19892,4
11442,19893,10
11442,19894,27
11442,19895,1
11442,19932,4
11442,19945,4
11442,19959,3
11442,19963,3
11442,19964,12
11442,19965,3
11442,19992,3
11442,20013,1
11442,20056,1
11442,20067,1
11442,20068,1
11442,20070,4
11442,20071,9
11442,20072,4
11442,20073,3
11442,20074,7
11442,20075,4
11442,20076,16
11442,20077,20
11442,20078,12
11442,20299,2
11443,19870,2
11443,19883,5.5
11443,19884,1
11443,19885,3
11443,19886,3
11443,19891,2
11443,19892,3
11443,19893,19
11443,19894,41
11443,19895,1
11443,19935,4
11443,19944,3
11443,19947,3
11443,19948,7
11443,19956,3
11443,19958,1
11443,19959,1
11443,19964,19
11443,19965,19
11443,20055,4
11443,20066,2
11443,20070,8
11443,20072,7
11443,20073,2
11443,20074,10
11443,20075,7
11443,20076,10
11443,20077,2
11443,20082,2
11443,20091,1
11443,20268,4
11443,20272,2
11443,20300,2
11444,19867,1
11444,19870,2
11444,19884,22
11444,19892,7
11444,19893,25.5
11444,19894,5
11444,19954,3.5
11444,19955,14
11444,19957,15
11444,19958,26
11444,19959,2
11444,19960,2
11444,19963,4
11444,19964,10
11444,19965,12
11444,19968,2
11444,19970,2
11444,20013,2
11444,20015,1
11444,20016,2
11444,20056,2
11444,20060,6
11444,20068,3
11444,20069,2
11444,20070,1
11444,20071,2
11444,20076,4
11444,20081,2
11444,20270,3
11444,20275,3
11444,20276,5
11444,20299,4
11444,20300,4
11444,20301,2
11445,19865,4
11445,19870,5
11445,19883,2
11445,19884,11
11445,19891,4
11445,19893,34
11445,19949,4
11445,19950,1
11445,19954,2
11445,19955,10
11445,19957,3
11445,19958,7
11445,19959,6
11445,19960,1
11445,19962,14
11445,19964,2
11445,19971,1
11445,20012,3
11445,20013,1
11445,20017,7
11445,20060,2
11445,20064,9
11445,20066,3
11445,20067,2
11445,20068,1
11445,20069,4
11445,20074,2
11445,20275,2
11445,20276,8
11445,20277,10
11445,20278,4
11445,20279,4
11445,20280,10
11445,20281,5.5
11446,19874,7
11446,19875,1
11446,19876,3
11446,19879,2
11446,19884,1
11446,19890,1
11446,19891,9
11446,19892,8
11446,19893,30
11446,19894,16
11446,19954,3
11446,19956,6
11446,19957,8.5
11446,19958,18
11446,19959,9
11446,19960,3
11446,19962,4
11446,19963,5
11446,19971,3
11446,20013,2
11446,20014,24.5
11446,20057,3
11446,20059,2
11446,20064,1
11446,20068,3
11446,20069,2
11446,20081,2
11446,20083,2
11446,20275,2
11446,20276,4
11446,20278,6
11446,20279,15
11446,20280,4
11446,20281,6
11447,19875,7
11447,19876,8
11447,19883,2
11447,19884,2
11447,19892,13
11447,19893,16
11447,19894,24
11447,19895,9
11447,19896,8
11447,19897,6
11447,19915,14
11447,19954,14
11447,19955,4
11447,19956,11
11447,19957,10
11447,19958,4
11447,19959,21
11447,19960,11
11447,19962,17
11447,19963,25
11447,19965,3
11447,19971,3
11447,19974,1
11447,19975,4
11447,20014,7
11447,20015,1
11447,20018,1
11447,20036,2
11447,20058,2
11447,20062,3
11447,20065,3
11447,20066,4
11447,20068,2
11447,20070,1
11447,20274,5
11447,20275,11
11447,20276,8
11447,20277,7
11447,20278,11
11447,20279,13
11448,19866,6
11448,19867,4
11448,19884,1
11448,19894,11
11448,19895,27
11448,19896,48
11448,19897,54
11448,19898,23
11448,19899,7
11448,19900,4
11448,19915,4
11448,19953,3
11448,19955,7
11448,19956,7
11448,19957,7
11448,19958,4
11448,19959,8
11448,19960,9
11448,19961,4
11448,19962,20
11448,19964,3
11448,19965,4
11448,19966,4
11448,19967,4
11448,19968,4
11448,19969,2
11448,19970,15
11448,19974,2
11448,20011,5
11448,20012,2
11448,20014,29
11448,20015,13
11448,20039,2
11448,20061,1
11448,20078,1
11448,20269,5
11448,20270,5
11448,20271,8
11448,20272,10
11448,20273,3
11448,20274,12
11448,20275,9
11448,20276,9
11448,20277,2
11448,20278,12
11448,20279,2
11448,20295,2
11449,19885,1
11449,19893,4
11449,19895,23
11449,19896,47
11449,19897,26
11449,19898,41
11449,19899,35
11449,19900,13
11449,19906,2
11449,19933,5
11449,19954,1
11449,19955,5
11449,19958,7
11449,19959,17
11449,19960,7
11449,19961,124
11449,19962,22
11449,19964,3
11449,19967,5
11449,19968,2
11449,19969,6
11449,19970,9
11449,20011,4
11449,20012,3
11449,20013,15
11449,20014,21
11449,20015,9
11449,20016,1
11449,20017,3
11449,20039,9
11449,20040,2
11449,20041,9
11449,20055,1
11449,20057,3
11449,20063,1
11449,20269,2
11449,20270,8
11449,20271,19.5
11449,20272,19.5
11449,20273,7
11449,20293,2
11450,19895,4
11450,19896,6
11450,19899,29
11450,19900,9
11450,19903,8
11450,19907,3
11450,19908,6
11450,19953,1
11450,19955,1
11450,19956,2
11450,19957,7
11450,19958,9
11450,19959,24
11450,19960,9
11450,19961,12
11450,19962,56
11450,19964,3
11450,19965,6
11450,19967,2
11450,19968,7
11450,19969,3
11450,20011,2
11450,20013,24
11450,20014,2
11450,20020,1
11450,20021,3
11450,20039,5
11450,20040,8
11450,20041,6
11450,20044,5
11450,20045,8
11450,20060,3
11450,20061,2
11450,20074,1
11450,20098,1
11450,20270,8
11450,20271,8
11450,20272,8
11450,20289,5
11450,20290,1
11451,19893,4
11451,19906,10
11451,19907,31
11451,19908,26
11451,19927,2
11451,19928,7
11451,19951,4
11451,19956,1
11451,19958,8
11451,19959,11
11451,19960,5
11451,19961,2
11451,19964,2
11451,19965,1
11451,19966,4
11451,19967,1
11451,19969,3
11451,19973,3
11451,20011,2
11451,20013,120.5
11451,20014,4
11451,20030,1
11451,20039,2
11451,20040,8
11451,20041,14
11451,20043,14
11451,20044,44
11451,20045,46
11451,20046,14
11451,20047,9
11451,20049,3
11451,20052,8
11451,20053,9
11451,20054,19
11451,20055,5
11451,20056,3
11451,20058,2
11451,20059,15
11451,20060,9
11451,20061,5
11451,20098,1
11451,20099,1
11451,20270,3
11451,20271,12
11451,20288,2
11452,19906,21
11452,19907,23
11452,19908,54
11452,19909,26
11452,19910,4
11452,19926,5
11452,19930,4
11452,19956,2
11452,19957,2
11452,19958,17
11452,19959,17
11452,19960,2
11452,19962,1
11452,19964,2
11452,19969,2
11452,20009,1
11452,20011,8
11452,20012,7
11452,20013,44
11452,20014,4
11452,20039,13
11452,20040,6
11452,20041,12
11452,20042,19
11452,20043,4
11452,20044,29
11452,20045,36
11452,20046,38
11452,20047,23
11452,20048,8
11452,20049,9
11452,20050,9
11452,20051,3
11452,20052,9
11452,20053,1
11452,20054,8
11452,20055,46
11452,20056,2
11452,20057,4
11452,20058,10
11452,20059,11
11452,20060,9
11452,20072,6
11452,20270,2
11452,20271,10
11452,20272,5
11452,20274,2
11452,20284,1
11452,20285,1
11452,20287,5
11452,20292,1
11453,19892,1
11453,19908,6.5
11453,19909,6
11453,19927,10
11453,19955,3
11453,19956,4
11453,19957,16
11453,19958,18
11453,19959,9
11453,19961,15
11453,19962,22
11453,19963,19
11453,19964,15
11453,19965,1
11453,19970,2
11453,20011,9
11453,20012,8
11453,20013,9.5
11453,20016,2
11453,20017,1
11453,20019,2
11453,20036,2
11453,20038,10
11453,20040,13
11453,20041,6
11453,20042,3
11453,20043,18
11453,20044,14
11453,20045,28
11453,20046,38
11453,20047,11
11453,20048,3
11453,20051,2
11453,20053,2
11453,20054,19
11453,20055,13
11453,20056,5
11453,20057,2
11453,20058,3
11453,20269,2
11453,20270,6
11453,20271,6
11453,20281,8
11453,20282,2
11453,20283,5
11453,20285,4
11453,20289,1
11454,19894,1
11454,19897,1
11454,19898,3
11454,19914,5
11454,19925,2
11454,19927,1
11454,19928,1
11454,19956,1
11454,19957,14
11454,19958,18.5
11454,19959,10
11454,19960,19
11454,19961,23
11454,19962,20
11454,19963,2
11454,19964,16
11454,19965,7
11454,19966,2
11454,20011,9
11454,20012,11
11454,20013,7
11454,20035,4
11454,20036,20
11454,20037,8
11454,20038,8
11454,20039,16
11454,20040,2
11454,20041,42
11454,20042,95
11454,20043,6
11454,20044,41
11454,20045,18
11454,20046,52
11454,20047,6
11454,20053,10
11454,20054,2
11454,20281,2
11454,20282,6
11454,20283,3
11454,20284,3
11454,20285,5
11455,19901,5
11455,19903,3
11455,19927,1
11455,19930,3
11455,19956,4
11455,19957,4
11455,19958,17
11455,19959,7
11455,19960,9
11455,19961,2
11455,19962,2
11455,19963,8
11455,19964,8
11455,19965,1
11455,19966,9
11455,20011,7
11455,20015,2
11455,20034,2
11455,20035,1
11455,20036,3
11455,20039,17
11455,20040,21
11455,20041,33
11455,20042,28
11455,20043,53
11455,20044,44.5
11455,20045,29
11455,20046,15
11455,20047,1
11455,20053,8
11455,20054,10
11455,20077,4
11455,20278,4
11455,20281,4
11455,20282,3
11455,20283,4
11455,20284,14
11455,20286,4
11455,20287,4
11455,20288,3
11456,19918,1
11456,19919,3
11456,19955,12.5
11456,19956,11
11456,19957,9
11456,19958,13
11456,19959,6
11456,19960,4
11456,19961,7
11456,19962,11
11456,19963,5
11456,19964,4
11456,19965,6
11456,19966,4
11456,19990,2
11456,20015,8
11456,20016,1
11456,20038,8
11456,20039,17
11456,20040,12
11456,20041,4
11456,20042,32
11456,20043,24
11456,20044,18.5
11456,20045,14
11456,20046,6
11456,20047,12
11456,20048,2
11456,20283,3
11456,20284,5
11456,20286,11
11456,20287,3
11456,20288,2
11456,20289,4
11457,19897,9
11457,19900,2
11457,19929,1
11457,19930,1
11457,19932,2
11457,19954,3
11457,19955,10
11457,19956,13
11457,19963,7
11457,19964,2
11457,19969,1
11457,20010,3
11457,20011,2
11457,20015,11
11457,20016,9
11457,20033,4
11457,20034,8
11457,20035,14
11457,20036,9
11457,20037,15
11457,20038,38
11457,20039,46
11457,20040,2
11457,20041,4
11457,20043,2
11457,20044,23
11457,20045,13
11457,20046,14
11457,20047,5
11457,20048,1
11457,20049,7
11457,20260,1
11457,20279,2
11457,20283,3
11457,20284,1
11457,20285,7
11457,20286,11
11457,20288,9
11458,19899,4
11458,19910,1
11458,19922,4
11458,19928,4
11458,19930,3
11458,19940,1
11458,19955,8
11458,19962,1
11458,20011,3
11458,20015,6.5
11458,20016,5
11458,20017,1
11458,20032,5
11458,20033,12
11458,20034,14
11458,20035,15
11458,20036,15
11458,20037,16
11458,20038,33
11458,20039,24
11458,20040,15
11458,20041,6
11458,20042,10
11458,20043,22
11458,20044,28
11458,20045,7
11458,20046,3
11458,20047,5
11458,20048,8
11458,20049,18
11458,20050,27
11458,20051,27
11458,20277,2
11458,20279,2
11458,20285,1
11458,20287,1
11458,20288,2
11458,20289,4
11458,20290,4
11459,19922,1
11459,19930,3
11459,19983,5
11459,20010,2
11459,20031,5
11459,20032,14.5
11459,20033,17
11459,20034,18.5
11459,20035,12
11459,20036,7.5
11459,20038,6
11459,20039,32
11459,20040,12
11459,20041,60
11459,20042,36.5
11459,20043,34.5
11459,20044,31
11459,20045,5
11459,20046,5
11459,20047,8
11459,20048,3
11459,20049,1
11459,20050,5
11459,20051,1
11459,20076,3
11459,20280,5
11459,20281,1
11459,20287,5
11460,19922,9
11460,20032,5.5
11460,20033,9
11460,20034,13
11460,20035,5
11460,20039,21
11460,20040,13
11460,20041,18
11460,20042,25
11460,20043,31
11460,20044,17
11460,20046,6
11460,20047,9
11460,20048,11
11460,20281,1
11460,20283,2
11461,19923,3
11461,19929,3
11461,19955,69.5
11461,20032,5
11461,20033,8
11461,20034,2
11461,20041,28
11461,20042,19
11461,20043,11
11461,20275,1
11462,19930,8
11462,19936,3
11462,19954,2
11462,19966,6
11462,20031,5
11462,20032,4
11462,20277,23
11462,20282,1
11462,20283,7
11462,20284,8
11462,20286,7
11462,20287,17
11463,19929,2
11463,19930,3
11463,20276,2
11463,20277,113.5
11463,20278,2
11463,20279,5
11463,20280,3
11463,20281,3
11463,20284,1
11463,20285,15.5
11463,20286,2
11464,19909,1
11464,19925,1
11464,19928,2
11464,19929,21
11464,19930,15
11464,19947,8
11464,19948,25
11464,19951,1
11464,20009,3
11464,20276,1
11464,20277,5
11464,20278,22
11464,20279,7
11464,20280,1
11464,20281,5
11464,20284,3
11465,19926,12
11465,19927,22.5
11465,19928,25
11465,19929,21
11465,19930,2
11465,19933,2
11465,19948,3
11465,20278,5
11465,20280,9
11465,20281,1.5
11465,20283,1
11465,20284,8
11466,19927,2
11466,19928,26
11466,19929,19
11466,19933,5
11466,19934,5
11466,20024,8
11466,20025,9
11466,20270,1
11466,20280,1
11466,20283,2
11466,20284,6
11467,19915,3
11467,19925,2
11467,19926,21
11467,19927,48
11467,19928,20
11467,19929,10
11467,19932,15
11467,20080,6
11467,20281,3
11467,20283,2
11467,20284,2
11468,19921,2
11468,19922,2
11468,19925,21
11468,19926,35
11468,19927,28
11468,19928,39
11468,19929,5
11468,19931,2
11468,19933,43
11468,19934,1
11468,19978,5
11468,20080,1
11468,20282,3
11468,20283,1
11468,20286,2
11468,20289,1
11469,19925,6
11469,19926,20
11469,19927,172.5
11469,19928,193
11469,19929,43
11469,19930,15
11469,19931,5
11469,19932,5
11469,19933,22
11469,19934,4
11469,20075,1
11469,20077,1
11469,20281,2
11469,20285,2
11470,19916,4
11470,19923,2
11470,19926,29
11470,19927,70
11470,19928,19
11470,19929,48
11470,19930,31
11470,19931,32
11470,19932,9.5
11470,19933,34
11470,19934,9
11470,19978,2
11470,20008,1
11470,20287,1
11471,19927,24
11471,19928,49
11471,19929,32
11471,19930,33
11471,19931,17
11471,19932,5
11471,19933,6
11471,19966,2
11471,20286,5
11471,20289,7
11472,19926,1
11472,19927,24
11472,19928,49.5
11472,19929,34
11472,19954,2
11472,19955,3
11472,19966,2
11472,19980,4
11472,19981,14
11472,19982,31
11472,19983,18
11472,20008,1
11473,19922,2
11473,19923,3
11473,19928,9
11473,19931,3
11473,19959,2
11473,19961,2
11473,19975,2
11473,19976,10
11473,19979,6
11473,19980,24
11473,19981,15
11473,19982,16
11473,19983,1
11473,20041,1
11474,19911,1
11474,19918,3
11474,19926,3
11474,19930,4
11474,19972,1
11474,19973,1
11474,19974,6
11474,19975,6
11474,19979,2
11474,19980,22
11474,19981,4
11474,19982,3
11474,20037,2
11474,20075,2
11475,19918,4
11475,19921,2
11475,19922,2
11475,19951,1
11475,19955,9
11475,19973,2
11475,19974,19
11475,19975,12
11475,19980,2
11475,20017,4
11475,20032,2
11475,20044,1
11475,20193,4
11476,19929,3
11476,19952,17
11476,19955,15
11476,19974,10.5
11476,20007,2
11476,20009,2
11476,20195,23.5
11477,19951,4
11477,19952,13
11477,19953,14
11477,19955,39
11477,19956,15
11477,19957,1
11477,19966,16
11477,20004,1
11477,20005,1
11477,20006,3
11477,20007,1
11477,20032,3
11477,20034,1
11477,20194,6
11477,20195,66
11477,20196,3
11477,20222,2
11478,19951,3
11478,19952,13
11478,19953,10
11478,19958,9
11478,20005,1
11478,20184,2
11478,20194,4.5
11478,20238,2
11478,20239,9
11478,20240,1
11478,20274,1
11479,19922,2
11479,19923,2
11479,19945,5
11479,19947,5
11479,19951,23.5
11479,19952,29
11479,19956,10
11479,19957,59.5
11479,19958,16
11479,19964,9
11479,19975,2
11479,20010,1
11479,20049,3
11479,20195,1
11479,20221,4
11479,20222,9
11479,20223,2
11479,20227,3
11479,20229,1
11479,20239,5
11479,20240,1
11480,19946,3
11480,19947,10
11480,19948,2
11480,19951,10
11480,19954,1
11480,19955,9
11480,19956,23
11480,19957,20.5
11480,19963,2
11480,19964,7
11480,19965,11
11480,19966,7
11480,19971,2
11480,19975,4
11480,20028,4
11480,20029,8
11480,20030,6
11480,20032,2
11480,20038,2
11480,20047,3.5
11480,20048,1
11480,20192,7
11480,20202,4
11480,20203,2
11480,20209,2
11480,20210,2
11480,20220,1
11480,20240,14
11480,20241,1
11481,19921,6
11481,19946,2
11481,19947,25
11481,19952,1
11481,19954,2
11481,19955,86
11481,19956,43.5
11481,19957,45
11481,19958,68.5
11481,19959,3
11481,19964,7
11481,19965,8
11481,19966,6
11481,19968,2
11481,19969,5
11481,19970,5
11481,19971,22
11481,19972,6
11481,19973,1
11481,19974,14
11481,19975,29
11481,19976,22
11481,19977,14
11481,19979,3
11481,20026,3
11481,20027,10.5
11481,20028,9
11481,20029,30
11481,20030,1
11481,20032,1
11481,20033,8
11481,20034,10
11481,20035,2
11481,20189,3
11481,20191,4
11481,20194,2
11481,20201,3
11481,20202,22
11481,20203,6
11481,20204,7
11481,20228,3
11481,20235,6
11481,20238,9.5
11481,20239,12
11481,20240,7
11481,20241,1
11481,20245,2
11481,20274,1
11482,19945,2
11482,19946,25
11482,19947,17
11482,19951,3
11482,19953,2
11482,19955,40
11482,19956,31
11482,19957,10
11482,19958,43
11482,19959,31
11482,19960,33
11482,19961,4
11482,19965,6
11482,19970,22
11482,19971,34
11482,19972,19
11482,19973,25
11482,19974,2
11482,19975,13
11482,19976,1
11482,20024,2
11482,20025,7
11482,20026,42.5
11482,20027,5
11482,20028,1
11482,20030,2
11482,20033,8
11482,20034,4
11482,20186,1
11482,20202,2
11482,20204,2
11482,20218,2
11482,20240,13
11482,20242,1
11482,20243,4
11482,20244,16
11482,20245,17
11482,20248,3
11483,19925,1
11483,19945,2
11483,19947,2
11483,19951,10
11483,19957,26
11483,19959,1
11483,19960,24
11483,19961,9
11483,19962,3
11483,19966,5
11483,19967,4
11483,19968,6
11483,19969,23
11483,19970,6
11483,19971,29
11483,19972,10
11483,19974,4
11483,19975,5
11483,19976,20
11483,19977,1
11483,20024,1
11483,20025,12
11483,20026,12
11483,20027,15
11483,20029,3
11483,20068,2
11483,20069,3
11483,20197,2
11483,20215,2
11483,20217,13
11483,20223,8
11483,20241,7
11483,20242,1
11483,20243,16.5
11483,20244,18
11483,20245,2
11483,20247,2
11483,20248,4
11483,20273,2
11484,19957,75
11484,19966,11
11484,19967,10
11484,19968,4
11484,19970,5
11484,19971,7
11484,19976,1
11484,20025,15
11484,20026,9
11484,20041,3
11484,20044,1
11484,20045,1
11484,20076,13
11484,20190,4
11484,20198,2
11484,20222,1
11484,20223,3
11484,20225,1
11484,20240,2
11484,20242,1
11484,20243,4
11484,20244,5
11484,20245,4
11484,20246,6
11484,20247,4
11485,19952,2
11485,19953,12
11485,19958,7
11485,20024,6
11485,20025,10
11485,20026,2
11485,20028,1
11485,20041,5
11485,20042,1
11485,20044,5
11485,20045,10
11485,20047,9
11485,20068,4
11485,20222,2
11485,20242,2
11485,20296,8
11486,19938,7
11486,19952,8
11486,19953,9
11486,19954,8
11486,20026,3
11486,20027,2
11486,20033,4
11486,20045,3
11486,20046,7
11486,20065,3
11486,20203,5
11486,20220,7
11486,20224,3
11486,20242,2
11486,20243,7
11487,19923,4
11487,19935,4
11487,19936,57
11487,19938,3
11487,19952,22
11487,19953,17
11487,20029,8
11487,20040,2
11487,20041,3
11487,20045,1
11487,20046,8
11487,20221,9
11487,20232,2
11487,20242,4.5
11487,20243,1
11488,19918,1
11488,19920,5.5
11488,19935,6
11488,19936,17
11488,19938,5.5
11488,19951,8
11488,19952,12
11488,19953,10
11488,19964,7
11488,20037,4
11488,20038,3
11488,20039,4
11488,20040,1
11488,20041,10
11488,20043,4
11488,20044,37
11488,20226,4
11488,20229,10
11488,20230,6
11488,20240,13
11488,20242,9
11488,20243,3
11488,20295,1
11489,20036,3
11489,20038,5
11489,20039,2
11489,20040,1
11489,20041,4
11489,20042,6
11489,20063,4
11489,20064,4
11489,20067,15.5
11489,20068,2
11489,20228,2
11489,20229,3
11489,20237,4
11489,20241,1
11489,20242,15
11489,20243,2
11489,20280,1
11490,19910,6
11490,19938,5
11490,19939,4
11490,19955,2
11490,20039,6.5
11490,20041,4
11490,20063,1
11490,20065,3
11490,20067,8
11490,20068,3
11490,20214,1
11490,20238,2
11490,20241,4
11490,20242,16
11490,20243,4
11490,20269,1
11491,19922,2
11491,19934,1
11491,19935,1
11491,19937,2
11491,19938,11
11491,20028,2
11491,20037,2
11491,20062,2
11491,20067,11
11491,20083,1
11491,20237,3
11491,20243,12
11491,20244,3
11492,19911,3
11492,19916,1
11492,19923,3
11492,19947,6
11492,19948,13
11492,19949,2
11492,20036,1
11492,20057,1
11492,20066,7.5
11492,20067,6
11492,20212,3
11492,20213,5
11492,20242,2
11492,20243,14
11493,19907,1
11493,19924,1
11493,19929,1
11493,19947,5
11493,19948,30
11493,19949,54
11493,19950,10
11493,20057,2
11493,20063,2
11493,20065,1
11493,20066,10
11493,20067,2
11493,20243,6
11494,19948,22
11494,19949,17
11494,19950,5
11494,20052,2
11494,20065,4
11494,20166,2
11495,19947,4
11495,19950,13
11495,20056,1
11495,20191,2
11495,20192,8
11496,19908,4
11496,19909,4
11496,19912,3
11496,19913,2
11496,19916,1
11496,19947,1
11496,19948,2
11496,19949,1
11496,19950,18.5
11496,19951,5
11496,20061,2
11496,20062,8
11496,20191,2
11496,20192,4
11497,19913,47
11497,19914,23
11497,19915,36
11497,19917,15
11497,19918,2
11497,19943,4
11497,19945,3
11497,19949,6
11497,19950,11
11497,19951,8
11497,20055,2
11497,20061,76
11497,20062,2
11497,20190,2
11497,20192,3
11498,19912,6
11498,19913,23
11498,19914,91.5
11498,19915,17.5
11498,19916,25
11498,19917,13.5
11498,19939,1
11498,20060,10
11498,20061,23
11499,19911,4
11499,19912,36
11499,19913,44
11499,19914,209.5
11499,19915,46
11499,19916,32.5
11499,19917,3
11499,20060,10
11499,20061,6
11499,20154,1
11499,20190,1
11500,19911,51
11500,19912,81
11500,19913,107.5
11500,19914,254
11500,19915,86
11500,19920,16
11500,19928,1
11500,20060,4
11500,20061,5
11500,20180,4
11500,20181,2
11500,20182,1
11501,19902,1
11501,19911,4
11501,19912,19
11501,19913,54
11501,19914,30
11501,19915,10
11501,19916,1
11501,19917,1
11501,19918,2
11501,19920,3
11501,20173,12
11501,20184,3
11502,19904,1
11502,19910,4
11502,19911,1
11502,19912,36
11502,19913,51
11502,19914,74
11502,19915,33
11502,19918,3
11502,19919,5
11502,19920,9
11502,19921,2
11502,20156,1.5
11502,20167,4
11502,20222,1
11502,20243,4
11503,19897,2
11503,19898,6
11503,19912,19
11503,19913,67.5
11503,19914,52
11503,19915,139.5
11503,19916,90
11503,19917,22
11503,19918,65
11503,19919,42
11503,19920,26
11503,19921,8
11503,19922,4
11503,19924,3
11503,20154,5
11503,20167,3
11503,20172,3
11503,20178,2
11503,20179,1
11504,19899,4
11504,19900,4
11504,19915,60.5
11504,19916,74
11504,19917,64.5
11504,19918,67
11504,19919,62
11504,19920,142.5
11504,19921,27
11504,19922,28
11504,19923,6
11504,20177,2
11504,20248,1
11504,20249,1
11504,20253,1
11505,19908,4
11505,19914,13
11505,19915,31
11505,19916,72
11505,19917,72.5
11505,19918,150
11505,19919,65.5
11505,19920,17
11505,19921,30.5
11505,19925,9
11505,20169,2
11505,20172,3
11505,20216,10
11505,20245,2
11505,20248,5
11505,20249,14
11505,20253,4
11506,19907,2
11506,19908,11
11506,19909,58
11506,19910,76.5
11506,19911,20
11506,19915,48
11506,19916,56.5
11506,19917,46.5
11506,19918,17
11506,19919,29
11506,20112,4
11506,20169,1
11506,20170,3
11506,20171,6
11506,20175,3
11506,20176,6
11506,20219,9
11506,20220,4
11506,20224,3
11506,20245,3
11506,20246,6
11506,20247,3
11506,20250,1
11506,20252,4
11506,20253,22
11506,20254,11
11507,19906,2
11507,19907,62.5
11507,19908,50
11507,19909,87.5
11507,19910,47
11507,19911,21
11507,19916,6
11507,19918,1
11507,20165,2
11507,20168,1
11507,20169,4
11507,20170,59
11507,20171,2
11507,20174,2
11507,20175,4
11507,20176,5
11507,20177,4
11507,20210,4
11507,20218,6
11507,20220,2
11507,20221,4
11507,20239,1
11508,19905,3
11508,19907,51
11508,19908,55
11508,19909,50.5
11508,19910,33
11508,20164,5
11508,20165,1
11508,20166,2
11508,20172,1
11508,20173,2
11508,20175,5
11508,20183,3
11508,20210,13
11508,20221,2
11508,20238,2
11508,20239,2
11508,20240,8
11509,19907,10.5
11509,19908,8
11509,19909,44
11509,19910,2
11509,20205,1
11509,20210,2
11509,20231,3
11509,20232,7
11509,20233,12
11509,20234,1
11509,20238,5
11509,20239,7
11509,20240,2
11510,19907,7
11510,20204,1
11510,20213,2
11510,20232,17
11510,20233,21
11510,20237,2
11510,20238,9
11510,20239,25
11510,20240,2
11510,20252,9
11511,20174,1
11511,20237,2
11511,20238,5
11511,20239,3
11511,20251,1
11511,20252,1
11512,19952,1.5
11512,20080,7
11512,20082,1
11512,20172,1
11512,20224,8
11512,20239,6
11512,20251,2
11513,19912,4
11513,20082,2
11513,20223,1
11513,20224,7
11513,20225,34
11513,20226,1
11513,20250,3.5
11513,20251,2
11514,19913,2
11514,20089,8
11514,20224,8
11514,20225,2
11514,20226,4
11514,20233,7
11515,20088,4
11515,20089,9.5
11515,20205,1
11515,20223,2
11515,20225,4
11515,20234,1
11516,20172,4
11517,20087,1
11517,20089,2
11517,20201,1
11517,20202,4
11518,20075,23
11518,20076,32
11518,20077,33.5
11518,20078,6
11518,20081,1
11518,20089,18
11518,20090,3
11518,20200,6
11518,20201,23
11519,20075,1
11519,20076,57
11519,20077,65
11519,20078,10
11519,20088,1
11519,20089,103
11519,20090,8.5
11519,20092,1
11520,20088,2
11520,20089,8
11520,20171,4
11520,20172,1
11521,20088,4
11521,20089,5
11521,20170,2
11521,20171,2
11522,20084,3
11522,20088,1
11522,20235,5
11523,20077,2
11523,20085,4
11525,20179,2
11526,20170,4
11527,20081,2
11528,20228,3
11531,20084,2
11531,20090,2
