n,e,ind
38171,1797,23.5
38172,1778,3
38172,1779,30
38172,1780,74.5
38172,1781,104
38172,1782,2
38172,1797,78
38172,1798,22
38172,1799,49
38173,1779,98.5
38173,1780,349.5
38173,1781,284.5
38173,1782,144
38173,1783,47
38173,1796,4
38173,1797,33
38173,1798,10
38173,1799,109
38173,1800,89
38173,1801,17
38173,1802,26
38173,1803,3.5
38174,1779,58.5
38174,1780,201
38174,1781,343
38174,1782,217
38174,1783,229
38174,1787,32.5
38174,1792,1
38174,1795,2
38174,1796,65
38174,1797,91
38174,1798,24
38174,1799,114
38174,1800,172.5
38174,1801,132
38174,1802,30
38175,1776,4.5
38175,1777,12
38175,1778,1
38175,1779,98.5
38175,1780,176
38175,1781,262
38175,1782,239
38175,1783,74
38175,1784,8
38175,1785,35
38175,1786,18
38175,1787,96
38175,1788,25
38175,1789,36
38175,1790,13
38175,1791,82
38175,1792,76
38175,1793,25
38175,1794,42
38175,1795,63.5
38175,1796,146.5
38175,1797,123
38175,1798,60
38175,1799,182
38175,1800,142
38175,1801,156
38175,1802,44
38175,1803,9
38175,1804,22
38175,1805,37
38175,1806,70
38175,1809,1
38175,1810,24
38176,1773,19
38176,1774,50
38176,1775,79.5
38176,1776,42.5
38176,1777,165
38176,1778,45
38176,1779,127
38176,1780,173
38176,1781,130
38176,1782,17
38176,1783,132
38176,1784,59
38176,1785,230.5
38176,1786,114
38176,1787,206.5
38176,1788,111
38176,1789,143
38176,1790,142.5
38176,1791,187
38176,1792,54
38176,1793,93
38176,1794,170.5
38176,1795,119
38176,1796,11
38176,1797,124
38176,1798,70
38176,1799,214
38176,1800,137
38176,1801,41
38176,1802,10
38176,1803,33
38176,1804,94.5
38176,1805,146.5
38176,1806,59
38176,1807,13
38176,1808,2
38176,1809,31
38176,1810,4
38176,1811,5
38176,1812,2
38177,1770,26
38177,1771,41
38177,1772,104.5
38177,1773,74
38177,1774,121
38177,1775,94
38177,1776,88
38177,1777,99
38177,1778,56
38177,1779,129.5
38177,1780,78
38177,1781,76
38177,1782,109
38177,1783,128
38177,1784,61
38177,1785,276
38177,1786,90
38177,1787,58
38177,1788,145.5
38177,1789,159.5
38177,1790,250.5
38177,1791,167.5
38177,1792,54
38177,1793,25
38177,1794,35
38177,1795,5
38177,1797,79.5
38177,1798,1
38177,1799,114
38177,1800,20
38177,1802,2
38177,1804,19
38177,1805,24
38177,1806,152.5
38177,1807,140
38177,1808,11
38177,1809,10
38177,1810,12
38177,1811,4
38177,1812,11
38177,1813,3
38178,1768,5
38178,1769,98.5
38178,1770,149
38178,1771,97
38178,1772,27
38178,1773,40
38178,1774,27
38178,1775,1
38178,1776,63.5
38178,1777,118.5
38178,1778,89
38178,1779,104
38178,1780,54
38178,1781,106.5
38178,1782,192
38178,1783,247
38178,1784,221
38178,1785,288.5
38178,1786,157
38178,1787,166.5
38178,1788,87.5
38178,1789,178.5
38178,1790,197.5
38178,1791,113.5
38178,1792,65
38178,1795,2
38178,1797,3
38178,1800,26
38178,1806,6
38178,1807,115.5
38178,1808,92
38178,1809,41
38178,1810,59
38178,1811,52.5
38178,1812,39.5
38178,1813,7
38179,1767,3
38179,1768,25
38179,1769,2
38179,1770,42
38179,1771,100.5
38179,1772,32
38179,1776,55
38179,1777,5
38179,1779,47
38179,1781,72
38179,1782,70.5
38179,1783,98.5
38179,1784,103
38179,1785,102.5
38179,1786,20
38179,1787,118.5
38179,1788,32
38179,1789,178.5
38179,1790,203
38179,1791,131
38179,1792,20
38179,1799,1
38179,1800,16
38179,1806,1
38179,1807,55
38179,1808,29
38179,1809,189
38179,1810,163
38179,1811,55
38179,1812,64
38179,1813,4
38179,1814,67
38179,1829,10
38179,1830,15
38179,1831,19.5
38179,1832,6
38180,1749,4
38180,1750,8
38180,1752,54.5
38180,1753,53
38180,1754,5
38180,1755,34
38180,1756,63.5
38180,1757,14
38180,1758,2
38180,1760,13
38180,1761,18
38180,1762,22
38180,1764,4
38180,1765,8
38180,1766,50
38180,1767,25.5
38180,1768,5
38180,1769,9
38180,1770,27
38180,1771,60
38180,1772,1
38180,1776,37
38180,1777,29
38180,1778,11
38180,1779,137
38180,1780,16
38180,1781,84
38180,1782,191
38180,1783,133.5
38180,1784,88
38180,1785,204.5
38180,1786,120.5
38180,1787,11
38180,1788,49.5
38180,1789,161.5
38180,1790,59
38180,1791,92.5
38180,1792,102
38180,1793,71
38180,1794,3
38180,1795,2
38180,1798,1
38180,1799,1
38180,1800,2
38180,1806,13
38180,1807,32
38180,1808,48
38180,1809,58
38180,1810,129.5
38180,1811,78.5
38180,1812,68.5
38180,1813,22
38180,1814,126.5
38180,1815,26
38180,1816,56
38180,1817,15
38180,1818,4
38180,1819,46
38180,1820,14
38180,1821,8
38180,1823,1.5
38180,1828,7
38180,1829,118.5
38180,1830,88
38180,1831,65
38180,1832,48
38180,1833,87
38180,1834,64
38180,1835,53
38180,1836,28.5
38180,1837,3
38181,1749,13
38181,1750,60
38181,1751,34.5
38181,1752,10
38181,1753,45
38181,1754,10
38181,1755,8
38181,1756,49.5
38181,1757,37
38181,1758,4
38181,1760,9
38181,1761,57
38181,1762,32
38181,1765,6
38181,1770,16
38181,1771,25
38181,1776,28
38181,1777,63
38181,1778,7
38181,1779,119
38181,1780,8
38181,1781,6
38181,1782,108.5
38181,1783,174.5
38181,1784,90
38181,1785,138
38181,1786,174
38181,1787,53
38181,1788,14
38181,1790,7
38181,1791,40
38181,1792,6
38181,1793,21
38181,1797,10
38181,1798,9
38181,1799,18
38181,1806,8.5
38181,1807,39
38181,1808,45.5
38181,1809,63.5
38181,1810,109
38181,1811,118
38181,1812,128
38181,1813,50
38181,1814,104.5
38181,1815,66
38181,1816,78
38181,1817,24
38181,1818,9
38181,1819,97.5
38181,1820,5
38181,1830,10
38181,1831,35
38181,1832,81
38181,1833,93.5
38181,1834,69
38181,1835,28
38181,1836,155.5
38181,1837,161
38181,1838,36
38181,1839,4
38182,1745,9
38182,1749,7
38182,1750,5
38182,1751,2
38182,1752,42
38182,1753,8
38182,1755,17
38182,1756,103
38182,1757,114.5
38182,1758,34.5
38182,1759,10
38182,1760,31.5
38182,1761,146
38182,1765,12
38182,1766,6
38182,1770,1
38182,1771,1
38182,1772,3
38182,1776,11
38182,1777,21
38182,1778,2
38182,1779,30
38182,1780,6
38182,1781,4
38182,1782,57
38182,1783,75
38182,1784,98
38182,1786,129
38182,1787,254.5
38182,1788,7
38182,1792,28
38182,1793,4
38182,1794,8
38182,1795,2
38182,1796,7
38182,1799,3
38182,1805,5
38182,1806,22
38182,1807,63
38182,1808,13.5
38182,1809,50
38182,1810,44
38182,1811,61.5
38182,1812,42
38182,1813,19
38182,1814,42
38182,1815,42
38182,1816,47
38182,1817,10
38182,1818,9
38182,1819,17
38182,1820,16
38182,1831,16
38182,1832,2
38182,1836,46
38182,1837,48.5
38182,1838,83
38182,1839,32
38182,1840,30
38182,1841,18
38182,1843,9
38182,1844,28
38182,1845,15
38182,1846,2
38182,1847,3
38183,1743,5
38183,1744,53
38183,1745,56
38183,1746,2
38183,1747,34.5
38183,1748,32
38183,1750,19
38183,1751,19
38183,1752,2
38183,1753,56.5
38183,1756,2
38183,1757,13
38183,1758,6.5
38183,1761,6
38183,1765,8
38183,1766,3
38183,1768,2
38183,1770,5
38183,1771,36.5
38183,1772,28
38183,1776,5
38183,1777,4
38183,1782,34
38183,1783,17
38183,1784,78.5
38183,1786,6
38183,1787,8
38183,1788,40
38183,1789,3
38183,1792,5
38183,1793,13
38183,1794,2
38183,1795,1
38183,1796,3
38183,1805,4
38183,1807,4
38183,1809,18
38183,1810,1
38183,1816,70
38183,1817,5
38183,1818,15
38183,1819,17
38183,1820,63
38183,1821,17
38183,1839,19
38183,1840,2
38183,1841,3
38183,1842,7
38183,1844,23
38183,1845,133
38183,1847,26
38183,1848,5
38183,1850,1
38183,1851,26
38183,1852,12
38183,1853,3
38184,1738,3
38184,1739,54
38184,1741,1
38184,1742,3
38184,1743,61
38184,1744,15
38184,1745,87.5
38184,1746,11
38184,1751,4
38184,1753,33
38184,1754,5
38184,1755,8.5
38184,1757,4
38184,1762,15
38184,1763,14
38184,1765,2
38184,1767,7
38184,1768,29
38184,1770,3
38184,1771,14
38184,1772,78.5
38184,1775,7
38184,1776,12
38184,1777,66.5
38184,1778,2
38184,1779,4
38184,1780,3
38184,1782,4
38184,1784,26
38184,1787,13
38184,1788,53
38184,1789,9
38184,1792,13
38184,1793,3
38184,1794,6
38184,1795,9
38184,1807,17
38184,1808,78
38184,1809,16
38184,1818,14
38184,1819,18
38184,1820,10
38184,1839,4
38184,1851,10
38184,1852,91
38184,1853,42
38185,1736,8
38185,1737,72
38185,1738,95.5
38185,1739,114.5
38185,1740,116
38185,1741,56
38185,1742,10
38185,1743,2
38185,1744,11
38185,1745,31
38185,1751,5
38185,1752,1
38185,1753,5
38185,1755,67
38185,1756,116
38185,1758,7
38185,1762,7
38185,1767,5
38185,1768,8
38185,1769,70
38185,1770,47
38185,1771,26
38185,1772,108.5
38185,1773,2
38185,1774,7
38185,1775,8
38185,1776,19
38185,1777,27
38185,1778,7
38185,1779,3
38185,1781,2
38185,1784,31
38185,1785,25
38185,1788,11
38185,1789,2
38185,1792,1
38185,1798,4
38185,1799,16
38185,1806,3
38185,1807,26
38185,1808,64
38185,1818,10
38185,1819,6
38185,1826,23
38185,1827,53
38185,1838,24
38185,1839,28
38185,1848,7
38185,1852,1
38185,1853,65
38185,1854,2
38185,1857,12
38185,1858,13
38185,1860,19
38185,1861,128.5
38185,1862,54.5
38185,1863,21
38186,1733,58
38186,1734,79
38186,1735,184
38186,1736,127.5
38186,1737,117
38186,1738,166.5
38186,1739,120
38186,1740,72.5
38186,1741,10
38186,1742,50
38186,1743,2
38186,1744,3
38186,1745,12
38186,1748,7
38186,1753,23
38186,1754,48
38186,1755,160.5
38186,1756,157
38186,1757,69.5
38186,1758,6
38186,1762,6
38186,1763,9
38186,1768,44
38186,1770,53
38186,1771,27
38186,1772,25
38186,1773,44.5
38186,1774,34
38186,1775,18
38186,1776,8
38186,1777,7
38186,1781,6
38186,1782,2
38186,1783,1
38186,1784,9
38186,1785,29
38186,1787,13
38186,1788,18.5
38186,1789,33
38186,1790,9
38186,1792,1
38186,1799,2
38186,1802,8
38186,1806,28
38186,1807,63
38186,1808,8
38186,1818,1
38186,1826,71
38186,1827,10
38186,1838,10
38186,1839,37
38186,1840,4
38186,1853,1
38186,1855,23
38186,1856,45
38186,1857,78
38186,1858,144
38186,1859,85.5
38186,1860,131.5
38186,1861,53
38186,1862,206.5
38186,1863,6
38187,1730,4
38187,1731,42
38187,1732,50
38187,1733,128
38187,1734,310.5
38187,1735,64
38187,1736,1
38187,1737,1
38187,1738,58
38187,1739,3
38187,1741,3
38187,1742,3
38187,1747,36.5
38187,1748,37
38187,1753,28.5
38187,1754,57
38187,1755,103
38187,1756,104.5
38187,1757,100.5
38187,1758,4
38187,1759,2
38187,1760,29
38187,1761,13
38187,1762,7.5
38187,1765,2
38187,1768,1
38187,1769,20
38187,1770,7
38187,1771,37.5
38187,1772,24.5
38187,1773,161
38187,1774,21
38187,1775,14
38187,1776,10
38187,1778,3
38187,1779,6
38187,1781,1
38187,1782,4
38187,1783,2
38187,1784,15
38187,1785,32
38187,1789,29
38187,1790,70
38187,1791,26
38187,1792,4
38187,1798,15
38187,1802,8
38187,1804,5
38187,1805,54.5
38187,1806,85
38187,1807,41
38187,1808,2
38187,1825,30
38187,1826,83
38187,1827,44
38187,1835,9
38187,1836,14
38187,1837,2
38187,1838,3
38187,1845,5
38187,1852,3
38187,1855,4
38187,1857,6
38187,1858,37
38187,1859,62
38187,1860,176
38187,1861,62
38187,1862,146
38188,1728,14
38188,1729,101
38188,1730,96
38188,1731,140
38188,1732,59
38188,1733,70.5
38188,1734,88
38188,1735,119
38188,1736,26
38188,1737,2
38188,1738,45
38188,1739,9
38188,1745,9
38188,1748,26
38188,1749,8
38188,1750,5
38188,1753,14
38188,1755,17
38188,1756,68.5
38188,1757,64.5
38188,1758,6
38188,1759,1
38188,1760,25
38188,1761,10
38188,1762,4
38188,1763,17
38188,1767,1
38188,1769,2
38188,1770,4
38188,1772,18
38188,1773,49
38188,1774,27
38188,1775,16
38188,1776,9.5
38188,1777,5
38188,1778,56
38188,1782,3
38188,1783,9
38188,1785,12
38188,1789,10
38188,1790,59
38188,1791,64
38188,1792,8
38188,1803,4
38188,1804,136.5
38188,1805,102
38188,1806,17
38188,1810,2
38188,1816,3
38188,1817,10
38188,1825,45
38188,1826,1
38188,1835,21
38188,1836,75
38188,1837,6
38188,1838,3
38188,1842,3.5
38188,1850,12
38188,1851,1
38188,1853,5
38188,1854,2
38188,1859,8
38188,1860,28
38188,1861,33.5
38188,1862,34
38188,1863,94.5
38189,1726,30
38189,1727,31
38189,1728,58.5
38189,1729,76
38189,1730,36.5
38189,1731,14
38189,1733,4
38189,1734,47
38189,1735,9
38189,1736,5
38189,1739,5
38189,1740,2
38189,1745,7
38189,1748,3
38189,1752,43
38189,1753,37
38189,1754,67.5
38189,1755,96
38189,1756,82.5
38189,1757,68
38189,1758,9
38189,1759,15
38189,1760,35
38189,1761,42.5
38189,1762,11
38189,1763,12
38189,1769,3
38189,1770,10
38189,1772,50
38189,1773,35
38189,1774,81.5
38189,1775,11
38189,1776,8
38189,1777,46
38189,1778,60
38189,1779,22
38189,1781,4
38189,1782,32
38189,1783,30
38189,1785,5
38189,1789,10
38189,1790,2
38189,1798,4
38189,1801,1
38189,1804,73.5
38189,1805,35
38189,1806,11
38189,1811,4
38189,1813,3
38189,1814,8
38189,1817,24
38189,1836,13
38189,1851,4
38189,1860,7
38189,1861,7
38189,1864,11
38189,1869,7
38189,1870,1
38190,1724,3
38190,1725,14
38190,1726,209
38190,1727,127
38190,1728,168.5
38190,1729,174.5
38190,1730,25.5
38190,1734,5
38190,1738,4
38190,1739,25
38190,1740,11
38190,1745,8
38190,1747,4
38190,1748,1
38190,1751,9
38190,1752,85
38190,1753,71
38190,1754,143
38190,1755,67
38190,1756,49.5
38190,1757,75.5
38190,1758,29
38190,1759,17
38190,1760,26.5
38190,1761,38
38190,1762,4
38190,1763,11
38190,1769,11
38190,1770,2
38190,1772,17
38190,1773,15
38190,1774,6
38190,1776,6
38190,1777,11
38190,1778,6
38190,1779,13
38190,1780,18
38190,1781,49
38190,1782,8
38190,1783,2
38190,1790,1
38190,1800,3
38190,1801,9
38190,1804,6
38190,1805,32
38190,1806,11
38190,1814,3
38190,1817,7
38190,1851,4
38190,1864,43
38190,1865,6
38190,1866,7
38190,1869,4
38190,1870,6
38191,1714,241.5
38191,1715,76
38191,1716,10
38191,1721,12
38191,1722,20
38191,1723,54
38191,1724,2
38191,1726,127
38191,1727,116
38191,1728,142.5
38191,1729,65
38191,1748,24
38191,1749,72
38191,1750,33
38191,1751,25
38191,1752,30
38191,1753,76.5
38191,1754,122
38191,1755,42
38191,1756,140
38191,1757,64.5
38191,1758,119
38191,1759,23
38191,1760,22.5
38191,1761,25
38191,1762,5
38191,1764,2
38191,1765,3
38191,1772,23
38191,1773,61
38191,1774,7
38191,1775,1
38191,1776,5
38191,1777,6
38191,1778,36
38191,1779,33
38191,1780,42
38191,1781,21
38191,1782,62
38191,1790,85
38191,1791,92
38191,1792,10
38191,1797,8
38191,1798,23
38191,1800,12
38191,1817,84
38191,1869,21
38191,1870,63
38191,1871,128
38191,1872,32
38192,1712,7
38192,1713,362
38192,1714,222
38192,1715,245
38192,1716,256
38192,1717,38
38192,1718,58.5
38192,1719,43
38192,1721,22
38192,1722,14
38192,1726,51
38192,1727,86.5
38192,1728,6
38192,1738,1
38192,1739,3
38192,1745,1
38192,1748,19
38192,1749,22
38192,1750,15
38192,1751,10
38192,1752,3
38192,1753,16
38192,1754,166.5
38192,1755,26.5
38192,1756,91.5
38192,1757,36.5
38192,1758,93
38192,1759,11
38192,1760,8
38192,1761,48
38192,1762,38
38192,1763,3
38192,1765,16
38192,1769,3
38192,1773,55
38192,1776,32
38192,1777,21.5
38192,1778,30
38192,1779,43
38192,1780,77
38192,1781,56
38192,1782,39
38192,1783,13
38192,1789,41.5
38192,1790,123
38192,1791,86
38192,1792,1
38192,1793,3
38192,1798,24
38192,1803,4
38192,1804,11
38192,1806,9
38192,1812,11
38192,1817,20
38192,1869,4
38192,1870,24
38192,1871,32
38192,1872,22
38192,1873,19
38193,1712,183.5
38193,1713,202
38193,1714,234.5
38193,1715,262.5
38193,1716,125
38193,1717,58
38193,1719,16
38193,1720,158.5
38193,1722,4
38193,1723,78.5
38193,1727,122
38193,1728,9
38193,1735,16
38193,1737,3
38193,1739,1
38193,1740,4
38193,1741,16.5
38193,1745,11
38193,1746,5
38193,1749,2
38193,1750,23
38193,1752,2
38193,1753,105
38193,1754,100.5
38193,1755,104
38193,1756,84.5
38193,1757,27
38193,1758,5
38193,1760,12
38193,1761,1
38193,1762,52
38193,1763,8
38193,1765,17
38193,1769,15
38193,1770,3
38193,1772,1
38193,1774,2
38193,1775,36
38193,1776,153
38193,1777,46
38193,1778,31
38193,1779,5
38193,1780,19
38193,1782,3
38193,1783,2
38193,1789,48
38193,1790,140
38193,1791,17
38193,1792,8
38193,1793,23
38193,1794,4
38193,1795,11
38193,1797,9
38193,1798,33
38193,1800,3
38193,1803,2
38193,1804,9
38193,1806,41.5
38193,1814,2
38193,1815,13
38193,1818,3
38193,1869,2
38193,1872,9
38193,1873,45.5
38193,1874,3
38194,1706,4
38194,1707,8.5
38194,1711,6
38194,1712,226.5
38194,1713,217.5
38194,1714,190
38194,1715,214.5
38194,1716,7
38194,1717,363.5
38194,1719,9
38194,1723,12
38194,1724,56
38194,1725,52
38194,1726,8
38194,1727,6
38194,1728,74
38194,1733,8
38194,1735,4.5
38194,1736,4
38194,1740,20
38194,1751,2
38194,1753,156.5
38194,1754,73
38194,1755,61
38194,1756,43
38194,1757,18.5
38194,1761,9
38194,1762,1
38194,1764,8
38194,1765,2
38194,1766,3
38194,1769,5
38194,1772,2
38194,1774,53
38194,1775,37.5
38194,1776,62
38194,1777,5
38194,1778,23
38194,1779,15
38194,1780,45.5
38194,1781,8
38194,1782,2
38194,1789,65.5
38194,1790,113
38194,1791,71
38194,1792,3
38194,1793,2
38194,1794,5
38194,1797,2
38194,1798,45
38194,1804,9.5
38194,1805,22
38194,1806,34
38194,1809,1
38194,1811,5
38194,1816,9
38194,1817,3
38194,1818,41
38194,1870,2
38194,1871,2
38194,1873,9
38194,1875,2
38195,1703,3
38195,1704,1
38195,1705,17
38195,1706,207.5
38195,1707,140
38195,1708,321.5
38195,1709,101.5
38195,1710,58
38195,1711,37
38195,1712,194
38195,1713,192.5
38195,1714,200
38195,1715,254.5
38195,1716,33.5
38195,1717,31
38195,1719,32.5
38195,1723,19
38195,1724,72
38195,1725,42
38195,1726,2
38195,1727,6
38195,1728,77.5
38195,1729,22
38195,1733,17
38195,1734,11
38195,1740,13
38195,1741,1
38195,1750,14
38195,1751,19
38195,1753,23
38195,1754,8
38195,1755,22
38195,1756,38
38195,1757,13
38195,1758,25
38195,1759,3
38195,1760,3
38195,1761,3
38195,1762,13
38195,1763,4
38195,1768,1
38195,1769,1
38195,1770,15
38195,1772,30
38195,1773,22
38195,1774,12
38195,1775,55.5
38195,1776,21
38195,1777,6
38195,1778,19.5
38195,1779,16
38195,1780,4
38195,1788,3
38195,1789,123.5
38195,1790,120
38195,1791,40
38195,1792,27
38195,1793,6.5
38195,1798,15
38195,1806,1
38195,1807,3
38195,1809,2
38195,1810,1
38195,1812,9
38195,1816,6
38195,1817,43
38195,1818,56
38195,1819,12
38195,1873,1
38195,1874,75
38195,1875,1
38196,1702,40.5
38196,1703,160
38196,1704,41
38196,1705,181.5
38196,1706,192
38196,1707,118
38196,1708,142.5
38196,1709,491.5
38196,1710,58
38196,1711,81.5
38196,1712,149
38196,1713,197
38196,1714,244
38196,1715,216.5
38196,1716,37
38196,1719,34.5
38196,1724,21.5
38196,1725,57.5
38196,1726,74
38196,1727,39
38196,1728,28
38196,1729,102
38196,1730,21
38196,1731,7
38196,1749,9
38196,1750,5
38196,1751,46
38196,1752,88.5
38196,1753,66.5
38196,1754,71
38196,1755,18
38196,1756,20
38196,1757,11
38196,1758,90.5
38196,1759,2
38196,1760,21
38196,1761,43
38196,1762,5
38196,1763,9
38196,1765,1
38196,1768,4
38196,1769,20
38196,1770,7
38196,1771,10
38196,1772,44.5
38196,1773,6
38196,1774,22
38196,1775,42
38196,1776,23
38196,1777,14
38196,1778,22
38196,1779,41
38196,1780,11
38196,1781,4
38196,1788,48.5
38196,1789,114
38196,1790,39
38196,1791,17
38196,1792,54.5
38196,1797,8
38196,1798,31
38196,1805,6
38196,1806,58
38196,1812,26
38196,1813,8
38196,1814,27
38196,1815,5
38196,1816,17
38196,1817,8
38196,1818,4
38196,1819,3
38196,1870,4
38196,1874,33
38196,1875,19
38197,1701,157
38197,1702,797
38197,1703,549
38197,1704,363.5
38197,1705,165
38197,1706,254
38197,1707,208
38197,1708,235
38197,1709,155.5
38197,1710,247
38197,1711,83.5
38197,1712,92
38197,1713,144
38197,1714,294
38197,1715,264.5
38197,1716,180.5
38197,1717,4
38197,1725,20
38197,1726,84.5
38197,1727,21
38197,1728,45.5
38197,1729,68
38197,1730,114
38197,1731,125
38197,1732,4
38197,1733,2
38197,1737,1
38197,1741,2
38197,1742,2
38197,1743,4
38197,1750,20
38197,1751,13
38197,1752,75
38197,1753,109
38197,1754,139.5
38197,1755,97.5
38197,1756,55
38197,1760,9
38197,1761,4
38197,1762,19
38197,1763,6
38197,1764,3
38197,1767,16
38197,1768,4
38197,1769,21
38197,1770,42
38197,1772,1
38197,1774,50
38197,1775,85
38197,1776,11
38197,1777,10
38197,1778,10
38197,1779,7.5
38197,1780,14
38197,1781,5
38197,1783,4
38197,1788,110
38197,1789,133
38197,1790,87.5
38197,1791,15
38197,1792,43
38197,1795,3
38197,1796,13
38197,1797,39
38197,1798,14
38197,1805,8
38197,1806,55
38197,1807,2
38197,1808,7
38197,1809,51
38197,1810,3
38197,1811,9
38197,1812,5
38197,1813,27
38197,1814,23.5
38197,1815,7
38197,1816,1
38197,1875,3
38197,1876,6
38197,1877,3
38198,1700,55
38198,1701,538
38198,1702,144
38198,1703,402
38198,1704,707
38198,1705,90.5
38198,1706,108.5
38198,1707,243
38198,1708,203
38198,1709,381.5
38198,1710,63.5
38198,1711,88
38198,1712,9
38198,1713,295.5
38198,1714,232.5
38198,1715,368.5
38198,1716,52.5
38198,1719,3
38198,1727,43
38198,1728,57
38198,1729,11
38198,1730,62
38198,1731,147.5
38198,1732,45
38198,1733,8
38198,1737,20
38198,1740,13
38198,1741,74
38198,1742,29
38198,1743,2
38198,1744,4
38198,1745,1
38198,1746,9
38198,1747,3
38198,1748,1
38198,1749,12.5
38198,1750,28
38198,1752,152
38198,1753,133.5
38198,1754,139
38198,1755,102.5
38198,1756,54.5
38198,1757,12
38198,1758,2
38198,1760,6
38198,1761,33
38198,1762,102
38198,1763,1
38198,1764,49.5
38198,1766,11.5
38198,1767,62
38198,1769,20
38198,1770,16
38198,1773,6
38198,1774,13
38198,1775,10
38198,1776,4
38198,1778,10
38198,1780,2
38198,1788,73
38198,1789,53
38198,1790,89
38198,1791,28
38198,1792,76
38198,1796,2
38198,1797,16.5
38198,1802,29
38198,1803,54
38198,1804,17
38198,1805,31
38198,1806,32
38198,1807,7
38198,1808,20
38198,1809,46
38198,1811,2
38198,1814,6
38198,1877,3
38199,1700,254.5
38199,1701,289
38199,1702,188
38199,1703,767
38199,1704,315
38199,1705,291
38199,1706,97
38199,1707,383.5
38199,1708,444
38199,1709,371
38199,1710,152
38199,1711,263.5
38199,1712,16
38199,1713,34
38199,1714,224
38199,1717,4
38199,1720,4
38199,1723,1
38199,1724,7
38199,1727,6
38199,1728,14
38199,1730,2
38199,1731,74.5
38199,1732,136.5
38199,1733,137.5
38199,1734,19
38199,1736,1
38199,1737,94
38199,1738,36
38199,1739,53.5
38199,1740,11
38199,1741,21
38199,1742,19
38199,1743,4
38199,1744,6
38199,1745,24
38199,1746,22
38199,1747,42
38199,1748,35
38199,1749,15
38199,1750,8
38199,1752,55
38199,1753,133
38199,1754,208
38199,1755,117
38199,1756,38.5
38199,1757,30
38199,1758,10
38199,1759,15
38199,1760,2
38199,1761,72
38199,1762,49
38199,1763,42
38199,1764,10
38199,1765,22
38199,1766,40
38199,1767,61
38199,1769,2
38199,1770,9
38199,1771,11
38199,1772,24
38199,1773,32
38199,1774,17
38199,1775,37
38199,1776,28
38199,1778,48
38199,1779,27
38199,1780,19
38199,1788,70
38199,1789,49
38199,1790,52.5
38199,1791,12
38199,1792,43.5
38199,1799,4
38199,1800,7
38199,1801,14
38199,1803,32.5
38199,1804,23
38199,1805,39
38199,1806,61
38199,1807,48
38199,1808,38
38199,1809,7
38199,1812,3
38199,1877,52
38199,1878,17
38200,1701,76
38200,1702,103.5
38200,1703,182
38200,1704,92
38200,1705,40.5
38200,1706,44.5
38200,1707,485.5
38200,1708,487.5
38200,1709,279.5
38200,1710,470.5
38200,1711,181
38200,1712,168
38200,1713,54
38200,1714,26
38200,1715,55
38200,1716,33
38200,1721,3
38200,1722,4
38200,1731,12
38200,1732,33.5
38200,1733,109.5
38200,1734,143
38200,1735,9
38200,1737,74.5
38200,1738,50
38200,1739,24.5
38200,1740,2
38200,1741,46.5
38200,1745,5
38200,1746,3
38200,1748,15
38200,1749,17
38200,1750,39
38200,1751,31
38200,1752,51.5
38200,1753,48
38200,1754,27
38200,1755,5
38200,1756,15
38200,1757,48
38200,1758,16
38200,1759,13
38200,1761,55
38200,1762,57
38200,1763,13
38200,1765,8
38200,1766,29
38200,1769,4
38200,1770,22
38200,1771,26
38200,1772,10.5
38200,1773,24.5
38200,1774,32.5
38200,1775,11
38200,1776,11
38200,1777,12
38200,1778,83
38200,1779,51
38200,1780,32
38200,1788,53
38200,1789,77
38200,1790,64
38200,1791,3
38200,1792,4
38200,1799,7
38200,1800,38.5
38200,1801,58
38200,1802,34
38200,1803,72.5
38200,1804,47.5
38200,1805,10.5
38200,1806,41
38200,1807,59
38200,1808,45
38200,1816,1
38200,1878,37
38201,1699,5
38201,1702,5
38201,1703,10
38201,1704,148.5
38201,1705,95.5
38201,1706,16
38201,1707,139
38201,1708,826.5
38201,1709,141.5
38201,1710,62
38201,1711,123
38201,1712,146
38201,1715,13
38201,1716,117
38201,1721,3
38201,1730,1
38201,1732,3
38201,1733,61
38201,1734,78.5
38201,1735,13
38201,1736,60
38201,1737,52
38201,1738,114.5
38201,1739,115
38201,1740,55
38201,1741,75
38201,1745,16
38201,1748,6
38201,1749,13
38201,1750,32
38201,1751,20
38201,1752,26.5
38201,1753,2
38201,1755,12
38201,1756,106
38201,1757,167.5
38201,1758,36
38201,1759,11
38201,1762,20
38201,1770,9
38201,1771,6
38201,1772,14
38201,1773,15
38201,1774,39
38201,1775,44
38201,1776,6
38201,1777,28
38201,1778,47
38201,1779,40
38201,1780,53
38201,1789,55.5
38201,1790,136.5
38201,1791,20
38201,1793,3
38201,1796,148
38201,1800,1
38201,1801,13
38201,1802,2
38201,1803,42.5
38201,1804,12
38201,1805,37
38201,1806,1
38201,1807,19
38201,1808,43
38201,1878,7
38202,1700,1
38202,1702,2
38202,1708,49
38202,1709,94
38202,1710,133
38202,1711,149
38202,1712,207
38202,1713,167.5
38202,1714,10
38202,1715,7
38202,1716,59
38202,1717,48.5
38202,1718,12
38202,1720,1
38202,1721,2
38202,1732,10
38202,1733,5
38202,1734,48.5
38202,1735,60.5
38202,1736,114.5
38202,1737,106.5
38202,1738,113
38202,1739,86
38202,1740,107
38202,1741,22.5
38202,1742,10
38202,1745,4
38202,1747,3
38202,1748,3
38202,1750,7
38202,1751,12
38202,1753,20
38202,1755,4
38202,1756,69.5
38202,1757,102.5
38202,1758,78
38202,1762,5
38202,1770,4
38202,1772,19
38202,1773,8
38202,1774,4
38202,1775,6.5
38202,1776,5
38202,1777,93
38202,1778,33
38202,1779,66
38202,1780,43
38202,1781,7
38202,1789,11
38202,1790,86
38202,1791,58
38202,1796,7
38202,1803,14
38202,1804,14
38202,1807,5
38202,1810,1
38202,1877,6
38202,1878,48
38203,1700,3
38203,1708,574.5
38203,1709,356.5
38203,1710,215
38203,1711,246
38203,1712,257
38203,1713,91.5
38203,1714,1
38203,1715,10
38203,1716,50
38203,1717,136.5
38203,1718,137
38203,1719,19
38203,1720,9
38203,1721,4
38203,1722,3
38203,1723,8
38203,1735,6
38203,1736,69.5
38203,1737,49
38203,1738,89
38203,1739,11
38203,1740,47
38203,1741,34
38203,1742,3
38203,1745,9
38203,1751,10
38203,1752,10
38203,1753,6
38203,1754,3
38203,1755,12
38203,1756,27
38203,1757,43
38203,1758,65.5
38203,1759,3
38203,1763,6
38203,1770,26
38203,1771,12
38203,1772,6
38203,1775,16
38203,1776,45
38203,1777,38
38203,1778,2
38203,1779,13
38203,1780,2
38203,1781,10
38203,1782,1
38203,1790,7
38203,1793,8
38203,1878,12
38204,1697,6
38204,1702,7
38204,1703,8
38204,1708,92
38204,1709,1043.5
38204,1710,392
38204,1711,216
38204,1712,242
38204,1713,61
38204,1716,43
38204,1717,31
38204,1718,34.5
38204,1719,92
38204,1720,77
38204,1721,7
38204,1722,19.5
38204,1723,5
38204,1724,1
38204,1733,9
38204,1734,11
38204,1736,4
38204,1737,36
38204,1738,55
38204,1745,15
38204,1746,5
38204,1747,2
38204,1749,2
38204,1750,15
38204,1751,37
38204,1752,6
38204,1753,29
38204,1754,19.5
38204,1755,11
38204,1756,19
38204,1757,6
38204,1758,9.5
38204,1759,1
38204,1760,2
38204,1768,16
38204,1769,2
38204,1770,23
38204,1771,12
38204,1772,10
38204,1775,3
38204,1776,11.5
38204,1777,108
38204,1778,29
38204,1779,2
38204,1780,24
38204,1781,58
38204,1790,4
38204,1791,2
38204,1792,2
38205,1693,5
38205,1696,12
38205,1697,3
38205,1704,1
38205,1705,2
38205,1709,158
38205,1710,126
38205,1711,340
38205,1712,205
38205,1713,176.5
38205,1714,181
38205,1717,10
38205,1719,51.5
38205,1720,64
38205,1721,86
38205,1722,4
38205,1725,2
38205,1733,5
38205,1734,46
38205,1735,38.5
38205,1738,72
38205,1739,68
38205,1741,9
38205,1742,12
38205,1745,42.5
38205,1746,9
38205,1748,2
38205,1749,8
38205,1750,64
38205,1751,92
38205,1752,68
38205,1753,24
38205,1754,41
38205,1755,28
38205,1759,3
38205,1760,4
38205,1767,15
38205,1768,4
38205,1770,7
38205,1771,10
38205,1772,12
38205,1774,9
38205,1775,19
38205,1776,10
38205,1777,15
38205,1778,6
38205,1780,65
38205,1781,53
38205,1790,2
38205,1792,5
38205,1795,2
38206,1689,3
38206,1693,9
38206,1704,3
38206,1706,3
38206,1709,9
38206,1710,81
38206,1711,170
38206,1712,251.5
38206,1713,102
38206,1714,104
38206,1715,27
38206,1719,2
38206,1720,6
38206,1721,24.5
38206,1722,13
38206,1723,14
38206,1724,2
38206,1734,4
38206,1735,12
38206,1736,1
38206,1738,58.5
38206,1739,39.5
38206,1740,54
38206,1742,43.5
38206,1743,1
38206,1746,28
38206,1750,62
38206,1751,72.5
38206,1752,107.5
38206,1753,17
38206,1766,1
38206,1774,37
38206,1775,36
38206,1776,10
38206,1777,34
38206,1778,1
38206,1780,39
38206,1781,6
38206,1782,2
38206,1877,8
38206,1878,5
38207,1696,2
38207,1697,4
38207,1704,4
38207,1705,2
38207,1707,3
38207,1709,7
38207,1710,139.5
38207,1711,161
38207,1712,162.5
38207,1713,103
38207,1714,5
38207,1718,6
38207,1720,2
38207,1723,3
38207,1736,9
38207,1738,10
38207,1739,1
38207,1740,96.5
38207,1741,47.5
38207,1742,6
38207,1743,23
38207,1745,2
38207,1746,3
38207,1747,32.5
38207,1748,82
38207,1749,24.5
38207,1750,69.5
38207,1751,81
38207,1752,60.5
38207,1753,13
38207,1759,2
38207,1766,10
38207,1767,5
38207,1774,25
38207,1775,11
38207,1776,27.5
38207,1777,27
38207,1778,2
38207,1780,24
38207,1781,32
38207,1782,8
38207,1792,1
38207,1877,13
38208,1688,4
38208,1699,3
38208,1705,3
38208,1707,10
38208,1710,91.5
38208,1711,167.5
38208,1712,109
38208,1713,11
38208,1714,8
38208,1715,5
38208,1722,7
38208,1723,10
38208,1724,2
38208,1734,3
38208,1736,20.5
38208,1737,65
38208,1738,11.5
38208,1739,15
38208,1740,36
38208,1741,105.5
38208,1742,64
38208,1743,28
38208,1746,38
38208,1747,27
38208,1748,32
38208,1749,46
38208,1750,26
38208,1751,95.5
38208,1755,3
38208,1758,4
38208,1759,2
38208,1765,4
38208,1768,2
38208,1775,3
38208,1776,11
38208,1777,30
38208,1778,16
38208,1780,21
38208,1781,5
38208,1789,2
38208,1790,1
38208,1791,6
38208,1877,16
38209,1689,6
38209,1691,1
38209,1692,7
38209,1697,1
38209,1700,7
38209,1701,3
38209,1704,6
38209,1706,122.5
38209,1710,63
38209,1711,141.5
38209,1712,10
38209,1714,5
38209,1715,8
38209,1718,35
38209,1719,79
38209,1721,1
38209,1723,9
38209,1724,12
38209,1736,52
38209,1737,84
38209,1738,33.5
38209,1739,4
38209,1740,25
38209,1741,23
38209,1742,50.5
38209,1743,87
38209,1744,2
38209,1745,13
38209,1746,21
38209,1747,69
38209,1748,59
38209,1749,59.5
38209,1750,12
38209,1751,8
38209,1752,3
38209,1754,13
38209,1756,12
38209,1758,27
38209,1759,2
38209,1764,1
38209,1767,3
38209,1768,8
38209,1769,15
38209,1775,17
38209,1776,39
38209,1777,76
38209,1778,18
38209,1779,12
38209,1789,4
38209,1790,5
38209,1877,3
38209,1878,1
38210,1676,4
38210,1677,6
38210,1681,2
38210,1684,1
38210,1687,152.5
38210,1689,8
38210,1690,91
38210,1691,4
38210,1699,10
38210,1702,4
38210,1706,91.5
38210,1707,51.5
38210,1710,151.5
38210,1711,135.5
38210,1712,74.5
38210,1714,4
38210,1716,3
38210,1719,59.5
38210,1736,2
38210,1737,107.5
38210,1738,89.5
38210,1739,57
38210,1740,3
38210,1741,11
38210,1742,47
38210,1743,68
38210,1744,40
38210,1745,46
38210,1746,23
38210,1747,36
38210,1749,66.5
38210,1750,32
38210,1751,31
38210,1752,12
38210,1754,11
38210,1756,8
38210,1757,55
38210,1758,28.5
38210,1760,2
38210,1765,2
38210,1766,8
38210,1768,8
38210,1769,2
38210,1776,13
38210,1777,2
38210,1790,11
38210,1877,3
38210,1878,23
38211,1680,10
38211,1685,5
38211,1689,36.5
38211,1690,39
38211,1691,7
38211,1702,3
38211,1703,3
38211,1705,8
38211,1706,21
38211,1707,174
38211,1708,185
38211,1709,64.5
38211,1710,72
38211,1711,138.5
38211,1712,142.5
38211,1713,9
38211,1723,2
38211,1728,3.5
38211,1736,5
38211,1737,2
38211,1738,29.5
38211,1739,117
38211,1740,71
38211,1741,1
38211,1742,19
38211,1743,97.5
38211,1744,33
38211,1745,35
38211,1746,11
38211,1747,2
38211,1748,35
38211,1749,92
38211,1750,11
38211,1751,3.5
38211,1752,19
38211,1753,19
38211,1754,9
38211,1757,5
38211,1762,3
38211,1776,2
38211,1777,8.5
38211,1791,4
38211,1876,4
38211,1878,26.5
38212,1679,1
38212,1680,1
38212,1681,4
38212,1690,4
38212,1694,5
38212,1696,4
38212,1698,5
38212,1699,2
38212,1701,2
38212,1703,3
38212,1704,14
38212,1707,161
38212,1708,107
38212,1709,143
38212,1711,46
38212,1712,72
38212,1713,43.5
38212,1722,2
38212,1727,7
38212,1739,11
38212,1740,123.5
38212,1741,71
38212,1742,63
38212,1743,62
38212,1744,63
38212,1745,55
38212,1747,24
38212,1748,25
38212,1749,38.5
38212,1750,20
38212,1751,3
38212,1758,4
38212,1764,2
38212,1768,3
38212,1877,1
38212,1878,12
38213,1676,4
38213,1677,5
38213,1678,2
38213,1679,4
38213,1680,3
38213,1681,3
38213,1682,3
38213,1683,2
38213,1690,2
38213,1698,22
38213,1699,123.5
38213,1700,11.5
38213,1701,4
38213,1702,12
38213,1704,5
38213,1705,49.5
38213,1706,54.5
38213,1707,70
38213,1708,105.5
38213,1709,191
38213,1710,99
38213,1713,4
38213,1725,8
38213,1727,1
38213,1739,8
38213,1740,11
38213,1741,101
38213,1742,81
38213,1743,47.5
38213,1744,5
38213,1745,6
38213,1748,10
38213,1749,5
38213,1750,50
38213,1751,4
38213,1754,6
38214,1676,4
38214,1677,8
38214,1678,7
38214,1679,2
38214,1680,5
38214,1682,2
38214,1685,2
38214,1687,7
38214,1688,3
38214,1690,1
38214,1699,68.5
38214,1700,32.5
38214,1701,8
38214,1703,3
38214,1705,42
38214,1706,168
38214,1707,46
38214,1708,29
38214,1709,118
38214,1710,41
38214,1717,1
38214,1722,4
38214,1728,1
38214,1730,58
38214,1731,4
38214,1739,248
38214,1740,88
38214,1741,68
38214,1742,3
38214,1743,32
38214,1744,69
38214,1745,30
38214,1746,18
38214,1747,27
38214,1748,1
38214,1751,19
38214,1752,137.5
38214,1762,1
38214,1794,6
38214,1878,53
38215,1678,1
38215,1682,3
38215,1686,2
38215,1687,3.5
38215,1690,12
38215,1697,5
38215,1699,33
38215,1700,100.5
38215,1701,9
38215,1703,23
38215,1704,89.5
38215,1705,84
38215,1706,90.5
38215,1707,11
38215,1708,3
38215,1710,6
38215,1712,4
38215,1713,1
38215,1714,4
38215,1717,21
38215,1720,7
38215,1725,36.5
38215,1726,14
38215,1729,1
38215,1730,14
38215,1731,28
38215,1732,5
38215,1738,4
38215,1739,88.5
38215,1740,110
38215,1741,100.5
38215,1742,43.5
38215,1743,3.5
38215,1745,4
38215,1746,11
38215,1747,36
38215,1748,20
38215,1752,26
38215,1753,44
38215,1756,1
38215,1795,140
38215,1878,21
38215,1879,1
38216,1680,1.5
38216,1683,5
38216,1684,13
38216,1685,1
38216,1688,5
38216,1689,6
38216,1694,6
38216,1695,4
38216,1696,4
38216,1697,17
38216,1698,16
38216,1699,137
38216,1700,89
38216,1701,99
38216,1702,24.5
38216,1703,57
38216,1704,131
38216,1705,99
38216,1706,1
38216,1707,70
38216,1708,12
38216,1712,17
38216,1713,5
38216,1714,16
38216,1716,7.5
38216,1717,53.5
38216,1718,83.5
38216,1719,30
38216,1720,46
38216,1721,13
38216,1726,29
38216,1727,3
38216,1730,6
38216,1731,47.5
38216,1732,17
38216,1733,4
38216,1735,6
38216,1737,3
38216,1739,17
38216,1740,46.5
38216,1741,115.5
38216,1747,4
38216,1748,3
38216,1750,2
38216,1878,3
38217,1680,1
38217,1684,24
38217,1685,67
38217,1686,26
38217,1687,7
38217,1691,2
38217,1694,1
38217,1697,5
38217,1698,17
38217,1699,262
38217,1700,184
38217,1701,121.5
38217,1702,193
38217,1703,144.5
38217,1704,104
38217,1705,120.5
38217,1706,40
38217,1707,35
38217,1708,9
38217,1709,3
38217,1710,3
38217,1712,13
38217,1713,22
38217,1714,5
38217,1715,2
38217,1716,21
38217,1717,132
38217,1718,129
38217,1719,95.5
38217,1720,179
38217,1721,64.5
38217,1722,2
38217,1726,1
38217,1727,1
38217,1728,3
38217,1729,7
38217,1731,6
38217,1732,1
38217,1733,1
38217,1734,4
38217,1736,4
38217,1737,5
38217,1738,7
38217,1739,4
38217,1740,5.5
38217,1741,23
38217,1745,2
38217,1746,4
38217,1749,9
38217,1750,27
38217,1757,3
38217,1758,3
38217,1759,4
38217,1760,4
38217,1789,5
38217,1876,9
38217,1878,4
38218,1683,2
38218,1684,27.5
38218,1685,106
38218,1686,22
38218,1688,3
38218,1689,10
38218,1691,5
38218,1693,12
38218,1694,4
38218,1695,11
38218,1696,131
38218,1697,11
38218,1698,12
38218,1699,85
38218,1700,182.5
38218,1701,206
38218,1702,146.5
38218,1703,103
38218,1704,105.5
38218,1705,47
38218,1706,71
38218,1707,88
38218,1712,7
38218,1713,40
38218,1714,113.5
38218,1715,44
38218,1716,10.5
38218,1717,93.5
38218,1718,110
38218,1719,140.5
38218,1720,160.5
38218,1721,216.5
38218,1722,95
38218,1723,12.5
38218,1729,7
38218,1730,4
38218,1731,1
38218,1737,4
38218,1738,5
38218,1740,1
38218,1742,2
38218,1743,1
38218,1744,4
38218,1745,6
38218,1746,4
38218,1748,3
38218,1750,33
38218,1751,21.5
38218,1752,7.5
38218,1753,3
38218,1789,2
38218,1876,6
38218,1878,17
38219,1682,6
38219,1684,91.5
38219,1685,150.5
38219,1686,13
38219,1687,8
38219,1689,5
38219,1690,3
38219,1692,1
38219,1693,146.5
38219,1694,77
38219,1695,17
38219,1696,129.5
38219,1697,197
38219,1698,148
38219,1699,54
38219,1700,61
38219,1701,137.5
38219,1702,46
38219,1704,25
38219,1705,50
38219,1706,24
38219,1707,2
38219,1714,68
38219,1715,197
38219,1716,202.5
38219,1717,57
38219,1718,82
38219,1719,119.5
38219,1720,133.5
38219,1721,259.5
38219,1722,111
38219,1723,42
38219,1727,4
38219,1728,4
38219,1739,6
38219,1741,11.5
38219,1742,7.5
38219,1743,7
38219,1744,3
38219,1745,3
38219,1746,1
38219,1747,1
38219,1748,3
38219,1749,14
38219,1751,33.5
38219,1752,30
38219,1753,13
38219,1754,6.5
38219,1766,1
38219,1788,8
38219,1789,2
38219,1790,5
38219,1877,14
38219,1878,26
38220,1669,20
38220,1681,11
38220,1682,4
38220,1690,55.5
38220,1691,148
38220,1692,3
38220,1693,92
38220,1694,187
38220,1695,43
38220,1696,176
38220,1697,114
38220,1698,96.5
38220,1699,379.5
38220,1700,503.5
38220,1701,34
38220,1702,84
38220,1703,57
38220,1704,40
38220,1705,6
38220,1707,30
38220,1708,25
38220,1710,2
38220,1713,9
38220,1714,19
38220,1715,139
38220,1716,79.5
38220,1717,139
38220,1718,55
38220,1719,209.5
38220,1720,121.5
38220,1721,165.5
38220,1722,131
38220,1723,92.5
38220,1724,20
38220,1725,37
38220,1727,41
38220,1728,87.5
38220,1729,94
38220,1730,26
38220,1739,2
38220,1740,4
38220,1742,1
38220,1743,7
38220,1744,6
38220,1745,6
38220,1746,3
38220,1749,4
38220,1750,8
38220,1751,1
38220,1752,12
38220,1753,8
38220,1754,2
38220,1788,5
38220,1789,5
38220,1878,2
38221,1668,63
38221,1669,46
38221,1685,8
38221,1687,3
38221,1690,7
38221,1691,104
38221,1692,83
38221,1693,188
38221,1694,104
38221,1695,130
38221,1696,115.5
38221,1697,104
38221,1698,172
38221,1699,71
38221,1700,174.5
38221,1701,271.5
38221,1702,41
38221,1703,65
38221,1704,64
38221,1705,45.5
38221,1706,69.5
38221,1707,36.5
38221,1708,59.5
38221,1709,64
38221,1713,2
38221,1714,10
38221,1715,8
38221,1716,10
38221,1717,69
38221,1718,162
38221,1719,96
38221,1720,12
38221,1721,72.5
38221,1722,139
38221,1723,113.5
38221,1724,145.5
38221,1725,140
38221,1726,31
38221,1728,3
38221,1729,88
38221,1730,105
38221,1731,79
38221,1732,32
38221,1735,18
38221,1745,3
38221,1746,14
38221,1748,7
38221,1749,7
38221,1751,3
38221,1752,17
38221,1753,68
38221,1754,8
38221,1755,4
38221,1787,4
38221,1789,15
38221,1790,45
38221,1791,1
38221,1793,16
38221,1794,4
38221,1877,3
38222,1666,4
38222,1667,150
38222,1668,93
38222,1669,119.5
38222,1670,27
38222,1687,3
38222,1690,20
38222,1692,8
38222,1693,26
38222,1694,48
38222,1695,186
38222,1696,174
38222,1697,180
38222,1698,179
38222,1699,297
38222,1700,91
38222,1701,151.5
38222,1702,191
38222,1703,128
38222,1704,7
38222,1705,75
38222,1706,78
38222,1707,106.5
38222,1708,35.5
38222,1710,52
38222,1711,1
38222,1712,9
38222,1713,37
38222,1714,76.5
38222,1715,8
38222,1716,4
38222,1717,4
38222,1718,9
38222,1719,77
38222,1720,83.5
38222,1721,3
38222,1722,140.5
38222,1723,143.5
38222,1724,150.5
38222,1725,256.5
38222,1726,24
38222,1727,3
38222,1728,3
38222,1730,75
38222,1731,93
38222,1732,139
38222,1733,126
38222,1734,9
38222,1735,60
38222,1736,37
38222,1738,8
38222,1740,2
38222,1741,4
38222,1749,1
38222,1750,2
38222,1752,6
38222,1753,10
38222,1755,15
38222,1756,3
38222,1767,10
38222,1768,3
38222,1787,38
38222,1788,29
38222,1789,15
38222,1790,75
38222,1791,12
38222,1792,3
38222,1798,2
38223,1666,8
38223,1667,103
38223,1668,180
38223,1669,121
38223,1670,41
38223,1672,26
38223,1673,69
38223,1674,79
38223,1675,29
38223,1676,66.5
38223,1677,41
38223,1678,80
38223,1679,27
38223,1680,9.5
38223,1695,34.5
38223,1696,87.5
38223,1697,83.5
38223,1698,108
38223,1699,181.5
38223,1700,207
38223,1701,132
38223,1702,118
38223,1703,140
38223,1704,149
38223,1705,149
38223,1706,243.5
38223,1707,103
38223,1708,61
38223,1709,81
38223,1710,14
38223,1711,4
38223,1713,17
38223,1714,65
38223,1715,47
38223,1718,21
38223,1720,83.5
38223,1721,52.5
38223,1722,48
38223,1723,105.5
38223,1724,428
38223,1725,102.5
38223,1726,126
38223,1727,35.5
38223,1728,7
38223,1731,18
38223,1732,122
38223,1733,55
38223,1734,72.5
38223,1735,60.5
38223,1738,4.5
38223,1739,8
38223,1740,15
38223,1741,11
38223,1742,6
38223,1743,7
38223,1744,8
38223,1745,1
38223,1746,4
38223,1753,1
38223,1754,4.5
38223,1786,32
38223,1787,30.5
38223,1788,15
38223,1790,5
38223,1791,1
38223,1793,5
38223,1794,5
38224,1669,1
38224,1670,2
38224,1671,205
38224,1672,190
38224,1673,705
38224,1674,125.5
38224,1675,209.5
38224,1676,115
38224,1677,252
38224,1678,239
38224,1679,297.5
38224,1680,330.5
38224,1681,6
38224,1684,21
38224,1696,8
38224,1697,53.5
38224,1698,80.5
38224,1699,74
38224,1700,130
38224,1701,180.5
38224,1702,171
38224,1703,164.5
38224,1704,202
38224,1705,174
38224,1706,155
38224,1707,161.5
38224,1708,99
38224,1709,95.5
38224,1710,29
38224,1711,10.5
38224,1712,9
38224,1713,41
38224,1714,19
38224,1717,2
38224,1719,14
38224,1720,6
38224,1721,36
38224,1722,83
38224,1723,39
38224,1724,96
38224,1725,57.5
38224,1726,100.5
38224,1727,150
38224,1728,62
38224,1730,42.5
38224,1732,54
38224,1733,52
38224,1734,72
38224,1735,29
38224,1736,47
38224,1737,9
38224,1740,10
38224,1742,3
38224,1743,6
38224,1745,3
38224,1746,3
38224,1747,10
38224,1748,4
38224,1749,3
38224,1785,8
38224,1786,38.5
38224,1787,69
38224,1788,30
38224,1794,4
38224,1798,3
38224,1875,1
38224,1876,4
38224,1877,3
38225,1668,4
38225,1670,114
38225,1671,243
38225,1672,107
38225,1673,327.5
38225,1674,129
38225,1675,95
38225,1676,143.5
38225,1677,154
38225,1678,270
38225,1679,154
38225,1680,297
38225,1683,27.5
38225,1684,227
38225,1685,120.5
38225,1686,21.5
38225,1687,26
38225,1688,11
38225,1689,14
38225,1690,10
38225,1698,46
38225,1699,211
38225,1700,76.5
38225,1701,157
38225,1702,174
38225,1703,191.5
38225,1704,180
38225,1705,167.5
38225,1706,321
38225,1707,95.5
38225,1708,50
38225,1709,87
38225,1710,66.5
38225,1711,115
38225,1712,49
38225,1713,65
38225,1714,142.5
38225,1715,20
38225,1721,1
38225,1722,52
38225,1723,25.5
38225,1724,55.5
38225,1725,221
38225,1726,73.5
38225,1727,100
38225,1728,150.5
38225,1729,16
38225,1730,138
38225,1732,69
38225,1733,53
38225,1734,33
38225,1735,5
38225,1736,113.5
38225,1737,6
38225,1738,7
38225,1739,1
38225,1741,6
38225,1743,1
38225,1744,5
38225,1746,2
38225,1748,9
38225,1749,22
38225,1750,12
38225,1786,1
38225,1787,97.5
38225,1788,25
38225,1791,5
38225,1876,14
38225,1877,10
38226,1667,3
38226,1670,387
38226,1671,244
38226,1672,171
38226,1673,235
38226,1674,84
38226,1675,119.5
38226,1676,300
38226,1677,404
38226,1678,359
38226,1679,566.5
38226,1681,5
38226,1683,20
38226,1684,111
38226,1685,19
38226,1686,132.5
38226,1687,60
38226,1688,42
38226,1689,36
38226,1690,45
38226,1691,4
38226,1692,35
38226,1693,7
38226,1694,3
38226,1698,5
38226,1699,20.5
38226,1700,81.5
38226,1701,86.5
38226,1702,70
38226,1703,209
38226,1704,84.5
38226,1705,143
38226,1706,71
38226,1707,149
38226,1708,145
38226,1709,154.5
38226,1710,83.5
38226,1711,132.5
38226,1712,139
38226,1713,51
38226,1714,57.5
38226,1715,31
38226,1716,53
38226,1718,1
38226,1722,5
38226,1724,27
38226,1725,151
38226,1726,100
38226,1727,79
38226,1728,71.5
38226,1729,65
38226,1730,32
38226,1731,54
38226,1732,6
38226,1733,68.5
38226,1734,13
38226,1735,1
38226,1736,25
38226,1737,59.5
38226,1740,4
38226,1745,5
38226,1756,1
38226,1758,1
38226,1788,5
38226,1789,1
38226,1791,5
38227,1671,125
38227,1672,46
38227,1673,96.5
38227,1674,237
38227,1675,178
38227,1676,82
38227,1677,100
38227,1678,291
38227,1679,691
38227,1680,81.5
38227,1681,5
38227,1682,9
38227,1683,29
38227,1684,196.5
38227,1685,159
38227,1686,188
38227,1687,107.5
38227,1688,119.5
38227,1689,73
38227,1690,94
38227,1691,44
38227,1692,43.5
38227,1693,32
38227,1694,11
38227,1695,17
38227,1696,2
38227,1700,43.5
38227,1701,133
38227,1702,145.5
38227,1703,172.5
38227,1704,52
38227,1705,119
38227,1706,206.5
38227,1707,122.5
38227,1708,188.5
38227,1709,167.5
38227,1710,54
38227,1711,48.5
38227,1712,117
38227,1713,118.5
38227,1714,84
38227,1716,9
38227,1717,9
38227,1719,4
38227,1721,7
38227,1725,51.5
38227,1726,247.5
38227,1727,264
38227,1728,97.5
38227,1729,125.5
38227,1730,104
38227,1731,114.5
38227,1732,115
38227,1733,31
38227,1734,35
38227,1735,128
38227,1736,25
38227,1737,56
38227,1738,11
38227,1739,1
38227,1742,4
38227,1746,3
38227,1749,9
38227,1750,8
38227,1751,6
38227,1754,2
38227,1755,3
38227,1757,5
38228,1654,10
38228,1655,4
38228,1657,14
38228,1671,124
38228,1672,384.5
38228,1673,306.5
38228,1674,130.5
38228,1675,207.5
38228,1676,134.5
38228,1677,438
38228,1678,293.5
38228,1679,387.5
38228,1680,40.5
38228,1683,3
38228,1684,31
38228,1685,168.5
38228,1686,106
38228,1687,55
38228,1688,142
38228,1689,139.5
38228,1690,125.5
38228,1691,161
38228,1692,83.5
38228,1693,84.5
38228,1694,48
38228,1695,4
38228,1696,6
38228,1701,14
38228,1702,58
38228,1703,59
38228,1704,133
38228,1705,195
38228,1706,239.5
38228,1707,397
38228,1708,288
38228,1709,189
38228,1710,113
38228,1711,24.5
38228,1713,29
38228,1714,56
38228,1715,21
38228,1720,3
38228,1721,6
38228,1723,14
38228,1724,71
38228,1725,105
38228,1726,177.5
38228,1727,158.5
38228,1728,124
38228,1729,137
38228,1730,173
38228,1731,79
38228,1732,117.5
38228,1733,254.5
38228,1734,121
38228,1735,4
38228,1736,67
38228,1737,90
38228,1738,99.5
38228,1739,102
38228,1740,7
38228,1743,8
38228,1749,6
38228,1755,4
38228,1787,4
38228,1790,2
38229,1653,2
38229,1655,13
38229,1656,9
38229,1657,25
38229,1670,3
38229,1671,93
38229,1672,166
38229,1673,41.5
38229,1674,138
38229,1675,259
38229,1676,146.5
38229,1677,196.5
38229,1678,133.5
38229,1679,134
38229,1682,3
38229,1684,15
38229,1685,34
38229,1686,103.5
38229,1687,110
38229,1688,128
38229,1689,86.5
38229,1690,126
38229,1691,113.5
38229,1692,63
38229,1693,13
38229,1694,78
38229,1695,13.5
38229,1696,38
38229,1697,7
38229,1703,3
38229,1704,28
38229,1705,175
38229,1706,107
38229,1707,131.5
38229,1708,141
38229,1709,329
38229,1710,94
38229,1711,124
38229,1712,104
38229,1713,48.5
38229,1717,14
38229,1718,19
38229,1721,10
38229,1723,79
38229,1724,148.5
38229,1725,54.5
38229,1726,89
38229,1727,105
38229,1728,129
38229,1729,156.5
38229,1730,201.5
38229,1731,113.5
38229,1732,225.5
38229,1733,307.5
38229,1734,330.5
38229,1735,70.5
38229,1736,264
38229,1737,18
38229,1738,63.5
38229,1739,94
38229,1740,104
38229,1741,92
38229,1742,28
38229,1745,2
38229,1746,5
38229,1751,9
38229,1752,8
38229,1753,10.5
38229,1754,3
38229,1756,1
38229,1759,3
38229,1791,9
38230,1654,3
38230,1655,4
38230,1656,6
38230,1657,60
38230,1670,2
38230,1671,11
38230,1672,149
38230,1673,42
38230,1674,5
38230,1675,149
38230,1676,336
38230,1677,229.5
38230,1678,126
38230,1679,312.5
38230,1680,19
38230,1681,83.5
38230,1682,22.5
38230,1683,71
38230,1684,42
38230,1685,2
38230,1686,96
38230,1687,173.5
38230,1688,61
38230,1689,10
38230,1690,12
38230,1691,141
38230,1692,78.5
38230,1693,15
38230,1694,69
38230,1695,148
38230,1696,151
38230,1697,48
38230,1699,1
38230,1703,1
38230,1705,141.5
38230,1706,120.5
38230,1707,158
38230,1708,44
38230,1709,6
38230,1710,11
38230,1711,20.5
38230,1712,68
38230,1713,179.5
38230,1714,26
38230,1715,10
38230,1716,5
38230,1717,8
38230,1718,7
38230,1720,8.5
38230,1721,9
38230,1722,47.5
38230,1723,45.5
38230,1724,190
38230,1725,66
38230,1726,55
38230,1727,130.5
38230,1728,114
38230,1729,139.5
38230,1730,154
38230,1731,329.5
38230,1732,175
38230,1733,217
38230,1734,106.5
38230,1735,115
38230,1736,45
38230,1739,50
38230,1740,107
38230,1741,59
38230,1742,74.5
38230,1743,163
38230,1744,109
38230,1753,2
38230,1754,35
38230,1759,3
38230,1791,2
38231,1637,4
38231,1656,2
38231,1657,42
38231,1658,1
38231,1661,1
38231,1671,42.5
38231,1672,308
38231,1673,11
38231,1676,121
38231,1677,142
38231,1678,118.5
38231,1679,276.5
38231,1680,172
38231,1681,353
38231,1682,198.5
38231,1683,6
38231,1684,63
38231,1685,109
38231,1686,87
38231,1687,96.5
38231,1688,87
38231,1689,42
38231,1690,2
38231,1691,23
38231,1692,201
38231,1693,139
38231,1694,133
38231,1695,128
38231,1696,108.5
38231,1697,47.5
38231,1698,13
38231,1702,3
38231,1705,9
38231,1706,2
38231,1707,2
38231,1708,33.5
38231,1709,18
38231,1711,4
38231,1712,23
38231,1713,33
38231,1714,19
38231,1715,96
38231,1716,117.5
38231,1717,17
38231,1719,7
38231,1720,4
38231,1721,123
38231,1722,281
38231,1723,165
38231,1724,86.5
38231,1725,82
38231,1726,119
38231,1727,209
38231,1728,275
38231,1729,132.5
38231,1730,113.5
38231,1731,122
38231,1732,154.5
38231,1733,142.5
38231,1734,142
38231,1735,82
38231,1739,5
38231,1740,10
38231,1741,14
38231,1742,115
38231,1743,201.5
38231,1744,110
38231,1745,81.5
38231,1746,5
38231,1748,2
38231,1751,8
38231,1752,17
38231,1753,6
38231,1754,8
38231,1755,8
38231,1756,12
38231,1757,3
38231,1761,6
38231,1791,3
38232,1635,7
38232,1636,33
38232,1637,125
38232,1638,7
38232,1657,6
38232,1670,23
38232,1671,919
38232,1672,272
38232,1673,32.5
38232,1676,21
38232,1677,69
38232,1678,138
38232,1679,161
38232,1680,162
38232,1681,80
38232,1682,11
38232,1684,25
38232,1685,28
38232,1686,118.5
38232,1687,50
38232,1688,106
38232,1689,101.5
38232,1690,100
38232,1691,92
38232,1692,148
38232,1693,146
38232,1694,167.5
38232,1695,172
38232,1696,170
38232,1697,33
38232,1700,5.5
38232,1701,4
38232,1702,40
38232,1703,4
38232,1705,101
38232,1706,23
38232,1707,6
38232,1708,88
38232,1709,4
38232,1710,3
38232,1711,5
38232,1713,10
38232,1715,75
38232,1716,100
38232,1717,63
38232,1718,8
38232,1719,2
38232,1720,110
38232,1721,133.5
38232,1722,158
38232,1723,765
38232,1724,197
38232,1725,91
38232,1726,150
38232,1727,76
38232,1728,94.5
38232,1729,74
38232,1730,68
38232,1731,102
38232,1732,136.5
38232,1733,121
38232,1734,123.5
38232,1735,111
38232,1736,12
38232,1742,64.5
38232,1743,13
38232,1744,93
38232,1745,47.5
38232,1746,147
38232,1747,21.5
38232,1754,6
38232,1756,1
38232,1757,9
38232,1760,2
38232,1763,1
38232,1764,5
38233,1635,99.5
38233,1636,368
38233,1637,62
38233,1638,33
38233,1658,4
38233,1670,76
38233,1671,63
38233,1672,192
38233,1673,97.5
38233,1677,161.5
38233,1678,187
38233,1679,130.5
38233,1680,108
38233,1681,86
38233,1682,6
38233,1683,1
38233,1684,25
38233,1685,93
38233,1686,5
38233,1687,21
38233,1688,39
38233,1689,88.5
38233,1690,155
38233,1691,172.5
38233,1692,150.5
38233,1693,141.5
38233,1694,135
38233,1695,139
38233,1696,206.5
38233,1697,35
38233,1701,17
38233,1702,34
38233,1703,17
38233,1705,56.5
38233,1706,17
38233,1707,5
38233,1708,6
38233,1709,29
38233,1710,8
38233,1714,33
38233,1715,33
38233,1716,87
38233,1717,176
38233,1718,35
38233,1719,27
38233,1720,121
38233,1721,129.5
38233,1722,180
38233,1723,195
38233,1724,333
38233,1725,179
38233,1726,144
38233,1727,204
38233,1728,114
38233,1729,129
38233,1730,68.5
38233,1731,90.5
38233,1732,156.5
38233,1733,142
38233,1734,115.5
38233,1735,102
38233,1736,87
38233,1737,11
38233,1742,7
38233,1745,12
38233,1746,78
38233,1747,83
38233,1748,43
38233,1753,3
38233,1757,5
38233,1762,4
38233,1764,10
38234,1635,60
38234,1636,117
38234,1637,163.5
38234,1638,18
38234,1654,246.5
38234,1655,70.5
38234,1659,2
38234,1667,7
38234,1670,58.5
38234,1671,108.5
38234,1672,136.5
38234,1673,190.5
38234,1677,197.5
38234,1678,162.5
38234,1679,43
38234,1680,23
38234,1681,84
38234,1684,8
38234,1685,87
38234,1686,67
38234,1687,91.5
38234,1688,55.5
38234,1689,143
38234,1690,100
38234,1691,120.5
38234,1692,98.5
38234,1693,140
38234,1694,164
38234,1695,141.5
38234,1696,124
38234,1700,4
38234,1701,54
38234,1702,6
38234,1706,17
38234,1707,18.5
38234,1709,9
38234,1710,21
38234,1711,13.5
38234,1713,3
38234,1715,61.5
38234,1716,83
38234,1717,134
38234,1718,105.5
38234,1719,83
38234,1720,65.5
38234,1721,88
38234,1722,145
38234,1723,105.5
38234,1724,32
38234,1725,3
38234,1726,4
38234,1727,152.5
38234,1728,73.5
38234,1729,97.5
38234,1730,167
38234,1731,654.5
38234,1732,40
38234,1733,37.5
38234,1734,176.5
38234,1735,270
38234,1736,84
38234,1737,64
38234,1745,7
38234,1746,11
38234,1747,73
38234,1748,89
38234,1749,30
38234,1750,10
38234,1751,7
38234,1752,1
38234,1761,6
38235,1636,63.5
38235,1637,155.5
38235,1653,20
38235,1654,92.5
38235,1655,42.5
38235,1656,1
38235,1665,6
38235,1666,5
38235,1667,2
38235,1668,5
38235,1670,23
38235,1671,281
38235,1672,168.5
38235,1673,155.5
38235,1677,148.5
38235,1678,88
38235,1684,34.5
38235,1685,52
38235,1686,10
38235,1687,18
38235,1688,88
38235,1689,294.5
38235,1690,135.5
38235,1691,162.5
38235,1692,65
38235,1693,124.5
38235,1694,152.5
38235,1695,122
38235,1696,135.5
38235,1699,1
38235,1701,11
38235,1702,5
38235,1703,4
38235,1706,29
38235,1707,19
38235,1709,17
38235,1711,47.5
38235,1712,27
38235,1714,4
38235,1715,46.5
38235,1716,4
38235,1717,62.5
38235,1718,155
38235,1719,151.5
38235,1720,237
38235,1721,116
38235,1722,114
38235,1723,77
38235,1724,21
38235,1725,29
38235,1726,72.5
38235,1727,167.5
38235,1728,240.5
38235,1729,135.5
38235,1730,99
38235,1731,357
38235,1732,95
38235,1733,59
38235,1734,85
38235,1735,129.5
38235,1736,101
38235,1737,101
38235,1739,9
38235,1747,5
38235,1748,53
38235,1749,20
38235,1750,26
38235,1751,14
38235,1754,2
38235,1756,1
38236,1635,50.5
38236,1636,145
38236,1637,246
38236,1652,19.5
38236,1653,304
38236,1654,139
38236,1655,110.5
38236,1656,67.5
38236,1670,16
38236,1671,23
38236,1672,8
38236,1675,21
38236,1676,24
38236,1677,28
38236,1678,101
38236,1679,22
38236,1683,5
38236,1684,72
38236,1685,70
38236,1686,16
38236,1687,8
38236,1688,161.5
38236,1689,260
38236,1690,167
38236,1691,314.5
38236,1692,166
38236,1693,148
38236,1694,81
38236,1695,148.5
38236,1696,210.5
38236,1697,46.5
38236,1701,6
38236,1702,9
38236,1703,40
38236,1710,11
38236,1711,2
38236,1714,3
38236,1715,2
38236,1716,17
38236,1717,19
38236,1718,80
38236,1719,108
38236,1720,126
38236,1721,177
38236,1722,108.5
38236,1723,76
38236,1725,4
38236,1726,69.5
38236,1727,116.5
38236,1728,120
38236,1729,179
38236,1730,211
38236,1731,307
38236,1732,108.5
38236,1733,74
38236,1734,194
38236,1735,172.5
38236,1736,99
38236,1737,88.5
38236,1739,5
38236,1752,7
38236,1753,22
38236,1754,40
38236,1755,11
38236,1758,4
38237,1635,122.5
38237,1636,120
38237,1637,3
38237,1651,47
38237,1652,45
38237,1653,87.5
38237,1654,27
38237,1655,177
38237,1656,101
38237,1657,55.5
38237,1661,4
38237,1662,2
38237,1670,1
38237,1671,2
38237,1674,3
38237,1675,3
38237,1676,4
38237,1677,6
38237,1678,57
38237,1679,41
38237,1682,4
38237,1683,14.5
38237,1684,91
38237,1685,68
38237,1686,5
38237,1688,100
38237,1689,134
38237,1690,151.5
38237,1691,86.5
38237,1692,48
38237,1693,176.5
38237,1694,108
38237,1695,153
38237,1696,198.5
38237,1697,78.5
38237,1698,11
38237,1699,4
38237,1702,8
38237,1703,39.5
38237,1704,6
38237,1711,2
38237,1712,1
38237,1713,8
38237,1715,4
38237,1716,8
38237,1719,103
38237,1720,116.5
38237,1721,159.5
38237,1722,160
38237,1723,180.5
38237,1724,37
38237,1725,27
38237,1726,71
38237,1727,143
38237,1728,104.5
38237,1729,199
38237,1730,348
38237,1731,314
38237,1732,97
38237,1733,92.5
38237,1734,66
38237,1735,90
38237,1736,122
38237,1737,162
38237,1738,9
38237,1740,2
38237,1741,7
38237,1742,1
38237,1753,7
38237,1755,6
38237,1757,10
38237,1759,5
38237,1761,3
38238,1634,14
38238,1635,61
38238,1646,1
38238,1649,6
38238,1650,66
38238,1651,133.5
38238,1652,189.5
38238,1653,47
38238,1654,18
38238,1655,99
38238,1656,61.5
38238,1657,126
38238,1658,26
38238,1659,13.5
38238,1660,7.5
38238,1662,1
38238,1670,6
38238,1671,1
38238,1672,1
38238,1676,13
38238,1677,11
38238,1678,87
38238,1679,39
38238,1682,6
38238,1683,54
38238,1684,128
38238,1685,74.5
38238,1686,29
38238,1687,32
38238,1688,77
38238,1689,324
38238,1690,271
38238,1691,97
38238,1692,54
38238,1693,5
38238,1694,8
38238,1695,82
38238,1696,82
38238,1697,4
38238,1698,2
38238,1699,10
38238,1700,6
38238,1703,18
38238,1704,3
38238,1705,3
38238,1713,6
38238,1714,3
38238,1715,2
38238,1718,5
38238,1719,141.5
38238,1720,333.5
38238,1721,84.5
38238,1722,205
38238,1723,127
38238,1724,95
38238,1725,83
38238,1726,64
38238,1727,55.5
38238,1728,53
38238,1729,99.5
38238,1730,107.5
38238,1731,103
38238,1732,105.5
38238,1733,94.5
38238,1734,105
38238,1735,88
38238,1736,159.5
38238,1737,117.5
38238,1738,35
38238,1739,3
38238,1740,18
38238,1744,4
38238,1761,1
38239,1646,25.5
38239,1647,4.5
38239,1648,21
38239,1649,109
38239,1650,301
38239,1651,247.5
38239,1652,124.5
38239,1653,131.5
38239,1654,12
38239,1655,3
38239,1656,14
38239,1657,14
38239,1659,2
38239,1662,3
38239,1671,4
38239,1672,1
38239,1676,61
38239,1677,11.5
38239,1678,65
38239,1679,36
38239,1682,115
38239,1683,84
38239,1684,49
38239,1685,75.5
38239,1686,72
38239,1687,104.5
38239,1688,113.5
38239,1689,87
38239,1690,177.5
38239,1691,66
38239,1692,198
38239,1693,63
38239,1695,6
38239,1696,1
38239,1697,6
38239,1698,10
38239,1699,5
38239,1700,40
38239,1703,7
38239,1704,3
38239,1712,5
38239,1713,2
38239,1715,24
38239,1716,11
38239,1718,6
38239,1719,13
38239,1720,182
38239,1721,183.5
38239,1722,172
38239,1723,108
38239,1724,103.5
38239,1725,112.5
38239,1726,91
38239,1727,145.5
38239,1728,71
38239,1729,26
38239,1730,70.5
38239,1731,147.5
38239,1732,140.5
38239,1733,140
38239,1734,148
38239,1735,37
38239,1736,74
38239,1737,120.5
38239,1738,55
38239,1743,5
38239,1744,2
38239,1745,5
38239,1760,4
38239,1761,6
38239,1762,4
38239,1765,5
38240,1636,7
38240,1645,23.5
38240,1646,38
38240,1647,115.5
38240,1648,91
38240,1649,111
38240,1650,157
38240,1651,146.5
38240,1652,170
38240,1653,92
38240,1654,41
38240,1656,9
38240,1658,1
38240,1659,9
38240,1660,6
38240,1662,7
38240,1663,7
38240,1664,22
38240,1665,9.5
38240,1670,8
38240,1672,5
38240,1676,1
38240,1678,7
38240,1679,12.5
38240,1683,54.5
38240,1684,82
38240,1685,107
38240,1686,154
38240,1687,80
38240,1688,72
38240,1689,149
38240,1690,158
38240,1691,126
38240,1692,58.5
38240,1693,84
38240,1694,35
38240,1695,5
38240,1696,1
38240,1697,5
38240,1698,2
38240,1699,4
38240,1700,2
38240,1703,7
38240,1710,4
38240,1714,3
38240,1716,24
38240,1717,31
38240,1718,26
38240,1719,40
38240,1720,141
38240,1721,220
38240,1722,201.5
38240,1723,101.5
38240,1724,89
38240,1725,145.5
38240,1726,96
38240,1727,117.5
38240,1728,54
38240,1729,62.5
38240,1730,167
38240,1731,202.5
38240,1732,122.5
38240,1733,109
38240,1734,84
38240,1735,80
38240,1736,84
38240,1737,108
38240,1738,174
38240,1739,93
38240,1740,9
38240,1757,2
38240,1762,3
38241,1645,26
38241,1646,31
38241,1647,28
38241,1648,71
38241,1649,108
38241,1650,50
38241,1651,127
38241,1652,145
38241,1653,213
38241,1654,30
38241,1655,2
38241,1656,75
38241,1657,88
38241,1658,6
38241,1659,1
38241,1664,35
38241,1665,37.5
38241,1669,5
38241,1674,4
38241,1676,5
38241,1679,13
38241,1680,82
38241,1684,14
38241,1685,84
38241,1686,108
38241,1687,79
38241,1688,166
38241,1689,41
38241,1690,92
38241,1691,185
38241,1692,187
38241,1693,130.5
38241,1694,65.5
38241,1696,2
38241,1703,21
38241,1713,3
38241,1718,2
38241,1719,61
38241,1720,48.5
38241,1721,101.5
38241,1722,105.5
38241,1723,37
38241,1724,12
38241,1725,113.5
38241,1726,23
38241,1727,5
38241,1728,10
38241,1729,99
38241,1730,123
38241,1731,175.5
38241,1732,210
38241,1733,94.5
38241,1734,59
38241,1735,80.5
38241,1736,111
38241,1737,71
38241,1738,123.5
38241,1739,177.5
38241,1740,139
38241,1741,89.5
38241,1742,3
38241,1743,4
38241,1773,3
38242,1644,24
38242,1646,10
38242,1647,116.5
38242,1648,96
38242,1649,89
38242,1650,117
38242,1651,96
38242,1652,161
38242,1653,108
38242,1654,12
38242,1655,4
38242,1656,58
38242,1657,101
38242,1659,6
38242,1660,6.5
38242,1664,43.5
38242,1665,94
38242,1669,5
38242,1671,11
38242,1672,2
38242,1676,1
38242,1677,5
38242,1680,5
38242,1684,15
38242,1686,76
38242,1687,142.5
38242,1688,91.5
38242,1689,43
38242,1690,102
38242,1691,91
38242,1692,17
38242,1693,19
38242,1694,13.5
38242,1699,2.5
38242,1703,38.5
38242,1713,37.5
38242,1714,51
38242,1715,57
38242,1716,42
38242,1717,79
38242,1718,79
38242,1719,4
38242,1720,189.5
38242,1721,49
38242,1722,12
38242,1723,88.5
38242,1724,72
38242,1725,75
38242,1726,11
38242,1727,52.5
38242,1728,36
38242,1729,167.5
38242,1730,148.5
38242,1731,90.5
38242,1732,177.5
38242,1733,70.5
38242,1734,44.5
38242,1735,47
38242,1736,27.5
38242,1737,76.5
38242,1738,156
38242,1739,91
38242,1740,128.5
38242,1741,157.5
38242,1742,40
38242,1743,6
38242,1745,11
38242,1746,2
38242,1763,4
38243,1644,4
38243,1645,2
38243,1647,123
38243,1648,58.5
38243,1649,37
38243,1650,111.5
38243,1651,60.5
38243,1652,118
38243,1653,128.5
38243,1654,41
38243,1656,122.5
38243,1657,122.5
38243,1658,4
38243,1659,2
38243,1660,8
38243,1661,6
38243,1662,4
38243,1664,27
38243,1665,58.5
38243,1669,8
38243,1672,19
38243,1673,3
38243,1675,3
38243,1680,35
38243,1681,60
38243,1684,7
38243,1685,68
38243,1686,79
38243,1687,107.5
38243,1688,83
38243,1689,94.5
38243,1690,113
38243,1691,29
38243,1695,4
38243,1699,2
38243,1703,31
38243,1704,33
38243,1712,39
38243,1713,122.5
38243,1714,53
38243,1715,64
38243,1716,122
38243,1717,78
38243,1718,89
38243,1719,1
38243,1720,51
38243,1721,144.5
38243,1722,52
38243,1723,27
38243,1724,84.5
38243,1725,71
38243,1726,91
38243,1727,4
38243,1728,33.5
38243,1729,106
38243,1730,124
38243,1731,85
38243,1732,64.5
38243,1733,120.5
38243,1734,107.5
38243,1735,112
38243,1736,85
38243,1737,45
38243,1738,220
38243,1739,105.5
38243,1740,54.5
38243,1741,79
38243,1742,76
38243,1743,18
38243,1744,2
38243,1747,2
38243,1771,2
38244,1643,15
38244,1646,7
38244,1647,33
38244,1648,23
38244,1649,6
38244,1650,78
38244,1651,48.5
38244,1652,103
38244,1653,51
38244,1654,44.5
38244,1655,10
38244,1659,4
38244,1660,2
38244,1661,13
38244,1662,11
38244,1664,39
38244,1665,43
38244,1669,11
38244,1670,1
38244,1671,26
38244,1672,17
38244,1675,1
38244,1677,5
38244,1680,111.5
38244,1681,30
38244,1682,48
38244,1683,10
38244,1684,27
38244,1685,31.5
38244,1686,101.5
38244,1687,43
38244,1688,140
38244,1689,158
38244,1690,26
38244,1691,18
38244,1693,1
38244,1703,70
38244,1704,146.5
38244,1705,16
38244,1706,6
38244,1713,11
38244,1714,46.5
38244,1715,89.5
38244,1716,52.5
38244,1717,100
38244,1718,27
38244,1719,3
38244,1720,60.5
38244,1721,58
38244,1722,60
38244,1724,19
38244,1725,3
38244,1726,83
38244,1727,93
38244,1729,37
38244,1730,114
38244,1731,168
38244,1732,67.5
38244,1733,40
38244,1734,92
38244,1735,57
38244,1736,143.5
38244,1737,92
38244,1738,5
38244,1739,133.5
38244,1740,169
38244,1741,47.5
38244,1742,45.5
38244,1743,13
38244,1744,35
38244,1745,16
38244,1759,2
38244,1760,11
38244,1761,1
38245,1629,8
38245,1639,9
38245,1641,46
38245,1642,23
38245,1643,58
38245,1644,27
38245,1645,14
38245,1646,6
38245,1650,64
38245,1651,55
38245,1652,19
38245,1653,30
38245,1654,3
38245,1655,39
38245,1656,1
38245,1661,7
38245,1662,5
38245,1664,23
38245,1665,39
38245,1669,7
38245,1670,24
38245,1671,122.5
38245,1672,32
38245,1673,5
38245,1680,46
38245,1682,52.5
38245,1683,48
38245,1684,22
38245,1686,69.5
38245,1687,121
38245,1688,117
38245,1689,27
38245,1690,2
38245,1691,13
38245,1703,21
38245,1704,76.5
38245,1705,11
38245,1706,33.5
38245,1707,10
38245,1708,22
38245,1713,16
38245,1714,24
38245,1715,9
38245,1717,11
38245,1718,1
38245,1721,31
38245,1722,21
38245,1723,1
38245,1725,18
38245,1726,104
38245,1727,58.5
38245,1728,31
38245,1730,59.5
38245,1731,86
38245,1732,96.5
38245,1733,60
38245,1734,239.5
38245,1735,43.5
38245,1736,21.5
38245,1737,74
38245,1738,12
38245,1739,57
38245,1740,92
38245,1741,89
38245,1743,6
38245,1744,15
38245,1745,12
38245,1746,15
38245,1761,10
38246,1629,55
38246,1630,20
38246,1637,30
38246,1638,7
38246,1641,73
38246,1642,73
38246,1643,58
38246,1644,82
38246,1645,17
38246,1646,10
38246,1648,26
38246,1649,5
38246,1650,127
38246,1651,112.5
38246,1652,58.5
38246,1653,24.5
38246,1654,38
38246,1655,28.5
38246,1660,10
38246,1661,1
38246,1663,12
38246,1664,58
38246,1665,15
38246,1670,25
38246,1671,116
38246,1672,15
38246,1673,5
38246,1675,5
38246,1679,1
38246,1680,39
38246,1681,41
38246,1682,43
38246,1683,74
38246,1684,80
38246,1685,2
38246,1686,4
38246,1687,70.5
38246,1688,127.5
38246,1689,37
38246,1702,13
38246,1703,46.5
38246,1704,58
38246,1705,80.5
38246,1706,88.5
38246,1707,87
38246,1708,107
38246,1709,63
38246,1710,76
38246,1713,5
38246,1714,5
38246,1715,21
38246,1716,5
38246,1717,43
38246,1718,19
38246,1719,24
38246,1721,3
38246,1722,14
38246,1723,19.5
38246,1724,36
38246,1725,25
38246,1727,42.5
38246,1728,63
38246,1729,43
38246,1730,40.5
38246,1731,25
38246,1732,54
38246,1733,41
38246,1734,50
38246,1735,3
38246,1736,79
38246,1737,23
38246,1738,31
38246,1739,51
38246,1740,154
38246,1741,34
38246,1743,26
38246,1744,30
38246,1745,39.5
38246,1746,29
38246,1747,11
38246,1765,9
38247,1628,4
38247,1629,17
38247,1630,6
38247,1632,42
38247,1633,22
38247,1636,87
38247,1637,105
38247,1638,55
38247,1639,28
38247,1640,11
38247,1641,48
38247,1642,99.5
38247,1643,35
38247,1644,40
38247,1645,17
38247,1646,2
38247,1648,31
38247,1649,36
38247,1650,42
38247,1651,154.5
38247,1652,97
38247,1653,6
38247,1654,9
38247,1656,3.5
38247,1660,3
38247,1661,5
38247,1663,95
38247,1664,49
38247,1665,8
38247,1666,6
38247,1670,1
38247,1671,13
38247,1680,47
38247,1681,12
38247,1682,14
38247,1683,33
38247,1684,81
38247,1685,28.5
38247,1686,56.5
38247,1687,99
38247,1688,17
38247,1689,3
38247,1700,13
38247,1702,17
38247,1703,25.5
38247,1704,59
38247,1705,151
38247,1706,53.5
38247,1707,121.5
38247,1708,126
38247,1709,106.5
38247,1710,146
38247,1711,12.5
38247,1715,10
38247,1717,4
38247,1718,29
38247,1719,81
38247,1720,33
38247,1721,16
38247,1722,1
38247,1723,61
38247,1724,55
38247,1725,124
38247,1726,15
38247,1727,12.5
38247,1728,1
38247,1729,17
38247,1730,34.5
38247,1731,16
38247,1732,67
38247,1733,37
38247,1734,18
38247,1735,45
38247,1736,43
38247,1737,12
38247,1738,13
38247,1739,14
38247,1740,51
38247,1741,18
38247,1742,12
38247,1743,16
38247,1744,38.5
38247,1745,33
38247,1746,8
38247,1747,38
38247,1748,10
38247,1749,4
38247,1750,4
38247,1752,14
38247,1765,2
38248,1626,28
38248,1627,22
38248,1630,3
38248,1631,5
38248,1632,9
38248,1633,52
38248,1634,13
38248,1635,28.5
38248,1636,64
38248,1637,106
38248,1638,164
38248,1639,43
38248,1640,5
38248,1641,5
38248,1642,90.5
38248,1643,4
38248,1644,2
38248,1645,8
38248,1646,34
38248,1647,8
38248,1648,102
38248,1649,104
38248,1650,32
38248,1651,25
38248,1652,84
38248,1653,95
38248,1654,53
38248,1656,28
38248,1661,6
38248,1663,60.5
38248,1664,22
38248,1666,7
38248,1670,3
38248,1671,6
38248,1676,16
38248,1679,9
38248,1680,6
38248,1681,6
38248,1682,1
38248,1684,11
38248,1685,92
38248,1686,62.5
38248,1687,119
38248,1688,22
38248,1689,1
38248,1700,18
38248,1704,19
38248,1705,36
38248,1706,126.5
38248,1707,77.5
38248,1708,10
38248,1709,37.5
38248,1710,83.5
38248,1711,37.5
38248,1712,20
38248,1717,22
38248,1718,75
38248,1719,106
38248,1720,72
38248,1721,94.5
38248,1722,13
38248,1723,12
38248,1725,72
38248,1726,112
38248,1727,102.5
38248,1728,14
38248,1729,25
38248,1730,7
38248,1731,105
38248,1732,62
38248,1733,238.5
38248,1734,49
38248,1735,56
38248,1736,35
38248,1737,17
38248,1738,11
38248,1739,12
38248,1740,33
38248,1741,12
38248,1742,5
38248,1743,9
38248,1744,23
38248,1745,5
38248,1746,12
38248,1747,4
38248,1748,35
38248,1749,6
38248,1750,3
38249,1625,6
38249,1626,17
38249,1632,11
38249,1633,82.5
38249,1634,122.5
38249,1635,204.5
38249,1636,137
38249,1637,166.5
38249,1638,95
38249,1639,58
38249,1641,45.5
38249,1642,57.5
38249,1643,29
38249,1644,65.5
38249,1645,87.5
38249,1646,42.5
38249,1647,28
38249,1648,75
38249,1649,65.5
38249,1650,13
38249,1651,36
38249,1652,31.5
38249,1653,98
38249,1654,54.5
38249,1655,12
38249,1656,62.5
38249,1659,1
38249,1661,27
38249,1662,4
38249,1663,32
38249,1670,11
38249,1671,14
38249,1672,7
38249,1674,5
38249,1677,1
38249,1682,19
38249,1683,28
38249,1684,76
38249,1685,109.5
38249,1686,54
38249,1687,69
38249,1688,14.5
38249,1689,13
38249,1699,46
38249,1700,13
38249,1703,29
38249,1704,24.5
38249,1705,31
38249,1706,208.5
38249,1707,97.5
38249,1708,17
38249,1709,4
38249,1710,45.5
38249,1711,174
38249,1712,102
38249,1713,2
38249,1717,21
38249,1718,143
38249,1719,174.5
38249,1720,53
38249,1721,147.5
38249,1722,96.5
38249,1723,33
38249,1724,36.5
38249,1725,17
38249,1726,64
38249,1727,114
38249,1728,132
38249,1729,19
38249,1730,88.5
38249,1731,31
38249,1732,61.5
38249,1733,83
38249,1734,77.5
38249,1735,85
38249,1736,116
38249,1737,12
38249,1739,12.5
38249,1740,30
38249,1741,24
38249,1742,5
38249,1743,5
38249,1744,16
38249,1745,8
38249,1746,2
38249,1747,19
38249,1748,12
38249,1749,3
38249,1750,5
38249,1769,17
38249,1770,26
38249,1771,5
38250,1633,87.5
38250,1634,114.5
38250,1635,61.5
38250,1636,101
38250,1637,138
38250,1638,92
38250,1639,112.5
38250,1640,9
38250,1641,92
38250,1642,28.5
38250,1643,42
38250,1644,79
38250,1645,58
38250,1646,49
38250,1647,67
38250,1648,148.5
38250,1649,25
38250,1650,47
38250,1651,35
38250,1652,39.5
38250,1653,26
38250,1654,49
38250,1655,8
38250,1656,57
38250,1661,11
38250,1663,18.5
38250,1665,1
38250,1666,3
38250,1667,32
38250,1668,10
38250,1670,15
38250,1672,7
38250,1681,3
38250,1682,68
38250,1683,54.5
38250,1684,48.5
38250,1685,74
38250,1687,10
38250,1688,5
38250,1689,4
38250,1691,4
38250,1692,45
38250,1693,23
38250,1698,97
38250,1699,31
38250,1702,1
38250,1704,84
38250,1705,36
38250,1706,59
38250,1707,106
38250,1708,4
38250,1709,4
38250,1710,43.5
38250,1711,95
38250,1712,111
38250,1713,33.5
38250,1716,26.5
38250,1717,11.5
38250,1718,43
38250,1719,45
38250,1720,50
38250,1721,5
38250,1722,9
38250,1723,11
38250,1724,22
38250,1725,109
38250,1726,24
38250,1727,131
38250,1728,94.5
38250,1729,53
38250,1730,34.5
38250,1731,19
38250,1732,4
38250,1733,94.5
38250,1734,108
38250,1735,39
38250,1736,53.5
38250,1737,17
38250,1738,3.5
38250,1739,24
38250,1740,8
38250,1741,29
38250,1743,5
38250,1744,13
38250,1745,5
38250,1746,2
38250,1747,10
38250,1748,26
38250,1749,9
38250,1750,4
38250,1751,9
38250,1769,25
38250,1770,68
38250,1771,17
38251,1624,1
38251,1625,1
38251,1629,1
38251,1631,3
38251,1632,45
38251,1633,13
38251,1634,22
38251,1635,158
38251,1636,102
38251,1637,129
38251,1638,232.5
38251,1639,138
38251,1640,36
38251,1641,80
38251,1642,80.5
38251,1643,39
38251,1644,60.5
38251,1645,12
38251,1646,22
38251,1647,63.5
38251,1648,53.5
38251,1649,10
38251,1650,14
38251,1651,18
38251,1652,62.5
38251,1653,9
38251,1654,36
38251,1655,15
38251,1656,21
38251,1661,1
38251,1662,5
38251,1664,6
38251,1665,22
38251,1666,25
38251,1667,10
38251,1669,8
38251,1671,9
38251,1679,15
38251,1680,9
38251,1681,20
38251,1682,53
38251,1684,5
38251,1685,14
38251,1687,5
38251,1688,1
38251,1689,27
38251,1690,8
38251,1691,20
38251,1692,102.5
38251,1693,37
38251,1697,9
38251,1698,82
38251,1701,7
38251,1704,105
38251,1705,13
38251,1706,42.5
38251,1707,27
38251,1708,3
38251,1709,18
38251,1710,33
38251,1711,225.5
38251,1712,100
38251,1713,8
38251,1715,1
38251,1716,122.5
38251,1717,97
38251,1718,121.5
38251,1719,83.5
38251,1720,80
38251,1721,16
38251,1722,23
38251,1723,8
38251,1724,51.5
38251,1725,21
38251,1726,8
38251,1727,97
38251,1728,160
38251,1729,53.5
38251,1730,27.5
38251,1731,24
38251,1732,57
38251,1733,21
38251,1734,150
38251,1735,79
38251,1736,63
38251,1737,61
38251,1738,4
38251,1739,5
38251,1741,9
38251,1742,41
38251,1744,3
38251,1745,1
38251,1746,18
38251,1747,21
38251,1748,17
38251,1749,23
38251,1750,21
38251,1751,13
38251,1752,7
38251,1753,8
38251,1758,1
38251,1770,21
38251,1771,32
38251,1772,3
38252,1632,103
38252,1633,233
38252,1634,36
38252,1635,282.5
38252,1636,148.5
38252,1637,149
38252,1638,98
38252,1639,62
38252,1640,1
38252,1641,41
38252,1643,10.5
38252,1644,2
38252,1645,3
38252,1646,11
38252,1647,17
38252,1649,3
38252,1651,4.5
38252,1652,37
38252,1653,20
38252,1654,8
38252,1655,60
38252,1656,23
38252,1658,43
38252,1659,8
38252,1660,4
38252,1661,5
38252,1662,3
38252,1663,1
38252,1664,24
38252,1665,16
38252,1666,3
38252,1667,5
38252,1668,1
38252,1679,57
38252,1680,6
38252,1681,10
38252,1682,55
38252,1685,2
38252,1688,15
38252,1689,59
38252,1690,7
38252,1692,36
38252,1693,68
38252,1698,18
38252,1703,16
38252,1704,63.5
38252,1705,31
38252,1706,88.5
38252,1707,18
38252,1709,3
38252,1710,13
38252,1711,99.5
38252,1712,87
38252,1715,39.5
38252,1716,123
38252,1717,124.5
38252,1718,67
38252,1719,100
38252,1720,126
38252,1721,129
38252,1722,119.5
38252,1723,55
38252,1724,1
38252,1725,21.5
38252,1726,28
38252,1727,87
38252,1728,73
38252,1729,22
38252,1730,20
38252,1731,43
38252,1732,10
38252,1733,38
38252,1734,82
38252,1735,45
38252,1736,78
38252,1737,14
38252,1738,4
38252,1740,6
38252,1741,47
38252,1742,26
38252,1743,11
38252,1744,7
38252,1745,2
38252,1746,20
38252,1747,12
38252,1748,20
38252,1749,27
38252,1750,4
38252,1751,40.5
38252,1752,26.5
38252,1753,9
38252,1754,8
38252,1755,5
38253,1631,1
38253,1632,68
38253,1633,253
38253,1634,85.5
38253,1635,74
38253,1636,142.5
38253,1637,182.5
38253,1638,36
38253,1639,5
38253,1643,3
38253,1644,4
38253,1650,5
38253,1651,3
38253,1652,27
38253,1653,19
38253,1655,12
38253,1656,5
38253,1657,13
38253,1658,65
38253,1659,8
38253,1670,8
38253,1671,8
38253,1672,4
38253,1679,32
38253,1681,17
38253,1682,1
38253,1686,4
38253,1688,17
38253,1689,26
38253,1690,10
38253,1692,6
38253,1693,45
38253,1694,5
38253,1695,1
38253,1702,3
38253,1703,6
38253,1704,18
38253,1705,81.5
38253,1706,90
38253,1707,41
38253,1708,3
38253,1710,4
38253,1711,91.5
38253,1712,41
38253,1715,35
38253,1716,25
38253,1717,8
38253,1719,18
38253,1720,72
38253,1721,103.5
38253,1722,153.5
38253,1723,90
38253,1724,53.5
38253,1725,20
38253,1726,55.5
38253,1727,18.5
38253,1728,28
38253,1729,20
38253,1730,41.5
38253,1731,150.5
38253,1732,39.5
38253,1733,40
38253,1734,181
38253,1735,71.5
38253,1736,55
38253,1737,27
38253,1738,5.5
38253,1739,1
38253,1740,4
38253,1741,42
38253,1742,62
38253,1743,136
38253,1744,65
38253,1745,4
38253,1746,5
38253,1748,22
38253,1749,25
38253,1750,22
38253,1752,18
38253,1754,12
38253,1755,5
38253,1760,1
38254,1620,4
38254,1631,4
38254,1632,67.5
38254,1633,241
38254,1634,52.5
38254,1635,104
38254,1636,258.5
38254,1637,95.5
38254,1638,7.5
38254,1639,21
38254,1640,3
38254,1644,5
38254,1648,1
38254,1649,6
38254,1652,19
38254,1653,5
38254,1655,1
38254,1658,35
38254,1662,3
38254,1670,126
38254,1671,25
38254,1678,97
38254,1679,81
38254,1681,7
38254,1688,10
38254,1689,21
38254,1690,52.5
38254,1691,2
38254,1692,13
38254,1693,8
38254,1695,8
38254,1696,4
38254,1701,7
38254,1702,35.5
38254,1703,7
38254,1704,13
38254,1705,87
38254,1706,128
38254,1708,8.5
38254,1711,47
38254,1712,17
38254,1721,41
38254,1722,140
38254,1723,71.5
38254,1724,78.5
38254,1725,65
38254,1726,26
38254,1727,92.5
38254,1728,22.5
38254,1729,23
38254,1730,29
38254,1731,139
38254,1732,67.5
38254,1733,5
38254,1734,90.5
38254,1735,209
38254,1736,17
38254,1737,4
38254,1738,46
38254,1739,34
38254,1740,4
38254,1741,21.5
38254,1742,31.5
38254,1743,84
38254,1744,63
38254,1747,1
38254,1749,8.5
38254,1750,2
38254,1751,9
38254,1752,3
38254,1753,28
38254,1754,17
38254,1755,26
38254,1756,25
38254,1757,8
38255,1617,22
38255,1618,11
38255,1619,4
38255,1633,91
38255,1634,110.5
38255,1635,96.5
38255,1636,105
38255,1637,80.5
38255,1638,77.5
38255,1639,164
38255,1640,30.5
38255,1643,3
38255,1653,5.5
38255,1656,6
38255,1670,60
38255,1671,12
38255,1677,4
38255,1678,56
38255,1679,3
38255,1681,3
38255,1682,13
38255,1689,3
38255,1690,38
38255,1691,8
38255,1692,11
38255,1693,9
38255,1694,14
38255,1695,8
38255,1701,30
38255,1702,36
38255,1703,29.5
38255,1704,53
38255,1705,8
38255,1706,91
38255,1707,33.5
38255,1708,10
38255,1709,5
38255,1711,34
38255,1713,4
38255,1721,14
38255,1722,93
38255,1723,74
38255,1724,47
38255,1725,141
38255,1726,36
38255,1727,16
38255,1729,28
38255,1730,29
38255,1731,40
38255,1732,124.5
38255,1733,41
38255,1734,319
38255,1735,9
38255,1736,51
38255,1737,22
38255,1738,7
38255,1739,12
38255,1742,12
38255,1743,98.5
38255,1744,116
38255,1745,40
38255,1746,2
38255,1751,64
38255,1752,83.5
38255,1753,45
38255,1754,37
38255,1755,8
38255,1756,27
38255,1757,82
38255,1758,5.5
38256,1617,15.5
38256,1633,38.5
38256,1634,93
38256,1636,1
38256,1637,6
38256,1638,76
38256,1639,54.5
38256,1640,5
38256,1643,4
38256,1647,4
38256,1648,4
38256,1653,7
38256,1656,2
38256,1670,24
38256,1674,3
38256,1678,14
38256,1679,1
38256,1681,2
38256,1682,1
38256,1689,1
38256,1690,6
38256,1691,1
38256,1692,11
38256,1693,12
38256,1694,7
38256,1695,4
38256,1696,8
38256,1701,2
38256,1704,17
38256,1705,24
38256,1706,177.5
38256,1707,60.5
38256,1708,8
38256,1711,13
38256,1712,30
38256,1713,25
38256,1721,36
38256,1722,118
38256,1723,138.5
38256,1724,138.5
38256,1725,81
38256,1726,38
38256,1727,50
38256,1728,5
38256,1730,25
38256,1731,24
38256,1732,91.5
38256,1733,87
38256,1734,30
38256,1735,3.5
38256,1736,26
38256,1737,12
38256,1739,3
38256,1741,5
38256,1742,8
38256,1743,85.5
38256,1744,132.5
38256,1745,70
38256,1746,58.5
38256,1747,22
38256,1749,4
38256,1750,10
38256,1751,56
38256,1752,98.5
38256,1753,6
38256,1754,8
38256,1755,69
38256,1756,76.5
38256,1757,66
38256,1758,88
38256,1759,3
38256,1760,2
38256,1762,6
38256,1763,4
38256,1767,2
38257,1616,2
38257,1618,4
38257,1619,40
38257,1625,3
38257,1632,57
38257,1633,48.5
38257,1634,4
38257,1638,5
38257,1639,39
38257,1641,1
38257,1643,4
38257,1647,7
38257,1648,2
38257,1652,2
38257,1660,8
38257,1674,3
38257,1689,2
38257,1691,64.5
38257,1692,58
38257,1693,64
38257,1694,43
38257,1695,26
38257,1696,14
38257,1704,4
38257,1705,15
38257,1706,81
38257,1707,72
38257,1708,32
38257,1712,6
38257,1713,3
38257,1714,8
38257,1716,11
38257,1722,37
38257,1723,90
38257,1724,48
38257,1725,13
38257,1726,44
38257,1727,76
38257,1731,21
38257,1732,10
38257,1733,40.5
38257,1734,30
38257,1736,12
38257,1737,40
38257,1738,11.5
38257,1740,24
38257,1741,4
38257,1742,18
38257,1743,24
38257,1744,17
38257,1745,20
38257,1746,40
38257,1747,74
38257,1748,43.5
38257,1750,12
38257,1752,1
38257,1753,1
38257,1754,23
38257,1755,33
38257,1756,19
38257,1757,40
38257,1758,47
38257,1759,13
38257,1760,10
38257,1761,14
38257,1762,24
38257,1763,5
38258,1616,24
38258,1617,28.5
38258,1618,28
38258,1619,24.5
38258,1626,5.5
38258,1627,7
38258,1629,7
38258,1630,91.5
38258,1631,65.5
38258,1632,13.5
38258,1633,11
38258,1634,45
38258,1638,8
38258,1639,85.5
38258,1640,17
38258,1647,2
38258,1648,4
38258,1652,3
38258,1653,2
38258,1654,8
38258,1675,3
38258,1691,29
38258,1692,115
38258,1693,57
38258,1694,70
38258,1695,5
38258,1696,6
38258,1698,8
38258,1703,3
38258,1704,3
38258,1705,5
38258,1706,4.5
38258,1707,49
38258,1708,42
38258,1712,4
38258,1716,2
38258,1723,8
38258,1724,4
38258,1726,18
38258,1727,47
38258,1728,18
38258,1730,11
38258,1731,8
38258,1732,11
38258,1733,5
38258,1734,10
38258,1735,17
38258,1736,1
38258,1737,27.5
38258,1738,22
38258,1739,7
38258,1740,29
38258,1741,8
38258,1742,6
38258,1743,3
38258,1744,34
38258,1746,13
38258,1747,23
38258,1748,164.5
38258,1749,32
38258,1754,11
38258,1756,29
38258,1757,36.5
38258,1758,5
38258,1759,17
38258,1760,21
38258,1761,52
38258,1762,4
38259,1616,3
38259,1617,128
38259,1618,53
38259,1619,222.5
38259,1620,11
38259,1622,3
38259,1624,4
38259,1625,24
38259,1627,33
38259,1628,76
38259,1629,33
38259,1630,72.5
38259,1631,99
38259,1634,51.5
38259,1635,12
38259,1636,21
38259,1639,43
38259,1640,12
38259,1648,1
38259,1653,1
38259,1654,4
38259,1673,2
38259,1675,36
38259,1691,4
38259,1692,24
38259,1693,23
38259,1694,3
38259,1695,1
38259,1704,12
38259,1705,6
38259,1706,6
38259,1707,3
38259,1708,18
38259,1715,4
38259,1716,5
38259,1727,23
38259,1728,32
38259,1729,4
38259,1730,3
38259,1731,11
38259,1732,9
38259,1733,20
38259,1735,8
38259,1736,29
38259,1737,8
38259,1738,28
38259,1739,10
38259,1740,13
38259,1741,29
38259,1742,20
38259,1743,6
38259,1745,34
38259,1746,39
38259,1747,11
38259,1748,68
38259,1749,76
38259,1750,60.5
38259,1751,23.5
38259,1752,8
38259,1753,4
38259,1757,3
38259,1760,55
38259,1761,42
38259,1762,26
38259,1763,2
38260,1617,11
38260,1618,85
38260,1619,69
38260,1620,101
38260,1621,96
38260,1622,39
38260,1623,42.5
38260,1624,64
38260,1625,46
38260,1626,37
38260,1627,27.5
38260,1628,46.5
38260,1629,11
38260,1630,62
38260,1631,4
38260,1634,24
38260,1635,19
38260,1636,19
38260,1637,7
38260,1638,5.5
38260,1639,45
38260,1640,62
38260,1641,10
38260,1642,3
38260,1645,2.5
38260,1653,4
38260,1654,1
38260,1671,2
38260,1674,15
38260,1675,67.5
38260,1692,12
38260,1693,48
38260,1694,11
38260,1707,2
38260,1715,1
38260,1728,22
38260,1729,3
38260,1730,35
38260,1731,13
38260,1732,14
38260,1733,5
38260,1734,14
38260,1735,3
38260,1736,26
38260,1737,62
38260,1738,9
38260,1739,39
38260,1740,15
38260,1741,7
38260,1742,16
38260,1745,3
38260,1746,8
38260,1747,33
38260,1748,91
38260,1749,111.5
38260,1750,97
38260,1751,100.5
38260,1752,60
38260,1758,4
38260,1759,39
38260,1760,27
38260,1761,1
38260,1762,6
38260,1769,4
38260,1770,3
38260,1772,5
38261,1619,12.5
38261,1620,92
38261,1621,95
38261,1622,116
38261,1623,285
38261,1624,72
38261,1625,111
38261,1626,56
38261,1627,133.5
38261,1628,30
38261,1632,26
38261,1635,102.5
38261,1636,2
38261,1639,25
38261,1640,103.5
38261,1641,51
38261,1642,21
38261,1673,8
38261,1674,108
38261,1675,11
38261,1692,2
38261,1693,28
38261,1694,3
38261,1704,2
38261,1705,9
38261,1708,7.5
38261,1717,2
38261,1718,15
38261,1730,3
38261,1732,2
38261,1734,5
38261,1735,47
38261,1736,37
38261,1737,57.5
38261,1738,36
38261,1739,31
38261,1740,6
38261,1741,17
38261,1742,16
38261,1743,27
38261,1746,2
38261,1747,1
38261,1748,71
38261,1749,109.5
38261,1750,211.5
38261,1751,87
38261,1752,8
38261,1755,11
38261,1757,2
38261,1759,55
38261,1760,13
38261,1763,5
38261,1767,2
38261,1771,2
38262,1615,5
38262,1619,48
38262,1620,312.5
38262,1621,104.5
38262,1622,74
38262,1623,135
38262,1624,270.5
38262,1625,165.5
38262,1626,44
38262,1627,23
38262,1628,2
38262,1629,6
38262,1635,17
38262,1636,15
38262,1639,12.5
38262,1640,63.5
38262,1641,61
38262,1642,3
38262,1670,7
38262,1671,1
38262,1672,8
38262,1673,59
38262,1674,69
38262,1692,5
38262,1693,14.5
38262,1705,4
38262,1708,1
38262,1717,3
38262,1728,2
38262,1730,17
38262,1731,3
38262,1732,4
38262,1733,10
38262,1734,13
38262,1735,12
38262,1736,20
38262,1737,80
38262,1738,25
38262,1739,6
38262,1740,23
38262,1741,24
38262,1742,10
38262,1743,5
38262,1744,4
38262,1745,4
38262,1747,10
38262,1748,117
38262,1749,117.5
38262,1750,50.5
38262,1751,54
38262,1752,103.5
38262,1753,3
38262,1754,11
38262,1755,17.5
38262,1756,1
38262,1763,13
38262,1766,4
38262,1767,3
38262,1768,8
38262,1770,2
38262,1771,1
38262,1772,2
38263,1618,1
38263,1619,168
38263,1620,145
38263,1621,79.5
38263,1622,42
38263,1623,87.5
38263,1624,96
38263,1625,156.5
38263,1626,169
38263,1627,67
38263,1637,2
38263,1640,14
38263,1641,34.5
38263,1642,8
38263,1643,26
38263,1644,2
38263,1645,13
38263,1671,51
38263,1672,47
38263,1673,13
38263,1693,22
38263,1718,2
38263,1729,2
38263,1730,8
38263,1731,3
38263,1733,3
38263,1734,9
38263,1735,27
38263,1736,13
38263,1737,62
38263,1738,92
38263,1739,55
38263,1740,5
38263,1741,13
38263,1742,18
38263,1743,14
38263,1744,8
38263,1745,3
38263,1746,11
38263,1747,2.5
38263,1748,62
38263,1749,24
38263,1750,125.5
38263,1751,204.5
38263,1752,107
38263,1753,25
38263,1754,21
38263,1756,1
38263,1767,20
38263,1768,17
38264,1618,144.5
38264,1619,186
38264,1620,91
38264,1621,35.5
38264,1622,33
38264,1623,52
38264,1624,156.5
38264,1625,117.5
38264,1626,86
38264,1627,91.5
38264,1637,2
38264,1638,47
38264,1640,21
38264,1641,17
38264,1642,32.5
38264,1643,79
38264,1644,41
38264,1645,56.5
38264,1646,7
38264,1670,2
38264,1671,87
38264,1672,61.5
38264,1692,3
38264,1693,3
38264,1733,4
38264,1734,8
38264,1735,11
38264,1736,12
38264,1737,12.5
38264,1738,15
38264,1739,41
38264,1740,7
38264,1742,10
38264,1743,21
38264,1744,5
38264,1745,6
38264,1746,64
38264,1747,1
38264,1748,38
38264,1749,8
38264,1750,186.5
38264,1752,2
38264,1753,34.5
38264,1754,22
38264,1755,16
38264,1756,8
38264,1768,6
38264,1771,23
38264,1773,4
38265,1616,173.5
38265,1617,57
38265,1618,271
38265,1619,228.5
38265,1620,256.5
38265,1621,41.5
38265,1622,23
38265,1623,5
38265,1624,18
38265,1625,93
38265,1626,117.5
38265,1627,35
38265,1628,10
38265,1631,4
38265,1634,13
38265,1635,8
38265,1636,6
38265,1637,1
38265,1638,52
38265,1639,4
38265,1640,4
38265,1642,3
38265,1643,12
38265,1644,68.5
38265,1645,35.5
38265,1646,1
38265,1647,11
38265,1648,4
38265,1650,6
38265,1651,6
38265,1670,60.5
38265,1671,123.5
38265,1672,45
38265,1697,23
38265,1698,16
38265,1729,1
38265,1733,10
38265,1735,9
38265,1736,2.5
38265,1737,3
38265,1738,3
38265,1739,19
38265,1743,3
38265,1744,38
38265,1745,71
38265,1746,179.5
38265,1747,128.5
38265,1748,65
38265,1749,28
38265,1750,4
38265,1753,8
38265,1754,3
38265,1755,18
38265,1756,4
38265,1768,2
38265,1769,3
38265,1770,18
38266,1614,6
38266,1615,10
38266,1616,29
38266,1617,95
38266,1618,135
38266,1619,53
38266,1621,3
38266,1626,2
38266,1627,25
38266,1629,4
38266,1631,12
38266,1632,3
38266,1634,20
38266,1635,19
38266,1638,4
38266,1639,5
38266,1640,3
38266,1644,66
38266,1645,88
38266,1649,62.5
38266,1650,3
38266,1651,36
38266,1652,3
38266,1670,26
38266,1671,127.5
38266,1672,32
38266,1697,133.5
38266,1698,122
38266,1736,22
38266,1737,38
38266,1738,34
38266,1739,40
38266,1740,1
38266,1741,2
38266,1742,3
38266,1744,26
38266,1746,51
38266,1747,43
38266,1748,119
38266,1749,70
38266,1750,18
38266,1751,4
38266,1753,1
38266,1757,16
38266,1768,14
38266,1769,6
38266,1770,6
38267,1614,4
38267,1615,240
38267,1616,101
38267,1617,149.5
38267,1618,74
38267,1619,50
38267,1629,11
38267,1635,56
38267,1638,9
38267,1642,8
38267,1643,23
38267,1644,36
38267,1645,111.5
38267,1646,99
38267,1647,46
38267,1648,3
38267,1649,23
38267,1650,28
38267,1651,16
38267,1652,4
38267,1671,42
38267,1672,99
38267,1697,26
38267,1698,65
38267,1736,14
38267,1739,14
38267,1740,11
38267,1741,8
38267,1742,49
38267,1743,20
38267,1744,7
38267,1746,11
38267,1747,21
38267,1748,30
38267,1749,6.5
38267,1750,7
38267,1751,1
38267,1753,1
38267,1767,5
38267,1768,61
38267,1769,69
38267,1770,6
38268,1614,40
38268,1615,113.5
38268,1616,159.5
38268,1617,74.5
38268,1618,79
38268,1619,33
38268,1629,8
38268,1630,19
38268,1631,19
38268,1634,2
38268,1635,31
38268,1636,23
38268,1641,2
38268,1643,7
38268,1644,36
38268,1645,81
38268,1646,82.5
38268,1647,84
38268,1648,37
38268,1650,2
38268,1653,1
38268,1670,15
38268,1671,66
38268,1672,69
38268,1673,69
38268,1674,16
38268,1675,7
38268,1676,9
38268,1697,23
38268,1698,75.5
38268,1740,3
38268,1741,2
38268,1742,50
38268,1743,20
38268,1744,12
38268,1745,15
38268,1746,20
38268,1747,60
38268,1748,24
38268,1749,14.5
38268,1750,8
38268,1752,17
38268,1753,10
38268,1755,5
38268,1756,1
38268,1768,3
38268,1769,87
38268,1770,47.5
38269,1615,10
38269,1616,70.5
38269,1617,159
38269,1618,164.5
38269,1619,11
38269,1634,19
38269,1635,21
38269,1636,97
38269,1638,4
38269,1643,49.5
38269,1644,94
38269,1645,51
38269,1646,62.5
38269,1647,50
38269,1648,101
38269,1669,7
38269,1670,18
38269,1671,92.5
38269,1672,46
38269,1673,85.5
38269,1674,60
38269,1677,3
38269,1678,3
38269,1698,5
38269,1739,2
38269,1741,7
38269,1742,5
38269,1743,29
38269,1744,23
38269,1745,12
38269,1746,4
38269,1747,63
38269,1748,61
38269,1749,92
38269,1750,46
38269,1751,37
38269,1752,25
38269,1753,14
38269,1754,5
38269,1755,8
38269,1756,8
38269,1767,11
38269,1768,29.5
38269,1769,32
38269,1770,52
38269,1771,19
38269,1772,4
38269,1883,7
38270,1615,16
38270,1616,113.5
38270,1617,115.5
38270,1618,49
38270,1620,2
38270,1632,2
38270,1633,8
38270,1634,62
38270,1635,45
38270,1636,158.5
38270,1637,14
38270,1639,3
38270,1645,10.5
38270,1646,9
38270,1647,11
38270,1648,8
38270,1649,2
38270,1651,3
38270,1669,6
38270,1670,42
38270,1671,89.5
38270,1672,24
38270,1673,45
38270,1674,36
38270,1675,66
38270,1678,10
38270,1679,5
38270,1734,2
38270,1742,1
38270,1744,3
38270,1745,41
38270,1746,31
38270,1747,7
38270,1749,6
38270,1752,7
38270,1753,1
38270,1754,7
38270,1755,48
38270,1756,25
38270,1757,4
38270,1758,4
38270,1767,32
38270,1769,11
38270,1770,15
38270,1771,1
38270,1772,14
38270,1773,2
38270,1884,13
38271,1614,12
38271,1615,100
38271,1616,140.5
38271,1617,81
38271,1618,2
38271,1619,23
38271,1632,16
38271,1633,47.5
38271,1634,35
38271,1635,111.5
38271,1636,59
38271,1637,54
38271,1638,4
38271,1639,6
38271,1645,4
38271,1669,6
38271,1670,10
38271,1671,150
38271,1672,110.5
38271,1673,85.5
38271,1674,51
38271,1675,10.5
38271,1676,7
38271,1680,3
38271,1734,1
38271,1735,1
38271,1737,2
38271,1740,4
38271,1744,5
38271,1745,23
38271,1746,2
38271,1747,1
38271,1748,1
38271,1749,2
38271,1755,3
38271,1756,7
38271,1760,31
38271,1762,11
38271,1767,26
38271,1768,5
38271,1769,3
38271,1771,8
38271,1772,19
38272,1608,17
38272,1614,26
38272,1615,13
38272,1616,130.5
38272,1617,30
38272,1618,5
38272,1619,3
38272,1623,8
38272,1633,31
38272,1634,123.5
38272,1635,109
38272,1636,60
38272,1637,22.5
38272,1638,4
38272,1639,9
38272,1640,5
38272,1671,78
38272,1672,43
38272,1673,38
38272,1674,42.5
38272,1675,39
38272,1676,6
38272,1736,5
38272,1738,6
38272,1743,1
38272,1744,5
38272,1745,23
38272,1746,14
38272,1748,19
38272,1749,12
38272,1750,8
38272,1751,7
38272,1757,2
38272,1758,1
38272,1759,64
38272,1760,7
38272,1761,27
38272,1762,41
38272,1763,43
38272,1764,18.5
38272,1765,4
38272,1769,7
38272,1770,8
38272,1771,4
38272,1772,13
38272,1773,2
38272,1885,4
38273,1608,2
38273,1609,19
38273,1613,3
38273,1614,31
38273,1615,101
38273,1616,6
38273,1631,7.5
38273,1632,5
38273,1633,91
38273,1634,172
38273,1635,62
38273,1636,66
38273,1637,6.5
38273,1638,1
38273,1671,42
38273,1672,47
38273,1673,28
38273,1674,26
38273,1675,7
38273,1679,1
38273,1738,8
38273,1739,2
38273,1743,7
38273,1744,4
38273,1745,5
38273,1750,6
38273,1751,4
38273,1752,1
38273,1758,1
38273,1759,38
38273,1761,109
38273,1762,20
38273,1763,63
38273,1764,20
38273,1772,10
38273,1773,5
38273,1886,2
38273,1887,3
38274,1608,4
38274,1609,35
38274,1612,24
38274,1613,51
38274,1614,208
38274,1615,75
38274,1616,70
38274,1618,8
38274,1622,16
38274,1624,7
38274,1632,65.5
38274,1633,45
38274,1634,16
38274,1635,54
38274,1636,56
38274,1637,18
38274,1639,1
38274,1736,5
38274,1737,10
38274,1738,8
38274,1739,15
38274,1740,26
38274,1741,2
38274,1742,1.5
38274,1743,40
38274,1744,60.5
38274,1745,8
38274,1759,33
38274,1760,22
38274,1761,51
38274,1762,40
38274,1763,18
38274,1764,6
38274,1765,8
38274,1766,9.5
38274,1769,2
38274,1770,8
38274,1773,1
38274,1774,1
38274,1887,36
38275,1609,2
38275,1611,67
38275,1612,148
38275,1613,122.5
38275,1614,107.5
38275,1615,50
38275,1616,208
38275,1617,94
38275,1618,113
38275,1619,107.5
38275,1620,14.5
38275,1621,64
38275,1622,82.5
38275,1623,39
38275,1624,20
38275,1632,41
38275,1633,2
38275,1635,13
38275,1636,26
38275,1637,27
38275,1640,6
38275,1736,4
38275,1737,25
38275,1738,1
38275,1739,37
38275,1740,26
38275,1741,16
38275,1742,1
38275,1743,13
38275,1744,23
38275,1745,2
38275,1758,12
38275,1759,11
38275,1760,32
38275,1761,23
38275,1762,1
38275,1763,8
38275,1764,35
38275,1765,1
38275,1766,2
38275,1886,11
38275,1887,14
38276,1610,7
38276,1611,11
38276,1612,70.5
38276,1613,67
38276,1614,96
38276,1615,54.5
38276,1616,100
38276,1617,55
38276,1618,113.5
38276,1619,113
38276,1620,98
38276,1621,182
38276,1622,74
38276,1623,81
38276,1624,12
38276,1632,31
38276,1633,3
38276,1737,32
38276,1738,24
38276,1739,39.5
38276,1740,70
38276,1741,35
38276,1742,15
38276,1761,12
38276,1762,21
38276,1886,10
38276,1887,49
38277,1612,1
38277,1613,8
38277,1616,310.5
38277,1617,92.5
38277,1618,108
38277,1619,85
38277,1620,19
38277,1621,59.5
38277,1623,39.5
38277,1624,16
38277,1630,2
38277,1632,44
38277,1633,3
38277,1695,1
38277,1737,62.5
38277,1738,135.5
38277,1739,79.5
38277,1740,81.5
38277,1741,39
38277,1742,2
38277,1886,31
38277,1887,47
38277,1888,14
38278,1610,3
38278,1614,24
38278,1615,14
38278,1616,72.5
38278,1617,45
38278,1618,126
38278,1619,103.5
38278,1620,8
38278,1621,21
38278,1622,25
38278,1623,27
38278,1631,2
38278,1632,17
38278,1633,101.5
38278,1634,5
38278,1639,9
38278,1737,4
38278,1738,8
38278,1739,114
38278,1740,90.5
38278,1741,3
38278,1743,26
38278,1759,1
38278,1761,11
38278,1886,1
38278,1887,44
38278,1888,45
38278,1889,40
38279,1614,37.5
38279,1616,52
38279,1617,30
38279,1618,104
38279,1619,175.5
38279,1620,18
38279,1621,56
38279,1622,18.5
38279,1623,41
38279,1632,7
38279,1633,28
38279,1646,2
38279,1695,1
38279,1739,9
38279,1740,33
38279,1760,4
38279,1761,7.5
38279,1887,11
38279,1888,56.5
38279,1889,102
38280,1616,2
38280,1617,5
38280,1619,1
38280,1621,3
38280,1623,20
38280,1632,1
38280,1633,20
38280,1635,1
38280,1699,1
38280,1742,4
38280,1746,7
38280,1748,1
38280,1888,38
38281,1618,3
38281,1621,6
38281,1622,3
38281,1632,27
38281,1633,10
38281,1748,3
38281,1888,41
38281,1889,20
38282,1611,70
38282,1612,63
38282,1613,93
38282,1614,41.5
38282,1617,8
38282,1618,3
38282,1622,9
38282,1631,1
38282,1632,9
38282,1633,3
38282,1749,2
38282,1750,7
38282,1888,2
38282,1889,85
38283,1611,98
38283,1612,128.5
38283,1613,93.5
38283,1614,83
38283,1615,6
38283,1617,9
38283,1618,4
38283,1619,27
38283,1620,7
38283,1621,23
38283,1622,9
38283,1628,1
38283,1631,17
38283,1632,30
38283,1738,3
38283,1749,6
38283,1750,3
38283,1751,5
38283,1889,17
38284,1611,258
38284,1612,60
38284,1613,58
38284,1614,51
38284,1615,4
38284,1616,66
38284,1617,58
38284,1618,33
38284,1619,32
38284,1620,41.5
38284,1621,40
38284,1631,10
38284,1632,56
38284,1738,2
38284,1739,3
38284,1751,5
38284,1889,30.5
38284,1891,1
38285,1612,8
38285,1613,21
38285,1614,13
38285,1616,1
38285,1617,1
38285,1618,3
38285,1619,8
38285,1620,13
38285,1621,49
38285,1631,49
38285,1632,65.5
38285,1646,1
38285,1710,30
38285,1711,19
38285,1880,2
38285,1889,20
38285,1890,6
38286,1611,72.5
38286,1612,287.5
38286,1613,33
38286,1614,2
38286,1616,45
38286,1631,14
38286,1632,59
38286,1633,9
38286,1696,17.5
38286,1697,7
38286,1711,18
38286,1712,2
38286,1890,4
38287,1610,22
38287,1611,112.5
38287,1612,107.5
38287,1613,30
38287,1614,37.5
38287,1615,163.5
38287,1620,2
38287,1622,28
38287,1628,3
38287,1630,3
38287,1631,5
38287,1632,94.5
38287,1633,36
38287,1634,6
38287,1710,12
38287,1711,7
38287,1740,4
38287,1890,2
38288,1610,47.5
38288,1611,161
38288,1612,166.5
38288,1613,197.5
38288,1614,106
38288,1615,104
38288,1616,45
38288,1617,126
38288,1618,79
38288,1619,49
38288,1620,65
38288,1621,14
38288,1622,42
38288,1623,25
38288,1624,4
38288,1630,2
38288,1631,14
38288,1632,85.5
38288,1633,11.5
38288,1702,3
38288,1890,6
38289,1610,125.5
38289,1611,155
38289,1612,192
38289,1613,124.5
38289,1614,38
38289,1615,102
38289,1616,5
38289,1617,44
38289,1618,103
38289,1619,115.5
38289,1620,51
38289,1621,169
38289,1622,5
38289,1623,10
38289,1624,14
38289,1629,21
38289,1630,5
38289,1631,98.5
38289,1632,81
38289,1633,11
38289,1700,1
38289,1701,17
38289,1702,1
38289,1752,3
38289,1890,3
38289,1891,1
38289,1892,3
38290,1610,24
38290,1611,374.5
38290,1612,174.5
38290,1613,26
38290,1617,27
38290,1618,87
38290,1619,135
38290,1620,100.5
38290,1621,78.5
38290,1622,40.5
38290,1624,4
38290,1625,11
38290,1627,1
38290,1630,4
38290,1631,70
38290,1632,112
38290,1633,63
38290,1700,7
38290,1701,30
38290,1708,46
38290,1709,47
38290,1740,1
38290,1749,6
38290,1888,6
38290,1893,3
38291,1610,24
38291,1611,84
38291,1612,166
38291,1613,14
38291,1617,31.5
38291,1618,176
38291,1619,27
38291,1620,56.5
38291,1621,46
38291,1622,5
38291,1623,10
38291,1628,19
38291,1629,60
38291,1631,7
38291,1632,35
38291,1633,4
38291,1699,3
38291,1701,4
38291,1707,31
38291,1708,93
38291,1709,141.5
38291,1710,43
38292,1610,8
38292,1611,29
38292,1612,36
38292,1613,8
38292,1616,21
38292,1617,37
38292,1618,36.5
38292,1619,22
38292,1620,45
38292,1621,19
38292,1622,19
38292,1623,1
38292,1629,23.5
38292,1630,86
38292,1631,96
38292,1632,71.5
38292,1633,3
38292,1706,10
38292,1707,37
38292,1708,36
38292,1709,10
38292,1710,49
38292,1711,12
38292,1881,2
38292,1890,3
38293,1610,1
38293,1611,13.5
38293,1618,11
38293,1619,33
38293,1620,105
38293,1621,72.5
38293,1622,68.5
38293,1623,18
38293,1624,25
38293,1631,60
38293,1632,78.5
38293,1633,1
38293,1707,1
38293,1708,11
38293,1709,38
38293,1710,25
38293,1711,28
38293,1712,51
38293,1751,3
38293,1783,3
38293,1785,6
38293,1786,11
38293,1889,10
38293,1890,14
38294,1610,14
38294,1611,29
38294,1612,9.5
38294,1613,3
38294,1614,3
38294,1617,5
38294,1618,10
38294,1620,4
38294,1621,48
38294,1622,46
38294,1623,20
38294,1624,18
38294,1625,8
38294,1626,1
38294,1628,8
38294,1629,29
38294,1630,7
38294,1631,160.5
38294,1632,30
38294,1633,26
38294,1709,24.5
38294,1710,35
38294,1711,12
38294,1712,20
38294,1784,14
38294,1785,32
38294,1786,5
38294,1887,8
38294,1888,11
38294,1889,4
38294,1890,40
38294,1891,21
38294,1892,1
38295,1610,39.5
38295,1611,26
38295,1612,25
38295,1613,37
38295,1617,2
38295,1618,11
38295,1619,6
38295,1620,36
38295,1621,17
38295,1622,43
38295,1623,10
38295,1627,9
38295,1628,47
38295,1629,72
38295,1630,34
38295,1631,32
38295,1709,5
38295,1784,15
38295,1785,11
38295,1786,13
38295,1889,55
38295,1890,34
38295,1891,18
38296,1609,17
38296,1610,29.5
38296,1611,5
38296,1612,4
38296,1613,23
38296,1614,8
38296,1615,6
38296,1616,45
38296,1617,52
38296,1618,26.5
38296,1619,14
38296,1620,74
38296,1621,10
38296,1627,7
38296,1628,64
38296,1629,164
38296,1630,80.5
38296,1631,78.5
38296,1632,13
38296,1687,1
38296,1782,2
38296,1783,1
38296,1784,7
38296,1785,31
38296,1889,13
38296,1890,6
38296,1891,10
38297,1609,5
38297,1610,7
38297,1611,2
38297,1612,5
38297,1613,2
38297,1614,2
38297,1615,4
38297,1616,35
38297,1617,69
38297,1618,36
38297,1619,147.5
38297,1620,60
38297,1621,21
38297,1622,7
38297,1627,4
38297,1628,25
38297,1629,111.5
38297,1630,104
38297,1631,83.5
38297,1632,30
38297,1686,3
38297,1687,18
38297,1700,5
38297,1701,1
38297,1775,5
38297,1781,13
38297,1782,14
38297,1783,7
38297,1785,1
38297,1788,6
38297,1789,4
38297,1791,3
38297,1889,17
38297,1890,5
38297,1891,10
38298,1608,12
38298,1609,2
38298,1610,6
38298,1611,9
38298,1612,1
38298,1615,5
38298,1616,1
38298,1617,43
38298,1618,139.5
38298,1619,19.5
38298,1620,16
38298,1622,2
38298,1625,2
38298,1628,6
38298,1629,51
38298,1630,39.5
38298,1631,26
38298,1687,35
38298,1688,71
38298,1711,29
38298,1776,1
38298,1780,6
38298,1782,8
38298,1788,2
38298,1789,19
38298,1791,2
38298,1886,13
38298,1887,26
38298,1888,79
38298,1889,31
38298,1890,22
38299,1610,18
38299,1615,5
38299,1616,16
38299,1617,57
38299,1618,67
38299,1619,31
38299,1620,18
38299,1624,1
38299,1625,5
38299,1626,9.5
38299,1627,8
38299,1628,18
38299,1629,32.5
38299,1630,39
38299,1631,4
38299,1685,1
38299,1686,14
38299,1687,16
38299,1688,14
38299,1702,7
38299,1703,5
38299,1711,12
38299,1713,3
38299,1776,5
38299,1777,9
38299,1779,42
38299,1780,4
38299,1781,1
38299,1786,9.5
38299,1788,3
38299,1789,1
38299,1790,5
38299,1791,4
38299,1886,20
38299,1887,32
38299,1888,137
38299,1889,56
38299,1890,3
38299,1892,3
38300,1605,2
38300,1606,10
38300,1609,1
38300,1615,4
38300,1616,9
38300,1617,3
38300,1618,55.5
38300,1619,39.5
38300,1620,9
38300,1621,2.5
38300,1625,54
38300,1626,105
38300,1627,59
38300,1628,23
38300,1629,14
38300,1630,1
38300,1688,25
38300,1689,20
38300,1703,12
38300,1704,18
38300,1777,57.5
38300,1778,29
38300,1779,23
38300,1781,4
38300,1782,2
38300,1789,4
38300,1790,4
38300,1877,21
38300,1878,4
38300,1888,107.5
38300,1889,142
38300,1890,85
38300,1891,79
38300,1892,3
38301,1605,32
38301,1606,12.5
38301,1609,3
38301,1618,27
38301,1622,10
38301,1623,8
38301,1624,14
38301,1625,81
38301,1626,27.5
38301,1627,26
38301,1628,57
38301,1630,4
38301,1687,3
38301,1702,29
38301,1703,31
38301,1704,5
38301,1709,1
38301,1714,13
38301,1777,12
38301,1778,6
38301,1779,2
38301,1780,2
38301,1781,12.5
38301,1782,37
38301,1783,18
38301,1784,6
38301,1785,12
38301,1789,4
38301,1791,1
38301,1792,3
38301,1877,3
38301,1878,5
38301,1879,4
38301,1886,4
38301,1887,113
38301,1888,13
38301,1889,158
38301,1890,24
38301,1891,101
38302,1604,56
38302,1605,64.5
38302,1606,29.5
38302,1607,3
38302,1615,8
38302,1616,2
38302,1618,36
38302,1619,7
38302,1622,2
38302,1623,3
38302,1624,24
38302,1625,75
38302,1626,69
38302,1627,48
38302,1628,71.5
38302,1629,8
38302,1630,1
38302,1639,1
38302,1687,9
38302,1688,17
38302,1689,4
38302,1702,13
38302,1703,32
38302,1704,59
38302,1772,2
38302,1773,1
38302,1775,11
38302,1779,1
38302,1780,23.5
38302,1781,3
38302,1782,42
38302,1783,8
38302,1784,33
38302,1785,16
38302,1786,2
38302,1789,9
38302,1790,6
38302,1791,23
38302,1792,4
38302,1877,4
38302,1887,66
38302,1888,22
38302,1890,5
38302,1891,5
38303,1603,36
38303,1604,73.5
38303,1605,15.5
38303,1606,147
38303,1607,16
38303,1612,5
38303,1615,3
38303,1616,28
38303,1617,38
38303,1618,66
38303,1624,41
38303,1625,58
38303,1626,28
38303,1627,106
38303,1628,10
38303,1629,5
38303,1630,1
38303,1631,2
38303,1686,5
38303,1687,23
38303,1688,11
38303,1689,9
38303,1702,5
38303,1703,39
38303,1704,80
38303,1705,11
38303,1772,16
38303,1773,33
38303,1774,21.5
38303,1775,7
38303,1780,10
38303,1781,45
38303,1782,66
38303,1783,22.5
38303,1785,9
38303,1786,8
38303,1788,4
38303,1789,7
38303,1790,5
38303,1791,2
38303,1886,2
38303,1887,36
38303,1888,24
38303,1891,2
38304,1603,53
38304,1604,113
38304,1605,80
38304,1606,119
38304,1607,47
38304,1610,5.5
38304,1611,2
38304,1612,14
38304,1613,94.5
38304,1616,92.5
38304,1617,116
38304,1618,50.5
38304,1619,9.5
38304,1621,2
38304,1622,27
38304,1623,58
38304,1624,20
38304,1625,31.5
38304,1626,5
38304,1627,5
38304,1629,7
38304,1631,2
38304,1637,5
38304,1686,5
38304,1687,7
38304,1688,21
38304,1703,29
38304,1704,68
38304,1705,11
38304,1706,8
38304,1713,3
38304,1714,2
38304,1715,10
38304,1773,35
38304,1774,51
38304,1777,13
38304,1781,71
38304,1782,48
38304,1783,18
38304,1784,33.5
38304,1785,37
38304,1788,1
38304,1789,17
38304,1790,5
38304,1887,29
38304,1888,26
38305,1603,6
38305,1604,15
38305,1606,4
38305,1607,3
38305,1608,6
38305,1609,24
38305,1610,24
38305,1611,16
38305,1612,22
38305,1613,32
38305,1614,13
38305,1616,4
38305,1617,40
38305,1618,26
38305,1620,1
38305,1622,37
38305,1623,25
38305,1624,45
38305,1625,31
38305,1626,6
38305,1628,5
38305,1634,2
38305,1636,2
38305,1686,3
38305,1687,4
38305,1688,4
38305,1700,3
38305,1703,18.5
38305,1704,50
38305,1705,12
38305,1706,32
38305,1711,4
38305,1712,1
38305,1713,6
38305,1714,43
38305,1715,14
38305,1773,22
38305,1774,17
38305,1775,4
38305,1777,1
38305,1778,4
38305,1779,16
38305,1780,19
38305,1781,27
38305,1782,24
38305,1783,57
38305,1784,62.5
38305,1785,8
38305,1788,2
38305,1791,2
38305,1792,2
38305,1794,1
38305,1883,8
38305,1884,4
38305,1885,18
38305,1886,27
38305,1887,1
38306,1607,1
38306,1608,22
38306,1609,1
38306,1610,16
38306,1611,10
38306,1612,22
38306,1613,44.5
38306,1614,127.5
38306,1615,3
38306,1616,5.5
38306,1617,1
38306,1618,6.5
38306,1619,9
38306,1620,4
38306,1621,5
38306,1623,11
38306,1624,22
38306,1625,13
38306,1626,18
38306,1628,4
38306,1633,4
38306,1636,3
38306,1637,3
38306,1644,3
38306,1686,4
38306,1687,21
38306,1702,20
38306,1703,104.5
38306,1704,53
38306,1705,65
38306,1706,35
38306,1707,42.5
38306,1714,33.5
38306,1715,45
38306,1716,29
38306,1717,7
38306,1774,15
38306,1775,13
38306,1776,3
38306,1778,3
38306,1779,11
38306,1780,12
38306,1782,60
38306,1783,53
38306,1784,36
38306,1785,23
38306,1786,33
38306,1787,41
38306,1788,57
38306,1790,3
38306,1871,4
38306,1883,17
38306,1884,39
38306,1885,13
38306,1886,44
38307,1607,8
38307,1608,14
38307,1611,1
38307,1612,29
38307,1613,98.5
38307,1614,78.5
38307,1615,32
38307,1616,27
38307,1618,5
38307,1621,16
38307,1622,86
38307,1623,25
38307,1624,83
38307,1625,31
38307,1626,7
38307,1627,9
38307,1635,1
38307,1637,2
38307,1687,6
38307,1702,8
38307,1703,93.5
38307,1704,58
38307,1705,92
38307,1706,83
38307,1707,46
38307,1714,16
38307,1715,37.5
38307,1716,44.5
38307,1717,55
38307,1765,5
38307,1774,23
38307,1775,13
38307,1776,6
38307,1777,3
38307,1778,7
38307,1779,30
38307,1780,1
38307,1781,1
38307,1782,32
38307,1783,14
38307,1784,26
38307,1785,15.5
38307,1786,56
38307,1787,17
38307,1788,79
38307,1789,24
38307,1790,15
38307,1791,3
38307,1874,5
38307,1876,5
38307,1877,1
38307,1884,61.5
38307,1885,13
38307,1886,3
38308,1607,4
38308,1608,1
38308,1612,78
38308,1613,66.5
38308,1614,6
38308,1616,8
38308,1617,12
38308,1620,3
38308,1621,90
38308,1622,102
38308,1623,59
38308,1624,6
38308,1625,4
38308,1626,1
38308,1627,5
38308,1628,4
38308,1703,28
38308,1704,71
38308,1705,84
38308,1706,94
38308,1707,109
38308,1708,99.5
38308,1709,24
38308,1710,3
38308,1714,23
38308,1715,27
38308,1716,14
38308,1717,8
38308,1718,13
38308,1719,1
38308,1720,1
38308,1773,3
38308,1774,6
38308,1776,14
38308,1778,15
38308,1779,24
38308,1780,34
38308,1781,7
38308,1782,15
38308,1783,46
38308,1784,45
38308,1785,90.5
38308,1786,84.5
38308,1787,42
38308,1788,15
38308,1789,101.5
38308,1790,9
38308,1874,6
38308,1876,14
38308,1878,8
38308,1882,2
38308,1883,1
38308,1884,14
38308,1885,10
38309,1605,12
38309,1612,7
38309,1613,36
38309,1614,26
38309,1620,4
38309,1621,55
38309,1622,100.5
38309,1623,123
38309,1624,11
38309,1625,4
38309,1629,1
38309,1630,5
38309,1702,1
38309,1703,33.5
38309,1704,52.5
38309,1705,89
38309,1706,46.5
38309,1707,28
38309,1708,69
38309,1709,114
38309,1710,5
38309,1714,21
38309,1715,21
38309,1716,10
38309,1717,23
38309,1718,40
38309,1719,1
38309,1774,9
38309,1775,139
38309,1776,18
38309,1779,7
38309,1780,40
38309,1781,25
38309,1782,22
38309,1783,45
38309,1784,23.5
38309,1785,108.5
38309,1786,107.5
38309,1787,74
38309,1788,14
38309,1789,22
38309,1790,117
38309,1791,10
38309,1873,1
38309,1877,12
38309,1878,4
38309,1879,40
38309,1880,69
38309,1881,12
38309,1882,4
38310,1613,10
38310,1614,3
38310,1620,2
38310,1621,27
38310,1622,58
38310,1623,47
38310,1624,32
38310,1625,5
38310,1626,12
38310,1629,12
38310,1632,8
38310,1702,11
38310,1703,132
38310,1704,77
38310,1705,77
38310,1706,66
38310,1707,65
38310,1708,44
38310,1709,82.5
38310,1710,28
38310,1711,8
38310,1715,9
38310,1716,11
38310,1717,8
38310,1718,17
38310,1719,29
38310,1773,8
38310,1774,22
38310,1775,38.5
38310,1776,12
38310,1777,18
38310,1778,16
38310,1779,11
38310,1780,2
38310,1781,16
38310,1782,47.5
38310,1785,11
38310,1786,21
38310,1787,20
38310,1788,48
38310,1789,26
38310,1790,50
38310,1791,11
38310,1795,3
38310,1878,24
38310,1879,74
38310,1880,147
38310,1881,44
38311,1611,4
38311,1612,5
38311,1613,29.5
38311,1614,2
38311,1619,10
38311,1620,38
38311,1621,37
38311,1622,46
38311,1623,1
38311,1640,5
38311,1703,9
38311,1704,47
38311,1705,33
38311,1706,24
38311,1707,21
38311,1708,20.5
38311,1709,28
38311,1710,41
38311,1711,14
38311,1712,3
38311,1715,3
38311,1716,4
38311,1718,2
38311,1719,2
38311,1774,8
38311,1775,23
38311,1777,3
38311,1778,4
38311,1779,5
38311,1782,2
38311,1784,8
38311,1785,54
38311,1786,4
38311,1787,38
38311,1788,24.5
38311,1789,44
38311,1790,145
38311,1791,16
38311,1792,5
38311,1794,4
38311,1795,9
38311,1879,3
38311,1880,15
38311,1881,6
38312,1611,3
38312,1612,18
38312,1613,13
38312,1614,6
38312,1615,18
38312,1616,6.5
38312,1617,5
38312,1618,15
38312,1619,11
38312,1620,18
38312,1621,5
38312,1622,11
38312,1629,3
38312,1705,5
38312,1706,5
38312,1707,12
38312,1708,29
38312,1709,11
38312,1710,69
38312,1711,48
38312,1712,6
38312,1776,1
38312,1777,1
38312,1778,1
38312,1779,3
38312,1780,11
38312,1782,2
38312,1784,1
38312,1785,66
38312,1786,99
38312,1787,104
38312,1788,38
38312,1789,47
38312,1790,56
38312,1791,57
38312,1792,9
38312,1797,3
38312,1879,36
38313,1601,20
38313,1602,12
38313,1611,5
38313,1612,6
38313,1613,12
38313,1617,10
38313,1618,11
38313,1619,9
38313,1620,18.5
38313,1622,2
38313,1707,2
38313,1708,32.5
38313,1709,46
38313,1710,33
38313,1711,49
38313,1712,1
38313,1783,15
38313,1784,15
38313,1785,7
38313,1786,71
38313,1787,120
38313,1788,51
38313,1789,15
38313,1790,73
38313,1791,40
38313,1792,15
38313,1793,2
38313,1794,3
38313,1876,5
38313,1877,4
38313,1878,12
38313,1879,52
38314,1601,78
38314,1602,2
38314,1610,5
38314,1612,65
38314,1613,1
38314,1617,22
38314,1618,13
38314,1622,2
38314,1623,9
38314,1624,1
38314,1625,5
38314,1638,6
38314,1708,1
38314,1709,11
38314,1710,1
38314,1711,1
38314,1782,4
38314,1783,2
38314,1786,8
38314,1787,145
38314,1788,112
38314,1789,30
38314,1790,87
38314,1791,37
38314,1792,58
38314,1793,40
38314,1794,13
38314,1795,14
38314,1797,6
38314,1866,3
38314,1867,62
38314,1875,6
38314,1876,14
38314,1877,47
38314,1878,35
38315,1597,30
38315,1598,21.5
38315,1599,6
38315,1600,7
38315,1601,43
38315,1602,22.5
38315,1610,7
38315,1611,19
38315,1612,2
38315,1615,4
38315,1617,21
38315,1618,83.5
38315,1619,14
38315,1628,1
38315,1631,3
38315,1699,1
38315,1786,3
38315,1788,20
38315,1790,6
38315,1791,44
38315,1792,40
38315,1793,85
38315,1794,28
38315,1795,23
38315,1796,26
38315,1864,38
38315,1865,78
38315,1866,54
38315,1867,156
38315,1868,65
38315,1869,17
38315,1870,19
38315,1871,8
38315,1872,1
38315,1873,35
38315,1874,159
38315,1875,246
38315,1876,39
38315,1877,19
38316,1596,15
38316,1597,78.5
38316,1598,66.5
38316,1599,52
38316,1609,6
38316,1611,7
38316,1612,2
38316,1613,8
38316,1614,3
38316,1616,5
38316,1617,34
38316,1618,22
38316,1619,24
38316,1629,2
38316,1786,7
38316,1787,2
38316,1791,2
38316,1792,79.5
38316,1793,98.5
38316,1794,44
38316,1795,39
38316,1797,6
38316,1835,4
38316,1837,1
38316,1861,6
38316,1863,4
38316,1864,105.5
38316,1865,142
38316,1866,45
38316,1867,22
38316,1868,115
38316,1869,48
38316,1870,27
38316,1871,63
38316,1872,42
38316,1873,9
38316,1874,88
38316,1875,205
38316,1876,25
38317,1596,37
38317,1597,10
38317,1598,13
38317,1599,18
38317,1603,12
38317,1610,3
38317,1611,3
38317,1614,7
38317,1616,2
38317,1617,12
38317,1618,18
38317,1622,4
38317,1623,3
38317,1788,3
38317,1789,3
38317,1791,12.5
38317,1792,19
38317,1793,45
38317,1794,114
38317,1795,5
38317,1800,3
38317,1837,2
38317,1851,5
38317,1858,16
38317,1859,78
38317,1860,28
38317,1861,47
38317,1862,47
38317,1863,22
38317,1864,76
38317,1865,104.5
38317,1866,3
38317,1867,22
38317,1868,23
38317,1869,3.5
38317,1870,3
38317,1871,14
38317,1872,8
38318,1595,8
38318,1596,25.5
38318,1597,6
38318,1598,7
38318,1599,26
38318,1601,10
38318,1602,19
38318,1603,2
38318,1610,6
38318,1612,4
38318,1614,1
38318,1615,5
38318,1616,2
38318,1617,1
38318,1618,7
38318,1620,7
38318,1621,15
38318,1622,4
38318,1623,2
38318,1698,1
38318,1788,9
38318,1790,1
38318,1793,4
38318,1794,59
38318,1795,226
38318,1827,1
38318,1841,2
38318,1850,2
38318,1851,38
38318,1852,5
38318,1857,2
38318,1858,8
38318,1859,42
38318,1860,6
38318,1863,29
38318,1864,15
38318,1865,4
38318,1866,4
38319,1595,46
38319,1596,7
38319,1601,25
38319,1602,8
38319,1613,6
38319,1616,5
38319,1617,15
38319,1618,31
38319,1619,4
38319,1620,2
38319,1621,2
38319,1623,4
38319,1624,4
38319,1794,21
38319,1795,4
38319,1797,4
38319,1801,3
38319,1802,4
38319,1836,10
38319,1852,12
38319,1853,82
38319,1854,7
38319,1855,3
38319,1856,2
38319,1864,3
38319,1865,4
38320,1594,2
38320,1595,22
38320,1596,15
38320,1597,1
38320,1602,54
38320,1603,3
38320,1605,6
38320,1615,20
38320,1616,65
38320,1617,19
38320,1618,149.5
38320,1619,30
38320,1621,10
38320,1628,7
38320,1630,3.5
38320,1791,3
38320,1793,2
38320,1797,2
38320,1801,1
38320,1802,9
38320,1840,3
38320,1842,4
38320,1852,12
38320,1853,19.5
38320,1854,16
38320,1855,60
38320,1856,42
38321,1607,5
38321,1608,19
38321,1614,1
38321,1616,4
38321,1617,26
38321,1618,4
38321,1620,1
38321,1621,2
38321,1623,2
38321,1624,4
38321,1625,4
38321,1627,3
38321,1797,13
38321,1822,6
38321,1823,6
38321,1830,10
38321,1833,3
38321,1835,30
38321,1836,51
38321,1837,8
38321,1838,1
38321,1840,5
38321,1841,6
38321,1849,2
38321,1851,5
38321,1853,3
38321,1855,6
38321,1857,3
38321,1858,3
38322,1594,5
38322,1606,4
38322,1607,18
38322,1608,95
38322,1609,50
38322,1610,50
38322,1611,15
38322,1612,2
38322,1613,8
38322,1616,1
38322,1617,6
38322,1618,5
38322,1619,9
38322,1620,5
38322,1622,2
38322,1796,7
38322,1825,4
38322,1830,8
38322,1831,5
38322,1832,3
38322,1836,2
38322,1837,4
38322,1839,16
38322,1840,11
38322,1842,5
38322,1844,3
38322,1850,11
38322,1851,44
38323,1598,5
38323,1607,57
38323,1608,36
38323,1609,31
38323,1610,56
38323,1611,37
38323,1612,27
38323,1613,115.5
38323,1614,31
38323,1615,2
38323,1616,12
38323,1617,20
38323,1618,5
38323,1619,17
38323,1620,3
38323,1820,2
38323,1825,2
38323,1827,1
38323,1830,7
38323,1836,4
38323,1837,83
38323,1838,83
38323,1839,80
38323,1840,4
38323,1842,5
38323,1850,41
38323,1852,11
38324,1591,5
38324,1592,39
38324,1593,163.5
38324,1594,53.5
38324,1596,4
38324,1605,1
38324,1606,12
38324,1608,36
38324,1609,45
38324,1610,55.5
38324,1611,70.5
38324,1612,37.5
38324,1613,88.5
38324,1614,86.5
38324,1615,86
38324,1616,138
38324,1617,90.5
38324,1618,151
38324,1619,56
38324,1620,19
38324,1622,3
38324,1623,12
38324,1824,3
38324,1826,8
38324,1827,4
38324,1828,3
38324,1829,2
38324,1830,9
38324,1831,6
38324,1833,8
38324,1834,1
38324,1837,48
38324,1838,34
38324,1839,15
38324,1841,5
38324,1850,33
38324,1851,116
38324,1852,33
38324,1853,1
38325,1590,41
38325,1591,145.5
38325,1592,187.5
38325,1593,92.5
38325,1594,75
38325,1595,53
38325,1599,5
38325,1606,64.5
38325,1607,65.5
38325,1610,46
38325,1611,66
38325,1612,76
38325,1613,184
38325,1614,89.5
38325,1615,81
38325,1616,152
38325,1617,89.5
38325,1618,149
38325,1619,54
38325,1620,22
38325,1621,4
38325,1622,6
38325,1623,6
38325,1821,2
38325,1823,8
38325,1830,11.5
38325,1831,1
38325,1833,6
38325,1835,6
38325,1836,3
38325,1838,5.5
38325,1839,4
38325,1850,5
38325,1851,30
38325,1852,4
38326,1590,78
38326,1591,150
38326,1592,4
38326,1595,25
38326,1604,4
38326,1606,8
38326,1610,1
38326,1611,62.5
38326,1612,61
38326,1613,34
38326,1614,54
38326,1615,111
38326,1616,115
38326,1617,60
38326,1618,103
38326,1619,8
38326,1620,18
38326,1622,1
38326,1630,4
38326,1820,5
38326,1822,2
38326,1823,4
38326,1825,7
38326,1830,5
38326,1832,1
38326,1836,3
38326,1847,3
38326,1850,3
38326,1851,5
38327,1591,7
38327,1592,26
38327,1593,4
38327,1595,12
38327,1601,3
38327,1602,65.5
38327,1603,60.5
38327,1604,13
38327,1611,10.5
38327,1612,94
38327,1613,31
38327,1614,116
38327,1615,138
38327,1616,69
38327,1617,19
38327,1618,47
38327,1619,42
38327,1620,38.5
38327,1621,13
38327,1625,1
38327,1628,4
38327,1633,6
38327,1818,4
38327,1824,4
38327,1833,3
38327,1834,8
38327,1837,7
38327,1851,3
38327,1856,4
38327,1857,4
38328,1587,16
38328,1588,55.5
38328,1589,118
38328,1590,3
38328,1597,2
38328,1601,93.5
38328,1602,93.5
38328,1603,173.5
38328,1604,127.5
38328,1605,112
38328,1606,2
38328,1611,12
38328,1612,68
38328,1613,74
38328,1614,44
38328,1615,102.5
38328,1616,102
38328,1617,55
38328,1618,22
38328,1619,16
38328,1620,5
38328,1621,28
38328,1622,18.5
38328,1623,2
38328,1630,1
38328,1633,5
38328,1686,1
38328,1819,5
38328,1823,4
38328,1825,5
38328,1826,1
38328,1829,1
38328,1830,2
38328,1832,4
38328,1839,3
38328,1843,13
38328,1849,17
38328,1850,8
38328,1857,4
38329,1586,45
38329,1587,105.5
38329,1588,160.5
38329,1589,100.5
38329,1590,12
38329,1599,1
38329,1600,10
38329,1601,7
38329,1602,47
38329,1603,160.5
38329,1604,81
38329,1605,105.5
38329,1606,93
38329,1607,54.5
38329,1608,8
38329,1609,38
38329,1612,5
38329,1613,7
38329,1614,22
38329,1615,15
38329,1616,17
38329,1617,43
38329,1618,50
38329,1619,81
38329,1620,54
38329,1621,13
38329,1622,7
38329,1687,11
38329,1826,4
38329,1830,5
38329,1831,8
38329,1832,4
38329,1833,12
38329,1835,5
38329,1838,1
38329,1840,4
38329,1841,4
38329,1842,5
38329,1843,4
38329,1850,4
38330,1584,5
38330,1585,73.5
38330,1586,138
38330,1587,79
38330,1588,93
38330,1589,9
38330,1600,34.5
38330,1601,18
38330,1602,32
38330,1603,340
38330,1604,7
38330,1605,2
38330,1606,14
38330,1607,43
38330,1608,43
38330,1609,39
38330,1610,22
38330,1611,27.5
38330,1612,13
38330,1613,8.5
38330,1614,25
38330,1615,13
38330,1616,7
38330,1617,7
38330,1618,17
38330,1619,74
38330,1620,30
38330,1621,1
38330,1819,2
38330,1826,8
38330,1829,3
38330,1830,1
38330,1831,18
38330,1832,5
38330,1833,9
38330,1834,2
38330,1839,12
38330,1841,5
38330,1842,1
38330,1843,5
38330,1851,6
38331,1583,35
38331,1584,96
38331,1585,109.5
38331,1586,143.5
38331,1587,58
38331,1588,19
38331,1593,5
38331,1599,41
38331,1602,11
38331,1603,65
38331,1604,18
38331,1605,18
38331,1606,2
38331,1607,35
38331,1608,1
38331,1610,15
38331,1611,349.5
38331,1612,17
38331,1613,3
38331,1614,13
38331,1615,51
38331,1616,12
38331,1618,5
38331,1619,24
38331,1620,18
38331,1621,2
38331,1629,4
38331,1632,1
38331,1811,4
38331,1814,4
38331,1815,1
38331,1821,1.5
38331,1826,1
38331,1827,9
38331,1829,4
38331,1830,10
38331,1834,4
38331,1843,2
38331,1851,11
38332,1582,72.5
38332,1583,95
38332,1584,207.5
38332,1585,193
38332,1586,241.5
38332,1587,120.5
38332,1601,7
38332,1604,12
38332,1606,16
38332,1609,10
38332,1610,9
38332,1611,13
38332,1613,8
38332,1615,31
38332,1616,67
38332,1617,55
38332,1618,46
38332,1619,17
38332,1620,6
38332,1621,3
38332,1806,5
38332,1808,3
38332,1810,5
38332,1811,8
38332,1812,11
38332,1816,3
38332,1823,7
38332,1826,8
38332,1841,3
38332,1842,4
38332,1848,1
38332,1850,3
38332,1853,5
38333,1581,25
38333,1582,70
38333,1583,7
38333,1584,65.5
38333,1585,117.5
38333,1586,273
38333,1587,60
38333,1596,2
38333,1598,42
38333,1599,43
38333,1600,31
38333,1601,6
38333,1602,29
38333,1603,116
38333,1604,24
38333,1606,6
38333,1615,4
38333,1616,46
38333,1617,14
38333,1618,7
38333,1619,34
38333,1620,108
38333,1621,21
38333,1622,11
38333,1803,2
38333,1804,4
38333,1806,7
38333,1808,15
38333,1809,3
38333,1811,30
38333,1814,10
38333,1820,1
38333,1821,3
38333,1825,6
38333,1827,8
38333,1828,11
38333,1841,7
38333,1842,47
38333,1843,85
38333,1848,1
38333,1852,3
38334,1581,61.5
38334,1582,67
38334,1583,2
38334,1586,49.5
38334,1596,8
38334,1597,5
38334,1598,60.5
38334,1599,65.5
38334,1600,39
38334,1601,43
38334,1602,4
38334,1603,78
38334,1604,115
38334,1605,94.5
38334,1606,3
38334,1607,2
38334,1609,9
38334,1611,3
38334,1618,14
38334,1619,151
38334,1620,74.5
38334,1621,89
38334,1622,84
38334,1623,1
38334,1810,5
38334,1811,8
38334,1812,12
38334,1813,15
38334,1814,11
38334,1815,23
38334,1817,1
38334,1822,5
38334,1825,22
38334,1826,64
38334,1827,20
38334,1828,6
38334,1842,50
38334,1843,88
38334,1844,13
38334,1845,2
38334,1848,58
38334,1849,2
38334,1855,5
38335,1580,7
38335,1581,83
38335,1582,16
38335,1585,49
38335,1598,17
38335,1599,64
38335,1600,224
38335,1601,227
38335,1602,183
38335,1603,96
38335,1604,108.5
38335,1605,31
38335,1606,13
38335,1607,9
38335,1608,70
38335,1609,124
38335,1610,39
38335,1611,13
38335,1616,6
38335,1617,35
38335,1618,5
38335,1619,8
38335,1620,35
38335,1621,19
38335,1816,3
38335,1817,1
38335,1822,4
38335,1825,3
38335,1826,9
38335,1827,6
38335,1828,7
38335,1831,1
38335,1842,12
38335,1843,29
38335,1844,31
38335,1845,9
38335,1847,19
38335,1848,141
38335,1849,98
38335,1850,33
38335,1854,8
38336,1579,9
38336,1580,70.5
38336,1581,76
38336,1582,4
38336,1584,247.5
38336,1585,310
38336,1599,73
38336,1600,167.5
38336,1601,114
38336,1602,135
38336,1603,11
38336,1606,8
38336,1607,5
38336,1608,9
38336,1609,57
38336,1610,5
38336,1611,25
38336,1614,2
38336,1615,12
38336,1616,51
38336,1617,9
38336,1618,1
38336,1619,43
38336,1620,18
38336,1621,73
38336,1622,13
38336,1624,9
38336,1625,2
38336,1813,10
38336,1817,22
38336,1820,7
38336,1823,10.5
38336,1824,11
38336,1825,22
38336,1826,1
38336,1827,10
38336,1829,8
38336,1830,3
38336,1832,2
38336,1833,8
38336,1835,2
38336,1841,9
38336,1843,19
38336,1844,114
38336,1845,42
38336,1847,245
38336,1848,136
38336,1849,97
38336,1850,96.5
38336,1851,20.5
38337,1579,67
38337,1580,95
38337,1581,26
38337,1584,78.5
38337,1585,87.5
38337,1599,18
38337,1600,36
38337,1601,103
38337,1602,95
38337,1603,3
38337,1607,15
38337,1608,22
38337,1609,25
38337,1610,7
38337,1614,5
38337,1615,4
38337,1616,28
38337,1617,14
38337,1618,16
38337,1619,23
38337,1620,8
38337,1621,86
38337,1622,6
38337,1623,2
38337,1813,3
38337,1814,16
38337,1815,14
38337,1816,9
38337,1819,3
38337,1824,17
38337,1825,14
38337,1830,7
38337,1837,38
38337,1843,9
38337,1844,145.5
38337,1845,65
38337,1847,147.5
38337,1848,160.5
38337,1849,74
38337,1850,133
38337,1851,111
38337,1852,116
38337,1853,37
38338,1578,80
38338,1579,129
38338,1580,95
38338,1583,63
38338,1584,70.5
38338,1585,5
38338,1598,283
38338,1599,59
38338,1600,41.5
38338,1601,109
38338,1602,39
38338,1603,41
38338,1604,3
38338,1606,1
38338,1607,3
38338,1608,20
38338,1611,14.5
38338,1612,37
38338,1613,43
38338,1614,23
38338,1615,28.5
38338,1617,1
38338,1618,4
38338,1619,20
38338,1620,29
38338,1621,24
38338,1623,10
38338,1624,1
38338,1625,3
38338,1815,5
38338,1816,5
38338,1817,14
38338,1824,26.5
38338,1826,2
38338,1838,2
38338,1839,21
38338,1843,3
38338,1844,27
38338,1845,22
38338,1846,65
38338,1847,50
38338,1848,71
38338,1849,179
38338,1850,123
38338,1851,140
38338,1852,93
38339,1577,22
38339,1578,155
38339,1579,131
38339,1580,55.5
38339,1581,4
38339,1583,71
38339,1584,65
38339,1598,17
38339,1599,32.5
38339,1600,146.5
38339,1601,54.5
38339,1602,45.5
38339,1603,169
38339,1604,91
38339,1615,7
38339,1618,2
38339,1623,13
38339,1813,1
38339,1814,1
38339,1817,20
38339,1818,4
38339,1819,23
38339,1820,134.5
38339,1821,26
38339,1822,13
38339,1840,4
38339,1846,19
38339,1847,23
38339,1848,64
38339,1849,79
38339,1850,74
38339,1851,59
38340,1577,47
38340,1578,53.5
38340,1579,94.5
38340,1580,10.5
38340,1597,49
38340,1598,62
38340,1599,25
38340,1600,147
38340,1601,86.5
38340,1602,26
38340,1603,26
38340,1604,51
38340,1609,2
38340,1617,3
38340,1621,7
38340,1819,20
38340,1820,76
38340,1821,81
38340,1822,5
38340,1839,1
38340,1840,9
38340,1846,23
38340,1847,105
38340,1848,167
38340,1849,8
38340,1850,59.5
38341,1577,49
38341,1578,54
38341,1579,42
38341,1597,46
38341,1598,33
38341,1599,8
38341,1600,62
38341,1601,137
38341,1602,1
38341,1603,18
38341,1604,54.5
38341,1607,3
38341,1612,30
38341,1613,24
38341,1614,47
38341,1621,24.5
38341,1624,13
38341,1679,5
38341,1819,71
38341,1820,117
38341,1821,224
38341,1822,28
38341,1831,3
38341,1834,9
38341,1835,53
38341,1836,30.5
38341,1837,7
38341,1845,14
38341,1846,208.5
38341,1847,106
38341,1848,129.5
38341,1849,39
38342,1576,230
38342,1577,265.5
38342,1578,108
38342,1579,4
38342,1596,1
38342,1599,59
38342,1600,92.5
38342,1601,76
38342,1602,3
38342,1604,6
38342,1606,4
38342,1607,55.5
38342,1608,10
38342,1611,18
38342,1612,12
38342,1613,7
38342,1614,5
38342,1615,4
38342,1617,5
38342,1618,5
38342,1619,4
38342,1620,27
38342,1621,11
38342,1622,51.5
38342,1623,33
38342,1624,49
38342,1625,1
38342,1680,23
38342,1681,51
38342,1817,11
38342,1818,7
38342,1819,28
38342,1820,29
38342,1821,25
38342,1822,45.5
38342,1832,8
38342,1835,57
38342,1836,121.5
38342,1837,86.5
38342,1845,227
38342,1846,134
38342,1847,36
38342,1848,19
38343,1576,94.5
38343,1577,132.5
38343,1578,64
38343,1579,8
38343,1596,47
38343,1597,45
38343,1598,65
38343,1599,130.5
38343,1600,151
38343,1601,20
38343,1604,7
38343,1605,11
38343,1606,10
38343,1607,13
38343,1608,43
38343,1609,1
38343,1611,1
38343,1612,27
38343,1613,4
38343,1614,7
38343,1615,19
38343,1616,32
38343,1617,34
38343,1618,4
38343,1619,13
38343,1620,3
38343,1621,3
38343,1622,64
38343,1623,4
38343,1625,2
38343,1626,1
38343,1628,4
38343,1631,8
38343,1788,2
38343,1817,8
38343,1818,3
38343,1819,2
38343,1835,5
38343,1836,114
38343,1837,90.5
38343,1838,26
38343,1841,7
38343,1842,3
38343,1845,84.5
38343,1846,117
38343,1847,13
38344,1578,23
38344,1579,6.5
38344,1594,2
38344,1595,70
38344,1596,104
38344,1597,154
38344,1598,179
38344,1599,77
38344,1600,58
38344,1601,42
38344,1605,16
38344,1607,12
38344,1609,3
38344,1610,10
38344,1611,50.5
38344,1612,90
38344,1613,115
38344,1614,126
38344,1615,69
38344,1616,66
38344,1617,11
38344,1618,3
38344,1621,40
38344,1622,96.5
38344,1623,3
38344,1628,4
38344,1732,2
38344,1817,6.5
38344,1823,12
38344,1824,1
38344,1836,2
38344,1837,4
38344,1838,18
38344,1839,8
38344,1840,7
38344,1841,3
38344,1842,28
38344,1845,592
38344,1846,66
38345,1577,5
38345,1592,9
38345,1593,86
38345,1594,67
38345,1595,74
38345,1596,30
38345,1597,10
38345,1598,25
38345,1600,21
38345,1602,3
38345,1604,15
38345,1605,30
38345,1606,15
38345,1609,39
38345,1610,38
38345,1611,60.5
38345,1612,106.5
38345,1613,32
38345,1614,6
38345,1616,8
38345,1620,5
38345,1622,22
38345,1628,3
38345,1682,4
38345,1732,17
38345,1825,56
38345,1826,22.5
38345,1830,6
38345,1834,15
38345,1838,10
38345,1839,60
38345,1840,59
38345,1842,3
38345,1843,18
38345,1845,45
38345,1846,9
38346,1577,78.5
38346,1578,7
38346,1593,13
38346,1594,10
38346,1596,14
38346,1597,10
38346,1601,1
38346,1603,9
38346,1604,6
38346,1607,25
38346,1608,67
38346,1609,5
38346,1610,5
38346,1611,37.5
38346,1612,36
38346,1614,7
38346,1615,6
38346,1616,3
38346,1617,3.5
38346,1619,1
38346,1620,1
38346,1621,14
38346,1624,4
38346,1626,3
38346,1627,3
38346,1729,15
38346,1730,1
38346,1731,14
38346,1732,1
38346,1825,65
38346,1826,86
38346,1827,19
38346,1834,4
38346,1835,6
38346,1839,8
38346,1840,111.5
38346,1841,56
38346,1842,23
38346,1843,21
38346,1844,5
38347,1576,18
38347,1579,46.5
38347,1580,30
38347,1596,6
38347,1597,10
38347,1598,1
38347,1601,5
38347,1602,10
38347,1606,23
38347,1607,30
38347,1613,6
38347,1615,35
38347,1616,13
38347,1617,2
38347,1618,1
38347,1619,27.5
38347,1620,23
38347,1621,33
38347,1622,6
38347,1724,4
38347,1725,8
38347,1726,19.5
38347,1728,11
38347,1729,7
38347,1730,36
38347,1731,7
38347,1732,15
38347,1733,17
38347,1824,3
38347,1825,47
38347,1826,184
38347,1827,79
38347,1835,12.5
38347,1840,82
38347,1841,129
38347,1842,130
38347,1843,25
38347,1844,13
38348,1576,24
38348,1577,25.5
38348,1578,9
38348,1579,362.5
38348,1580,112.5
38348,1587,2
38348,1594,6
38348,1598,3
38348,1599,10
38348,1600,13
38348,1601,2
38348,1602,5
38348,1606,20
38348,1612,6
38348,1613,18
38348,1614,15
38348,1615,77
38348,1616,61
38348,1617,46
38348,1618,48
38348,1619,68
38348,1620,75
38348,1621,29
38348,1622,6
38348,1623,1
38348,1630,2
38348,1631,2
38348,1632,1
38348,1634,1
38348,1724,2
38348,1725,53
38348,1726,39
38348,1727,12
38348,1728,13
38348,1729,16
38348,1730,15
38348,1731,8
38348,1732,9
38348,1733,6
38348,1825,62
38348,1826,85
38348,1827,55.5
38348,1835,17
38348,1836,22
38348,1840,42
38348,1841,128
38348,1842,98
38348,1843,15
38349,1576,31
38349,1577,44.5
38349,1578,45
38349,1579,283
38349,1580,142
38349,1597,6
38349,1598,5
38349,1599,43
38349,1600,4
38349,1607,1
38349,1614,55
38349,1615,73.5
38349,1616,74
38349,1617,5
38349,1618,75
38349,1619,88.5
38349,1620,86
38349,1621,46
38349,1629,1
38349,1723,1
38349,1725,55
38349,1726,25
38349,1727,9
38349,1729,8.5
38349,1730,37
38349,1731,30
38349,1732,36
38349,1733,16
38349,1821,5
38349,1822,17
38349,1824,38
38349,1825,95
38349,1826,121
38349,1827,75
38349,1828,2
38349,1835,22
38349,1836,19
38349,1840,14
38349,1841,22
38349,1842,86.5
38350,1576,28
38350,1577,10
38350,1578,58
38350,1579,229.5
38350,1580,129.5
38350,1594,2
38350,1598,37.5
38350,1599,31
38350,1602,6
38350,1605,2
38350,1606,8
38350,1607,16
38350,1609,14
38350,1610,7
38350,1611,16
38350,1612,48
38350,1613,52
38350,1614,90
38350,1615,52
38350,1616,29
38350,1617,26
38350,1618,87
38350,1619,51
38350,1620,24
38350,1621,2
38350,1623,2
38350,1624,3
38350,1626,2
38350,1627,1
38350,1628,10
38350,1629,6
38350,1630,3
38350,1724,7
38350,1725,26
38350,1726,38
38350,1729,57
38350,1730,121
38350,1731,67
38350,1732,68.5
38350,1733,84
38350,1796,3
38350,1824,3
38350,1825,169
38350,1826,84.5
38350,1827,66
38350,1828,25
38350,1836,14
38350,1837,4
38350,1841,96
38350,1842,9
38351,1576,37
38351,1577,118
38351,1578,29
38351,1579,109
38351,1580,219.5
38351,1581,48
38351,1593,30
38351,1594,88
38351,1595,80
38351,1596,211
38351,1597,146.5
38351,1598,161.5
38351,1599,119.5
38351,1601,3
38351,1602,7
38351,1605,7
38351,1606,5
38351,1609,33
38351,1610,58.5
38351,1611,74.5
38351,1612,111.5
38351,1613,89
38351,1614,36
38351,1615,54
38351,1616,59
38351,1617,36
38351,1618,55
38351,1619,40
38351,1620,224
38351,1621,23
38351,1622,4
38351,1623,6
38351,1624,1
38351,1627,1
38351,1628,10
38351,1635,4
38351,1722,14.5
38351,1723,4
38351,1724,29
38351,1725,26
38351,1726,12
38351,1730,15
38351,1731,28
38351,1732,58
38351,1733,25
38351,1734,5
38351,1796,2
38351,1818,7
38351,1825,12
38351,1826,11
38351,1829,1
38351,1833,3
38351,1836,11
38351,1837,22.5
38352,1576,26
38352,1577,85
38352,1578,39
38352,1579,201.5
38352,1580,166.5
38352,1581,157.5
38352,1582,23.5
38352,1593,41.5
38352,1594,128.5
38352,1595,146.5
38352,1596,131.5
38352,1597,93
38352,1598,65
38352,1599,22
38352,1605,2
38352,1607,1
38352,1608,129
38352,1609,52.5
38352,1610,36
38352,1611,47.5
38352,1612,56.5
38352,1613,50
38352,1614,14
38352,1615,25
38352,1617,11
38352,1619,7.5
38352,1620,65.5
38352,1621,16
38352,1622,61
38352,1623,38.5
38352,1629,5
38352,1631,8
38352,1632,9
38352,1720,4
38352,1723,8
38352,1724,6
38352,1725,17
38352,1731,4
38352,1732,9
38352,1733,4
38352,1734,40.5
38352,1797,6
38352,1822,7
38352,1837,11
38352,1838,12
38353,1576,2
38353,1577,14
38353,1578,80.5
38353,1579,78
38353,1580,116
38353,1581,115.5
38353,1582,429.5
38353,1593,10
38353,1594,176
38353,1595,133.5
38353,1596,160
38353,1597,61
38353,1601,7
38353,1602,4
38353,1605,4
38353,1607,19
38353,1608,63
38353,1609,31
38353,1610,88.5
38353,1611,31.5
38353,1612,21
38353,1613,4
38353,1614,4
38353,1615,3.5
38353,1617,20
38353,1618,2
38353,1619,5
38353,1620,21
38353,1621,10
38353,1622,28
38353,1623,15
38353,1624,7.5
38353,1625,16
38353,1626,22
38353,1627,6
38353,1721,15
38353,1722,6
38353,1724,12
38353,1733,3
38353,1734,26
38353,1799,1
38353,1821,1
38353,1822,68
38353,1824,1
38353,1838,38
38353,1839,30
38354,1577,42
38354,1578,119
38354,1579,19
38354,1580,119
38354,1581,114.5
38354,1582,108.5
38354,1583,15.5
38354,1586,1
38354,1594,23
38354,1595,121
38354,1596,28
38354,1600,26
38354,1601,51
38354,1602,126
38354,1603,58
38354,1604,8
38354,1606,33.5
38354,1607,111
38354,1608,59
38354,1609,72
38354,1610,19
38354,1611,2
38354,1612,2
38354,1613,6
38354,1617,5
38354,1618,4
38354,1620,24
38354,1621,2
38354,1624,10
38354,1625,32
38354,1626,13
38354,1629,3
38354,1729,8
38354,1730,6
38354,1731,4
38354,1734,3
38354,1736,3
38354,1799,1
38354,1800,4
38354,1816,2
38354,1819,6
38354,1820,10
38354,1821,27
38354,1822,187.5
38354,1823,113
38354,1824,156
38354,1825,82.5
38354,1829,1
38354,1830,3
38354,1832,2
38354,1834,1
38354,1840,3
38355,1576,27
38355,1577,172
38355,1578,136
38355,1579,104.5
38355,1580,168
38355,1581,193.5
38355,1582,37
38355,1586,1
38355,1598,24
38355,1599,51
38355,1600,101
38355,1601,96.5
38355,1602,198
38355,1603,115
38355,1604,4
38355,1605,23
38355,1606,69
38355,1607,107.5
38355,1608,71
38355,1609,19
38355,1610,1
38355,1611,9
38355,1616,5
38355,1618,7
38355,1621,10
38355,1622,8
38355,1623,14
38355,1624,9
38355,1625,25
38355,1626,13
38355,1627,20
38355,1628,33
38355,1641,3
38355,1643,3
38355,1731,2
38355,1735,11
38355,1822,1
38355,1823,162
38355,1824,184.5
38355,1825,4
38355,1828,41
38355,1830,14
38356,1576,152
38356,1577,123.5
38356,1578,104
38356,1579,54
38356,1580,120.5
38356,1581,139
38356,1582,16.5
38356,1596,62
38356,1597,154
38356,1598,122
38356,1599,191
38356,1600,107.5
38356,1601,52
38356,1602,426.5
38356,1603,219.5
38356,1604,34
38356,1605,7
38356,1606,57.5
38356,1607,79
38356,1608,42
38356,1609,16
38356,1610,39.5
38356,1613,5
38356,1614,4
38356,1615,7
38356,1616,1
38356,1617,10
38356,1618,12
38356,1619,9
38356,1620,3
38356,1621,38
38356,1622,34
38356,1623,12
38356,1624,15
38356,1625,15
38356,1626,24
38356,1627,33
38356,1640,9
38356,1718,2
38356,1735,27
38356,1736,2
38356,1812,2
38356,1816,3
38356,1818,2
38356,1821,5
38356,1822,36
38356,1823,17
38356,1825,248
38356,1826,281
38356,1827,14
38356,1828,141
38356,1829,115.5
38356,1830,5
38357,1575,55
38357,1576,87
38357,1577,135
38357,1578,149
38357,1579,10.5
38357,1582,1
38357,1584,4
38357,1594,4
38357,1595,32
38357,1596,59.5
38357,1597,431.5
38357,1598,212
38357,1599,76.5
38357,1600,87.5
38357,1601,97
38357,1602,129.5
38357,1603,117
38357,1604,20
38357,1605,6
38357,1606,6
38357,1607,33.5
38357,1608,46
38357,1609,50.5
38357,1610,3
38357,1611,5
38357,1613,9
38357,1614,3
38357,1615,5
38357,1616,26
38357,1617,13
38357,1618,9
38357,1619,1
38357,1620,47
38357,1621,37
38357,1622,18
38357,1623,17
38357,1624,25
38357,1625,2
38357,1627,3
38357,1628,4
38357,1630,13
38357,1635,1
38357,1637,22
38357,1638,4
38357,1639,4
38357,1735,39
38357,1736,78
38357,1737,14
38357,1808,4
38357,1809,3
38357,1814,19
38357,1815,28
38357,1816,42
38357,1817,10
38357,1822,10
38357,1823,9
38357,1824,5
38357,1825,69.5
38357,1826,174
38357,1827,58
38357,1828,267.5
38357,1829,885.5
38357,1830,359
38357,1831,249
38357,1832,3
38357,1835,9
38357,1838,1
38358,1575,99.5
38358,1576,23
38358,1577,30
38358,1578,81
38358,1579,68.5
38358,1580,7
38358,1584,16
38358,1585,7
38358,1593,13
38358,1594,82
38358,1595,103
38358,1596,372.5
38358,1597,146
38358,1598,113.5
38358,1599,61
38358,1600,59
38358,1601,50
38358,1602,116
38358,1603,57
38358,1605,104.5
38358,1606,81
38358,1607,89
38358,1608,91
38358,1609,206.5
38358,1610,4
38358,1612,26
38358,1613,13
38358,1614,7
38358,1615,12
38358,1616,14
38358,1617,7
38358,1618,32
38358,1619,3
38358,1621,52
38358,1622,74.5
38358,1623,21
38358,1624,9
38358,1625,12
38358,1627,8
38358,1633,7
38358,1634,1
38358,1637,5
38358,1638,20
38358,1639,5
38358,1701,2
38358,1733,21
38358,1735,20
38358,1736,94
38358,1737,11
38358,1809,2
38358,1813,4
38358,1814,27
38358,1815,168
38358,1816,199.5
38358,1817,55
38358,1818,20
38358,1819,8
38358,1822,103
38358,1823,37
38358,1824,22
38358,1825,131
38358,1826,82.5
38358,1827,49
38358,1828,118
38358,1829,289
38358,1830,218
38358,1831,227.5
38358,1832,74.5
38358,1833,137.5
38358,1834,40
38359,1574,64
38359,1575,105.5
38359,1576,9
38359,1577,8
38359,1578,5
38359,1581,7
38359,1583,3
38359,1584,5
38359,1585,6.5
38359,1591,11
38359,1592,141.5
38359,1593,79.5
38359,1594,71.5
38359,1595,170
38359,1596,49.5
38359,1597,115.5
38359,1598,67
38359,1599,1
38359,1600,5
38359,1601,6
38359,1605,7
38359,1606,43
38359,1607,173
38359,1608,131
38359,1609,81.5
38359,1610,15
38359,1611,13
38359,1612,17
38359,1613,29
38359,1614,16
38359,1615,13
38359,1616,4.5
38359,1617,6
38359,1618,44
38359,1619,17
38359,1620,2
38359,1621,48.5
38359,1622,37
38359,1623,20
38359,1624,44
38359,1625,18
38359,1629,11
38359,1632,6.5
38359,1633,12
38359,1637,2
38359,1638,1
38359,1699,7
38359,1700,19
38359,1701,13
38359,1714,4
38359,1734,3
38359,1735,10
38359,1736,62
38359,1737,54
38359,1738,9
38359,1803,12
38359,1804,16
38359,1810,1
38359,1815,9
38359,1816,29
38359,1817,31.5
38359,1818,21
38359,1819,6
38359,1820,23
38359,1821,4
38359,1822,13
38359,1823,88
38359,1824,69
38359,1825,82.5
38359,1826,42
38359,1827,19
38359,1828,104
38359,1829,211
38359,1830,259
38359,1831,378.5
38359,1832,70
38359,1833,113
38359,1834,313.5
38359,1835,35
38359,1836,21
38359,1837,14
38360,1573,8.5
38360,1574,72
38360,1575,50.5
38360,1576,32
38360,1577,1
38360,1579,4
38360,1582,5
38360,1584,5
38360,1585,14
38360,1588,1
38360,1591,11
38360,1592,167
38360,1593,434
38360,1594,235
38360,1595,64
38360,1596,17
38360,1597,56
38360,1598,314.5
38360,1599,5
38360,1601,2
38360,1603,35
38360,1604,18
38360,1605,3
38360,1606,44
38360,1607,176
38360,1608,54
38360,1612,8
38360,1614,19
38360,1615,31
38360,1616,11
38360,1617,12
38360,1618,41
38360,1619,32
38360,1620,24
38360,1621,41
38360,1622,3
38360,1623,5
38360,1624,8
38360,1625,16
38360,1626,9
38360,1627,18
38360,1629,17
38360,1630,59
38360,1631,67
38360,1632,21
38360,1699,2
38360,1700,51
38360,1701,23
38360,1702,7
38360,1703,2
38360,1734,3
38360,1735,8
38360,1736,89.5
38360,1737,11
38360,1804,38
38360,1805,21
38360,1808,3
38360,1809,3
38360,1811,10
38360,1812,44
38360,1813,10
38360,1815,49
38360,1818,10
38360,1819,12
38360,1820,59
38360,1821,55
38360,1822,35
38360,1823,27.5
38360,1828,14
38360,1829,41
38360,1830,156.5
38360,1831,154
38360,1832,32
38360,1833,4
38360,1834,139
38360,1835,352.5
38360,1836,508
38360,1837,6
38361,1573,33
38361,1574,69.5
38361,1575,64
38361,1576,80.5
38361,1577,75.5
38361,1578,4
38361,1580,1
38361,1584,28.5
38361,1585,47.5
38361,1587,1
38361,1588,2
38361,1591,10
38361,1592,43
38361,1593,186
38361,1594,138
38361,1595,62.5
38361,1596,50
38361,1597,82
38361,1598,323
38361,1599,96.5
38361,1600,17
38361,1601,13.5
38361,1602,47
38361,1603,28
38361,1604,17
38361,1605,18.5
38361,1606,12
38361,1607,46
38361,1608,13
38361,1611,1
38361,1614,8
38361,1615,83
38361,1616,97.5
38361,1617,53
38361,1618,10
38361,1619,18
38361,1620,39
38361,1621,86.5
38361,1622,12
38361,1623,16
38361,1624,18
38361,1625,11.5
38361,1626,30
38361,1627,73
38361,1628,80
38361,1629,47
38361,1630,6
38361,1631,4
38361,1632,1
38361,1640,2
38361,1671,15
38361,1700,20
38361,1701,54
38361,1703,6
38361,1704,14
38361,1705,2
38361,1736,24
38361,1737,1
38361,1803,3
38361,1804,51
38361,1805,18
38361,1810,5
38361,1811,1
38361,1812,5
38361,1813,3
38361,1814,23
38361,1819,4
38361,1820,27
38361,1821,4
38361,1822,5
38361,1830,4
38361,1831,31
38361,1832,50
38361,1834,243
38361,1835,182
38361,1836,172.5
38361,1837,132.5
38362,1573,47.5
38362,1574,75.5
38362,1575,293
38362,1576,9
38362,1577,121
38362,1580,2
38362,1583,6
38362,1584,7
38362,1585,6
38362,1591,28
38362,1592,62
38362,1593,65
38362,1595,9
38362,1596,29
38362,1597,4
38362,1599,157
38362,1600,105.5
38362,1601,40
38362,1602,36
38362,1603,56.5
38362,1604,55
38362,1605,10
38362,1606,45.5
38362,1607,2
38362,1611,4
38362,1613,4
38362,1614,56
38362,1615,71.5
38362,1616,109
38362,1617,149
38362,1618,43.5
38362,1619,54
38362,1620,97
38362,1621,59
38362,1622,61
38362,1623,50
38362,1624,7
38362,1625,25
38362,1626,15
38362,1627,48
38362,1628,24
38362,1629,12
38362,1631,1
38362,1634,1
38362,1700,12
38362,1701,28
38362,1702,11
38362,1704,12
38362,1705,4
38362,1728,10
38362,1736,9
38362,1737,1
38362,1804,62.5
38362,1805,23
38362,1817,6
38362,1818,8
38362,1819,10
38362,1820,1
38362,1822,2
38362,1830,1
38362,1831,2
38362,1832,41
38362,1833,39
38362,1834,42
38362,1835,319.5
38362,1836,68
38362,1837,9
38363,1573,26.5
38363,1574,44.5
38363,1575,27
38363,1576,50
38363,1577,68
38363,1579,16
38363,1583,10
38363,1586,2
38363,1587,5
38363,1594,9.5
38363,1595,14
38363,1598,6
38363,1599,92
38363,1600,47
38363,1601,87
38363,1602,82
38363,1603,247.5
38363,1604,81
38363,1605,30
38363,1606,23
38363,1611,16
38363,1612,11
38363,1613,20
38363,1614,70
38363,1615,94.5
38363,1616,125
38363,1617,255
38363,1618,174
38363,1619,100
38363,1620,62
38363,1621,93.5
38363,1622,85
38363,1623,32
38363,1624,12
38363,1625,22
38363,1626,7
38363,1628,12
38363,1629,9
38363,1630,17
38363,1631,19
38363,1632,6
38363,1633,1
38363,1671,1
38363,1700,16
38363,1701,32
38363,1702,15
38363,1704,9
38363,1705,2
38363,1706,10
38363,1726,3
38363,1728,4
38363,1738,5
38363,1804,22
38363,1805,48
38363,1806,2
38363,1818,50
38363,1819,9
38363,1828,10
38363,1829,8
38363,1830,14
38363,1831,18
38363,1832,169
38363,1833,7
38363,1834,201
38363,1835,306
38363,1836,189.5
38363,1837,18
38364,1574,21
38364,1575,40
38364,1576,67
38364,1577,6
38364,1579,1
38364,1580,2
38364,1582,3
38364,1585,8
38364,1594,2
38364,1598,8
38364,1599,52
38364,1600,131
38364,1601,186.5
38364,1602,144
38364,1603,123
38364,1604,7
38364,1605,10
38364,1607,3
38364,1608,5.5
38364,1609,4
38364,1610,2
38364,1611,1
38364,1612,7
38364,1613,38
38364,1614,109.5
38364,1615,185
38364,1616,68
38364,1617,70
38364,1618,31
38364,1619,23
38364,1620,20.5
38364,1621,96.5
38364,1622,67
38364,1623,16.5
38364,1624,10
38364,1625,5
38364,1627,2
38364,1628,18.5
38364,1629,5
38364,1630,2
38364,1701,20
38364,1702,9
38364,1703,4
38364,1704,3
38364,1730,2
38364,1738,7
38364,1739,16
38364,1805,4
38364,1827,3
38364,1828,4
38364,1829,142
38364,1830,1
38364,1831,134
38364,1832,473
38364,1833,238.5
38364,1834,349
38364,1835,334.5
38364,1836,62.5
38365,1575,4
38365,1576,30
38365,1577,11
38365,1580,2.5
38365,1582,8
38365,1584,8
38365,1585,5
38365,1586,1
38365,1592,4
38365,1598,45
38365,1599,108.5
38365,1600,207
38365,1601,122
38365,1602,6
38365,1603,35
38365,1604,9
38365,1605,2
38365,1610,4
38365,1611,35
38365,1612,71
38365,1613,55.5
38365,1614,303.5
38365,1615,67.5
38365,1616,53
38365,1617,46
38365,1618,8
38365,1620,5
38365,1621,17
38365,1622,51
38365,1628,1
38365,1630,2
38365,1671,4
38365,1701,4
38365,1702,24.5
38365,1703,27.5
38365,1704,9
38365,1705,5
38365,1706,12
38365,1707,11
38365,1708,1
38365,1710,2
38365,1726,16
38365,1727,24
38365,1730,3
38365,1731,5
38365,1734,21
38365,1735,10
38365,1736,6
38365,1737,24
38365,1738,5
38365,1739,11
38365,1740,21
38365,1806,18
38365,1807,21
38365,1808,4
38365,1810,8
38365,1828,637
38365,1829,42
38365,1830,370
38365,1831,26
38365,1832,453.5
38365,1833,271.5
38365,1834,74.5
38365,1835,83
38366,1576,6
38366,1577,27
38366,1578,117
38366,1579,197.5
38366,1580,204
38366,1581,66
38366,1582,2
38366,1584,2
38366,1585,2
38366,1598,129.5
38366,1599,321
38366,1600,127.5
38366,1601,15.5
38366,1602,29
38366,1603,7
38366,1604,41
38366,1606,3
38366,1607,3
38366,1611,4.5
38366,1612,23
38366,1613,77
38366,1614,104.5
38366,1615,48
38366,1616,48
38366,1617,26
38366,1618,1
38366,1619,1
38366,1620,4
38366,1621,5
38366,1623,14
38366,1624,12
38366,1628,2
38366,1629,4
38366,1701,4
38366,1702,18
38366,1703,17
38366,1704,8
38366,1705,12
38366,1706,3
38366,1707,8
38366,1708,14
38366,1709,5
38366,1710,2
38366,1724,15
38366,1725,12
38366,1726,2
38366,1728,2
38366,1730,8
38366,1733,14
38366,1734,36
38366,1735,66
38366,1736,81
38366,1737,62.5
38366,1738,10
38366,1739,25
38366,1740,27
38366,1741,5
38366,1807,56
38366,1808,107
38366,1809,66
38366,1810,63.5
38366,1811,44
38366,1812,7
38366,1819,5
38366,1821,2
38366,1823,13
38366,1824,84
38366,1826,2
38366,1828,29
38366,1829,76
38366,1830,312
38366,1831,95
38366,1832,221
38366,1833,420
38366,1834,46
38366,1835,349
38367,1577,10.5
38367,1578,122
38367,1579,255
38367,1580,74
38367,1581,3
38367,1583,6
38367,1597,38
38367,1598,167.5
38367,1599,152.5
38367,1600,114.5
38367,1601,101
38367,1603,6
38367,1604,3
38367,1607,109
38367,1608,155.5
38367,1610,6
38367,1611,11
38367,1612,9
38367,1613,9
38367,1614,7
38367,1615,8
38367,1616,55
38367,1621,3
38367,1622,18
38367,1623,36
38367,1626,4
38367,1627,3
38367,1629,4
38367,1632,6
38367,1635,4
38367,1704,8
38367,1705,52
38367,1706,14
38367,1707,15
38367,1708,11
38367,1709,4
38367,1710,3
38367,1721,4
38367,1722,10
38367,1723,35
38367,1724,52
38367,1725,7
38367,1727,55.5
38367,1728,10
38367,1730,6
38367,1731,4
38367,1733,17
38367,1734,26
38367,1735,6
38367,1736,12
38367,1737,11
38367,1738,5
38367,1739,3
38367,1740,13
38367,1807,22
38367,1808,47
38367,1810,133
38367,1811,163
38367,1812,89
38367,1813,11
38367,1818,9
38367,1821,31
38367,1822,18
38367,1823,150
38367,1824,223.5
38367,1825,71.5
38367,1826,2
38367,1827,10
38367,1828,218.5
38367,1829,278.5
38367,1830,59.5
38367,1831,39.5
38367,1833,2
38367,1834,12
38368,1578,76
38368,1579,29
38368,1580,50
38368,1583,1
38368,1597,209.5
38368,1598,55
38368,1599,151
38368,1601,11
38368,1602,65.5
38368,1603,61
38368,1604,10
38368,1607,11
38368,1608,163
38368,1609,244
38368,1610,22
38368,1611,22
38368,1612,8
38368,1613,11
38368,1614,3
38368,1615,63
38368,1616,32
38368,1617,7
38368,1619,4
38368,1620,53
38368,1621,139.5
38368,1622,24
38368,1623,8
38368,1624,6
38368,1627,6
38368,1632,9
38368,1686,23
38368,1705,15
38368,1706,3
38368,1707,16
38368,1708,7
38368,1709,12
38368,1710,1
38368,1718,2
38368,1719,6
38368,1721,2
38368,1722,8
38368,1723,115
38368,1724,35
38368,1725,9
38368,1726,16
38368,1727,13
38368,1728,13
38368,1729,12
38368,1730,13
38368,1733,8
38368,1734,18
38368,1735,28
38368,1736,32
38368,1737,107
38368,1738,9
38368,1740,6
38368,1741,3
38368,1811,2
38368,1812,90
38368,1813,19
38368,1815,54
38368,1816,37
38368,1818,3
38368,1821,37
38368,1822,29
38368,1823,61.5
38368,1824,130
38368,1825,123
38368,1826,119.5
38368,1827,41
38368,1828,29
38368,1829,301.5
38368,1830,222
38368,1831,93.5
38368,1832,165
38369,1579,35
38369,1580,24
38369,1597,15
38369,1598,198
38369,1599,196.5
38369,1600,56.5
38369,1601,96.5
38369,1602,288.5
38369,1603,70
38369,1604,8
38369,1607,13
38369,1608,124.5
38369,1609,89
38369,1610,47
38369,1611,73.5
38369,1612,34
38369,1613,20
38369,1614,8
38369,1615,1
38369,1616,10
38369,1619,64.5
38369,1620,102
38369,1621,38
38369,1622,3
38369,1628,5
38369,1634,5
38369,1705,24
38369,1706,21
38369,1707,16
38369,1708,13
38369,1709,6
38369,1722,19
38369,1723,79
38369,1724,28
38369,1725,38
38369,1726,16
38369,1727,20
38369,1729,2
38369,1730,5
38369,1731,4
38369,1733,9.5
38369,1734,9
38369,1735,11
38369,1737,5
38369,1738,8
38369,1740,4
38369,1741,15
38369,1812,71
38369,1816,7
38369,1817,59
38369,1818,58.5
38369,1819,204
38369,1820,201
38369,1821,99
38369,1822,73
38369,1823,25
38369,1824,37
38369,1825,49
38369,1826,158.5
38369,1827,74
38369,1828,45
38369,1829,271
38369,1830,90
38369,1831,128
38370,1579,2
38370,1581,5
38370,1597,93.5
38370,1598,399.5
38370,1599,582
38370,1600,88
38370,1601,96
38370,1602,145
38370,1603,62
38370,1606,4
38370,1608,53
38370,1609,65.5
38370,1610,75
38370,1611,3
38370,1612,8
38370,1613,19
38370,1614,4
38370,1616,1
38370,1617,4
38370,1618,4
38370,1619,111
38370,1620,19
38370,1636,3
38370,1705,4
38370,1706,12
38370,1707,14
38370,1708,8
38370,1720,4
38370,1723,23
38370,1724,73
38370,1725,129
38370,1726,59
38370,1727,19
38370,1731,7
38370,1732,5
38370,1733,5
38370,1734,9
38370,1735,3
38370,1736,6
38370,1737,4
38370,1738,3
38370,1740,9
38370,1741,32
38370,1742,20
38370,1817,48
38370,1818,117.5
38370,1819,79
38370,1820,28
38370,1824,3
38370,1826,90
38370,1827,148.5
38370,1828,69
38370,1829,16
38370,1830,14
38370,1831,2
38371,1597,249
38371,1598,390
38371,1599,219.5
38371,1600,160.5
38371,1601,244
38371,1602,125
38371,1603,21
38371,1608,20
38371,1609,107.5
38371,1610,95
38371,1611,157
38371,1612,82
38371,1613,76.5
38371,1614,32
38371,1615,21
38371,1616,3
38371,1618,135
38371,1619,106
38371,1620,4
38371,1625,1
38371,1635,1.5
38371,1706,23
38371,1707,22
38371,1709,1
38371,1724,53
38371,1725,28
38371,1726,40
38371,1727,22
38371,1728,7
38371,1729,11
38371,1740,11
38371,1741,45
38371,1742,79
38371,1743,55
38371,1816,46
38371,1817,23
38371,1818,23
38371,1819,36
38371,1820,30
38371,1821,9
38371,1822,61
38371,1823,41
38371,1824,5
38371,1825,2
38371,1827,94
38371,1828,1
38372,1591,17
38372,1597,2
38372,1598,287
38372,1599,211
38372,1600,185.5
38372,1601,336
38372,1602,68.5
38372,1609,97.5
38372,1610,96.5
38372,1611,76
38372,1612,57
38372,1613,20
38372,1614,19
38372,1615,60.5
38372,1616,67
38372,1617,92
38372,1618,116.5
38372,1619,10
38372,1621,2
38372,1622,14
38372,1623,41
38372,1624,4
38372,1625,3
38372,1628,8
38372,1630,1
38372,1631,1
38372,1639,13
38372,1705,3
38372,1706,2
38372,1707,4
38372,1715,1
38372,1731,1
38372,1736,1
38372,1737,1
38372,1738,8
38372,1739,21
38372,1740,2
38372,1741,2
38372,1742,11
38372,1743,14
38372,1744,12
38372,1809,1
38372,1822,39
38372,1823,67
38372,1824,62
38372,1826,5
38372,1827,1
38373,1597,8
38373,1598,148.5
38373,1599,7
38373,1600,41
38373,1608,2
38373,1609,66
38373,1610,107
38373,1611,103.5
38373,1612,30
38373,1613,59
38373,1614,121
38373,1615,17
38373,1616,65
38373,1617,105
38373,1618,11
38373,1620,12
38373,1621,76
38373,1622,12
38373,1623,22
38373,1626,4
38373,1627,35
38373,1636,1
38373,1640,2
38373,1680,35.5
38373,1706,8
38373,1737,3
38373,1738,46
38373,1739,22
38373,1740,9
38373,1742,10
38373,1743,16
38373,1744,15.5
38373,1823,84
38373,1824,28
38373,1825,54.5
38373,1826,52
38374,1597,48
38374,1598,150.5
38374,1608,2
38374,1609,101
38374,1610,47
38374,1612,60
38374,1613,145
38374,1614,37.5
38374,1615,38
38374,1616,83
38374,1617,97.5
38374,1618,5
38374,1619,10
38374,1620,9
38374,1621,22
38374,1624,4
38374,1625,5
38374,1626,15
38374,1628,2
38374,1631,6
38374,1632,15
38374,1636,2
38374,1637,3
38374,1638,2
38374,1712,2
38374,1714,2
38374,1715,1
38374,1716,7
38374,1717,16
38374,1718,26
38374,1737,5
38374,1738,24
38374,1739,2
38374,1740,28
38374,1741,5
38374,1742,2
38374,1743,110
38374,1744,71.5
38374,1745,2
38374,1747,6
38374,1821,32
38374,1822,51
38374,1823,48
38374,1824,34
38374,1825,54
38374,1826,37
38375,1601,5
38375,1602,9
38375,1603,46
38375,1604,40
38375,1605,63.5
38375,1606,134.5
38375,1608,20
38375,1609,96
38375,1610,57
38375,1612,104
38375,1613,75.5
38375,1614,4
38375,1615,3
38375,1616,21
38375,1617,7
38375,1618,32
38375,1619,47
38375,1620,1
38375,1624,10
38375,1625,5
38375,1626,20
38375,1627,18
38375,1630,5
38375,1631,41
38375,1633,1
38375,1635,2
38375,1636,12
38375,1711,3
38375,1715,7
38375,1716,11
38375,1718,18
38375,1719,44.5
38375,1720,10
38375,1721,29.5
38375,1737,15
38375,1739,16
38375,1740,11
38375,1741,18
38375,1742,7
38375,1743,15
38375,1744,88
38375,1745,11
38375,1747,7
38375,1822,7
38375,1824,225
38375,1825,117
38375,1826,22
38376,1596,42
38376,1597,64.5
38376,1598,216
38376,1599,91.5
38376,1600,95.5
38376,1601,35
38376,1602,2
38376,1603,44.5
38376,1604,164.5
38376,1605,204
38376,1606,484.5
38376,1607,99
38376,1608,30
38376,1609,6
38376,1611,1
38376,1612,14
38376,1615,52
38376,1616,4
38376,1618,112.5
38376,1619,147.5
38376,1620,27
38376,1624,1
38376,1625,1
38376,1626,7
38376,1627,12
38376,1628,16
38376,1629,4
38376,1630,14
38376,1631,57
38376,1632,2
38376,1633,6
38376,1634,22
38376,1635,17
38376,1636,12
38376,1716,2
38376,1717,10
38376,1719,25
38376,1720,21
38376,1721,30
38376,1736,29
38376,1738,12
38376,1741,1
38376,1742,20
38376,1743,30
38376,1744,52
38376,1745,98
38376,1746,11
38376,1747,4
38376,1748,5
38376,1749,2
38376,1824,153
38376,1825,51
38377,1597,53
38377,1598,146
38377,1599,182.5
38377,1600,103.5
38377,1601,88
38377,1602,6
38377,1603,8.5
38377,1604,199
38377,1605,63
38377,1606,189
38377,1607,107
38377,1610,21
38377,1614,3
38377,1619,54.5
38377,1620,50
38377,1621,6
38377,1624,5
38377,1625,8
38377,1626,73
38377,1627,89
38377,1628,48
38377,1629,5
38377,1630,28
38377,1631,3
38377,1632,4
38377,1633,15
38377,1634,11
38377,1635,17
38377,1636,18
38377,1641,4
38377,1711,9
38377,1712,47
38377,1713,4
38377,1715,6
38377,1718,102
38377,1722,41
38377,1735,9
38377,1736,3
38377,1737,1
38377,1743,5
38377,1744,27
38377,1745,30
38377,1746,20
38377,1747,3
38377,1748,11
38377,1749,1
38377,1816,2
38377,1817,7
38377,1824,28
38378,1598,24
38378,1599,161.5
38378,1600,186
38378,1601,144.5
38378,1602,143.5
38378,1603,19
38378,1606,15
38378,1607,19
38378,1608,31
38378,1609,19
38378,1610,73
38378,1611,32
38378,1621,54
38378,1623,6
38378,1625,4
38378,1626,21.5
38378,1627,82.5
38378,1628,130.5
38378,1629,63
38378,1630,3
38378,1631,1
38378,1632,18
38378,1633,7
38378,1634,40
38378,1635,4
38378,1636,8
38378,1638,4
38378,1709,9
38378,1710,4
38378,1711,11
38378,1713,4
38378,1714,3
38378,1715,6
38378,1724,14
38378,1741,2
38378,1742,3
38378,1745,1
38378,1815,11
38378,1816,59.5
38378,1817,95
38378,1818,11.5
38378,1820,4
38379,1599,8.5
38379,1600,23
38379,1601,129
38379,1602,212.5
38379,1603,118.5
38379,1609,71
38379,1610,154
38379,1611,62
38379,1613,4
38379,1622,246
38379,1623,194
38379,1624,4
38379,1625,17
38379,1626,69
38379,1627,67
38379,1628,63
38379,1629,20
38379,1630,8
38379,1633,63
38379,1638,3
38379,1639,3
38379,1640,7
38379,1642,3
38379,1716,1
38379,1783,5
38379,1817,62
38379,1818,7.5
38379,1819,102
38379,1820,131.5
38379,1821,113
38379,1822,6
38379,1824,38
38380,1601,13
38380,1602,75
38380,1603,102
38380,1604,89.5
38380,1605,25
38380,1611,3
38380,1614,3
38380,1622,3
38380,1623,2
38380,1624,13
38380,1625,9
38380,1626,68
38380,1627,42
38380,1628,24
38380,1629,21
38380,1630,2
38380,1632,11
38380,1633,16
38380,1634,30
38380,1635,4
38380,1637,3
38380,1641,4
38380,1752,4
38380,1753,5
38380,1798,4
38380,1815,8
38380,1816,43
38380,1819,62
38380,1820,129
38380,1821,182
38380,1822,132.5
38380,1823,22
38380,1824,78.5
38381,1602,4
38381,1603,180.5
38381,1604,139
38381,1605,462.5
38381,1606,10
38381,1609,3.5
38381,1614,4
38381,1617,2
38381,1618,4
38381,1623,3
38381,1624,15
38381,1625,46
38381,1626,95
38381,1627,98.5
38381,1628,27
38381,1629,14
38381,1630,19.5
38381,1632,58
38381,1633,6
38381,1634,57.5
38381,1635,74
38381,1637,36
38381,1638,13
38381,1754,7
38381,1784,7
38381,1804,6
38381,1810,13
38381,1820,54
38381,1821,80
38381,1822,92
38381,1823,60
38381,1824,22.5
38382,1603,2
38382,1604,106.5
38382,1605,76
38382,1606,74
38382,1614,5
38382,1616,22
38382,1617,7
38382,1619,5
38382,1625,22
38382,1626,45
38382,1627,43
38382,1628,239.5
38382,1629,25
38382,1630,6
38382,1631,28
38382,1632,63
38382,1633,34
38382,1634,116.5
38382,1635,31
38382,1636,20.5
38382,1637,5
38382,1640,4
38382,1755,1
38382,1783,4
38382,1800,3
38382,1805,3
38382,1816,8
38382,1817,58.5
38382,1818,70.5
38382,1819,5
38382,1820,5
38382,1821,27
38382,1822,172
38382,1823,33
38383,1604,31
38383,1605,378
38383,1606,234
38383,1607,25
38383,1618,2
38383,1624,27
38383,1625,20
38383,1626,90
38383,1627,93.5
38383,1628,90.5
38383,1629,29
38383,1630,115
38383,1631,34
38383,1632,52
38383,1633,123
38383,1634,12
38383,1635,20
38383,1636,9
38383,1638,2
38383,1639,3
38383,1783,3
38383,1784,2
38383,1787,1
38383,1800,1
38383,1803,3
38383,1804,1
38383,1805,8
38383,1808,12
38383,1809,31
38383,1810,46
38383,1811,44.5
38383,1814,13
38383,1815,52
38383,1816,144
38383,1817,128.5
38383,1818,137
38384,1605,250
38384,1606,124
38384,1607,5
38384,1617,6
38384,1625,12
38384,1626,98
38384,1627,98.5
38384,1628,34
38384,1629,63
38384,1630,143
38384,1631,102
38384,1632,143
38384,1633,12
38384,1634,14
38384,1635,29
38384,1636,4
38384,1638,11
38384,1757,6
38384,1758,14
38384,1759,9
38384,1766,10
38384,1767,3
38384,1784,2
38384,1786,1
38384,1788,9
38384,1799,15
38384,1800,18
38384,1806,16
38384,1807,2
38384,1808,25
38384,1809,79
38384,1810,13
38384,1811,18
38384,1814,239
38384,1815,155
38384,1816,246
38384,1817,133
38384,1818,134
38384,1819,109
38384,1820,71
38384,1821,96.5
38384,1822,95
38384,1823,20
38385,1605,6
38385,1606,112.5
38385,1607,82
38385,1608,29.5
38385,1619,16
38385,1620,10
38385,1624,41
38385,1625,15
38385,1626,60.5
38385,1627,34
38385,1628,55
38385,1629,44
38385,1630,83
38385,1631,41
38385,1632,73.5
38385,1633,80
38385,1634,48
38385,1635,12
38385,1637,3
38385,1638,8
38385,1639,11
38385,1758,7
38385,1759,3
38385,1761,6
38385,1763,3
38385,1764,2
38385,1766,15
38385,1767,8
38385,1768,15
38385,1775,1
38385,1785,3
38385,1789,2
38385,1790,6
38385,1799,11
38385,1800,17
38385,1801,4
38385,1805,13
38385,1807,13
38385,1808,28
38385,1809,39
38385,1812,11.5
38385,1813,20
38385,1814,73
38385,1815,52
38385,1816,107
38385,1817,106.5
38385,1818,88.5
38385,1819,122
38385,1820,342
38385,1821,126
38385,1822,263
38385,1823,141
38385,1824,22
38386,1606,103
38386,1607,160
38386,1608,92
38386,1619,11
38386,1621,64
38386,1624,3
38386,1625,13
38386,1626,17
38386,1627,72.5
38386,1628,207
38386,1629,79.5
38386,1630,77
38386,1631,48
38386,1632,90
38386,1633,104
38386,1634,92.5
38386,1636,2
38386,1639,10
38386,1641,1
38386,1761,11
38386,1762,4
38386,1766,4
38386,1768,7
38386,1778,4
38386,1786,5
38386,1789,17
38386,1792,6
38386,1793,4
38386,1797,4
38386,1800,27
38386,1805,60
38386,1806,116.5
38386,1807,40
38386,1808,4
38386,1812,223
38386,1813,109.5
38386,1814,140
38386,1815,32
38386,1816,13
38386,1817,162
38386,1818,237
38386,1819,716
38386,1820,97
38386,1821,306.5
38386,1822,108.5
38386,1823,95
38386,1824,38
38387,1606,16
38387,1607,87
38387,1608,426.5
38387,1609,60
38387,1621,54
38387,1622,7
38387,1625,3
38387,1626,46
38387,1627,50
38387,1628,71.5
38387,1629,165
38387,1630,64
38387,1631,94.5
38387,1632,82.5
38387,1633,124
38387,1634,25
38387,1635,4
38387,1636,10
38387,1638,21
38387,1773,5
38387,1774,4
38387,1777,3
38387,1788,13
38387,1789,6
38387,1791,12
38387,1802,4
38387,1803,3
38387,1805,1
38387,1812,85
38387,1813,303
38387,1814,132
38387,1815,134
38387,1816,5
38387,1817,2
38387,1818,1
38387,1819,50
38387,1820,43
38387,1821,3
38387,1823,43.5
38388,1607,111
38388,1608,100.5
38388,1609,63
38388,1621,8
38388,1622,13
38388,1625,8
38388,1626,9
38388,1627,19
38388,1628,167.5
38388,1629,163.5
38388,1630,98.5
38388,1631,82
38388,1632,40.5
38388,1633,97
38388,1634,13
38388,1635,4
38388,1636,5
38388,1637,46
38388,1638,42
38388,1775,6
38388,1777,2
38388,1787,2
38388,1788,3
38388,1789,4
38388,1790,3
38388,1791,3
38388,1792,6
38388,1793,3
38388,1804,4
38388,1805,13
38388,1812,177.5
38388,1813,114
38388,1814,174.5
38388,1815,194.5
38388,1820,7
38388,1821,7
38389,1607,46.5
38389,1608,111.5
38389,1609,151.5
38389,1616,2
38389,1617,2
38389,1622,8
38389,1625,49.5
38389,1626,135.5
38389,1627,84.5
38389,1628,132.5
38389,1629,98
38389,1630,59
38389,1631,121
38389,1632,35
38389,1633,2
38389,1635,5
38389,1637,23
38389,1776,1
38389,1777,1
38389,1778,7
38389,1788,7
38389,1789,1
38389,1804,1
38389,1810,3
38389,1811,21
38389,1812,106
38389,1813,167
38389,1814,98
38389,1815,140.5
38390,1607,43
38390,1608,197
38390,1609,17
38390,1610,3
38390,1616,18
38390,1622,4
38390,1623,3
38390,1624,26
38390,1625,89
38390,1626,31
38390,1627,60.5
38390,1628,82
38390,1629,107.5
38390,1630,266
38390,1631,209
38390,1632,45.5
38390,1633,62.5
38390,1634,11
38390,1636,44
38390,1637,7
38390,1776,11
38390,1792,3
38390,1793,7
38390,1812,345.5
38390,1813,291
38390,1814,53
38390,1815,136.5
38390,1816,18
38391,1609,44
38391,1610,23
38391,1612,1
38391,1613,49
38391,1614,6
38391,1615,31
38391,1616,37
38391,1623,3.5
38391,1624,2
38391,1625,20
38391,1626,16
38391,1627,141.5
38391,1628,114.5
38391,1629,90.5
38391,1630,14
38391,1631,84.5
38391,1632,54
38391,1633,67.5
38391,1634,33
38391,1635,43
38391,1636,51
38391,1640,2
38391,1658,5
38391,1659,7
38391,1776,3
38391,1780,14.5
38391,1781,7
38391,1782,4
38391,1787,3
38391,1788,7
38391,1789,3
38391,1791,3
38391,1796,1
38391,1806,9
38391,1807,2
38391,1812,59.5
38391,1813,67
38391,1814,24
38391,1815,118.5
38391,1818,1
38392,1607,15
38392,1608,35.5
38392,1609,229
38392,1610,158
38392,1611,23
38392,1612,43
38392,1613,239.5
38392,1614,125.5
38392,1615,52
38392,1616,44.5
38392,1622,6
38392,1623,10
38392,1626,91.5
38392,1627,124.5
38392,1628,110
38392,1629,128
38392,1630,48
38392,1631,163.5
38392,1632,131.5
38392,1633,126
38392,1634,20
38392,1635,105
38392,1636,2
38392,1639,2
38392,1640,7
38392,1657,44
38392,1658,65
38392,1659,72.5
38392,1660,29
38392,1662,24
38392,1663,2
38392,1664,6
38392,1665,3
38392,1775,4
38392,1780,5
38392,1781,28
38392,1782,17
38392,1783,6
38392,1788,15
38392,1789,21
38392,1790,7
38392,1791,3
38392,1794,2
38392,1795,14
38392,1796,9
38392,1804,6
38392,1812,40
38392,1813,27
38392,1815,2
38392,1816,2
38393,1607,151.5
38393,1608,440.5
38393,1609,189
38393,1610,168.5
38393,1611,7
38393,1613,96
38393,1614,21
38393,1622,17
38393,1623,15.5
38393,1625,4
38393,1626,68
38393,1627,85.5
38393,1628,92.5
38393,1629,46
38393,1630,105
38393,1631,158.5
38393,1632,162
38393,1633,146
38393,1634,96
38393,1635,24
38393,1638,22.5
38393,1639,41.5
38393,1640,14
38393,1656,9
38393,1657,64.5
38393,1658,70.5
38393,1659,45
38393,1660,62.5
38393,1661,35
38393,1662,34
38393,1663,43.5
38393,1664,37
38393,1665,35
38393,1777,15
38393,1779,4
38393,1782,4
38393,1783,5
38393,1784,12
38393,1785,1
38393,1788,3
38393,1789,216
38393,1790,46.5
38393,1791,3
38393,1792,2
38393,1793,4
38393,1794,26.5
38393,1795,46.5
38394,1608,51.5
38394,1609,85.5
38394,1610,5
38394,1625,12
38394,1626,28
38394,1627,56
38394,1628,43
38394,1629,267.5
38394,1630,133
38394,1631,133.5
38394,1632,237.5
38394,1633,138.5
38394,1634,50.5
38394,1636,101
38394,1637,64
38394,1639,28
38394,1640,7
38394,1642,5
38394,1654,35
38394,1655,33
38394,1656,50
38394,1657,60
38394,1658,22
38394,1659,48
38394,1660,37
38394,1661,114.5
38394,1662,84
38394,1663,31
38394,1664,37.5
38394,1665,15
38394,1666,20.5
38394,1759,1
38394,1776,7
38394,1779,5
38394,1780,14
38394,1781,17
38394,1782,51.5
38394,1784,3
38394,1785,2
38394,1786,27
38394,1787,13
38394,1790,13
38394,1791,1
38394,1792,4
38394,1793,61
38394,1794,62
38394,1795,115
38394,1796,2
38394,1800,65
38394,1801,65
38395,1608,90
38395,1609,65
38395,1624,80
38395,1625,292
38395,1626,211.5
38395,1627,130.5
38395,1628,122.5
38395,1629,125
38395,1630,84
38395,1631,141
38395,1632,126.5
38395,1633,126.5
38395,1634,7
38395,1635,205
38395,1636,103.5
38395,1637,98
38395,1639,15
38395,1640,17
38395,1652,8
38395,1653,34
38395,1654,27
38395,1655,33
38395,1656,63
38395,1657,8
38395,1658,28
38395,1659,12
38395,1660,45
38395,1661,12
38395,1662,10
38395,1663,20
38395,1664,4
38395,1665,14
38395,1667,27
38395,1668,39.5
38395,1781,26
38395,1782,113.5
38395,1783,2
38395,1786,11
38395,1787,63
38395,1788,47
38395,1789,4
38395,1791,4
38395,1792,75
38395,1793,73.5
38395,1794,36
38395,1795,10
38395,1797,4
38395,1800,73
38395,1801,8
38396,1614,20
38396,1624,7
38396,1625,90.5
38396,1626,171
38396,1627,250.5
38396,1628,195.5
38396,1629,132.5
38396,1630,138.5
38396,1631,165.5
38396,1632,152
38396,1633,8
38396,1634,8
38396,1635,79.5
38396,1636,82
38396,1637,65
38396,1638,66.5
38396,1639,36
38396,1640,34
38396,1641,1
38396,1652,5
38396,1653,2
38396,1655,2
38396,1656,52
38396,1657,4
38396,1659,2
38396,1660,7
38396,1661,19
38396,1663,20
38396,1664,3
38396,1666,9
38396,1667,7
38396,1668,11
38396,1776,4
38396,1782,7
38396,1783,7
38396,1785,2
38396,1787,85.5
38396,1788,122
38396,1789,101
38396,1790,41
38396,1792,52
38396,1793,162
38396,1794,74.5
38396,1795,84
38396,1796,31
38396,1797,12
38396,1804,31
38396,1809,5
38397,1615,7
38397,1618,8
38397,1619,4
38397,1625,137.5
38397,1626,66
38397,1627,86.5
38397,1628,60
38397,1629,96
38397,1630,106.5
38397,1631,97.5
38397,1632,57
38397,1633,61
38397,1634,176.5
38397,1635,64.5
38397,1636,39
38397,1637,73
38397,1638,11
38397,1639,3
38397,1652,1
38397,1656,10
38397,1661,1
38397,1776,13.5
38397,1788,18
38397,1789,9
38397,1790,10
38397,1791,8
38397,1792,18
38397,1793,227
38397,1794,128
38397,1795,106
38397,1796,119
38397,1797,60
38397,1802,11
38397,1803,16
38397,1804,53
38397,1807,5
38397,1808,5
38398,1615,2
38398,1617,87
38398,1618,148.5
38398,1619,48
38398,1625,13
38398,1626,38
38398,1629,8
38398,1630,71
38398,1631,23
38398,1632,24.5
38398,1633,86.5
38398,1634,4
38398,1635,16
38398,1636,4
38398,1637,23
38398,1778,36
38398,1779,18
38398,1787,7
38398,1788,7
38398,1791,9
38398,1793,2
38398,1794,9
38398,1795,12
38398,1796,10
38398,1797,44
38398,1798,96
38398,1799,78
38398,1800,35
38398,1801,108
38398,1802,154
38398,1803,222.5
38398,1804,63
38398,1807,2
38398,1808,5
38398,1810,2
38398,1812,7
38398,1813,2
38398,1814,44
38398,1815,46
38399,1616,15
38399,1617,27
38399,1618,5
38399,1621,8
38399,1625,32
38399,1631,13
38399,1647,3
38399,1649,6
38399,1650,1
38399,1764,1
38399,1765,5
38399,1766,5
38399,1778,13
38399,1787,1
38399,1789,3
38399,1794,2
38399,1795,69
38399,1796,88.5
38399,1797,263
38399,1798,288.5
38399,1799,130
38399,1800,75.5
38399,1801,188
38399,1802,448.5
38399,1803,280.5
38399,1804,52
38399,1806,20
38399,1807,10
38399,1808,1
38399,1813,1
38399,1814,109
38399,1815,78
38399,1816,73
38399,1817,18
38399,1818,28.5
38400,1620,6
38400,1646,6
38400,1649,19
38400,1731,4
38400,1753,1
38400,1755,3
38400,1765,3
38400,1766,23
38400,1767,13
38400,1775,7
38400,1795,1
38400,1796,122.5
38400,1797,163
38400,1798,610.5
38400,1799,176
38400,1800,111
38400,1801,307
38400,1802,225
38400,1803,233.5
38400,1804,11
38400,1806,2
38400,1807,39
38400,1808,4
38400,1810,6
38400,1811,15
38400,1812,13
38400,1813,2
38400,1814,185
38400,1815,216
38400,1816,139
38400,1817,129.5
38400,1818,108
38400,1819,32.5
38400,1820,98
38400,1821,86.5
38401,1608,5
38401,1614,2
38401,1623,13
38401,1624,3
38401,1640,5
38401,1641,7
38401,1645,11
38401,1646,13.5
38401,1647,10
38401,1649,3
38401,1731,6
38401,1732,17
38401,1733,4
38401,1755,3
38401,1764,6
38401,1766,12
38401,1772,29
38401,1774,22
38401,1775,10
38401,1776,5
38401,1785,28
38401,1796,54
38401,1797,142.5
38401,1798,270
38401,1799,107
38401,1800,103
38401,1801,433.5
38401,1802,140
38401,1803,138
38401,1806,15
38401,1807,33
38401,1809,16.5
38401,1811,107.5
38401,1813,2
38401,1814,27
38401,1815,28
38401,1816,41
38401,1817,63.5
38401,1818,177
38401,1819,166.5
38401,1820,135
38401,1821,94
38401,1822,9
38402,1609,2
38402,1610,6
38402,1611,1
38402,1612,15
38402,1613,5
38402,1616,12.5
38402,1617,5
38402,1618,4
38402,1628,13
38402,1629,50
38402,1630,42
38402,1631,73.5
38402,1632,56
38402,1633,62
38402,1634,15
38402,1637,14
38402,1638,39
38402,1639,9
38402,1640,15
38402,1641,21
38402,1642,4
38402,1643,32
38402,1646,5
38402,1647,5
38402,1648,3
38402,1731,8
38402,1732,8
38402,1733,30
38402,1734,6
38402,1755,4
38402,1756,1
38402,1764,11
38402,1766,4
38402,1767,14
38402,1768,18
38402,1769,5
38402,1772,5
38402,1773,28
38402,1774,31
38402,1775,9
38402,1776,49
38402,1777,3
38402,1782,12
38402,1783,155.5
38402,1784,27
38402,1785,5
38402,1796,21.5
38402,1797,139.5
38402,1798,40
38402,1799,78.5
38402,1800,169.5
38402,1801,126
38402,1802,69
38402,1803,109
38402,1804,8
38402,1805,6
38402,1806,21
38402,1807,6
38402,1809,5
38402,1810,55.5
38402,1811,45
38402,1812,7
38402,1813,3
38402,1817,116.5
38402,1818,86
38402,1819,142
38402,1820,130.5
38402,1821,124.5
38402,1822,126
38403,1607,2
38403,1608,1
38403,1609,2
38403,1610,11
38403,1611,4
38403,1612,12.5
38403,1613,6
38403,1616,2
38403,1620,2
38403,1627,53
38403,1628,189.5
38403,1629,244
38403,1630,113.5
38403,1631,155.5
38403,1632,173
38403,1633,231
38403,1634,115.5
38403,1635,62.5
38403,1636,33
38403,1637,18
38403,1638,58
38403,1639,46
38403,1640,47
38403,1641,10
38403,1642,25.5
38403,1645,2
38403,1647,5
38403,1650,2
38403,1731,1
38403,1732,3
38403,1733,7
38403,1734,7
38403,1735,10
38403,1765,78
38403,1766,4
38403,1768,6
38403,1769,15
38403,1770,1
38403,1771,3
38403,1772,1
38403,1774,3
38403,1776,20
38403,1783,37
38403,1784,159.5
38403,1785,92.5
38403,1786,15
38403,1796,203
38403,1797,114.5
38403,1798,40
38403,1799,12
38403,1800,235.5
38403,1801,119
38403,1802,145.5
38403,1803,193.5
38403,1804,220.5
38403,1805,61
38403,1806,30
38403,1807,10
38403,1808,26
38403,1809,12
38403,1810,18
38403,1811,11
38403,1812,2
38403,1817,24.5
38403,1818,98
38403,1819,121.5
38403,1820,91
38403,1821,44
38403,1822,15
38404,1609,3
38404,1612,18.5
38404,1614,1
38404,1616,5
38404,1621,1
38404,1625,28
38404,1626,201
38404,1627,80.5
38404,1628,226
38404,1629,165
38404,1630,163
38404,1631,127
38404,1632,92
38404,1633,93
38404,1634,211
38404,1635,92.5
38404,1636,48
38404,1637,298
38404,1638,135.5
38404,1639,159
38404,1640,94.5
38404,1641,1
38404,1642,4
38404,1643,2
38404,1645,21
38404,1646,3
38404,1647,17
38404,1648,30
38404,1732,3
38404,1733,28
38404,1734,5
38404,1735,2
38404,1765,76
38404,1766,52
38404,1767,2
38404,1768,3
38404,1769,11
38404,1770,18
38404,1771,2
38404,1772,4
38404,1773,7
38404,1782,21
38404,1783,34
38404,1784,95
38404,1785,117
38404,1786,28
38404,1788,1.5
38404,1789,3
38404,1791,7
38404,1794,5
38404,1795,56
38404,1796,52
38404,1797,573.5
38404,1798,113.5
38404,1799,127
38404,1800,70
38404,1801,37
38404,1802,397
38404,1803,136
38404,1804,50
38404,1805,14
38404,1806,50.5
38404,1807,144
38404,1808,80.5
38404,1809,179
38404,1810,86
38404,1811,3
38404,1812,14
38404,1818,4
38404,1819,26
38404,1820,54
38405,1614,2
38405,1615,3
38405,1616,54
38405,1617,63
38405,1618,52
38405,1623,3
38405,1624,177
38405,1625,356
38405,1626,221
38405,1627,79
38405,1628,111.5
38405,1629,453.5
38405,1630,143
38405,1631,20
38405,1632,379
38405,1633,216.5
38405,1634,60.5
38405,1635,61
38405,1636,36
38405,1637,284.5
38405,1638,124
38405,1639,120
38405,1640,79.5
38405,1641,7
38405,1642,13
38405,1643,20
38405,1644,9
38405,1645,29
38405,1733,9
38405,1736,2
38405,1767,10
38405,1768,4
38405,1769,1
38405,1770,17
38405,1771,24
38405,1773,18
38405,1774,25
38405,1775,19
38405,1776,4
38405,1777,4
38405,1778,73
38405,1779,38
38405,1783,26
38405,1784,33
38405,1785,55
38405,1788,5
38405,1793,36
38405,1794,2
38405,1795,103.5
38405,1796,108.5
38405,1797,90
38405,1798,95
38405,1799,424.5
38405,1800,9
38405,1802,14.5
38405,1803,138
38405,1804,31
38405,1805,53
38405,1806,112
38405,1807,156
38405,1808,203
38405,1809,93
38405,1810,84.5
38405,1811,10
38405,1812,2
38405,1816,3
38405,1817,4
38405,1818,29
38405,1819,22.5
38405,1820,20
38406,1622,5
38406,1623,230
38406,1624,418.5
38406,1625,183
38406,1626,213
38406,1627,139.5
38406,1628,255.5
38406,1629,206
38406,1632,76.5
38406,1633,96
38406,1634,139
38406,1635,187
38406,1636,43
38406,1637,3
38406,1638,41
38406,1639,96.5
38406,1640,102
38406,1642,12
38406,1643,14
38406,1644,1
38406,1739,3
38406,1755,1
38406,1756,3
38406,1767,17
38406,1768,9
38406,1769,9
38406,1770,8
38406,1771,24
38406,1773,17
38406,1774,12
38406,1775,70.5
38406,1776,12
38406,1777,2
38406,1778,52.5
38406,1779,15
38406,1784,4
38406,1785,81
38406,1786,70.5
38406,1787,3
38406,1794,112.5
38406,1795,158
38406,1796,593
38406,1797,85
38406,1798,220
38406,1799,490
38406,1800,547
38406,1801,5
38406,1802,2
38406,1803,10
38406,1804,6
38406,1805,4
38406,1806,171.5
38406,1807,115
38406,1808,72
38406,1809,65.5
38406,1810,41
38406,1811,14
38406,1812,2
38406,1813,2
38406,1817,38.5
38406,1818,12
38406,1819,7
38406,1820,47
38406,1821,1
38407,1622,172
38407,1623,539.5
38407,1624,260
38407,1625,593
38407,1626,192.5
38407,1627,44.5
38407,1628,112.5
38407,1629,835
38407,1630,1091
38407,1631,24.5
38407,1632,83
38407,1633,86.5
38407,1634,22
38407,1635,137
38407,1636,140
38407,1638,2
38407,1639,69.5
38407,1640,160
38407,1641,100.5
38407,1642,55
38407,1643,6
38407,1736,12
38407,1737,6
38407,1739,7
38407,1755,1
38407,1756,8
38407,1757,2
38407,1767,22
38407,1768,94
38407,1769,5
38407,1770,62
38407,1771,8
38407,1773,11
38407,1774,95
38407,1775,148
38407,1776,17
38407,1777,1
38407,1785,15.5
38407,1786,77
38407,1789,15
38407,1794,25
38407,1795,119
38407,1796,214.5
38407,1797,45
38407,1798,30
38407,1799,295.5
38407,1800,162
38407,1801,84.5
38407,1802,34.5
38407,1804,18
38407,1809,2
38407,1810,137.5
38407,1811,65.5
38407,1817,72.5
38407,1818,152
38407,1819,68
38407,1820,16
38408,1621,2
38408,1622,20
38408,1623,453.5
38408,1624,130.5
38408,1625,173
38408,1626,19
38408,1627,2
38408,1628,9
38408,1629,38
38408,1630,90
38408,1632,82.5
38408,1633,350
38408,1634,3
38408,1635,183.5
38408,1636,362.5
38408,1637,51
38408,1639,52.5
38408,1640,134
38408,1641,128.5
38408,1642,27
38408,1643,33
38408,1730,1
38408,1736,3
38408,1737,17
38408,1756,5
38408,1757,6
38408,1767,40
38408,1768,106
38408,1769,42
38408,1770,21
38408,1771,34
38408,1772,32
38408,1773,13
38408,1774,48.5
38408,1775,56
38408,1776,14
38408,1777,27
38408,1778,1
38408,1783,4
38408,1785,6
38408,1793,1
38408,1794,4
38408,1795,25
38408,1796,200
38408,1797,15
38408,1798,305
38408,1799,300
38408,1800,37
38408,1801,199.5
38408,1802,2
38408,1803,4
38408,1804,25
38408,1805,28
38408,1806,1
38408,1810,118
38408,1811,19
38408,1816,28
38408,1817,125
38408,1818,80.5
38408,1819,34
38409,1618,26
38409,1619,18
38409,1624,54
38409,1625,26.5
38409,1626,2
38409,1627,11
38409,1628,99.5
38409,1629,296
38409,1630,247
38409,1631,28
38409,1632,162.5
38409,1633,311
38409,1634,420
38409,1635,174.5
38409,1636,178.5
38409,1637,164
38409,1638,157
38409,1639,192
38409,1640,120
38409,1641,98
38409,1642,26.5
38409,1643,22
38409,1729,27.5
38409,1730,9
38409,1736,1
38409,1737,25
38409,1759,4
38409,1768,26
38409,1769,11
38409,1771,2
38409,1772,11
38409,1773,16
38409,1776,36
38409,1777,19
38409,1778,12
38409,1779,3
38409,1781,5
38409,1782,6
38409,1783,81.5
38409,1784,30
38409,1785,45
38409,1786,126
38409,1794,6
38409,1795,126
38409,1796,293
38409,1797,146
38409,1798,387
38409,1799,198
38409,1800,115
38409,1801,136.5
38409,1802,61
38409,1803,34
38409,1804,92
38409,1805,32
38409,1806,10
38409,1807,5
38409,1809,15
38409,1810,15
38409,1811,25.5
38409,1812,2
38409,1816,37
38409,1817,335
38409,1818,32
38410,1617,108
38410,1618,83
38410,1619,7
38410,1620,105.5
38410,1621,98
38410,1625,1
38410,1626,1
38410,1627,7
38410,1628,14
38410,1629,8
38410,1630,77.5
38410,1631,252
38410,1632,209
38410,1633,11
38410,1634,111.5
38410,1635,228.5
38410,1636,105
38410,1637,396.5
38410,1638,187.5
38410,1639,127.5
38410,1640,100
38410,1641,93
38410,1642,33
38410,1643,1
38410,1728,48.5
38410,1729,86
38410,1730,2
38410,1733,30
38410,1734,10
38410,1736,2
38410,1737,14
38410,1738,3
38410,1739,10
38410,1760,1
38410,1772,4
38410,1773,14
38410,1774,11
38410,1775,4
38410,1777,2
38410,1779,12
38410,1780,1
38410,1781,90
38410,1782,66.5
38410,1783,88
38410,1784,147.5
38410,1785,96
38410,1786,73
38410,1796,95
38410,1797,125.5
38410,1798,156
38410,1799,172
38410,1800,351
38410,1801,98
38410,1802,142
38410,1803,209
38410,1804,193
38410,1805,117
38410,1806,246.5
38410,1807,47
38410,1808,29.5
38410,1809,46
38410,1810,100
38410,1811,21
38410,1812,13
38410,1813,7
38410,1816,7
38410,1817,48.5
38411,1613,166
38411,1614,124
38411,1616,4
38411,1619,19.5
38411,1620,220.5
38411,1621,109
38411,1622,38.5
38411,1626,6
38411,1629,44
38411,1630,166
38411,1631,114
38411,1632,386.5
38411,1633,184
38411,1634,18
38411,1635,18
38411,1636,82.5
38411,1637,54
38411,1638,56
38411,1639,92.5
38411,1640,74.5
38411,1641,3
38411,1728,36.5
38411,1729,98
38411,1730,43
38411,1732,3
38411,1733,53
38411,1736,40
38411,1737,18
38411,1738,20
38411,1740,7
38411,1741,2
38411,1772,2
38411,1775,12
38411,1777,3
38411,1778,6
38411,1779,4
38411,1780,14
38411,1781,90
38411,1783,71
38411,1784,95
38411,1785,58
38411,1786,132
38411,1787,72
38411,1788,3
38411,1793,1
38411,1794,4
38411,1795,12
38411,1796,55
38411,1797,129.5
38411,1798,171
38411,1799,21.5
38411,1800,180
38411,1801,111
38411,1802,129
38411,1803,96
38411,1804,176.5
38411,1805,157.5
38411,1806,197.5
38411,1807,93
38411,1808,164.5
38411,1809,122
38411,1810,159
38411,1811,27
38411,1812,10
38411,1813,1
38411,1814,8
38411,1816,37
38411,1817,25
38411,1818,11
38412,1611,47.5
38412,1612,19
38412,1613,471
38412,1614,256
38412,1615,726.5
38412,1616,156
38412,1617,20
38412,1618,4
38412,1619,98.5
38412,1620,70
38412,1629,113.5
38412,1630,55.5
38412,1631,245.5
38412,1632,615
38412,1633,147.5
38412,1635,15
38412,1636,30
38412,1637,16
38412,1638,154.5
38412,1639,28
38412,1728,23
38412,1729,103
38412,1730,90
38412,1731,8
38412,1732,8
38412,1733,29
38412,1734,4
38412,1735,55
38412,1737,10
38412,1738,57
38412,1739,20
38412,1741,4.5
38412,1771,6
38412,1772,8
38412,1773,1
38412,1775,11
38412,1776,40
38412,1777,17
38412,1778,12
38412,1779,14
38412,1781,91
38412,1782,42.5
38412,1783,215
38412,1784,94
38412,1785,94.5
38412,1786,143
38412,1787,144
38412,1788,75
38412,1789,13
38412,1796,130
38412,1797,144.5
38412,1798,202
38412,1799,235.5
38412,1800,18
38412,1801,11
38412,1802,49
38412,1803,103
38412,1804,170
38412,1805,152.5
38412,1806,104
38412,1807,128
38412,1808,183.5
38412,1809,81.5
38412,1810,59.5
38412,1811,38
38412,1813,6
38412,1815,22
38412,1816,206
38412,1817,83
38413,1609,105
38413,1610,306
38413,1611,182.5
38413,1612,89
38413,1613,591.5
38413,1614,488.5
38413,1615,396
38413,1616,416
38413,1617,218
38413,1618,9
38413,1619,63
38413,1621,2
38413,1629,5
38413,1630,13
38413,1631,36
38413,1632,334
38413,1633,59.5
38413,1635,7
38413,1636,43
38413,1637,75
38413,1638,23
38413,1716,4
38413,1727,1
38413,1728,103.5
38413,1729,30
38413,1731,2
38413,1732,134
38413,1733,54
38413,1734,33
38413,1735,81
38413,1736,63
38413,1737,56
38413,1738,27
38413,1739,62.5
38413,1740,36.5
38413,1741,27
38413,1762,11
38413,1773,13
38413,1774,19
38413,1775,18
38413,1776,20
38413,1777,25
38413,1778,2
38413,1779,4
38413,1780,24
38413,1781,61
38413,1782,59
38413,1783,167
38413,1784,98.5
38413,1785,62
38413,1786,83
38413,1787,75
38413,1788,115.5
38413,1789,18
38413,1797,96
38413,1798,154
38413,1799,79.5
38413,1800,18
38413,1801,14
38413,1802,25
38413,1803,91
38413,1804,122
38413,1805,66
38413,1806,201
38413,1807,76.5
38413,1809,6
38413,1810,74.5
38413,1811,33.5
38413,1812,49
38413,1813,110
38413,1814,13
38413,1815,150
38413,1816,177.5
38413,1817,60
38414,1609,46
38414,1610,171.5
38414,1611,197.5
38414,1612,289
38414,1613,292.5
38414,1614,621
38414,1615,471
38414,1616,234
38414,1617,280.5
38414,1618,18
38414,1629,20
38414,1630,122.5
38414,1631,345
38414,1632,59
38414,1633,68.5
38414,1634,4
38414,1635,75
38414,1636,96
38414,1637,63
38414,1710,1
38414,1712,3
38414,1713,7
38414,1728,67.5
38414,1729,39
38414,1731,55
38414,1732,121.5
38414,1733,72.5
38414,1734,27.5
38414,1735,52
38414,1736,50
38414,1737,42
38414,1738,19
38414,1739,22
38414,1740,6
38414,1741,10
38414,1744,2
38414,1745,3
38414,1762,4
38414,1763,8
38414,1780,5
38414,1782,8
38414,1783,65
38414,1784,105
38414,1785,36
38414,1786,26
38414,1787,17
38414,1788,26
38414,1790,4
38414,1792,25
38414,1797,105
38414,1798,170
38414,1799,124.5
38414,1800,125.5
38414,1801,175.5
38414,1802,73
38414,1803,61
38414,1804,181.5
38414,1805,141.5
38414,1806,33
38414,1807,126
38414,1808,48
38414,1810,31
38414,1811,226.5
38414,1812,141.5
38414,1813,22.5
38414,1815,222.5
38414,1816,149
38415,1608,71
38415,1609,170.5
38415,1610,272.5
38415,1611,292.5
38415,1612,176
38415,1613,303
38415,1614,358.5
38415,1615,596.5
38415,1616,26
38415,1630,31
38415,1631,96.5
38415,1632,8
38415,1633,86.5
38415,1634,101.5
38415,1635,150.5
38415,1636,81.5
38415,1637,12
38415,1647,22
38415,1648,7
38415,1649,9
38415,1650,4
38415,1712,12
38415,1713,6
38415,1714,7
38415,1716,8
38415,1717,3
38415,1728,79
38415,1729,45
38415,1731,11
38415,1732,71
38415,1733,77.5
38415,1734,43
38415,1735,91.5
38415,1736,50
38415,1737,22
38415,1738,46.5
38415,1739,58
38415,1740,9
38415,1741,23
38415,1742,47
38415,1743,6
38415,1764,4
38415,1783,29
38415,1785,1
38415,1786,13
38415,1787,3
38415,1790,41.5
38415,1791,24
38415,1796,153
38415,1797,158
38415,1798,157.5
38415,1799,166
38415,1800,275
38415,1801,202.5
38415,1802,65
38415,1803,5
38415,1804,65.5
38415,1805,129.5
38415,1806,28
38415,1807,6
38415,1808,63
38415,1809,69
38415,1811,29
38415,1812,85
38415,1813,88.5
38415,1814,85.5
38415,1815,79
38415,1816,2
38416,1608,93.5
38416,1609,261.5
38416,1610,200.5
38416,1611,80.5
38416,1612,1169.5
38416,1613,515
38416,1614,214
38416,1615,11
38416,1617,61
38416,1618,781
38416,1619,68.5
38416,1630,1
38416,1632,71
38416,1634,3
38416,1635,162.5
38416,1636,97.5
38416,1643,5
38416,1644,2
38416,1645,1
38416,1647,6
38416,1648,6
38416,1649,11
38416,1651,1
38416,1710,17
38416,1711,15
38416,1712,20
38416,1713,26
38416,1716,28
38416,1717,25
38416,1718,2
38416,1728,18
38416,1729,62
38416,1730,71
38416,1731,33
38416,1732,61.5
38416,1733,70
38416,1734,4
38416,1735,95.5
38416,1736,49.5
38416,1737,12
38416,1738,12
38416,1739,40
38416,1740,61.5
38416,1741,11
38416,1742,9
38416,1743,43
38416,1763,5
38416,1767,11
38416,1768,2
38416,1779,19
38416,1780,51
38416,1781,8
38416,1787,9
38416,1788,18
38416,1790,4
38416,1791,10
38416,1792,10
38416,1794,4
38416,1796,121.5
38416,1797,131.5
38416,1798,105
38416,1799,196
38416,1800,447
38416,1801,599
38416,1802,185
38416,1803,573
38416,1804,193.5
38416,1805,113
38416,1806,58
38416,1807,114.5
38416,1808,105
38416,1809,38.5
38416,1810,101
38416,1811,6
38416,1812,83.5
38416,1813,186
38416,1814,81.5
38416,1815,48.5
38417,1610,106.5
38417,1611,165
38417,1612,147
38417,1613,194
38417,1614,270
38417,1615,32
38417,1616,639
38417,1617,241
38417,1618,537
38417,1619,245
38417,1620,2
38417,1622,4
38417,1631,10
38417,1632,41
38417,1633,103
38417,1634,147
38417,1635,110
38417,1636,29
38417,1641,17
38417,1642,17
38417,1643,31.5
38417,1644,28
38417,1645,14
38417,1646,2
38417,1647,17.5
38417,1709,1
38417,1710,7
38417,1712,4
38417,1713,6
38417,1714,10
38417,1715,105.5
38417,1716,30
38417,1717,34
38417,1728,7
38417,1729,61.5
38417,1730,15
38417,1731,56
38417,1732,36
38417,1733,38
38417,1734,47
38417,1735,80
38417,1736,50
38417,1737,4
38417,1739,31
38417,1740,58
38417,1741,6
38417,1742,43
38417,1743,25
38417,1763,1
38417,1767,1
38417,1768,3
38417,1773,6
38417,1780,13
38417,1781,46
38417,1782,18
38417,1784,5
38417,1785,107
38417,1786,4
38417,1788,11
38417,1789,19
38417,1790,45.5
38417,1791,20
38417,1792,92
38417,1793,6
38417,1795,42
38417,1796,237
38417,1797,57
38417,1798,144
38417,1799,179
38417,1800,200.5
38417,1801,41.5
38417,1802,586
38417,1803,256
38417,1804,89
38417,1805,78
38417,1806,157.5
38417,1807,112.5
38417,1808,121
38417,1809,184.5
38417,1810,98.5
38417,1811,183.5
38417,1812,44
38417,1813,111
38417,1814,8
38418,1610,70
38418,1611,190.5
38418,1612,166
38418,1613,270.5
38418,1614,219.5
38418,1615,3
38418,1616,218.5
38418,1617,864.5
38418,1618,990.5
38418,1619,593
38418,1620,197.5
38418,1621,1
38418,1630,9
38418,1632,5
38418,1633,3
38418,1634,117
38418,1635,66.5
38418,1636,39
38418,1637,15
38418,1638,12
38418,1641,25
38418,1642,16
38418,1643,29
38418,1644,12
38418,1646,2
38418,1647,4
38418,1709,21
38418,1710,30
38418,1711,41.5
38418,1712,6
38418,1713,6
38418,1714,17
38418,1715,71.5
38418,1716,38
38418,1717,35
38418,1718,6
38418,1729,51
38418,1730,50
38418,1731,31
38418,1732,53
38418,1733,33
38418,1734,72
38418,1735,96.5
38418,1736,41
38418,1737,1
38418,1741,12
38418,1742,27
38418,1743,8
38418,1763,3
38418,1764,2
38418,1770,4
38418,1781,3
38418,1782,5
38418,1783,5
38418,1784,22
38418,1785,104
38418,1786,12
38418,1787,35
38418,1788,26.5
38418,1789,58
38418,1790,169
38418,1791,90.5
38418,1792,18.5
38418,1793,37.5
38418,1795,2
38418,1796,41
38418,1797,193
38418,1798,140
38418,1799,52
38418,1800,175
38418,1801,33
38418,1802,117
38418,1803,174
38418,1804,126
38418,1805,61
38418,1806,53
38418,1807,86
38418,1808,97
38418,1809,8
38418,1810,114.5
38418,1811,68
38418,1812,17
38418,1813,27
38419,1610,35
38419,1611,93
38419,1612,189.5
38419,1613,161
38419,1614,129
38419,1615,582.5
38419,1616,159.5
38419,1617,224.5
38419,1618,149
38419,1619,440.5
38419,1620,296.5
38419,1621,8
38419,1630,3
38419,1632,84.5
38419,1633,466
38419,1634,325.5
38419,1635,72.5
38419,1636,80.5
38419,1637,89
38419,1638,16
38419,1640,3
38419,1644,2
38419,1645,1
38419,1692,1
38419,1703,3
38419,1709,8
38419,1710,50
38419,1711,26
38419,1712,12
38419,1713,10
38419,1714,16
38419,1715,33.5
38419,1716,31
38419,1717,5
38419,1718,24
38419,1719,3.5
38419,1720,8
38419,1730,66
38419,1731,4
38419,1732,4
38419,1733,8
38419,1734,55
38419,1735,86
38419,1736,91.5
38419,1737,33
38419,1740,5
38419,1741,44
38419,1742,60.5
38419,1743,57
38419,1744,11
38419,1763,7
38419,1766,1
38419,1770,3
38419,1773,35
38419,1779,53
38419,1782,2
38419,1783,29
38419,1784,4
38419,1785,43
38419,1787,19
38419,1788,72
38419,1789,92.5
38419,1790,34
38419,1791,121
38419,1792,92.5
38419,1794,12
38419,1796,80
38419,1797,141
38419,1798,61.5
38419,1799,110.5
38419,1800,5
38419,1801,42
38419,1802,74
38419,1803,26
38419,1804,130
38419,1805,43
38419,1806,26
38419,1807,102
38419,1808,46
38419,1809,41
38419,1810,167
38419,1811,1
38420,1610,1
38420,1611,1
38420,1612,226.5
38420,1613,287
38420,1614,243
38420,1615,125
38420,1616,141
38420,1617,1151
38420,1618,118
38420,1619,297.5
38420,1620,92
38420,1630,4
38420,1632,115
38420,1633,120
38420,1634,5.5
38420,1635,9
38420,1636,28.5
38420,1637,4
38420,1685,3
38420,1687,6
38420,1702,8.5
38420,1703,9
38420,1704,4
38420,1706,7
38420,1711,21
38420,1712,12
38420,1713,18
38420,1714,113.5
38420,1715,70
38420,1716,58
38420,1717,35
38420,1718,17
38420,1730,57
38420,1731,13
38420,1733,36
38420,1734,88.5
38420,1735,116
38420,1736,51.5
38420,1737,25
38420,1738,4
38420,1741,66
38420,1742,115
38420,1743,130
38420,1763,13
38420,1770,3
38420,1772,12
38420,1773,77.5
38420,1774,19
38420,1775,2
38420,1778,39
38420,1779,15
38420,1783,16
38420,1784,48
38420,1785,50
38420,1786,20
38420,1787,6
38420,1788,1
38420,1789,80
38420,1790,45.5
38420,1791,83
38420,1792,187.5
38420,1793,25
38420,1794,20
38420,1795,66
38420,1796,189
38420,1797,341
38420,1798,71
38420,1799,90
38420,1800,101.5
38420,1802,8
38420,1803,53
38420,1804,125
38420,1809,68
38420,1810,126
38420,1811,46
38421,1612,58
38421,1613,382
38421,1614,232
38421,1615,157
38421,1616,3
38421,1619,7
38421,1620,270.5
38421,1631,1
38421,1632,2
38421,1633,346.5
38421,1634,61
38421,1635,4
38421,1644,4
38421,1645,46
38421,1646,5
38421,1653,23
38421,1685,35
38421,1686,9
38421,1692,4
38421,1702,7
38421,1703,74
38421,1704,44
38421,1705,10
38421,1712,3
38421,1713,41.5
38421,1714,45
38421,1715,84
38421,1716,160.5
38421,1717,78
38421,1718,22
38421,1730,39.5
38421,1731,12
38421,1733,49
38421,1734,33
38421,1735,69
38421,1736,219
38421,1737,67
38421,1738,24
38421,1741,71.5
38421,1742,79
38421,1743,71.5
38421,1744,6
38421,1745,4
38421,1762,18
38421,1763,155.5
38421,1769,7
38421,1770,8
38421,1772,21
38421,1773,9
38421,1774,3
38421,1775,63
38421,1778,42
38421,1779,151
38421,1780,21
38421,1783,10
38421,1784,2
38421,1785,2
38421,1787,29
38421,1788,19
38421,1789,20
38421,1790,76
38421,1791,27
38421,1792,173
38421,1793,176.5
38421,1794,144.5
38421,1795,88.5
38421,1796,81.5
38421,1797,186.5
38421,1798,218
38421,1799,27
38421,1800,19
38421,1801,46.5
38421,1802,1
38421,1804,96.5
38421,1805,4
38421,1806,2
38421,1807,4
38421,1808,7
38421,1809,136.5
38421,1810,20
38422,1613,428
38422,1614,295.5
38422,1615,494
38422,1618,31
38422,1620,219.5
38422,1632,36.5
38422,1633,490.5
38422,1634,145.5
38422,1635,94
38422,1640,12
38422,1642,2
38422,1643,54.5
38422,1644,44.5
38422,1645,77
38422,1646,118
38422,1647,142.5
38422,1648,117
38422,1651,7
38422,1652,18.5
38422,1653,13
38422,1685,16
38422,1686,10
38422,1691,12
38422,1692,7
38422,1693,5
38422,1703,17
38422,1704,58.5
38422,1705,14
38422,1706,5
38422,1712,3
38422,1713,58
38422,1714,61
38422,1715,94
38422,1716,163
38422,1717,104
38422,1718,84
38422,1719,19
38422,1720,4
38422,1721,3
38422,1728,8
38422,1730,26
38422,1731,29
38422,1732,1
38422,1733,44
38422,1734,67
38422,1736,123.5
38422,1737,303.5
38422,1738,27.5
38422,1740,15
38422,1741,40
38422,1742,91
38422,1743,53
38422,1744,4
38422,1745,3
38422,1746,3
38422,1762,39.5
38422,1763,222.5
38422,1764,28
38422,1765,45
38422,1768,8
38422,1772,2
38422,1778,2
38422,1779,18
38422,1780,57
38422,1781,84.5
38422,1782,98.5
38422,1783,11
38422,1785,2
38422,1788,35.5
38422,1789,30
38422,1790,7
38422,1791,17
38422,1792,118
38422,1793,255.5
38422,1794,15
38422,1795,61.5
38422,1796,146
38422,1797,231
38422,1798,163
38422,1799,79
38422,1801,12
38422,1802,62
38422,1804,33
38422,1805,7
38422,1806,1
38422,1809,18
38423,1613,4
38423,1632,4.5
38423,1633,246.5
38423,1634,412
38423,1635,244
38423,1637,76.5
38423,1638,4
38423,1639,17
38423,1640,50.5
38423,1641,44.5
38423,1642,51.5
38423,1643,87
38423,1644,69.5
38423,1645,53
38423,1646,84.5
38423,1647,85
38423,1648,21
38423,1649,55.5
38423,1650,25
38423,1651,42
38423,1652,8
38423,1655,2
38423,1683,13
38423,1685,18
38423,1686,5
38423,1704,20
38423,1705,83
38423,1706,5
38423,1707,4
38423,1712,12
38423,1713,148.5
38423,1714,116.5
38423,1715,136
38423,1716,149
38423,1717,159
38423,1718,124.5
38423,1719,41
38423,1720,6
38423,1721,37
38423,1722,6
38423,1726,2
38423,1727,105
38423,1728,10
38423,1729,6
38423,1730,64.5
38423,1731,68
38423,1732,135.5
38423,1733,123.5
38423,1734,144
38423,1736,190
38423,1740,29
38423,1741,208.5
38423,1742,100.5
38423,1743,91.5
38423,1744,23
38423,1745,127
38423,1759,48
38423,1760,4
38423,1762,31
38423,1763,224.5
38423,1764,59
38423,1765,32.5
38423,1766,2
38423,1767,5
38423,1768,13
38423,1769,15
38423,1774,21
38423,1781,25
38423,1782,188
38423,1783,154
38423,1790,76.5
38423,1791,88
38423,1792,254.5
38423,1793,237
38423,1794,454.5
38423,1795,434
38423,1796,149.5
38423,1797,223.5
38423,1798,155.5
38423,1799,155
38423,1800,98
38423,1801,8
38423,1802,14
38423,1805,7
38424,1612,2
38424,1633,309.5
38424,1634,377.5
38424,1635,232.5
38424,1636,28
38424,1637,174
38424,1638,72
38424,1639,91.5
38424,1640,136.5
38424,1641,148.5
38424,1642,139
38424,1643,90.5
38424,1644,1
38424,1646,42
38424,1647,67
38424,1648,156
38424,1649,196
38424,1650,62.5
38424,1651,24
38424,1683,9
38424,1684,42
38424,1685,62
38424,1686,17
38424,1688,4
38424,1693,2
38424,1694,14
38424,1700,3
38424,1703,9
38424,1704,3
38424,1705,78
38424,1706,52
38424,1707,9
38424,1712,2
38424,1713,85
38424,1714,157
38424,1715,83.5
38424,1716,86.5
38424,1717,75.5
38424,1718,21
38424,1719,62.5
38424,1720,13
38424,1721,3
38424,1722,23
38424,1723,6
38424,1724,19
38424,1725,9
38424,1727,6
38424,1728,2
38424,1729,7
38424,1730,62
38424,1731,115
38424,1732,82.5
38424,1733,211.5
38424,1734,147
38424,1735,17
38424,1736,41
38424,1737,10
38424,1740,13
38424,1741,50
38424,1742,44
38424,1743,139
38424,1744,112
38424,1745,105
38424,1759,34
38424,1760,21
38424,1761,18
38424,1762,32
38424,1763,121.5
38424,1764,8
38424,1765,3
38424,1766,59.5
38424,1768,4
38424,1769,7
38424,1770,7
38424,1771,1
38424,1772,3
38424,1773,9
38424,1774,22
38424,1775,28
38424,1783,12
38424,1784,1
38424,1785,2
38424,1787,27.5
38424,1788,8
38424,1790,108.5
38424,1791,59
38424,1792,100
38424,1793,21.5
38424,1794,286
38424,1795,165.5
38424,1796,161
38424,1797,206
38424,1798,171
38424,1799,185
38424,1800,226
38424,1801,34
38425,1633,3
38425,1634,23
38425,1635,92
38425,1636,184
38425,1637,172.5
38425,1638,94
38425,1639,50.5
38425,1640,125.5
38425,1641,131
38425,1642,121
38425,1643,13
38425,1645,3
38425,1646,135.5
38425,1647,81.5
38425,1648,92
38425,1649,45
38425,1650,36
38425,1651,34
38425,1653,1.5
38425,1656,11
38425,1657,37
38425,1658,3
38425,1665,1
38425,1684,16
38425,1685,20
38425,1691,29
38425,1695,19
38425,1696,5
38425,1698,7
38425,1699,4
38425,1704,22
38425,1705,69.5
38425,1706,71
38425,1707,5
38425,1708,13
38425,1709,3
38425,1713,122.5
38425,1714,104.5
38425,1715,54
38425,1716,108
38425,1717,106
38425,1718,15
38425,1719,159.5
38425,1720,20
38425,1721,18
38425,1722,14
38425,1723,2
38425,1724,62
38425,1725,11
38425,1726,46
38425,1727,8
38425,1728,6
38425,1729,49
38425,1730,22
38425,1731,126
38425,1732,100
38425,1733,122.5
38425,1734,412
38425,1742,15
38425,1743,66.5
38425,1744,61
38425,1745,109.5
38425,1746,62
38425,1749,18
38425,1750,3
38425,1751,13
38425,1758,12
38425,1759,183
38425,1760,209.5
38425,1761,150.5
38425,1762,112
38425,1763,324
38425,1764,147
38425,1766,8
38425,1768,4
38425,1769,15.5
38425,1770,2
38425,1771,8
38425,1772,5
38425,1773,12
38425,1774,4
38425,1775,16
38425,1776,6
38425,1778,3
38425,1784,6
38425,1786,1
38425,1787,6
38425,1790,65
38425,1791,29
38425,1792,6
38425,1794,244.5
38425,1795,138
38425,1796,76
38425,1797,44
38425,1799,102
38425,1800,115
38425,1801,94
38425,1802,9
38426,1636,220
38426,1637,275
38426,1638,398
38426,1639,25
38426,1640,4
38426,1644,4
38426,1645,17
38426,1646,75
38426,1647,71.5
38426,1648,20.5
38426,1649,16
38426,1650,60
38426,1651,34
38426,1652,95.5
38426,1653,21.5
38426,1654,52.5
38426,1655,22
38426,1656,4
38426,1665,1
38426,1668,5
38426,1669,2
38426,1670,7.5
38426,1684,12
38426,1685,15
38426,1686,24.5
38426,1687,5
38426,1688,3
38426,1690,3
38426,1692,13.5
38426,1694,14
38426,1695,64
38426,1696,52
38426,1697,21.5
38426,1698,3
38426,1699,11
38426,1700,11
38426,1704,6
38426,1705,115.5
38426,1706,130.5
38426,1708,34
38426,1709,28
38426,1710,2
38426,1711,2
38426,1713,109
38426,1714,617
38426,1715,68
38426,1716,90
38426,1717,131.5
38426,1718,116.5
38426,1719,126
38426,1720,65
38426,1723,1
38426,1724,2
38426,1725,11
38426,1726,2
38426,1728,3
38426,1729,57.5
38426,1730,97
38426,1731,159.5
38426,1732,153
38426,1733,174.5
38426,1734,264
38426,1742,1
38426,1743,124
38426,1744,8
38426,1745,142
38426,1746,163
38426,1750,5
38426,1751,24
38426,1758,63
38426,1759,88.5
38426,1760,94
38426,1761,160.5
38426,1762,318.5
38426,1763,395
38426,1764,228
38426,1765,7
38426,1767,3
38426,1768,28
38426,1769,14.5
38426,1770,4
38426,1773,44
38426,1774,3
38426,1776,11
38426,1788,3
38426,1789,74.5
38426,1790,33
38426,1794,5
38426,1795,164
38426,1796,6
38426,1797,12
38426,1799,58
38426,1800,208
38426,1801,186
38426,1802,8.5
38427,1638,20.5
38427,1639,36
38427,1640,122
38427,1641,12
38427,1644,2
38427,1645,7
38427,1646,39.5
38427,1649,6
38427,1650,66.5
38427,1651,65
38427,1652,38.5
38427,1653,79
38427,1654,76.5
38427,1655,28
38427,1665,10
38427,1666,10
38427,1667,18.5
38427,1668,1
38427,1669,17
38427,1670,9
38427,1684,3
38427,1685,78
38427,1686,73
38427,1687,91
38427,1688,5
38427,1691,5
38427,1693,7
38427,1694,30
38427,1695,46
38427,1696,61
38427,1697,33.5
38427,1698,9
38427,1699,29.5
38427,1700,24
38427,1701,34
38427,1704,28
38427,1705,109
38427,1706,122
38427,1707,69.5
38427,1708,15
38427,1709,10
38427,1710,10
38427,1711,95
38427,1712,28
38427,1713,263
38427,1714,329
38427,1715,123.5
38427,1716,163
38427,1717,147
38427,1718,127
38427,1719,103.5
38427,1720,98
38427,1722,7
38427,1723,21
38427,1724,6
38427,1725,89
38427,1727,4
38427,1728,59.5
38427,1729,137
38427,1730,166.5
38427,1731,77
38427,1732,97.5
38427,1733,47
38427,1734,44
38427,1735,6
38427,1743,33
38427,1744,68
38427,1745,104.5
38427,1746,31
38427,1751,1
38427,1757,4
38427,1758,122
38427,1759,50
38427,1761,20
38427,1762,97.5
38427,1763,159.5
38427,1764,152.5
38427,1765,96
38427,1766,87.5
38427,1767,2
38427,1768,19
38427,1769,21
38427,1770,9
38427,1772,15
38427,1773,29
38427,1774,7
38427,1775,4.5
38427,1789,191
38427,1795,2
38427,1799,20
38427,1800,28
38427,1801,160.5
38427,1802,85
38428,1640,3
38428,1648,4
38428,1649,22.5
38428,1650,49
38428,1652,2
38428,1654,1
38428,1665,19.5
38428,1666,29
38428,1667,46
38428,1668,44
38428,1669,30
38428,1670,4
38428,1684,5
38428,1685,31
38428,1686,51
38428,1687,21.5
38428,1688,27
38428,1692,4
38428,1693,25
38428,1694,1
38428,1695,2
38428,1696,21
38428,1697,59
38428,1698,30.5
38428,1699,25
38428,1700,24
38428,1701,33
38428,1704,19
38428,1705,180.5
38428,1706,129
38428,1707,112
38428,1709,33
38428,1710,9
38428,1711,22
38428,1712,81
38428,1713,18
38428,1714,80.5
38428,1715,137.5
38428,1716,213.5
38428,1717,173.5
38428,1718,29
38428,1719,57
38428,1720,133
38428,1723,11
38428,1725,2
38428,1726,30
38428,1727,79
38428,1728,177.5
38428,1729,110
38428,1730,183
38428,1732,19
38428,1733,85
38428,1734,286.5
38428,1735,172
38428,1736,46.5
38428,1737,12.5
38428,1738,70
38428,1739,159
38428,1744,49.5
38428,1745,82.5
38428,1746,12
38428,1757,18
38428,1758,77.5
38428,1762,53.5
38428,1763,80
38428,1764,30
38428,1765,10
38428,1766,45
38428,1770,23
38428,1771,10
38428,1772,5
38428,1773,1
38428,1774,6
38428,1776,3
38428,1777,7
38428,1782,9
38428,1785,4
38428,1800,19
38428,1801,42
38428,1802,72.5
38428,1803,1
38429,1662,4
38429,1664,2
38429,1665,5
38429,1666,15
38429,1667,49
38429,1668,59
38429,1669,15
38429,1670,45
38429,1685,7
38429,1686,93
38429,1687,97
38429,1688,7
38429,1692,3
38429,1695,11
38429,1696,38
38429,1697,18
38429,1698,32
38429,1699,22
38429,1700,61.5
38429,1701,85
38429,1702,12
38429,1705,84
38429,1706,106.5
38429,1707,80.5
38429,1708,37
38429,1709,7
38429,1710,28
38429,1711,2
38429,1712,37.5
38429,1714,2.5
38429,1715,78.5
38429,1716,96.5
38429,1717,175.5
38429,1718,62
38429,1719,47
38429,1720,58
38429,1722,12
38429,1724,13
38429,1725,17
38429,1726,40.5
38429,1727,145
38429,1728,169
38429,1729,168
38429,1730,39
38429,1731,22
38429,1732,8
38429,1733,74.5
38429,1734,351
38429,1735,326.5
38429,1736,113
38429,1737,28.5
38429,1738,49.5
38429,1739,62
38429,1742,4
38429,1744,4
38429,1745,62
38429,1746,45
38429,1747,4
38429,1757,2
38429,1758,16
38429,1762,24
38429,1763,9
38429,1766,12
38429,1769,3
38429,1770,26
38429,1771,112
38429,1772,5
38429,1775,11
38429,1778,12
38429,1779,4
38429,1780,12
38429,1782,3
38429,1784,3
38430,1664,4
38430,1665,6
38430,1666,29
38430,1667,71.5
38430,1668,1
38430,1669,6
38430,1670,96
38430,1671,20
38430,1672,4
38430,1686,15
38430,1687,24
38430,1688,18
38430,1696,4
38430,1697,3
38430,1698,267
38430,1699,51
38430,1700,53
38430,1701,22
38430,1702,52.5
38430,1705,69
38430,1706,132
38430,1707,329.5
38430,1708,95
38430,1709,85.5
38430,1710,156.5
38430,1711,180
38430,1712,137
38430,1713,126
38430,1714,11
38430,1715,148
38430,1716,110.5
38430,1717,242
38430,1718,150
38430,1719,88.5
38430,1721,15
38430,1723,110.5
38430,1724,54
38430,1725,34
38430,1726,92
38430,1727,124
38430,1728,179.5
38430,1729,150.5
38430,1730,35
38430,1731,71
38430,1732,45
38430,1733,18
38430,1735,529
38430,1736,110.5
38430,1737,14
38430,1738,23
38430,1739,4
38430,1744,1
38430,1745,17
38430,1746,107.5
38430,1747,5
38430,1748,3
38430,1756,44
38430,1762,27
38430,1763,26
38430,1770,11
38430,1771,28
38430,1772,44
38430,1778,16
38430,1780,7
38431,1662,4
38431,1663,3
38431,1666,14
38431,1667,7
38431,1668,6
38431,1669,22
38431,1670,28
38431,1671,112
38431,1672,18
38431,1687,8
38431,1688,34
38431,1689,4
38431,1696,6
38431,1698,67.5
38431,1699,57
38431,1700,8
38431,1701,8
38431,1702,8
38431,1703,14
38431,1705,172
38431,1706,225
38431,1707,74.5
38431,1708,35
38431,1709,140
38431,1710,123.5
38431,1711,173
38431,1712,148
38431,1713,312.5
38431,1715,101.5
38431,1716,144.5
38431,1717,114.5
38431,1718,136
38431,1719,29
38431,1721,77
38431,1722,52.5
38431,1723,442.5
38431,1724,72
38431,1725,106
38431,1726,102
38431,1727,172
38431,1728,95
38431,1729,78
38431,1730,99.5
38431,1731,115.5
38431,1732,126
38431,1733,159
38431,1734,289.5
38431,1735,132.5
38431,1736,111
38431,1737,34
38431,1746,56.5
38431,1747,23.5
38431,1749,3
38431,1756,9
38431,1769,30.5
38431,1770,17
38431,1774,11
38431,1777,4
38431,1778,43.5
38431,1779,43
38432,1666,2
38432,1667,1
38432,1668,7
38432,1669,82
38432,1685,7
38432,1687,9
38432,1688,38
38432,1689,37
38432,1690,2
38432,1698,20
38432,1699,50
38432,1700,46
38432,1704,1
38432,1705,172
38432,1706,236
38432,1707,105
38432,1708,39
38432,1709,177.5
38432,1710,76
38432,1711,140.5
38432,1712,242.5
38432,1713,6
38432,1715,92.5
38432,1716,133.5
38432,1717,78
38432,1718,131.5
38432,1719,55
38432,1721,11
38432,1722,39
38432,1723,291
38432,1724,103
38432,1725,79.5
38432,1726,89.5
38432,1727,78
38432,1728,121
38432,1729,196
38432,1730,138.5
38432,1731,4
38432,1732,7
38432,1734,167
38432,1735,169
38432,1736,221
38432,1737,8
38432,1747,19
38432,1749,35
38432,1750,1
38432,1768,11
38432,1769,154
38432,1770,44
38432,1778,6
38432,1782,19
38432,1783,39
38432,1784,6
38433,1665,2
38433,1666,8
38433,1667,6
38433,1668,26
38433,1669,102
38433,1670,29.5
38433,1672,2
38433,1673,28
38433,1688,38
38433,1689,28
38433,1690,8
38433,1696,4
38433,1697,28
38433,1698,113
38433,1699,75
38433,1700,29
38433,1701,8
38433,1702,5
38433,1705,35
38433,1706,156
38433,1707,161.5
38433,1708,181.5
38433,1709,100.5
38433,1710,227
38433,1711,176
38433,1712,169.5
38433,1713,277.5
38433,1714,5
38433,1715,167
38433,1716,147.5
38433,1717,132
38433,1718,118.5
38433,1719,99
38433,1720,14
38433,1721,18
38433,1722,111
38433,1723,196.5
38433,1724,46
38433,1725,41
38433,1726,44
38433,1727,6
38433,1728,88
38433,1729,74
38433,1730,160.5
38433,1749,10
38433,1750,19
38433,1769,20
38433,1776,3
38433,1777,9
38433,1781,7
38433,1782,6
38433,1783,146
38433,1784,56
38433,1785,8
38433,1792,41.5
38433,1794,34
38434,1663,2
38434,1666,18
38434,1667,24
38434,1668,47.5
38434,1669,60
38434,1670,34.5
38434,1671,3
38434,1673,24
38434,1674,23
38434,1675,8
38434,1688,24.5
38434,1689,13
38434,1690,20
38434,1695,15
38434,1696,17
38434,1697,132
38434,1698,143.5
38434,1699,105
38434,1700,43
38434,1701,263
38434,1702,74
38434,1703,3
38434,1704,30
38434,1705,124
38434,1706,349.5
38434,1707,147.5
38434,1708,250.5
38434,1709,89
38434,1710,230.5
38434,1711,275
38434,1712,216.5
38434,1713,139
38434,1714,20
38434,1715,82
38434,1716,226
38434,1717,147
38434,1718,115
38434,1719,146.5
38434,1720,31
38434,1721,11
38434,1722,200.5
38434,1723,139.5
38434,1724,76
38434,1725,47
38434,1728,6
38434,1729,34
38434,1730,35
38434,1731,1
38434,1748,2
38434,1754,30
38434,1757,13
38434,1768,41
38434,1769,324
38434,1770,48
38434,1778,17
38434,1782,34
38434,1783,215
38434,1784,128
38434,1785,57.5
38435,1665,22
38435,1666,29
38435,1667,39
38435,1668,71.5
38435,1669,65
38435,1670,75.5
38435,1671,15
38435,1672,2
38435,1673,7
38435,1674,38.5
38435,1675,20
38435,1688,4
38435,1689,8
38435,1690,2
38435,1691,6
38435,1696,5
38435,1697,46.5
38435,1698,37
38435,1699,11
38435,1700,44
38435,1701,348
38435,1702,105.5
38435,1703,37
38435,1704,22
38435,1705,221
38435,1706,211
38435,1707,103
38435,1708,214
38435,1709,45.5
38435,1710,34
38435,1711,1076.5
38435,1712,606.5
38435,1713,99
38435,1714,39
38435,1715,33
38435,1716,130.5
38435,1717,197
38435,1718,97
38435,1719,126
38435,1720,68.5
38435,1721,27
38435,1722,66
38435,1723,6
38435,1724,173.5
38435,1725,56
38435,1729,58
38435,1730,10
38435,1749,2
38435,1754,67
38435,1755,50
38435,1756,125
38435,1757,113
38435,1762,3
38435,1768,25
38435,1769,187
38435,1770,56.5
38435,1779,163
38435,1782,33
38435,1783,42
38435,1784,55
38435,1785,20
38436,1665,30
38436,1666,32
38436,1667,42.5
38436,1668,25
38436,1669,77
38436,1670,25
38436,1671,6
38436,1672,27
38436,1676,3
38436,1677,4
38436,1688,53
38436,1689,16
38436,1690,57
38436,1691,12
38436,1692,44
38436,1697,237.5
38436,1698,161
38436,1699,64.5
38436,1700,59
38436,1701,64
38436,1702,193
38436,1703,43
38436,1705,96.5
38436,1706,100.5
38436,1707,102.5
38436,1708,105
38436,1709,677
38436,1711,151
38436,1712,488.5
38436,1713,186.5
38436,1714,358
38436,1716,118
38436,1717,111.5
38436,1718,44.5
38436,1719,118.5
38436,1720,270
38436,1721,124.5
38436,1722,29
38436,1723,25
38436,1724,94
38436,1725,5
38436,1729,35
38436,1730,41
38436,1731,137.5
38436,1732,2
38436,1754,39
38436,1755,106
38436,1756,59.5
38436,1757,14
38436,1766,3
38436,1769,140.5
38436,1770,192.5
38436,1774,17
38436,1775,24
38436,1777,5
38436,1778,284
38436,1779,156.5
38437,1664,2
38437,1665,79
38437,1666,13
38437,1667,17
38437,1668,49
38437,1669,106
38437,1670,52.5
38437,1671,18
38437,1675,4
38437,1676,25.5
38437,1677,33
38437,1688,24
38437,1689,133.5
38437,1690,155.5
38437,1691,110.5
38437,1692,90
38437,1696,11
38437,1697,68.5
38437,1698,286.5
38437,1699,22
38437,1700,44
38437,1701,31.5
38437,1702,121
38437,1703,249
38437,1704,19
38437,1705,197.5
38437,1706,135
38437,1707,159.5
38437,1708,192.5
38437,1709,527
38437,1710,329
38437,1711,9
38437,1712,61
38437,1713,359.5
38437,1714,190
38437,1715,44
38437,1716,29
38437,1717,37
38437,1718,4
38437,1720,81
38437,1721,2
38437,1722,19
38437,1723,190.5
38437,1724,44.5
38437,1726,1
38437,1727,15
38437,1728,23
38437,1729,9
38437,1730,16
38437,1731,124
38437,1732,100
38437,1755,19
38437,1765,5
38437,1769,45.5
38437,1770,70
38437,1771,148.5
38437,1773,180
38437,1774,38
38437,1775,73
38437,1776,98
38437,1777,108.5
38437,1778,168
38438,1655,6
38438,1656,5
38438,1665,4
38438,1667,150
38438,1668,179
38438,1669,170.5
38438,1670,31.5
38438,1671,25
38438,1675,20
38438,1676,47
38438,1677,29
38438,1678,2
38438,1687,38
38438,1688,1
38438,1689,30.5
38438,1690,299
38438,1691,49
38438,1692,400
38438,1693,25
38438,1696,20.5
38438,1697,127
38438,1698,125
38438,1699,48.5
38438,1700,86
38438,1701,31.5
38438,1702,162
38438,1703,71
38438,1704,1
38438,1705,84
38438,1706,189
38438,1707,275
38438,1708,253
38438,1709,631.5
38438,1710,612
38438,1711,25.5
38438,1712,180.5
38438,1713,164.5
38438,1714,177.5
38438,1715,75
38438,1716,143.5
38438,1721,3
38438,1722,27
38438,1723,12.5
38438,1724,66
38438,1730,8
38438,1731,106
38438,1732,36.5
38438,1750,4
38438,1751,15
38438,1755,2
38438,1764,5
38438,1765,7
38438,1766,8
38438,1767,7
38438,1768,23
38438,1769,4
38438,1770,2
38438,1772,287
38438,1773,417.5
38438,1774,546.5
38438,1775,367.5
38438,1776,125.5
38438,1777,4
38439,1665,3
38439,1666,195
38439,1667,63
38439,1668,54.5
38439,1669,35
38439,1670,9
38439,1671,9
38439,1672,61
38439,1673,2
38439,1674,3
38439,1677,16
38439,1678,12.5
38439,1688,4
38439,1689,18
38439,1690,104
38439,1691,151.5
38439,1692,142
38439,1693,39
38439,1696,24
38439,1697,66.5
38439,1698,37
38439,1699,103.5
38439,1700,115.5
38439,1701,27
38439,1702,151.5
38439,1703,233
38439,1704,257.5
38439,1706,91
38439,1707,157
38439,1708,353
38439,1709,216.5
38439,1710,164.5
38439,1711,7
38439,1713,247.5
38439,1714,501.5
38439,1715,496.5
38439,1716,336.5
38439,1717,3
38439,1718,3
38439,1721,18
38439,1723,13
38439,1724,32
38439,1731,148
38439,1732,40
38439,1734,2
38439,1742,7
38439,1743,7
38439,1746,5
38439,1747,5
38439,1749,2
38439,1750,37
38439,1751,8
38439,1754,63
38439,1755,179
38439,1756,168
38439,1757,14
38439,1761,19
38439,1762,43
38439,1770,8
38439,1771,246.5
38439,1772,117.5
38439,1773,105
38439,1774,246
38439,1775,20
38440,1665,27
38440,1666,10
38440,1667,4
38440,1670,3
38440,1672,75
38440,1673,62
38440,1674,17
38440,1675,50
38440,1676,144
38440,1677,20
38440,1678,58
38440,1689,35
38440,1690,89
38440,1691,88
38440,1692,370.5
38440,1693,73
38440,1696,22
38440,1697,164.5
38440,1698,40
38440,1699,214
38440,1700,21
38440,1701,9
38440,1702,273
38440,1703,313.5
38440,1704,251.5
38440,1705,656
38440,1706,102.5
38440,1707,438
38440,1708,386
38440,1709,186.5
38440,1710,450
38440,1711,4
38440,1712,5
38440,1713,27.5
38440,1714,693.5
38440,1715,53.5
38440,1716,423
38440,1717,55
38440,1718,10
38440,1719,149
38440,1720,322
38440,1721,351.5
38440,1722,11
38440,1724,44
38440,1729,2
38440,1730,44
38440,1731,134
38440,1732,80
38440,1738,53
38440,1739,31.5
38440,1742,91
38440,1743,102
38440,1744,131
38440,1745,262
38440,1746,77
38440,1747,86
38440,1748,78.5
38440,1749,345
38440,1750,27.5
38440,1754,182.5
38440,1755,295.5
38440,1756,46.5
38440,1761,5
38440,1769,1
38440,1770,385
38440,1771,35
38440,1772,133
38441,1654,11
38441,1663,22
38441,1664,15
38441,1665,55.5
38441,1666,4
38441,1668,113.5
38441,1669,2
38441,1670,1
38441,1672,61
38441,1673,52
38441,1674,107
38441,1675,51
38441,1676,46
38441,1677,67
38441,1678,3
38441,1689,20
38441,1690,181.5
38441,1691,113.5
38441,1692,461
38441,1693,53
38441,1695,17
38441,1696,15
38441,1697,169.5
38441,1698,259.5
38441,1699,612.5
38441,1700,39
38441,1701,1174.5
38441,1702,414
38441,1703,495.5
38441,1704,540.5
38441,1705,195
38441,1706,39
38441,1707,389
38441,1708,180
38441,1709,262
38441,1710,608.5
38441,1711,432.5
38441,1712,106
38441,1713,498
38441,1714,289
38441,1715,101
38441,1716,152
38441,1717,784.5
38441,1718,3
38441,1719,48
38441,1720,334
38441,1721,208.5
38441,1724,51.5
38441,1730,20
38441,1731,93
38441,1732,23
38441,1733,25
38441,1734,7.5
38441,1735,3
38441,1736,1.5
38441,1737,4
38441,1738,27
38441,1739,7
38441,1742,154
38441,1743,185.5
38441,1744,164.5
38441,1745,291
38441,1746,172
38441,1747,26
38441,1748,324
38441,1749,524.5
38441,1750,468
38441,1752,1
38441,1754,20
38441,1755,139.5
38441,1756,66
38441,1757,3
38441,1770,88.5
38441,1771,38
38441,1772,13
38442,1655,12
38442,1656,22
38442,1657,3
38442,1663,18
38442,1664,20.5
38442,1665,10.5
38442,1666,3
38442,1667,3
38442,1668,10
38442,1669,6
38442,1670,12
38442,1672,34
38442,1673,59
38442,1674,671
38442,1675,103
38442,1676,62
38442,1677,63
38442,1678,65.5
38442,1679,3
38442,1683,182
38442,1689,85.5
38442,1690,129.5
38442,1691,288
38442,1692,133.5
38442,1693,30
38442,1694,19
38442,1695,24
38442,1697,159
38442,1698,243.5
38442,1699,291
38442,1700,526
38442,1701,403
38442,1702,167
38442,1703,158.5
38442,1704,600.5
38442,1706,1
38442,1707,65
38442,1708,540.5
38442,1709,491.5
38442,1710,423.5
38442,1711,648.5
38442,1712,273
38442,1713,101
38442,1714,672
38442,1715,349
38442,1716,431.5
38442,1717,102
38442,1719,18
38442,1720,46
38442,1721,5
38442,1724,4
38442,1733,36
38442,1734,70
38442,1735,34.5
38442,1736,49
38442,1737,62
38442,1738,6
38442,1742,158
38442,1743,287
38442,1744,246
38442,1745,241.5
38442,1746,386
38442,1747,7
38442,1748,261
38442,1749,476.5
38442,1750,728.5
38442,1753,74
38442,1754,41
38442,1755,5
38442,1756,114
38442,1757,62.5
38442,1770,1
38443,1662,4
38443,1663,3
38443,1664,101
38443,1666,3
38443,1667,19
38443,1668,2
38443,1669,40
38443,1670,73
38443,1671,16
38443,1672,85
38443,1673,48.5
38443,1674,47
38443,1675,16
38443,1676,45.5
38443,1677,48
38443,1678,74
38443,1679,47
38443,1680,50
38443,1682,11
38443,1683,17
38443,1684,13.5
38443,1688,9
38443,1689,126
38443,1690,241.5
38443,1691,200
38443,1692,185
38443,1693,119
38443,1694,212.5
38443,1695,102.5
38443,1696,3
38443,1697,84.5
38443,1698,306.5
38443,1699,242.5
38443,1700,479
38443,1701,174.5
38443,1702,131.5
38443,1703,443.5
38443,1704,421
38443,1706,98
38443,1707,641
38443,1708,284.5
38443,1709,713.5
38443,1710,226.5
38443,1711,420
38443,1712,587.5
38443,1713,671.5
38443,1714,223.5
38443,1715,198
38443,1716,507
38443,1717,5
38443,1724,5
38443,1735,27
38443,1736,90
38443,1737,22
38443,1742,130.5
38443,1743,84
38443,1744,9
38443,1745,2
38443,1746,31.5
38443,1747,41
38443,1748,71
38443,1749,86
38443,1750,8
38443,1752,87.5
38443,1753,182
38443,1754,123
38443,1755,553
38443,1756,181
38443,1757,82
38444,1662,14
38444,1663,16
38444,1667,5
38444,1668,2
38444,1669,3
38444,1671,56
38444,1672,36
38444,1673,60
38444,1674,7
38444,1675,67
38444,1676,76
38444,1677,116
38444,1678,97.5
38444,1679,92.5
38444,1680,58.5
38444,1682,26.5
38444,1683,11
38444,1684,4
38444,1688,15
38444,1689,4
38444,1690,168
38444,1691,319.5
38444,1692,361.5
38444,1693,578.5
38444,1694,511.5
38444,1695,103.5
38444,1696,30.5
38444,1697,385.5
38444,1698,425
38444,1699,637
38444,1700,566
38444,1701,96.5
38444,1702,146.5
38444,1706,726.5
38444,1707,544.5
38444,1708,650
38444,1709,352
38444,1710,771.5
38444,1711,376
38444,1712,291
38444,1713,415.5
38444,1714,148
38444,1715,603
38444,1719,2
38444,1724,50.5
38444,1725,5
38444,1735,2
38444,1736,15
38444,1737,19
38444,1738,25
38444,1747,79
38444,1748,70
38444,1753,205.5
38444,1754,156.5
38444,1755,110
38444,1756,68
38444,1757,105
38444,1758,4
38445,1667,2
38445,1668,41.5
38445,1671,125.5
38445,1672,75
38445,1673,97.5
38445,1674,42
38445,1675,163
38445,1676,118
38445,1677,80.5
38445,1678,98
38445,1679,226.5
38445,1680,5
38445,1681,25
38445,1682,84
38445,1683,36
38445,1684,99
38445,1688,3
38445,1690,5
38445,1691,114
38445,1692,378
38445,1693,445.5
38445,1694,430
38445,1695,399
38445,1696,82
38445,1697,465.5
38445,1698,863.5
38445,1699,7
38445,1700,209.5
38445,1701,516.5
38445,1706,310.5
38445,1707,16
38445,1708,378.5
38445,1709,180
38445,1710,463
38445,1711,388.5
38445,1712,433
38445,1713,671
38445,1714,830
38445,1719,1
38445,1724,52.5
38445,1725,16
38446,1667,3
38446,1668,1
38446,1671,37
38446,1672,238
38446,1673,103.5
38446,1674,72
38446,1675,79.5
38446,1676,29
38446,1677,70
38446,1678,74
38446,1679,129
38446,1680,82.5
38446,1681,45
38446,1682,105
38446,1683,52
38446,1684,81
38446,1685,19
38446,1689,6
38446,1690,6
38446,1691,273.5
38446,1692,192
38446,1693,195.5
38446,1694,277.5
38446,1695,317.5
38446,1696,489.5
38446,1697,619.5
38446,1698,555.5
38446,1699,385.5
38446,1700,247
38446,1701,6
38446,1704,12
38446,1706,331.5
38446,1707,244.5
38446,1708,267.5
38446,1709,406.5
38446,1710,390
38446,1711,328
38446,1712,424
38446,1713,16
38446,1714,335.5
38446,1715,7
38446,1716,20
38446,1717,5
38447,1671,22
38447,1672,91
38447,1673,244
38447,1674,129
38447,1675,65.5
38447,1676,59
38447,1677,34
38447,1678,140
38447,1679,107.5
38447,1680,194
38447,1681,155
38447,1682,107.5
38447,1683,64
38447,1684,55
38447,1685,20
38447,1690,63.5
38447,1691,134
38447,1692,280.5
38447,1693,27
38447,1694,108.5
38447,1695,275.5
38447,1696,718
38447,1697,581.5
38447,1698,393
38447,1699,532.5
38447,1700,948.5
38447,1702,275
38447,1703,102
38447,1704,35.5
38447,1706,157
38447,1707,12
38447,1708,154
38447,1709,856
38447,1710,309.5
38447,1711,416
38447,1712,216
38447,1713,3
38447,1716,3
38447,1718,11.5
38448,1672,75
38448,1673,114.5
38448,1674,104
38448,1675,40
38448,1677,5
38448,1678,44.5
38448,1679,182.5
38448,1680,103.5
38448,1681,84
38448,1682,77
38448,1683,27
38448,1684,11
38448,1685,14
38448,1689,190
38448,1690,2
38448,1691,87.5
38448,1692,425.5
38448,1693,141
38448,1694,102
38448,1695,199
38448,1696,348.5
38448,1697,511
38448,1698,262
38448,1699,712.5
38448,1700,424
38448,1701,518
38448,1702,453.5
38448,1703,841
38448,1704,277
38448,1705,155
38448,1706,80.5
38448,1707,132.5
38448,1708,74
38448,1709,142.5
38448,1710,445
38448,1711,7
38448,1712,57
38449,1667,11
38449,1672,112
38449,1673,3
38449,1674,26
38449,1679,49.5
38449,1680,22
38449,1681,80
38449,1682,47.5
38449,1683,47.5
38449,1684,3
38449,1685,11
38449,1689,23
38449,1690,17
38449,1691,286.5
38449,1692,185
38449,1693,212
38449,1694,135
38449,1695,100
38449,1696,26
38449,1697,303
38449,1698,337.5
38449,1699,502.5
38449,1700,761
38449,1701,732.5
38449,1702,16
38449,1704,10
38450,1672,7
38450,1678,2
38450,1679,5.5
38450,1680,29
38450,1681,43
38450,1682,23
38450,1683,69.5
38450,1684,48
38450,1685,3
38450,1689,534
38450,1690,293
38450,1691,79
38450,1692,338
38450,1693,22
38450,1694,213
38450,1695,192.5
38450,1696,278.5
38450,1697,368.5
38450,1698,394.5
38450,1699,897.5
38450,1700,64
38450,1701,12.5
38451,1672,9
38451,1679,52.5
38451,1680,49
38451,1681,67
38451,1682,15
38451,1683,64
38451,1684,86
38451,1688,188
38451,1689,152
38451,1690,455
38451,1691,186.5
38451,1692,142.5
38451,1693,100.5
38451,1694,113.5
38451,1695,300
38451,1696,362
38451,1697,230
38451,1698,686.5
38451,1699,191.5
38452,1678,45
38452,1679,98
38452,1680,77
38452,1681,54
38452,1682,22
38452,1683,17
38452,1684,23
38452,1689,46
38452,1690,308.5
38452,1691,508.5
38452,1692,429.5
38452,1693,122
38452,1694,301
38452,1695,285.5
38452,1696,519
38452,1697,23
38452,1698,31.5
38453,1678,12
38453,1679,58
38453,1680,25
38453,1681,40
38453,1682,14
38453,1683,4
38453,1689,10.5
38453,1690,130.5
38453,1691,121
38453,1692,54
38453,1693,127
38453,1694,342
38453,1695,262
38453,1696,634
38454,1691,17
38454,1692,56
38454,1693,265
38454,1694,242.5
38454,1695,262.5
38454,1696,10
38455,1692,5
38455,1693,156
38455,1694,293.5
